"Bacteria","scenario","climate_zone","year","resistance_rate_pct","lower_95ci_pct","upper_95ci_pct","n_draws","n_climate_models","Scenario_Label"
"3GCR-Ec","ssp126","Polar Zone",2020,5.3619276571949,5.14962318954167,5.52486186735633,1000,4,"SSP1-2.6"
"3GCR-Ec","ssp126","Polar Zone",2021,5.40331643043622,5.19548414240161,5.66082588121417,1000,4,"SSP1-2.6"
"3GCR-Ec","ssp126","Polar Zone",2022,5.47769664896341,5.19922141739925,5.99003498568894,1000,4,"SSP1-2.6"
"3GCR-Ec","ssp126","Polar Zone",2023,6.09850762244025,5.77517967240588,6.4311480520949,1000,4,"SSP1-2.6"
"3GCR-Ec","ssp126","Polar Zone",2024,6.56572803547748,5.92019236633121,7.12327630225589,1000,4,"SSP1-2.6"
"3GCR-Ec","ssp126","Polar Zone",2025,6.90307385270614,6.01941086656517,7.60396548439621,1000,4,"SSP1-2.6"
"3GCR-Ec","ssp126","Polar Zone",2026,7.18318370320133,6.05088117280109,7.99100169950283,1000,4,"SSP1-2.6"
"3GCR-Ec","ssp126","Polar Zone",2027,7.37691069604842,6.08456042527387,8.27514919591874,1000,4,"SSP1-2.6"
"3GCR-Ec","ssp126","Polar Zone",2028,7.52182908430857,6.11868977436054,8.47285069214782,1000,4,"SSP1-2.6"
"3GCR-Ec","ssp126","Polar Zone",2029,7.64039787853536,6.19160667133385,8.61551322167896,1000,4,"SSP1-2.6"
"3GCR-Ec","ssp126","Polar Zone",2030,7.7368245727644,6.21370402176294,8.74205224208515,1000,4,"SSP1-2.6"
"3GCR-Ec","ssp126","Polar Zone",2031,7.8009767478136,6.21264730390773,8.85685873807777,1000,4,"SSP1-2.6"
"3GCR-Ec","ssp126","Polar Zone",2032,7.83902800536851,6.25778672696484,8.90402621995887,1000,4,"SSP1-2.6"
"3GCR-Ec","ssp126","Polar Zone",2033,7.87970395232408,6.25380035088327,8.95098590147287,1000,4,"SSP1-2.6"
"3GCR-Ec","ssp126","Polar Zone",2034,7.90032654620902,6.2442752039111,8.97050571506139,1000,4,"SSP1-2.6"
"3GCR-Ec","ssp126","Polar Zone",2035,7.91413783696056,6.24635120031692,8.98956851571047,1000,4,"SSP1-2.6"
"3GCR-Ec","ssp126","Polar Zone",2036,7.92582716759227,6.20364361482424,9.02051435684815,1000,4,"SSP1-2.6"
"3GCR-Ec","ssp126","Polar Zone",2037,7.94708161150775,6.22289746734751,9.03465249816658,1000,4,"SSP1-2.6"
"3GCR-Ec","ssp126","Polar Zone",2038,7.97586108972891,6.18969222052422,9.10267993182972,1000,4,"SSP1-2.6"
"3GCR-Ec","ssp126","Polar Zone",2039,7.99261929082498,6.20529346696846,9.11307442476825,1000,4,"SSP1-2.6"
"3GCR-Ec","ssp126","Polar Zone",2040,7.99840445286938,6.18962760522249,9.12027806704875,1000,4,"SSP1-2.6"
"3GCR-Ec","ssp126","Polar Zone",2041,8.00101958495359,6.18746723742853,9.11350582977009,1000,4,"SSP1-2.6"
"3GCR-Ec","ssp126","Polar Zone",2042,8.00743393389648,6.16069739482347,9.14814824289289,1000,4,"SSP1-2.6"
"3GCR-Ec","ssp126","Polar Zone",2043,7.98310316895276,6.19363894197387,9.16406474035966,1000,4,"SSP1-2.6"
"3GCR-Ec","ssp126","Polar Zone",2044,7.98923309800131,6.2090145962186,9.16263738957831,1000,4,"SSP1-2.6"
"3GCR-Ec","ssp126","Polar Zone",2045,7.98741195537684,6.19163931808501,9.16412309687973,1000,4,"SSP1-2.6"
"3GCR-Ec","ssp126","Polar Zone",2046,8.00282971418462,6.20253994111967,9.18406710082494,1000,4,"SSP1-2.6"
"3GCR-Ec","ssp126","Polar Zone",2047,8.02927397375872,6.251093241699,9.20281023483832,1000,4,"SSP1-2.6"
"3GCR-Ec","ssp126","Polar Zone",2048,8.04178637619182,6.25280840835695,9.20022041065299,1000,4,"SSP1-2.6"
"3GCR-Ec","ssp126","Polar Zone",2049,8.03370222706909,6.22833064137282,9.24467259674065,1000,4,"SSP1-2.6"
"3GCR-Ec","ssp126","Polar Zone",2050,8.01952352845479,6.23128299252905,9.2488173715761,1000,4,"SSP1-2.6"
"3GCR-Ec","ssp126","Polar Zone",2051,8.03192845640874,6.21416886422296,9.2505553451496,1000,4,"SSP1-2.6"
"3GCR-Ec","ssp126","Polar Zone",2052,8.02839106356462,6.25115624431411,9.26886190824612,1000,4,"SSP1-2.6"
"3GCR-Ec","ssp126","Polar Zone",2053,8.05183420154448,6.27117317476646,9.25599369842974,1000,4,"SSP1-2.6"
"3GCR-Ec","ssp126","Polar Zone",2054,8.06647371705573,6.28542035163869,9.28213240353302,1000,4,"SSP1-2.6"
"3GCR-Ec","ssp126","Polar Zone",2055,8.0785551011874,6.3038094136324,9.33322615054179,1000,4,"SSP1-2.6"
"3GCR-Ec","ssp126","Polar Zone",2056,8.09169750379832,6.29152760068974,9.32009292791921,1000,4,"SSP1-2.6"
"3GCR-Ec","ssp126","Polar Zone",2057,8.10178980733858,6.2945257383088,9.33948241103368,1000,4,"SSP1-2.6"
"3GCR-Ec","ssp126","Polar Zone",2058,8.09594703796081,6.25347643691809,9.29172382035184,1000,4,"SSP1-2.6"
"3GCR-Ec","ssp126","Polar Zone",2059,8.07020102679396,6.24475592204899,9.23529857093721,1000,4,"SSP1-2.6"
"3GCR-Ec","ssp126","Polar Zone",2060,8.07779921622587,6.23333110794989,9.23779877898975,1000,4,"SSP1-2.6"
"3GCR-Ec","ssp126","Polar Zone",2061,8.0734319257211,6.23440951659545,9.25711835113685,1000,4,"SSP1-2.6"
"3GCR-Ec","ssp126","Polar Zone",2062,8.06712926300185,6.22280604520925,9.21357849699134,1000,4,"SSP1-2.6"
"3GCR-Ec","ssp126","Polar Zone",2063,8.07051514015898,6.21571563315935,9.23988842151401,1000,4,"SSP1-2.6"
"3GCR-Ec","ssp126","Polar Zone",2064,8.07243809615595,6.22696484959452,9.25870899439153,1000,4,"SSP1-2.6"
"3GCR-Ec","ssp126","Polar Zone",2065,8.06693542964743,6.23128643915881,9.22966307979224,1000,4,"SSP1-2.6"
"3GCR-Ec","ssp126","Polar Zone",2066,8.04183699271244,6.22707643792806,9.20505313363627,1000,4,"SSP1-2.6"
"3GCR-Ec","ssp126","Polar Zone",2067,8.02813667282776,6.17390748545432,9.1977924482013,1000,4,"SSP1-2.6"
"3GCR-Ec","ssp126","Polar Zone",2068,8.00833879968893,6.22726000695555,9.17885776415132,1000,4,"SSP1-2.6"
"3GCR-Ec","ssp126","Polar Zone",2069,8.01919745834197,6.25254257294038,9.18767227671233,1000,4,"SSP1-2.6"
"3GCR-Ec","ssp126","Polar Zone",2070,8.03415604947113,6.25007264628564,9.16826426558537,1000,4,"SSP1-2.6"
"3GCR-Ec","ssp126","Polar Zone",2071,8.03168854902924,6.26222708133315,9.17985307014635,1000,4,"SSP1-2.6"
"3GCR-Ec","ssp126","Polar Zone",2072,8.02984851304809,6.26888484771428,9.17233975825645,1000,4,"SSP1-2.6"
"3GCR-Ec","ssp126","Polar Zone",2073,8.02673427239123,6.25974516257465,9.20291599671909,1000,4,"SSP1-2.6"
"3GCR-Ec","ssp126","Polar Zone",2074,8.02232595665321,6.25849402750886,9.20940113811649,1000,4,"SSP1-2.6"
"3GCR-Ec","ssp126","Polar Zone",2075,8.0401279200751,6.23945913346642,9.24093268878637,1000,4,"SSP1-2.6"
"3GCR-Ec","ssp126","Polar Zone",2076,8.02424882913959,6.22428679647382,9.21822425644242,1000,4,"SSP1-2.6"
"3GCR-Ec","ssp126","Polar Zone",2077,7.99361959923855,6.18777658676297,9.16530220133887,1000,4,"SSP1-2.6"
"3GCR-Ec","ssp126","Polar Zone",2078,7.97855138329248,6.16387557182092,9.16602132244892,1000,4,"SSP1-2.6"
"3GCR-Ec","ssp126","Polar Zone",2079,7.97190716824621,6.1525831730544,9.15593306269566,1000,4,"SSP1-2.6"
"3GCR-Ec","ssp126","Polar Zone",2080,7.97158458653547,6.18239477510804,9.17728458185097,1000,4,"SSP1-2.6"
"3GCR-Ec","ssp126","Polar Zone",2081,7.97628643640505,6.16516646021608,9.18084292558498,1000,4,"SSP1-2.6"
"3GCR-Ec","ssp126","Polar Zone",2082,7.97671521185015,6.17924063823196,9.18997298615379,1000,4,"SSP1-2.6"
"3GCR-Ec","ssp126","Polar Zone",2083,7.99041118753188,6.1882949130022,9.24642027911299,1000,4,"SSP1-2.6"
"3GCR-Ec","ssp126","Polar Zone",2084,8.00104011989609,6.16909289902475,9.28300044640046,1000,4,"SSP1-2.6"
"3GCR-Ec","ssp126","Polar Zone",2085,8.00160993925031,6.16265781394534,9.31049869848834,1000,4,"SSP1-2.6"
"3GCR-Ec","ssp126","Polar Zone",2086,8.00352428153435,6.17555774215136,9.26432054775882,1000,4,"SSP1-2.6"
"3GCR-Ec","ssp126","Polar Zone",2087,8.01057500858385,6.16586788282389,9.23197990095625,1000,4,"SSP1-2.6"
"3GCR-Ec","ssp126","Polar Zone",2088,7.99956782428889,6.17037191594833,9.23140166120838,1000,4,"SSP1-2.6"
"3GCR-Ec","ssp126","Polar Zone",2089,7.99887953053495,6.17084179286455,9.28278059669762,1000,4,"SSP1-2.6"
"3GCR-Ec","ssp126","Polar Zone",2090,7.9936554602343,6.17065277651918,9.23658936041555,1000,4,"SSP1-2.6"
"3GCR-Ec","ssp126","Polar Zone",2091,7.99682819291019,6.16567847374673,9.21494821101254,1000,4,"SSP1-2.6"
"3GCR-Ec","ssp126","Polar Zone",2092,7.98868636489115,6.18426153876761,9.23294665654049,1000,4,"SSP1-2.6"
"3GCR-Ec","ssp126","Polar Zone",2093,7.99941435925775,6.20027489041289,9.25766419368417,1000,4,"SSP1-2.6"
"3GCR-Ec","ssp126","Polar Zone",2094,8.00412350063435,6.2052182847315,9.25550465904192,1000,4,"SSP1-2.6"
"3GCR-Ec","ssp126","Polar Zone",2095,7.99533580281905,6.21932661402864,9.18808235760561,1000,4,"SSP1-2.6"
"3GCR-Ec","ssp126","Polar Zone",2096,8.00477706474348,6.16551585601704,9.20676789171209,1000,4,"SSP1-2.6"
"3GCR-Ec","ssp126","Polar Zone",2097,7.97982447945345,6.18945611985959,9.17301525161781,1000,4,"SSP1-2.6"
"3GCR-Ec","ssp126","Polar Zone",2098,7.98845327840149,6.17363730157292,9.16685844520312,1000,4,"SSP1-2.6"
"3GCR-Ec","ssp126","Polar Zone",2099,7.98426984110398,6.19987690253675,9.19178176323554,1000,4,"SSP1-2.6"
"3GCR-Ec","ssp126","Polar Zone",2100,7.98630141456399,6.19465883701596,9.17254792470289,1000,4,"SSP1-2.6"
"3GCR-Ec","ssp245","Polar Zone",2020,5.44812331216058,5.21533660653348,5.70719835261366,1000,4,"SSP2-4.5"
"3GCR-Ec","ssp245","Polar Zone",2021,5.46587732695489,5.25481670049567,5.68570796794247,1000,4,"SSP2-4.5"
"3GCR-Ec","ssp245","Polar Zone",2022,5.51935440553313,5.24520822881409,5.9644322161912,1000,4,"SSP2-4.5"
"3GCR-Ec","ssp245","Polar Zone",2023,6.19171814813801,5.76172689897205,6.60470175874453,1000,4,"SSP2-4.5"
"3GCR-Ec","ssp245","Polar Zone",2024,6.71185711086872,5.93663856403712,7.33618442977316,1000,4,"SSP2-4.5"
"3GCR-Ec","ssp245","Polar Zone",2025,7.09839614462285,6.01073578089572,7.89649182019709,1000,4,"SSP2-4.5"
"3GCR-Ec","ssp245","Polar Zone",2026,7.35801836677371,6.06608725106559,8.31139584207205,1000,4,"SSP2-4.5"
"3GCR-Ec","ssp245","Polar Zone",2027,7.53855735653645,6.07596236906342,8.54575926535961,1000,4,"SSP2-4.5"
"3GCR-Ec","ssp245","Polar Zone",2028,7.66083796561929,6.11496059466048,8.75504536440441,1000,4,"SSP2-4.5"
"3GCR-Ec","ssp245","Polar Zone",2029,7.76982319560935,6.13087281488526,8.9164006516625,1000,4,"SSP2-4.5"
"3GCR-Ec","ssp245","Polar Zone",2030,7.86066563914448,6.17136011117169,9.02646660741809,1000,4,"SSP2-4.5"
"3GCR-Ec","ssp245","Polar Zone",2031,7.9297637649557,6.23441066949452,9.11432019284935,1000,4,"SSP2-4.5"
"3GCR-Ec","ssp245","Polar Zone",2032,7.97266936207391,6.22509653636804,9.19081796660045,1000,4,"SSP2-4.5"
"3GCR-Ec","ssp245","Polar Zone",2033,7.9975269981195,6.21682041100301,9.22353242594616,1000,4,"SSP2-4.5"
"3GCR-Ec","ssp245","Polar Zone",2034,7.99994450091897,6.20801787753204,9.22015206646921,1000,4,"SSP2-4.5"
"3GCR-Ec","ssp245","Polar Zone",2035,8.03127058840688,6.24123491380748,9.28362288580165,1000,4,"SSP2-4.5"
"3GCR-Ec","ssp245","Polar Zone",2036,8.06471458531298,6.24946442920026,9.28315375642116,1000,4,"SSP2-4.5"
"3GCR-Ec","ssp245","Polar Zone",2037,8.0787058222126,6.26284051740533,9.30627737661366,1000,4,"SSP2-4.5"
"3GCR-Ec","ssp245","Polar Zone",2038,8.096620526696,6.25353186866441,9.32673952296594,1000,4,"SSP2-4.5"
"3GCR-Ec","ssp245","Polar Zone",2039,8.10335750158691,6.28051240097687,9.33565521874739,1000,4,"SSP2-4.5"
"3GCR-Ec","ssp245","Polar Zone",2040,8.11603420151101,6.28772448679772,9.34626996219414,1000,4,"SSP2-4.5"
"3GCR-Ec","ssp245","Polar Zone",2041,8.11609199760405,6.26917826635388,9.33563248580188,1000,4,"SSP2-4.5"
"3GCR-Ec","ssp245","Polar Zone",2042,8.12087058795949,6.27987140989138,9.2968779285735,1000,4,"SSP2-4.5"
"3GCR-Ec","ssp245","Polar Zone",2043,8.13652385543866,6.29968071590608,9.32642571818076,1000,4,"SSP2-4.5"
"3GCR-Ec","ssp245","Polar Zone",2044,8.15166597133214,6.29998407314211,9.35970804328993,1000,4,"SSP2-4.5"
"3GCR-Ec","ssp245","Polar Zone",2045,8.16155697202426,6.31615604128775,9.38053694217225,1000,4,"SSP2-4.5"
"3GCR-Ec","ssp245","Polar Zone",2046,8.1733973488751,6.30947261149207,9.41932848265933,1000,4,"SSP2-4.5"
"3GCR-Ec","ssp245","Polar Zone",2047,8.17905848613331,6.28938602788685,9.41336338276177,1000,4,"SSP2-4.5"
"3GCR-Ec","ssp245","Polar Zone",2048,8.18343236485125,6.30445280467366,9.43888439657035,1000,4,"SSP2-4.5"
"3GCR-Ec","ssp245","Polar Zone",2049,8.19441189890974,6.29018875536912,9.43137039606586,1000,4,"SSP2-4.5"
"3GCR-Ec","ssp245","Polar Zone",2050,8.18971999639091,6.2514625938559,9.41118903553254,1000,4,"SSP2-4.5"
"3GCR-Ec","ssp245","Polar Zone",2051,8.18979181797775,6.27860446079033,9.41997897709079,1000,4,"SSP2-4.5"
"3GCR-Ec","ssp245","Polar Zone",2052,8.22667812775368,6.31369917949438,9.45209151218343,1000,4,"SSP2-4.5"
"3GCR-Ec","ssp245","Polar Zone",2053,8.24909202798288,6.33818236013807,9.51956426398149,1000,4,"SSP2-4.5"
"3GCR-Ec","ssp245","Polar Zone",2054,8.26608747337223,6.37985944253247,9.53473742526822,1000,4,"SSP2-4.5"
"3GCR-Ec","ssp245","Polar Zone",2055,8.28973844011944,6.38076342354547,9.53566765637387,1000,4,"SSP2-4.5"
"3GCR-Ec","ssp245","Polar Zone",2056,8.30519761653556,6.36020436213201,9.54737208130831,1000,4,"SSP2-4.5"
"3GCR-Ec","ssp245","Polar Zone",2057,8.30890533538564,6.40338925016418,9.55720503472863,1000,4,"SSP2-4.5"
"3GCR-Ec","ssp245","Polar Zone",2058,8.32241825461498,6.44950125030686,9.59718112967768,1000,4,"SSP2-4.5"
"3GCR-Ec","ssp245","Polar Zone",2059,8.32965407649473,6.46973806655003,9.59935638385614,1000,4,"SSP2-4.5"
"3GCR-Ec","ssp245","Polar Zone",2060,8.32046964216696,6.43788106478964,9.60272300283513,1000,4,"SSP2-4.5"
"3GCR-Ec","ssp245","Polar Zone",2061,8.29775518718638,6.3828146787504,9.5621033130086,1000,4,"SSP2-4.5"
"3GCR-Ec","ssp245","Polar Zone",2062,8.29417474646535,6.39964491057719,9.59450243181106,1000,4,"SSP2-4.5"
"3GCR-Ec","ssp245","Polar Zone",2063,8.2988078161035,6.43548729319803,9.59281622910589,1000,4,"SSP2-4.5"
"3GCR-Ec","ssp245","Polar Zone",2064,8.30716181843,6.45689650119952,9.55066595215396,1000,4,"SSP2-4.5"
"3GCR-Ec","ssp245","Polar Zone",2065,8.30044670426302,6.43283746070792,9.5839301652703,1000,4,"SSP2-4.5"
"3GCR-Ec","ssp245","Polar Zone",2066,8.31667275919053,6.37835599268041,9.61057408281293,1000,4,"SSP2-4.5"
"3GCR-Ec","ssp245","Polar Zone",2067,8.32813985834254,6.39495752024673,9.63010672093962,1000,4,"SSP2-4.5"
"3GCR-Ec","ssp245","Polar Zone",2068,8.34186667658017,6.44517379544981,9.65453798305817,1000,4,"SSP2-4.5"
"3GCR-Ec","ssp245","Polar Zone",2069,8.34704760922771,6.38418954774999,9.62580112763371,1000,4,"SSP2-4.5"
"3GCR-Ec","ssp245","Polar Zone",2070,8.33309675509553,6.38537867880601,9.58592222517126,1000,4,"SSP2-4.5"
"3GCR-Ec","ssp245","Polar Zone",2071,8.35531967020092,6.37985981450831,9.59789441778646,1000,4,"SSP2-4.5"
"3GCR-Ec","ssp245","Polar Zone",2072,8.35233854411009,6.40756905509219,9.62108921266747,1000,4,"SSP2-4.5"
"3GCR-Ec","ssp245","Polar Zone",2073,8.35795615147106,6.35969932760443,9.6451500762087,1000,4,"SSP2-4.5"
"3GCR-Ec","ssp245","Polar Zone",2074,8.35816945138522,6.39607744571699,9.62262281968576,1000,4,"SSP2-4.5"
"3GCR-Ec","ssp245","Polar Zone",2075,8.37073325777249,6.41729291507509,9.65645636531089,1000,4,"SSP2-4.5"
"3GCR-Ec","ssp245","Polar Zone",2076,8.341382826801,6.43268075463777,9.60943703469248,1000,4,"SSP2-4.5"
"3GCR-Ec","ssp245","Polar Zone",2077,8.33680721985222,6.44773971003214,9.62653719413052,1000,4,"SSP2-4.5"
"3GCR-Ec","ssp245","Polar Zone",2078,8.33328474752947,6.36476134919668,9.66117510639003,1000,4,"SSP2-4.5"
"3GCR-Ec","ssp245","Polar Zone",2079,8.31060896306048,6.32029181185511,9.64402087261425,1000,4,"SSP2-4.5"
"3GCR-Ec","ssp245","Polar Zone",2080,8.29803835951441,6.3417288266241,9.59139307439293,1000,4,"SSP2-4.5"
"3GCR-Ec","ssp245","Polar Zone",2081,8.29264189328347,6.33327127103808,9.62845657335193,1000,4,"SSP2-4.5"
"3GCR-Ec","ssp245","Polar Zone",2082,8.30543140773699,6.3945521052862,9.63843136854942,1000,4,"SSP2-4.5"
"3GCR-Ec","ssp245","Polar Zone",2083,8.33152573061995,6.43729588801739,9.65405962256922,1000,4,"SSP2-4.5"
"3GCR-Ec","ssp245","Polar Zone",2084,8.32424286567265,6.33986423240317,9.58807271774467,1000,4,"SSP2-4.5"
"3GCR-Ec","ssp245","Polar Zone",2085,8.31241293192705,6.37848427952293,9.57777732434203,1000,4,"SSP2-4.5"
"3GCR-Ec","ssp245","Polar Zone",2086,8.30139361566036,6.36442106458538,9.53941631566747,1000,4,"SSP2-4.5"
"3GCR-Ec","ssp245","Polar Zone",2087,8.32065427099137,6.35529910754367,9.57895217675225,1000,4,"SSP2-4.5"
"3GCR-Ec","ssp245","Polar Zone",2088,8.31327606531826,6.35541757364177,9.61416513379702,1000,4,"SSP2-4.5"
"3GCR-Ec","ssp245","Polar Zone",2089,8.31381856130348,6.36356098608371,9.5960230061142,1000,4,"SSP2-4.5"
"3GCR-Ec","ssp245","Polar Zone",2090,8.31278219754747,6.37070746878093,9.63606153441487,1000,4,"SSP2-4.5"
"3GCR-Ec","ssp245","Polar Zone",2091,8.32853781838696,6.40209699213245,9.64902797320825,1000,4,"SSP2-4.5"
"3GCR-Ec","ssp245","Polar Zone",2092,8.34022532672019,6.41604431497586,9.62223132513989,1000,4,"SSP2-4.5"
"3GCR-Ec","ssp245","Polar Zone",2093,8.35431850236785,6.41715458163145,9.64535599943958,1000,4,"SSP2-4.5"
"3GCR-Ec","ssp245","Polar Zone",2094,8.34344250745845,6.37962803590049,9.64227477976718,1000,4,"SSP2-4.5"
"3GCR-Ec","ssp245","Polar Zone",2095,8.32328672877278,6.35670409550489,9.56335135126055,1000,4,"SSP2-4.5"
"3GCR-Ec","ssp245","Polar Zone",2096,8.29742476471467,6.31452530663933,9.55411081127712,1000,4,"SSP2-4.5"
"3GCR-Ec","ssp245","Polar Zone",2097,8.29544413908702,6.3095431441867,9.5631611081362,1000,4,"SSP2-4.5"
"3GCR-Ec","ssp245","Polar Zone",2098,8.29340046054927,6.29443433840287,9.63897870151925,1000,4,"SSP2-4.5"
"3GCR-Ec","ssp245","Polar Zone",2099,8.31512977894834,6.36803740717515,9.65306132542872,1000,4,"SSP2-4.5"
"3GCR-Ec","ssp245","Polar Zone",2100,8.32550333312126,6.37359797963993,9.63107118326686,1000,4,"SSP2-4.5"
"3GCR-Ec","ssp370","Polar Zone",2020,5.37062830949103,5.11318002524221,5.52943084929973,1000,4,"SSP3-7.0"
"3GCR-Ec","ssp370","Polar Zone",2021,5.41510085003157,5.17381066930964,5.67373247789201,1000,4,"SSP3-7.0"
"3GCR-Ec","ssp370","Polar Zone",2022,5.49562617903027,5.16141757792184,6.03777427070268,1000,4,"SSP3-7.0"
"3GCR-Ec","ssp370","Polar Zone",2023,6.23657971808635,5.79523123902581,6.72181359205802,1000,4,"SSP3-7.0"
"3GCR-Ec","ssp370","Polar Zone",2024,6.74741343779032,5.92979457738408,7.45457316591202,1000,4,"SSP3-7.0"
"3GCR-Ec","ssp370","Polar Zone",2025,7.08310650194748,5.98485743867712,7.969615443342,1000,4,"SSP3-7.0"
"3GCR-Ec","ssp370","Polar Zone",2026,7.34359662548673,6.01751822922706,8.29943625010307,1000,4,"SSP3-7.0"
"3GCR-Ec","ssp370","Polar Zone",2027,7.53398609782493,6.08407956110061,8.58323870773874,1000,4,"SSP3-7.0"
"3GCR-Ec","ssp370","Polar Zone",2028,7.67766692591872,6.11689490377573,8.79099829791403,1000,4,"SSP3-7.0"
"3GCR-Ec","ssp370","Polar Zone",2029,7.77423880654021,6.15670050131654,8.9431052012256,1000,4,"SSP3-7.0"
"3GCR-Ec","ssp370","Polar Zone",2030,7.85479184205421,6.17520399936028,8.99238082037825,1000,4,"SSP3-7.0"
"3GCR-Ec","ssp370","Polar Zone",2031,7.93739144982349,6.25234001700685,9.10975209274567,1000,4,"SSP3-7.0"
"3GCR-Ec","ssp370","Polar Zone",2032,8.00952988762855,6.24878047099799,9.19077003882438,1000,4,"SSP3-7.0"
"3GCR-Ec","ssp370","Polar Zone",2033,8.05268718457206,6.29477627645003,9.2477438473885,1000,4,"SSP3-7.0"
"3GCR-Ec","ssp370","Polar Zone",2034,8.0899772548528,6.28559101618993,9.32428807505405,1000,4,"SSP3-7.0"
"3GCR-Ec","ssp370","Polar Zone",2035,8.08466268441728,6.2607589334591,9.30047695485175,1000,4,"SSP3-7.0"
"3GCR-Ec","ssp370","Polar Zone",2036,8.07687441298201,6.24807667673639,9.3085989829101,1000,4,"SSP3-7.0"
"3GCR-Ec","ssp370","Polar Zone",2037,8.1200306144357,6.2624264725972,9.37880763382454,1000,4,"SSP3-7.0"
"3GCR-Ec","ssp370","Polar Zone",2038,8.17309107117363,6.30397648115141,9.45709762908567,1000,4,"SSP3-7.0"
"3GCR-Ec","ssp370","Polar Zone",2039,8.18682606218891,6.27032597719278,9.50591660547943,1000,4,"SSP3-7.0"
"3GCR-Ec","ssp370","Polar Zone",2040,8.16949137819848,6.29767872849858,9.52731065455098,1000,4,"SSP3-7.0"
"3GCR-Ec","ssp370","Polar Zone",2041,8.16210588860509,6.32667474395498,9.48280166498905,1000,4,"SSP3-7.0"
"3GCR-Ec","ssp370","Polar Zone",2042,8.18694207594723,6.29675992978179,9.51010774067683,1000,4,"SSP3-7.0"
"3GCR-Ec","ssp370","Polar Zone",2043,8.19698899428254,6.30361039554675,9.52821201059716,1000,4,"SSP3-7.0"
"3GCR-Ec","ssp370","Polar Zone",2044,8.21435239416869,6.32098160331134,9.54582877503683,1000,4,"SSP3-7.0"
"3GCR-Ec","ssp370","Polar Zone",2045,8.21224137987566,6.29945609208863,9.51455395403943,1000,4,"SSP3-7.0"
"3GCR-Ec","ssp370","Polar Zone",2046,8.20052625426962,6.3083139558511,9.48225904864831,1000,4,"SSP3-7.0"
"3GCR-Ec","ssp370","Polar Zone",2047,8.22247382590482,6.33097743009211,9.49200375658724,1000,4,"SSP3-7.0"
"3GCR-Ec","ssp370","Polar Zone",2048,8.24286470486748,6.32970032889422,9.55970817894626,1000,4,"SSP3-7.0"
"3GCR-Ec","ssp370","Polar Zone",2049,8.23147617833372,6.3398482850548,9.51901433796046,1000,4,"SSP3-7.0"
"3GCR-Ec","ssp370","Polar Zone",2050,8.24575080334222,6.3648765802656,9.56761099246538,1000,4,"SSP3-7.0"
"3GCR-Ec","ssp370","Polar Zone",2051,8.25110167546421,6.38406731343775,9.57403891820084,1000,4,"SSP3-7.0"
"3GCR-Ec","ssp370","Polar Zone",2052,8.27027429114085,6.38207655638459,9.60181436816688,1000,4,"SSP3-7.0"
"3GCR-Ec","ssp370","Polar Zone",2053,8.28556783872927,6.34627750245694,9.6590341860205,1000,4,"SSP3-7.0"
"3GCR-Ec","ssp370","Polar Zone",2054,8.30185898138681,6.36345187510641,9.6850551808842,1000,4,"SSP3-7.0"
"3GCR-Ec","ssp370","Polar Zone",2055,8.30892143162278,6.30464698361814,9.6789656575252,1000,4,"SSP3-7.0"
"3GCR-Ec","ssp370","Polar Zone",2056,8.32525095423906,6.32019345002689,9.67289809912007,1000,4,"SSP3-7.0"
"3GCR-Ec","ssp370","Polar Zone",2057,8.34160954260529,6.33882214244191,9.68315153104717,1000,4,"SSP3-7.0"
"3GCR-Ec","ssp370","Polar Zone",2058,8.33274003400379,6.29211728340808,9.66389657773015,1000,4,"SSP3-7.0"
"3GCR-Ec","ssp370","Polar Zone",2059,8.30369626688649,6.2595238778209,9.67330057921725,1000,4,"SSP3-7.0"
"3GCR-Ec","ssp370","Polar Zone",2060,8.28565665385775,6.26433839195501,9.67299535339342,1000,4,"SSP3-7.0"
"3GCR-Ec","ssp370","Polar Zone",2061,8.31525340981591,6.31591652386147,9.62803683650672,1000,4,"SSP3-7.0"
"3GCR-Ec","ssp370","Polar Zone",2062,8.33511945644732,6.3067174161074,9.66272912910996,1000,4,"SSP3-7.0"
"3GCR-Ec","ssp370","Polar Zone",2063,8.3329529990949,6.21121554312601,9.66128180174916,1000,4,"SSP3-7.0"
"3GCR-Ec","ssp370","Polar Zone",2064,8.32894753958155,6.28133173844921,9.70358728505804,1000,4,"SSP3-7.0"
"3GCR-Ec","ssp370","Polar Zone",2065,8.34963596084684,6.36278484539559,9.72892579499656,1000,4,"SSP3-7.0"
"3GCR-Ec","ssp370","Polar Zone",2066,8.36297391899124,6.34154090583591,9.775511493405,1000,4,"SSP3-7.0"
"3GCR-Ec","ssp370","Polar Zone",2067,8.36828661958845,6.37853843524767,9.77705373031109,1000,4,"SSP3-7.0"
"3GCR-Ec","ssp370","Polar Zone",2068,8.34966760838729,6.39328463718965,9.71221586949343,1000,4,"SSP3-7.0"
"3GCR-Ec","ssp370","Polar Zone",2069,8.34949101683694,6.3932915788584,9.74136883656236,1000,4,"SSP3-7.0"
"3GCR-Ec","ssp370","Polar Zone",2070,8.36105165646569,6.3796802287472,9.80041204849158,1000,4,"SSP3-7.0"
"3GCR-Ec","ssp370","Polar Zone",2071,8.35524749445981,6.33868981939655,9.82462390006005,1000,4,"SSP3-7.0"
"3GCR-Ec","ssp370","Polar Zone",2072,8.34136728107597,6.29409253138273,9.772375341834,1000,4,"SSP3-7.0"
"3GCR-Ec","ssp370","Polar Zone",2073,8.34447884695286,6.31876488458359,9.76134975620275,1000,4,"SSP3-7.0"
"3GCR-Ec","ssp370","Polar Zone",2074,8.31859110962471,6.30561220793359,9.71038997613782,1000,4,"SSP3-7.0"
"3GCR-Ec","ssp370","Polar Zone",2075,8.31320776889295,6.30310836121877,9.72028243936641,1000,4,"SSP3-7.0"
"3GCR-Ec","ssp370","Polar Zone",2076,8.29138792552202,6.26210200987704,9.66886959770723,1000,4,"SSP3-7.0"
"3GCR-Ec","ssp370","Polar Zone",2077,8.2910587466891,6.31235315060592,9.65948507750248,1000,4,"SSP3-7.0"
"3GCR-Ec","ssp370","Polar Zone",2078,8.28259302451981,6.31095457763831,9.63002949188754,1000,4,"SSP3-7.0"
"3GCR-Ec","ssp370","Polar Zone",2079,8.28447307197272,6.27683411045,9.66187006862065,1000,4,"SSP3-7.0"
"3GCR-Ec","ssp370","Polar Zone",2080,8.28418650702728,6.29331697462321,9.65568145340657,1000,4,"SSP3-7.0"
"3GCR-Ec","ssp370","Polar Zone",2081,8.29567212469136,6.26524065357323,9.65962298749058,1000,4,"SSP3-7.0"
"3GCR-Ec","ssp370","Polar Zone",2082,8.27605240785222,6.22479977230447,9.61590105620286,1000,4,"SSP3-7.0"
"3GCR-Ec","ssp370","Polar Zone",2083,8.28131882970359,6.21055835362588,9.5922131203229,1000,4,"SSP3-7.0"
"3GCR-Ec","ssp370","Polar Zone",2084,8.26912471361719,6.26156023083042,9.58213885983167,1000,4,"SSP3-7.0"
"3GCR-Ec","ssp370","Polar Zone",2085,8.27130215692849,6.27390765935952,9.64037583516817,1000,4,"SSP3-7.0"
"3GCR-Ec","ssp370","Polar Zone",2086,8.27543911379538,6.30383852450519,9.62894680866791,1000,4,"SSP3-7.0"
"3GCR-Ec","ssp370","Polar Zone",2087,8.29929707417093,6.29741380099802,9.64840114759417,1000,4,"SSP3-7.0"
"3GCR-Ec","ssp370","Polar Zone",2088,8.31247086326308,6.28572872171999,9.59796279430088,1000,4,"SSP3-7.0"
"3GCR-Ec","ssp370","Polar Zone",2089,8.31334341321464,6.29144874089102,9.66598711428387,1000,4,"SSP3-7.0"
"3GCR-Ec","ssp370","Polar Zone",2090,8.3134239122448,6.26564080575745,9.76494476646304,1000,4,"SSP3-7.0"
"3GCR-Ec","ssp370","Polar Zone",2091,8.30853843568036,6.25500271365212,9.69504811023968,1000,4,"SSP3-7.0"
"3GCR-Ec","ssp370","Polar Zone",2092,8.2768496747815,6.23560801821785,9.67020891336974,1000,4,"SSP3-7.0"
"3GCR-Ec","ssp370","Polar Zone",2093,8.26506445895883,6.22457926594055,9.617088874197,1000,4,"SSP3-7.0"
"3GCR-Ec","ssp370","Polar Zone",2094,8.26493306985594,6.23213978217127,9.62800029506285,1000,4,"SSP3-7.0"
"3GCR-Ec","ssp370","Polar Zone",2095,8.27238186968768,6.2356812426735,9.68780898432589,1000,4,"SSP3-7.0"
"3GCR-Ec","ssp370","Polar Zone",2096,8.29149373277289,6.22639515223791,9.70429628376491,1000,4,"SSP3-7.0"
"3GCR-Ec","ssp370","Polar Zone",2097,8.3014401208323,6.20264594055735,9.67453694574647,1000,4,"SSP3-7.0"
"3GCR-Ec","ssp370","Polar Zone",2098,8.30428833411973,6.18175603929358,9.7204436124899,1000,4,"SSP3-7.0"
"3GCR-Ec","ssp370","Polar Zone",2099,8.29355064127023,6.21413961872634,9.71731287425076,1000,4,"SSP3-7.0"
"3GCR-Ec","ssp370","Polar Zone",2100,8.29242227002435,6.14653473397065,9.72972401119343,1000,4,"SSP3-7.0"
"3GCR-Ec","ssp585","Polar Zone",2020,5.36714099150303,5.10745388814555,5.60224462093939,1000,4,"SSP5-8.5"
"3GCR-Ec","ssp585","Polar Zone",2021,5.41358327966431,5.13963068609126,5.75324803142418,1000,4,"SSP5-8.5"
"3GCR-Ec","ssp585","Polar Zone",2022,5.49584277621337,5.11211591092794,6.15148901312521,1000,4,"SSP5-8.5"
"3GCR-Ec","ssp585","Polar Zone",2023,6.28394554977852,5.75070151054123,6.7948661078349,1000,4,"SSP5-8.5"
"3GCR-Ec","ssp585","Polar Zone",2024,6.81384502356836,5.93080862454702,7.58454775678954,1000,4,"SSP5-8.5"
"3GCR-Ec","ssp585","Polar Zone",2025,7.17137024133278,5.97585229272406,8.11073626654526,1000,4,"SSP5-8.5"
"3GCR-Ec","ssp585","Polar Zone",2026,7.43766350805059,6.03521819577902,8.48313096546991,1000,4,"SSP5-8.5"
"3GCR-Ec","ssp585","Polar Zone",2027,7.65001853457076,6.04047065558047,8.80909572419307,1000,4,"SSP5-8.5"
"3GCR-Ec","ssp585","Polar Zone",2028,7.76618924221527,6.05440146789969,8.95155826555979,1000,4,"SSP5-8.5"
"3GCR-Ec","ssp585","Polar Zone",2029,7.84935951878754,6.08337144737363,9.08415972419017,1000,4,"SSP5-8.5"
"3GCR-Ec","ssp585","Polar Zone",2030,7.90615736352522,6.13404019357554,9.15104211116735,1000,4,"SSP5-8.5"
"3GCR-Ec","ssp585","Polar Zone",2031,7.94998356292803,6.15603246772503,9.19027533718397,1000,4,"SSP5-8.5"
"3GCR-Ec","ssp585","Polar Zone",2032,7.98743012062528,6.17530646215838,9.2335611679783,1000,4,"SSP5-8.5"
"3GCR-Ec","ssp585","Polar Zone",2033,8.04652730953382,6.24128453184171,9.29539335538596,1000,4,"SSP5-8.5"
"3GCR-Ec","ssp585","Polar Zone",2034,8.11316827675852,6.37147383574444,9.43347234606841,1000,4,"SSP5-8.5"
"3GCR-Ec","ssp585","Polar Zone",2035,8.16769689686252,6.36966374086438,9.47645768787326,1000,4,"SSP5-8.5"
"3GCR-Ec","ssp585","Polar Zone",2036,8.19819965960734,6.37530631492205,9.53650598325076,1000,4,"SSP5-8.5"
"3GCR-Ec","ssp585","Polar Zone",2037,8.18779655638748,6.34460836166256,9.48859226070611,1000,4,"SSP5-8.5"
"3GCR-Ec","ssp585","Polar Zone",2038,8.19758139571577,6.36686049054112,9.52754113334072,1000,4,"SSP5-8.5"
"3GCR-Ec","ssp585","Polar Zone",2039,8.22205332885428,6.35001126772229,9.53511576811702,1000,4,"SSP5-8.5"
"3GCR-Ec","ssp585","Polar Zone",2040,8.22027859770109,6.27623029429449,9.48377189256552,1000,4,"SSP5-8.5"
"3GCR-Ec","ssp585","Polar Zone",2041,8.20446437968211,6.24319852836541,9.49854671444491,1000,4,"SSP5-8.5"
"3GCR-Ec","ssp585","Polar Zone",2042,8.1988548677266,6.30337235676101,9.50126262472293,1000,4,"SSP5-8.5"
"3GCR-Ec","ssp585","Polar Zone",2043,8.23557608794007,6.35383979085514,9.56174387181966,1000,4,"SSP5-8.5"
"3GCR-Ec","ssp585","Polar Zone",2044,8.25821223989537,6.37369428385486,9.63201569377661,1000,4,"SSP5-8.5"
"3GCR-Ec","ssp585","Polar Zone",2045,8.27275047334378,6.34407184347647,9.65784726601531,1000,4,"SSP5-8.5"
"3GCR-Ec","ssp585","Polar Zone",2046,8.28559245009196,6.35554107521886,9.72558617437719,1000,4,"SSP5-8.5"
"3GCR-Ec","ssp585","Polar Zone",2047,8.29134359985025,6.3684772098348,9.72877777766345,1000,4,"SSP5-8.5"
"3GCR-Ec","ssp585","Polar Zone",2048,8.31371033731224,6.400755273279,9.69958069709149,1000,4,"SSP5-8.5"
"3GCR-Ec","ssp585","Polar Zone",2049,8.3392279343536,6.37213313718273,9.77044131009377,1000,4,"SSP5-8.5"
"3GCR-Ec","ssp585","Polar Zone",2050,8.34183026350279,6.30359288825274,9.76353933926897,1000,4,"SSP5-8.5"
"3GCR-Ec","ssp585","Polar Zone",2051,8.33813112050876,6.3208194826425,9.75569466230555,1000,4,"SSP5-8.5"
"3GCR-Ec","ssp585","Polar Zone",2052,8.32927728007644,6.36350078451583,9.81367255535127,1000,4,"SSP5-8.5"
"3GCR-Ec","ssp585","Polar Zone",2053,8.34380977177576,6.3375198359535,9.90193787554791,1000,4,"SSP5-8.5"
"3GCR-Ec","ssp585","Polar Zone",2054,8.34292452634485,6.37617212206037,9.85373334263918,1000,4,"SSP5-8.5"
"3GCR-Ec","ssp585","Polar Zone",2055,8.33836860090027,6.26243880544699,9.76333923799072,1000,4,"SSP5-8.5"
"3GCR-Ec","ssp585","Polar Zone",2056,8.327693047484,6.29551537511061,9.80251213834971,1000,4,"SSP5-8.5"
"3GCR-Ec","ssp585","Polar Zone",2057,8.33125414123634,6.24022034127637,9.80766073145414,1000,4,"SSP5-8.5"
"3GCR-Ec","ssp585","Polar Zone",2058,8.3482696156624,6.31107619803042,9.80770411975671,1000,4,"SSP5-8.5"
"3GCR-Ec","ssp585","Polar Zone",2059,8.36668113235244,6.26889945946783,9.83452025533129,1000,4,"SSP5-8.5"
"3GCR-Ec","ssp585","Polar Zone",2060,8.37442338120811,6.32292226157068,9.85545547698382,1000,4,"SSP5-8.5"
"3GCR-Ec","ssp585","Polar Zone",2061,8.40539095883641,6.32781531335994,9.92949921371718,1000,4,"SSP5-8.5"
"3GCR-Ec","ssp585","Polar Zone",2062,8.3989806631918,6.36901674522614,9.89546461875952,1000,4,"SSP5-8.5"
"3GCR-Ec","ssp585","Polar Zone",2063,8.40047121159306,6.34796602034446,9.87575248394726,1000,4,"SSP5-8.5"
"3GCR-Ec","ssp585","Polar Zone",2064,8.4093752251848,6.40930510608661,9.87084824805571,1000,4,"SSP5-8.5"
"3GCR-Ec","ssp585","Polar Zone",2065,8.41927167826012,6.39413125354282,9.92077550599746,1000,4,"SSP5-8.5"
"3GCR-Ec","ssp585","Polar Zone",2066,8.40710193780496,6.42940693629193,9.85743761359905,1000,4,"SSP5-8.5"
"3GCR-Ec","ssp585","Polar Zone",2067,8.45281425204898,6.45249897757153,9.87063983195282,1000,4,"SSP5-8.5"
"3GCR-Ec","ssp585","Polar Zone",2068,8.46167692147345,6.43320614700078,9.91207728963913,1000,4,"SSP5-8.5"
"3GCR-Ec","ssp585","Polar Zone",2069,8.44930473890131,6.43562792008665,9.91602256968071,1000,4,"SSP5-8.5"
"3GCR-Ec","ssp585","Polar Zone",2070,8.46145957183956,6.40334254666492,9.92712051515913,1000,4,"SSP5-8.5"
"3GCR-Ec","ssp585","Polar Zone",2071,8.46758986098647,6.33962590801422,9.9457358971069,1000,4,"SSP5-8.5"
"3GCR-Ec","ssp585","Polar Zone",2072,8.45316574783686,6.32603160396575,9.97378482781136,1000,4,"SSP5-8.5"
"3GCR-Ec","ssp585","Polar Zone",2073,8.42378808349416,6.32352020760901,9.95145933755175,1000,4,"SSP5-8.5"
"3GCR-Ec","ssp585","Polar Zone",2074,8.4075546868938,6.29206250748164,9.97136717429202,1000,4,"SSP5-8.5"
"3GCR-Ec","ssp585","Polar Zone",2075,8.41586103207134,6.37416993451949,9.97217430161355,1000,4,"SSP5-8.5"
"3GCR-Ec","ssp585","Polar Zone",2076,8.42553213395808,6.40537774409287,9.88717422438782,1000,4,"SSP5-8.5"
"3GCR-Ec","ssp585","Polar Zone",2077,8.45232696819774,6.44114971684021,9.93276068975078,1000,4,"SSP5-8.5"
"3GCR-Ec","ssp585","Polar Zone",2078,8.47596226695463,6.42849601960848,9.97443824624116,1000,4,"SSP5-8.5"
"3GCR-Ec","ssp585","Polar Zone",2079,8.47653257560215,6.38727190956558,9.98323625548982,1000,4,"SSP5-8.5"
"3GCR-Ec","ssp585","Polar Zone",2080,8.46652581693444,6.40525383400837,9.94823971043991,1000,4,"SSP5-8.5"
"3GCR-Ec","ssp585","Polar Zone",2081,8.47797947707837,6.49048311758304,9.9395838244642,1000,4,"SSP5-8.5"
"3GCR-Ec","ssp585","Polar Zone",2082,8.50099865396657,6.45113077864011,9.90455269544094,1000,4,"SSP5-8.5"
"3GCR-Ec","ssp585","Polar Zone",2083,8.5058081651273,6.46442313747505,9.92884614606623,1000,4,"SSP5-8.5"
"3GCR-Ec","ssp585","Polar Zone",2084,8.50465143802503,6.4029861210449,9.99057526725398,1000,4,"SSP5-8.5"
"3GCR-Ec","ssp585","Polar Zone",2085,8.47245222947699,6.38311833712274,9.97902189119077,1000,4,"SSP5-8.5"
"3GCR-Ec","ssp585","Polar Zone",2086,8.45755098575259,6.36261018343262,10.0000965472837,1000,4,"SSP5-8.5"
"3GCR-Ec","ssp585","Polar Zone",2087,8.43473153486196,6.26116814469308,9.96038033863721,1000,4,"SSP5-8.5"
"3GCR-Ec","ssp585","Polar Zone",2088,8.40096238647424,6.28240871220788,9.93608825340636,1000,4,"SSP5-8.5"
"3GCR-Ec","ssp585","Polar Zone",2089,8.39877039684276,6.23673305172121,9.96337780707457,1000,4,"SSP5-8.5"
"3GCR-Ec","ssp585","Polar Zone",2090,8.38221563948061,6.20880128647692,9.94274491526697,1000,4,"SSP5-8.5"
"3GCR-Ec","ssp585","Polar Zone",2091,8.35839960574246,6.22018267104072,9.93738912116893,1000,4,"SSP5-8.5"
"3GCR-Ec","ssp585","Polar Zone",2092,8.35110283187296,6.26080851152103,9.86349615007953,1000,4,"SSP5-8.5"
"3GCR-Ec","ssp585","Polar Zone",2093,8.34613100635344,6.26859674358677,9.83778296441623,1000,4,"SSP5-8.5"
"3GCR-Ec","ssp585","Polar Zone",2094,8.34530699573045,6.29845518547765,9.92503696511008,1000,4,"SSP5-8.5"
"3GCR-Ec","ssp585","Polar Zone",2095,8.36566229679832,6.30034954976783,9.92682156068295,1000,4,"SSP5-8.5"
"3GCR-Ec","ssp585","Polar Zone",2096,8.37451159746072,6.24476380187148,9.96990862000699,1000,4,"SSP5-8.5"
"3GCR-Ec","ssp585","Polar Zone",2097,8.38463191404356,6.25102353143855,9.93913799882018,1000,4,"SSP5-8.5"
"3GCR-Ec","ssp585","Polar Zone",2098,8.40832256557179,6.27333589217868,9.97645354920439,1000,4,"SSP5-8.5"
"3GCR-Ec","ssp585","Polar Zone",2099,8.4089955046329,6.21456492974535,9.92776145304857,1000,4,"SSP5-8.5"
"3GCR-Ec","ssp585","Polar Zone",2100,8.38978475760054,6.21531481382096,9.89630830018569,1000,4,"SSP5-8.5"
"3GCR-Kp","ssp126","Polar Zone",2020,4.97729447746501,4.96369628044084,4.9902979786322,1000,4,"SSP1-2.6"
"3GCR-Kp","ssp126","Polar Zone",2021,5.30891444205803,5.29281275654005,5.32452191822641,1000,4,"SSP1-2.6"
"3GCR-Kp","ssp126","Polar Zone",2022,5.48479942864739,5.40150834233622,5.55363937020512,1000,4,"SSP1-2.6"
"3GCR-Kp","ssp126","Polar Zone",2023,5.73850933578463,5.58249708728126,5.87640143598547,1000,4,"SSP1-2.6"
"3GCR-Kp","ssp126","Polar Zone",2024,5.94680140723125,5.73747327965934,6.13244223704566,1000,4,"SSP1-2.6"
"3GCR-Kp","ssp126","Polar Zone",2025,6.08786123421871,5.84858015477195,6.30181569678964,1000,4,"SSP1-2.6"
"3GCR-Kp","ssp126","Polar Zone",2026,6.20937414187976,5.94412460574996,6.44731931162796,1000,4,"SSP1-2.6"
"3GCR-Kp","ssp126","Polar Zone",2027,6.30094618150262,6.00878132219945,6.54768127801895,1000,4,"SSP1-2.6"
"3GCR-Kp","ssp126","Polar Zone",2028,6.37309027048751,6.07387278589665,6.63343760747893,1000,4,"SSP1-2.6"
"3GCR-Kp","ssp126","Polar Zone",2029,6.4280551014358,6.12622900924511,6.71037181753169,1000,4,"SSP1-2.6"
"3GCR-Kp","ssp126","Polar Zone",2030,6.47573122070118,6.16983045345455,6.76702989368625,1000,4,"SSP1-2.6"
"3GCR-Kp","ssp126","Polar Zone",2031,6.52004780109278,6.18727336218102,6.81174942724295,1000,4,"SSP1-2.6"
"3GCR-Kp","ssp126","Polar Zone",2032,6.54496486529436,6.21285414182652,6.84155112924859,1000,4,"SSP1-2.6"
"3GCR-Kp","ssp126","Polar Zone",2033,6.56704340458546,6.23599650269619,6.87096731340723,1000,4,"SSP1-2.6"
"3GCR-Kp","ssp126","Polar Zone",2034,6.59280579334663,6.26070918934351,6.90170176591511,1000,4,"SSP1-2.6"
"3GCR-Kp","ssp126","Polar Zone",2035,6.6168498729924,6.29061343931577,6.92667154417727,1000,4,"SSP1-2.6"
"3GCR-Kp","ssp126","Polar Zone",2036,6.63565199562156,6.31790758248558,6.95536941851109,1000,4,"SSP1-2.6"
"3GCR-Kp","ssp126","Polar Zone",2037,6.64580973370883,6.33521057448336,6.96967394518961,1000,4,"SSP1-2.6"
"3GCR-Kp","ssp126","Polar Zone",2038,6.65924484012933,6.34204160279252,6.97519534260451,1000,4,"SSP1-2.6"
"3GCR-Kp","ssp126","Polar Zone",2039,6.67020549106241,6.34534497977643,6.98279733303754,1000,4,"SSP1-2.6"
"3GCR-Kp","ssp126","Polar Zone",2040,6.68333577647637,6.34790175168843,6.99159019736519,1000,4,"SSP1-2.6"
"3GCR-Kp","ssp126","Polar Zone",2041,6.68891229464224,6.33351882285111,7.0075975785178,1000,4,"SSP1-2.6"
"3GCR-Kp","ssp126","Polar Zone",2042,6.71843521184248,6.36973774683247,7.03337125224011,1000,4,"SSP1-2.6"
"3GCR-Kp","ssp126","Polar Zone",2043,6.72923355947679,6.3799001875231,7.04474873633167,1000,4,"SSP1-2.6"
"3GCR-Kp","ssp126","Polar Zone",2044,6.7453934096925,6.42031531328106,7.06587636351594,1000,4,"SSP1-2.6"
"3GCR-Kp","ssp126","Polar Zone",2045,6.76177443424603,6.4240579055608,7.08753173054605,1000,4,"SSP1-2.6"
"3GCR-Kp","ssp126","Polar Zone",2046,6.76374347709443,6.41595628098583,7.09636350626985,1000,4,"SSP1-2.6"
"3GCR-Kp","ssp126","Polar Zone",2047,6.76739367262225,6.40950177023597,7.11670103725573,1000,4,"SSP1-2.6"
"3GCR-Kp","ssp126","Polar Zone",2048,6.7888210914358,6.40742618448223,7.17249516702949,1000,4,"SSP1-2.6"
"3GCR-Kp","ssp126","Polar Zone",2049,6.8158735967427,6.41194861597543,7.21256692009414,1000,4,"SSP1-2.6"
"3GCR-Kp","ssp126","Polar Zone",2050,6.8178882377409,6.41936680955921,7.21297290553659,1000,4,"SSP1-2.6"
"3GCR-Kp","ssp126","Polar Zone",2051,6.83765525464759,6.44884157270745,7.22635168451579,1000,4,"SSP1-2.6"
"3GCR-Kp","ssp126","Polar Zone",2052,6.83937584753306,6.4627793496943,7.22161633370921,1000,4,"SSP1-2.6"
"3GCR-Kp","ssp126","Polar Zone",2053,6.84495671469452,6.45408521489335,7.20193394768597,1000,4,"SSP1-2.6"
"3GCR-Kp","ssp126","Polar Zone",2054,6.85431917153331,6.4683691780977,7.20205125817613,1000,4,"SSP1-2.6"
"3GCR-Kp","ssp126","Polar Zone",2055,6.85719640071425,6.48095948787935,7.19221549886343,1000,4,"SSP1-2.6"
"3GCR-Kp","ssp126","Polar Zone",2056,6.86469577637204,6.47352568723274,7.2028355765855,1000,4,"SSP1-2.6"
"3GCR-Kp","ssp126","Polar Zone",2057,6.87952148803139,6.49914866779096,7.20373468283505,1000,4,"SSP1-2.6"
"3GCR-Kp","ssp126","Polar Zone",2058,6.91011676683959,6.54558419262439,7.25162774140277,1000,4,"SSP1-2.6"
"3GCR-Kp","ssp126","Polar Zone",2059,6.92221085151999,6.5397558084612,7.28351290117536,1000,4,"SSP1-2.6"
"3GCR-Kp","ssp126","Polar Zone",2060,6.93380674031987,6.53983784100145,7.29490074006166,1000,4,"SSP1-2.6"
"3GCR-Kp","ssp126","Polar Zone",2061,6.94455281774279,6.55170203587942,7.29663317800208,1000,4,"SSP1-2.6"
"3GCR-Kp","ssp126","Polar Zone",2062,6.94962802528994,6.54881325342439,7.31901902084496,1000,4,"SSP1-2.6"
"3GCR-Kp","ssp126","Polar Zone",2063,6.94883210493737,6.55209835818229,7.3177681025069,1000,4,"SSP1-2.6"
"3GCR-Kp","ssp126","Polar Zone",2064,6.94072616432089,6.54347782861747,7.30026985200514,1000,4,"SSP1-2.6"
"3GCR-Kp","ssp126","Polar Zone",2065,6.94596085136202,6.575886663809,7.27844961644684,1000,4,"SSP1-2.6"
"3GCR-Kp","ssp126","Polar Zone",2066,6.94668662960072,6.58283183157263,7.27855320651753,1000,4,"SSP1-2.6"
"3GCR-Kp","ssp126","Polar Zone",2067,6.95673874852295,6.58063219882412,7.30075874922006,1000,4,"SSP1-2.6"
"3GCR-Kp","ssp126","Polar Zone",2068,6.94273057244908,6.55717269192168,7.27302482815139,1000,4,"SSP1-2.6"
"3GCR-Kp","ssp126","Polar Zone",2069,6.93110567057182,6.5323473151599,7.2775085764147,1000,4,"SSP1-2.6"
"3GCR-Kp","ssp126","Polar Zone",2070,6.92722173264746,6.53003336081819,7.26783340401184,1000,4,"SSP1-2.6"
"3GCR-Kp","ssp126","Polar Zone",2071,6.92681873327931,6.54305021260618,7.28837909324279,1000,4,"SSP1-2.6"
"3GCR-Kp","ssp126","Polar Zone",2072,6.92070579884663,6.52845774167308,7.29759907576505,1000,4,"SSP1-2.6"
"3GCR-Kp","ssp126","Polar Zone",2073,6.9215288173412,6.53664111389214,7.30274648659273,1000,4,"SSP1-2.6"
"3GCR-Kp","ssp126","Polar Zone",2074,6.90988150856292,6.53433042969029,7.26781387358432,1000,4,"SSP1-2.6"
"3GCR-Kp","ssp126","Polar Zone",2075,6.91394555536719,6.52361806624644,7.30825712697922,1000,4,"SSP1-2.6"
"3GCR-Kp","ssp126","Polar Zone",2076,6.9232720559649,6.53111945943898,7.33826789662615,1000,4,"SSP1-2.6"
"3GCR-Kp","ssp126","Polar Zone",2077,6.92788872318797,6.53572566158443,7.36847773218379,1000,4,"SSP1-2.6"
"3GCR-Kp","ssp126","Polar Zone",2078,6.92251234833669,6.53584034304176,7.35436872385763,1000,4,"SSP1-2.6"
"3GCR-Kp","ssp126","Polar Zone",2079,6.91637284256084,6.5165116358545,7.35922979880922,1000,4,"SSP1-2.6"
"3GCR-Kp","ssp126","Polar Zone",2080,6.90533814217056,6.50421936017892,7.33968494309568,1000,4,"SSP1-2.6"
"3GCR-Kp","ssp126","Polar Zone",2081,6.90274002703365,6.5138884670552,7.33699473942648,1000,4,"SSP1-2.6"
"3GCR-Kp","ssp126","Polar Zone",2082,6.89324828739848,6.49315415549232,7.33816128318901,1000,4,"SSP1-2.6"
"3GCR-Kp","ssp126","Polar Zone",2083,6.87886246539534,6.48753198549551,7.30752067869851,1000,4,"SSP1-2.6"
"3GCR-Kp","ssp126","Polar Zone",2084,6.87510513415687,6.49493206290113,7.30714019849078,1000,4,"SSP1-2.6"
"3GCR-Kp","ssp126","Polar Zone",2085,6.86652267297261,6.49033403495199,7.30382387319796,1000,4,"SSP1-2.6"
"3GCR-Kp","ssp126","Polar Zone",2086,6.85316942350329,6.47915638074928,7.27225275591738,1000,4,"SSP1-2.6"
"3GCR-Kp","ssp126","Polar Zone",2087,6.84997967584144,6.48201190846916,7.23718150051567,1000,4,"SSP1-2.6"
"3GCR-Kp","ssp126","Polar Zone",2088,6.84418731362215,6.47402809383034,7.21770487548785,1000,4,"SSP1-2.6"
"3GCR-Kp","ssp126","Polar Zone",2089,6.84675877802812,6.48178331625869,7.24374415618543,1000,4,"SSP1-2.6"
"3GCR-Kp","ssp126","Polar Zone",2090,6.8354070493127,6.46222340253032,7.2149172827775,1000,4,"SSP1-2.6"
"3GCR-Kp","ssp126","Polar Zone",2091,6.83299609176225,6.44269528538535,7.21791271276703,1000,4,"SSP1-2.6"
"3GCR-Kp","ssp126","Polar Zone",2092,6.81607925449462,6.42951239560743,7.1889523430148,1000,4,"SSP1-2.6"
"3GCR-Kp","ssp126","Polar Zone",2093,6.80401553373643,6.40878697574344,7.1833369367094,1000,4,"SSP1-2.6"
"3GCR-Kp","ssp126","Polar Zone",2094,6.8063872712882,6.41173355618128,7.19496821816011,1000,4,"SSP1-2.6"
"3GCR-Kp","ssp126","Polar Zone",2095,6.78692379384607,6.38729079797025,7.1770241197287,1000,4,"SSP1-2.6"
"3GCR-Kp","ssp126","Polar Zone",2096,6.79740040018295,6.38579669133888,7.19579013475911,1000,4,"SSP1-2.6"
"3GCR-Kp","ssp126","Polar Zone",2097,6.78192227523961,6.36793715430986,7.19897630457414,1000,4,"SSP1-2.6"
"3GCR-Kp","ssp126","Polar Zone",2098,6.77762847532242,6.38240421179295,7.18930912019978,1000,4,"SSP1-2.6"
"3GCR-Kp","ssp126","Polar Zone",2099,6.77326496249966,6.37670742700038,7.18961336577957,1000,4,"SSP1-2.6"
"3GCR-Kp","ssp126","Polar Zone",2100,6.77383657166571,6.36470113163975,7.24774013254098,1000,4,"SSP1-2.6"
"3GCR-Kp","ssp245","Polar Zone",2020,4.98116346816826,4.96627827814668,4.99639937432895,1000,4,"SSP2-4.5"
"3GCR-Kp","ssp245","Polar Zone",2021,5.35382441086012,5.33238506191742,5.37453630911514,1000,4,"SSP2-4.5"
"3GCR-Kp","ssp245","Polar Zone",2022,5.54873084881851,5.45573713247518,5.63394384334416,1000,4,"SSP2-4.5"
"3GCR-Kp","ssp245","Polar Zone",2023,5.80574221718531,5.65318819231672,5.97048838159567,1000,4,"SSP2-4.5"
"3GCR-Kp","ssp245","Polar Zone",2024,5.99401022621724,5.78653635973902,6.22178187976691,1000,4,"SSP2-4.5"
"3GCR-Kp","ssp245","Polar Zone",2025,6.14982522552546,5.88495833507579,6.41758041100233,1000,4,"SSP2-4.5"
"3GCR-Kp","ssp245","Polar Zone",2026,6.26888597481334,5.98703813749037,6.55814180044839,1000,4,"SSP2-4.5"
"3GCR-Kp","ssp245","Polar Zone",2027,6.36871529736448,6.08372580670081,6.6624549949545,1000,4,"SSP2-4.5"
"3GCR-Kp","ssp245","Polar Zone",2028,6.43584049572506,6.15263601825565,6.73465963909916,1000,4,"SSP2-4.5"
"3GCR-Kp","ssp245","Polar Zone",2029,6.48951237659446,6.20557690565347,6.80398743702055,1000,4,"SSP2-4.5"
"3GCR-Kp","ssp245","Polar Zone",2030,6.53233763958933,6.2332786576639,6.85351022876436,1000,4,"SSP2-4.5"
"3GCR-Kp","ssp245","Polar Zone",2031,6.57299406254131,6.26387081791124,6.87903713893652,1000,4,"SSP2-4.5"
"3GCR-Kp","ssp245","Polar Zone",2032,6.60789691185426,6.29463158833173,6.90985167618491,1000,4,"SSP2-4.5"
"3GCR-Kp","ssp245","Polar Zone",2033,6.65080466700717,6.32983570698163,6.95620777245291,1000,4,"SSP2-4.5"
"3GCR-Kp","ssp245","Polar Zone",2034,6.67977992002461,6.35256572057172,7.00419021312713,1000,4,"SSP2-4.5"
"3GCR-Kp","ssp245","Polar Zone",2035,6.69424283863133,6.36355311730539,7.02820257866875,1000,4,"SSP2-4.5"
"3GCR-Kp","ssp245","Polar Zone",2036,6.71468484639272,6.38054259182138,7.04183481227128,1000,4,"SSP2-4.5"
"3GCR-Kp","ssp245","Polar Zone",2037,6.72899155061666,6.40070877905101,7.06862248253412,1000,4,"SSP2-4.5"
"3GCR-Kp","ssp245","Polar Zone",2038,6.75303468375413,6.43298327973534,7.08969464751262,1000,4,"SSP2-4.5"
"3GCR-Kp","ssp245","Polar Zone",2039,6.77199654519199,6.44851122737045,7.09200053435269,1000,4,"SSP2-4.5"
"3GCR-Kp","ssp245","Polar Zone",2040,6.79989029894513,6.48649790257023,7.10354216338253,1000,4,"SSP2-4.5"
"3GCR-Kp","ssp245","Polar Zone",2041,6.82680542196342,6.48856654193673,7.14408695201222,1000,4,"SSP2-4.5"
"3GCR-Kp","ssp245","Polar Zone",2042,6.84534131045857,6.50519526926389,7.16938812236131,1000,4,"SSP2-4.5"
"3GCR-Kp","ssp245","Polar Zone",2043,6.86174101049969,6.52184688983712,7.1857225111805,1000,4,"SSP2-4.5"
"3GCR-Kp","ssp245","Polar Zone",2044,6.88581758832824,6.55464793999514,7.21356692835629,1000,4,"SSP2-4.5"
"3GCR-Kp","ssp245","Polar Zone",2045,6.90807274063544,6.57664982300658,7.24760951104526,1000,4,"SSP2-4.5"
"3GCR-Kp","ssp245","Polar Zone",2046,6.93158373777831,6.59450617937718,7.29285228220885,1000,4,"SSP2-4.5"
"3GCR-Kp","ssp245","Polar Zone",2047,6.96009742707335,6.61040040467566,7.34668323820198,1000,4,"SSP2-4.5"
"3GCR-Kp","ssp245","Polar Zone",2048,6.9784468517376,6.61405874250184,7.35279823696287,1000,4,"SSP2-4.5"
"3GCR-Kp","ssp245","Polar Zone",2049,7.00295435547653,6.62825924570435,7.39585991500611,1000,4,"SSP2-4.5"
"3GCR-Kp","ssp245","Polar Zone",2050,7.03495279870743,6.66646923330708,7.45838642252303,1000,4,"SSP2-4.5"
"3GCR-Kp","ssp245","Polar Zone",2051,7.04464024521139,6.69160622388195,7.43967021959273,1000,4,"SSP2-4.5"
"3GCR-Kp","ssp245","Polar Zone",2052,7.05639652719577,6.70542002042539,7.42144083800741,1000,4,"SSP2-4.5"
"3GCR-Kp","ssp245","Polar Zone",2053,7.06912526002178,6.71635444741482,7.42971934399685,1000,4,"SSP2-4.5"
"3GCR-Kp","ssp245","Polar Zone",2054,7.07973064942377,6.72110286719979,7.41316219726155,1000,4,"SSP2-4.5"
"3GCR-Kp","ssp245","Polar Zone",2055,7.09739747332398,6.74229528079797,7.43285216009663,1000,4,"SSP2-4.5"
"3GCR-Kp","ssp245","Polar Zone",2056,7.1200710174683,6.7770511136509,7.46411209120255,1000,4,"SSP2-4.5"
"3GCR-Kp","ssp245","Polar Zone",2057,7.13746103198164,6.80361463234527,7.4696224316028,1000,4,"SSP2-4.5"
"3GCR-Kp","ssp245","Polar Zone",2058,7.15486345525138,6.80926494799356,7.48914094938602,1000,4,"SSP2-4.5"
"3GCR-Kp","ssp245","Polar Zone",2059,7.18287226593508,6.83334430447441,7.52650529756673,1000,4,"SSP2-4.5"
"3GCR-Kp","ssp245","Polar Zone",2060,7.21660360450111,6.86050269075045,7.58094146639573,1000,4,"SSP2-4.5"
"3GCR-Kp","ssp245","Polar Zone",2061,7.23723329286998,6.87341551316785,7.65088818639766,1000,4,"SSP2-4.5"
"3GCR-Kp","ssp245","Polar Zone",2062,7.25644915719003,6.88439247901365,7.68015511832894,1000,4,"SSP2-4.5"
"3GCR-Kp","ssp245","Polar Zone",2063,7.25587531393352,6.88468068300294,7.65391913575977,1000,4,"SSP2-4.5"
"3GCR-Kp","ssp245","Polar Zone",2064,7.26915871645423,6.89509548249047,7.67298545298477,1000,4,"SSP2-4.5"
"3GCR-Kp","ssp245","Polar Zone",2065,7.26935929271257,6.87925294612187,7.66655057511831,1000,4,"SSP2-4.5"
"3GCR-Kp","ssp245","Polar Zone",2066,7.27191928553034,6.88443418239913,7.68468562534211,1000,4,"SSP2-4.5"
"3GCR-Kp","ssp245","Polar Zone",2067,7.27243790345675,6.88271881081265,7.67794185622327,1000,4,"SSP2-4.5"
"3GCR-Kp","ssp245","Polar Zone",2068,7.26133720533269,6.87807484387775,7.65308248359519,1000,4,"SSP2-4.5"
"3GCR-Kp","ssp245","Polar Zone",2069,7.27833422694414,6.87149536342954,7.68057590011859,1000,4,"SSP2-4.5"
"3GCR-Kp","ssp245","Polar Zone",2070,7.27212724747665,6.84121901092762,7.68918064852841,1000,4,"SSP2-4.5"
"3GCR-Kp","ssp245","Polar Zone",2071,7.28295218438227,6.84382816532945,7.72502104346149,1000,4,"SSP2-4.5"
"3GCR-Kp","ssp245","Polar Zone",2072,7.28051925344746,6.86427973095913,7.71142622420804,1000,4,"SSP2-4.5"
"3GCR-Kp","ssp245","Polar Zone",2073,7.2861170004766,6.89564065347095,7.70851575790542,1000,4,"SSP2-4.5"
"3GCR-Kp","ssp245","Polar Zone",2074,7.28434561262494,6.8684271540826,7.71667121247494,1000,4,"SSP2-4.5"
"3GCR-Kp","ssp245","Polar Zone",2075,7.30025433760788,6.89953885418666,7.69608837193315,1000,4,"SSP2-4.5"
"3GCR-Kp","ssp245","Polar Zone",2076,7.3028384969336,6.91672708827961,7.6829418898121,1000,4,"SSP2-4.5"
"3GCR-Kp","ssp245","Polar Zone",2077,7.30392990981059,6.92624228021486,7.66570296871845,1000,4,"SSP2-4.5"
"3GCR-Kp","ssp245","Polar Zone",2078,7.32139323315975,6.92828143676444,7.66913042659164,1000,4,"SSP2-4.5"
"3GCR-Kp","ssp245","Polar Zone",2079,7.33052339296669,6.94341068024086,7.66507071417845,1000,4,"SSP2-4.5"
"3GCR-Kp","ssp245","Polar Zone",2080,7.3397218335312,6.95579368042936,7.7067456093446,1000,4,"SSP2-4.5"
"3GCR-Kp","ssp245","Polar Zone",2081,7.34742543918664,6.97294019593961,7.74424250826387,1000,4,"SSP2-4.5"
"3GCR-Kp","ssp245","Polar Zone",2082,7.33297092525927,6.96648549256411,7.73123079258763,1000,4,"SSP2-4.5"
"3GCR-Kp","ssp245","Polar Zone",2083,7.33742286086369,6.9537060758137,7.75034544193916,1000,4,"SSP2-4.5"
"3GCR-Kp","ssp245","Polar Zone",2084,7.34793664157884,6.9637721873,7.79146051326596,1000,4,"SSP2-4.5"
"3GCR-Kp","ssp245","Polar Zone",2085,7.35636333945256,6.97314638736981,7.78281226429777,1000,4,"SSP2-4.5"
"3GCR-Kp","ssp245","Polar Zone",2086,7.35109219276611,6.94809290904303,7.78496797603033,1000,4,"SSP2-4.5"
"3GCR-Kp","ssp245","Polar Zone",2087,7.35879355128182,6.94939586514907,7.82528071353817,1000,4,"SSP2-4.5"
"3GCR-Kp","ssp245","Polar Zone",2088,7.35940636740155,6.94566968536581,7.82719828603331,1000,4,"SSP2-4.5"
"3GCR-Kp","ssp245","Polar Zone",2089,7.37060545633368,6.94967491930156,7.85064434243361,1000,4,"SSP2-4.5"
"3GCR-Kp","ssp245","Polar Zone",2090,7.37005467663454,6.95529013195917,7.85417756847123,1000,4,"SSP2-4.5"
"3GCR-Kp","ssp245","Polar Zone",2091,7.36642464543497,6.96204280145399,7.80278839252082,1000,4,"SSP2-4.5"
"3GCR-Kp","ssp245","Polar Zone",2092,7.35383445001646,6.94659006654792,7.79691257196087,1000,4,"SSP2-4.5"
"3GCR-Kp","ssp245","Polar Zone",2093,7.36311787896328,6.94671607140117,7.81424551068951,1000,4,"SSP2-4.5"
"3GCR-Kp","ssp245","Polar Zone",2094,7.37403900497022,6.96962663334021,7.83951561452256,1000,4,"SSP2-4.5"
"3GCR-Kp","ssp245","Polar Zone",2095,7.39380738683551,7.0032928546857,7.89543408449795,1000,4,"SSP2-4.5"
"3GCR-Kp","ssp245","Polar Zone",2096,7.39681630254639,6.99244912627203,7.90933672161901,1000,4,"SSP2-4.5"
"3GCR-Kp","ssp245","Polar Zone",2097,7.40495615440137,6.99695568053677,7.90714213979932,1000,4,"SSP2-4.5"
"3GCR-Kp","ssp245","Polar Zone",2098,7.39460273288471,6.97489658260335,7.87558521791362,1000,4,"SSP2-4.5"
"3GCR-Kp","ssp245","Polar Zone",2099,7.38575236483967,6.98639592311735,7.82366094485259,1000,4,"SSP2-4.5"
"3GCR-Kp","ssp245","Polar Zone",2100,7.39027647743957,6.9909313161487,7.84212772920848,1000,4,"SSP2-4.5"
"3GCR-Kp","ssp370","Polar Zone",2020,4.96082044734691,4.90708861473047,5.00380920196081,1000,4,"SSP3-7.0"
"3GCR-Kp","ssp370","Polar Zone",2021,5.3669166382913,5.32933306384363,5.4027161818511,1000,4,"SSP3-7.0"
"3GCR-Kp","ssp370","Polar Zone",2022,5.55879712458146,5.46484780501726,5.64040415187334,1000,4,"SSP3-7.0"
"3GCR-Kp","ssp370","Polar Zone",2023,5.84792670321712,5.6640097490789,6.00633714373533,1000,4,"SSP3-7.0"
"3GCR-Kp","ssp370","Polar Zone",2024,6.07167894856889,5.81814296255207,6.29183436674178,1000,4,"SSP3-7.0"
"3GCR-Kp","ssp370","Polar Zone",2025,6.22624191552367,5.93042178503347,6.49246341779631,1000,4,"SSP3-7.0"
"3GCR-Kp","ssp370","Polar Zone",2026,6.33536232219808,6.02750494621086,6.62625061221251,1000,4,"SSP3-7.0"
"3GCR-Kp","ssp370","Polar Zone",2027,6.41299948774847,6.08319383237258,6.72604040287694,1000,4,"SSP3-7.0"
"3GCR-Kp","ssp370","Polar Zone",2028,6.48325955568972,6.12753938431095,6.80515049815246,1000,4,"SSP3-7.0"
"3GCR-Kp","ssp370","Polar Zone",2029,6.53685806181673,6.19244618372378,6.85645013421461,1000,4,"SSP3-7.0"
"3GCR-Kp","ssp370","Polar Zone",2030,6.57175052989688,6.22925507403494,6.90606037690153,1000,4,"SSP3-7.0"
"3GCR-Kp","ssp370","Polar Zone",2031,6.59643228953233,6.25668282358004,6.93592419189279,1000,4,"SSP3-7.0"
"3GCR-Kp","ssp370","Polar Zone",2032,6.62830833722468,6.28170802343,6.95695337791331,1000,4,"SSP3-7.0"
"3GCR-Kp","ssp370","Polar Zone",2033,6.65186570190397,6.30574437458965,6.996611360428,1000,4,"SSP3-7.0"
"3GCR-Kp","ssp370","Polar Zone",2034,6.69031021632174,6.33767372055341,7.0361076888247,1000,4,"SSP3-7.0"
"3GCR-Kp","ssp370","Polar Zone",2035,6.73247056706279,6.37868208278635,7.08430022665194,1000,4,"SSP3-7.0"
"3GCR-Kp","ssp370","Polar Zone",2036,6.74083455082073,6.3842928804767,7.08508351019337,1000,4,"SSP3-7.0"
"3GCR-Kp","ssp370","Polar Zone",2037,6.74287586882698,6.34989787069206,7.10293189314446,1000,4,"SSP3-7.0"
"3GCR-Kp","ssp370","Polar Zone",2038,6.76721638890781,6.36088422585218,7.14081110991649,1000,4,"SSP3-7.0"
"3GCR-Kp","ssp370","Polar Zone",2039,6.80649365242613,6.3836951970953,7.17414404748976,1000,4,"SSP3-7.0"
"3GCR-Kp","ssp370","Polar Zone",2040,6.84767128540468,6.42946607439823,7.22403966930886,1000,4,"SSP3-7.0"
"3GCR-Kp","ssp370","Polar Zone",2041,6.86829928642523,6.47276038603989,7.22826737749894,1000,4,"SSP3-7.0"
"3GCR-Kp","ssp370","Polar Zone",2042,6.89959512595058,6.5003059205607,7.27478982316905,1000,4,"SSP3-7.0"
"3GCR-Kp","ssp370","Polar Zone",2043,6.92899374826697,6.51420241347464,7.29331892563726,1000,4,"SSP3-7.0"
"3GCR-Kp","ssp370","Polar Zone",2044,6.95240098884888,6.54014425042773,7.31286460925781,1000,4,"SSP3-7.0"
"3GCR-Kp","ssp370","Polar Zone",2045,6.99438088916541,6.58926129932646,7.36573064073397,1000,4,"SSP3-7.0"
"3GCR-Kp","ssp370","Polar Zone",2046,7.01255177522175,6.61282776892904,7.36810549500959,1000,4,"SSP3-7.0"
"3GCR-Kp","ssp370","Polar Zone",2047,7.02849511431667,6.63901067243486,7.39682852013795,1000,4,"SSP3-7.0"
"3GCR-Kp","ssp370","Polar Zone",2048,7.06849658649104,6.66461634150454,7.42555697425731,1000,4,"SSP3-7.0"
"3GCR-Kp","ssp370","Polar Zone",2049,7.08974999922659,6.69283874867716,7.44723972685642,1000,4,"SSP3-7.0"
"3GCR-Kp","ssp370","Polar Zone",2050,7.11638646891508,6.73210861105095,7.46438545152116,1000,4,"SSP3-7.0"
"3GCR-Kp","ssp370","Polar Zone",2051,7.13700937062764,6.76602573444272,7.48900872967265,1000,4,"SSP3-7.0"
"3GCR-Kp","ssp370","Polar Zone",2052,7.15719341855142,6.77574547773548,7.5074628825008,1000,4,"SSP3-7.0"
"3GCR-Kp","ssp370","Polar Zone",2053,7.18312885233951,6.80707587433672,7.55829912716625,1000,4,"SSP3-7.0"
"3GCR-Kp","ssp370","Polar Zone",2054,7.21024914575003,6.81830567527401,7.60251549388536,1000,4,"SSP3-7.0"
"3GCR-Kp","ssp370","Polar Zone",2055,7.23109245827163,6.83075290050303,7.64629287469284,1000,4,"SSP3-7.0"
"3GCR-Kp","ssp370","Polar Zone",2056,7.24793616874616,6.85184097824234,7.67649750569552,1000,4,"SSP3-7.0"
"3GCR-Kp","ssp370","Polar Zone",2057,7.27989089470156,6.9055900904074,7.69759637100285,1000,4,"SSP3-7.0"
"3GCR-Kp","ssp370","Polar Zone",2058,7.32266966433613,6.93566215041171,7.75907245819151,1000,4,"SSP3-7.0"
"3GCR-Kp","ssp370","Polar Zone",2059,7.36576329482796,6.95074094724614,7.84665659372101,1000,4,"SSP3-7.0"
"3GCR-Kp","ssp370","Polar Zone",2060,7.37859584361172,6.96617812472115,7.85476761358274,1000,4,"SSP3-7.0"
"3GCR-Kp","ssp370","Polar Zone",2061,7.39051652023903,6.98498599784267,7.82650648494913,1000,4,"SSP3-7.0"
"3GCR-Kp","ssp370","Polar Zone",2062,7.4139227810343,7.01504122513125,7.83161124483679,1000,4,"SSP3-7.0"
"3GCR-Kp","ssp370","Polar Zone",2063,7.43237633517279,7.0199325601602,7.88216568354576,1000,4,"SSP3-7.0"
"3GCR-Kp","ssp370","Polar Zone",2064,7.42939999509338,7.01687753193991,7.83301516889064,1000,4,"SSP3-7.0"
"3GCR-Kp","ssp370","Polar Zone",2065,7.43338337964042,7.01880661923881,7.84896106247375,1000,4,"SSP3-7.0"
"3GCR-Kp","ssp370","Polar Zone",2066,7.43040596477151,7.01629513825698,7.85028442652088,1000,4,"SSP3-7.0"
"3GCR-Kp","ssp370","Polar Zone",2067,7.43963652118757,7.04738843965586,7.8412911678081,1000,4,"SSP3-7.0"
"3GCR-Kp","ssp370","Polar Zone",2068,7.44527691501083,7.0352696490339,7.85802381385762,1000,4,"SSP3-7.0"
"3GCR-Kp","ssp370","Polar Zone",2069,7.45230822650106,7.0543181874531,7.87161307043886,1000,4,"SSP3-7.0"
"3GCR-Kp","ssp370","Polar Zone",2070,7.468708077896,7.0657455911337,7.89374728130043,1000,4,"SSP3-7.0"
"3GCR-Kp","ssp370","Polar Zone",2071,7.48271365729936,7.07603622761669,7.93904371116064,1000,4,"SSP3-7.0"
"3GCR-Kp","ssp370","Polar Zone",2072,7.49191905822569,7.07812399447605,7.97777075965781,1000,4,"SSP3-7.0"
"3GCR-Kp","ssp370","Polar Zone",2073,7.52110678660017,7.10924054153579,8.03197317838929,1000,4,"SSP3-7.0"
"3GCR-Kp","ssp370","Polar Zone",2074,7.5265198000619,7.1356430747215,8.01322971798473,1000,4,"SSP3-7.0"
"3GCR-Kp","ssp370","Polar Zone",2075,7.54446534042133,7.1544363518625,8.0569796071174,1000,4,"SSP3-7.0"
"3GCR-Kp","ssp370","Polar Zone",2076,7.55233163788831,7.16669103109213,8.05749335563583,1000,4,"SSP3-7.0"
"3GCR-Kp","ssp370","Polar Zone",2077,7.56184811886277,7.19523988522099,8.00455601723326,1000,4,"SSP3-7.0"
"3GCR-Kp","ssp370","Polar Zone",2078,7.56886785517562,7.18875519655156,8.02389430146432,1000,4,"SSP3-7.0"
"3GCR-Kp","ssp370","Polar Zone",2079,7.58060172150106,7.18451308855614,8.04496343382381,1000,4,"SSP3-7.0"
"3GCR-Kp","ssp370","Polar Zone",2080,7.57724982147221,7.20433581755606,7.99706806391831,1000,4,"SSP3-7.0"
"3GCR-Kp","ssp370","Polar Zone",2081,7.60838143705964,7.22777599197947,8.07034802388034,1000,4,"SSP3-7.0"
"3GCR-Kp","ssp370","Polar Zone",2082,7.60709814958761,7.23439947000121,8.05019669980235,1000,4,"SSP3-7.0"
"3GCR-Kp","ssp370","Polar Zone",2083,7.62710999301103,7.23481126684796,8.12813133383129,1000,4,"SSP3-7.0"
"3GCR-Kp","ssp370","Polar Zone",2084,7.6324766082955,7.24675169019463,8.13846421743047,1000,4,"SSP3-7.0"
"3GCR-Kp","ssp370","Polar Zone",2085,7.63045351080279,7.27043277263927,8.08020874584171,1000,4,"SSP3-7.0"
"3GCR-Kp","ssp370","Polar Zone",2086,7.62411846785441,7.26281536436607,8.06407223218844,1000,4,"SSP3-7.0"
"3GCR-Kp","ssp370","Polar Zone",2087,7.62806518575173,7.26825327303118,8.05992740537677,1000,4,"SSP3-7.0"
"3GCR-Kp","ssp370","Polar Zone",2088,7.63312513955075,7.25096447361651,8.07959035734762,1000,4,"SSP3-7.0"
"3GCR-Kp","ssp370","Polar Zone",2089,7.642854477553,7.27681347426991,8.08553688874844,1000,4,"SSP3-7.0"
"3GCR-Kp","ssp370","Polar Zone",2090,7.6436689895798,7.30090320896861,8.07367218917023,1000,4,"SSP3-7.0"
"3GCR-Kp","ssp370","Polar Zone",2091,7.6705841735725,7.34444415836891,8.12654671383725,1000,4,"SSP3-7.0"
"3GCR-Kp","ssp370","Polar Zone",2092,7.68596425706064,7.34115674878412,8.14601223379386,1000,4,"SSP3-7.0"
"3GCR-Kp","ssp370","Polar Zone",2093,7.68731300861408,7.37513582182555,8.18023118986396,1000,4,"SSP3-7.0"
"3GCR-Kp","ssp370","Polar Zone",2094,7.69364543037834,7.3684414696228,8.21408955863574,1000,4,"SSP3-7.0"
"3GCR-Kp","ssp370","Polar Zone",2095,7.69650804193925,7.34946906625517,8.22980769497105,1000,4,"SSP3-7.0"
"3GCR-Kp","ssp370","Polar Zone",2096,7.69648885262559,7.34832137811566,8.22731432211244,1000,4,"SSP3-7.0"
"3GCR-Kp","ssp370","Polar Zone",2097,7.70826310776936,7.34253183077879,8.28547258109973,1000,4,"SSP3-7.0"
"3GCR-Kp","ssp370","Polar Zone",2098,7.72579205177458,7.34664499707774,8.34483374278725,1000,4,"SSP3-7.0"
"3GCR-Kp","ssp370","Polar Zone",2099,7.72690050748764,7.34742048658254,8.35444103175827,1000,4,"SSP3-7.0"
"3GCR-Kp","ssp370","Polar Zone",2100,7.75242702897559,7.3623690694761,8.36667795883802,1000,4,"SSP3-7.0"
"3GCR-Kp","ssp585","Polar Zone",2020,4.96683003322758,4.95115164169162,4.98911271926475,1000,4,"SSP5-8.5"
"3GCR-Kp","ssp585","Polar Zone",2021,5.39722408119636,5.37175374767393,5.42166174489965,1000,4,"SSP5-8.5"
"3GCR-Kp","ssp585","Polar Zone",2022,5.59389618448515,5.49003141450414,5.70576132561182,1000,4,"SSP5-8.5"
"3GCR-Kp","ssp585","Polar Zone",2023,5.89277421433293,5.70522342453606,6.07190176751918,1000,4,"SSP5-8.5"
"3GCR-Kp","ssp585","Polar Zone",2024,6.10639387684105,5.85479860313541,6.35047121243876,1000,4,"SSP5-8.5"
"3GCR-Kp","ssp585","Polar Zone",2025,6.25797744168261,5.98220581713185,6.53275365448509,1000,4,"SSP5-8.5"
"3GCR-Kp","ssp585","Polar Zone",2026,6.34547253341514,6.04777711079647,6.65779792353114,1000,4,"SSP5-8.5"
"3GCR-Kp","ssp585","Polar Zone",2027,6.43369994156968,6.12184510378016,6.75668090298857,1000,4,"SSP5-8.5"
"3GCR-Kp","ssp585","Polar Zone",2028,6.50490803481341,6.18933317948328,6.83853297474916,1000,4,"SSP5-8.5"
"3GCR-Kp","ssp585","Polar Zone",2029,6.56622127393572,6.24245242660483,6.89220840574241,1000,4,"SSP5-8.5"
"3GCR-Kp","ssp585","Polar Zone",2030,6.61764870456568,6.29702107251553,6.95111512875058,1000,4,"SSP5-8.5"
"3GCR-Kp","ssp585","Polar Zone",2031,6.66554021678196,6.32593849859797,6.99915456215981,1000,4,"SSP5-8.5"
"3GCR-Kp","ssp585","Polar Zone",2032,6.6973954420224,6.36243111562266,7.02961498735149,1000,4,"SSP5-8.5"
"3GCR-Kp","ssp585","Polar Zone",2033,6.71320923487554,6.3675065421324,7.02593358662321,1000,4,"SSP5-8.5"
"3GCR-Kp","ssp585","Polar Zone",2034,6.73016834104328,6.37128617094155,7.05995817823369,1000,4,"SSP5-8.5"
"3GCR-Kp","ssp585","Polar Zone",2035,6.75441940621892,6.39468593872565,7.09099823979522,1000,4,"SSP5-8.5"
"3GCR-Kp","ssp585","Polar Zone",2036,6.79767383256711,6.45619326695022,7.1289518943925,1000,4,"SSP5-8.5"
"3GCR-Kp","ssp585","Polar Zone",2037,6.83338320816788,6.49791190258595,7.16840519794894,1000,4,"SSP5-8.5"
"3GCR-Kp","ssp585","Polar Zone",2038,6.86382334269661,6.53317353636819,7.18526313884184,1000,4,"SSP5-8.5"
"3GCR-Kp","ssp585","Polar Zone",2039,6.89800759287605,6.56822491294028,7.20853910707195,1000,4,"SSP5-8.5"
"3GCR-Kp","ssp585","Polar Zone",2040,6.93821439703538,6.60760159170393,7.26623763697147,1000,4,"SSP5-8.5"
"3GCR-Kp","ssp585","Polar Zone",2041,6.985534878724,6.64622331815474,7.31111356206872,1000,4,"SSP5-8.5"
"3GCR-Kp","ssp585","Polar Zone",2042,7.00706759582407,6.65595773862748,7.32438591594944,1000,4,"SSP5-8.5"
"3GCR-Kp","ssp585","Polar Zone",2043,7.02367379634704,6.67061361363845,7.34702115360466,1000,4,"SSP5-8.5"
"3GCR-Kp","ssp585","Polar Zone",2044,7.04401637447317,6.69869139184686,7.35765223713907,1000,4,"SSP5-8.5"
"3GCR-Kp","ssp585","Polar Zone",2045,7.06623774222218,6.72065173923817,7.3987042989519,1000,4,"SSP5-8.5"
"3GCR-Kp","ssp585","Polar Zone",2046,7.09641641514737,6.75406861618706,7.4154018768816,1000,4,"SSP5-8.5"
"3GCR-Kp","ssp585","Polar Zone",2047,7.11622582880722,6.7641614923361,7.43744071183112,1000,4,"SSP5-8.5"
"3GCR-Kp","ssp585","Polar Zone",2048,7.13965153920347,6.79030978560121,7.47358149733192,1000,4,"SSP5-8.5"
"3GCR-Kp","ssp585","Polar Zone",2049,7.1749927498312,6.83580123659371,7.51711442299539,1000,4,"SSP5-8.5"
"3GCR-Kp","ssp585","Polar Zone",2050,7.21125463395016,6.8673392449699,7.57562052789632,1000,4,"SSP5-8.5"
"3GCR-Kp","ssp585","Polar Zone",2051,7.25948429776465,6.90583364782074,7.66986908472111,1000,4,"SSP5-8.5"
"3GCR-Kp","ssp585","Polar Zone",2052,7.28308012971631,6.92731235097907,7.68937381838642,1000,4,"SSP5-8.5"
"3GCR-Kp","ssp585","Polar Zone",2053,7.32088605460924,6.9508850983495,7.70831749053611,1000,4,"SSP5-8.5"
"3GCR-Kp","ssp585","Polar Zone",2054,7.35425457433575,6.98885172199492,7.75499163525757,1000,4,"SSP5-8.5"
"3GCR-Kp","ssp585","Polar Zone",2055,7.39808018405491,7.01769304682735,7.81065507653704,1000,4,"SSP5-8.5"
"3GCR-Kp","ssp585","Polar Zone",2056,7.43180398719934,7.05314834725684,7.87839806098942,1000,4,"SSP5-8.5"
"3GCR-Kp","ssp585","Polar Zone",2057,7.45783829676912,7.05895993151722,7.91119788220279,1000,4,"SSP5-8.5"
"3GCR-Kp","ssp585","Polar Zone",2058,7.48169976053129,7.09506794908947,7.91900356073696,1000,4,"SSP5-8.5"
"3GCR-Kp","ssp585","Polar Zone",2059,7.51964652875831,7.14328131090279,7.98391613873157,1000,4,"SSP5-8.5"
"3GCR-Kp","ssp585","Polar Zone",2060,7.53176620157523,7.13092890544253,8.00540068003103,1000,4,"SSP5-8.5"
"3GCR-Kp","ssp585","Polar Zone",2061,7.56852208654345,7.14950090170592,8.06819148400035,1000,4,"SSP5-8.5"
"3GCR-Kp","ssp585","Polar Zone",2062,7.59048320561206,7.17246772565555,8.05524507450079,1000,4,"SSP5-8.5"
"3GCR-Kp","ssp585","Polar Zone",2063,7.60631716602629,7.17733301530031,8.10670766708046,1000,4,"SSP5-8.5"
"3GCR-Kp","ssp585","Polar Zone",2064,7.61183907837724,7.18349175866101,8.09909075078492,1000,4,"SSP5-8.5"
"3GCR-Kp","ssp585","Polar Zone",2065,7.63392953410448,7.25154866846256,8.09028075457398,1000,4,"SSP5-8.5"
"3GCR-Kp","ssp585","Polar Zone",2066,7.62442910391102,7.23641611848376,8.04020373292111,1000,4,"SSP5-8.5"
"3GCR-Kp","ssp585","Polar Zone",2067,7.63358428666413,7.25317609966456,8.08894124826346,1000,4,"SSP5-8.5"
"3GCR-Kp","ssp585","Polar Zone",2068,7.65663758763502,7.25462113395269,8.12992380164949,1000,4,"SSP5-8.5"
"3GCR-Kp","ssp585","Polar Zone",2069,7.66658464304306,7.24896271267629,8.15452175553435,1000,4,"SSP5-8.5"
"3GCR-Kp","ssp585","Polar Zone",2070,7.67909196777333,7.27636165227895,8.18744182981255,1000,4,"SSP5-8.5"
"3GCR-Kp","ssp585","Polar Zone",2071,7.70451848943635,7.30178856316836,8.22690628811941,1000,4,"SSP5-8.5"
"3GCR-Kp","ssp585","Polar Zone",2072,7.74195594856579,7.3488189490224,8.27579216506989,1000,4,"SSP5-8.5"
"3GCR-Kp","ssp585","Polar Zone",2073,7.76650947155606,7.38912565216487,8.35579610750276,1000,4,"SSP5-8.5"
"3GCR-Kp","ssp585","Polar Zone",2074,7.77054931525229,7.40312313558582,8.30144316761112,1000,4,"SSP5-8.5"
"3GCR-Kp","ssp585","Polar Zone",2075,7.7782823334273,7.41355255715064,8.28708992292686,1000,4,"SSP5-8.5"
"3GCR-Kp","ssp585","Polar Zone",2076,7.77556258154053,7.39848937920847,8.32851954654115,1000,4,"SSP5-8.5"
"3GCR-Kp","ssp585","Polar Zone",2077,7.77972852775351,7.37838154248536,8.36394590548243,1000,4,"SSP5-8.5"
"3GCR-Kp","ssp585","Polar Zone",2078,7.79144637866211,7.39544654459733,8.3162545243202,1000,4,"SSP5-8.5"
"3GCR-Kp","ssp585","Polar Zone",2079,7.80900096393454,7.40609686368015,8.32571216897368,1000,4,"SSP5-8.5"
"3GCR-Kp","ssp585","Polar Zone",2080,7.82113538388985,7.39789326426087,8.32877165835352,1000,4,"SSP5-8.5"
"3GCR-Kp","ssp585","Polar Zone",2081,7.81216361637477,7.39242243059003,8.31166373485588,1000,4,"SSP5-8.5"
"3GCR-Kp","ssp585","Polar Zone",2082,7.82911966815722,7.3925463602996,8.36317678886961,1000,4,"SSP5-8.5"
"3GCR-Kp","ssp585","Polar Zone",2083,7.83821107438717,7.41215385805678,8.37383958345433,1000,4,"SSP5-8.5"
"3GCR-Kp","ssp585","Polar Zone",2084,7.8628823754504,7.42298754649186,8.43114830153421,1000,4,"SSP5-8.5"
"3GCR-Kp","ssp585","Polar Zone",2085,7.88161957558929,7.44034580769427,8.46403578829493,1000,4,"SSP5-8.5"
"3GCR-Kp","ssp585","Polar Zone",2086,7.89776915206715,7.4552700465474,8.49651721513365,1000,4,"SSP5-8.5"
"3GCR-Kp","ssp585","Polar Zone",2087,7.93369355395729,7.49444873939327,8.55273386933364,1000,4,"SSP5-8.5"
"3GCR-Kp","ssp585","Polar Zone",2088,7.95969476900938,7.5076569786178,8.6164418988088,1000,4,"SSP5-8.5"
"3GCR-Kp","ssp585","Polar Zone",2089,7.98015253426501,7.54033349094272,8.63182276026782,1000,4,"SSP5-8.5"
"3GCR-Kp","ssp585","Polar Zone",2090,8.00540736305414,7.57859126086739,8.63621103341273,1000,4,"SSP5-8.5"
"3GCR-Kp","ssp585","Polar Zone",2091,8.01175652787814,7.57795509681486,8.60973273891931,1000,4,"SSP5-8.5"
"3GCR-Kp","ssp585","Polar Zone",2092,8.03309884968948,7.61463961871926,8.65060797404139,1000,4,"SSP5-8.5"
"3GCR-Kp","ssp585","Polar Zone",2093,8.05442487081928,7.63138715362868,8.7070022825512,1000,4,"SSP5-8.5"
"3GCR-Kp","ssp585","Polar Zone",2094,8.06479926994649,7.62292049229331,8.71051152847134,1000,4,"SSP5-8.5"
"3GCR-Kp","ssp585","Polar Zone",2095,8.0741282579388,7.6553664337476,8.7256118428719,1000,4,"SSP5-8.5"
"3GCR-Kp","ssp585","Polar Zone",2096,8.08341976995501,7.65831889977293,8.7438821523247,1000,4,"SSP5-8.5"
"3GCR-Kp","ssp585","Polar Zone",2097,8.07721807706772,7.65309229014618,8.73098244357626,1000,4,"SSP5-8.5"
"3GCR-Kp","ssp585","Polar Zone",2098,8.07933833619834,7.66453912909808,8.73260715644592,1000,4,"SSP5-8.5"
"3GCR-Kp","ssp585","Polar Zone",2099,8.0958086051178,7.65254594738994,8.73782769820698,1000,4,"SSP5-8.5"
"3GCR-Kp","ssp585","Polar Zone",2100,8.10989043688123,7.67122029787991,8.7685493526294,1000,4,"SSP5-8.5"
"CR-Ab","ssp126","Polar Zone",2020,2.04993494201469,2.04750471202961,2.05200837890302,1000,4,"SSP1-2.6"
"CR-Ab","ssp126","Polar Zone",2021,2.0514441980852,2.04652343299679,2.05638162892199,1000,4,"SSP1-2.6"
"CR-Ab","ssp126","Polar Zone",2022,2.05145296620519,2.04302795326636,2.06059531871526,1000,4,"SSP1-2.6"
"CR-Ab","ssp126","Polar Zone",2023,2.35447230948864,2.18945526474941,2.4972486029999,1000,4,"SSP1-2.6"
"CR-Ab","ssp126","Polar Zone",2024,2.5795025722487,2.29623686498919,2.82242817107343,1000,4,"SSP1-2.6"
"CR-Ab","ssp126","Polar Zone",2025,2.74259500509946,2.38281583116501,3.05997922969745,1000,4,"SSP1-2.6"
"CR-Ab","ssp126","Polar Zone",2026,2.9317530269868,2.55321294961734,3.24723891017253,1000,4,"SSP1-2.6"
"CR-Ab","ssp126","Polar Zone",2027,3.03315101715734,2.6131500511149,3.38717615279115,1000,4,"SSP1-2.6"
"CR-Ab","ssp126","Polar Zone",2028,3.0824816788272,2.63799329651712,3.48475712721338,1000,4,"SSP1-2.6"
"CR-Ab","ssp126","Polar Zone",2029,3.15228510794418,2.67882227965789,3.55592650032154,1000,4,"SSP1-2.6"
"CR-Ab","ssp126","Polar Zone",2030,3.20967802491786,2.74784422574791,3.60218191152796,1000,4,"SSP1-2.6"
"CR-Ab","ssp126","Polar Zone",2031,3.20728451000344,2.73093322094853,3.65152758223123,1000,4,"SSP1-2.6"
"CR-Ab","ssp126","Polar Zone",2032,3.21695596124922,2.7385711679974,3.68245828378363,1000,4,"SSP1-2.6"
"CR-Ab","ssp126","Polar Zone",2033,3.23564276886134,2.74147990307545,3.70738810531967,1000,4,"SSP1-2.6"
"CR-Ab","ssp126","Polar Zone",2034,3.25305932620379,2.72744531908265,3.72348106725901,1000,4,"SSP1-2.6"
"CR-Ab","ssp126","Polar Zone",2035,3.23373440539495,2.72660061166929,3.72721127119394,1000,4,"SSP1-2.6"
"CR-Ab","ssp126","Polar Zone",2036,3.21291602404651,2.72670564319616,3.7163818452584,1000,4,"SSP1-2.6"
"CR-Ab","ssp126","Polar Zone",2037,3.21175503884271,2.69442725145013,3.73433541543463,1000,4,"SSP1-2.6"
"CR-Ab","ssp126","Polar Zone",2038,3.23486363441288,2.72689201029452,3.75189608788614,1000,4,"SSP1-2.6"
"CR-Ab","ssp126","Polar Zone",2039,3.22768658646442,2.7086301476622,3.74730782417755,1000,4,"SSP1-2.6"
"CR-Ab","ssp126","Polar Zone",2040,3.22112523727572,2.6901749426641,3.74679111054797,1000,4,"SSP1-2.6"
"CR-Ab","ssp126","Polar Zone",2041,3.20671623186724,2.67179695460504,3.72747045002059,1000,4,"SSP1-2.6"
"CR-Ab","ssp126","Polar Zone",2042,3.20937875629324,2.62291207173891,3.75009137220134,1000,4,"SSP1-2.6"
"CR-Ab","ssp126","Polar Zone",2043,3.16904355828632,2.59298903673073,3.71857190007407,1000,4,"SSP1-2.6"
"CR-Ab","ssp126","Polar Zone",2044,3.18442610185802,2.61198967142503,3.73466574897568,1000,4,"SSP1-2.6"
"CR-Ab","ssp126","Polar Zone",2045,3.17644277570708,2.62475701855772,3.72445189983696,1000,4,"SSP1-2.6"
"CR-Ab","ssp126","Polar Zone",2046,3.16206057938914,2.59214480998204,3.72938585477283,1000,4,"SSP1-2.6"
"CR-Ab","ssp126","Polar Zone",2047,3.18757727287208,2.62382693827007,3.7319990732727,1000,4,"SSP1-2.6"
"CR-Ab","ssp126","Polar Zone",2048,3.19705434993964,2.6326653927217,3.74470853016616,1000,4,"SSP1-2.6"
"CR-Ab","ssp126","Polar Zone",2049,3.16526189948748,2.5358487318767,3.76409439858806,1000,4,"SSP1-2.6"
"CR-Ab","ssp126","Polar Zone",2050,3.13283404437081,2.44798512497467,3.76212530103666,1000,4,"SSP1-2.6"
"CR-Ab","ssp126","Polar Zone",2051,3.13568740980191,2.45705883264666,3.76121089228523,1000,4,"SSP1-2.6"
"CR-Ab","ssp126","Polar Zone",2052,3.13339451459529,2.47341998886893,3.76313277561967,1000,4,"SSP1-2.6"
"CR-Ab","ssp126","Polar Zone",2053,3.17492489552636,2.51289680264311,3.78896691156105,1000,4,"SSP1-2.6"
"CR-Ab","ssp126","Polar Zone",2054,3.17274768240426,2.5500903982438,3.7715179424306,1000,4,"SSP1-2.6"
"CR-Ab","ssp126","Polar Zone",2055,3.17849599377836,2.58078218621996,3.77921661675158,1000,4,"SSP1-2.6"
"CR-Ab","ssp126","Polar Zone",2056,3.17660877702084,2.58935403084413,3.78011203962557,1000,4,"SSP1-2.6"
"CR-Ab","ssp126","Polar Zone",2057,3.18426032271087,2.57751159744574,3.78176168794852,1000,4,"SSP1-2.6"
"CR-Ab","ssp126","Polar Zone",2058,3.18790192031374,2.59754556594314,3.75835590646184,1000,4,"SSP1-2.6"
"CR-Ab","ssp126","Polar Zone",2059,3.13371072213718,2.53011925662706,3.73698895186395,1000,4,"SSP1-2.6"
"CR-Ab","ssp126","Polar Zone",2060,3.11878168005875,2.48300505467272,3.7463901878011,1000,4,"SSP1-2.6"
"CR-Ab","ssp126","Polar Zone",2061,3.11719538172517,2.46718854114783,3.75345006288208,1000,4,"SSP1-2.6"
"CR-Ab","ssp126","Polar Zone",2062,3.10839803350113,2.48053780543026,3.73067192413133,1000,4,"SSP1-2.6"
"CR-Ab","ssp126","Polar Zone",2063,3.09735952448356,2.43749795413266,3.74519678988368,1000,4,"SSP1-2.6"
"CR-Ab","ssp126","Polar Zone",2064,3.08832716147273,2.43719075474802,3.73945271873041,1000,4,"SSP1-2.6"
"CR-Ab","ssp126","Polar Zone",2065,3.11111309727449,2.47897384642649,3.75744952509283,1000,4,"SSP1-2.6"
"CR-Ab","ssp126","Polar Zone",2066,3.10459998219725,2.49950939921933,3.72704755046889,1000,4,"SSP1-2.6"
"CR-Ab","ssp126","Polar Zone",2067,3.10552768166179,2.51605380699341,3.70113009161458,1000,4,"SSP1-2.6"
"CR-Ab","ssp126","Polar Zone",2068,3.07847813564609,2.47228119970439,3.67532182632041,1000,4,"SSP1-2.6"
"CR-Ab","ssp126","Polar Zone",2069,3.09978373191142,2.52911406827175,3.67034211658249,1000,4,"SSP1-2.6"
"CR-Ab","ssp126","Polar Zone",2070,3.11911954095873,2.5337824878959,3.68985633047838,1000,4,"SSP1-2.6"
"CR-Ab","ssp126","Polar Zone",2071,3.11019818739652,2.5169763387997,3.69739569612679,1000,4,"SSP1-2.6"
"CR-Ab","ssp126","Polar Zone",2072,3.10582525934084,2.49871730882139,3.71511914481073,1000,4,"SSP1-2.6"
"CR-Ab","ssp126","Polar Zone",2073,3.10441378203819,2.46720973434315,3.73935307707628,1000,4,"SSP1-2.6"
"CR-Ab","ssp126","Polar Zone",2074,3.09570106343027,2.46138119337929,3.75640587870997,1000,4,"SSP1-2.6"
"CR-Ab","ssp126","Polar Zone",2075,3.12834229194868,2.49873921865066,3.77987193167836,1000,4,"SSP1-2.6"
"CR-Ab","ssp126","Polar Zone",2076,3.11535008347944,2.42995475328288,3.7822075824464,1000,4,"SSP1-2.6"
"CR-Ab","ssp126","Polar Zone",2077,3.07610254963079,2.35442125802208,3.76944838617866,1000,4,"SSP1-2.6"
"CR-Ab","ssp126","Polar Zone",2078,3.06048821137933,2.3130655234777,3.75187890166471,1000,4,"SSP1-2.6"
"CR-Ab","ssp126","Polar Zone",2079,3.05747964532524,2.31880710393709,3.73986612702015,1000,4,"SSP1-2.6"
"CR-Ab","ssp126","Polar Zone",2080,3.06033224066732,2.27607856720911,3.74617638417645,1000,4,"SSP1-2.6"
"CR-Ab","ssp126","Polar Zone",2081,3.0641421440884,2.28187517609151,3.74554020365922,1000,4,"SSP1-2.6"
"CR-Ab","ssp126","Polar Zone",2082,3.06785101637577,2.30371088104034,3.74388866223756,1000,4,"SSP1-2.6"
"CR-Ab","ssp126","Polar Zone",2083,3.07940882239012,2.2818027893988,3.74781770013844,1000,4,"SSP1-2.6"
"CR-Ab","ssp126","Polar Zone",2084,3.09819325214215,2.31540369308922,3.76317754408055,1000,4,"SSP1-2.6"
"CR-Ab","ssp126","Polar Zone",2085,3.10606028834957,2.30553918898449,3.77084072080501,1000,4,"SSP1-2.6"
"CR-Ab","ssp126","Polar Zone",2086,3.11814661516612,2.38876408418622,3.77563133021545,1000,4,"SSP1-2.6"
"CR-Ab","ssp126","Polar Zone",2087,3.14848110123577,2.44309369760508,3.78702413071546,1000,4,"SSP1-2.6"
"CR-Ab","ssp126","Polar Zone",2088,3.12958510859095,2.44402620949436,3.76471928709112,1000,4,"SSP1-2.6"
"CR-Ab","ssp126","Polar Zone",2089,3.15223076704165,2.48091513490772,3.77973547963272,1000,4,"SSP1-2.6"
"CR-Ab","ssp126","Polar Zone",2090,3.14992726288157,2.44722702975919,3.78379141916312,1000,4,"SSP1-2.6"
"CR-Ab","ssp126","Polar Zone",2091,3.16795826793627,2.46100313610885,3.77986439223208,1000,4,"SSP1-2.6"
"CR-Ab","ssp126","Polar Zone",2092,3.17555771802806,2.45356322809603,3.79497834885417,1000,4,"SSP1-2.6"
"CR-Ab","ssp126","Polar Zone",2093,3.20530524962183,2.52653883988285,3.8128724872487,1000,4,"SSP1-2.6"
"CR-Ab","ssp126","Polar Zone",2094,3.21491548353641,2.55891093367503,3.80349262947482,1000,4,"SSP1-2.6"
"CR-Ab","ssp126","Polar Zone",2095,3.19673710568989,2.54892203614201,3.80293462006518,1000,4,"SSP1-2.6"
"CR-Ab","ssp126","Polar Zone",2096,3.22047212175365,2.57750177017589,3.80867823525422,1000,4,"SSP1-2.6"
"CR-Ab","ssp126","Polar Zone",2097,3.19981827049797,2.50554796227535,3.80826187110662,1000,4,"SSP1-2.6"
"CR-Ab","ssp126","Polar Zone",2098,3.20782109223762,2.47769677115139,3.82281514509021,1000,4,"SSP1-2.6"
"CR-Ab","ssp126","Polar Zone",2099,3.19692385383283,2.47479260924963,3.82329898508479,1000,4,"SSP1-2.6"
"CR-Ab","ssp126","Polar Zone",2100,3.18699356196443,2.44415255921862,3.82771924530664,1000,4,"SSP1-2.6"
"CR-Ab","ssp245","Polar Zone",2020,2.05235730281163,2.03569622179069,2.06569380804411,1000,4,"SSP2-4.5"
"CR-Ab","ssp245","Polar Zone",2021,2.05358043514684,2.04058883586799,2.06558072163214,1000,4,"SSP2-4.5"
"CR-Ab","ssp245","Polar Zone",2022,2.05332118655231,2.04069747030322,2.06670364022669,1000,4,"SSP2-4.5"
"CR-Ab","ssp245","Polar Zone",2023,2.40441477167508,2.23863572850205,2.55245586829413,1000,4,"SSP2-4.5"
"CR-Ab","ssp245","Polar Zone",2024,2.72093574732493,2.46444284847411,2.90253922818582,1000,4,"SSP2-4.5"
"CR-Ab","ssp245","Polar Zone",2025,2.93483061062247,2.57766522388256,3.15408151677185,1000,4,"SSP2-4.5"
"CR-Ab","ssp245","Polar Zone",2026,3.07883714254318,2.64143555556188,3.34118838616201,1000,4,"SSP2-4.5"
"CR-Ab","ssp245","Polar Zone",2027,3.15651544061936,2.71661719875468,3.45404262114458,1000,4,"SSP2-4.5"
"CR-Ab","ssp245","Polar Zone",2028,3.17384828922832,2.73521586035568,3.51307924697619,1000,4,"SSP2-4.5"
"CR-Ab","ssp245","Polar Zone",2029,3.23626687267404,2.78776480286983,3.58772220308145,1000,4,"SSP2-4.5"
"CR-Ab","ssp245","Polar Zone",2030,3.24531982776926,2.7714408466572,3.64524605547341,1000,4,"SSP2-4.5"
"CR-Ab","ssp245","Polar Zone",2031,3.28735956523536,2.79801507744723,3.69431574602301,1000,4,"SSP2-4.5"
"CR-Ab","ssp245","Polar Zone",2032,3.29988498798156,2.7619384890989,3.72559432175461,1000,4,"SSP2-4.5"
"CR-Ab","ssp245","Polar Zone",2033,3.30497558133339,2.76887750751801,3.73827844778026,1000,4,"SSP2-4.5"
"CR-Ab","ssp245","Polar Zone",2034,3.28524385010396,2.74615577686539,3.74470942282769,1000,4,"SSP2-4.5"
"CR-Ab","ssp245","Polar Zone",2035,3.28543639908764,2.75908579978468,3.7696620556166,1000,4,"SSP2-4.5"
"CR-Ab","ssp245","Polar Zone",2036,3.32535001897237,2.77475541308897,3.8048437912741,1000,4,"SSP2-4.5"
"CR-Ab","ssp245","Polar Zone",2037,3.33037740310541,2.78853207214173,3.8296306134153,1000,4,"SSP2-4.5"
"CR-Ab","ssp245","Polar Zone",2038,3.34389777970851,2.80171384296954,3.82284395992296,1000,4,"SSP2-4.5"
"CR-Ab","ssp245","Polar Zone",2039,3.33816663837643,2.78386317074782,3.8096934209559,1000,4,"SSP2-4.5"
"CR-Ab","ssp245","Polar Zone",2040,3.33996096618706,2.79485381309325,3.82744187238683,1000,4,"SSP2-4.5"
"CR-Ab","ssp245","Polar Zone",2041,3.31187492597013,2.78288620747407,3.82204329117054,1000,4,"SSP2-4.5"
"CR-Ab","ssp245","Polar Zone",2042,3.29416174832293,2.74068705736954,3.82918014595506,1000,4,"SSP2-4.5"
"CR-Ab","ssp245","Polar Zone",2043,3.28945691727593,2.74436219278428,3.83148391877024,1000,4,"SSP2-4.5"
"CR-Ab","ssp245","Polar Zone",2044,3.30008107358784,2.76182510489894,3.86297748558793,1000,4,"SSP2-4.5"
"CR-Ab","ssp245","Polar Zone",2045,3.28176884509333,2.74845837903169,3.87126639789658,1000,4,"SSP2-4.5"
"CR-Ab","ssp245","Polar Zone",2046,3.27463334127872,2.71148540108861,3.88220243768063,1000,4,"SSP2-4.5"
"CR-Ab","ssp245","Polar Zone",2047,3.25437905406166,2.65626657610499,3.88581945924129,1000,4,"SSP2-4.5"
"CR-Ab","ssp245","Polar Zone",2048,3.22000900713717,2.5798170573931,3.86346684230025,1000,4,"SSP2-4.5"
"CR-Ab","ssp245","Polar Zone",2049,3.22455675800665,2.58270462357307,3.86901920389941,1000,4,"SSP2-4.5"
"CR-Ab","ssp245","Polar Zone",2050,3.22645136411802,2.56670682003911,3.87079553076987,1000,4,"SSP2-4.5"
"CR-Ab","ssp245","Polar Zone",2051,3.19503961051547,2.49506943978924,3.87063305504085,1000,4,"SSP2-4.5"
"CR-Ab","ssp245","Polar Zone",2052,3.22830664131711,2.58166523421719,3.85156212016005,1000,4,"SSP2-4.5"
"CR-Ab","ssp245","Polar Zone",2053,3.23465138529724,2.59474924427108,3.88980126613507,1000,4,"SSP2-4.5"
"CR-Ab","ssp245","Polar Zone",2054,3.24089909401654,2.63872297610528,3.88091306066346,1000,4,"SSP2-4.5"
"CR-Ab","ssp245","Polar Zone",2055,3.2535459263085,2.65102322469476,3.87082745717818,1000,4,"SSP2-4.5"
"CR-Ab","ssp245","Polar Zone",2056,3.2377833238473,2.63189770307044,3.84001212849683,1000,4,"SSP2-4.5"
"CR-Ab","ssp245","Polar Zone",2057,3.21659545461804,2.59509421412599,3.8321141403695,1000,4,"SSP2-4.5"
"CR-Ab","ssp245","Polar Zone",2058,3.23009268849718,2.6251871675721,3.86835487885835,1000,4,"SSP2-4.5"
"CR-Ab","ssp245","Polar Zone",2059,3.22098684368797,2.61340877753259,3.88556662580307,1000,4,"SSP2-4.5"
"CR-Ab","ssp245","Polar Zone",2060,3.19328507389439,2.54876077739421,3.86447498865177,1000,4,"SSP2-4.5"
"CR-Ab","ssp245","Polar Zone",2061,3.15433575576869,2.48261062259163,3.81977006389926,1000,4,"SSP2-4.5"
"CR-Ab","ssp245","Polar Zone",2062,3.14748293971303,2.45722299267094,3.83438412089897,1000,4,"SSP2-4.5"
"CR-Ab","ssp245","Polar Zone",2063,3.11876892697299,2.4035253275522,3.81887844367058,1000,4,"SSP2-4.5"
"CR-Ab","ssp245","Polar Zone",2064,3.1304792909886,2.42874744886734,3.83037003088995,1000,4,"SSP2-4.5"
"CR-Ab","ssp245","Polar Zone",2065,3.12745613804509,2.40350064574612,3.84185915706803,1000,4,"SSP2-4.5"
"CR-Ab","ssp245","Polar Zone",2066,3.12324974346835,2.37630599145558,3.85045452595929,1000,4,"SSP2-4.5"
"CR-Ab","ssp245","Polar Zone",2067,3.14161625565068,2.38280476214622,3.82663099567701,1000,4,"SSP2-4.5"
"CR-Ab","ssp245","Polar Zone",2068,3.15717457640391,2.39749866673682,3.82117207771832,1000,4,"SSP2-4.5"
"CR-Ab","ssp245","Polar Zone",2069,3.18546221198262,2.45606534606107,3.85300598393484,1000,4,"SSP2-4.5"
"CR-Ab","ssp245","Polar Zone",2070,3.16493112569343,2.43460518184418,3.84107139942831,1000,4,"SSP2-4.5"
"CR-Ab","ssp245","Polar Zone",2071,3.17060585912606,2.42474246001426,3.87467462802932,1000,4,"SSP2-4.5"
"CR-Ab","ssp245","Polar Zone",2072,3.14596175623617,2.36350992390048,3.85852735511133,1000,4,"SSP2-4.5"
"CR-Ab","ssp245","Polar Zone",2073,3.16371130035902,2.37971820668542,3.85380879361472,1000,4,"SSP2-4.5"
"CR-Ab","ssp245","Polar Zone",2074,3.16206040243198,2.40417289021403,3.85342996993337,1000,4,"SSP2-4.5"
"CR-Ab","ssp245","Polar Zone",2075,3.18847112629472,2.41910010451791,3.86013868920938,1000,4,"SSP2-4.5"
"CR-Ab","ssp245","Polar Zone",2076,3.14295034735623,2.46709464317272,3.78127854535721,1000,4,"SSP2-4.5"
"CR-Ab","ssp245","Polar Zone",2077,3.14714915596414,2.48064657755549,3.79045436676553,1000,4,"SSP2-4.5"
"CR-Ab","ssp245","Polar Zone",2078,3.15931630561623,2.53883129348056,3.8091153174756,1000,4,"SSP2-4.5"
"CR-Ab","ssp245","Polar Zone",2079,3.12270692190092,2.5167918907425,3.76230730999256,1000,4,"SSP2-4.5"
"CR-Ab","ssp245","Polar Zone",2080,3.09389353939684,2.49398361848235,3.73793034234926,1000,4,"SSP2-4.5"
"CR-Ab","ssp245","Polar Zone",2081,3.07338372546634,2.46822616213749,3.73423137806689,1000,4,"SSP2-4.5"
"CR-Ab","ssp245","Polar Zone",2082,3.07017363683279,2.41675764250777,3.73817815282837,1000,4,"SSP2-4.5"
"CR-Ab","ssp245","Polar Zone",2083,3.11929938384025,2.43413670012624,3.76308926830872,1000,4,"SSP2-4.5"
"CR-Ab","ssp245","Polar Zone",2084,3.11386353481612,2.41854417880986,3.7877129950206,1000,4,"SSP2-4.5"
"CR-Ab","ssp245","Polar Zone",2085,3.1048145480137,2.37422600767928,3.80927458345023,1000,4,"SSP2-4.5"
"CR-Ab","ssp245","Polar Zone",2086,3.08177289305373,2.38609844159649,3.77352877066377,1000,4,"SSP2-4.5"
"CR-Ab","ssp245","Polar Zone",2087,3.12442137579639,2.40737309124792,3.82599286981181,1000,4,"SSP2-4.5"
"CR-Ab","ssp245","Polar Zone",2088,3.11021391174712,2.34826622363583,3.8254414738126,1000,4,"SSP2-4.5"
"CR-Ab","ssp245","Polar Zone",2089,3.10146351869256,2.32009925609707,3.81633474531611,1000,4,"SSP2-4.5"
"CR-Ab","ssp245","Polar Zone",2090,3.09378564945424,2.31027616469373,3.82307655109757,1000,4,"SSP2-4.5"
"CR-Ab","ssp245","Polar Zone",2091,3.10324128972564,2.35294031870472,3.83981705303537,1000,4,"SSP2-4.5"
"CR-Ab","ssp245","Polar Zone",2092,3.12326216605207,2.40805590969547,3.80939936793874,1000,4,"SSP2-4.5"
"CR-Ab","ssp245","Polar Zone",2093,3.14869734776367,2.37772320208525,3.842163678123,1000,4,"SSP2-4.5"
"CR-Ab","ssp245","Polar Zone",2094,3.13755798518914,2.33765343890957,3.86242449546067,1000,4,"SSP2-4.5"
"CR-Ab","ssp245","Polar Zone",2095,3.10076662451863,2.29088855740321,3.82509548721325,1000,4,"SSP2-4.5"
"CR-Ab","ssp245","Polar Zone",2096,3.05179506672846,2.25420281438194,3.81179262692542,1000,4,"SSP2-4.5"
"CR-Ab","ssp245","Polar Zone",2097,3.06574897545957,2.2443637621935,3.81090366907549,1000,4,"SSP2-4.5"
"CR-Ab","ssp245","Polar Zone",2098,3.04745619913852,2.20017710709738,3.78851500091899,1000,4,"SSP2-4.5"
"CR-Ab","ssp245","Polar Zone",2099,3.0735794337137,2.22631521194189,3.82184921290781,1000,4,"SSP2-4.5"
"CR-Ab","ssp245","Polar Zone",2100,3.08455619624992,2.27566596783956,3.79928765213659,1000,4,"SSP2-4.5"
"CR-Ab","ssp370","Polar Zone",2020,2.05754674739976,2.04978264980612,2.06512171552506,1000,4,"SSP3-7.0"
"CR-Ab","ssp370","Polar Zone",2021,2.05718029040743,2.04889099159161,2.06563280185516,1000,4,"SSP3-7.0"
"CR-Ab","ssp370","Polar Zone",2022,2.05586313329301,2.04356500754956,2.06895832232885,1000,4,"SSP3-7.0"
"CR-Ab","ssp370","Polar Zone",2023,2.43990226244626,2.25084385985173,2.59026776673057,1000,4,"SSP3-7.0"
"CR-Ab","ssp370","Polar Zone",2024,2.71341490583594,2.4164165300131,2.95806952837559,1000,4,"SSP3-7.0"
"CR-Ab","ssp370","Polar Zone",2025,2.85352800619616,2.47332008265359,3.20305133552341,1000,4,"SSP3-7.0"
"CR-Ab","ssp370","Polar Zone",2026,2.98722876863678,2.56431700677626,3.38204633174126,1000,4,"SSP3-7.0"
"CR-Ab","ssp370","Polar Zone",2027,3.07126288608181,2.60836772158969,3.48321374885607,1000,4,"SSP3-7.0"
"CR-Ab","ssp370","Polar Zone",2028,3.13158473870813,2.65311267544176,3.57809434818037,1000,4,"SSP3-7.0"
"CR-Ab","ssp370","Polar Zone",2029,3.16552994915503,2.63857665785958,3.64653421380726,1000,4,"SSP3-7.0"
"CR-Ab","ssp370","Polar Zone",2030,3.21360326661837,2.72135233670083,3.66714425894143,1000,4,"SSP3-7.0"
"CR-Ab","ssp370","Polar Zone",2031,3.26208326995433,2.75697626825813,3.72863389614878,1000,4,"SSP3-7.0"
"CR-Ab","ssp370","Polar Zone",2032,3.31078408613321,2.80152645358247,3.76139781258739,1000,4,"SSP3-7.0"
"CR-Ab","ssp370","Polar Zone",2033,3.32978341594229,2.80397549345694,3.78777357805737,1000,4,"SSP3-7.0"
"CR-Ab","ssp370","Polar Zone",2034,3.36612044987919,2.84734419996206,3.81526725080868,1000,4,"SSP3-7.0"
"CR-Ab","ssp370","Polar Zone",2035,3.32172922837889,2.78966008301096,3.81336672550701,1000,4,"SSP3-7.0"
"CR-Ab","ssp370","Polar Zone",2036,3.26445071769365,2.7347968903458,3.7949475670732,1000,4,"SSP3-7.0"
"CR-Ab","ssp370","Polar Zone",2037,3.30288068367129,2.79697979105137,3.7866236441883,1000,4,"SSP3-7.0"
"CR-Ab","ssp370","Polar Zone",2038,3.37501090515522,2.82572888900168,3.82694202694379,1000,4,"SSP3-7.0"
"CR-Ab","ssp370","Polar Zone",2039,3.36968900941656,2.8143299893709,3.85553014220878,1000,4,"SSP3-7.0"
"CR-Ab","ssp370","Polar Zone",2040,3.30642801544907,2.76349592299094,3.8386133995019,1000,4,"SSP3-7.0"
"CR-Ab","ssp370","Polar Zone",2041,3.26012838389856,2.70407135317506,3.83513285565993,1000,4,"SSP3-7.0"
"CR-Ab","ssp370","Polar Zone",2042,3.263122726649,2.73391139006588,3.83176268653177,1000,4,"SSP3-7.0"
"CR-Ab","ssp370","Polar Zone",2043,3.24524178205065,2.67892780894908,3.84345279083436,1000,4,"SSP3-7.0"
"CR-Ab","ssp370","Polar Zone",2044,3.25233536898155,2.65939386730208,3.86106654573646,1000,4,"SSP3-7.0"
"CR-Ab","ssp370","Polar Zone",2045,3.26093526400948,2.66101223074517,3.87640795307006,1000,4,"SSP3-7.0"
"CR-Ab","ssp370","Polar Zone",2046,3.22472181046097,2.61672348187422,3.84965000798989,1000,4,"SSP3-7.0"
"CR-Ab","ssp370","Polar Zone",2047,3.24974697692055,2.65791258595467,3.86855918348755,1000,4,"SSP3-7.0"
"CR-Ab","ssp370","Polar Zone",2048,3.25453506917671,2.64658717753344,3.88408550615875,1000,4,"SSP3-7.0"
"CR-Ab","ssp370","Polar Zone",2049,3.21477480090136,2.63078909784112,3.85811087192621,1000,4,"SSP3-7.0"
"CR-Ab","ssp370","Polar Zone",2050,3.203726005689,2.58158862602229,3.85910583832135,1000,4,"SSP3-7.0"
"CR-Ab","ssp370","Polar Zone",2051,3.19134076981744,2.58988633781791,3.82366548734391,1000,4,"SSP3-7.0"
"CR-Ab","ssp370","Polar Zone",2052,3.19462258838632,2.58749196379013,3.82076112455621,1000,4,"SSP3-7.0"
"CR-Ab","ssp370","Polar Zone",2053,3.18335851817832,2.55574617894261,3.84539382661066,1000,4,"SSP3-7.0"
"CR-Ab","ssp370","Polar Zone",2054,3.17855078646553,2.50073156795033,3.86961825886537,1000,4,"SSP3-7.0"
"CR-Ab","ssp370","Polar Zone",2055,3.17405441744369,2.45741213195962,3.87253913937181,1000,4,"SSP3-7.0"
"CR-Ab","ssp370","Polar Zone",2056,3.17353860751192,2.4174310480529,3.89535397334291,1000,4,"SSP3-7.0"
"CR-Ab","ssp370","Polar Zone",2057,3.18883140274811,2.40369426524733,3.91759721038738,1000,4,"SSP3-7.0"
"CR-Ab","ssp370","Polar Zone",2058,3.19034712404396,2.38055152895301,3.93722575779848,1000,4,"SSP3-7.0"
"CR-Ab","ssp370","Polar Zone",2059,3.12929719726996,2.34218961968949,3.87173236729706,1000,4,"SSP3-7.0"
"CR-Ab","ssp370","Polar Zone",2060,3.07744579008372,2.27871334774718,3.82311560261518,1000,4,"SSP3-7.0"
"CR-Ab","ssp370","Polar Zone",2061,3.10807330989818,2.33814507971933,3.85341083738223,1000,4,"SSP3-7.0"
"CR-Ab","ssp370","Polar Zone",2062,3.11703885335605,2.40268236367414,3.86533327939163,1000,4,"SSP3-7.0"
"CR-Ab","ssp370","Polar Zone",2063,3.08926672356009,2.36558907022124,3.82353030638624,1000,4,"SSP3-7.0"
"CR-Ab","ssp370","Polar Zone",2064,3.05670065428417,2.31416524513366,3.80702479292933,1000,4,"SSP3-7.0"
"CR-Ab","ssp370","Polar Zone",2065,3.07061315210539,2.36011804179517,3.80462170219164,1000,4,"SSP3-7.0"
"CR-Ab","ssp370","Polar Zone",2066,3.08411078500174,2.3478872205714,3.82060900179551,1000,4,"SSP3-7.0"
"CR-Ab","ssp370","Polar Zone",2067,3.10511118874428,2.33601069251105,3.86038019026823,1000,4,"SSP3-7.0"
"CR-Ab","ssp370","Polar Zone",2068,3.0867584480071,2.38001793422757,3.81157967926373,1000,4,"SSP3-7.0"
"CR-Ab","ssp370","Polar Zone",2069,3.08577280814304,2.36073871638553,3.82023103204628,1000,4,"SSP3-7.0"
"CR-Ab","ssp370","Polar Zone",2070,3.09654893949313,2.36752189982625,3.83297353111356,1000,4,"SSP3-7.0"
"CR-Ab","ssp370","Polar Zone",2071,3.08145362584522,2.32494686576522,3.84899733507863,1000,4,"SSP3-7.0"
"CR-Ab","ssp370","Polar Zone",2072,3.04285814614409,2.27944545781559,3.80430872876098,1000,4,"SSP3-7.0"
"CR-Ab","ssp370","Polar Zone",2073,3.05105939112059,2.27856452059309,3.81645224441459,1000,4,"SSP3-7.0"
"CR-Ab","ssp370","Polar Zone",2074,3.0034405608965,2.22258695466336,3.77892852491801,1000,4,"SSP3-7.0"
"CR-Ab","ssp370","Polar Zone",2075,2.98293757209043,2.22972299906764,3.77787734776442,1000,4,"SSP3-7.0"
"CR-Ab","ssp370","Polar Zone",2076,2.95001464804276,2.19994351861433,3.74214858564061,1000,4,"SSP3-7.0"
"CR-Ab","ssp370","Polar Zone",2077,2.93898432916188,2.21571236874273,3.69574542732971,1000,4,"SSP3-7.0"
"CR-Ab","ssp370","Polar Zone",2078,2.90890815614574,2.22769482793881,3.64752453555943,1000,4,"SSP3-7.0"
"CR-Ab","ssp370","Polar Zone",2079,2.89795290740164,2.20711387097161,3.65092662514075,1000,4,"SSP3-7.0"
"CR-Ab","ssp370","Polar Zone",2080,2.88335835913523,2.19895666527991,3.64062740803509,1000,4,"SSP3-7.0"
"CR-Ab","ssp370","Polar Zone",2081,2.90697856591182,2.2436959186066,3.662545534454,1000,4,"SSP3-7.0"
"CR-Ab","ssp370","Polar Zone",2082,2.85715342947694,2.21006077768673,3.64214856823765,1000,4,"SSP3-7.0"
"CR-Ab","ssp370","Polar Zone",2083,2.85840835656116,2.19317256931942,3.63864634322793,1000,4,"SSP3-7.0"
"CR-Ab","ssp370","Polar Zone",2084,2.85202616961575,2.1817404450794,3.6369940335985,1000,4,"SSP3-7.0"
"CR-Ab","ssp370","Polar Zone",2085,2.84485039093678,2.18267907597238,3.61109812248368,1000,4,"SSP3-7.0"
"CR-Ab","ssp370","Polar Zone",2086,2.83782312789142,2.2639144703129,3.53583280673579,1000,4,"SSP3-7.0"
"CR-Ab","ssp370","Polar Zone",2087,2.85407426067373,2.26257998363524,3.55861616190025,1000,4,"SSP3-7.0"
"CR-Ab","ssp370","Polar Zone",2088,2.86039555924638,2.23415787245298,3.5521058838532,1000,4,"SSP3-7.0"
"CR-Ab","ssp370","Polar Zone",2089,2.84645420476301,2.20342212357533,3.53823147200886,1000,4,"SSP3-7.0"
"CR-Ab","ssp370","Polar Zone",2090,2.83210609179702,2.22980613285299,3.45664382315086,1000,4,"SSP3-7.0"
"CR-Ab","ssp370","Polar Zone",2091,2.82943291617979,2.24451598501685,3.49764782811411,1000,4,"SSP3-7.0"
"CR-Ab","ssp370","Polar Zone",2092,2.7768948141463,2.2108683545015,3.37837029171623,1000,4,"SSP3-7.0"
"CR-Ab","ssp370","Polar Zone",2093,2.74558875383904,2.15381018361518,3.3971541146283,1000,4,"SSP3-7.0"
"CR-Ab","ssp370","Polar Zone",2094,2.75221990096044,2.15485446241626,3.37992678215976,1000,4,"SSP3-7.0"
"CR-Ab","ssp370","Polar Zone",2095,2.77217500446036,2.14332617656472,3.40230553240517,1000,4,"SSP3-7.0"
"CR-Ab","ssp370","Polar Zone",2096,2.79712342400275,2.17493431607862,3.44746987516699,1000,4,"SSP3-7.0"
"CR-Ab","ssp370","Polar Zone",2097,2.8152615421134,2.18962195076127,3.46603140398792,1000,4,"SSP3-7.0"
"CR-Ab","ssp370","Polar Zone",2098,2.82315628206407,2.17562283461985,3.5051221242196,1000,4,"SSP3-7.0"
"CR-Ab","ssp370","Polar Zone",2099,2.80658208279734,2.1984333317965,3.45785991262831,1000,4,"SSP3-7.0"
"CR-Ab","ssp370","Polar Zone",2100,2.81008968256863,2.18250895572588,3.49486267144901,1000,4,"SSP3-7.0"
"CR-Ab","ssp585","Polar Zone",2020,2.05200123923891,2.04300964451303,2.06014339329459,1000,4,"SSP5-8.5"
"CR-Ab","ssp585","Polar Zone",2021,2.05343690585399,2.04363333047678,2.06327280593599,1000,4,"SSP5-8.5"
"CR-Ab","ssp585","Polar Zone",2022,2.05316183767439,2.03982500463682,2.06698656654786,1000,4,"SSP5-8.5"
"CR-Ab","ssp585","Polar Zone",2023,2.4832737312279,2.27408165772851,2.62539235025153,1000,4,"SSP5-8.5"
"CR-Ab","ssp585","Polar Zone",2024,2.75635980966058,2.43743748461372,2.99757452767994,1000,4,"SSP5-8.5"
"CR-Ab","ssp585","Polar Zone",2025,2.9371403411824,2.5507164405409,3.25841884213705,1000,4,"SSP5-8.5"
"CR-Ab","ssp585","Polar Zone",2026,3.07138824967531,2.64472268299331,3.4382429923653,1000,4,"SSP5-8.5"
"CR-Ab","ssp585","Polar Zone",2027,3.20467639612072,2.72032774697956,3.56817219095822,1000,4,"SSP5-8.5"
"CR-Ab","ssp585","Polar Zone",2028,3.22248962028931,2.73926562743846,3.6536495637616,1000,4,"SSP5-8.5"
"CR-Ab","ssp585","Polar Zone",2029,3.24807649418377,2.73382584980116,3.70771673205215,1000,4,"SSP5-8.5"
"CR-Ab","ssp585","Polar Zone",2030,3.25674987128955,2.72454791302515,3.73717818755138,1000,4,"SSP5-8.5"
"CR-Ab","ssp585","Polar Zone",2031,3.25854804578884,2.70840757294167,3.73780728983765,1000,4,"SSP5-8.5"
"CR-Ab","ssp585","Polar Zone",2032,3.23705450611263,2.70185606106458,3.78174322519601,1000,4,"SSP5-8.5"
"CR-Ab","ssp585","Polar Zone",2033,3.28145817516985,2.70073970180658,3.81686285038267,1000,4,"SSP5-8.5"
"CR-Ab","ssp585","Polar Zone",2034,3.33783856010428,2.79759724728128,3.84039828383159,1000,4,"SSP5-8.5"
"CR-Ab","ssp585","Polar Zone",2035,3.40007215324815,2.8365591005616,3.85332584955094,1000,4,"SSP5-8.5"
"CR-Ab","ssp585","Polar Zone",2036,3.43613638323457,2.84781597699195,3.86980336114299,1000,4,"SSP5-8.5"
"CR-Ab","ssp585","Polar Zone",2037,3.38501560867938,2.80450122802265,3.85971013310514,1000,4,"SSP5-8.5"
"CR-Ab","ssp585","Polar Zone",2038,3.35008713603579,2.79046713114664,3.84179839756912,1000,4,"SSP5-8.5"
"CR-Ab","ssp585","Polar Zone",2039,3.33750064695959,2.79054395748743,3.8446740767655,1000,4,"SSP5-8.5"
"CR-Ab","ssp585","Polar Zone",2040,3.30429423334121,2.7862938004622,3.83980744540056,1000,4,"SSP5-8.5"
"CR-Ab","ssp585","Polar Zone",2041,3.24044624236687,2.696817211906,3.87229740758101,1000,4,"SSP5-8.5"
"CR-Ab","ssp585","Polar Zone",2042,3.1852437912635,2.59764864994609,3.84596750730044,1000,4,"SSP5-8.5"
"CR-Ab","ssp585","Polar Zone",2043,3.18236666432715,2.60371000289353,3.87912534411996,1000,4,"SSP5-8.5"
"CR-Ab","ssp585","Polar Zone",2044,3.20403967234376,2.61716519268583,3.86684003044024,1000,4,"SSP5-8.5"
"CR-Ab","ssp585","Polar Zone",2045,3.2208939260817,2.63296568478684,3.85403936758787,1000,4,"SSP5-8.5"
"CR-Ab","ssp585","Polar Zone",2046,3.23219850889809,2.65443131683798,3.87286431414141,1000,4,"SSP5-8.5"
"CR-Ab","ssp585","Polar Zone",2047,3.22100737768287,2.67255493883817,3.82559592848039,1000,4,"SSP5-8.5"
"CR-Ab","ssp585","Polar Zone",2048,3.22426475288409,2.64626500108821,3.84726706496971,1000,4,"SSP5-8.5"
"CR-Ab","ssp585","Polar Zone",2049,3.23723505746873,2.67717699789988,3.86855151049876,1000,4,"SSP5-8.5"
"CR-Ab","ssp585","Polar Zone",2050,3.23115381232293,2.66348303431949,3.87162157547484,1000,4,"SSP5-8.5"
"CR-Ab","ssp585","Polar Zone",2051,3.18978429674996,2.59962596301866,3.89808957477789,1000,4,"SSP5-8.5"
"CR-Ab","ssp585","Polar Zone",2052,3.14798380813427,2.50019379377771,3.91858547461042,1000,4,"SSP5-8.5"
"CR-Ab","ssp585","Polar Zone",2053,3.15301407268787,2.49722021818908,3.93234511050209,1000,4,"SSP5-8.5"
"CR-Ab","ssp585","Polar Zone",2054,3.12923116240173,2.5012400943285,3.89155446673606,1000,4,"SSP5-8.5"
"CR-Ab","ssp585","Polar Zone",2055,3.10130590702702,2.49337697805988,3.79440664268407,1000,4,"SSP5-8.5"
"CR-Ab","ssp585","Polar Zone",2056,3.05985286242558,2.41788945600822,3.78817668778899,1000,4,"SSP5-8.5"
"CR-Ab","ssp585","Polar Zone",2057,3.05095645700083,2.36626490723529,3.81816441037837,1000,4,"SSP5-8.5"
"CR-Ab","ssp585","Polar Zone",2058,3.03725206594067,2.37490849250678,3.80056564250196,1000,4,"SSP5-8.5"
"CR-Ab","ssp585","Polar Zone",2059,3.05220200150419,2.39887396498334,3.81776175190926,1000,4,"SSP5-8.5"
"CR-Ab","ssp585","Polar Zone",2060,3.02139291205154,2.34289993320086,3.82761592898591,1000,4,"SSP5-8.5"
"CR-Ab","ssp585","Polar Zone",2061,3.05239947789982,2.34366216604416,3.85557088676634,1000,4,"SSP5-8.5"
"CR-Ab","ssp585","Polar Zone",2062,3.02811113970397,2.26757416921307,3.86088991266465,1000,4,"SSP5-8.5"
"CR-Ab","ssp585","Polar Zone",2063,3.00548651371339,2.30682781515872,3.82218355010885,1000,4,"SSP5-8.5"
"CR-Ab","ssp585","Polar Zone",2064,3.0187259151323,2.28426573276849,3.8249724313066,1000,4,"SSP5-8.5"
"CR-Ab","ssp585","Polar Zone",2065,3.03560939258193,2.3158440538848,3.84276601884166,1000,4,"SSP5-8.5"
"CR-Ab","ssp585","Polar Zone",2066,2.97553191260184,2.30930535294235,3.7153796796279,1000,4,"SSP5-8.5"
"CR-Ab","ssp585","Polar Zone",2067,3.03206186942956,2.40631842471275,3.74779026428826,1000,4,"SSP5-8.5"
"CR-Ab","ssp585","Polar Zone",2068,3.03147726348525,2.35985464109705,3.81648704965126,1000,4,"SSP5-8.5"
"CR-Ab","ssp585","Polar Zone",2069,3.01580440930023,2.3346369149278,3.79389135494104,1000,4,"SSP5-8.5"
"CR-Ab","ssp585","Polar Zone",2070,3.02923562986131,2.30021827051047,3.82601975200881,1000,4,"SSP5-8.5"
"CR-Ab","ssp585","Polar Zone",2071,3.02476978147533,2.28401192545652,3.84250005177075,1000,4,"SSP5-8.5"
"CR-Ab","ssp585","Polar Zone",2072,2.97517702896319,2.23947973276991,3.80831226042495,1000,4,"SSP5-8.5"
"CR-Ab","ssp585","Polar Zone",2073,2.90738403485802,2.20426164832898,3.721253961851,1000,4,"SSP5-8.5"
"CR-Ab","ssp585","Polar Zone",2074,2.86626328543927,2.20712064465548,3.6115309047579,1000,4,"SSP5-8.5"
"CR-Ab","ssp585","Polar Zone",2075,2.85773215781447,2.22476991952601,3.58420764006184,1000,4,"SSP5-8.5"
"CR-Ab","ssp585","Polar Zone",2076,2.86463586448064,2.22651320579517,3.58786788084449,1000,4,"SSP5-8.5"
"CR-Ab","ssp585","Polar Zone",2077,2.89545532998249,2.21431306819456,3.63866665664498,1000,4,"SSP5-8.5"
"CR-Ab","ssp585","Polar Zone",2078,2.92413482903068,2.19918745680051,3.7311706163518,1000,4,"SSP5-8.5"
"CR-Ab","ssp585","Polar Zone",2079,2.89738336404906,2.19542074094224,3.69724440918559,1000,4,"SSP5-8.5"
"CR-Ab","ssp585","Polar Zone",2080,2.86509828473425,2.18295454268003,3.69049653618033,1000,4,"SSP5-8.5"
"CR-Ab","ssp585","Polar Zone",2081,2.86461584271929,2.19614447588323,3.68491285206083,1000,4,"SSP5-8.5"
"CR-Ab","ssp585","Polar Zone",2082,2.91479291302526,2.26269022490169,3.75796910721444,1000,4,"SSP5-8.5"
"CR-Ab","ssp585","Polar Zone",2083,2.9135321916466,2.22585628418697,3.7652133451931,1000,4,"SSP5-8.5"
"CR-Ab","ssp585","Polar Zone",2084,2.92203437781082,2.22393362990045,3.80561152409035,1000,4,"SSP5-8.5"
"CR-Ab","ssp585","Polar Zone",2085,2.86142485860357,2.16961947449931,3.79366485471752,1000,4,"SSP5-8.5"
"CR-Ab","ssp585","Polar Zone",2086,2.83785908258893,2.13676388887036,3.71491174836258,1000,4,"SSP5-8.5"
"CR-Ab","ssp585","Polar Zone",2087,2.81272112274912,2.12213986845743,3.69148481053492,1000,4,"SSP5-8.5"
"CR-Ab","ssp585","Polar Zone",2088,2.75506616045682,2.11148188817071,3.55729606819864,1000,4,"SSP5-8.5"
"CR-Ab","ssp585","Polar Zone",2089,2.7493571610144,2.09155564182315,3.57496629861171,1000,4,"SSP5-8.5"
"CR-Ab","ssp585","Polar Zone",2090,2.71668835342244,2.0718815230822,3.47119585915792,1000,4,"SSP5-8.5"
"CR-Ab","ssp585","Polar Zone",2091,2.66379709016434,2.05888292181561,3.32846744374776,1000,4,"SSP5-8.5"
"CR-Ab","ssp585","Polar Zone",2092,2.62678901174825,2.03875952031389,3.2601423269644,1000,4,"SSP5-8.5"
"CR-Ab","ssp585","Polar Zone",2093,2.60017149500521,2.01576081504699,3.24512652433841,1000,4,"SSP5-8.5"
"CR-Ab","ssp585","Polar Zone",2094,2.5759824837513,2.00428969164436,3.19752319173018,1000,4,"SSP5-8.5"
"CR-Ab","ssp585","Polar Zone",2095,2.58542142491753,2.02766200563152,3.13910031400136,1000,4,"SSP5-8.5"
"CR-Ab","ssp585","Polar Zone",2096,2.56013982633658,2.01524909582739,3.09236816034689,1000,4,"SSP5-8.5"
"CR-Ab","ssp585","Polar Zone",2097,2.56134397579,2.02555899434766,3.09245118077902,1000,4,"SSP5-8.5"
"CR-Ab","ssp585","Polar Zone",2098,2.63424115306097,2.07102854439748,3.15221762631415,1000,4,"SSP5-8.5"
"CR-Ab","ssp585","Polar Zone",2099,2.64334535056191,2.057323503006,3.24489210094946,1000,4,"SSP5-8.5"
"CR-Ab","ssp585","Polar Zone",2100,2.6084029783344,2.023369505036,3.28394674406722,1000,4,"SSP5-8.5"
"CR-Ec","ssp126","Polar Zone",2020,0.0318997681372896,0.0310051417678936,0.0328780735169618,1000,4,"SSP1-2.6"
"CR-Ec","ssp126","Polar Zone",2021,0.0318310749418775,0.0310267084904467,0.0326870708392411,1000,4,"SSP1-2.6"
"CR-Ec","ssp126","Polar Zone",2022,0.0317907248037901,0.0308430657210758,0.0327463537059611,1000,4,"SSP1-2.6"
"CR-Ec","ssp126","Polar Zone",2023,0.0311223804155237,0.0299891710514637,0.0322787121009118,1000,4,"SSP1-2.6"
"CR-Ec","ssp126","Polar Zone",2024,0.0306294522541765,0.0294314141285486,0.0319018723569418,1000,4,"SSP1-2.6"
"CR-Ec","ssp126","Polar Zone",2025,0.0302680592377753,0.0288964218075498,0.0315964753438188,1000,4,"SSP1-2.6"
"CR-Ec","ssp126","Polar Zone",2026,0.0299981330381773,0.0286816827273676,0.0313580203072189,1000,4,"SSP1-2.6"
"CR-Ec","ssp126","Polar Zone",2027,0.0298209694268189,0.0284827708132799,0.0312317163456836,1000,4,"SSP1-2.6"
"CR-Ec","ssp126","Polar Zone",2028,0.0297034441818171,0.028264800661606,0.0311811319171679,1000,4,"SSP1-2.6"
"CR-Ec","ssp126","Polar Zone",2029,0.0296318337740148,0.0281739751615127,0.0310685586471612,1000,4,"SSP1-2.6"
"CR-Ec","ssp126","Polar Zone",2030,0.0295702990957754,0.0281150723972373,0.0310228492455659,1000,4,"SSP1-2.6"
"CR-Ec","ssp126","Polar Zone",2031,0.0295229188683485,0.0280594684964003,0.030992879240481,1000,4,"SSP1-2.6"
"CR-Ec","ssp126","Polar Zone",2032,0.0294922976990897,0.0280308903739452,0.0309855226435545,1000,4,"SSP1-2.6"
"CR-Ec","ssp126","Polar Zone",2033,0.0294661354627587,0.0280193500711584,0.0308790384965577,1000,4,"SSP1-2.6"
"CR-Ec","ssp126","Polar Zone",2034,0.0294720646955962,0.028047487253751,0.0308330589924748,1000,4,"SSP1-2.6"
"CR-Ec","ssp126","Polar Zone",2035,0.0294644231205513,0.028067903098897,0.0308795571485807,1000,4,"SSP1-2.6"
"CR-Ec","ssp126","Polar Zone",2036,0.0294679742954868,0.0280033494068595,0.0308786049243446,1000,4,"SSP1-2.6"
"CR-Ec","ssp126","Polar Zone",2037,0.0294764098666839,0.0280463710456928,0.0308838254350074,1000,4,"SSP1-2.6"
"CR-Ec","ssp126","Polar Zone",2038,0.0295000303245113,0.0280347697979279,0.0309240359991965,1000,4,"SSP1-2.6"
"CR-Ec","ssp126","Polar Zone",2039,0.0295200573996256,0.0279970580801465,0.0309718934340311,1000,4,"SSP1-2.6"
"CR-Ec","ssp126","Polar Zone",2040,0.0295393946018775,0.0280228582729749,0.0309408333636316,1000,4,"SSP1-2.6"
"CR-Ec","ssp126","Polar Zone",2041,0.0295478470825475,0.0280298596992209,0.0310100682977151,1000,4,"SSP1-2.6"
"CR-Ec","ssp126","Polar Zone",2042,0.0295553118191739,0.0280891115309742,0.0311202982060867,1000,4,"SSP1-2.6"
"CR-Ec","ssp126","Polar Zone",2043,0.0295758251665734,0.0280750641916831,0.0311347077652228,1000,4,"SSP1-2.6"
"CR-Ec","ssp126","Polar Zone",2044,0.0295950627787326,0.0281508461010801,0.0311534818203359,1000,4,"SSP1-2.6"
"CR-Ec","ssp126","Polar Zone",2045,0.0296168943530083,0.0281796029979488,0.0311953582110262,1000,4,"SSP1-2.6"
"CR-Ec","ssp126","Polar Zone",2046,0.0296347844272977,0.0282760578506333,0.0312545698540601,1000,4,"SSP1-2.6"
"CR-Ec","ssp126","Polar Zone",2047,0.029661342886028,0.0282883869856061,0.0312858181293395,1000,4,"SSP1-2.6"
"CR-Ec","ssp126","Polar Zone",2048,0.0296909634518756,0.0283034566447385,0.031189702837082,1000,4,"SSP1-2.6"
"CR-Ec","ssp126","Polar Zone",2049,0.0297171977003309,0.0282967896070516,0.0312710220752135,1000,4,"SSP1-2.6"
"CR-Ec","ssp126","Polar Zone",2050,0.0297574317126252,0.0282825151297991,0.0312475975400857,1000,4,"SSP1-2.6"
"CR-Ec","ssp126","Polar Zone",2051,0.0297945125735947,0.0282891725650076,0.0312471937137605,1000,4,"SSP1-2.6"
"CR-Ec","ssp126","Polar Zone",2052,0.0298309788885346,0.028380434420262,0.0312606917930105,1000,4,"SSP1-2.6"
"CR-Ec","ssp126","Polar Zone",2053,0.0298561083450395,0.0284458188865065,0.0312874111872537,1000,4,"SSP1-2.6"
"CR-Ec","ssp126","Polar Zone",2054,0.0298788166429736,0.028440776011942,0.0313446730155992,1000,4,"SSP1-2.6"
"CR-Ec","ssp126","Polar Zone",2055,0.0298920118074353,0.0284930105074169,0.0314129863972325,1000,4,"SSP1-2.6"
"CR-Ec","ssp126","Polar Zone",2056,0.0299047574727035,0.0285253559397357,0.0314925247799731,1000,4,"SSP1-2.6"
"CR-Ec","ssp126","Polar Zone",2057,0.0299448367446638,0.0284854224705991,0.0315239713762692,1000,4,"SSP1-2.6"
"CR-Ec","ssp126","Polar Zone",2058,0.0299757202450177,0.0285605521385461,0.0316561297005417,1000,4,"SSP1-2.6"
"CR-Ec","ssp126","Polar Zone",2059,0.0300104261163477,0.0285516283129016,0.0316608019205072,1000,4,"SSP1-2.6"
"CR-Ec","ssp126","Polar Zone",2060,0.030028248400226,0.0285795910901046,0.0316499414354371,1000,4,"SSP1-2.6"
"CR-Ec","ssp126","Polar Zone",2061,0.0300488136128587,0.0286408147327791,0.031684614814486,1000,4,"SSP1-2.6"
"CR-Ec","ssp126","Polar Zone",2062,0.030064562802663,0.0286254125541866,0.0316792340772047,1000,4,"SSP1-2.6"
"CR-Ec","ssp126","Polar Zone",2063,0.0300561072381859,0.0286014727306962,0.0315453060302982,1000,4,"SSP1-2.6"
"CR-Ec","ssp126","Polar Zone",2064,0.0300426616019466,0.0285764433188972,0.0315672110720313,1000,4,"SSP1-2.6"
"CR-Ec","ssp126","Polar Zone",2065,0.030030953498285,0.0286370836999593,0.0314855867344714,1000,4,"SSP1-2.6"
"CR-Ec","ssp126","Polar Zone",2066,0.0300164141793865,0.028556736657977,0.0314896898568138,1000,4,"SSP1-2.6"
"CR-Ec","ssp126","Polar Zone",2067,0.029997513700516,0.0285870247017873,0.0314699394158356,1000,4,"SSP1-2.6"
"CR-Ec","ssp126","Polar Zone",2068,0.0299823506736162,0.0285302893335604,0.0314909242166899,1000,4,"SSP1-2.6"
"CR-Ec","ssp126","Polar Zone",2069,0.0299521806934408,0.028422721587766,0.0313819934670334,1000,4,"SSP1-2.6"
"CR-Ec","ssp126","Polar Zone",2070,0.029935651967201,0.0284383954468746,0.0314442030128644,1000,4,"SSP1-2.6"
"CR-Ec","ssp126","Polar Zone",2071,0.0299327640210321,0.0284272184882262,0.031461034599042,1000,4,"SSP1-2.6"
"CR-Ec","ssp126","Polar Zone",2072,0.0299150779374952,0.0284249631198868,0.0313837703075192,1000,4,"SSP1-2.6"
"CR-Ec","ssp126","Polar Zone",2073,0.0299018012635163,0.028438504696286,0.031412907927069,1000,4,"SSP1-2.6"
"CR-Ec","ssp126","Polar Zone",2074,0.0298878529657782,0.0284322536509024,0.031372855798749,1000,4,"SSP1-2.6"
"CR-Ec","ssp126","Polar Zone",2075,0.02986861693691,0.0283932865428879,0.031378654333445,1000,4,"SSP1-2.6"
"CR-Ec","ssp126","Polar Zone",2076,0.0298350980554923,0.0282448243448544,0.031334612334478,1000,4,"SSP1-2.6"
"CR-Ec","ssp126","Polar Zone",2077,0.0298142257217708,0.0282019329912684,0.0313498663585974,1000,4,"SSP1-2.6"
"CR-Ec","ssp126","Polar Zone",2078,0.0297994123033248,0.028227413782406,0.0313432977586007,1000,4,"SSP1-2.6"
"CR-Ec","ssp126","Polar Zone",2079,0.0297980447749928,0.0282541157519343,0.0312652134481038,1000,4,"SSP1-2.6"
"CR-Ec","ssp126","Polar Zone",2080,0.0297763013233902,0.0281992166454504,0.0312747407096874,1000,4,"SSP1-2.6"
"CR-Ec","ssp126","Polar Zone",2081,0.0297631224377622,0.0282271578601292,0.0313679375653902,1000,4,"SSP1-2.6"
"CR-Ec","ssp126","Polar Zone",2082,0.0297457302034913,0.0281983610681361,0.0313042502357839,1000,4,"SSP1-2.6"
"CR-Ec","ssp126","Polar Zone",2083,0.0297194421066934,0.0282438986578993,0.0312574132110004,1000,4,"SSP1-2.6"
"CR-Ec","ssp126","Polar Zone",2084,0.0296921945573062,0.0281516658772602,0.031229930260177,1000,4,"SSP1-2.6"
"CR-Ec","ssp126","Polar Zone",2085,0.0296666264780065,0.0281407492277251,0.0311694950645775,1000,4,"SSP1-2.6"
"CR-Ec","ssp126","Polar Zone",2086,0.0296475086109573,0.0281212623429523,0.0310624202871491,1000,4,"SSP1-2.6"
"CR-Ec","ssp126","Polar Zone",2087,0.0296287227870942,0.0281370406548399,0.0311061120247387,1000,4,"SSP1-2.6"
"CR-Ec","ssp126","Polar Zone",2088,0.0296112714371872,0.0281287995430572,0.0310458130127606,1000,4,"SSP1-2.6"
"CR-Ec","ssp126","Polar Zone",2089,0.0296083560153524,0.0281393186934476,0.0311068779773362,1000,4,"SSP1-2.6"
"CR-Ec","ssp126","Polar Zone",2090,0.0295979970792507,0.0281523479125958,0.0310994782185321,1000,4,"SSP1-2.6"
"CR-Ec","ssp126","Polar Zone",2091,0.0295816700732923,0.0281121169196168,0.0310992794800768,1000,4,"SSP1-2.6"
"CR-Ec","ssp126","Polar Zone",2092,0.0295796672329915,0.0280339801176503,0.0311477454906388,1000,4,"SSP1-2.6"
"CR-Ec","ssp126","Polar Zone",2093,0.0295535266469128,0.0280894079236128,0.0311361876572171,1000,4,"SSP1-2.6"
"CR-Ec","ssp126","Polar Zone",2094,0.0295189686848116,0.0281381035994617,0.0310819710431736,1000,4,"SSP1-2.6"
"CR-Ec","ssp126","Polar Zone",2095,0.0294898715598025,0.028083804708049,0.030962002511669,1000,4,"SSP1-2.6"
"CR-Ec","ssp126","Polar Zone",2096,0.0294560544998853,0.0280756567507198,0.0309354986092441,1000,4,"SSP1-2.6"
"CR-Ec","ssp126","Polar Zone",2097,0.0294499996053965,0.0280060728464215,0.0310181810964192,1000,4,"SSP1-2.6"
"CR-Ec","ssp126","Polar Zone",2098,0.0294342048237818,0.0279422485765952,0.0310507672270822,1000,4,"SSP1-2.6"
"CR-Ec","ssp126","Polar Zone",2099,0.0294176954512389,0.0279318504152515,0.0309234092797932,1000,4,"SSP1-2.6"
"CR-Ec","ssp126","Polar Zone",2100,0.0293967011303022,0.0279161456546679,0.0308411435395714,1000,4,"SSP1-2.6"
"CR-Ec","ssp245","Polar Zone",2020,0.0316756954108912,0.0298388969432312,0.0329827216501877,1000,4,"SSP2-4.5"
"CR-Ec","ssp245","Polar Zone",2021,0.0316390303271792,0.0302024868316651,0.0327929958461239,1000,4,"SSP2-4.5"
"CR-Ec","ssp245","Polar Zone",2022,0.0316360008032691,0.0302305125029941,0.0329124040901198,1000,4,"SSP2-4.5"
"CR-Ec","ssp245","Polar Zone",2023,0.0309376463349902,0.029520701571511,0.0323645014790387,1000,4,"SSP2-4.5"
"CR-Ec","ssp245","Polar Zone",2024,0.0304415212855358,0.028942320724946,0.0319583355830971,1000,4,"SSP2-4.5"
"CR-Ec","ssp245","Polar Zone",2025,0.0300699507442274,0.0286009826486756,0.0315605464366039,1000,4,"SSP2-4.5"
"CR-Ec","ssp245","Polar Zone",2026,0.0298377100286771,0.0283893895681643,0.031263945350551,1000,4,"SSP2-4.5"
"CR-Ec","ssp245","Polar Zone",2027,0.0296861848412292,0.0281668988812611,0.031243899247568,1000,4,"SSP2-4.5"
"CR-Ec","ssp245","Polar Zone",2028,0.0296101462310162,0.0280307253406183,0.031278103893602,1000,4,"SSP2-4.5"
"CR-Ec","ssp245","Polar Zone",2029,0.0295622206963949,0.027824443304769,0.0312972800245078,1000,4,"SSP2-4.5"
"CR-Ec","ssp245","Polar Zone",2030,0.0295371620419321,0.0278327114990021,0.0312985861798705,1000,4,"SSP2-4.5"
"CR-Ec","ssp245","Polar Zone",2031,0.0295160455002477,0.0278616616602952,0.0312816778219339,1000,4,"SSP2-4.5"
"CR-Ec","ssp245","Polar Zone",2032,0.029526279799839,0.0278680640965704,0.0312749198456575,1000,4,"SSP2-4.5"
"CR-Ec","ssp245","Polar Zone",2033,0.0295389021290143,0.0278567633181598,0.0313073731144598,1000,4,"SSP2-4.5"
"CR-Ec","ssp245","Polar Zone",2034,0.0295825616969065,0.0278050870671019,0.0311801768101928,1000,4,"SSP2-4.5"
"CR-Ec","ssp245","Polar Zone",2035,0.0296045484020265,0.027879985780561,0.0312242575236785,1000,4,"SSP2-4.5"
"CR-Ec","ssp245","Polar Zone",2036,0.0296510443285051,0.0280190316634824,0.0312269150783158,1000,4,"SSP2-4.5"
"CR-Ec","ssp245","Polar Zone",2037,0.0296923679394152,0.0280847315252418,0.0313803888674776,1000,4,"SSP2-4.5"
"CR-Ec","ssp245","Polar Zone",2038,0.0297554947386877,0.0281426252794396,0.0314314378274141,1000,4,"SSP2-4.5"
"CR-Ec","ssp245","Polar Zone",2039,0.0298262223958212,0.0280704683503668,0.0314941564523332,1000,4,"SSP2-4.5"
"CR-Ec","ssp245","Polar Zone",2040,0.0298883645327541,0.0280018084667649,0.0314440403140769,1000,4,"SSP2-4.5"
"CR-Ec","ssp245","Polar Zone",2041,0.0299554331380033,0.0280449200051177,0.0316572536017635,1000,4,"SSP2-4.5"
"CR-Ec","ssp245","Polar Zone",2042,0.0300371969243283,0.0282818068034382,0.0317095391521066,1000,4,"SSP2-4.5"
"CR-Ec","ssp245","Polar Zone",2043,0.0301092111355841,0.0284312271340682,0.0317962018624221,1000,4,"SSP2-4.5"
"CR-Ec","ssp245","Polar Zone",2044,0.030175405771766,0.0284400889621205,0.0319463735859283,1000,4,"SSP2-4.5"
"CR-Ec","ssp245","Polar Zone",2045,0.0302472997409087,0.0285557840340642,0.0320081944772036,1000,4,"SSP2-4.5"
"CR-Ec","ssp245","Polar Zone",2046,0.0303079336676129,0.0286479636914386,0.0321032292828823,1000,4,"SSP2-4.5"
"CR-Ec","ssp245","Polar Zone",2047,0.0303611154355348,0.0287820501272504,0.0320124316059389,1000,4,"SSP2-4.5"
"CR-Ec","ssp245","Polar Zone",2048,0.0304270957451087,0.0288601771348587,0.0321512351345264,1000,4,"SSP2-4.5"
"CR-Ec","ssp245","Polar Zone",2049,0.0304636490553051,0.0287763258079526,0.0322010285693908,1000,4,"SSP2-4.5"
"CR-Ec","ssp245","Polar Zone",2050,0.0304950404707999,0.028783643970807,0.0321868133631015,1000,4,"SSP2-4.5"
"CR-Ec","ssp245","Polar Zone",2051,0.0305317406766536,0.0288222657516699,0.0322837803717733,1000,4,"SSP2-4.5"
"CR-Ec","ssp245","Polar Zone",2052,0.0305938217890927,0.0288177689171867,0.0322672474263788,1000,4,"SSP2-4.5"
"CR-Ec","ssp245","Polar Zone",2053,0.0306497010855672,0.0289451218449291,0.0324717588959529,1000,4,"SSP2-4.5"
"CR-Ec","ssp245","Polar Zone",2054,0.0306998073404373,0.028964266149944,0.0324675235439229,1000,4,"SSP2-4.5"
"CR-Ec","ssp245","Polar Zone",2055,0.030754874884146,0.0290286045255005,0.032522257554887,1000,4,"SSP2-4.5"
"CR-Ec","ssp245","Polar Zone",2056,0.0308151764651788,0.0290637423195368,0.0325784631133381,1000,4,"SSP2-4.5"
"CR-Ec","ssp245","Polar Zone",2057,0.0308466284504957,0.0290666630618341,0.0326353144656448,1000,4,"SSP2-4.5"
"CR-Ec","ssp245","Polar Zone",2058,0.0308969300427122,0.0290787598980955,0.0325653960309826,1000,4,"SSP2-4.5"
"CR-Ec","ssp245","Polar Zone",2059,0.0309475793099015,0.029136851266916,0.0326871387629059,1000,4,"SSP2-4.5"
"CR-Ec","ssp245","Polar Zone",2060,0.0310012923244547,0.029162264665026,0.0327606873485748,1000,4,"SSP2-4.5"
"CR-Ec","ssp245","Polar Zone",2061,0.0310550614115315,0.0291971583672613,0.0328487557556492,1000,4,"SSP2-4.5"
"CR-Ec","ssp245","Polar Zone",2062,0.0311124905788658,0.0292528294754016,0.0329130897580135,1000,4,"SSP2-4.5"
"CR-Ec","ssp245","Polar Zone",2063,0.0311551499276421,0.0293424092424507,0.0329450825553129,1000,4,"SSP2-4.5"
"CR-Ec","ssp245","Polar Zone",2064,0.0312059579238717,0.0294117525403628,0.0330231822934575,1000,4,"SSP2-4.5"
"CR-Ec","ssp245","Polar Zone",2065,0.0312469581495579,0.029515742566944,0.0330923477499364,1000,4,"SSP2-4.5"
"CR-Ec","ssp245","Polar Zone",2066,0.0312689703684551,0.0295317378563383,0.0330126811265172,1000,4,"SSP2-4.5"
"CR-Ec","ssp245","Polar Zone",2067,0.0312973928350999,0.029541783872991,0.0330963104586121,1000,4,"SSP2-4.5"
"CR-Ec","ssp245","Polar Zone",2068,0.0313174115683346,0.0295577836570895,0.0331282582883047,1000,4,"SSP2-4.5"
"CR-Ec","ssp245","Polar Zone",2069,0.031323960367034,0.0295146437221934,0.0331747453332004,1000,4,"SSP2-4.5"
"CR-Ec","ssp245","Polar Zone",2070,0.0313384474114154,0.0295268976294747,0.033303073435708,1000,4,"SSP2-4.5"
"CR-Ec","ssp245","Polar Zone",2071,0.0313484050453697,0.0295674608021482,0.0333317340123173,1000,4,"SSP2-4.5"
"CR-Ec","ssp245","Polar Zone",2072,0.0313606271370689,0.0294713793344843,0.0334727430556969,1000,4,"SSP2-4.5"
"CR-Ec","ssp245","Polar Zone",2073,0.0313473929472187,0.029411890073843,0.0333580345507567,1000,4,"SSP2-4.5"
"CR-Ec","ssp245","Polar Zone",2074,0.0313387563325322,0.0295508637012288,0.033298806254628,1000,4,"SSP2-4.5"
"CR-Ec","ssp245","Polar Zone",2075,0.031329244873354,0.0294306123759065,0.0331439273354383,1000,4,"SSP2-4.5"
"CR-Ec","ssp245","Polar Zone",2076,0.0313312934342519,0.0294984717498945,0.0331876527257242,1000,4,"SSP2-4.5"
"CR-Ec","ssp245","Polar Zone",2077,0.0313270077424287,0.0295551413662584,0.0331972828533808,1000,4,"SSP2-4.5"
"CR-Ec","ssp245","Polar Zone",2078,0.0313479507607733,0.029524138342536,0.0332139473251909,1000,4,"SSP2-4.5"
"CR-Ec","ssp245","Polar Zone",2079,0.031336645243738,0.0294678441243202,0.0332574628713051,1000,4,"SSP2-4.5"
"CR-Ec","ssp245","Polar Zone",2080,0.0313327887458057,0.0293384238946261,0.0331695036112066,1000,4,"SSP2-4.5"
"CR-Ec","ssp245","Polar Zone",2081,0.0313520539946806,0.029563543889328,0.0331586927888637,1000,4,"SSP2-4.5"
"CR-Ec","ssp245","Polar Zone",2082,0.0313441938730012,0.0295047788087512,0.0331347501597251,1000,4,"SSP2-4.5"
"CR-Ec","ssp245","Polar Zone",2083,0.0313494903348895,0.0295211132056218,0.0331761934445461,1000,4,"SSP2-4.5"
"CR-Ec","ssp245","Polar Zone",2084,0.0313597781971095,0.0295201946519024,0.0331294346610223,1000,4,"SSP2-4.5"
"CR-Ec","ssp245","Polar Zone",2085,0.0313733430395118,0.029528784330615,0.033266257765306,1000,4,"SSP2-4.5"
"CR-Ec","ssp245","Polar Zone",2086,0.0313603668922269,0.0294270701597003,0.0332890030252161,1000,4,"SSP2-4.5"
"CR-Ec","ssp245","Polar Zone",2087,0.0313514789743794,0.0294415951833304,0.0333624681846011,1000,4,"SSP2-4.5"
"CR-Ec","ssp245","Polar Zone",2088,0.031388287278068,0.0295714663977079,0.033272799997473,1000,4,"SSP2-4.5"
"CR-Ec","ssp245","Polar Zone",2089,0.0314338165167321,0.029614460717022,0.0333518554395581,1000,4,"SSP2-4.5"
"CR-Ec","ssp245","Polar Zone",2090,0.0314502742750596,0.029614394833947,0.0333835126403301,1000,4,"SSP2-4.5"
"CR-Ec","ssp245","Polar Zone",2091,0.0314569653857379,0.0297046241038431,0.0334296102800898,1000,4,"SSP2-4.5"
"CR-Ec","ssp245","Polar Zone",2092,0.031468448505736,0.0297472772134418,0.0333756980720721,1000,4,"SSP2-4.5"
"CR-Ec","ssp245","Polar Zone",2093,0.0314556942665838,0.0297910482258509,0.0333069773468532,1000,4,"SSP2-4.5"
"CR-Ec","ssp245","Polar Zone",2094,0.0314685838943628,0.0297181387562316,0.033203885463601,1000,4,"SSP2-4.5"
"CR-Ec","ssp245","Polar Zone",2095,0.0314964514786236,0.0297968245855089,0.0332472362218218,1000,4,"SSP2-4.5"
"CR-Ec","ssp245","Polar Zone",2096,0.0315178700169814,0.0298145182363467,0.0333598184766031,1000,4,"SSP2-4.5"
"CR-Ec","ssp245","Polar Zone",2097,0.0315315650337105,0.0298032870373376,0.0333340606661553,1000,4,"SSP2-4.5"
"CR-Ec","ssp245","Polar Zone",2098,0.0315485446482574,0.0297917774498528,0.033292996898985,1000,4,"SSP2-4.5"
"CR-Ec","ssp245","Polar Zone",2099,0.0315355785148911,0.0297412869661945,0.0332979077160035,1000,4,"SSP2-4.5"
"CR-Ec","ssp245","Polar Zone",2100,0.0315422664776568,0.0297738688805106,0.0333708700677373,1000,4,"SSP2-4.5"
"CR-Ec","ssp370","Polar Zone",2020,0.0316351254088698,0.0303526241846618,0.032898851052202,1000,4,"SSP3-7.0"
"CR-Ec","ssp370","Polar Zone",2021,0.0315993433876897,0.0304163746440092,0.0327915159251879,1000,4,"SSP3-7.0"
"CR-Ec","ssp370","Polar Zone",2022,0.0316015522848567,0.0302140614404819,0.0329667674079717,1000,4,"SSP3-7.0"
"CR-Ec","ssp370","Polar Zone",2023,0.0308443585617562,0.029325133361121,0.0324178199487146,1000,4,"SSP3-7.0"
"CR-Ec","ssp370","Polar Zone",2024,0.0303466611465987,0.0286520909476683,0.032024340974648,1000,4,"SSP3-7.0"
"CR-Ec","ssp370","Polar Zone",2025,0.0300275455441321,0.0282794655196837,0.0317624724025323,1000,4,"SSP3-7.0"
"CR-Ec","ssp370","Polar Zone",2026,0.029824850795992,0.0279922527280863,0.0316972967423104,1000,4,"SSP3-7.0"
"CR-Ec","ssp370","Polar Zone",2027,0.0296881257344572,0.0278756817474042,0.0316195643645627,1000,4,"SSP3-7.0"
"CR-Ec","ssp370","Polar Zone",2028,0.0296069462817295,0.0278190861856047,0.0315004531622874,1000,4,"SSP3-7.0"
"CR-Ec","ssp370","Polar Zone",2029,0.0295984244715612,0.027757750858735,0.0315977524543531,1000,4,"SSP3-7.0"
"CR-Ec","ssp370","Polar Zone",2030,0.0295882350733231,0.0277329637672532,0.031456646634549,1000,4,"SSP3-7.0"
"CR-Ec","ssp370","Polar Zone",2031,0.0295883642048729,0.0276829856161308,0.0314334799673555,1000,4,"SSP3-7.0"
"CR-Ec","ssp370","Polar Zone",2032,0.0296189431973401,0.0276807414514083,0.0314622587643518,1000,4,"SSP3-7.0"
"CR-Ec","ssp370","Polar Zone",2033,0.0296730649423795,0.0277284171853921,0.0314689243913993,1000,4,"SSP3-7.0"
"CR-Ec","ssp370","Polar Zone",2034,0.0297378262762408,0.0278140064322773,0.0315853490407495,1000,4,"SSP3-7.0"
"CR-Ec","ssp370","Polar Zone",2035,0.0298155514788051,0.0278445017784622,0.0317910366868535,1000,4,"SSP3-7.0"
"CR-Ec","ssp370","Polar Zone",2036,0.0299072337943359,0.0279450846294306,0.0318463117967834,1000,4,"SSP3-7.0"
"CR-Ec","ssp370","Polar Zone",2037,0.0299868617544148,0.0279134864619205,0.0319463411914021,1000,4,"SSP3-7.0"
"CR-Ec","ssp370","Polar Zone",2038,0.0300514882485569,0.0280190653320188,0.0320865236921306,1000,4,"SSP3-7.0"
"CR-Ec","ssp370","Polar Zone",2039,0.0301175002011115,0.0282171617445209,0.0320866549984265,1000,4,"SSP3-7.0"
"CR-Ec","ssp370","Polar Zone",2040,0.0301775302828477,0.0282753484835419,0.0321491488678835,1000,4,"SSP3-7.0"
"CR-Ec","ssp370","Polar Zone",2041,0.0302539979740091,0.0283680815856266,0.032136449462374,1000,4,"SSP3-7.0"
"CR-Ec","ssp370","Polar Zone",2042,0.0303325588633242,0.0284001235801994,0.0321903587058525,1000,4,"SSP3-7.0"
"CR-Ec","ssp370","Polar Zone",2043,0.0304256246352411,0.0286056336006409,0.0322720753782862,1000,4,"SSP3-7.0"
"CR-Ec","ssp370","Polar Zone",2044,0.0304953516461621,0.0285854862733704,0.032435359304254,1000,4,"SSP3-7.0"
"CR-Ec","ssp370","Polar Zone",2045,0.0305427449748833,0.0286761259018179,0.0325988857011673,1000,4,"SSP3-7.0"
"CR-Ec","ssp370","Polar Zone",2046,0.030611112383925,0.0286460931972,0.032655271827775,1000,4,"SSP3-7.0"
"CR-Ec","ssp370","Polar Zone",2047,0.0306519629745561,0.0288564771318326,0.032673126010484,1000,4,"SSP3-7.0"
"CR-Ec","ssp370","Polar Zone",2048,0.0307133665345557,0.0288550718894438,0.0327768494035839,1000,4,"SSP3-7.0"
"CR-Ec","ssp370","Polar Zone",2049,0.0307896896797063,0.0288611519194427,0.0327646999205101,1000,4,"SSP3-7.0"
"CR-Ec","ssp370","Polar Zone",2050,0.0308669062943991,0.0290151292199703,0.0327505777151404,1000,4,"SSP3-7.0"
"CR-Ec","ssp370","Polar Zone",2051,0.0309311037779609,0.0289183076350485,0.0328361772987737,1000,4,"SSP3-7.0"
"CR-Ec","ssp370","Polar Zone",2052,0.0310184437869771,0.0290885113298378,0.0329748309824861,1000,4,"SSP3-7.0"
"CR-Ec","ssp370","Polar Zone",2053,0.0310938104613202,0.0291194400656579,0.0332350390047128,1000,4,"SSP3-7.0"
"CR-Ec","ssp370","Polar Zone",2054,0.0311549519936635,0.0293392194412635,0.03324523028275,1000,4,"SSP3-7.0"
"CR-Ec","ssp370","Polar Zone",2055,0.0312069856052744,0.029376524875896,0.0331781412505949,1000,4,"SSP3-7.0"
"CR-Ec","ssp370","Polar Zone",2056,0.0312723701848171,0.0293937838772894,0.0332150382494508,1000,4,"SSP3-7.0"
"CR-Ec","ssp370","Polar Zone",2057,0.0313640413141274,0.0295172413942696,0.033257796665199,1000,4,"SSP3-7.0"
"CR-Ec","ssp370","Polar Zone",2058,0.0314652169182526,0.0295570105433198,0.0334909447104499,1000,4,"SSP3-7.0"
"CR-Ec","ssp370","Polar Zone",2059,0.0315156925522454,0.0295583375932446,0.0335531792830669,1000,4,"SSP3-7.0"
"CR-Ec","ssp370","Polar Zone",2060,0.0316052002191615,0.0295885668421077,0.0336523281225081,1000,4,"SSP3-7.0"
"CR-Ec","ssp370","Polar Zone",2061,0.0316668697512212,0.0297259547628614,0.0336629735230759,1000,4,"SSP3-7.0"
"CR-Ec","ssp370","Polar Zone",2062,0.031686029136708,0.029805024822686,0.0338366548202225,1000,4,"SSP3-7.0"
"CR-Ec","ssp370","Polar Zone",2063,0.0317278360898794,0.0296657749896573,0.0337742038927545,1000,4,"SSP3-7.0"
"CR-Ec","ssp370","Polar Zone",2064,0.0317556264779612,0.0297408706971308,0.0339305388911644,1000,4,"SSP3-7.0"
"CR-Ec","ssp370","Polar Zone",2065,0.031761035644911,0.0298293551542023,0.0338954639333732,1000,4,"SSP3-7.0"
"CR-Ec","ssp370","Polar Zone",2066,0.031798012292012,0.029857481004526,0.0339339075268203,1000,4,"SSP3-7.0"
"CR-Ec","ssp370","Polar Zone",2067,0.0318134753261408,0.0297530389850727,0.0338237168803602,1000,4,"SSP3-7.0"
"CR-Ec","ssp370","Polar Zone",2068,0.0318461828958263,0.0299098147083612,0.0338492547786772,1000,4,"SSP3-7.0"
"CR-Ec","ssp370","Polar Zone",2069,0.0318473541940693,0.0297430740075085,0.033839856349009,1000,4,"SSP3-7.0"
"CR-Ec","ssp370","Polar Zone",2070,0.0318672565169641,0.0297439059614323,0.0337978936961496,1000,4,"SSP3-7.0"
"CR-Ec","ssp370","Polar Zone",2071,0.0318943297318766,0.0298271017764257,0.0339236154385667,1000,4,"SSP3-7.0"
"CR-Ec","ssp370","Polar Zone",2072,0.0319222506164592,0.0299173926653327,0.0339664386483938,1000,4,"SSP3-7.0"
"CR-Ec","ssp370","Polar Zone",2073,0.031919917747598,0.0299086587633681,0.0339323862710058,1000,4,"SSP3-7.0"
"CR-Ec","ssp370","Polar Zone",2074,0.0319176264972849,0.0297900778518437,0.0339889924866338,1000,4,"SSP3-7.0"
"CR-Ec","ssp370","Polar Zone",2075,0.0319259652580775,0.0297721623552985,0.0339862683093781,1000,4,"SSP3-7.0"
"CR-Ec","ssp370","Polar Zone",2076,0.0319429859866722,0.0295560247870347,0.034001436238437,1000,4,"SSP3-7.0"
"CR-Ec","ssp370","Polar Zone",2077,0.0319640359544186,0.0295763765577818,0.0341950079567115,1000,4,"SSP3-7.0"
"CR-Ec","ssp370","Polar Zone",2078,0.0320155511080038,0.0297319488664993,0.0341402337382428,1000,4,"SSP3-7.0"
"CR-Ec","ssp370","Polar Zone",2079,0.0320488698407626,0.0297168439229551,0.0342185285553151,1000,4,"SSP3-7.0"
"CR-Ec","ssp370","Polar Zone",2080,0.0320879311341644,0.0296714062032655,0.0342544532464,1000,4,"SSP3-7.0"
"CR-Ec","ssp370","Polar Zone",2081,0.0321197682819421,0.029752088742135,0.0342913188554718,1000,4,"SSP3-7.0"
"CR-Ec","ssp370","Polar Zone",2082,0.0321336512642921,0.0299388444999277,0.0343957115089118,1000,4,"SSP3-7.0"
"CR-Ec","ssp370","Polar Zone",2083,0.0321507130291011,0.0300950505436783,0.0343332143079534,1000,4,"SSP3-7.0"
"CR-Ec","ssp370","Polar Zone",2084,0.0321997412843331,0.0299858078114925,0.0343338926553896,1000,4,"SSP3-7.0"
"CR-Ec","ssp370","Polar Zone",2085,0.0322155977428603,0.0301064453373283,0.0344647272330957,1000,4,"SSP3-7.0"
"CR-Ec","ssp370","Polar Zone",2086,0.032251858984438,0.0301909060450943,0.0344517499646697,1000,4,"SSP3-7.0"
"CR-Ec","ssp370","Polar Zone",2087,0.0322476894997432,0.0303052951442658,0.0343765005611606,1000,4,"SSP3-7.0"
"CR-Ec","ssp370","Polar Zone",2088,0.0322508745366272,0.030214973358789,0.0345370268434696,1000,4,"SSP3-7.0"
"CR-Ec","ssp370","Polar Zone",2089,0.0322915786645123,0.0303663089604237,0.0344578587192597,1000,4,"SSP3-7.0"
"CR-Ec","ssp370","Polar Zone",2090,0.032314838268615,0.0303829886335666,0.0345942587267808,1000,4,"SSP3-7.0"
"CR-Ec","ssp370","Polar Zone",2091,0.0323369378141162,0.0302375858003866,0.0344632572806948,1000,4,"SSP3-7.0"
"CR-Ec","ssp370","Polar Zone",2092,0.0323649214549001,0.0302541508338605,0.0344007257428578,1000,4,"SSP3-7.0"
"CR-Ec","ssp370","Polar Zone",2093,0.0323780343906816,0.0301587225340257,0.0344356529940312,1000,4,"SSP3-7.0"
"CR-Ec","ssp370","Polar Zone",2094,0.0323920033699987,0.0302112726852784,0.0344307448467268,1000,4,"SSP3-7.0"
"CR-Ec","ssp370","Polar Zone",2095,0.0324255218177303,0.0303575534107408,0.0343412152061402,1000,4,"SSP3-7.0"
"CR-Ec","ssp370","Polar Zone",2096,0.0324577701086511,0.0304421255087209,0.034429654172059,1000,4,"SSP3-7.0"
"CR-Ec","ssp370","Polar Zone",2097,0.0324670293898636,0.0303843179958092,0.0344453408474191,1000,4,"SSP3-7.0"
"CR-Ec","ssp370","Polar Zone",2098,0.0324903854021128,0.0304180556085244,0.0345149470073456,1000,4,"SSP3-7.0"
"CR-Ec","ssp370","Polar Zone",2099,0.0324994191479843,0.0303737646477138,0.0346068983968085,1000,4,"SSP3-7.0"
"CR-Ec","ssp370","Polar Zone",2100,0.0325317414568975,0.0303797460597791,0.0346954738083842,1000,4,"SSP3-7.0"
"CR-Ec","ssp585","Polar Zone",2020,0.0313899806625397,0.0303884939258153,0.0332907730862446,1000,4,"SSP5-8.5"
"CR-Ec","ssp585","Polar Zone",2021,0.0314201719009764,0.0302500309952191,0.0329138779459116,1000,4,"SSP5-8.5"
"CR-Ec","ssp585","Polar Zone",2022,0.0314679298605266,0.0298384501076881,0.0330209007645378,1000,4,"SSP5-8.5"
"CR-Ec","ssp585","Polar Zone",2023,0.0307112489006773,0.0289878019972404,0.0325895873703945,1000,4,"SSP5-8.5"
"CR-Ec","ssp585","Polar Zone",2024,0.030243116628455,0.02837518606685,0.0322097338845139,1000,4,"SSP5-8.5"
"CR-Ec","ssp585","Polar Zone",2025,0.0299385335406284,0.0280100767604056,0.0319149652627646,1000,4,"SSP5-8.5"
"CR-Ec","ssp585","Polar Zone",2026,0.0297527798291541,0.0277259987997678,0.0317840170805085,1000,4,"SSP5-8.5"
"CR-Ec","ssp585","Polar Zone",2027,0.0296524962532633,0.0277857258163582,0.0315427965419142,1000,4,"SSP5-8.5"
"CR-Ec","ssp585","Polar Zone",2028,0.0296281150248354,0.0277142366504938,0.0316020129765982,1000,4,"SSP5-8.5"
"CR-Ec","ssp585","Polar Zone",2029,0.0296627384904121,0.027569256579723,0.0317323215580766,1000,4,"SSP5-8.5"
"CR-Ec","ssp585","Polar Zone",2030,0.029715537989721,0.0276088940006592,0.0317925643611515,1000,4,"SSP5-8.5"
"CR-Ec","ssp585","Polar Zone",2031,0.0297783436464803,0.0277146120086241,0.031962918924828,1000,4,"SSP5-8.5"
"CR-Ec","ssp585","Polar Zone",2032,0.0298477952752264,0.0278055389859362,0.0320917470932234,1000,4,"SSP5-8.5"
"CR-Ec","ssp585","Polar Zone",2033,0.0299174158247433,0.0278804788322985,0.0320752356297036,1000,4,"SSP5-8.5"
"CR-Ec","ssp585","Polar Zone",2034,0.0299899645875875,0.0279933387077978,0.0321578939685584,1000,4,"SSP5-8.5"
"CR-Ec","ssp585","Polar Zone",2035,0.0300481605660643,0.0279602522622539,0.0320253572471617,1000,4,"SSP5-8.5"
"CR-Ec","ssp585","Polar Zone",2036,0.0301219973974617,0.0280115899058004,0.0320993873654993,1000,4,"SSP5-8.5"
"CR-Ec","ssp585","Polar Zone",2037,0.0301912261859707,0.0281143174999095,0.0321527901743967,1000,4,"SSP5-8.5"
"CR-Ec","ssp585","Polar Zone",2038,0.0302688414995767,0.0281524609774315,0.0323429058430035,1000,4,"SSP5-8.5"
"CR-Ec","ssp585","Polar Zone",2039,0.0303645821588594,0.0282779883841954,0.0324567946882247,1000,4,"SSP5-8.5"
"CR-Ec","ssp585","Polar Zone",2040,0.0304752069445325,0.0283412871438078,0.0325440039195105,1000,4,"SSP5-8.5"
"CR-Ec","ssp585","Polar Zone",2041,0.0305628050371562,0.0285948703931112,0.0326562419788599,1000,4,"SSP5-8.5"
"CR-Ec","ssp585","Polar Zone",2042,0.0306660987808941,0.0285334650920464,0.032818088227933,1000,4,"SSP5-8.5"
"CR-Ec","ssp585","Polar Zone",2043,0.0307599280687745,0.0286815406196408,0.0330043339036658,1000,4,"SSP5-8.5"
"CR-Ec","ssp585","Polar Zone",2044,0.0308480264089161,0.0286729414342529,0.0331737485172414,1000,4,"SSP5-8.5"
"CR-Ec","ssp585","Polar Zone",2045,0.0309235767583451,0.0287232853951089,0.03317172495327,1000,4,"SSP5-8.5"
"CR-Ec","ssp585","Polar Zone",2046,0.0309913528450751,0.0288321851615857,0.0332319563883518,1000,4,"SSP5-8.5"
"CR-Ec","ssp585","Polar Zone",2047,0.0310376191838023,0.0288969636870336,0.0331788858815021,1000,4,"SSP5-8.5"
"CR-Ec","ssp585","Polar Zone",2048,0.0311107289135237,0.0291397216453718,0.033327350660954,1000,4,"SSP5-8.5"
"CR-Ec","ssp585","Polar Zone",2049,0.0311755125758016,0.0291433602759627,0.0332173574689101,1000,4,"SSP5-8.5"
"CR-Ec","ssp585","Polar Zone",2050,0.0312506794048169,0.0291481953387167,0.0332634691439183,1000,4,"SSP5-8.5"
"CR-Ec","ssp585","Polar Zone",2051,0.0313413763686347,0.0292625705663867,0.0334019268646598,1000,4,"SSP5-8.5"
"CR-Ec","ssp585","Polar Zone",2052,0.0314658198982137,0.0293636982334847,0.0336486535836224,1000,4,"SSP5-8.5"
"CR-Ec","ssp585","Polar Zone",2053,0.031539458078045,0.0293196160242783,0.0337130540597236,1000,4,"SSP5-8.5"
"CR-Ec","ssp585","Polar Zone",2054,0.0316348835385072,0.0295791674352837,0.0338054352950124,1000,4,"SSP5-8.5"
"CR-Ec","ssp585","Polar Zone",2055,0.0317267503433816,0.0297245869707534,0.0339198951092076,1000,4,"SSP5-8.5"
"CR-Ec","ssp585","Polar Zone",2056,0.0318192348691404,0.0297005556204794,0.034039738583221,1000,4,"SSP5-8.5"
"CR-Ec","ssp585","Polar Zone",2057,0.031900054900562,0.0297507928228903,0.0341455692331789,1000,4,"SSP5-8.5"
"CR-Ec","ssp585","Polar Zone",2058,0.0319888443400621,0.0296181162249161,0.034298061653687,1000,4,"SSP5-8.5"
"CR-Ec","ssp585","Polar Zone",2059,0.0320904198029641,0.0295769247960579,0.0344502614319861,1000,4,"SSP5-8.5"
"CR-Ec","ssp585","Polar Zone",2060,0.0321793428173374,0.0297019456546378,0.0344333973545652,1000,4,"SSP5-8.5"
"CR-Ec","ssp585","Polar Zone",2061,0.0322462940564551,0.0298098398314557,0.0345305118697899,1000,4,"SSP5-8.5"
"CR-Ec","ssp585","Polar Zone",2062,0.0323081245876259,0.0299258501455337,0.0348207706526873,1000,4,"SSP5-8.5"
"CR-Ec","ssp585","Polar Zone",2063,0.0323361924020206,0.0300997844611767,0.034775321012966,1000,4,"SSP5-8.5"
"CR-Ec","ssp585","Polar Zone",2064,0.0323713171059389,0.0301015900466835,0.0348256224249466,1000,4,"SSP5-8.5"
"CR-Ec","ssp585","Polar Zone",2065,0.0324127225904476,0.0301663419415527,0.0348160340940413,1000,4,"SSP5-8.5"
"CR-Ec","ssp585","Polar Zone",2066,0.0324906546011736,0.0302497959623766,0.0348591899206468,1000,4,"SSP5-8.5"
"CR-Ec","ssp585","Polar Zone",2067,0.03252518431707,0.030338268377389,0.0346926411524839,1000,4,"SSP5-8.5"
"CR-Ec","ssp585","Polar Zone",2068,0.0325610287920639,0.0303965137404458,0.0348862939473253,1000,4,"SSP5-8.5"
"CR-Ec","ssp585","Polar Zone",2069,0.0325898699367042,0.0303804796376908,0.034958777422485,1000,4,"SSP5-8.5"
"CR-Ec","ssp585","Polar Zone",2070,0.0326536474224736,0.0303816880461537,0.035009051664478,1000,4,"SSP5-8.5"
"CR-Ec","ssp585","Polar Zone",2071,0.032682264116708,0.030406101642541,0.0349920109217897,1000,4,"SSP5-8.5"
"CR-Ec","ssp585","Polar Zone",2072,0.0327451656252198,0.0303831353770452,0.0351530935916535,1000,4,"SSP5-8.5"
"CR-Ec","ssp585","Polar Zone",2073,0.0327804240664484,0.0305004296546842,0.035128271809494,1000,4,"SSP5-8.5"
"CR-Ec","ssp585","Polar Zone",2074,0.0328125457388119,0.0306072559952387,0.0351586670745851,1000,4,"SSP5-8.5"
"CR-Ec","ssp585","Polar Zone",2075,0.0328638831749491,0.0306259270802676,0.0351072323048145,1000,4,"SSP5-8.5"
"CR-Ec","ssp585","Polar Zone",2076,0.0328692476787761,0.0304053149551635,0.0351621453449141,1000,4,"SSP5-8.5"
"CR-Ec","ssp585","Polar Zone",2077,0.0328740809548507,0.0305349466326198,0.0352049252071285,1000,4,"SSP5-8.5"
"CR-Ec","ssp585","Polar Zone",2078,0.0329152455160859,0.0306317344195229,0.0353326219210399,1000,4,"SSP5-8.5"
"CR-Ec","ssp585","Polar Zone",2079,0.0329427206961579,0.0307441501055601,0.0354754865628387,1000,4,"SSP5-8.5"
"CR-Ec","ssp585","Polar Zone",2080,0.0329887326101453,0.0306344267591578,0.0354649636222794,1000,4,"SSP5-8.5"
"CR-Ec","ssp585","Polar Zone",2081,0.0330392934143155,0.0307229474004989,0.0354708517208763,1000,4,"SSP5-8.5"
"CR-Ec","ssp585","Polar Zone",2082,0.0330952539677077,0.0306116743652477,0.035451224873695,1000,4,"SSP5-8.5"
"CR-Ec","ssp585","Polar Zone",2083,0.0331435087564057,0.0306316126056419,0.0354647806632293,1000,4,"SSP5-8.5"
"CR-Ec","ssp585","Polar Zone",2084,0.0331650389078826,0.0306086798522566,0.0354825483288603,1000,4,"SSP5-8.5"
"CR-Ec","ssp585","Polar Zone",2085,0.033208642491521,0.0307379571206238,0.03553997631861,1000,4,"SSP5-8.5"
"CR-Ec","ssp585","Polar Zone",2086,0.0332208570911235,0.0307220227427564,0.0356134359061116,1000,4,"SSP5-8.5"
"CR-Ec","ssp585","Polar Zone",2087,0.0332976344626968,0.0308008360425076,0.0358536971683178,1000,4,"SSP5-8.5"
"CR-Ec","ssp585","Polar Zone",2088,0.0333539530182556,0.0307968896383366,0.0358589014117701,1000,4,"SSP5-8.5"
"CR-Ec","ssp585","Polar Zone",2089,0.0333972170539793,0.0308925650260068,0.0357943454709632,1000,4,"SSP5-8.5"
"CR-Ec","ssp585","Polar Zone",2090,0.0334251212794736,0.0309392386211801,0.0357388797787859,1000,4,"SSP5-8.5"
"CR-Ec","ssp585","Polar Zone",2091,0.0334436336527637,0.0308671283726759,0.0358261887962629,1000,4,"SSP5-8.5"
"CR-Ec","ssp585","Polar Zone",2092,0.0334749828131012,0.0308959996794481,0.0360625284666828,1000,4,"SSP5-8.5"
"CR-Ec","ssp585","Polar Zone",2093,0.0335369771324798,0.0310166584214331,0.0362319819743565,1000,4,"SSP5-8.5"
"CR-Ec","ssp585","Polar Zone",2094,0.0335967091687672,0.0310750086999792,0.0361270766694359,1000,4,"SSP5-8.5"
"CR-Ec","ssp585","Polar Zone",2095,0.033645615135504,0.0311606583746046,0.0361572262145826,1000,4,"SSP5-8.5"
"CR-Ec","ssp585","Polar Zone",2096,0.0336751805291954,0.0312587334973685,0.0361893685946026,1000,4,"SSP5-8.5"
"CR-Ec","ssp585","Polar Zone",2097,0.0337165370606444,0.0313253757650698,0.0361537182332109,1000,4,"SSP5-8.5"
"CR-Ec","ssp585","Polar Zone",2098,0.0337471330581084,0.0313025714397743,0.0361715358779088,1000,4,"SSP5-8.5"
"CR-Ec","ssp585","Polar Zone",2099,0.0337621453002732,0.031355010364094,0.0360889999801735,1000,4,"SSP5-8.5"
"CR-Ec","ssp585","Polar Zone",2100,0.0338034641292492,0.0313301583350318,0.0361301874379767,1000,4,"SSP5-8.5"
"CR-Kp","ssp126","Polar Zone",2020,0.1179352084739,0.11455938105567,0.120017785535171,1000,4,"SSP1-2.6"
"CR-Kp","ssp126","Polar Zone",2021,0.1189909215172,0.115844345759508,0.121023431371339,1000,4,"SSP1-2.6"
"CR-Kp","ssp126","Polar Zone",2022,0.120616387669573,0.117466166600141,0.122689622909842,1000,4,"SSP1-2.6"
"CR-Kp","ssp126","Polar Zone",2023,0.122276299639689,0.119110692932543,0.12440727763058,1000,4,"SSP1-2.6"
"CR-Kp","ssp126","Polar Zone",2024,0.123970874773578,0.120778242633599,0.126148237726704,1000,4,"SSP1-2.6"
"CR-Kp","ssp126","Polar Zone",2025,0.125682298692646,0.122465029178274,0.127914313054878,1000,4,"SSP1-2.6"
"CR-Kp","ssp126","Polar Zone",2026,0.12742454363301,0.124179539586769,0.129705113437646,1000,4,"SSP1-2.6"
"CR-Kp","ssp126","Polar Zone",2027,0.129186231721695,0.125918053140984,0.131520985025773,1000,4,"SSP1-2.6"
"CR-Kp","ssp126","Polar Zone",2028,0.130966599597727,0.127680905884958,0.133356788104714,1000,4,"SSP1-2.6"
"CR-Kp","ssp126","Polar Zone",2029,0.132771644579198,0.129468438567347,0.135140348010665,1000,4,"SSP1-2.6"
"CR-Kp","ssp126","Polar Zone",2030,0.134596783504463,0.13128099670729,0.137032312882814,1000,4,"SSP1-2.6"
"CR-Kp","ssp126","Polar Zone",2031,0.136456142177893,0.133118930661192,0.138950656931728,1000,4,"SSP1-2.6"
"CR-Kp","ssp126","Polar Zone",2032,0.13834358624528,0.134982595690449,0.140868633003947,1000,4,"SSP1-2.6"
"CR-Kp","ssp126","Polar Zone",2033,0.140242584987138,0.136872352030115,0.142798058829163,1000,4,"SSP1-2.6"
"CR-Kp","ssp126","Polar Zone",2034,0.142156553294495,0.138788564958537,0.144766277579842,1000,4,"SSP1-2.6"
"CR-Kp","ssp126","Polar Zone",2035,0.144089871011265,0.140731604867956,0.14679300546596,1000,4,"SSP1-2.6"
"CR-Kp","ssp126","Polar Zone",2036,0.146059788383419,0.142701847336108,0.148818992987594,1000,4,"SSP1-2.6"
"CR-Kp","ssp126","Polar Zone",2037,0.148051266701158,0.144699673198813,0.150766640408941,1000,4,"SSP1-2.6"
"CR-Kp","ssp126","Polar Zone",2038,0.150046916335694,0.146700670893401,0.152810811892752,1000,4,"SSP1-2.6"
"CR-Kp","ssp126","Polar Zone",2039,0.152054738563162,0.148721050905039,0.15490392176977,1000,4,"SSP1-2.6"
"CR-Kp","ssp126","Polar Zone",2040,0.154050784584651,0.150756305954845,0.157025094646136,1000,4,"SSP1-2.6"
"CR-Kp","ssp126","Polar Zone",2041,0.156053919288564,0.152624491930352,0.159121937631685,1000,4,"SSP1-2.6"
"CR-Kp","ssp126","Polar Zone",2042,0.158129832014917,0.154593606201438,0.161235217168685,1000,4,"SSP1-2.6"
"CR-Kp","ssp126","Polar Zone",2043,0.160218526281357,0.156584727600943,0.163464811314352,1000,4,"SSP1-2.6"
"CR-Kp","ssp126","Polar Zone",2044,0.162270733679788,0.158717782560304,0.165581676610402,1000,4,"SSP1-2.6"
"CR-Kp","ssp126","Polar Zone",2045,0.164417818088117,0.160715661644274,0.167880489434136,1000,4,"SSP1-2.6"
"CR-Kp","ssp126","Polar Zone",2046,0.166549482052532,0.16275755938359,0.170188864746478,1000,4,"SSP1-2.6"
"CR-Kp","ssp126","Polar Zone",2047,0.168529966120293,0.164446889038103,0.172307727394953,1000,4,"SSP1-2.6"
"CR-Kp","ssp126","Polar Zone",2048,0.170535591649177,0.165869400617728,0.174408189183327,1000,4,"SSP1-2.6"
"CR-Kp","ssp126","Polar Zone",2049,0.172715728467798,0.167811536738038,0.176789727657186,1000,4,"SSP1-2.6"
"CR-Kp","ssp126","Polar Zone",2050,0.17483233196367,0.169269390944928,0.179132358455953,1000,4,"SSP1-2.6"
"CR-Kp","ssp126","Polar Zone",2051,0.177071631280128,0.171434763549886,0.181499594909068,1000,4,"SSP1-2.6"
"CR-Kp","ssp126","Polar Zone",2052,0.179332000627469,0.17334720420702,0.183967531961045,1000,4,"SSP1-2.6"
"CR-Kp","ssp126","Polar Zone",2053,0.181572802845772,0.175368203384514,0.186353607752712,1000,4,"SSP1-2.6"
"CR-Kp","ssp126","Polar Zone",2054,0.183856853787189,0.177246036200527,0.188937824813553,1000,4,"SSP1-2.6"
"CR-Kp","ssp126","Polar Zone",2055,0.186120856220178,0.179074916872527,0.191403696136002,1000,4,"SSP1-2.6"
"CR-Kp","ssp126","Polar Zone",2056,0.188418252059515,0.181264016918623,0.193963682766339,1000,4,"SSP1-2.6"
"CR-Kp","ssp126","Polar Zone",2057,0.190480759366455,0.182822783940095,0.196409984572331,1000,4,"SSP1-2.6"
"CR-Kp","ssp126","Polar Zone",2058,0.192624876892314,0.1847505865026,0.199007777606028,1000,4,"SSP1-2.6"
"CR-Kp","ssp126","Polar Zone",2059,0.194818561789632,0.186130664709814,0.201291232382155,1000,4,"SSP1-2.6"
"CR-Kp","ssp126","Polar Zone",2060,0.197030913051806,0.187918413239163,0.203987778221108,1000,4,"SSP1-2.6"
"CR-Kp","ssp126","Polar Zone",2061,0.199040344329423,0.188759242750271,0.206291645428482,1000,4,"SSP1-2.6"
"CR-Kp","ssp126","Polar Zone",2062,0.201040493195845,0.190744542306804,0.2088600743633,1000,4,"SSP1-2.6"
"CR-Kp","ssp126","Polar Zone",2063,0.203042096213157,0.192663106587604,0.211391921505352,1000,4,"SSP1-2.6"
"CR-Kp","ssp126","Polar Zone",2064,0.204667095310053,0.193657506631645,0.213795846871682,1000,4,"SSP1-2.6"
"CR-Kp","ssp126","Polar Zone",2065,0.206189422609805,0.194921334745817,0.215955753746736,1000,4,"SSP1-2.6"
"CR-Kp","ssp126","Polar Zone",2066,0.207342244337076,0.19592012960364,0.217871177975595,1000,4,"SSP1-2.6"
"CR-Kp","ssp126","Polar Zone",2067,0.208720751073176,0.196904345902838,0.219819894245044,1000,4,"SSP1-2.6"
"CR-Kp","ssp126","Polar Zone",2068,0.20996503624331,0.197786682243107,0.221665615940738,1000,4,"SSP1-2.6"
"CR-Kp","ssp126","Polar Zone",2069,0.210909735337116,0.198326552423505,0.223168882852581,1000,4,"SSP1-2.6"
"CR-Kp","ssp126","Polar Zone",2070,0.211763444169616,0.199160415785966,0.224230411507375,1000,4,"SSP1-2.6"
"CR-Kp","ssp126","Polar Zone",2071,0.212530802059016,0.199532258865719,0.225272895683861,1000,4,"SSP1-2.6"
"CR-Kp","ssp126","Polar Zone",2072,0.213141351048517,0.199839537410123,0.226475679796922,1000,4,"SSP1-2.6"
"CR-Kp","ssp126","Polar Zone",2073,0.213916806071174,0.200246005019626,0.227364129640418,1000,4,"SSP1-2.6"
"CR-Kp","ssp126","Polar Zone",2074,0.21428578698238,0.200379629772899,0.228352280890072,1000,4,"SSP1-2.6"
"CR-Kp","ssp126","Polar Zone",2075,0.214312787493848,0.200155454198072,0.228029963685071,1000,4,"SSP1-2.6"
"CR-Kp","ssp126","Polar Zone",2076,0.214439480329583,0.199725415600867,0.228728225549863,1000,4,"SSP1-2.6"
"CR-Kp","ssp126","Polar Zone",2077,0.214547700328541,0.200147453786131,0.22883672904032,1000,4,"SSP1-2.6"
"CR-Kp","ssp126","Polar Zone",2078,0.214753846577641,0.199782225700622,0.229285079192741,1000,4,"SSP1-2.6"
"CR-Kp","ssp126","Polar Zone",2079,0.214936657214617,0.199677647165224,0.229731943565426,1000,4,"SSP1-2.6"
"CR-Kp","ssp126","Polar Zone",2080,0.21502599328363,0.199436127688606,0.230147121873068,1000,4,"SSP1-2.6"
"CR-Kp","ssp126","Polar Zone",2081,0.215274758917076,0.199702351048265,0.230301871883949,1000,4,"SSP1-2.6"
"CR-Kp","ssp126","Polar Zone",2082,0.215535048879941,0.200062105220545,0.23133385172183,1000,4,"SSP1-2.6"
"CR-Kp","ssp126","Polar Zone",2083,0.215718060171056,0.199556502633909,0.231798707130943,1000,4,"SSP1-2.6"
"CR-Kp","ssp126","Polar Zone",2084,0.215939764534608,0.199796710462988,0.232440360468827,1000,4,"SSP1-2.6"
"CR-Kp","ssp126","Polar Zone",2085,0.216187459698509,0.20009301267656,0.232463180018863,1000,4,"SSP1-2.6"
"CR-Kp","ssp126","Polar Zone",2086,0.216071516928413,0.199941544692264,0.231671836495684,1000,4,"SSP1-2.6"
"CR-Kp","ssp126","Polar Zone",2087,0.216278522048326,0.200218832354332,0.23193308626845,1000,4,"SSP1-2.6"
"CR-Kp","ssp126","Polar Zone",2088,0.216268962524888,0.200017956250746,0.232148162250101,1000,4,"SSP1-2.6"
"CR-Kp","ssp126","Polar Zone",2089,0.216383504303503,0.199908636600588,0.232131308333758,1000,4,"SSP1-2.6"
"CR-Kp","ssp126","Polar Zone",2090,0.21633033593406,0.199947521381938,0.231808007359394,1000,4,"SSP1-2.6"
"CR-Kp","ssp126","Polar Zone",2091,0.21651566058932,0.199774727047175,0.232138503299243,1000,4,"SSP1-2.6"
"CR-Kp","ssp126","Polar Zone",2092,0.216561429498426,0.20030411671441,0.232035079742967,1000,4,"SSP1-2.6"
"CR-Kp","ssp126","Polar Zone",2093,0.216388048931992,0.199953344517409,0.231769225314741,1000,4,"SSP1-2.6"
"CR-Kp","ssp126","Polar Zone",2094,0.216614308638333,0.199794737062919,0.232453251967592,1000,4,"SSP1-2.6"
"CR-Kp","ssp126","Polar Zone",2095,0.216342845607126,0.199430065763319,0.23256406495024,1000,4,"SSP1-2.6"
"CR-Kp","ssp126","Polar Zone",2096,0.216283086336514,0.199136981634787,0.232024445673856,1000,4,"SSP1-2.6"
"CR-Kp","ssp126","Polar Zone",2097,0.216156532318443,0.19960787291891,0.231934093417635,1000,4,"SSP1-2.6"
"CR-Kp","ssp126","Polar Zone",2098,0.216035718910438,0.198917272767459,0.231393389183529,1000,4,"SSP1-2.6"
"CR-Kp","ssp126","Polar Zone",2099,0.215875538471002,0.198908583346174,0.231825111628764,1000,4,"SSP1-2.6"
"CR-Kp","ssp126","Polar Zone",2100,0.215749970421299,0.198712210027909,0.232339675725375,1000,4,"SSP1-2.6"
"CR-Kp","ssp245","Polar Zone",2020,0.114630072210527,0.111083589890336,0.118058576706134,1000,4,"SSP2-4.5"
"CR-Kp","ssp245","Polar Zone",2021,0.116054664843951,0.111999648034337,0.119569028837482,1000,4,"SSP2-4.5"
"CR-Kp","ssp245","Polar Zone",2022,0.117827089865378,0.113724442614066,0.121393107637541,1000,4,"SSP2-4.5"
"CR-Kp","ssp245","Polar Zone",2023,0.119629772723224,0.115475799030322,0.123262561495159,1000,4,"SSP2-4.5"
"CR-Kp","ssp245","Polar Zone",2024,0.121463011578683,0.117167620600419,0.125121430202229,1000,4,"SSP2-4.5"
"CR-Kp","ssp245","Polar Zone",2025,0.123316065026348,0.118972001957665,0.127008287993015,1000,4,"SSP2-4.5"
"CR-Kp","ssp245","Polar Zone",2026,0.125205788772638,0.120804170787813,0.128964215628108,1000,4,"SSP2-4.5"
"CR-Kp","ssp245","Polar Zone",2027,0.127116334543717,0.122664555017945,0.130857876361788,1000,4,"SSP2-4.5"
"CR-Kp","ssp245","Polar Zone",2028,0.129052200150058,0.124553589165222,0.13278422630315,1000,4,"SSP2-4.5"
"CR-Kp","ssp245","Polar Zone",2029,0.131018012425623,0.126471714438366,0.134792698493033,1000,4,"SSP2-4.5"
"CR-Kp","ssp245","Polar Zone",2030,0.133015107090662,0.128419378840717,0.136868506049826,1000,4,"SSP2-4.5"
"CR-Kp","ssp245","Polar Zone",2031,0.135038429347247,0.130397037274864,0.13889525066063,1000,4,"SSP2-4.5"
"CR-Kp","ssp245","Polar Zone",2032,0.137084742834342,0.132405151648897,0.141034015620099,1000,4,"SSP2-4.5"
"CR-Kp","ssp245","Polar Zone",2033,0.139149752167424,0.13444419098429,0.143205939460648,1000,4,"SSP2-4.5"
"CR-Kp","ssp245","Polar Zone",2034,0.141254110959413,0.136514631525448,0.145411310928342,1000,4,"SSP2-4.5"
"CR-Kp","ssp245","Polar Zone",2035,0.143383898208482,0.13861695685094,0.147544297519492,1000,4,"SSP2-4.5"
"CR-Kp","ssp245","Polar Zone",2036,0.145547472414683,0.140749277221935,0.149783083671192,1000,4,"SSP2-4.5"
"CR-Kp","ssp245","Polar Zone",2037,0.147730395173178,0.142812705291048,0.152088155557161,1000,4,"SSP2-4.5"
"CR-Kp","ssp245","Polar Zone",2038,0.149951540642466,0.144959257300456,0.154412426154701,1000,4,"SSP2-4.5"
"CR-Kp","ssp245","Polar Zone",2039,0.152176828460896,0.147107124027701,0.156725483308767,1000,4,"SSP2-4.5"
"CR-Kp","ssp245","Polar Zone",2040,0.154438769160948,0.149267602112569,0.15888766969983,1000,4,"SSP2-4.5"
"CR-Kp","ssp245","Polar Zone",2041,0.156721754048462,0.151510884588415,0.161024598215696,1000,4,"SSP2-4.5"
"CR-Kp","ssp245","Polar Zone",2042,0.159035356924682,0.153844152211077,0.163432406001491,1000,4,"SSP2-4.5"
"CR-Kp","ssp245","Polar Zone",2043,0.16136056172244,0.156211868144557,0.16582182010115,1000,4,"SSP2-4.5"
"CR-Kp","ssp245","Polar Zone",2044,0.163683149572171,0.158141241295831,0.16814438659828,1000,4,"SSP2-4.5"
"CR-Kp","ssp245","Polar Zone",2045,0.166021515180514,0.160454148247193,0.170513270823399,1000,4,"SSP2-4.5"
"CR-Kp","ssp245","Polar Zone",2046,0.168294988272247,0.162417236812298,0.17259280558666,1000,4,"SSP2-4.5"
"CR-Kp","ssp245","Polar Zone",2047,0.170679932229367,0.164600469960466,0.175021334185712,1000,4,"SSP2-4.5"
"CR-Kp","ssp245","Polar Zone",2048,0.172981959837691,0.16668437448083,0.177473040351982,1000,4,"SSP2-4.5"
"CR-Kp","ssp245","Polar Zone",2049,0.17525734199697,0.168522842210692,0.179803536472911,1000,4,"SSP2-4.5"
"CR-Kp","ssp245","Polar Zone",2050,0.177746484153654,0.170860051428514,0.182408624169983,1000,4,"SSP2-4.5"
"CR-Kp","ssp245","Polar Zone",2051,0.180197420891302,0.173238883301108,0.184921746946702,1000,4,"SSP2-4.5"
"CR-Kp","ssp245","Polar Zone",2052,0.182683304539009,0.175502003351827,0.187499290298674,1000,4,"SSP2-4.5"
"CR-Kp","ssp245","Polar Zone",2053,0.185177555435295,0.177800456269591,0.190185207073527,1000,4,"SSP2-4.5"
"CR-Kp","ssp245","Polar Zone",2054,0.187614942543031,0.180059052414141,0.192620357860298,1000,4,"SSP2-4.5"
"CR-Kp","ssp245","Polar Zone",2055,0.190001533495701,0.18240219211254,0.195184396465304,1000,4,"SSP2-4.5"
"CR-Kp","ssp245","Polar Zone",2056,0.192531458986849,0.184665530352447,0.19797526251139,1000,4,"SSP2-4.5"
"CR-Kp","ssp245","Polar Zone",2057,0.195034690034202,0.187034537982973,0.200595535219202,1000,4,"SSP2-4.5"
"CR-Kp","ssp245","Polar Zone",2058,0.197301946375494,0.189076928532827,0.203166738980306,1000,4,"SSP2-4.5"
"CR-Kp","ssp245","Polar Zone",2059,0.199515222299281,0.190200919459321,0.205688217054842,1000,4,"SSP2-4.5"
"CR-Kp","ssp245","Polar Zone",2060,0.201803709592389,0.191693277618345,0.208345239717104,1000,4,"SSP2-4.5"
"CR-Kp","ssp245","Polar Zone",2061,0.203924113445974,0.193108469067039,0.210930279152472,1000,4,"SSP2-4.5"
"CR-Kp","ssp245","Polar Zone",2062,0.206179567521073,0.194906281187181,0.213393269110402,1000,4,"SSP2-4.5"
"CR-Kp","ssp245","Polar Zone",2063,0.208109419207636,0.196724099328329,0.216222979670996,1000,4,"SSP2-4.5"
"CR-Kp","ssp245","Polar Zone",2064,0.209877303886397,0.19775554214894,0.218412210641542,1000,4,"SSP2-4.5"
"CR-Kp","ssp245","Polar Zone",2065,0.211671454446553,0.199216982720967,0.220900022847431,1000,4,"SSP2-4.5"
"CR-Kp","ssp245","Polar Zone",2066,0.213311060428254,0.200313041584871,0.223555152191127,1000,4,"SSP2-4.5"
"CR-Kp","ssp245","Polar Zone",2067,0.214957011210425,0.201844604418142,0.225594885346192,1000,4,"SSP2-4.5"
"CR-Kp","ssp245","Polar Zone",2068,0.216046432531123,0.201875226175356,0.228248486436264,1000,4,"SSP2-4.5"
"CR-Kp","ssp245","Polar Zone",2069,0.217200901323722,0.203556842529032,0.230364115796056,1000,4,"SSP2-4.5"
"CR-Kp","ssp245","Polar Zone",2070,0.218043710430856,0.203468898249498,0.231627915385966,1000,4,"SSP2-4.5"
"CR-Kp","ssp245","Polar Zone",2071,0.219121029710864,0.203909999516726,0.233392299613842,1000,4,"SSP2-4.5"
"CR-Kp","ssp245","Polar Zone",2072,0.219901472700591,0.204589609411062,0.234745748152564,1000,4,"SSP2-4.5"
"CR-Kp","ssp245","Polar Zone",2073,0.220743244724592,0.204913691485986,0.236201338737744,1000,4,"SSP2-4.5"
"CR-Kp","ssp245","Polar Zone",2074,0.221054720809102,0.204467941641502,0.237027887424629,1000,4,"SSP2-4.5"
"CR-Kp","ssp245","Polar Zone",2075,0.221504585556913,0.206083177410154,0.237681376793639,1000,4,"SSP2-4.5"
"CR-Kp","ssp245","Polar Zone",2076,0.221814040231674,0.205869542851271,0.23816018892926,1000,4,"SSP2-4.5"
"CR-Kp","ssp245","Polar Zone",2077,0.221838361072228,0.205835061248832,0.238586958959654,1000,4,"SSP2-4.5"
"CR-Kp","ssp245","Polar Zone",2078,0.22193839368595,0.205707612363732,0.239420511130756,1000,4,"SSP2-4.5"
"CR-Kp","ssp245","Polar Zone",2079,0.22202905562507,0.206168920547149,0.23939646984785,1000,4,"SSP2-4.5"
"CR-Kp","ssp245","Polar Zone",2080,0.222058076898367,0.20572641416918,0.240483001468959,1000,4,"SSP2-4.5"
"CR-Kp","ssp245","Polar Zone",2081,0.222531850269653,0.205827818564782,0.240771985120292,1000,4,"SSP2-4.5"
"CR-Kp","ssp245","Polar Zone",2082,0.22264773164418,0.205380358514239,0.24070170350943,1000,4,"SSP2-4.5"
"CR-Kp","ssp245","Polar Zone",2083,0.222642777001159,0.204598632421958,0.241090894572219,1000,4,"SSP2-4.5"
"CR-Kp","ssp245","Polar Zone",2084,0.222557466297289,0.204812829953313,0.240526195472366,1000,4,"SSP2-4.5"
"CR-Kp","ssp245","Polar Zone",2085,0.222827561894074,0.205094876899739,0.240915076295658,1000,4,"SSP2-4.5"
"CR-Kp","ssp245","Polar Zone",2086,0.222741389740627,0.204965304433781,0.241059608569369,1000,4,"SSP2-4.5"
"CR-Kp","ssp245","Polar Zone",2087,0.222739885765706,0.204378017447554,0.240889464878897,1000,4,"SSP2-4.5"
"CR-Kp","ssp245","Polar Zone",2088,0.222755059770834,0.204706325129488,0.241051618416812,1000,4,"SSP2-4.5"
"CR-Kp","ssp245","Polar Zone",2089,0.222879857810233,0.204747308991828,0.241834631107642,1000,4,"SSP2-4.5"
"CR-Kp","ssp245","Polar Zone",2090,0.223177207318505,0.205242193738699,0.24210907653954,1000,4,"SSP2-4.5"
"CR-Kp","ssp245","Polar Zone",2091,0.223414462662131,0.205251786197001,0.242508241236703,1000,4,"SSP2-4.5"
"CR-Kp","ssp245","Polar Zone",2092,0.223397047019174,0.204833582001841,0.242955847952568,1000,4,"SSP2-4.5"
"CR-Kp","ssp245","Polar Zone",2093,0.223218575818814,0.204618899556373,0.242603575984145,1000,4,"SSP2-4.5"
"CR-Kp","ssp245","Polar Zone",2094,0.2228890014253,0.204168567044597,0.242620008715311,1000,4,"SSP2-4.5"
"CR-Kp","ssp245","Polar Zone",2095,0.222983359618269,0.20423175615092,0.241813312811045,1000,4,"SSP2-4.5"
"CR-Kp","ssp245","Polar Zone",2096,0.222965656038317,0.204342183443326,0.242475158682813,1000,4,"SSP2-4.5"
"CR-Kp","ssp245","Polar Zone",2097,0.223247672318104,0.204779275881944,0.242481898321935,1000,4,"SSP2-4.5"
"CR-Kp","ssp245","Polar Zone",2098,0.223489507634617,0.205002801741516,0.242656595091433,1000,4,"SSP2-4.5"
"CR-Kp","ssp245","Polar Zone",2099,0.223623320621854,0.205247854470984,0.243236308217831,1000,4,"SSP2-4.5"
"CR-Kp","ssp245","Polar Zone",2100,0.223694258747232,0.205386227819535,0.24338359947632,1000,4,"SSP2-4.5"
"CR-Kp","ssp370","Polar Zone",2020,0.116142918754001,0.11228515064067,0.121939104375953,1000,4,"SSP3-7.0"
"CR-Kp","ssp370","Polar Zone",2021,0.117563668143225,0.113559572126335,0.123470597168856,1000,4,"SSP3-7.0"
"CR-Kp","ssp370","Polar Zone",2022,0.119478601510055,0.115379166610945,0.125468975922372,1000,4,"SSP3-7.0"
"CR-Kp","ssp370","Polar Zone",2023,0.121428098651375,0.117308401195025,0.127399340755864,1000,4,"SSP3-7.0"
"CR-Kp","ssp370","Polar Zone",2024,0.123428501745901,0.119274389234823,0.129494408614572,1000,4,"SSP3-7.0"
"CR-Kp","ssp370","Polar Zone",2025,0.125456093332849,0.121242808383574,0.13163148224909,1000,4,"SSP3-7.0"
"CR-Kp","ssp370","Polar Zone",2026,0.127519233250713,0.12307682078092,0.133823876544335,1000,4,"SSP3-7.0"
"CR-Kp","ssp370","Polar Zone",2027,0.129601349294786,0.124858951031498,0.135856570572091,1000,4,"SSP3-7.0"
"CR-Kp","ssp370","Polar Zone",2028,0.131715255887688,0.126956287084646,0.138094885329354,1000,4,"SSP3-7.0"
"CR-Kp","ssp370","Polar Zone",2029,0.13387432332031,0.128924698696034,0.14037114847509,1000,4,"SSP3-7.0"
"CR-Kp","ssp370","Polar Zone",2030,0.136072370887172,0.131090633634127,0.142414030460119,1000,4,"SSP3-7.0"
"CR-Kp","ssp370","Polar Zone",2031,0.138296034395732,0.133263002673388,0.144555009339056,1000,4,"SSP3-7.0"
"CR-Kp","ssp370","Polar Zone",2032,0.140567550996386,0.135481030968646,0.146947352909241,1000,4,"SSP3-7.0"
"CR-Kp","ssp370","Polar Zone",2033,0.142827914525169,0.137625304081128,0.149414068003228,1000,4,"SSP3-7.0"
"CR-Kp","ssp370","Polar Zone",2034,0.145127924059507,0.139776609189862,0.151775624184026,1000,4,"SSP3-7.0"
"CR-Kp","ssp370","Polar Zone",2035,0.147485335000819,0.141806091193103,0.154085430824322,1000,4,"SSP3-7.0"
"CR-Kp","ssp370","Polar Zone",2036,0.149887207412207,0.144072247528998,0.156514429019429,1000,4,"SSP3-7.0"
"CR-Kp","ssp370","Polar Zone",2037,0.152290188105976,0.146263003936987,0.159047335163368,1000,4,"SSP3-7.0"
"CR-Kp","ssp370","Polar Zone",2038,0.15466214226796,0.148480184968948,0.16157041125654,1000,4,"SSP3-7.0"
"CR-Kp","ssp370","Polar Zone",2039,0.157047976562353,0.150518153168807,0.163767303856726,1000,4,"SSP3-7.0"
"CR-Kp","ssp370","Polar Zone",2040,0.159496820215083,0.152927821705273,0.165892016001986,1000,4,"SSP3-7.0"
"CR-Kp","ssp370","Polar Zone",2041,0.161923501228296,0.155268031374167,0.168315743511087,1000,4,"SSP3-7.0"
"CR-Kp","ssp370","Polar Zone",2042,0.164370014165876,0.15747583802372,0.170735786581289,1000,4,"SSP3-7.0"
"CR-Kp","ssp370","Polar Zone",2043,0.166859950132059,0.159999496269807,0.173156582614211,1000,4,"SSP3-7.0"
"CR-Kp","ssp370","Polar Zone",2044,0.169249002900253,0.161989111898541,0.175351175647345,1000,4,"SSP3-7.0"
"CR-Kp","ssp370","Polar Zone",2045,0.171743508466008,0.164142612026351,0.177544526122364,1000,4,"SSP3-7.0"
"CR-Kp","ssp370","Polar Zone",2046,0.174266341314337,0.166572822529704,0.18037650376205,1000,4,"SSP3-7.0"
"CR-Kp","ssp370","Polar Zone",2047,0.176748422063136,0.168932734078474,0.183026017915248,1000,4,"SSP3-7.0"
"CR-Kp","ssp370","Polar Zone",2048,0.179224761722204,0.17110727954288,0.185820432686977,1000,4,"SSP3-7.0"
"CR-Kp","ssp370","Polar Zone",2049,0.181720297826746,0.173513703041407,0.188828237118448,1000,4,"SSP3-7.0"
"CR-Kp","ssp370","Polar Zone",2050,0.184227947716493,0.175765708739514,0.191588172114732,1000,4,"SSP3-7.0"
"CR-Kp","ssp370","Polar Zone",2051,0.186662561754421,0.177846018006233,0.194369082630202,1000,4,"SSP3-7.0"
"CR-Kp","ssp370","Polar Zone",2052,0.189078479068872,0.17957809164055,0.197189661551763,1000,4,"SSP3-7.0"
"CR-Kp","ssp370","Polar Zone",2053,0.191468736596774,0.18135909946421,0.200334505883222,1000,4,"SSP3-7.0"
"CR-Kp","ssp370","Polar Zone",2054,0.193846729020259,0.183118415367591,0.203470274653342,1000,4,"SSP3-7.0"
"CR-Kp","ssp370","Polar Zone",2055,0.196367410270774,0.185032574118665,0.206506519508962,1000,4,"SSP3-7.0"
"CR-Kp","ssp370","Polar Zone",2056,0.198769275719369,0.187092763592819,0.209286751086318,1000,4,"SSP3-7.0"
"CR-Kp","ssp370","Polar Zone",2057,0.200959909057924,0.188827349869395,0.212008321929233,1000,4,"SSP3-7.0"
"CR-Kp","ssp370","Polar Zone",2058,0.203092404221378,0.190268015943177,0.214894378435681,1000,4,"SSP3-7.0"
"CR-Kp","ssp370","Polar Zone",2059,0.205460144487093,0.191929065727669,0.218137602754129,1000,4,"SSP3-7.0"
"CR-Kp","ssp370","Polar Zone",2060,0.207857245727055,0.193937772446896,0.221204235454154,1000,4,"SSP3-7.0"
"CR-Kp","ssp370","Polar Zone",2061,0.209889508129868,0.195659559957028,0.223803323212553,1000,4,"SSP3-7.0"
"CR-Kp","ssp370","Polar Zone",2062,0.211716251569366,0.196901066637216,0.226455220626881,1000,4,"SSP3-7.0"
"CR-Kp","ssp370","Polar Zone",2063,0.213626642606263,0.198400332445871,0.228931513835973,1000,4,"SSP3-7.0"
"CR-Kp","ssp370","Polar Zone",2064,0.215253016997834,0.199495487920523,0.231292359290187,1000,4,"SSP3-7.0"
"CR-Kp","ssp370","Polar Zone",2065,0.216702407358323,0.200645475500613,0.233481935228137,1000,4,"SSP3-7.0"
"CR-Kp","ssp370","Polar Zone",2066,0.217896970187249,0.202574013466173,0.235012339136349,1000,4,"SSP3-7.0"
"CR-Kp","ssp370","Polar Zone",2067,0.218953920235865,0.20296789037179,0.236198603200149,1000,4,"SSP3-7.0"
"CR-Kp","ssp370","Polar Zone",2068,0.219962005138245,0.204132454668463,0.237810607310984,1000,4,"SSP3-7.0"
"CR-Kp","ssp370","Polar Zone",2069,0.220613788901501,0.203673058913625,0.238475854331408,1000,4,"SSP3-7.0"
"CR-Kp","ssp370","Polar Zone",2070,0.221067225097136,0.203993546986442,0.239305821992273,1000,4,"SSP3-7.0"
"CR-Kp","ssp370","Polar Zone",2071,0.221718677447384,0.204480292053897,0.240114975809276,1000,4,"SSP3-7.0"
"CR-Kp","ssp370","Polar Zone",2072,0.2218096200642,0.203822553721433,0.240295906602912,1000,4,"SSP3-7.0"
"CR-Kp","ssp370","Polar Zone",2073,0.222050011370881,0.204173867009318,0.240261242144302,1000,4,"SSP3-7.0"
"CR-Kp","ssp370","Polar Zone",2074,0.222135780458785,0.203775206538932,0.240552462290108,1000,4,"SSP3-7.0"
"CR-Kp","ssp370","Polar Zone",2075,0.222348619102407,0.204487039792487,0.240874828276242,1000,4,"SSP3-7.0"
"CR-Kp","ssp370","Polar Zone",2076,0.222235378072585,0.203671895911383,0.240209262152921,1000,4,"SSP3-7.0"
"CR-Kp","ssp370","Polar Zone",2077,0.222302657919248,0.204073172734532,0.240430300154545,1000,4,"SSP3-7.0"
"CR-Kp","ssp370","Polar Zone",2078,0.222241724080962,0.203694546883614,0.240569789100861,1000,4,"SSP3-7.0"
"CR-Kp","ssp370","Polar Zone",2079,0.222543436450028,0.204037810537043,0.240827544289512,1000,4,"SSP3-7.0"
"CR-Kp","ssp370","Polar Zone",2080,0.222192744036029,0.203384866926443,0.240335940736703,1000,4,"SSP3-7.0"
"CR-Kp","ssp370","Polar Zone",2081,0.222255071979746,0.203174111663165,0.240221585460635,1000,4,"SSP3-7.0"
"CR-Kp","ssp370","Polar Zone",2082,0.222274728598447,0.203635967569287,0.240521232111963,1000,4,"SSP3-7.0"
"CR-Kp","ssp370","Polar Zone",2083,0.222168192965144,0.203943402838783,0.239809291756778,1000,4,"SSP3-7.0"
"CR-Kp","ssp370","Polar Zone",2084,0.222173258995789,0.204164661905199,0.238828680488992,1000,4,"SSP3-7.0"
"CR-Kp","ssp370","Polar Zone",2085,0.222301608806071,0.204906081047275,0.239509632434612,1000,4,"SSP3-7.0"
"CR-Kp","ssp370","Polar Zone",2086,0.222466322760552,0.205168729968615,0.239804187073089,1000,4,"SSP3-7.0"
"CR-Kp","ssp370","Polar Zone",2087,0.222479385690893,0.205279628334315,0.240463915905526,1000,4,"SSP3-7.0"
"CR-Kp","ssp370","Polar Zone",2088,0.22250010793178,0.20495104074213,0.239397420254894,1000,4,"SSP3-7.0"
"CR-Kp","ssp370","Polar Zone",2089,0.222541708631086,0.20493579752092,0.238993303452812,1000,4,"SSP3-7.0"
"CR-Kp","ssp370","Polar Zone",2090,0.222237646927486,0.204617890813508,0.238266316483956,1000,4,"SSP3-7.0"
"CR-Kp","ssp370","Polar Zone",2091,0.222067900012715,0.205183005978043,0.238657633184648,1000,4,"SSP3-7.0"
"CR-Kp","ssp370","Polar Zone",2092,0.222074000412314,0.205308506783614,0.238417513081329,1000,4,"SSP3-7.0"
"CR-Kp","ssp370","Polar Zone",2093,0.222180615832287,0.205545747512548,0.238627530636391,1000,4,"SSP3-7.0"
"CR-Kp","ssp370","Polar Zone",2094,0.222425264689273,0.205303676051218,0.238932120122253,1000,4,"SSP3-7.0"
"CR-Kp","ssp370","Polar Zone",2095,0.22269439070853,0.205792800773406,0.238629190942024,1000,4,"SSP3-7.0"
"CR-Kp","ssp370","Polar Zone",2096,0.222852612157841,0.205948055421213,0.239786273405133,1000,4,"SSP3-7.0"
"CR-Kp","ssp370","Polar Zone",2097,0.222709558791639,0.206236305226125,0.239034658107511,1000,4,"SSP3-7.0"
"CR-Kp","ssp370","Polar Zone",2098,0.222728807297189,0.206420050383241,0.239051500204117,1000,4,"SSP3-7.0"
"CR-Kp","ssp370","Polar Zone",2099,0.222193412402206,0.205645991483705,0.238493402872538,1000,4,"SSP3-7.0"
"CR-Kp","ssp370","Polar Zone",2100,0.222028484196202,0.205549584914736,0.237847039517084,1000,4,"SSP3-7.0"
"CR-Kp","ssp585","Polar Zone",2020,0.115674949027529,0.112069315126981,0.119990477928346,1000,4,"SSP5-8.5"
"CR-Kp","ssp585","Polar Zone",2021,0.117256561043474,0.113707046296342,0.121855639904244,1000,4,"SSP5-8.5"
"CR-Kp","ssp585","Polar Zone",2022,0.119353639665927,0.11569100171248,0.124073412550501,1000,4,"SSP5-8.5"
"CR-Kp","ssp585","Polar Zone",2023,0.121491504435154,0.117760457049584,0.126331461079323,1000,4,"SSP5-8.5"
"CR-Kp","ssp585","Polar Zone",2024,0.123669411506197,0.119808139725458,0.128627974638804,1000,4,"SSP5-8.5"
"CR-Kp","ssp585","Polar Zone",2025,0.125896211117068,0.121950856969545,0.130969003777231,1000,4,"SSP5-8.5"
"CR-Kp","ssp585","Polar Zone",2026,0.12814659721911,0.124059221193529,0.133283659725488,1000,4,"SSP5-8.5"
"CR-Kp","ssp585","Polar Zone",2027,0.130427265795351,0.126254851580053,0.135698340130836,1000,4,"SSP5-8.5"
"CR-Kp","ssp585","Polar Zone",2028,0.132746446405688,0.128552472189627,0.138109103057541,1000,4,"SSP5-8.5"
"CR-Kp","ssp585","Polar Zone",2029,0.135081057524157,0.130760312453471,0.140622688733188,1000,4,"SSP5-8.5"
"CR-Kp","ssp585","Polar Zone",2030,0.137450866399559,0.133051204886158,0.143178806156551,1000,4,"SSP5-8.5"
"CR-Kp","ssp585","Polar Zone",2031,0.139893146104231,0.135395243732617,0.145776038120688,1000,4,"SSP5-8.5"
"CR-Kp","ssp585","Polar Zone",2032,0.142372671622115,0.137583711313821,0.148429162014485,1000,4,"SSP5-8.5"
"CR-Kp","ssp585","Polar Zone",2033,0.144883024795604,0.139986825286568,0.151113190577739,1000,4,"SSP5-8.5"
"CR-Kp","ssp585","Polar Zone",2034,0.147429700279358,0.142446199922675,0.153787867284814,1000,4,"SSP5-8.5"
"CR-Kp","ssp585","Polar Zone",2035,0.149941501064921,0.144925990912441,0.156325949407655,1000,4,"SSP5-8.5"
"CR-Kp","ssp585","Polar Zone",2036,0.152514800704129,0.147149285835829,0.159120681563942,1000,4,"SSP5-8.5"
"CR-Kp","ssp585","Polar Zone",2037,0.155122519131323,0.149518004192159,0.161861836232052,1000,4,"SSP5-8.5"
"CR-Kp","ssp585","Polar Zone",2038,0.157733440134162,0.151890669245478,0.164807721651475,1000,4,"SSP5-8.5"
"CR-Kp","ssp585","Polar Zone",2039,0.16021123992871,0.153899475610384,0.167576275299308,1000,4,"SSP5-8.5"
"CR-Kp","ssp585","Polar Zone",2040,0.1626595493466,0.156064675994393,0.170269386872315,1000,4,"SSP5-8.5"
"CR-Kp","ssp585","Polar Zone",2041,0.16525386574366,0.158446304692962,0.173080446928822,1000,4,"SSP5-8.5"
"CR-Kp","ssp585","Polar Zone",2042,0.16790853933145,0.160921923055191,0.17595855546324,1000,4,"SSP5-8.5"
"CR-Kp","ssp585","Polar Zone",2043,0.170573742504703,0.163163476822655,0.178777944645166,1000,4,"SSP5-8.5"
"CR-Kp","ssp585","Polar Zone",2044,0.173267754216479,0.165508736946615,0.18151352215541,1000,4,"SSP5-8.5"
"CR-Kp","ssp585","Polar Zone",2045,0.175896563012909,0.167802233046411,0.184522037834897,1000,4,"SSP5-8.5"
"CR-Kp","ssp585","Polar Zone",2046,0.178564230979739,0.170125692732163,0.187397483946126,1000,4,"SSP5-8.5"
"CR-Kp","ssp585","Polar Zone",2047,0.181213844001883,0.172302973038095,0.190235217016497,1000,4,"SSP5-8.5"
"CR-Kp","ssp585","Polar Zone",2048,0.183805397377048,0.17454612479772,0.193200733070702,1000,4,"SSP5-8.5"
"CR-Kp","ssp585","Polar Zone",2049,0.186231937209143,0.176909222483278,0.195996693504276,1000,4,"SSP5-8.5"
"CR-Kp","ssp585","Polar Zone",2050,0.188542286075453,0.178715591563464,0.198981831997265,1000,4,"SSP5-8.5"
"CR-Kp","ssp585","Polar Zone",2051,0.19111307658738,0.180045328225358,0.202249367275152,1000,4,"SSP5-8.5"
"CR-Kp","ssp585","Polar Zone",2052,0.193562264996476,0.182274224381087,0.204970216981446,1000,4,"SSP5-8.5"
"CR-Kp","ssp585","Polar Zone",2053,0.195940775216884,0.184062795563844,0.207699327613011,1000,4,"SSP5-8.5"
"CR-Kp","ssp585","Polar Zone",2054,0.198119583646006,0.18594849606886,0.20988751338525,1000,4,"SSP5-8.5"
"CR-Kp","ssp585","Polar Zone",2055,0.200365627914344,0.187508851793365,0.212615316486533,1000,4,"SSP5-8.5"
"CR-Kp","ssp585","Polar Zone",2056,0.202686704439487,0.189406567983728,0.21532084222262,1000,4,"SSP5-8.5"
"CR-Kp","ssp585","Polar Zone",2057,0.205053941738897,0.191215091583222,0.217839704765942,1000,4,"SSP5-8.5"
"CR-Kp","ssp585","Polar Zone",2058,0.207236854107319,0.192757111985608,0.22054218032097,1000,4,"SSP5-8.5"
"CR-Kp","ssp585","Polar Zone",2059,0.209661651380602,0.194410087368161,0.223481492662506,1000,4,"SSP5-8.5"
"CR-Kp","ssp585","Polar Zone",2060,0.211803608313405,0.196405378635812,0.226549951636467,1000,4,"SSP5-8.5"
"CR-Kp","ssp585","Polar Zone",2061,0.21374604091226,0.197903988188948,0.228997629627132,1000,4,"SSP5-8.5"
"CR-Kp","ssp585","Polar Zone",2062,0.215763744559208,0.199824281085911,0.231340789999671,1000,4,"SSP5-8.5"
"CR-Kp","ssp585","Polar Zone",2063,0.217587772198811,0.201208343505768,0.233856780457841,1000,4,"SSP5-8.5"
"CR-Kp","ssp585","Polar Zone",2064,0.218775652617834,0.202513770958409,0.234917154712316,1000,4,"SSP5-8.5"
"CR-Kp","ssp585","Polar Zone",2065,0.220337059813411,0.204433815072476,0.23773196403028,1000,4,"SSP5-8.5"
"CR-Kp","ssp585","Polar Zone",2066,0.22139927129621,0.204932721836575,0.238427107514439,1000,4,"SSP5-8.5"
"CR-Kp","ssp585","Polar Zone",2067,0.222369161390594,0.204893877097195,0.239988080788688,1000,4,"SSP5-8.5"
"CR-Kp","ssp585","Polar Zone",2068,0.223195611851942,0.204988084095173,0.240978009320834,1000,4,"SSP5-8.5"
"CR-Kp","ssp585","Polar Zone",2069,0.223953431202538,0.206367365381799,0.241812991432015,1000,4,"SSP5-8.5"
"CR-Kp","ssp585","Polar Zone",2070,0.224284991434535,0.207328037972171,0.242487442402224,1000,4,"SSP5-8.5"
"CR-Kp","ssp585","Polar Zone",2071,0.224435148660252,0.20765302004207,0.24328244286018,1000,4,"SSP5-8.5"
"CR-Kp","ssp585","Polar Zone",2072,0.224553571798935,0.207747597463502,0.242828313024349,1000,4,"SSP5-8.5"
"CR-Kp","ssp585","Polar Zone",2073,0.224708922639134,0.20754013337674,0.24262557839907,1000,4,"SSP5-8.5"
"CR-Kp","ssp585","Polar Zone",2074,0.225151971659067,0.207473631080086,0.243099737580363,1000,4,"SSP5-8.5"
"CR-Kp","ssp585","Polar Zone",2075,0.225675808984278,0.208116090792915,0.245010266321795,1000,4,"SSP5-8.5"
"CR-Kp","ssp585","Polar Zone",2076,0.226054380830302,0.208400719702327,0.244981507943,1000,4,"SSP5-8.5"
"CR-Kp","ssp585","Polar Zone",2077,0.226142790986957,0.207881464782118,0.244400776614017,1000,4,"SSP5-8.5"
"CR-Kp","ssp585","Polar Zone",2078,0.226198012873506,0.208249486999938,0.244132425747762,1000,4,"SSP5-8.5"
"CR-Kp","ssp585","Polar Zone",2079,0.226435365580135,0.209089076665098,0.245586679530907,1000,4,"SSP5-8.5"
"CR-Kp","ssp585","Polar Zone",2080,0.22704615716911,0.209257761370077,0.246089976348437,1000,4,"SSP5-8.5"
"CR-Kp","ssp585","Polar Zone",2081,0.227313518223352,0.209358618140993,0.24610249772399,1000,4,"SSP5-8.5"
"CR-Kp","ssp585","Polar Zone",2082,0.227629215654378,0.210096072185932,0.24720773709723,1000,4,"SSP5-8.5"
"CR-Kp","ssp585","Polar Zone",2083,0.227315153904105,0.209780080661868,0.24603498939552,1000,4,"SSP5-8.5"
"CR-Kp","ssp585","Polar Zone",2084,0.227146413770977,0.20967696313923,0.246656650214808,1000,4,"SSP5-8.5"
"CR-Kp","ssp585","Polar Zone",2085,0.227021567394781,0.209506611622031,0.245964373459939,1000,4,"SSP5-8.5"
"CR-Kp","ssp585","Polar Zone",2086,0.226672539538081,0.209324899626318,0.245514594280081,1000,4,"SSP5-8.5"
"CR-Kp","ssp585","Polar Zone",2087,0.226547925942445,0.208924146240173,0.245593462243408,1000,4,"SSP5-8.5"
"CR-Kp","ssp585","Polar Zone",2088,0.226237902480293,0.20928092228209,0.244451172018842,1000,4,"SSP5-8.5"
"CR-Kp","ssp585","Polar Zone",2089,0.225839882597163,0.208722556176893,0.243623980583134,1000,4,"SSP5-8.5"
"CR-Kp","ssp585","Polar Zone",2090,0.225444580532275,0.208260212356164,0.242991716067579,1000,4,"SSP5-8.5"
"CR-Kp","ssp585","Polar Zone",2091,0.225116656731466,0.208244601854415,0.241533471132119,1000,4,"SSP5-8.5"
"CR-Kp","ssp585","Polar Zone",2092,0.224729746348269,0.20797055486612,0.240704112989605,1000,4,"SSP5-8.5"
"CR-Kp","ssp585","Polar Zone",2093,0.224627058273344,0.208166890834966,0.240373885760236,1000,4,"SSP5-8.5"
"CR-Kp","ssp585","Polar Zone",2094,0.22444212673808,0.208109181323362,0.240808878685101,1000,4,"SSP5-8.5"
"CR-Kp","ssp585","Polar Zone",2095,0.224548679464438,0.207861554140645,0.240981222178426,1000,4,"SSP5-8.5"
"CR-Kp","ssp585","Polar Zone",2096,0.225025460888178,0.208169737761017,0.241518427813067,1000,4,"SSP5-8.5"
"CR-Kp","ssp585","Polar Zone",2097,0.225232015188256,0.208920318634914,0.241406567180843,1000,4,"SSP5-8.5"
"CR-Kp","ssp585","Polar Zone",2098,0.225081828914835,0.208371721971277,0.241131473006475,1000,4,"SSP5-8.5"
"CR-Kp","ssp585","Polar Zone",2099,0.225307520592746,0.208902725948281,0.241563592490592,1000,4,"SSP5-8.5"
"CR-Kp","ssp585","Polar Zone",2100,0.225378556002191,0.209017997929993,0.241895392501175,1000,4,"SSP5-8.5"
"CR-Pa","ssp126","Polar Zone",2020,5.15125116055997,5.12929125606155,5.17491197572709,1000,4,"SSP1-2.6"
"CR-Pa","ssp126","Polar Zone",2021,5.42930187071361,5.39501799058495,5.46349854654063,1000,4,"SSP1-2.6"
"CR-Pa","ssp126","Polar Zone",2022,5.7879500768742,5.67263849631259,5.89537741582676,1000,4,"SSP1-2.6"
"CR-Pa","ssp126","Polar Zone",2023,6.05847029955872,5.85530544557267,6.24263603627665,1000,4,"SSP1-2.6"
"CR-Pa","ssp126","Polar Zone",2024,6.27795150419018,6.05128859533214,6.49423566200439,1000,4,"SSP1-2.6"
"CR-Pa","ssp126","Polar Zone",2025,6.48504788315033,6.23534556401011,6.70536730259548,1000,4,"SSP1-2.6"
"CR-Pa","ssp126","Polar Zone",2026,6.61674132530197,6.3359472450225,6.85188099419926,1000,4,"SSP1-2.6"
"CR-Pa","ssp126","Polar Zone",2027,6.6926108887576,6.39175826206733,6.96048975266255,1000,4,"SSP1-2.6"
"CR-Pa","ssp126","Polar Zone",2028,6.78090121259685,6.47460480080438,7.05065487683787,1000,4,"SSP1-2.6"
"CR-Pa","ssp126","Polar Zone",2029,6.8554694543617,6.54777231943099,7.11132050728572,1000,4,"SSP1-2.6"
"CR-Pa","ssp126","Polar Zone",2030,6.86961108987859,6.5473353988744,7.15220851620597,1000,4,"SSP1-2.6"
"CR-Pa","ssp126","Polar Zone",2031,6.90175489362273,6.56993841758595,7.19319689899943,1000,4,"SSP1-2.6"
"CR-Pa","ssp126","Polar Zone",2032,6.92799567143103,6.60181477558496,7.22814086850297,1000,4,"SSP1-2.6"
"CR-Pa","ssp126","Polar Zone",2033,6.95126793860412,6.63580500247919,7.25306627608528,1000,4,"SSP1-2.6"
"CR-Pa","ssp126","Polar Zone",2034,6.94416920982553,6.62145160194799,7.25708093748889,1000,4,"SSP1-2.6"
"CR-Pa","ssp126","Polar Zone",2035,6.93544504004976,6.60656938928214,7.26634119711631,1000,4,"SSP1-2.6"
"CR-Pa","ssp126","Polar Zone",2036,6.9435361460595,6.58564678763638,7.27758555798501,1000,4,"SSP1-2.6"
"CR-Pa","ssp126","Polar Zone",2037,6.96729782945245,6.6302684680616,7.29606368903789,1000,4,"SSP1-2.6"
"CR-Pa","ssp126","Polar Zone",2038,6.96352929419912,6.6169423981191,7.3071216624406,1000,4,"SSP1-2.6"
"CR-Pa","ssp126","Polar Zone",2039,6.95845925491839,6.61048930549254,7.31726900254746,1000,4,"SSP1-2.6"
"CR-Pa","ssp126","Polar Zone",2040,6.95064946063146,6.58205981596761,7.31501207355468,1000,4,"SSP1-2.6"
"CR-Pa","ssp126","Polar Zone",2041,6.95289646073192,6.54336845942569,7.34100909646586,1000,4,"SSP1-2.6"
"CR-Pa","ssp126","Polar Zone",2042,6.93420080613343,6.52985392818658,7.34379693607458,1000,4,"SSP1-2.6"
"CR-Pa","ssp126","Polar Zone",2043,6.95430513928564,6.53645674170427,7.35171343843668,1000,4,"SSP1-2.6"
"CR-Pa","ssp126","Polar Zone",2044,6.95336694509935,6.54685507227339,7.34829821113321,1000,4,"SSP1-2.6"
"CR-Pa","ssp126","Polar Zone",2045,6.94396252207369,6.51242351126971,7.35912676773231,1000,4,"SSP1-2.6"
"CR-Pa","ssp126","Polar Zone",2046,6.96721047411592,6.54006674796149,7.38223231243728,1000,4,"SSP1-2.6"
"CR-Pa","ssp126","Polar Zone",2047,6.97892384375797,6.5591354425419,7.40040621803503,1000,4,"SSP1-2.6"
"CR-Pa","ssp126","Polar Zone",2048,6.95393293918483,6.46767703937909,7.39744804937751,1000,4,"SSP1-2.6"
"CR-Pa","ssp126","Polar Zone",2049,6.92820150693523,6.39464706594952,7.39194323190109,1000,4,"SSP1-2.6"
"CR-Pa","ssp126","Polar Zone",2050,6.93186301139372,6.42571102936945,7.38351405389784,1000,4,"SSP1-2.6"
"CR-Pa","ssp126","Polar Zone",2051,6.9488153838706,6.42867698936648,7.39082790240727,1000,4,"SSP1-2.6"
"CR-Pa","ssp126","Polar Zone",2052,6.99753008304507,6.47804962877488,7.41545711281229,1000,4,"SSP1-2.6"
"CR-Pa","ssp126","Polar Zone",2053,7.00533801716001,6.53747408247036,7.41459632070261,1000,4,"SSP1-2.6"
"CR-Pa","ssp126","Polar Zone",2054,7.02747311932151,6.58171069506115,7.43037678494192,1000,4,"SSP1-2.6"
"CR-Pa","ssp126","Polar Zone",2055,7.02921017941736,6.59675256589338,7.44198144192972,1000,4,"SSP1-2.6"
"CR-Pa","ssp126","Polar Zone",2056,7.04082111242131,6.60625199766587,7.46369642927949,1000,4,"SSP1-2.6"
"CR-Pa","ssp126","Polar Zone",2057,7.04968417599282,6.64253338751174,7.45483763701279,1000,4,"SSP1-2.6"
"CR-Pa","ssp126","Polar Zone",2058,7.01578570565245,6.57656780566881,7.43525462932403,1000,4,"SSP1-2.6"
"CR-Pa","ssp126","Polar Zone",2059,7.00159578734197,6.52309127697853,7.45090502367996,1000,4,"SSP1-2.6"
"CR-Pa","ssp126","Polar Zone",2060,7.00734764976414,6.51447802037393,7.45244329826791,1000,4,"SSP1-2.6"
"CR-Pa","ssp126","Polar Zone",2061,7.00617340590009,6.51555813269369,7.45395803019542,1000,4,"SSP1-2.6"
"CR-Pa","ssp126","Polar Zone",2062,6.99519624013883,6.47100980184084,7.4606648340532,1000,4,"SSP1-2.6"
"CR-Pa","ssp126","Polar Zone",2063,6.98625726490259,6.46941840041335,7.47254792098833,1000,4,"SSP1-2.6"
"CR-Pa","ssp126","Polar Zone",2064,7.00709161313423,6.52662515209023,7.46410157824737,1000,4,"SSP1-2.6"
"CR-Pa","ssp126","Polar Zone",2065,7.00982248416759,6.55837252055096,7.45862732479398,1000,4,"SSP1-2.6"
"CR-Pa","ssp126","Polar Zone",2066,7.01353333702928,6.57182659833169,7.4673442950055,1000,4,"SSP1-2.6"
"CR-Pa","ssp126","Polar Zone",2067,6.98689927337566,6.51403392768588,7.47440861663198,1000,4,"SSP1-2.6"
"CR-Pa","ssp126","Polar Zone",2068,6.99870770856409,6.54530843792295,7.49199862605547,1000,4,"SSP1-2.6"
"CR-Pa","ssp126","Polar Zone",2069,7.0119667049391,6.55594614187804,7.50088232724694,1000,4,"SSP1-2.6"
"CR-Pa","ssp126","Polar Zone",2070,6.99689509487226,6.52285147073761,7.48847547836522,1000,4,"SSP1-2.6"
"CR-Pa","ssp126","Polar Zone",2071,6.99482679733112,6.51190630656073,7.48262463166415,1000,4,"SSP1-2.6"
"CR-Pa","ssp126","Polar Zone",2072,6.98662878189841,6.49309308132558,7.47992644879505,1000,4,"SSP1-2.6"
"CR-Pa","ssp126","Polar Zone",2073,6.97971929830438,6.46810329941955,7.48025263600238,1000,4,"SSP1-2.6"
"CR-Pa","ssp126","Polar Zone",2074,7.00711022756571,6.491670977476,7.49676221095054,1000,4,"SSP1-2.6"
"CR-Pa","ssp126","Polar Zone",2075,6.99420725195359,6.45493682586941,7.49759840042367,1000,4,"SSP1-2.6"
"CR-Pa","ssp126","Polar Zone",2076,6.9616130937498,6.4092110209437,7.46571863325308,1000,4,"SSP1-2.6"
"CR-Pa","ssp126","Polar Zone",2077,6.95120413116497,6.38021942968979,7.46254860901284,1000,4,"SSP1-2.6"
"CR-Pa","ssp126","Polar Zone",2078,6.93919054496607,6.37241219541429,7.44415675893796,1000,4,"SSP1-2.6"
"CR-Pa","ssp126","Polar Zone",2079,6.93256341554433,6.35066609630069,7.4493589223337,1000,4,"SSP1-2.6"
"CR-Pa","ssp126","Polar Zone",2080,6.92383139708386,6.3474828369898,7.44844451560566,1000,4,"SSP1-2.6"
"CR-Pa","ssp126","Polar Zone",2081,6.92293856438448,6.34710843446954,7.44001184485917,1000,4,"SSP1-2.6"
"CR-Pa","ssp126","Polar Zone",2082,6.92744594873734,6.33445272275665,7.44721274455184,1000,4,"SSP1-2.6"
"CR-Pa","ssp126","Polar Zone",2083,6.94139316451439,6.34513187762982,7.44680027469538,1000,4,"SSP1-2.6"
"CR-Pa","ssp126","Polar Zone",2084,6.94483963866624,6.35332887312084,7.44006941270581,1000,4,"SSP1-2.6"
"CR-Pa","ssp126","Polar Zone",2085,6.95576642865009,6.3855411058277,7.42779612562797,1000,4,"SSP1-2.6"
"CR-Pa","ssp126","Polar Zone",2086,6.98445391357654,6.43334419666907,7.44804290959389,1000,4,"SSP1-2.6"
"CR-Pa","ssp126","Polar Zone",2087,6.96843005335736,6.43932348895934,7.43456853362786,1000,4,"SSP1-2.6"
"CR-Pa","ssp126","Polar Zone",2088,6.98610604322232,6.45731601111183,7.43886632127509,1000,4,"SSP1-2.6"
"CR-Pa","ssp126","Polar Zone",2089,6.97992894182887,6.40110250013496,7.44701674643038,1000,4,"SSP1-2.6"
"CR-Pa","ssp126","Polar Zone",2090,6.99313811479758,6.41810629066431,7.45102799897334,1000,4,"SSP1-2.6"
"CR-Pa","ssp126","Polar Zone",2091,6.99470829367579,6.42817429290427,7.46038510199114,1000,4,"SSP1-2.6"
"CR-Pa","ssp126","Polar Zone",2092,7.01221432274439,6.48099506903843,7.4538618649727,1000,4,"SSP1-2.6"
"CR-Pa","ssp126","Polar Zone",2093,7.01777737407835,6.51685269684125,7.44862906563052,1000,4,"SSP1-2.6"
"CR-Pa","ssp126","Polar Zone",2094,7.00399803156983,6.50206996129312,7.44040460059106,1000,4,"SSP1-2.6"
"CR-Pa","ssp126","Polar Zone",2095,7.0084616025702,6.51688965448238,7.43096372223465,1000,4,"SSP1-2.6"
"CR-Pa","ssp126","Polar Zone",2096,6.98358260799962,6.43190353922214,7.43484695773338,1000,4,"SSP1-2.6"
"CR-Pa","ssp126","Polar Zone",2097,6.97265337369994,6.38881943751858,7.43265772447271,1000,4,"SSP1-2.6"
"CR-Pa","ssp126","Polar Zone",2098,6.96853910662555,6.38791112713013,7.42047504051401,1000,4,"SSP1-2.6"
"CR-Pa","ssp126","Polar Zone",2099,6.95618047820013,6.35033375604276,7.41998039152704,1000,4,"SSP1-2.6"
"CR-Pa","ssp126","Polar Zone",2100,6.9357126908511,6.26694721859449,7.42343332900224,1000,4,"SSP1-2.6"
"CR-Pa","ssp245","Polar Zone",2020,5.1793036041557,5.16074106352935,5.19522152896828,1000,4,"SSP2-4.5"
"CR-Pa","ssp245","Polar Zone",2021,5.48563307253018,5.44890356888501,5.51948078442474,1000,4,"SSP2-4.5"
"CR-Pa","ssp245","Polar Zone",2022,5.89301337181072,5.77453353051705,6.00295588911749,1000,4,"SSP2-4.5"
"CR-Pa","ssp245","Polar Zone",2023,6.23076521219857,6.04916428067763,6.37268872830569,1000,4,"SSP2-4.5"
"CR-Pa","ssp245","Polar Zone",2024,6.4660611997334,6.2319512655082,6.64295054962227,1000,4,"SSP2-4.5"
"CR-Pa","ssp245","Polar Zone",2025,6.62943405318102,6.36260709230153,6.82932479999778,1000,4,"SSP2-4.5"
"CR-Pa","ssp245","Polar Zone",2026,6.74298523970447,6.46170324870325,6.96433133287289,1000,4,"SSP2-4.5"
"CR-Pa","ssp245","Polar Zone",2027,6.78502412193118,6.50514122030391,7.01895052932189,1000,4,"SSP2-4.5"
"CR-Pa","ssp245","Polar Zone",2028,6.86916531570618,6.56964411402988,7.10884916004654,1000,4,"SSP2-4.5"
"CR-Pa","ssp245","Polar Zone",2029,6.88264651647076,6.58388928638641,7.14910019000096,1000,4,"SSP2-4.5"
"CR-Pa","ssp245","Polar Zone",2030,6.93184162069693,6.63668094443429,7.20777652777878,1000,4,"SSP2-4.5"
"CR-Pa","ssp245","Polar Zone",2031,6.9638225657357,6.66667883879661,7.24499101431863,1000,4,"SSP2-4.5"
"CR-Pa","ssp245","Polar Zone",2032,6.98489181433102,6.66561023979208,7.27759254149626,1000,4,"SSP2-4.5"
"CR-Pa","ssp245","Polar Zone",2033,6.99390432523565,6.65053474289996,7.31721372421225,1000,4,"SSP2-4.5"
"CR-Pa","ssp245","Polar Zone",2034,6.99859864869778,6.6415792136264,7.33704675612313,1000,4,"SSP2-4.5"
"CR-Pa","ssp245","Polar Zone",2035,7.04352329450749,6.673600649236,7.37395471848253,1000,4,"SSP2-4.5"
"CR-Pa","ssp245","Polar Zone",2036,7.06091721943241,6.68473356695957,7.38436005008487,1000,4,"SSP2-4.5"
"CR-Pa","ssp245","Polar Zone",2037,7.07802514419931,6.70249713333524,7.39035380063205,1000,4,"SSP2-4.5"
"CR-Pa","ssp245","Polar Zone",2038,7.07610184786094,6.69638064548859,7.38821211640675,1000,4,"SSP2-4.5"
"CR-Pa","ssp245","Polar Zone",2039,7.0886742823907,6.72222677208088,7.41142152965797,1000,4,"SSP2-4.5"
"CR-Pa","ssp245","Polar Zone",2040,7.08022832570524,6.72221696893825,7.40627951623383,1000,4,"SSP2-4.5"
"CR-Pa","ssp245","Polar Zone",2041,7.08260299319158,6.71120065591914,7.43039601405245,1000,4,"SSP2-4.5"
"CR-Pa","ssp245","Polar Zone",2042,7.07917436556925,6.71864447340489,7.43511283395359,1000,4,"SSP2-4.5"
"CR-Pa","ssp245","Polar Zone",2043,7.09526225044702,6.72553239061116,7.46123434039041,1000,4,"SSP2-4.5"
"CR-Pa","ssp245","Polar Zone",2044,7.09611143596381,6.73146825124446,7.46568821799053,1000,4,"SSP2-4.5"
"CR-Pa","ssp245","Polar Zone",2045,7.09065347986256,6.69432117262215,7.49118950441897,1000,4,"SSP2-4.5"
"CR-Pa","ssp245","Polar Zone",2046,7.07376007770458,6.64168812603673,7.51001506820372,1000,4,"SSP2-4.5"
"CR-Pa","ssp245","Polar Zone",2047,7.0448306562886,6.5651120541192,7.52687167387652,1000,4,"SSP2-4.5"
"CR-Pa","ssp245","Polar Zone",2048,7.06215044730762,6.59155555996428,7.55353601557428,1000,4,"SSP2-4.5"
"CR-Pa","ssp245","Polar Zone",2049,7.08111413356867,6.55956656635444,7.58975914769542,1000,4,"SSP2-4.5"
"CR-Pa","ssp245","Polar Zone",2050,7.07726821284958,6.50318207662159,7.5955504233072,1000,4,"SSP2-4.5"
"CR-Pa","ssp245","Polar Zone",2051,7.13097671131792,6.61922096512588,7.60948114910298,1000,4,"SSP2-4.5"
"CR-Pa","ssp245","Polar Zone",2052,7.14525882719211,6.63435866040343,7.62394142523973,1000,4,"SSP2-4.5"
"CR-Pa","ssp245","Polar Zone",2053,7.16463089419802,6.70383800451726,7.61519223624304,1000,4,"SSP2-4.5"
"CR-Pa","ssp245","Polar Zone",2054,7.18008150229465,6.74491151777683,7.64070029241905,1000,4,"SSP2-4.5"
"CR-Pa","ssp245","Polar Zone",2055,7.16556927573676,6.7361926176212,7.64579023489133,1000,4,"SSP2-4.5"
"CR-Pa","ssp245","Polar Zone",2056,7.14915328789681,6.69839490048154,7.65629797259274,1000,4,"SSP2-4.5"
"CR-Pa","ssp245","Polar Zone",2057,7.16939396375397,6.72838694374402,7.68703124527748,1000,4,"SSP2-4.5"
"CR-Pa","ssp245","Polar Zone",2058,7.17540816556123,6.73269835718079,7.70492329509744,1000,4,"SSP2-4.5"
"CR-Pa","ssp245","Polar Zone",2059,7.15649015206019,6.66131805114409,7.73096551437019,1000,4,"SSP2-4.5"
"CR-Pa","ssp245","Polar Zone",2060,7.14746389473231,6.60467647517212,7.70900091857421,1000,4,"SSP2-4.5"
"CR-Pa","ssp245","Polar Zone",2061,7.15024821228426,6.56622591208757,7.71426128137266,1000,4,"SSP2-4.5"
"CR-Pa","ssp245","Polar Zone",2062,7.1251560889176,6.52435830631449,7.72141072643962,1000,4,"SSP2-4.5"
"CR-Pa","ssp245","Polar Zone",2063,7.14377398175294,6.56529121967649,7.71599206416718,1000,4,"SSP2-4.5"
"CR-Pa","ssp245","Polar Zone",2064,7.1520308452924,6.57218591520667,7.73735571127751,1000,4,"SSP2-4.5"
"CR-Pa","ssp245","Polar Zone",2065,7.14673162359867,6.58790105733029,7.71928677828896,1000,4,"SSP2-4.5"
"CR-Pa","ssp245","Polar Zone",2066,7.16370898145671,6.58900042866509,7.73310521950541,1000,4,"SSP2-4.5"
"CR-Pa","ssp245","Polar Zone",2067,7.17387407018245,6.61269281966074,7.76477700351523,1000,4,"SSP2-4.5"
"CR-Pa","ssp245","Polar Zone",2068,7.19935205158329,6.6401615970175,7.76354365400879,1000,4,"SSP2-4.5"
"CR-Pa","ssp245","Polar Zone",2069,7.18785151872098,6.59174904197994,7.78435743979466,1000,4,"SSP2-4.5"
"CR-Pa","ssp245","Polar Zone",2070,7.18350963106016,6.57580131860614,7.79036581738662,1000,4,"SSP2-4.5"
"CR-Pa","ssp245","Polar Zone",2071,7.16298118402924,6.53146204551784,7.78909689365856,1000,4,"SSP2-4.5"
"CR-Pa","ssp245","Polar Zone",2072,7.18141413461227,6.57232752218504,7.79869759071915,1000,4,"SSP2-4.5"
"CR-Pa","ssp245","Polar Zone",2073,7.19235229346623,6.57861406370421,7.79644213746548,1000,4,"SSP2-4.5"
"CR-Pa","ssp245","Polar Zone",2074,7.20854217291505,6.58225207991472,7.7993626442757,1000,4,"SSP2-4.5"
"CR-Pa","ssp245","Polar Zone",2075,7.19697380352649,6.64318174896577,7.76677244599551,1000,4,"SSP2-4.5"
"CR-Pa","ssp245","Polar Zone",2076,7.20575988303411,6.68768607226948,7.77717464597898,1000,4,"SSP2-4.5"
"CR-Pa","ssp245","Polar Zone",2077,7.22788085940059,6.73911599445021,7.76507759862259,1000,4,"SSP2-4.5"
"CR-Pa","ssp245","Polar Zone",2078,7.20254788049496,6.72612931259194,7.7655103642419,1000,4,"SSP2-4.5"
"CR-Pa","ssp245","Polar Zone",2079,7.19022004266155,6.70288795738815,7.71638276334989,1000,4,"SSP2-4.5"
"CR-Pa","ssp245","Polar Zone",2080,7.17184465902291,6.67021914783322,7.7367431746847,1000,4,"SSP2-4.5"
"CR-Pa","ssp245","Polar Zone",2081,7.16856274433679,6.63647528323614,7.73352248568137,1000,4,"SSP2-4.5"
"CR-Pa","ssp245","Polar Zone",2082,7.19245349693618,6.60941972483307,7.76773099363191,1000,4,"SSP2-4.5"
"CR-Pa","ssp245","Polar Zone",2083,7.18239126577833,6.58121527325633,7.72690841662065,1000,4,"SSP2-4.5"
"CR-Pa","ssp245","Polar Zone",2084,7.175354325586,6.55633261429014,7.73827734155614,1000,4,"SSP2-4.5"
"CR-Pa","ssp245","Polar Zone",2085,7.16024820095368,6.55604536151856,7.72180786313531,1000,4,"SSP2-4.5"
"CR-Pa","ssp245","Polar Zone",2086,7.19875614158754,6.54989905383202,7.76980724988994,1000,4,"SSP2-4.5"
"CR-Pa","ssp245","Polar Zone",2087,7.18097911766453,6.54534788070017,7.78237928066796,1000,4,"SSP2-4.5"
"CR-Pa","ssp245","Polar Zone",2088,7.16881875728175,6.53185692715072,7.7782411149932,1000,4,"SSP2-4.5"
"CR-Pa","ssp245","Polar Zone",2089,7.15502276121622,6.49437488938773,7.79848085027616,1000,4,"SSP2-4.5"
"CR-Pa","ssp245","Polar Zone",2090,7.16454784553812,6.48802659811682,7.80143346667614,1000,4,"SSP2-4.5"
"CR-Pa","ssp245","Polar Zone",2091,7.19131407122575,6.56985984146152,7.80267157388397,1000,4,"SSP2-4.5"
"CR-Pa","ssp245","Polar Zone",2092,7.20562593558379,6.55346490373154,7.82508788132922,1000,4,"SSP2-4.5"
"CR-Pa","ssp245","Polar Zone",2093,7.20227462739918,6.51681487557626,7.80372894976081,1000,4,"SSP2-4.5"
"CR-Pa","ssp245","Polar Zone",2094,7.17097623770149,6.50942902773498,7.80298358891456,1000,4,"SSP2-4.5"
"CR-Pa","ssp245","Polar Zone",2095,7.13582385116564,6.46758186282427,7.78369748475256,1000,4,"SSP2-4.5"
"CR-Pa","ssp245","Polar Zone",2096,7.1635017493344,6.48204874454616,7.77829540174688,1000,4,"SSP2-4.5"
"CR-Pa","ssp245","Polar Zone",2097,7.14142385721109,6.48464003662894,7.76555051278033,1000,4,"SSP2-4.5"
"CR-Pa","ssp245","Polar Zone",2098,7.15992074041359,6.506618608299,7.78752945288426,1000,4,"SSP2-4.5"
"CR-Pa","ssp245","Polar Zone",2099,7.17514159599162,6.56253440409618,7.7822250052342,1000,4,"SSP2-4.5"
"CR-Pa","ssp245","Polar Zone",2100,7.18439017366167,6.54114122213411,7.79903911307876,1000,4,"SSP2-4.5"
"CR-Pa","ssp370","Polar Zone",2020,5.18669232475961,5.1746762443426,5.1948500318689,1000,4,"SSP3-7.0"
"CR-Pa","ssp370","Polar Zone",2021,5.5126727973844,5.47125796156093,5.55061980496514,1000,4,"SSP3-7.0"
"CR-Pa","ssp370","Polar Zone",2022,5.93839451337724,5.80002928647403,6.0591153431737,1000,4,"SSP3-7.0"
"CR-Pa","ssp370","Polar Zone",2023,6.24169307594352,6.00901344633094,6.42810180212591,1000,4,"SSP3-7.0"
"CR-Pa","ssp370","Polar Zone",2024,6.43555788261755,6.14799767097941,6.68498678390365,1000,4,"SSP3-7.0"
"CR-Pa","ssp370","Polar Zone",2025,6.60677966988457,6.29205433643099,6.87037266255232,1000,4,"SSP3-7.0"
"CR-Pa","ssp370","Polar Zone",2026,6.72163902459782,6.39815615919143,7.00359210297147,1000,4,"SSP3-7.0"
"CR-Pa","ssp370","Polar Zone",2027,6.78982103218934,6.43884285208385,7.10508212838138,1000,4,"SSP3-7.0"
"CR-Pa","ssp370","Polar Zone",2028,6.83556141086869,6.4515206846767,7.18043392834366,1000,4,"SSP3-7.0"
"CR-Pa","ssp370","Polar Zone",2029,6.89854233378555,6.55628400463755,7.20873136830605,1000,4,"SSP3-7.0"
"CR-Pa","ssp370","Polar Zone",2030,6.95939360798895,6.62180035890691,7.26465307643282,1000,4,"SSP3-7.0"
"CR-Pa","ssp370","Polar Zone",2031,7.00919108399889,6.66793227965022,7.3067091303523,1000,4,"SSP3-7.0"
"CR-Pa","ssp370","Polar Zone",2032,7.03773538529017,6.69781521111884,7.33098525352289,1000,4,"SSP3-7.0"
"CR-Pa","ssp370","Polar Zone",2033,7.08573285661064,6.74521274882631,7.38169967630695,1000,4,"SSP3-7.0"
"CR-Pa","ssp370","Polar Zone",2034,7.06502677395599,6.71553083665683,7.38132423226588,1000,4,"SSP3-7.0"
"CR-Pa","ssp370","Polar Zone",2035,7.03358137246711,6.68596206182313,7.36761417555171,1000,4,"SSP3-7.0"
"CR-Pa","ssp370","Polar Zone",2036,7.07825889186844,6.75103741656821,7.37783918155404,1000,4,"SSP3-7.0"
"CR-Pa","ssp370","Polar Zone",2037,7.14637527936541,6.81228147458858,7.42337198433464,1000,4,"SSP3-7.0"
"CR-Pa","ssp370","Polar Zone",2038,7.15521401579951,6.82573009916178,7.45029947301594,1000,4,"SSP3-7.0"
"CR-Pa","ssp370","Polar Zone",2039,7.11147788031185,6.77707316661508,7.42568559414273,1000,4,"SSP3-7.0"
"CR-Pa","ssp370","Polar Zone",2040,7.08304306384633,6.70619062377031,7.42887627616657,1000,4,"SSP3-7.0"
"CR-Pa","ssp370","Polar Zone",2041,7.0935261663022,6.71586032601201,7.46180022627564,1000,4,"SSP3-7.0"
"CR-Pa","ssp370","Polar Zone",2042,7.08053336516686,6.65191330832845,7.49237860480301,1000,4,"SSP3-7.0"
"CR-Pa","ssp370","Polar Zone",2043,7.09710728683055,6.62850914936163,7.52763593687858,1000,4,"SSP3-7.0"
"CR-Pa","ssp370","Polar Zone",2044,7.12679160138201,6.65774296305747,7.54659935354254,1000,4,"SSP3-7.0"
"CR-Pa","ssp370","Polar Zone",2045,7.10916906377849,6.61615181767131,7.55887619852762,1000,4,"SSP3-7.0"
"CR-Pa","ssp370","Polar Zone",2046,7.14580312942032,6.67470253543968,7.58692884241766,1000,4,"SSP3-7.0"
"CR-Pa","ssp370","Polar Zone",2047,7.15024363976017,6.66188542525473,7.6091398509199,1000,4,"SSP3-7.0"
"CR-Pa","ssp370","Polar Zone",2048,7.14126225970296,6.66618053636483,7.61365843101903,1000,4,"SSP3-7.0"
"CR-Pa","ssp370","Polar Zone",2049,7.13575492335887,6.63877136656953,7.6367448791651,1000,4,"SSP3-7.0"
"CR-Pa","ssp370","Polar Zone",2050,7.16288079568057,6.68815490799986,7.63962481970936,1000,4,"SSP3-7.0"
"CR-Pa","ssp370","Polar Zone",2051,7.17292216350945,6.69057109426486,7.66667647289611,1000,4,"SSP3-7.0"
"CR-Pa","ssp370","Polar Zone",2052,7.15751830927341,6.65348191994016,7.68968332711605,1000,4,"SSP3-7.0"
"CR-Pa","ssp370","Polar Zone",2053,7.15093259657819,6.60255267902701,7.70861782208382,1000,4,"SSP3-7.0"
"CR-Pa","ssp370","Polar Zone",2054,7.15141966177271,6.56934133724476,7.73073850921975,1000,4,"SSP3-7.0"
"CR-Pa","ssp370","Polar Zone",2055,7.14624598045458,6.50088454196688,7.73986538117915,1000,4,"SSP3-7.0"
"CR-Pa","ssp370","Polar Zone",2056,7.16732819896237,6.4965197700467,7.77438601670111,1000,4,"SSP3-7.0"
"CR-Pa","ssp370","Polar Zone",2057,7.20022751284011,6.49659302000958,7.81156145544653,1000,4,"SSP3-7.0"
"CR-Pa","ssp370","Polar Zone",2058,7.173621564614,6.45840127322801,7.7939289470339,1000,4,"SSP3-7.0"
"CR-Pa","ssp370","Polar Zone",2059,7.15111615394988,6.4308307073557,7.79825238658305,1000,4,"SSP3-7.0"
"CR-Pa","ssp370","Polar Zone",2060,7.19145799399845,6.50099540085241,7.82314013866778,1000,4,"SSP3-7.0"
"CR-Pa","ssp370","Polar Zone",2061,7.21310639080795,6.54951644320742,7.84028824580624,1000,4,"SSP3-7.0"
"CR-Pa","ssp370","Polar Zone",2062,7.20226679397088,6.52661863849433,7.84615900723858,1000,4,"SSP3-7.0"
"CR-Pa","ssp370","Polar Zone",2063,7.1836907705715,6.49662051691354,7.85820108454167,1000,4,"SSP3-7.0"
"CR-Pa","ssp370","Polar Zone",2064,7.20088291827154,6.54797611114405,7.83790323399352,1000,4,"SSP3-7.0"
"CR-Pa","ssp370","Polar Zone",2065,7.21401353042532,6.55672836413574,7.85258442141373,1000,4,"SSP3-7.0"
"CR-Pa","ssp370","Polar Zone",2066,7.22975899522416,6.56172763798846,7.87905061315481,1000,4,"SSP3-7.0"
"CR-Pa","ssp370","Polar Zone",2067,7.23782649511502,6.58342943009917,7.83886318673434,1000,4,"SSP3-7.0"
"CR-Pa","ssp370","Polar Zone",2068,7.23501555469458,6.57106973359893,7.8668508964727,1000,4,"SSP3-7.0"
"CR-Pa","ssp370","Polar Zone",2069,7.25820522991434,6.60169119257942,7.86110239417243,1000,4,"SSP3-7.0"
"CR-Pa","ssp370","Polar Zone",2070,7.24614376236217,6.55637766495996,7.89503423782293,1000,4,"SSP3-7.0"
"CR-Pa","ssp370","Polar Zone",2071,7.21362155193313,6.51843704234972,7.86229959538924,1000,4,"SSP3-7.0"
"CR-Pa","ssp370","Polar Zone",2072,7.22496547711236,6.5108658350674,7.88248110598873,1000,4,"SSP3-7.0"
"CR-Pa","ssp370","Polar Zone",2073,7.19762628533082,6.46958203940761,7.85505346680262,1000,4,"SSP3-7.0"
"CR-Pa","ssp370","Polar Zone",2074,7.1775288038591,6.44671204493135,7.85438520651556,1000,4,"SSP3-7.0"
"CR-Pa","ssp370","Polar Zone",2075,7.15922712112432,6.44417218420937,7.79620123320947,1000,4,"SSP3-7.0"
"CR-Pa","ssp370","Polar Zone",2076,7.15448113911767,6.44171326979376,7.75769130276525,1000,4,"SSP3-7.0"
"CR-Pa","ssp370","Polar Zone",2077,7.12814744234008,6.40580221487497,7.71948227123003,1000,4,"SSP3-7.0"
"CR-Pa","ssp370","Polar Zone",2078,7.11852087568272,6.41670770231875,7.72266831876952,1000,4,"SSP3-7.0"
"CR-Pa","ssp370","Polar Zone",2079,7.10160232647306,6.39445961988472,7.71931469731243,1000,4,"SSP3-7.0"
"CR-Pa","ssp370","Polar Zone",2080,7.12749085660614,6.4348211749968,7.72390654140095,1000,4,"SSP3-7.0"
"CR-Pa","ssp370","Polar Zone",2081,7.08627087961478,6.4286697363231,7.65056194900452,1000,4,"SSP3-7.0"
"CR-Pa","ssp370","Polar Zone",2082,7.08553695143032,6.43444124105626,7.66363459353608,1000,4,"SSP3-7.0"
"CR-Pa","ssp370","Polar Zone",2083,7.09214976407478,6.46209370191529,7.65733648916748,1000,4,"SSP3-7.0"
"CR-Pa","ssp370","Polar Zone",2084,7.08513057935594,6.47420947989982,7.65114306262383,1000,4,"SSP3-7.0"
"CR-Pa","ssp370","Polar Zone",2085,7.08402229447,6.53690181074388,7.58822409274943,1000,4,"SSP3-7.0"
"CR-Pa","ssp370","Polar Zone",2086,7.09502588653844,6.5641862794654,7.61670471839757,1000,4,"SSP3-7.0"
"CR-Pa","ssp370","Polar Zone",2087,7.10516190634753,6.54748493966247,7.6329292449045,1000,4,"SSP3-7.0"
"CR-Pa","ssp370","Polar Zone",2088,7.09399132040752,6.56123544751577,7.62360347465051,1000,4,"SSP3-7.0"
"CR-Pa","ssp370","Polar Zone",2089,7.08874168846834,6.58826074339648,7.56788630160802,1000,4,"SSP3-7.0"
"CR-Pa","ssp370","Polar Zone",2090,7.08717531604601,6.56951067852014,7.58181846079638,1000,4,"SSP3-7.0"
"CR-Pa","ssp370","Polar Zone",2091,7.04638393084453,6.50646849973836,7.5122452072817,1000,4,"SSP3-7.0"
"CR-Pa","ssp370","Polar Zone",2092,7.0231289189863,6.48301439725606,7.52849999532953,1000,4,"SSP3-7.0"
"CR-Pa","ssp370","Polar Zone",2093,7.0314121587882,6.49159419770699,7.54088673462732,1000,4,"SSP3-7.0"
"CR-Pa","ssp370","Polar Zone",2094,7.05729850172933,6.49602066936498,7.56862210726034,1000,4,"SSP3-7.0"
"CR-Pa","ssp370","Polar Zone",2095,7.09108215729892,6.50397440524109,7.61920981103452,1000,4,"SSP3-7.0"
"CR-Pa","ssp370","Polar Zone",2096,7.10363163970133,6.50150379835711,7.6294020912122,1000,4,"SSP3-7.0"
"CR-Pa","ssp370","Polar Zone",2097,7.1198005510216,6.50353007595487,7.65615055358952,1000,4,"SSP3-7.0"
"CR-Pa","ssp370","Polar Zone",2098,7.1118892541174,6.5074713984908,7.61720353323384,1000,4,"SSP3-7.0"
"CR-Pa","ssp370","Polar Zone",2099,7.11960913463066,6.50080145711886,7.6610981509248,1000,4,"SSP3-7.0"
"CR-Pa","ssp370","Polar Zone",2100,7.05416541739524,6.48907518839798,7.53251810911571,1000,4,"SSP3-7.0"
"CR-Pa","ssp585","Polar Zone",2020,5.17929403154088,5.16711465824157,5.19858284113067,1000,4,"SSP5-8.5"
"CR-Pa","ssp585","Polar Zone",2021,5.5285292702894,5.48638174151557,5.57165625285392,1000,4,"SSP5-8.5"
"CR-Pa","ssp585","Polar Zone",2022,6.00235665716263,5.86249616644539,6.1211166842249,1000,4,"SSP5-8.5"
"CR-Pa","ssp585","Polar Zone",2023,6.30969996643733,6.09425338191422,6.4876855945367,1000,4,"SSP5-8.5"
"CR-Pa","ssp585","Polar Zone",2024,6.52712181317309,6.27466718251453,6.74898389170952,1000,4,"SSP5-8.5"
"CR-Pa","ssp585","Polar Zone",2025,6.68292182336331,6.40010872565211,6.93682538557865,1000,4,"SSP5-8.5"
"CR-Pa","ssp585","Polar Zone",2026,6.82088332746783,6.51021151020577,7.07332057738094,1000,4,"SSP5-8.5"
"CR-Pa","ssp585","Polar Zone",2027,6.85809580972518,6.55370974293458,7.13647444479901,1000,4,"SSP5-8.5"
"CR-Pa","ssp585","Polar Zone",2028,6.90906361073848,6.60073229168962,7.20289274570743,1000,4,"SSP5-8.5"
"CR-Pa","ssp585","Polar Zone",2029,6.93847674949444,6.62058071256759,7.24378763098814,1000,4,"SSP5-8.5"
"CR-Pa","ssp585","Polar Zone",2030,6.96989807621372,6.63963070433133,7.29800155006487,1000,4,"SSP5-8.5"
"CR-Pa","ssp585","Polar Zone",2031,6.97358450135456,6.62779593543745,7.33306254982893,1000,4,"SSP5-8.5"
"CR-Pa","ssp585","Polar Zone",2032,7.02582049537054,6.68389432095289,7.37908288862832,1000,4,"SSP5-8.5"
"CR-Pa","ssp585","Polar Zone",2033,7.08829438774075,6.75051767537762,7.42280343836744,1000,4,"SSP5-8.5"
"CR-Pa","ssp585","Polar Zone",2034,7.15449160144335,6.82308171051948,7.45798140197947,1000,4,"SSP5-8.5"
"CR-Pa","ssp585","Polar Zone",2035,7.19842100942334,6.85199270038079,7.49250916297606,1000,4,"SSP5-8.5"
"CR-Pa","ssp585","Polar Zone",2036,7.16905913635283,6.81691009599952,7.49699651318447,1000,4,"SSP5-8.5"
"CR-Pa","ssp585","Polar Zone",2037,7.1563511721859,6.80782952905887,7.50428954786507,1000,4,"SSP5-8.5"
"CR-Pa","ssp585","Polar Zone",2038,7.15837527002507,6.79729712288339,7.5163600144849,1000,4,"SSP5-8.5"
"CR-Pa","ssp585","Polar Zone",2039,7.15279899188714,6.77254241986324,7.54046928472442,1000,4,"SSP5-8.5"
"CR-Pa","ssp585","Polar Zone",2040,7.09862494700764,6.68187423988523,7.55073150700714,1000,4,"SSP5-8.5"
"CR-Pa","ssp585","Polar Zone",2041,7.07113338319274,6.61224189315724,7.56720376188639,1000,4,"SSP5-8.5"
"CR-Pa","ssp585","Polar Zone",2042,7.08167457560843,6.60721014719092,7.60323644035047,1000,4,"SSP5-8.5"
"CR-Pa","ssp585","Polar Zone",2043,7.11355675293228,6.63997598589994,7.64357045639996,1000,4,"SSP5-8.5"
"CR-Pa","ssp585","Polar Zone",2044,7.14039022887951,6.65572625995553,7.64054345053532,1000,4,"SSP5-8.5"
"CR-Pa","ssp585","Polar Zone",2045,7.16418392358998,6.69130161835325,7.67663234002494,1000,4,"SSP5-8.5"
"CR-Pa","ssp585","Polar Zone",2046,7.18426683735474,6.71099597763717,7.65548300658647,1000,4,"SSP5-8.5"
"CR-Pa","ssp585","Polar Zone",2047,7.20706381051841,6.71966191656718,7.70566738099042,1000,4,"SSP5-8.5"
"CR-Pa","ssp585","Polar Zone",2048,7.23601305883579,6.79549266184423,7.73216106982432,1000,4,"SSP5-8.5"
"CR-Pa","ssp585","Polar Zone",2049,7.25017862067954,6.79465373008512,7.75701157175462,1000,4,"SSP5-8.5"
"CR-Pa","ssp585","Polar Zone",2050,7.22221474330934,6.71968597854277,7.76598653574503,1000,4,"SSP5-8.5"
"CR-Pa","ssp585","Polar Zone",2051,7.1782004745759,6.58700684645337,7.79921194181364,1000,4,"SSP5-8.5"
"CR-Pa","ssp585","Polar Zone",2052,7.19396230929185,6.59825913852711,7.82970442287391,1000,4,"SSP5-8.5"
"CR-Pa","ssp585","Polar Zone",2053,7.20815180342747,6.61112081807973,7.84509376411255,1000,4,"SSP5-8.5"
"CR-Pa","ssp585","Polar Zone",2054,7.21306933693102,6.64229717359554,7.847438616816,1000,4,"SSP5-8.5"
"CR-Pa","ssp585","Polar Zone",2055,7.1950777518393,6.56936888966364,7.82244561115925,1000,4,"SSP5-8.5"
"CR-Pa","ssp585","Polar Zone",2056,7.19497689934251,6.55263685941795,7.83842053803794,1000,4,"SSP5-8.5"
"CR-Pa","ssp585","Polar Zone",2057,7.20443788917678,6.57035801889254,7.85890437207335,1000,4,"SSP5-8.5"
"CR-Pa","ssp585","Polar Zone",2058,7.22567195564605,6.62858644056321,7.82578786277522,1000,4,"SSP5-8.5"
"CR-Pa","ssp585","Polar Zone",2059,7.21231623537385,6.58910086945327,7.79838494497694,1000,4,"SSP5-8.5"
"CR-Pa","ssp585","Polar Zone",2060,7.24715536755695,6.59787669027637,7.85442131024649,1000,4,"SSP5-8.5"
"CR-Pa","ssp585","Polar Zone",2061,7.23009422949348,6.58939689583065,7.88952717655752,1000,4,"SSP5-8.5"
"CR-Pa","ssp585","Polar Zone",2062,7.23059024528903,6.58179388936999,7.89846230220509,1000,4,"SSP5-8.5"
"CR-Pa","ssp585","Polar Zone",2063,7.25514071506404,6.586110062355,7.91214203545139,1000,4,"SSP5-8.5"
"CR-Pa","ssp585","Polar Zone",2064,7.28168813777314,6.63647462779755,7.95093837239765,1000,4,"SSP5-8.5"
"CR-Pa","ssp585","Polar Zone",2065,7.24112801869309,6.65873377818434,7.85244933514383,1000,4,"SSP5-8.5"
"CR-Pa","ssp585","Polar Zone",2066,7.29466158122884,6.73383629681715,7.87657776217788,1000,4,"SSP5-8.5"
"CR-Pa","ssp585","Polar Zone",2067,7.29608455382704,6.68563370441681,7.92114718408985,1000,4,"SSP5-8.5"
"CR-Pa","ssp585","Polar Zone",2068,7.2960989073314,6.65472481071566,7.94043958839931,1000,4,"SSP5-8.5"
"CR-Pa","ssp585","Polar Zone",2069,7.3171238097916,6.66452458771525,8.00222978373797,1000,4,"SSP5-8.5"
"CR-Pa","ssp585","Polar Zone",2070,7.31986067545486,6.64786865013663,7.9881329260505,1000,4,"SSP5-8.5"
"CR-Pa","ssp585","Polar Zone",2071,7.287828794433,6.61611839579558,7.93851655339021,1000,4,"SSP5-8.5"
"CR-Pa","ssp585","Polar Zone",2072,7.24701729065113,6.59815416413144,7.8684490710496,1000,4,"SSP5-8.5"
"CR-Pa","ssp585","Polar Zone",2073,7.21723921326949,6.57387339010938,7.78573710454687,1000,4,"SSP5-8.5"
"CR-Pa","ssp585","Polar Zone",2074,7.20656121477221,6.58449817110352,7.7938614865456,1000,4,"SSP5-8.5"
"CR-Pa","ssp585","Polar Zone",2075,7.21973573474876,6.61106854489341,7.80222731936403,1000,4,"SSP5-8.5"
"CR-Pa","ssp585","Polar Zone",2076,7.24925557440533,6.614506527749,7.86074723804679,1000,4,"SSP5-8.5"
"CR-Pa","ssp585","Polar Zone",2077,7.26678700136695,6.59568672869612,7.89329863702324,1000,4,"SSP5-8.5"
"CR-Pa","ssp585","Polar Zone",2078,7.24713398677895,6.60288821539727,7.87893049386723,1000,4,"SSP5-8.5"
"CR-Pa","ssp585","Polar Zone",2079,7.22677209213691,6.58348696057739,7.83069009073736,1000,4,"SSP5-8.5"
"CR-Pa","ssp585","Polar Zone",2080,7.2311680640398,6.57572451217829,7.86662200109858,1000,4,"SSP5-8.5"
"CR-Pa","ssp585","Polar Zone",2081,7.28419289349761,6.60995976594411,7.88686901287971,1000,4,"SSP5-8.5"
"CR-Pa","ssp585","Polar Zone",2082,7.29447378639053,6.62659929602386,7.91987872690745,1000,4,"SSP5-8.5"
"CR-Pa","ssp585","Polar Zone",2083,7.31039081815508,6.62679662005288,7.94074123326166,1000,4,"SSP5-8.5"
"CR-Pa","ssp585","Polar Zone",2084,7.26586324965272,6.60320264789409,7.90111004603499,1000,4,"SSP5-8.5"
"CR-Pa","ssp585","Polar Zone",2085,7.25884941716152,6.61557900252067,7.89814421881122,1000,4,"SSP5-8.5"
"CR-Pa","ssp585","Polar Zone",2086,7.23729134889177,6.61585549476685,7.87611237610638,1000,4,"SSP5-8.5"
"CR-Pa","ssp585","Polar Zone",2087,7.18821612188404,6.60322364470239,7.7953200161101,1000,4,"SSP5-8.5"
"CR-Pa","ssp585","Polar Zone",2088,7.18997251659915,6.61156997775293,7.79318098208086,1000,4,"SSP5-8.5"
"CR-Pa","ssp585","Polar Zone",2089,7.16181961394363,6.60085792854148,7.73546931613632,1000,4,"SSP5-8.5"
"CR-Pa","ssp585","Polar Zone",2090,7.11370819086758,6.5579638397736,7.62635864958309,1000,4,"SSP5-8.5"
"CR-Pa","ssp585","Polar Zone",2091,7.07246552098127,6.52577980678185,7.60293826030265,1000,4,"SSP5-8.5"
"CR-Pa","ssp585","Polar Zone",2092,7.05625867680308,6.53681785910738,7.54971686338681,1000,4,"SSP5-8.5"
"CR-Pa","ssp585","Polar Zone",2093,7.03874994691863,6.54292576983565,7.52326030416274,1000,4,"SSP5-8.5"
"CR-Pa","ssp585","Polar Zone",2094,7.05380889345659,6.57533866246775,7.50077889979286,1000,4,"SSP5-8.5"
"CR-Pa","ssp585","Polar Zone",2095,7.03666723382437,6.56564990866189,7.4658800594459,1000,4,"SSP5-8.5"
"CR-Pa","ssp585","Polar Zone",2096,7.04613472194741,6.57471853705439,7.4808617555584,1000,4,"SSP5-8.5"
"CR-Pa","ssp585","Polar Zone",2097,7.11962577930369,6.61764560340051,7.53993862474387,1000,4,"SSP5-8.5"
"CR-Pa","ssp585","Polar Zone",2098,7.13625563459379,6.62864653245817,7.60547128360774,1000,4,"SSP5-8.5"
"CR-Pa","ssp585","Polar Zone",2099,7.10163617987926,6.60225270014389,7.58700397232911,1000,4,"SSP5-8.5"
"CR-Pa","ssp585","Polar Zone",2100,7.12270718703363,6.63363973847282,7.58601702704122,1000,4,"SSP5-8.5"
"3GCR-Ec","ssp126","Temperate Zone",2020,23.1869887536617,22.3535573576971,23.9434689948769,1000,4,"SSP1-2.6"
"3GCR-Ec","ssp126","Temperate Zone",2021,23.2022475183053,22.463212010818,23.8889392149079,1000,4,"SSP1-2.6"
"3GCR-Ec","ssp126","Temperate Zone",2022,23.2127510230008,22.2587193736095,24.0413541824035,1000,4,"SSP1-2.6"
"3GCR-Ec","ssp126","Temperate Zone",2023,23.2225254506186,21.7753800267904,24.6517018290546,1000,4,"SSP1-2.6"
"3GCR-Ec","ssp126","Temperate Zone",2024,23.189748254384,21.2929848721928,25.2266682736726,1000,4,"SSP1-2.6"
"3GCR-Ec","ssp126","Temperate Zone",2025,23.1820863797788,21.0601164157653,25.5102427585739,1000,4,"SSP1-2.6"
"3GCR-Ec","ssp126","Temperate Zone",2026,23.1630323388372,20.6783312177544,25.917199771018,1000,4,"SSP1-2.6"
"3GCR-Ec","ssp126","Temperate Zone",2027,23.1992443485259,20.5169308858296,26.2905524249665,1000,4,"SSP1-2.6"
"3GCR-Ec","ssp126","Temperate Zone",2028,23.2239925492043,20.438253297831,26.5609884099301,1000,4,"SSP1-2.6"
"3GCR-Ec","ssp126","Temperate Zone",2029,23.2914119574773,20.2545787282335,26.6847784280825,1000,4,"SSP1-2.6"
"3GCR-Ec","ssp126","Temperate Zone",2030,23.3402083027605,20.3143763094667,26.9590634801974,1000,4,"SSP1-2.6"
"3GCR-Ec","ssp126","Temperate Zone",2031,23.3412972431874,20.2852655085786,27.0528621999113,1000,4,"SSP1-2.6"
"3GCR-Ec","ssp126","Temperate Zone",2032,23.362591045519,20.2829043285651,27.0800106225167,1000,4,"SSP1-2.6"
"3GCR-Ec","ssp126","Temperate Zone",2033,23.29106509169,20.2151668665449,26.8670725272093,1000,4,"SSP1-2.6"
"3GCR-Ec","ssp126","Temperate Zone",2034,23.2636109332399,20.1156676982928,26.9318462646068,1000,4,"SSP1-2.6"
"3GCR-Ec","ssp126","Temperate Zone",2035,23.3236811180754,20.1019404198408,26.8737298226697,1000,4,"SSP1-2.6"
"3GCR-Ec","ssp126","Temperate Zone",2036,23.3228574345611,19.9528997560862,27.1651616923894,1000,4,"SSP1-2.6"
"3GCR-Ec","ssp126","Temperate Zone",2037,23.3194473948237,19.8033078794831,27.1729302767452,1000,4,"SSP1-2.6"
"3GCR-Ec","ssp126","Temperate Zone",2038,23.340200172582,19.9851997820732,27.0784548353242,1000,4,"SSP1-2.6"
"3GCR-Ec","ssp126","Temperate Zone",2039,23.4100380913355,20.084342911025,27.1320716018197,1000,4,"SSP1-2.6"
"3GCR-Ec","ssp126","Temperate Zone",2040,23.4525251415313,20.0937650479269,27.1895929994296,1000,4,"SSP1-2.6"
"3GCR-Ec","ssp126","Temperate Zone",2041,23.5087785416837,19.9832822253662,27.2723706186463,1000,4,"SSP1-2.6"
"3GCR-Ec","ssp126","Temperate Zone",2042,23.5293122791838,19.9163189090449,27.2453792173377,1000,4,"SSP1-2.6"
"3GCR-Ec","ssp126","Temperate Zone",2043,23.5410651325683,19.8820761580049,27.2317755302504,1000,4,"SSP1-2.6"
"3GCR-Ec","ssp126","Temperate Zone",2044,23.5625685398422,19.9687705984016,27.1425980590992,1000,4,"SSP1-2.6"
"3GCR-Ec","ssp126","Temperate Zone",2045,23.5962272974016,20.059629754131,27.1226174179043,1000,4,"SSP1-2.6"
"3GCR-Ec","ssp126","Temperate Zone",2046,23.6222796144369,20.0331245287439,27.289983847669,1000,4,"SSP1-2.6"
"3GCR-Ec","ssp126","Temperate Zone",2047,23.6693551620524,20.188448313519,27.3173502188398,1000,4,"SSP1-2.6"
"3GCR-Ec","ssp126","Temperate Zone",2048,23.735217163704,20.2418140135153,27.4661939169868,1000,4,"SSP1-2.6"
"3GCR-Ec","ssp126","Temperate Zone",2049,23.7174820283935,20.1967185693344,27.4607837038065,1000,4,"SSP1-2.6"
"3GCR-Ec","ssp126","Temperate Zone",2050,23.6920197621514,20.2094141967433,27.3287587585488,1000,4,"SSP1-2.6"
"3GCR-Ec","ssp126","Temperate Zone",2051,23.6842111888734,20.2018630927478,27.2519731671092,1000,4,"SSP1-2.6"
"3GCR-Ec","ssp126","Temperate Zone",2052,23.6709771758166,20.0264000859091,27.4040111598027,1000,4,"SSP1-2.6"
"3GCR-Ec","ssp126","Temperate Zone",2053,23.6911008543292,19.9707736645871,27.4988679930784,1000,4,"SSP1-2.6"
"3GCR-Ec","ssp126","Temperate Zone",2054,23.6253749878973,20.0560424579586,27.2233007547565,1000,4,"SSP1-2.6"
"3GCR-Ec","ssp126","Temperate Zone",2055,23.6044704811622,20.2014746505765,27.4506698145927,1000,4,"SSP1-2.6"
"3GCR-Ec","ssp126","Temperate Zone",2056,23.6333843731432,20.2493763341424,27.5126486006345,1000,4,"SSP1-2.6"
"3GCR-Ec","ssp126","Temperate Zone",2057,23.6327043810762,20.1306316737744,27.4432007394294,1000,4,"SSP1-2.6"
"3GCR-Ec","ssp126","Temperate Zone",2058,23.6576186053024,20.1900292488173,27.369454090073,1000,4,"SSP1-2.6"
"3GCR-Ec","ssp126","Temperate Zone",2059,23.7002219534934,20.1179138021198,27.3711724243915,1000,4,"SSP1-2.6"
"3GCR-Ec","ssp126","Temperate Zone",2060,23.7261656510108,20.1980159881693,27.4106635680373,1000,4,"SSP1-2.6"
"3GCR-Ec","ssp126","Temperate Zone",2061,23.7355307301707,20.2402733195731,27.3836393129146,1000,4,"SSP1-2.6"
"3GCR-Ec","ssp126","Temperate Zone",2062,23.7548174901207,20.2002095545182,27.5309227597709,1000,4,"SSP1-2.6"
"3GCR-Ec","ssp126","Temperate Zone",2063,23.7722425511168,20.3009192669739,27.6138633841419,1000,4,"SSP1-2.6"
"3GCR-Ec","ssp126","Temperate Zone",2064,23.7549870042217,20.3523791916593,27.582110861961,1000,4,"SSP1-2.6"
"3GCR-Ec","ssp126","Temperate Zone",2065,23.7538512087168,20.3332948293329,27.5229122672332,1000,4,"SSP1-2.6"
"3GCR-Ec","ssp126","Temperate Zone",2066,23.7509309582611,20.529996981915,27.395107149918,1000,4,"SSP1-2.6"
"3GCR-Ec","ssp126","Temperate Zone",2067,23.7147910064111,20.4414450448323,27.4683694798443,1000,4,"SSP1-2.6"
"3GCR-Ec","ssp126","Temperate Zone",2068,23.6957542161065,20.4224692737853,27.2234218523319,1000,4,"SSP1-2.6"
"3GCR-Ec","ssp126","Temperate Zone",2069,23.6722693117986,20.4442105303377,27.2206767622357,1000,4,"SSP1-2.6"
"3GCR-Ec","ssp126","Temperate Zone",2070,23.6668590591788,20.5171225720652,27.2757102224239,1000,4,"SSP1-2.6"
"3GCR-Ec","ssp126","Temperate Zone",2071,23.6851706166594,20.6262285200574,27.2697632430944,1000,4,"SSP1-2.6"
"3GCR-Ec","ssp126","Temperate Zone",2072,23.6187220573196,20.4415515837138,27.1540735842284,1000,4,"SSP1-2.6"
"3GCR-Ec","ssp126","Temperate Zone",2073,23.5935549015754,20.5119005374234,27.3247652110223,1000,4,"SSP1-2.6"
"3GCR-Ec","ssp126","Temperate Zone",2074,23.5825793901758,20.3994456648387,27.0963970811254,1000,4,"SSP1-2.6"
"3GCR-Ec","ssp126","Temperate Zone",2075,23.632520997993,20.5189395819501,27.233262869274,1000,4,"SSP1-2.6"
"3GCR-Ec","ssp126","Temperate Zone",2076,23.5803701564173,20.393895173852,27.3348532765905,1000,4,"SSP1-2.6"
"3GCR-Ec","ssp126","Temperate Zone",2077,23.501163146283,20.0320656604148,27.2125405765177,1000,4,"SSP1-2.6"
"3GCR-Ec","ssp126","Temperate Zone",2078,23.4327800509273,19.8946541491724,27.1221073596704,1000,4,"SSP1-2.6"
"3GCR-Ec","ssp126","Temperate Zone",2079,23.425300522184,20.04030040224,26.946235804331,1000,4,"SSP1-2.6"
"3GCR-Ec","ssp126","Temperate Zone",2080,23.4643822441557,20.057549237811,27.2163527334461,1000,4,"SSP1-2.6"
"3GCR-Ec","ssp126","Temperate Zone",2081,23.5084925867223,20.1614725922252,27.1635875362158,1000,4,"SSP1-2.6"
"3GCR-Ec","ssp126","Temperate Zone",2082,23.4886617494046,20.1400768957404,27.2320313896871,1000,4,"SSP1-2.6"
"3GCR-Ec","ssp126","Temperate Zone",2083,23.5587583617216,20.0469272525774,27.3066822422097,1000,4,"SSP1-2.6"
"3GCR-Ec","ssp126","Temperate Zone",2084,23.5854603562074,20.2016979975952,27.2260485472689,1000,4,"SSP1-2.6"
"3GCR-Ec","ssp126","Temperate Zone",2085,23.6031934912857,20.1749018003664,27.3985214539722,1000,4,"SSP1-2.6"
"3GCR-Ec","ssp126","Temperate Zone",2086,23.5973328412197,20.1533618694431,27.2702955027485,1000,4,"SSP1-2.6"
"3GCR-Ec","ssp126","Temperate Zone",2087,23.5862652233743,20.1855543575701,27.2709409081662,1000,4,"SSP1-2.6"
"3GCR-Ec","ssp126","Temperate Zone",2088,23.5522665069438,20.0802766996776,27.282257568037,1000,4,"SSP1-2.6"
"3GCR-Ec","ssp126","Temperate Zone",2089,23.5706779181351,20.1689801845663,27.3144195260552,1000,4,"SSP1-2.6"
"3GCR-Ec","ssp126","Temperate Zone",2090,23.6026025408106,20.1722338766364,27.2119565610448,1000,4,"SSP1-2.6"
"3GCR-Ec","ssp126","Temperate Zone",2091,23.6352253377674,20.334814265618,27.4572933925702,1000,4,"SSP1-2.6"
"3GCR-Ec","ssp126","Temperate Zone",2092,23.5929824858474,20.3365083663219,27.3250964524639,1000,4,"SSP1-2.6"
"3GCR-Ec","ssp126","Temperate Zone",2093,23.5882267411714,20.1859589147435,27.4284161640001,1000,4,"SSP1-2.6"
"3GCR-Ec","ssp126","Temperate Zone",2094,23.4949171184487,20.0567842341659,27.3866403405412,1000,4,"SSP1-2.6"
"3GCR-Ec","ssp126","Temperate Zone",2095,23.4906467870403,20.1239041729487,27.4773004127972,1000,4,"SSP1-2.6"
"3GCR-Ec","ssp126","Temperate Zone",2096,23.4610421737497,19.9384343665768,27.1779615700815,1000,4,"SSP1-2.6"
"3GCR-Ec","ssp126","Temperate Zone",2097,23.4192476132239,19.8125436892931,27.2186216938034,1000,4,"SSP1-2.6"
"3GCR-Ec","ssp126","Temperate Zone",2098,23.4596916191699,20.0591770818463,27.2991023605139,1000,4,"SSP1-2.6"
"3GCR-Ec","ssp126","Temperate Zone",2099,23.4790579799453,20.0198237536911,27.2382025395451,1000,4,"SSP1-2.6"
"3GCR-Ec","ssp126","Temperate Zone",2100,23.4369027368953,20.0274156982354,27.1968113528692,1000,4,"SSP1-2.6"
"3GCR-Ec","ssp245","Temperate Zone",2020,23.3296556774986,22.3748946777969,24.0020883971725,1000,4,"SSP2-4.5"
"3GCR-Ec","ssp245","Temperate Zone",2021,23.3139164321052,22.4923371850489,24.0459953315178,1000,4,"SSP2-4.5"
"3GCR-Ec","ssp245","Temperate Zone",2022,23.3163962262036,22.2418939673658,24.3253462893598,1000,4,"SSP2-4.5"
"3GCR-Ec","ssp245","Temperate Zone",2023,23.4018703772223,21.7849418162664,24.9605573682949,1000,4,"SSP2-4.5"
"3GCR-Ec","ssp245","Temperate Zone",2024,23.3856781233478,21.2601117025747,25.6058155848231,1000,4,"SSP2-4.5"
"3GCR-Ec","ssp245","Temperate Zone",2025,23.489818510122,20.9551035619785,26.3323747313972,1000,4,"SSP2-4.5"
"3GCR-Ec","ssp245","Temperate Zone",2026,23.4914180207859,20.5928029734228,26.5948740634128,1000,4,"SSP2-4.5"
"3GCR-Ec","ssp245","Temperate Zone",2027,23.4985539510556,20.3244335710909,26.8064620263429,1000,4,"SSP2-4.5"
"3GCR-Ec","ssp245","Temperate Zone",2028,23.5091439993382,20.1624021040561,27.2083888946846,1000,4,"SSP2-4.5"
"3GCR-Ec","ssp245","Temperate Zone",2029,23.5784250133468,20.1599069946609,27.4142168155927,1000,4,"SSP2-4.5"
"3GCR-Ec","ssp245","Temperate Zone",2030,23.5961977114434,20.0618638658428,27.5385095929084,1000,4,"SSP2-4.5"
"3GCR-Ec","ssp245","Temperate Zone",2031,23.6588246728337,20.0868676729915,27.6912510450509,1000,4,"SSP2-4.5"
"3GCR-Ec","ssp245","Temperate Zone",2032,23.7431032558469,20.136346091552,27.7683827461537,1000,4,"SSP2-4.5"
"3GCR-Ec","ssp245","Temperate Zone",2033,23.7157682439513,20.03835675494,27.7341744865909,1000,4,"SSP2-4.5"
"3GCR-Ec","ssp245","Temperate Zone",2034,23.7580295772703,20.0795921795117,27.7739891103923,1000,4,"SSP2-4.5"
"3GCR-Ec","ssp245","Temperate Zone",2035,23.8623332426891,20.3867271548979,28.0507187099373,1000,4,"SSP2-4.5"
"3GCR-Ec","ssp245","Temperate Zone",2036,23.9649524399132,20.4226919184242,28.318507048966,1000,4,"SSP2-4.5"
"3GCR-Ec","ssp245","Temperate Zone",2037,23.9730461645668,20.4178293476269,28.1312741404739,1000,4,"SSP2-4.5"
"3GCR-Ec","ssp245","Temperate Zone",2038,24.0231519056988,20.5181422245539,27.8070729304164,1000,4,"SSP2-4.5"
"3GCR-Ec","ssp245","Temperate Zone",2039,24.0722844271395,20.7368206771114,27.9274629914595,1000,4,"SSP2-4.5"
"3GCR-Ec","ssp245","Temperate Zone",2040,24.1086921152199,20.6359527202757,27.9217398427335,1000,4,"SSP2-4.5"
"3GCR-Ec","ssp245","Temperate Zone",2041,24.1774397663182,20.5220635668464,28.1294560064047,1000,4,"SSP2-4.5"
"3GCR-Ec","ssp245","Temperate Zone",2042,24.1707904877152,20.5127496437542,27.9296253437468,1000,4,"SSP2-4.5"
"3GCR-Ec","ssp245","Temperate Zone",2043,24.1955315527486,20.5562179204304,28.128643495241,1000,4,"SSP2-4.5"
"3GCR-Ec","ssp245","Temperate Zone",2044,24.2647905685146,20.7277504558824,28.1604754584658,1000,4,"SSP2-4.5"
"3GCR-Ec","ssp245","Temperate Zone",2045,24.3154390286081,20.7521909029995,28.3692372719038,1000,4,"SSP2-4.5"
"3GCR-Ec","ssp245","Temperate Zone",2046,24.3828768915923,20.7316728440835,28.5583511191677,1000,4,"SSP2-4.5"
"3GCR-Ec","ssp245","Temperate Zone",2047,24.4865864679281,20.8552061758301,28.5935777082694,1000,4,"SSP2-4.5"
"3GCR-Ec","ssp245","Temperate Zone",2048,24.4934881618562,20.9070949084748,28.5800344552903,1000,4,"SSP2-4.5"
"3GCR-Ec","ssp245","Temperate Zone",2049,24.4040383665919,20.7369855145313,28.510430735636,1000,4,"SSP2-4.5"
"3GCR-Ec","ssp245","Temperate Zone",2050,24.3757937168334,20.6668296452133,28.3275070219801,1000,4,"SSP2-4.5"
"3GCR-Ec","ssp245","Temperate Zone",2051,24.4046622170147,20.6468236006529,28.5330958110551,1000,4,"SSP2-4.5"
"3GCR-Ec","ssp245","Temperate Zone",2052,24.4129913123435,20.66223306864,28.6061989261731,1000,4,"SSP2-4.5"
"3GCR-Ec","ssp245","Temperate Zone",2053,24.344669632091,20.6413051432717,28.4086071783406,1000,4,"SSP2-4.5"
"3GCR-Ec","ssp245","Temperate Zone",2054,24.3817784873329,20.6177742410706,28.6720287783198,1000,4,"SSP2-4.5"
"3GCR-Ec","ssp245","Temperate Zone",2055,24.5037768740971,20.7781555050273,29.0955676215587,1000,4,"SSP2-4.5"
"3GCR-Ec","ssp245","Temperate Zone",2056,24.551201781574,20.7143165746077,29.3060653890679,1000,4,"SSP2-4.5"
"3GCR-Ec","ssp245","Temperate Zone",2057,24.6040038767323,20.9340674394945,29.1419382262406,1000,4,"SSP2-4.5"
"3GCR-Ec","ssp245","Temperate Zone",2058,24.7096278553464,20.9233852318173,29.1889029503168,1000,4,"SSP2-4.5"
"3GCR-Ec","ssp245","Temperate Zone",2059,24.7495199808795,20.977970042573,29.4292282520242,1000,4,"SSP2-4.5"
"3GCR-Ec","ssp245","Temperate Zone",2060,24.7912704646763,20.9233597385901,29.4703088164463,1000,4,"SSP2-4.5"
"3GCR-Ec","ssp245","Temperate Zone",2061,24.678830908394,20.916650046495,29.334360646726,1000,4,"SSP2-4.5"
"3GCR-Ec","ssp245","Temperate Zone",2062,24.696710134221,20.857892040724,29.5126313270613,1000,4,"SSP2-4.5"
"3GCR-Ec","ssp245","Temperate Zone",2063,24.7212877278098,20.78267190901,29.2296475398762,1000,4,"SSP2-4.5"
"3GCR-Ec","ssp245","Temperate Zone",2064,24.6876132706987,20.6408307850247,28.9579608856812,1000,4,"SSP2-4.5"
"3GCR-Ec","ssp245","Temperate Zone",2065,24.6416864373972,20.5228919090455,28.804075913613,1000,4,"SSP2-4.5"
"3GCR-Ec","ssp245","Temperate Zone",2066,24.5443996689402,20.4823347754004,28.6523927435861,1000,4,"SSP2-4.5"
"3GCR-Ec","ssp245","Temperate Zone",2067,24.5738166716642,20.5665880206073,28.8736961625055,1000,4,"SSP2-4.5"
"3GCR-Ec","ssp245","Temperate Zone",2068,24.5463811019532,20.5924588271778,28.7933484251601,1000,4,"SSP2-4.5"
"3GCR-Ec","ssp245","Temperate Zone",2069,24.5652706237975,20.7360855104389,28.8710037967195,1000,4,"SSP2-4.5"
"3GCR-Ec","ssp245","Temperate Zone",2070,24.5510092721039,20.7861230173461,29.0212833269697,1000,4,"SSP2-4.5"
"3GCR-Ec","ssp245","Temperate Zone",2071,24.5383135849647,20.8134099583626,28.9447834169035,1000,4,"SSP2-4.5"
"3GCR-Ec","ssp245","Temperate Zone",2072,24.5569585947399,20.8599107649504,28.7903642112713,1000,4,"SSP2-4.5"
"3GCR-Ec","ssp245","Temperate Zone",2073,24.6100509512241,20.9135190644389,28.8073405065739,1000,4,"SSP2-4.5"
"3GCR-Ec","ssp245","Temperate Zone",2074,24.6146701969843,20.9758517848396,28.8864055076688,1000,4,"SSP2-4.5"
"3GCR-Ec","ssp245","Temperate Zone",2075,24.5884281161719,20.9152941893754,28.706818501626,1000,4,"SSP2-4.5"
"3GCR-Ec","ssp245","Temperate Zone",2076,24.5779753943074,20.7108854053881,28.8192306694713,1000,4,"SSP2-4.5"
"3GCR-Ec","ssp245","Temperate Zone",2077,24.5344164887141,20.8303007855551,28.7128820653462,1000,4,"SSP2-4.5"
"3GCR-Ec","ssp245","Temperate Zone",2078,24.5303915510913,20.7225387350113,28.5984627046285,1000,4,"SSP2-4.5"
"3GCR-Ec","ssp245","Temperate Zone",2079,24.5842622355585,20.7098446301592,28.7009641594495,1000,4,"SSP2-4.5"
"3GCR-Ec","ssp245","Temperate Zone",2080,24.5955670311689,20.7677993051233,28.7424883423396,1000,4,"SSP2-4.5"
"3GCR-Ec","ssp245","Temperate Zone",2081,24.604641072948,20.9411943814915,28.8427043373787,1000,4,"SSP2-4.5"
"3GCR-Ec","ssp245","Temperate Zone",2082,24.6257987160758,20.813475344771,29.0191211409832,1000,4,"SSP2-4.5"
"3GCR-Ec","ssp245","Temperate Zone",2083,24.6731693107881,20.7597889395556,29.1473976490723,1000,4,"SSP2-4.5"
"3GCR-Ec","ssp245","Temperate Zone",2084,24.7208703805449,20.7635527508432,29.4147058236598,1000,4,"SSP2-4.5"
"3GCR-Ec","ssp245","Temperate Zone",2085,24.6817353100817,20.7745130274574,28.9306826079757,1000,4,"SSP2-4.5"
"3GCR-Ec","ssp245","Temperate Zone",2086,24.6640474847146,20.7397239937372,28.9645432267331,1000,4,"SSP2-4.5"
"3GCR-Ec","ssp245","Temperate Zone",2087,24.5882488199688,20.6996683671968,28.6308170729417,1000,4,"SSP2-4.5"
"3GCR-Ec","ssp245","Temperate Zone",2088,24.5598604276374,20.6894542364549,28.5191409775927,1000,4,"SSP2-4.5"
"3GCR-Ec","ssp245","Temperate Zone",2089,24.5544916539236,20.7350647639866,28.744308139698,1000,4,"SSP2-4.5"
"3GCR-Ec","ssp245","Temperate Zone",2090,24.5893073634705,20.7569773604415,28.8804703970831,1000,4,"SSP2-4.5"
"3GCR-Ec","ssp245","Temperate Zone",2091,24.562865473363,20.7279899610431,28.8186814471786,1000,4,"SSP2-4.5"
"3GCR-Ec","ssp245","Temperate Zone",2092,24.5710155621948,20.7177931168914,28.9474575987164,1000,4,"SSP2-4.5"
"3GCR-Ec","ssp245","Temperate Zone",2093,24.5258139276055,20.5977069410182,29.0258168752471,1000,4,"SSP2-4.5"
"3GCR-Ec","ssp245","Temperate Zone",2094,24.5490338394068,20.6634352501533,28.9877383981522,1000,4,"SSP2-4.5"
"3GCR-Ec","ssp245","Temperate Zone",2095,24.5195458175127,20.5881171544915,28.9725023718097,1000,4,"SSP2-4.5"
"3GCR-Ec","ssp245","Temperate Zone",2096,24.5375327452836,20.5268028289355,28.7797655608249,1000,4,"SSP2-4.5"
"3GCR-Ec","ssp245","Temperate Zone",2097,24.6063891802532,20.5094797329117,28.77510442093,1000,4,"SSP2-4.5"
"3GCR-Ec","ssp245","Temperate Zone",2098,24.6420924905113,20.722628172665,28.7385795726913,1000,4,"SSP2-4.5"
"3GCR-Ec","ssp245","Temperate Zone",2099,24.6268322446108,20.6098406628671,28.9178550479053,1000,4,"SSP2-4.5"
"3GCR-Ec","ssp245","Temperate Zone",2100,24.6119499080746,20.6128870102924,28.9725914813004,1000,4,"SSP2-4.5"
"3GCR-Ec","ssp370","Temperate Zone",2020,23.2145766234653,22.6643457228551,24.0876993462271,1000,4,"SSP3-7.0"
"3GCR-Ec","ssp370","Temperate Zone",2021,23.2260004103441,22.5396644961377,24.0620236775566,1000,4,"SSP3-7.0"
"3GCR-Ec","ssp370","Temperate Zone",2022,23.2648179224874,22.1074081062061,24.3389869955683,1000,4,"SSP3-7.0"
"3GCR-Ec","ssp370","Temperate Zone",2023,23.4714336798563,21.6820155075181,25.3393403581505,1000,4,"SSP3-7.0"
"3GCR-Ec","ssp370","Temperate Zone",2024,23.5682989200901,21.3104396100299,26.1429918326114,1000,4,"SSP3-7.0"
"3GCR-Ec","ssp370","Temperate Zone",2025,23.6311509216283,20.9620429966461,26.7563509334362,1000,4,"SSP3-7.0"
"3GCR-Ec","ssp370","Temperate Zone",2026,23.6397874951705,20.782526923659,27.1784381441578,1000,4,"SSP3-7.0"
"3GCR-Ec","ssp370","Temperate Zone",2027,23.7237293618573,20.6667800543992,27.1968339841184,1000,4,"SSP3-7.0"
"3GCR-Ec","ssp370","Temperate Zone",2028,23.8407071471358,20.6111137228787,27.3792084543934,1000,4,"SSP3-7.0"
"3GCR-Ec","ssp370","Temperate Zone",2029,23.9656404998595,20.6318636763314,27.6584737887649,1000,4,"SSP3-7.0"
"3GCR-Ec","ssp370","Temperate Zone",2030,24.0310959708054,20.6189031765178,27.8989700683687,1000,4,"SSP3-7.0"
"3GCR-Ec","ssp370","Temperate Zone",2031,24.1150576959767,20.7042610611885,28.0309551362149,1000,4,"SSP3-7.0"
"3GCR-Ec","ssp370","Temperate Zone",2032,24.1446598228171,20.6598270220043,28.0147206015013,1000,4,"SSP3-7.0"
"3GCR-Ec","ssp370","Temperate Zone",2033,24.1652652344574,20.5646896682789,28.1255270846022,1000,4,"SSP3-7.0"
"3GCR-Ec","ssp370","Temperate Zone",2034,24.1764161930313,20.608831751558,28.2198444555787,1000,4,"SSP3-7.0"
"3GCR-Ec","ssp370","Temperate Zone",2035,24.1891140419937,20.676965030097,28.1951492074719,1000,4,"SSP3-7.0"
"3GCR-Ec","ssp370","Temperate Zone",2036,24.2091087333434,20.7589417044811,28.1710444704546,1000,4,"SSP3-7.0"
"3GCR-Ec","ssp370","Temperate Zone",2037,24.255650251311,20.5805198395051,28.1017967873882,1000,4,"SSP3-7.0"
"3GCR-Ec","ssp370","Temperate Zone",2038,24.278366118119,20.6946197334754,28.4236259523945,1000,4,"SSP3-7.0"
"3GCR-Ec","ssp370","Temperate Zone",2039,24.3828492922487,20.9611589984478,28.3204437213281,1000,4,"SSP3-7.0"
"3GCR-Ec","ssp370","Temperate Zone",2040,24.3981618986117,20.8404739907228,28.3599051550179,1000,4,"SSP3-7.0"
"3GCR-Ec","ssp370","Temperate Zone",2041,24.4156231036969,20.9097195356766,28.3296315054934,1000,4,"SSP3-7.0"
"3GCR-Ec","ssp370","Temperate Zone",2042,24.5086089844743,20.9514138959714,28.6088902635483,1000,4,"SSP3-7.0"
"3GCR-Ec","ssp370","Temperate Zone",2043,24.6074608869265,20.9740613467613,28.8097392725536,1000,4,"SSP3-7.0"
"3GCR-Ec","ssp370","Temperate Zone",2044,24.6761934065646,21.0127928485814,28.6966470846659,1000,4,"SSP3-7.0"
"3GCR-Ec","ssp370","Temperate Zone",2045,24.7101913208132,21.0434960063555,28.8526103863756,1000,4,"SSP3-7.0"
"3GCR-Ec","ssp370","Temperate Zone",2046,24.7605551024064,21.0732991568604,28.7942993204836,1000,4,"SSP3-7.0"
"3GCR-Ec","ssp370","Temperate Zone",2047,24.8465046508075,21.0244251750132,28.9496644301876,1000,4,"SSP3-7.0"
"3GCR-Ec","ssp370","Temperate Zone",2048,24.8884653626245,21.124711140902,28.8717081513458,1000,4,"SSP3-7.0"
"3GCR-Ec","ssp370","Temperate Zone",2049,24.9539464034974,21.2789642691038,28.929836058637,1000,4,"SSP3-7.0"
"3GCR-Ec","ssp370","Temperate Zone",2050,24.9685362332693,21.094468564911,28.8709636573657,1000,4,"SSP3-7.0"
"3GCR-Ec","ssp370","Temperate Zone",2051,24.9051778187156,20.8734812627261,28.7505572552846,1000,4,"SSP3-7.0"
"3GCR-Ec","ssp370","Temperate Zone",2052,24.978874887254,21.2105990541557,29.206331441887,1000,4,"SSP3-7.0"
"3GCR-Ec","ssp370","Temperate Zone",2053,25.0075571724389,21.2300172050399,29.0650482893653,1000,4,"SSP3-7.0"
"3GCR-Ec","ssp370","Temperate Zone",2054,25.0262709095043,21.293100651091,29.0587362916899,1000,4,"SSP3-7.0"
"3GCR-Ec","ssp370","Temperate Zone",2055,24.9997347398257,21.4866392271111,29.0084299957167,1000,4,"SSP3-7.0"
"3GCR-Ec","ssp370","Temperate Zone",2056,25.0885561205364,21.6324558735085,28.9881656400062,1000,4,"SSP3-7.0"
"3GCR-Ec","ssp370","Temperate Zone",2057,25.2007869882506,21.6915264330045,29.0021591077827,1000,4,"SSP3-7.0"
"3GCR-Ec","ssp370","Temperate Zone",2058,25.1682339252806,21.4432173059231,28.8426495530754,1000,4,"SSP3-7.0"
"3GCR-Ec","ssp370","Temperate Zone",2059,25.2887960833465,21.4230554620961,29.3881250050953,1000,4,"SSP3-7.0"
"3GCR-Ec","ssp370","Temperate Zone",2060,25.3266409557156,21.382714663688,29.3737323064409,1000,4,"SSP3-7.0"
"3GCR-Ec","ssp370","Temperate Zone",2061,25.2966474789632,21.517912844264,29.2356290305956,1000,4,"SSP3-7.0"
"3GCR-Ec","ssp370","Temperate Zone",2062,25.3167696543517,21.4739239979946,29.540719117238,1000,4,"SSP3-7.0"
"3GCR-Ec","ssp370","Temperate Zone",2063,25.285494635073,21.5120406447379,29.505467573658,1000,4,"SSP3-7.0"
"3GCR-Ec","ssp370","Temperate Zone",2064,25.2415733721204,21.4418868359146,29.3088135206822,1000,4,"SSP3-7.0"
"3GCR-Ec","ssp370","Temperate Zone",2065,25.2012911960177,21.3073893051472,29.2678896585162,1000,4,"SSP3-7.0"
"3GCR-Ec","ssp370","Temperate Zone",2066,25.1726303771449,21.2917060658574,29.1967769929279,1000,4,"SSP3-7.0"
"3GCR-Ec","ssp370","Temperate Zone",2067,25.2168459376463,21.4063760176414,29.3645893317317,1000,4,"SSP3-7.0"
"3GCR-Ec","ssp370","Temperate Zone",2068,25.1725969402853,21.2533261570362,29.5645749878783,1000,4,"SSP3-7.0"
"3GCR-Ec","ssp370","Temperate Zone",2069,25.1181923840879,21.0161279714524,29.3659611924425,1000,4,"SSP3-7.0"
"3GCR-Ec","ssp370","Temperate Zone",2070,25.0652482381067,21.2251159394532,29.4870747882009,1000,4,"SSP3-7.0"
"3GCR-Ec","ssp370","Temperate Zone",2071,25.1575138212602,21.3687995088958,29.3824356297971,1000,4,"SSP3-7.0"
"3GCR-Ec","ssp370","Temperate Zone",2072,25.2479066921243,21.3518135862812,29.535922677035,1000,4,"SSP3-7.0"
"3GCR-Ec","ssp370","Temperate Zone",2073,25.2695222663103,21.3310365455142,29.6378129079513,1000,4,"SSP3-7.0"
"3GCR-Ec","ssp370","Temperate Zone",2074,25.3045361964424,21.3554759357411,29.7413402069621,1000,4,"SSP3-7.0"
"3GCR-Ec","ssp370","Temperate Zone",2075,25.3043517429598,21.4054564825981,29.5973360404856,1000,4,"SSP3-7.0"
"3GCR-Ec","ssp370","Temperate Zone",2076,25.2535738290809,21.3347532359428,29.4474195344062,1000,4,"SSP3-7.0"
"3GCR-Ec","ssp370","Temperate Zone",2077,25.2675447029273,21.2509349497544,29.5803734108752,1000,4,"SSP3-7.0"
"3GCR-Ec","ssp370","Temperate Zone",2078,25.2200235590839,21.3039004386463,29.5761504934042,1000,4,"SSP3-7.0"
"3GCR-Ec","ssp370","Temperate Zone",2079,25.1851551219799,21.3923847767154,29.5818002300318,1000,4,"SSP3-7.0"
"3GCR-Ec","ssp370","Temperate Zone",2080,25.1330755027953,21.3515457239457,29.5748714985963,1000,4,"SSP3-7.0"
"3GCR-Ec","ssp370","Temperate Zone",2081,25.1250547869074,21.3592857168342,29.5251415276146,1000,4,"SSP3-7.0"
"3GCR-Ec","ssp370","Temperate Zone",2082,25.1238505956569,21.392542703465,29.5230798354562,1000,4,"SSP3-7.0"
"3GCR-Ec","ssp370","Temperate Zone",2083,25.1136949531161,21.4704962342537,29.3886320273631,1000,4,"SSP3-7.0"
"3GCR-Ec","ssp370","Temperate Zone",2084,25.1402814310324,21.3796979936164,29.5377558474905,1000,4,"SSP3-7.0"
"3GCR-Ec","ssp370","Temperate Zone",2085,25.1625174354146,21.3741456614546,29.8188475085926,1000,4,"SSP3-7.0"
"3GCR-Ec","ssp370","Temperate Zone",2086,25.1891372360481,21.2884438170977,29.983532562382,1000,4,"SSP3-7.0"
"3GCR-Ec","ssp370","Temperate Zone",2087,25.1996249320819,21.346560476057,30.1074928329351,1000,4,"SSP3-7.0"
"3GCR-Ec","ssp370","Temperate Zone",2088,25.1275549204142,21.2150369614199,29.9616640703901,1000,4,"SSP3-7.0"
"3GCR-Ec","ssp370","Temperate Zone",2089,25.0685844341209,21.3393768749917,29.8593029406543,1000,4,"SSP3-7.0"
"3GCR-Ec","ssp370","Temperate Zone",2090,25.0954355534703,21.3017432308822,29.8408260172896,1000,4,"SSP3-7.0"
"3GCR-Ec","ssp370","Temperate Zone",2091,25.0651471809568,21.2489864623394,30.0817468035719,1000,4,"SSP3-7.0"
"3GCR-Ec","ssp370","Temperate Zone",2092,25.0113263586098,21.0564630778022,29.7629783731941,1000,4,"SSP3-7.0"
"3GCR-Ec","ssp370","Temperate Zone",2093,24.9609858310554,20.9910596225543,29.702168234843,1000,4,"SSP3-7.0"
"3GCR-Ec","ssp370","Temperate Zone",2094,25.0320612458208,20.973689642941,29.8101744585707,1000,4,"SSP3-7.0"
"3GCR-Ec","ssp370","Temperate Zone",2095,25.0208296239728,20.9361548943039,29.6584572376349,1000,4,"SSP3-7.0"
"3GCR-Ec","ssp370","Temperate Zone",2096,25.0268232852654,20.8924078597643,29.5685155330564,1000,4,"SSP3-7.0"
"3GCR-Ec","ssp370","Temperate Zone",2097,24.9990641520626,20.9079065625407,29.6291356383483,1000,4,"SSP3-7.0"
"3GCR-Ec","ssp370","Temperate Zone",2098,25.0489805256819,20.9495071315976,29.9906006412183,1000,4,"SSP3-7.0"
"3GCR-Ec","ssp370","Temperate Zone",2099,25.0131032809822,20.9392937875641,30.0175270167565,1000,4,"SSP3-7.0"
"3GCR-Ec","ssp370","Temperate Zone",2100,25.0247930716632,20.9509808198597,30.0949462215171,1000,4,"SSP3-7.0"
"3GCR-Ec","ssp585","Temperate Zone",2020,23.6639933626137,22.9193012723084,24.603211965204,1000,4,"SSP5-8.5"
"3GCR-Ec","ssp585","Temperate Zone",2021,23.5369249600954,22.6574600440817,24.4481113483986,1000,4,"SSP5-8.5"
"3GCR-Ec","ssp585","Temperate Zone",2022,23.4635513841551,22.1368660266549,24.7036841260737,1000,4,"SSP5-8.5"
"3GCR-Ec","ssp585","Temperate Zone",2023,23.5894236257287,21.7027617544156,25.6330801577521,1000,4,"SSP5-8.5"
"3GCR-Ec","ssp585","Temperate Zone",2024,23.6819085625559,21.2723719949213,26.5271765604283,1000,4,"SSP5-8.5"
"3GCR-Ec","ssp585","Temperate Zone",2025,23.7187243474011,20.9167812479225,27.0146021345558,1000,4,"SSP5-8.5"
"3GCR-Ec","ssp585","Temperate Zone",2026,23.8060323074645,20.8468170748025,27.497904520274,1000,4,"SSP5-8.5"
"3GCR-Ec","ssp585","Temperate Zone",2027,23.8769736140097,20.6312930314899,27.6504675952582,1000,4,"SSP5-8.5"
"3GCR-Ec","ssp585","Temperate Zone",2028,23.9728888128025,20.611784262002,27.6805013324108,1000,4,"SSP5-8.5"
"3GCR-Ec","ssp585","Temperate Zone",2029,24.0379431796215,20.6660751616846,27.8368838340764,1000,4,"SSP5-8.5"
"3GCR-Ec","ssp585","Temperate Zone",2030,24.1065105537347,20.6697623264053,28.0862157690798,1000,4,"SSP5-8.5"
"3GCR-Ec","ssp585","Temperate Zone",2031,24.162752812774,20.6769697829709,27.9647445473888,1000,4,"SSP5-8.5"
"3GCR-Ec","ssp585","Temperate Zone",2032,24.2728926682776,20.6654284438847,28.0583196731133,1000,4,"SSP5-8.5"
"3GCR-Ec","ssp585","Temperate Zone",2033,24.3156581105524,20.6728830962002,28.2386657396625,1000,4,"SSP5-8.5"
"3GCR-Ec","ssp585","Temperate Zone",2034,24.4067562566764,20.8274019726931,28.4508036276199,1000,4,"SSP5-8.5"
"3GCR-Ec","ssp585","Temperate Zone",2035,24.4563251246584,20.7280499065453,28.6532077695166,1000,4,"SSP5-8.5"
"3GCR-Ec","ssp585","Temperate Zone",2036,24.4725625873846,20.948373934964,28.9254118060281,1000,4,"SSP5-8.5"
"3GCR-Ec","ssp585","Temperate Zone",2037,24.4339020955935,20.8045959854177,28.8473131763984,1000,4,"SSP5-8.5"
"3GCR-Ec","ssp585","Temperate Zone",2038,24.4449418035624,20.7586576715612,28.8240676159518,1000,4,"SSP5-8.5"
"3GCR-Ec","ssp585","Temperate Zone",2039,24.4859542250881,20.9155754570477,28.7363512423023,1000,4,"SSP5-8.5"
"3GCR-Ec","ssp585","Temperate Zone",2040,24.5858669518363,20.7727438794617,28.9771191332115,1000,4,"SSP5-8.5"
"3GCR-Ec","ssp585","Temperate Zone",2041,24.6461661949181,20.8730954246246,29.0905976879713,1000,4,"SSP5-8.5"
"3GCR-Ec","ssp585","Temperate Zone",2042,24.8006870998526,20.8758111276795,29.2151998225174,1000,4,"SSP5-8.5"
"3GCR-Ec","ssp585","Temperate Zone",2043,24.8345653922031,20.922182822324,29.2342192064831,1000,4,"SSP5-8.5"
"3GCR-Ec","ssp585","Temperate Zone",2044,24.8765750731252,20.9283444518956,29.2489084321639,1000,4,"SSP5-8.5"
"3GCR-Ec","ssp585","Temperate Zone",2045,24.8864174738334,20.8972117592069,29.1196830741637,1000,4,"SSP5-8.5"
"3GCR-Ec","ssp585","Temperate Zone",2046,24.8925448410184,20.928241584833,29.3428593804486,1000,4,"SSP5-8.5"
"3GCR-Ec","ssp585","Temperate Zone",2047,24.9190969848622,20.9366141292117,29.3502622103324,1000,4,"SSP5-8.5"
"3GCR-Ec","ssp585","Temperate Zone",2048,24.9333153581853,21.0155712259575,29.2914085804561,1000,4,"SSP5-8.5"
"3GCR-Ec","ssp585","Temperate Zone",2049,25.029543977921,20.9400926017051,29.4549809874106,1000,4,"SSP5-8.5"
"3GCR-Ec","ssp585","Temperate Zone",2050,25.0961222604555,21.1393502841797,29.543925368683,1000,4,"SSP5-8.5"
"3GCR-Ec","ssp585","Temperate Zone",2051,25.1696491458105,21.0637280075667,29.6542794228952,1000,4,"SSP5-8.5"
"3GCR-Ec","ssp585","Temperate Zone",2052,25.2553469245251,21.1528070526968,29.7089754945243,1000,4,"SSP5-8.5"
"3GCR-Ec","ssp585","Temperate Zone",2053,25.2791540540918,21.257032948755,29.7719845594444,1000,4,"SSP5-8.5"
"3GCR-Ec","ssp585","Temperate Zone",2054,25.1951529107605,21.1103095423359,29.6613097824319,1000,4,"SSP5-8.5"
"3GCR-Ec","ssp585","Temperate Zone",2055,25.2282331375235,21.156870091328,29.6609279383343,1000,4,"SSP5-8.5"
"3GCR-Ec","ssp585","Temperate Zone",2056,25.2833342265107,21.2445986996139,29.7175122298849,1000,4,"SSP5-8.5"
"3GCR-Ec","ssp585","Temperate Zone",2057,25.2496878886313,21.4247682957236,29.7409607217478,1000,4,"SSP5-8.5"
"3GCR-Ec","ssp585","Temperate Zone",2058,25.2939351233526,21.3698528983011,29.9636324178132,1000,4,"SSP5-8.5"
"3GCR-Ec","ssp585","Temperate Zone",2059,25.333168126927,21.3665965702639,29.8272518685893,1000,4,"SSP5-8.5"
"3GCR-Ec","ssp585","Temperate Zone",2060,25.41690885568,21.4884487169408,29.9875456885719,1000,4,"SSP5-8.5"
"3GCR-Ec","ssp585","Temperate Zone",2061,25.4540325309346,21.335125753552,30.0644712038175,1000,4,"SSP5-8.5"
"3GCR-Ec","ssp585","Temperate Zone",2062,25.4680492335047,21.5028814994713,30.0708085015556,1000,4,"SSP5-8.5"
"3GCR-Ec","ssp585","Temperate Zone",2063,25.4915726651777,21.414914370121,30.1745126911152,1000,4,"SSP5-8.5"
"3GCR-Ec","ssp585","Temperate Zone",2064,25.476552674419,21.6776529804434,30.1840713677072,1000,4,"SSP5-8.5"
"3GCR-Ec","ssp585","Temperate Zone",2065,25.4421466282602,21.4538304380291,30.2059412785907,1000,4,"SSP5-8.5"
"3GCR-Ec","ssp585","Temperate Zone",2066,25.5719105589108,21.562541197925,30.4730515408546,1000,4,"SSP5-8.5"
"3GCR-Ec","ssp585","Temperate Zone",2067,25.6287634982744,21.481119876736,30.4614912838571,1000,4,"SSP5-8.5"
"3GCR-Ec","ssp585","Temperate Zone",2068,25.603782977117,21.3404821526039,30.6143032959286,1000,4,"SSP5-8.5"
"3GCR-Ec","ssp585","Temperate Zone",2069,25.5524272478481,21.325472861596,30.5957479716204,1000,4,"SSP5-8.5"
"3GCR-Ec","ssp585","Temperate Zone",2070,25.5139688695036,21.3411317050837,30.4031281281902,1000,4,"SSP5-8.5"
"3GCR-Ec","ssp585","Temperate Zone",2071,25.529300998888,21.3139086485244,30.024308082207,1000,4,"SSP5-8.5"
"3GCR-Ec","ssp585","Temperate Zone",2072,25.5118416643034,21.3573418478537,30.1426336059515,1000,4,"SSP5-8.5"
"3GCR-Ec","ssp585","Temperate Zone",2073,25.5151537524361,21.3774995940255,30.3342302668498,1000,4,"SSP5-8.5"
"3GCR-Ec","ssp585","Temperate Zone",2074,25.5882450376727,21.4281925227621,30.4539957369649,1000,4,"SSP5-8.5"
"3GCR-Ec","ssp585","Temperate Zone",2075,25.5675987913186,21.534868920823,30.3534592482005,1000,4,"SSP5-8.5"
"3GCR-Ec","ssp585","Temperate Zone",2076,25.5351950774027,21.5098976530435,30.2331199990481,1000,4,"SSP5-8.5"
"3GCR-Ec","ssp585","Temperate Zone",2077,25.5014622560885,21.4982489561933,30.0177969132182,1000,4,"SSP5-8.5"
"3GCR-Ec","ssp585","Temperate Zone",2078,25.4780495365336,21.2984810021548,30.1423218767566,1000,4,"SSP5-8.5"
"3GCR-Ec","ssp585","Temperate Zone",2079,25.4883746528718,21.3359884207661,30.3109942709501,1000,4,"SSP5-8.5"
"3GCR-Ec","ssp585","Temperate Zone",2080,25.5535188647934,21.2746737450641,30.5353569362276,1000,4,"SSP5-8.5"
"3GCR-Ec","ssp585","Temperate Zone",2081,25.5896784930399,21.2246878739499,30.8087230699748,1000,4,"SSP5-8.5"
"3GCR-Ec","ssp585","Temperate Zone",2082,25.6068673625254,21.1539943097808,30.8235046053363,1000,4,"SSP5-8.5"
"3GCR-Ec","ssp585","Temperate Zone",2083,25.655979963436,21.2268141405704,30.7730909602958,1000,4,"SSP5-8.5"
"3GCR-Ec","ssp585","Temperate Zone",2084,25.5175576771798,21.1136222805644,30.5652688784367,1000,4,"SSP5-8.5"
"3GCR-Ec","ssp585","Temperate Zone",2085,25.5372273705015,21.215530208664,30.4907930946314,1000,4,"SSP5-8.5"
"3GCR-Ec","ssp585","Temperate Zone",2086,25.4909286520659,21.1335407165795,30.8039336970439,1000,4,"SSP5-8.5"
"3GCR-Ec","ssp585","Temperate Zone",2087,25.4969215736052,21.300591924164,30.8301360254289,1000,4,"SSP5-8.5"
"3GCR-Ec","ssp585","Temperate Zone",2088,25.6845880315308,21.5042395866446,31.0580534252882,1000,4,"SSP5-8.5"
"3GCR-Ec","ssp585","Temperate Zone",2089,25.7187728891766,21.3834053417137,31.134600124569,1000,4,"SSP5-8.5"
"3GCR-Ec","ssp585","Temperate Zone",2090,25.7827707133476,21.3517223745601,31.4562228779198,1000,4,"SSP5-8.5"
"3GCR-Ec","ssp585","Temperate Zone",2091,25.8510941888788,21.3109666998079,31.2669207766071,1000,4,"SSP5-8.5"
"3GCR-Ec","ssp585","Temperate Zone",2092,25.7941874894013,21.3066596725765,31.3402759318171,1000,4,"SSP5-8.5"
"3GCR-Ec","ssp585","Temperate Zone",2093,25.7499595681026,21.1474907293665,31.0861580844575,1000,4,"SSP5-8.5"
"3GCR-Ec","ssp585","Temperate Zone",2094,25.7248848324861,21.2830469186854,31.2478468267435,1000,4,"SSP5-8.5"
"3GCR-Ec","ssp585","Temperate Zone",2095,25.6969168623354,21.2427854350438,31.0754824526474,1000,4,"SSP5-8.5"
"3GCR-Ec","ssp585","Temperate Zone",2096,25.7049712721308,21.2167231401593,31.2695304387045,1000,4,"SSP5-8.5"
"3GCR-Ec","ssp585","Temperate Zone",2097,25.7216005183032,21.320264509108,30.9129701889365,1000,4,"SSP5-8.5"
"3GCR-Ec","ssp585","Temperate Zone",2098,25.6484321973252,21.1131981806886,30.8930591166162,1000,4,"SSP5-8.5"
"3GCR-Ec","ssp585","Temperate Zone",2099,25.6100637490652,20.9331956571686,31.204694395783,1000,4,"SSP5-8.5"
"3GCR-Ec","ssp585","Temperate Zone",2100,25.6599830081764,21.0849327336968,31.4993140934235,1000,4,"SSP5-8.5"
"3GCR-Kp","ssp126","Temperate Zone",2020,41.1543310301792,40.9887207436641,41.2562834847561,1000,4,"SSP1-2.6"
"3GCR-Kp","ssp126","Temperate Zone",2021,42.6866431500875,42.1090856357066,43.2906176229415,1000,4,"SSP1-2.6"
"3GCR-Kp","ssp126","Temperate Zone",2022,44.1515094094209,43.043160191859,45.3955919696537,1000,4,"SSP1-2.6"
"3GCR-Kp","ssp126","Temperate Zone",2023,45.8456538281934,44.1403614951553,47.9272379857055,1000,4,"SSP1-2.6"
"3GCR-Kp","ssp126","Temperate Zone",2024,47.1267721878242,44.9885927890343,49.8858069217215,1000,4,"SSP1-2.6"
"3GCR-Kp","ssp126","Temperate Zone",2025,48.1845987706409,45.6934857918291,51.1228174960548,1000,4,"SSP1-2.6"
"3GCR-Kp","ssp126","Temperate Zone",2026,48.9565481521246,46.1583672908256,52.1965932042535,1000,4,"SSP1-2.6"
"3GCR-Kp","ssp126","Temperate Zone",2027,49.5980374360589,46.7026442660924,53.075494353951,1000,4,"SSP1-2.6"
"3GCR-Kp","ssp126","Temperate Zone",2028,50.0606474853418,47.0618699246296,53.5498467785004,1000,4,"SSP1-2.6"
"3GCR-Kp","ssp126","Temperate Zone",2029,50.4198431669384,47.4479205814625,53.9511469284097,1000,4,"SSP1-2.6"
"3GCR-Kp","ssp126","Temperate Zone",2030,50.7384542124652,47.7703128647996,54.4364260945305,1000,4,"SSP1-2.6"
"3GCR-Kp","ssp126","Temperate Zone",2031,50.8338696490989,47.8809489649982,54.5175902777202,1000,4,"SSP1-2.6"
"3GCR-Kp","ssp126","Temperate Zone",2032,51.0547155748983,47.9488195892894,54.9180529351543,1000,4,"SSP1-2.6"
"3GCR-Kp","ssp126","Temperate Zone",2033,51.2921715535308,48.1312714502372,55.2480353633765,1000,4,"SSP1-2.6"
"3GCR-Kp","ssp126","Temperate Zone",2034,51.4128383209986,48.1842844873972,55.2599273617506,1000,4,"SSP1-2.6"
"3GCR-Kp","ssp126","Temperate Zone",2035,51.5246812404644,48.311560574241,55.3171451821189,1000,4,"SSP1-2.6"
"3GCR-Kp","ssp126","Temperate Zone",2036,51.5903062888607,48.1766781633976,55.5570147435355,1000,4,"SSP1-2.6"
"3GCR-Kp","ssp126","Temperate Zone",2037,51.7518297914707,48.422779838261,55.7463817410227,1000,4,"SSP1-2.6"
"3GCR-Kp","ssp126","Temperate Zone",2038,51.8668057166895,48.6354159933579,55.9186209678146,1000,4,"SSP1-2.6"
"3GCR-Kp","ssp126","Temperate Zone",2039,52.0029037100907,48.8158056779049,55.9626653928602,1000,4,"SSP1-2.6"
"3GCR-Kp","ssp126","Temperate Zone",2040,52.0186423748497,48.6502397803958,56.3552465569901,1000,4,"SSP1-2.6"
"3GCR-Kp","ssp126","Temperate Zone",2041,52.1075117135755,48.6000836984033,56.3706120596825,1000,4,"SSP1-2.6"
"3GCR-Kp","ssp126","Temperate Zone",2042,52.2439240401308,48.6923950799351,56.6205801726716,1000,4,"SSP1-2.6"
"3GCR-Kp","ssp126","Temperate Zone",2043,52.3472944032977,48.8777860365307,56.8252989724702,1000,4,"SSP1-2.6"
"3GCR-Kp","ssp126","Temperate Zone",2044,52.4086398045856,48.9336814867296,56.820278597019,1000,4,"SSP1-2.6"
"3GCR-Kp","ssp126","Temperate Zone",2045,52.5384865516964,49.0829061851208,56.8537195762402,1000,4,"SSP1-2.6"
"3GCR-Kp","ssp126","Temperate Zone",2046,52.6898486997603,49.1091451942841,57.1413446080734,1000,4,"SSP1-2.6"
"3GCR-Kp","ssp126","Temperate Zone",2047,52.6811162885244,49.0299199503093,57.4343966562341,1000,4,"SSP1-2.6"
"3GCR-Kp","ssp126","Temperate Zone",2048,52.6992707495244,49.067753087487,57.3248280023858,1000,4,"SSP1-2.6"
"3GCR-Kp","ssp126","Temperate Zone",2049,52.7491390142858,49.1312319729512,57.2658231581555,1000,4,"SSP1-2.6"
"3GCR-Kp","ssp126","Temperate Zone",2050,52.8605821583235,49.1898889475349,57.7890789588634,1000,4,"SSP1-2.6"
"3GCR-Kp","ssp126","Temperate Zone",2051,53.0105253438007,49.4409460252003,57.9162504202872,1000,4,"SSP1-2.6"
"3GCR-Kp","ssp126","Temperate Zone",2052,52.94407868032,49.4737832901727,57.7125909550307,1000,4,"SSP1-2.6"
"3GCR-Kp","ssp126","Temperate Zone",2053,53.0067659415526,49.5910414930935,57.4985754773938,1000,4,"SSP1-2.6"
"3GCR-Kp","ssp126","Temperate Zone",2054,53.1635476526029,49.7873265744679,57.6135871846072,1000,4,"SSP1-2.6"
"3GCR-Kp","ssp126","Temperate Zone",2055,53.2709569267676,49.7729373638483,57.6403649307557,1000,4,"SSP1-2.6"
"3GCR-Kp","ssp126","Temperate Zone",2056,53.4295258669982,49.9727847735865,57.7970018552084,1000,4,"SSP1-2.6"
"3GCR-Kp","ssp126","Temperate Zone",2057,53.5947327742301,49.9865549975806,57.9241904111839,1000,4,"SSP1-2.6"
"3GCR-Kp","ssp126","Temperate Zone",2058,53.6515986549574,50.0601371685286,57.998618988004,1000,4,"SSP1-2.6"
"3GCR-Kp","ssp126","Temperate Zone",2059,53.629191975188,49.988907980939,57.7777498053925,1000,4,"SSP1-2.6"
"3GCR-Kp","ssp126","Temperate Zone",2060,53.7584601650086,50.0853164769808,58.1058167760145,1000,4,"SSP1-2.6"
"3GCR-Kp","ssp126","Temperate Zone",2061,53.8298498380624,50.2942834175065,58.1308939605442,1000,4,"SSP1-2.6"
"3GCR-Kp","ssp126","Temperate Zone",2062,53.8375298457062,50.3998711806473,58.2235442046301,1000,4,"SSP1-2.6"
"3GCR-Kp","ssp126","Temperate Zone",2063,53.822912746349,50.4765811298599,58.2005894374266,1000,4,"SSP1-2.6"
"3GCR-Kp","ssp126","Temperate Zone",2064,53.8055064564254,50.3338856752926,58.3056534418044,1000,4,"SSP1-2.6"
"3GCR-Kp","ssp126","Temperate Zone",2065,53.7326343591143,50.2364289407638,58.4934290149318,1000,4,"SSP1-2.6"
"3GCR-Kp","ssp126","Temperate Zone",2066,53.6935353757812,50.1999457905251,58.2039954682373,1000,4,"SSP1-2.6"
"3GCR-Kp","ssp126","Temperate Zone",2067,53.6847797307169,50.0870147182856,57.9708985650451,1000,4,"SSP1-2.6"
"3GCR-Kp","ssp126","Temperate Zone",2068,53.6984162582872,49.9732789954882,58.1658679129729,1000,4,"SSP1-2.6"
"3GCR-Kp","ssp126","Temperate Zone",2069,53.695527575518,50.0370323689229,58.1942349580197,1000,4,"SSP1-2.6"
"3GCR-Kp","ssp126","Temperate Zone",2070,53.5652630431132,49.9265959051409,58.1473219902946,1000,4,"SSP1-2.6"
"3GCR-Kp","ssp126","Temperate Zone",2071,53.5496742880079,49.8727269572344,58.5972335962559,1000,4,"SSP1-2.6"
"3GCR-Kp","ssp126","Temperate Zone",2072,53.523564308404,49.9031296295501,58.5877607246043,1000,4,"SSP1-2.6"
"3GCR-Kp","ssp126","Temperate Zone",2073,53.5749325236177,49.8229221754256,58.6984168169,1000,4,"SSP1-2.6"
"3GCR-Kp","ssp126","Temperate Zone",2074,53.4491349982577,49.6201574995922,58.7223638305624,1000,4,"SSP1-2.6"
"3GCR-Kp","ssp126","Temperate Zone",2075,53.3440875067351,49.5559386136133,58.3256360970287,1000,4,"SSP1-2.6"
"3GCR-Kp","ssp126","Temperate Zone",2076,53.2671975475802,49.2217336529164,57.78172953446,1000,4,"SSP1-2.6"
"3GCR-Kp","ssp126","Temperate Zone",2077,53.3098839105543,49.4042850616738,57.8809438357528,1000,4,"SSP1-2.6"
"3GCR-Kp","ssp126","Temperate Zone",2078,53.4003766728945,49.520435992092,57.8524710667051,1000,4,"SSP1-2.6"
"3GCR-Kp","ssp126","Temperate Zone",2079,53.3778433995138,49.5181508756136,58.0097329737051,1000,4,"SSP1-2.6"
"3GCR-Kp","ssp126","Temperate Zone",2080,53.2201071813385,49.3252512483135,58.0291312964808,1000,4,"SSP1-2.6"
"3GCR-Kp","ssp126","Temperate Zone",2081,53.3147453554943,49.3235826357961,58.2857537983548,1000,4,"SSP1-2.6"
"3GCR-Kp","ssp126","Temperate Zone",2082,53.2689466942324,49.3974757458135,58.0000683768571,1000,4,"SSP1-2.6"
"3GCR-Kp","ssp126","Temperate Zone",2083,53.2619560425947,49.4644766272094,58.1796516640033,1000,4,"SSP1-2.6"
"3GCR-Kp","ssp126","Temperate Zone",2084,53.2018634426145,49.4236725734305,58.0877150682706,1000,4,"SSP1-2.6"
"3GCR-Kp","ssp126","Temperate Zone",2085,53.1191229270136,49.502689102713,57.7170818862875,1000,4,"SSP1-2.6"
"3GCR-Kp","ssp126","Temperate Zone",2086,52.9766222174706,49.3683839775002,57.5622486649217,1000,4,"SSP1-2.6"
"3GCR-Kp","ssp126","Temperate Zone",2087,52.9270345053616,49.3786795120129,57.2846702058436,1000,4,"SSP1-2.6"
"3GCR-Kp","ssp126","Temperate Zone",2088,52.9463282621531,49.4199637937481,57.5416277265163,1000,4,"SSP1-2.6"
"3GCR-Kp","ssp126","Temperate Zone",2089,52.9569273005522,49.3873736293871,57.5744055414327,1000,4,"SSP1-2.6"
"3GCR-Kp","ssp126","Temperate Zone",2090,52.8740791265176,49.3286943379836,57.3265512378966,1000,4,"SSP1-2.6"
"3GCR-Kp","ssp126","Temperate Zone",2091,52.8921823018852,49.4775632487101,57.3371512853653,1000,4,"SSP1-2.6"
"3GCR-Kp","ssp126","Temperate Zone",2092,52.7547636167205,49.3217629550013,57.1559311273935,1000,4,"SSP1-2.6"
"3GCR-Kp","ssp126","Temperate Zone",2093,52.8324240165492,49.4553459047965,57.4056430221021,1000,4,"SSP1-2.6"
"3GCR-Kp","ssp126","Temperate Zone",2094,52.7951398741589,49.5247735510894,57.209296536369,1000,4,"SSP1-2.6"
"3GCR-Kp","ssp126","Temperate Zone",2095,52.6718899012597,49.2182945592446,56.9988715930134,1000,4,"SSP1-2.6"
"3GCR-Kp","ssp126","Temperate Zone",2096,52.6961520536855,49.1522283636102,56.8821796808668,1000,4,"SSP1-2.6"
"3GCR-Kp","ssp126","Temperate Zone",2097,52.609337050573,48.9748493786358,56.5972522622091,1000,4,"SSP1-2.6"
"3GCR-Kp","ssp126","Temperate Zone",2098,52.4670467865311,48.8474019584504,56.4667640263832,1000,4,"SSP1-2.6"
"3GCR-Kp","ssp126","Temperate Zone",2099,52.4689798161128,48.9720109306353,56.5761683448376,1000,4,"SSP1-2.6"
"3GCR-Kp","ssp126","Temperate Zone",2100,52.4470448620462,49.021077664578,56.862911172037,1000,4,"SSP1-2.6"
"3GCR-Kp","ssp245","Temperate Zone",2020,41.2134126316092,41.1214258629846,41.3128485502499,1000,4,"SSP2-4.5"
"3GCR-Kp","ssp245","Temperate Zone",2021,42.9880844425793,42.2744620370973,43.7250506055955,1000,4,"SSP2-4.5"
"3GCR-Kp","ssp245","Temperate Zone",2022,44.5788683618922,43.2118892553224,45.961438153277,1000,4,"SSP2-4.5"
"3GCR-Kp","ssp245","Temperate Zone",2023,46.5091365179575,44.5249326526761,48.531163583022,1000,4,"SSP2-4.5"
"3GCR-Kp","ssp245","Temperate Zone",2024,47.740008252363,45.4094219833897,50.3888496769159,1000,4,"SSP2-4.5"
"3GCR-Kp","ssp245","Temperate Zone",2025,48.675547773466,46.0090555973797,51.743746022037,1000,4,"SSP2-4.5"
"3GCR-Kp","ssp245","Temperate Zone",2026,49.3817653908953,46.4646985398352,52.5228007267076,1000,4,"SSP2-4.5"
"3GCR-Kp","ssp245","Temperate Zone",2027,50.0099474993046,47.1306464464638,53.357519629539,1000,4,"SSP2-4.5"
"3GCR-Kp","ssp245","Temperate Zone",2028,50.4169745382768,47.2922858253487,53.8954495308088,1000,4,"SSP2-4.5"
"3GCR-Kp","ssp245","Temperate Zone",2029,50.8479994068329,47.6278491914956,54.5860407317499,1000,4,"SSP2-4.5"
"3GCR-Kp","ssp245","Temperate Zone",2030,51.2133285763557,47.8918235595948,55.1909522100955,1000,4,"SSP2-4.5"
"3GCR-Kp","ssp245","Temperate Zone",2031,51.3072547853751,47.8733163505865,55.3119234840967,1000,4,"SSP2-4.5"
"3GCR-Kp","ssp245","Temperate Zone",2032,51.5896971228579,48.080237217099,55.7666842419373,1000,4,"SSP2-4.5"
"3GCR-Kp","ssp245","Temperate Zone",2033,51.8778645811811,48.311858783322,56.0162135659564,1000,4,"SSP2-4.5"
"3GCR-Kp","ssp245","Temperate Zone",2034,52.0598922055407,48.4576153042378,56.3040559429009,1000,4,"SSP2-4.5"
"3GCR-Kp","ssp245","Temperate Zone",2035,52.1165758423571,48.6617499057383,56.6494756591286,1000,4,"SSP2-4.5"
"3GCR-Kp","ssp245","Temperate Zone",2036,52.3017672708889,49.0391086492953,56.8679153990415,1000,4,"SSP2-4.5"
"3GCR-Kp","ssp245","Temperate Zone",2037,52.4366882083632,49.0059538829515,56.892653379863,1000,4,"SSP2-4.5"
"3GCR-Kp","ssp245","Temperate Zone",2038,52.6865292575183,49.2805237309307,56.9815214409008,1000,4,"SSP2-4.5"
"3GCR-Kp","ssp245","Temperate Zone",2039,52.9165461216424,49.5863587467543,57.0800371110031,1000,4,"SSP2-4.5"
"3GCR-Kp","ssp245","Temperate Zone",2040,52.9635260184934,49.5271622475858,57.4296281688177,1000,4,"SSP2-4.5"
"3GCR-Kp","ssp245","Temperate Zone",2041,53.1000266303235,49.7425604208107,57.45642728234,1000,4,"SSP2-4.5"
"3GCR-Kp","ssp245","Temperate Zone",2042,53.3282340047285,49.8104345124672,57.5273095343691,1000,4,"SSP2-4.5"
"3GCR-Kp","ssp245","Temperate Zone",2043,53.4584898253564,49.8599400053909,57.872539369717,1000,4,"SSP2-4.5"
"3GCR-Kp","ssp245","Temperate Zone",2044,53.574139010998,49.9593448966244,57.8733745602722,1000,4,"SSP2-4.5"
"3GCR-Kp","ssp245","Temperate Zone",2045,53.8010933140871,50.1854567016873,58.0465526515904,1000,4,"SSP2-4.5"
"3GCR-Kp","ssp245","Temperate Zone",2046,53.9215517606482,50.2563575013094,58.1983317901169,1000,4,"SSP2-4.5"
"3GCR-Kp","ssp245","Temperate Zone",2047,53.9548939324883,50.3321379714377,58.3973811975497,1000,4,"SSP2-4.5"
"3GCR-Kp","ssp245","Temperate Zone",2048,54.0756153951609,50.3226053638458,58.5469865263288,1000,4,"SSP2-4.5"
"3GCR-Kp","ssp245","Temperate Zone",2049,54.2584404953546,50.5052072629743,58.7301071848422,1000,4,"SSP2-4.5"
"3GCR-Kp","ssp245","Temperate Zone",2050,54.4232954536229,50.5419221846974,58.9627862346676,1000,4,"SSP2-4.5"
"3GCR-Kp","ssp245","Temperate Zone",2051,54.4126860349479,50.5380883242184,58.8402833888728,1000,4,"SSP2-4.5"
"3GCR-Kp","ssp245","Temperate Zone",2052,54.5741322711001,50.7642134540557,59.1241081963789,1000,4,"SSP2-4.5"
"3GCR-Kp","ssp245","Temperate Zone",2053,54.8241550147238,51.0443939118501,59.4671141318987,1000,4,"SSP2-4.5"
"3GCR-Kp","ssp245","Temperate Zone",2054,54.9427876997232,51.2857776018112,59.5061666306253,1000,4,"SSP2-4.5"
"3GCR-Kp","ssp245","Temperate Zone",2055,55.0939033720784,51.2224796980996,59.7909165776092,1000,4,"SSP2-4.5"
"3GCR-Kp","ssp245","Temperate Zone",2056,55.3169254801562,51.424445263112,60.2592745053124,1000,4,"SSP2-4.5"
"3GCR-Kp","ssp245","Temperate Zone",2057,55.4581710392223,51.5669499774434,60.4366110020453,1000,4,"SSP2-4.5"
"3GCR-Kp","ssp245","Temperate Zone",2058,55.5887950752962,51.6239009850471,60.3718973821743,1000,4,"SSP2-4.5"
"3GCR-Kp","ssp245","Temperate Zone",2059,55.5312569406606,51.4459353303983,60.5943217058111,1000,4,"SSP2-4.5"
"3GCR-Kp","ssp245","Temperate Zone",2060,55.7228881283217,51.5966000558291,60.9481629636253,1000,4,"SSP2-4.5"
"3GCR-Kp","ssp245","Temperate Zone",2061,55.8644509796559,51.6470926485204,60.8979850510268,1000,4,"SSP2-4.5"
"3GCR-Kp","ssp245","Temperate Zone",2062,55.8973644293661,51.959546245306,60.9483256655707,1000,4,"SSP2-4.5"
"3GCR-Kp","ssp245","Temperate Zone",2063,55.9078627304832,51.8593856328547,61.0672001466367,1000,4,"SSP2-4.5"
"3GCR-Kp","ssp245","Temperate Zone",2064,55.8484809143241,51.7440096691819,61.0356592728007,1000,4,"SSP2-4.5"
"3GCR-Kp","ssp245","Temperate Zone",2065,55.9977889383971,51.9134046067591,60.9798959729856,1000,4,"SSP2-4.5"
"3GCR-Kp","ssp245","Temperate Zone",2066,56.0126770805889,51.9052134928075,61.4059425716592,1000,4,"SSP2-4.5"
"3GCR-Kp","ssp245","Temperate Zone",2067,56.1143713767325,51.7117512955664,61.158491017646,1000,4,"SSP2-4.5"
"3GCR-Kp","ssp245","Temperate Zone",2068,56.1317870868081,51.7152856798916,60.983978745636,1000,4,"SSP2-4.5"
"3GCR-Kp","ssp245","Temperate Zone",2069,56.1529229705109,51.8363368376121,61.0279201117746,1000,4,"SSP2-4.5"
"3GCR-Kp","ssp245","Temperate Zone",2070,56.1761397095191,51.9435026702224,61.0167191341591,1000,4,"SSP2-4.5"
"3GCR-Kp","ssp245","Temperate Zone",2071,56.2568818747385,52.0298066541757,61.4126240097089,1000,4,"SSP2-4.5"
"3GCR-Kp","ssp245","Temperate Zone",2072,56.2482096817554,52.1742989328772,61.2066102106093,1000,4,"SSP2-4.5"
"3GCR-Kp","ssp245","Temperate Zone",2073,56.2841213998019,52.1731085816001,61.4081625729252,1000,4,"SSP2-4.5"
"3GCR-Kp","ssp245","Temperate Zone",2074,56.3731351965622,52.3176860600067,61.6272482926126,1000,4,"SSP2-4.5"
"3GCR-Kp","ssp245","Temperate Zone",2075,56.3571255470214,52.2985924018323,61.3347699070475,1000,4,"SSP2-4.5"
"3GCR-Kp","ssp245","Temperate Zone",2076,56.4765652920145,52.1603237670967,62.2831924045375,1000,4,"SSP2-4.5"
"3GCR-Kp","ssp245","Temperate Zone",2077,56.6162948224855,52.3217983489797,62.3532016912252,1000,4,"SSP2-4.5"
"3GCR-Kp","ssp245","Temperate Zone",2078,56.630183833689,51.9175763522265,62.5398432455484,1000,4,"SSP2-4.5"
"3GCR-Kp","ssp245","Temperate Zone",2079,56.6237037478467,52.0368962166431,62.4588873512057,1000,4,"SSP2-4.5"
"3GCR-Kp","ssp245","Temperate Zone",2080,56.6135533133688,52.1697991459315,62.2359886467235,1000,4,"SSP2-4.5"
"3GCR-Kp","ssp245","Temperate Zone",2081,56.7024382525601,52.2952874375262,62.1834591618624,1000,4,"SSP2-4.5"
"3GCR-Kp","ssp245","Temperate Zone",2082,56.7749614074707,52.3653195396568,62.1115778166506,1000,4,"SSP2-4.5"
"3GCR-Kp","ssp245","Temperate Zone",2083,56.7233410201623,52.4229032762493,62.1807754381044,1000,4,"SSP2-4.5"
"3GCR-Kp","ssp245","Temperate Zone",2084,56.8236978577523,52.3665782032404,62.472039676854,1000,4,"SSP2-4.5"
"3GCR-Kp","ssp245","Temperate Zone",2085,56.7378421959669,52.1686839853553,62.1178500397776,1000,4,"SSP2-4.5"
"3GCR-Kp","ssp245","Temperate Zone",2086,56.753328097544,52.2133719901894,62.2152286372693,1000,4,"SSP2-4.5"
"3GCR-Kp","ssp245","Temperate Zone",2087,56.7737506985723,52.1095523582456,62.1537237556416,1000,4,"SSP2-4.5"
"3GCR-Kp","ssp245","Temperate Zone",2088,56.8325495155024,52.2845426513957,62.1671155350739,1000,4,"SSP2-4.5"
"3GCR-Kp","ssp245","Temperate Zone",2089,56.7933720585553,52.3457319436568,62.0799688033429,1000,4,"SSP2-4.5"
"3GCR-Kp","ssp245","Temperate Zone",2090,56.7914833802326,52.1853926304437,62.1720916916379,1000,4,"SSP2-4.5"
"3GCR-Kp","ssp245","Temperate Zone",2091,56.7147127557841,52.12282061522,62.0808936516002,1000,4,"SSP2-4.5"
"3GCR-Kp","ssp245","Temperate Zone",2092,56.761346958801,52.1754924308261,62.1753464094418,1000,4,"SSP2-4.5"
"3GCR-Kp","ssp245","Temperate Zone",2093,56.7072637262909,52.060652209987,62.112590687829,1000,4,"SSP2-4.5"
"3GCR-Kp","ssp245","Temperate Zone",2094,56.7109388993527,52.0123400687708,62.1223525946896,1000,4,"SSP2-4.5"
"3GCR-Kp","ssp245","Temperate Zone",2095,56.7951109495572,52.1657307495465,62.3048685109589,1000,4,"SSP2-4.5"
"3GCR-Kp","ssp245","Temperate Zone",2096,56.827253778117,52.1990650322561,62.4132903410797,1000,4,"SSP2-4.5"
"3GCR-Kp","ssp245","Temperate Zone",2097,56.7696889469747,52.0877429363617,62.2566388282042,1000,4,"SSP2-4.5"
"3GCR-Kp","ssp245","Temperate Zone",2098,56.7639265532504,52.303432940066,62.2674716634634,1000,4,"SSP2-4.5"
"3GCR-Kp","ssp245","Temperate Zone",2099,56.7718213693822,52.4248484451534,62.317755472469,1000,4,"SSP2-4.5"
"3GCR-Kp","ssp245","Temperate Zone",2100,56.8837581115242,52.669467961715,62.2792702791669,1000,4,"SSP2-4.5"
"3GCR-Kp","ssp370","Temperate Zone",2020,41.3524307260655,41.1463399997129,41.596450890837,1000,4,"SSP3-7.0"
"3GCR-Kp","ssp370","Temperate Zone",2021,43.347973459914,42.6426329624957,44.097660460839,1000,4,"SSP3-7.0"
"3GCR-Kp","ssp370","Temperate Zone",2022,45.0564018733149,43.7791289405047,46.4434823733327,1000,4,"SSP3-7.0"
"3GCR-Kp","ssp370","Temperate Zone",2023,46.8789510586476,45.0514540527802,48.8757320806155,1000,4,"SSP3-7.0"
"3GCR-Kp","ssp370","Temperate Zone",2024,48.1091874303328,45.7858901684849,50.5707357173867,1000,4,"SSP3-7.0"
"3GCR-Kp","ssp370","Temperate Zone",2025,49.1123637248359,46.456047665977,51.9053615446195,1000,4,"SSP3-7.0"
"3GCR-Kp","ssp370","Temperate Zone",2026,49.8699974395639,46.9367843158793,52.9602044366288,1000,4,"SSP3-7.0"
"3GCR-Kp","ssp370","Temperate Zone",2027,50.5065673100122,47.4519835609687,54.0388381751216,1000,4,"SSP3-7.0"
"3GCR-Kp","ssp370","Temperate Zone",2028,50.9295204287586,47.7386360557042,54.486685165506,1000,4,"SSP3-7.0"
"3GCR-Kp","ssp370","Temperate Zone",2029,51.348122898014,48.1097081064773,55.1369647470972,1000,4,"SSP3-7.0"
"3GCR-Kp","ssp370","Temperate Zone",2030,51.5211267459157,48.3191855543999,55.3199441543527,1000,4,"SSP3-7.0"
"3GCR-Kp","ssp370","Temperate Zone",2031,51.7238287277795,48.478930632033,55.6496541726502,1000,4,"SSP3-7.0"
"3GCR-Kp","ssp370","Temperate Zone",2032,51.9288600856878,48.7263880697739,56.0726576820431,1000,4,"SSP3-7.0"
"3GCR-Kp","ssp370","Temperate Zone",2033,52.1790089286476,48.9342587608934,56.5801493087052,1000,4,"SSP3-7.0"
"3GCR-Kp","ssp370","Temperate Zone",2034,52.4117710965886,49.131728402847,56.2435733095578,1000,4,"SSP3-7.0"
"3GCR-Kp","ssp370","Temperate Zone",2035,52.6272935326495,49.2237053235746,56.6109248406194,1000,4,"SSP3-7.0"
"3GCR-Kp","ssp370","Temperate Zone",2036,52.7327832717442,49.2493953317352,56.7875049566571,1000,4,"SSP3-7.0"
"3GCR-Kp","ssp370","Temperate Zone",2037,53.0369311290636,49.4805026701131,57.157974984006,1000,4,"SSP3-7.0"
"3GCR-Kp","ssp370","Temperate Zone",2038,53.2000076314162,49.5447352398009,57.3295107820129,1000,4,"SSP3-7.0"
"3GCR-Kp","ssp370","Temperate Zone",2039,53.337430076678,49.7148334151577,57.5269389544308,1000,4,"SSP3-7.0"
"3GCR-Kp","ssp370","Temperate Zone",2040,53.5808511818448,49.8912940716102,58.113814009468,1000,4,"SSP3-7.0"
"3GCR-Kp","ssp370","Temperate Zone",2041,53.7399716634976,50.0568742666644,58.2190530567967,1000,4,"SSP3-7.0"
"3GCR-Kp","ssp370","Temperate Zone",2042,53.8702566637991,50.1828529391504,58.142789750195,1000,4,"SSP3-7.0"
"3GCR-Kp","ssp370","Temperate Zone",2043,53.9827370405748,50.3573015542786,58.1028999118584,1000,4,"SSP3-7.0"
"3GCR-Kp","ssp370","Temperate Zone",2044,54.1459643453443,50.2960113426899,58.5005299706507,1000,4,"SSP3-7.0"
"3GCR-Kp","ssp370","Temperate Zone",2045,54.3547895226511,50.5883394235512,58.3587556254893,1000,4,"SSP3-7.0"
"3GCR-Kp","ssp370","Temperate Zone",2046,54.4666269961861,50.8433861063249,58.5772764509054,1000,4,"SSP3-7.0"
"3GCR-Kp","ssp370","Temperate Zone",2047,54.631721137344,50.9759845728532,58.9862613930637,1000,4,"SSP3-7.0"
"3GCR-Kp","ssp370","Temperate Zone",2048,54.7608884085403,51.1381286574373,59.10037707151,1000,4,"SSP3-7.0"
"3GCR-Kp","ssp370","Temperate Zone",2049,54.8063824353946,51.1559745567664,59.0452998480109,1000,4,"SSP3-7.0"
"3GCR-Kp","ssp370","Temperate Zone",2050,55.0977711490888,51.3613967667689,59.3949186624858,1000,4,"SSP3-7.0"
"3GCR-Kp","ssp370","Temperate Zone",2051,55.2962502299725,51.335813544697,59.7685539873434,1000,4,"SSP3-7.0"
"3GCR-Kp","ssp370","Temperate Zone",2052,55.4081766744232,51.3657368334676,60.100769412356,1000,4,"SSP3-7.0"
"3GCR-Kp","ssp370","Temperate Zone",2053,55.4545929968222,51.4577550486225,59.7938323628522,1000,4,"SSP3-7.0"
"3GCR-Kp","ssp370","Temperate Zone",2054,55.8166493022844,51.7227837263224,60.2293046900174,1000,4,"SSP3-7.0"
"3GCR-Kp","ssp370","Temperate Zone",2055,56.0798969640324,51.9903565082,60.8305820831532,1000,4,"SSP3-7.0"
"3GCR-Kp","ssp370","Temperate Zone",2056,56.039915851922,52.2104544805214,60.6606009045391,1000,4,"SSP3-7.0"
"3GCR-Kp","ssp370","Temperate Zone",2057,56.3969599621325,52.528776449908,61.2898868840211,1000,4,"SSP3-7.0"
"3GCR-Kp","ssp370","Temperate Zone",2058,56.5465487936563,52.5019389707634,61.7178252057541,1000,4,"SSP3-7.0"
"3GCR-Kp","ssp370","Temperate Zone",2059,56.6392376124527,52.4515180710479,61.5358986224494,1000,4,"SSP3-7.0"
"3GCR-Kp","ssp370","Temperate Zone",2060,56.8577345547179,52.6457908815714,62.0050530448683,1000,4,"SSP3-7.0"
"3GCR-Kp","ssp370","Temperate Zone",2061,56.9006925522602,52.9011174344985,62.1936748287404,1000,4,"SSP3-7.0"
"3GCR-Kp","ssp370","Temperate Zone",2062,57.0421725155941,53.0795115901309,62.3436527117505,1000,4,"SSP3-7.0"
"3GCR-Kp","ssp370","Temperate Zone",2063,57.0964489969386,53.0221125141464,62.3931088139253,1000,4,"SSP3-7.0"
"3GCR-Kp","ssp370","Temperate Zone",2064,57.1437945537741,53.0359209143832,62.6031126723283,1000,4,"SSP3-7.0"
"3GCR-Kp","ssp370","Temperate Zone",2065,57.2810340417035,53.3542588310205,62.7499094025784,1000,4,"SSP3-7.0"
"3GCR-Kp","ssp370","Temperate Zone",2066,57.2408269188727,53.1959345967122,62.810586169918,1000,4,"SSP3-7.0"
"3GCR-Kp","ssp370","Temperate Zone",2067,57.2073239655,53.0020652841219,62.6956614475123,1000,4,"SSP3-7.0"
"3GCR-Kp","ssp370","Temperate Zone",2068,57.2978953544148,53.0430628843831,62.5575681044866,1000,4,"SSP3-7.0"
"3GCR-Kp","ssp370","Temperate Zone",2069,57.4776456928755,53.1502825075304,62.5010569948405,1000,4,"SSP3-7.0"
"3GCR-Kp","ssp370","Temperate Zone",2070,57.6574611659154,53.2995290147331,62.6310917304277,1000,4,"SSP3-7.0"
"3GCR-Kp","ssp370","Temperate Zone",2071,57.7571701874843,53.5674037712294,62.8208568513714,1000,4,"SSP3-7.0"
"3GCR-Kp","ssp370","Temperate Zone",2072,57.835516696647,53.7163058870138,62.8657025960022,1000,4,"SSP3-7.0"
"3GCR-Kp","ssp370","Temperate Zone",2073,57.9281767520682,53.8017626730238,63.1354720915228,1000,4,"SSP3-7.0"
"3GCR-Kp","ssp370","Temperate Zone",2074,58.0086828027676,53.8226912893416,63.5503268167848,1000,4,"SSP3-7.0"
"3GCR-Kp","ssp370","Temperate Zone",2075,58.1372580033599,53.9177555098279,63.5851322032417,1000,4,"SSP3-7.0"
"3GCR-Kp","ssp370","Temperate Zone",2076,58.0484319661466,53.8278097874493,63.417224499,1000,4,"SSP3-7.0"
"3GCR-Kp","ssp370","Temperate Zone",2077,58.0574727401808,53.8669263670243,63.6855459556541,1000,4,"SSP3-7.0"
"3GCR-Kp","ssp370","Temperate Zone",2078,58.0715508029515,53.7819704025561,63.5094666702892,1000,4,"SSP3-7.0"
"3GCR-Kp","ssp370","Temperate Zone",2079,58.1951577777995,53.8237558137597,63.7215508260477,1000,4,"SSP3-7.0"
"3GCR-Kp","ssp370","Temperate Zone",2080,58.3238763249386,53.6043634946368,63.9001672374013,1000,4,"SSP3-7.0"
"3GCR-Kp","ssp370","Temperate Zone",2081,58.3784607924065,53.8025513651956,63.8333273273472,1000,4,"SSP3-7.0"
"3GCR-Kp","ssp370","Temperate Zone",2082,58.5018208551804,53.7760994303968,63.8606459042275,1000,4,"SSP3-7.0"
"3GCR-Kp","ssp370","Temperate Zone",2083,58.5584854649962,53.7832533415622,64.1031887412128,1000,4,"SSP3-7.0"
"3GCR-Kp","ssp370","Temperate Zone",2084,58.5853905661814,53.6925056185626,64.2321262012344,1000,4,"SSP3-7.0"
"3GCR-Kp","ssp370","Temperate Zone",2085,58.6377371343091,53.6938827185494,64.2572059671244,1000,4,"SSP3-7.0"
"3GCR-Kp","ssp370","Temperate Zone",2086,58.5138387784277,53.5136792488676,64.1947035688737,1000,4,"SSP3-7.0"
"3GCR-Kp","ssp370","Temperate Zone",2087,58.4643466162062,53.332040310789,63.8158911826695,1000,4,"SSP3-7.0"
"3GCR-Kp","ssp370","Temperate Zone",2088,58.6168081341877,53.7027332459629,64.0192555143184,1000,4,"SSP3-7.0"
"3GCR-Kp","ssp370","Temperate Zone",2089,58.7049781563042,53.8138050129953,64.3460257635499,1000,4,"SSP3-7.0"
"3GCR-Kp","ssp370","Temperate Zone",2090,58.7824520553241,53.7468824318022,64.6747414800621,1000,4,"SSP3-7.0"
"3GCR-Kp","ssp370","Temperate Zone",2091,58.8013778855464,53.8835009620815,64.4443171088452,1000,4,"SSP3-7.0"
"3GCR-Kp","ssp370","Temperate Zone",2092,58.9523133084014,53.9847606590748,64.433253018562,1000,4,"SSP3-7.0"
"3GCR-Kp","ssp370","Temperate Zone",2093,58.8234497509799,54.0296356695889,64.0623801127258,1000,4,"SSP3-7.0"
"3GCR-Kp","ssp370","Temperate Zone",2094,58.8036769519867,54.0161467040396,63.9300170732178,1000,4,"SSP3-7.0"
"3GCR-Kp","ssp370","Temperate Zone",2095,58.7888153749769,54.0539580060727,64.029731153812,1000,4,"SSP3-7.0"
"3GCR-Kp","ssp370","Temperate Zone",2096,58.987867983895,54.0497498981287,64.6135640664096,1000,4,"SSP3-7.0"
"3GCR-Kp","ssp370","Temperate Zone",2097,58.9750338185634,53.9559213035775,64.6448362177927,1000,4,"SSP3-7.0"
"3GCR-Kp","ssp370","Temperate Zone",2098,59.0214510770406,53.9595697548714,64.4828378621803,1000,4,"SSP3-7.0"
"3GCR-Kp","ssp370","Temperate Zone",2099,59.1005696459873,54.0289069278214,64.7670777193225,1000,4,"SSP3-7.0"
"3GCR-Kp","ssp370","Temperate Zone",2100,59.1815874332807,53.7850421512381,65.135617393468,1000,4,"SSP3-7.0"
"3GCR-Kp","ssp585","Temperate Zone",2020,41.1749168700427,41.0731723713476,41.2665997823455,1000,4,"SSP5-8.5"
"3GCR-Kp","ssp585","Temperate Zone",2021,43.3212874295299,42.5835265581483,44.0800715524056,1000,4,"SSP5-8.5"
"3GCR-Kp","ssp585","Temperate Zone",2022,45.1449804046972,43.8166974052302,46.6430046682829,1000,4,"SSP5-8.5"
"3GCR-Kp","ssp585","Temperate Zone",2023,47.0539632755311,45.0383102933843,49.2095556158079,1000,4,"SSP5-8.5"
"3GCR-Kp","ssp585","Temperate Zone",2024,48.4921502418184,46.3175105753358,51.1735815918235,1000,4,"SSP5-8.5"
"3GCR-Kp","ssp585","Temperate Zone",2025,49.4819890286885,46.888726315917,52.5427666249145,1000,4,"SSP5-8.5"
"3GCR-Kp","ssp585","Temperate Zone",2026,50.1980972733123,47.2910921493914,53.503908827441,1000,4,"SSP5-8.5"
"3GCR-Kp","ssp585","Temperate Zone",2027,50.6777775817286,47.6486117975585,54.0439156427022,1000,4,"SSP5-8.5"
"3GCR-Kp","ssp585","Temperate Zone",2028,51.1290918723185,48.0743060018061,54.6563522823515,1000,4,"SSP5-8.5"
"3GCR-Kp","ssp585","Temperate Zone",2029,51.5209114790745,48.4139261191034,55.2132837953729,1000,4,"SSP5-8.5"
"3GCR-Kp","ssp585","Temperate Zone",2030,51.8965246847692,48.873391102076,55.7275137612317,1000,4,"SSP5-8.5"
"3GCR-Kp","ssp585","Temperate Zone",2031,52.1408707789893,49.0093375139291,55.7816468575523,1000,4,"SSP5-8.5"
"3GCR-Kp","ssp585","Temperate Zone",2032,52.4998668842364,49.1345996535088,56.091785335334,1000,4,"SSP5-8.5"
"3GCR-Kp","ssp585","Temperate Zone",2033,52.7041174786915,49.4259172458763,56.3728866142947,1000,4,"SSP5-8.5"
"3GCR-Kp","ssp585","Temperate Zone",2034,52.849701794933,49.6322097797958,56.6171480608686,1000,4,"SSP5-8.5"
"3GCR-Kp","ssp585","Temperate Zone",2035,52.9365701419632,49.6390507762038,56.9879794140088,1000,4,"SSP5-8.5"
"3GCR-Kp","ssp585","Temperate Zone",2036,53.13687341261,49.7428388427621,57.3110160005713,1000,4,"SSP5-8.5"
"3GCR-Kp","ssp585","Temperate Zone",2037,53.3466390749106,49.8529887940807,57.7717663367278,1000,4,"SSP5-8.5"
"3GCR-Kp","ssp585","Temperate Zone",2038,53.6973205931871,50.1092432046577,57.9556573960101,1000,4,"SSP5-8.5"
"3GCR-Kp","ssp585","Temperate Zone",2039,53.9169625903655,50.2956886522617,58.0667412599483,1000,4,"SSP5-8.5"
"3GCR-Kp","ssp585","Temperate Zone",2040,54.1975338135242,50.4804430267648,58.1969555891083,1000,4,"SSP5-8.5"
"3GCR-Kp","ssp585","Temperate Zone",2041,54.2900299620613,50.6658184547923,58.2596472198847,1000,4,"SSP5-8.5"
"3GCR-Kp","ssp585","Temperate Zone",2042,54.4956011134587,50.8858149959185,58.5856293206369,1000,4,"SSP5-8.5"
"3GCR-Kp","ssp585","Temperate Zone",2043,54.6255996414827,51.1559038497138,58.631470676495,1000,4,"SSP5-8.5"
"3GCR-Kp","ssp585","Temperate Zone",2044,54.8121067199566,51.3536189371868,58.7617306773089,1000,4,"SSP5-8.5"
"3GCR-Kp","ssp585","Temperate Zone",2045,55.0798664050127,51.2735329083502,59.3137780704393,1000,4,"SSP5-8.5"
"3GCR-Kp","ssp585","Temperate Zone",2046,55.2722844133853,51.6186885286908,59.4966390544189,1000,4,"SSP5-8.5"
"3GCR-Kp","ssp585","Temperate Zone",2047,55.526449882137,51.6332382192051,59.9103947024094,1000,4,"SSP5-8.5"
"3GCR-Kp","ssp585","Temperate Zone",2048,55.6991521916631,51.6100759944626,60.2292488327035,1000,4,"SSP5-8.5"
"3GCR-Kp","ssp585","Temperate Zone",2049,55.9207345394711,52.0938186521347,60.2477365095136,1000,4,"SSP5-8.5"
"3GCR-Kp","ssp585","Temperate Zone",2050,56.2075699459339,52.1890113705169,60.8286804781555,1000,4,"SSP5-8.5"
"3GCR-Kp","ssp585","Temperate Zone",2051,56.4052561610156,52.343272894262,61.0319024424604,1000,4,"SSP5-8.5"
"3GCR-Kp","ssp585","Temperate Zone",2052,56.5067167972903,52.4794829046128,60.9873401936644,1000,4,"SSP5-8.5"
"3GCR-Kp","ssp585","Temperate Zone",2053,56.7780245994649,52.675750048501,61.4538046702408,1000,4,"SSP5-8.5"
"3GCR-Kp","ssp585","Temperate Zone",2054,56.972959621228,52.8238140092416,61.6975666736202,1000,4,"SSP5-8.5"
"3GCR-Kp","ssp585","Temperate Zone",2055,57.0033969743613,52.9448477764923,61.6796319805355,1000,4,"SSP5-8.5"
"3GCR-Kp","ssp585","Temperate Zone",2056,57.2894279851261,53.152964436225,62.2861326913174,1000,4,"SSP5-8.5"
"3GCR-Kp","ssp585","Temperate Zone",2057,57.4886785917946,53.2500817757042,62.5660534268714,1000,4,"SSP5-8.5"
"3GCR-Kp","ssp585","Temperate Zone",2058,57.7458369191966,53.6748435791813,63.0582654412815,1000,4,"SSP5-8.5"
"3GCR-Kp","ssp585","Temperate Zone",2059,57.9156388507295,53.7711884125174,62.7615928407597,1000,4,"SSP5-8.5"
"3GCR-Kp","ssp585","Temperate Zone",2060,58.0509172340413,53.9872276118379,62.8425168036396,1000,4,"SSP5-8.5"
"3GCR-Kp","ssp585","Temperate Zone",2061,58.22013833318,53.8803856594276,63.2612816269781,1000,4,"SSP5-8.5"
"3GCR-Kp","ssp585","Temperate Zone",2062,58.3242986869171,53.9061632247258,63.1768182754996,1000,4,"SSP5-8.5"
"3GCR-Kp","ssp585","Temperate Zone",2063,58.4414816548472,53.9178132860132,63.3374004263633,1000,4,"SSP5-8.5"
"3GCR-Kp","ssp585","Temperate Zone",2064,58.7411773682384,54.3008110326711,63.7815334408954,1000,4,"SSP5-8.5"
"3GCR-Kp","ssp585","Temperate Zone",2065,58.8046152716394,54.2687977322433,63.6486354828322,1000,4,"SSP5-8.5"
"3GCR-Kp","ssp585","Temperate Zone",2066,58.7944324972229,54.1957430498122,63.6130445664344,1000,4,"SSP5-8.5"
"3GCR-Kp","ssp585","Temperate Zone",2067,58.8227376202663,54.2147703093297,63.9320176419014,1000,4,"SSP5-8.5"
"3GCR-Kp","ssp585","Temperate Zone",2068,58.8608827186416,54.3696686856814,63.8970809587178,1000,4,"SSP5-8.5"
"3GCR-Kp","ssp585","Temperate Zone",2069,59.006408379426,54.5075284981845,64.1911445598168,1000,4,"SSP5-8.5"
"3GCR-Kp","ssp585","Temperate Zone",2070,59.1013074565343,54.4440547489377,64.7120017559901,1000,4,"SSP5-8.5"
"3GCR-Kp","ssp585","Temperate Zone",2071,59.2281258037664,54.6050601902272,65.0175880039051,1000,4,"SSP5-8.5"
"3GCR-Kp","ssp585","Temperate Zone",2072,59.3866292314812,54.8230674078678,65.00019261148,1000,4,"SSP5-8.5"
"3GCR-Kp","ssp585","Temperate Zone",2073,59.3851313547039,54.7604646816727,65.1572997114973,1000,4,"SSP5-8.5"
"3GCR-Kp","ssp585","Temperate Zone",2074,59.4259780586588,54.8709160975884,65.1776715100083,1000,4,"SSP5-8.5"
"3GCR-Kp","ssp585","Temperate Zone",2075,59.428100457828,54.6642838681971,65.1141749821917,1000,4,"SSP5-8.5"
"3GCR-Kp","ssp585","Temperate Zone",2076,59.3532402334999,54.4874737391111,65.0929441115219,1000,4,"SSP5-8.5"
"3GCR-Kp","ssp585","Temperate Zone",2077,59.3853101695861,54.6105104080146,65.0960629714377,1000,4,"SSP5-8.5"
"3GCR-Kp","ssp585","Temperate Zone",2078,59.5812081369011,54.8112704930531,65.4981243408855,1000,4,"SSP5-8.5"
"3GCR-Kp","ssp585","Temperate Zone",2079,59.689415806318,54.8014305086728,65.6916884523273,1000,4,"SSP5-8.5"
"3GCR-Kp","ssp585","Temperate Zone",2080,59.89664673427,54.8852341079943,65.7872949100211,1000,4,"SSP5-8.5"
"3GCR-Kp","ssp585","Temperate Zone",2081,60.116136246246,54.7505624312115,66.5443411683505,1000,4,"SSP5-8.5"
"3GCR-Kp","ssp585","Temperate Zone",2082,60.0069246509356,54.5831635903423,66.3781619403502,1000,4,"SSP5-8.5"
"3GCR-Kp","ssp585","Temperate Zone",2083,60.192451782957,54.6749127789047,66.5554233529526,1000,4,"SSP5-8.5"
"3GCR-Kp","ssp585","Temperate Zone",2084,60.1886603589447,54.5268813293983,66.8863759333957,1000,4,"SSP5-8.5"
"3GCR-Kp","ssp585","Temperate Zone",2085,60.2907573785694,54.3564728617519,67.1646335633413,1000,4,"SSP5-8.5"
"3GCR-Kp","ssp585","Temperate Zone",2086,60.6519325239501,54.5730195399542,67.7807268867281,1000,4,"SSP5-8.5"
"3GCR-Kp","ssp585","Temperate Zone",2087,60.598835791145,54.3166216328109,67.4924096456275,1000,4,"SSP5-8.5"
"3GCR-Kp","ssp585","Temperate Zone",2088,60.8200373509333,54.5326561261036,67.9854908662832,1000,4,"SSP5-8.5"
"3GCR-Kp","ssp585","Temperate Zone",2089,61.0480224155945,54.636696789538,68.085041984757,1000,4,"SSP5-8.5"
"3GCR-Kp","ssp585","Temperate Zone",2090,61.0317937589126,54.5727789918374,67.8925606152339,1000,4,"SSP5-8.5"
"3GCR-Kp","ssp585","Temperate Zone",2091,61.1671249769258,54.910196231621,68.093794592457,1000,4,"SSP5-8.5"
"3GCR-Kp","ssp585","Temperate Zone",2092,61.2430484445392,55.1486713086136,67.8701988402251,1000,4,"SSP5-8.5"
"3GCR-Kp","ssp585","Temperate Zone",2093,61.2709667471578,54.8640254873336,67.9368998753529,1000,4,"SSP5-8.5"
"3GCR-Kp","ssp585","Temperate Zone",2094,61.3198767167156,54.668691957844,68.0280415089816,1000,4,"SSP5-8.5"
"3GCR-Kp","ssp585","Temperate Zone",2095,61.4720854180006,54.8222184342214,68.0866274928219,1000,4,"SSP5-8.5"
"3GCR-Kp","ssp585","Temperate Zone",2096,61.4376681602485,55.0160357852399,68.0518033043496,1000,4,"SSP5-8.5"
"3GCR-Kp","ssp585","Temperate Zone",2097,61.5154051050231,55.0752582854471,68.4072011515601,1000,4,"SSP5-8.5"
"3GCR-Kp","ssp585","Temperate Zone",2098,61.7219879612286,55.1318050392788,68.3691750301484,1000,4,"SSP5-8.5"
"3GCR-Kp","ssp585","Temperate Zone",2099,61.767297663099,54.9589487903285,68.5866361229115,1000,4,"SSP5-8.5"
"3GCR-Kp","ssp585","Temperate Zone",2100,61.8478244169637,55.0624723459935,68.7666157189958,1000,4,"SSP5-8.5"
"CR-Ab","ssp126","Temperate Zone",2020,51.9096272871515,51.6220757101884,52.1611704439109,1000,4,"SSP1-2.6"
"CR-Ab","ssp126","Temperate Zone",2021,51.9404463942616,51.6959393503283,52.1642111822502,1000,4,"SSP1-2.6"
"CR-Ab","ssp126","Temperate Zone",2022,52.0393544546504,51.7548843500814,52.3239412598754,1000,4,"SSP1-2.6"
"CR-Ab","ssp126","Temperate Zone",2023,52.2482154807275,49.8407863426302,54.2795244106371,1000,4,"SSP1-2.6"
"CR-Ab","ssp126","Temperate Zone",2024,52.4040497289011,48.4225669526865,55.613076167918,1000,4,"SSP1-2.6"
"CR-Ab","ssp126","Temperate Zone",2025,52.6628755704034,47.3481531652468,57.1080831225373,1000,4,"SSP1-2.6"
"CR-Ab","ssp126","Temperate Zone",2026,52.5283468822009,46.3629497046083,57.7873889341669,1000,4,"SSP1-2.6"
"CR-Ab","ssp126","Temperate Zone",2027,52.5232331619306,45.9667296550982,58.0763428722087,1000,4,"SSP1-2.6"
"CR-Ab","ssp126","Temperate Zone",2028,52.36564728498,45.4564153378316,58.1557734534966,1000,4,"SSP1-2.6"
"CR-Ab","ssp126","Temperate Zone",2029,52.718721474563,45.2900221566766,59.146173130454,1000,4,"SSP1-2.6"
"CR-Ab","ssp126","Temperate Zone",2030,53.0280665928991,44.7626945541159,60.5226365108027,1000,4,"SSP1-2.6"
"CR-Ab","ssp126","Temperate Zone",2031,52.9049689528119,44.5404819410189,60.3578582658901,1000,4,"SSP1-2.6"
"CR-Ab","ssp126","Temperate Zone",2032,52.9360881336997,44.6993184258985,60.3391075624913,1000,4,"SSP1-2.6"
"CR-Ab","ssp126","Temperate Zone",2033,52.7167672042576,44.6107346313047,59.8259272563688,1000,4,"SSP1-2.6"
"CR-Ab","ssp126","Temperate Zone",2034,52.5563664877368,44.5327756258113,59.7331422608376,1000,4,"SSP1-2.6"
"CR-Ab","ssp126","Temperate Zone",2035,52.8134344293139,44.5051845021147,60.6133042110722,1000,4,"SSP1-2.6"
"CR-Ab","ssp126","Temperate Zone",2036,52.9936767864976,44.611113231813,60.7718097629877,1000,4,"SSP1-2.6"
"CR-Ab","ssp126","Temperate Zone",2037,52.9732662241767,44.5950266163444,60.7433841765341,1000,4,"SSP1-2.6"
"CR-Ab","ssp126","Temperate Zone",2038,53.1428676222925,44.6186157157714,60.7283728001724,1000,4,"SSP1-2.6"
"CR-Ab","ssp126","Temperate Zone",2039,53.6592332325971,45.026074534525,61.5078118367499,1000,4,"SSP1-2.6"
"CR-Ab","ssp126","Temperate Zone",2040,53.6788763022045,45.1351592968341,61.6580911702288,1000,4,"SSP1-2.6"
"CR-Ab","ssp126","Temperate Zone",2041,53.9002584224613,45.5144481941217,61.54757294485,1000,4,"SSP1-2.6"
"CR-Ab","ssp126","Temperate Zone",2042,54.0527292907283,45.2133214804775,62.3990536260799,1000,4,"SSP1-2.6"
"CR-Ab","ssp126","Temperate Zone",2043,53.9974422996946,45.1516308699644,62.4045540451834,1000,4,"SSP1-2.6"
"CR-Ab","ssp126","Temperate Zone",2044,53.8592596158593,44.9624270341921,61.9053146475315,1000,4,"SSP1-2.6"
"CR-Ab","ssp126","Temperate Zone",2045,54.1073423156119,45.1902814135384,62.3167802106052,1000,4,"SSP1-2.6"
"CR-Ab","ssp126","Temperate Zone",2046,54.3625710189103,45.339490260373,62.6743167632851,1000,4,"SSP1-2.6"
"CR-Ab","ssp126","Temperate Zone",2047,54.4470728047539,45.4959308369325,63.107196805888,1000,4,"SSP1-2.6"
"CR-Ab","ssp126","Temperate Zone",2048,54.4591403821586,45.6221069729185,62.9335136475119,1000,4,"SSP1-2.6"
"CR-Ab","ssp126","Temperate Zone",2049,54.3257604220853,45.5203033353424,62.5701003850088,1000,4,"SSP1-2.6"
"CR-Ab","ssp126","Temperate Zone",2050,54.1085677888791,45.5848611998923,62.2581906809945,1000,4,"SSP1-2.6"
"CR-Ab","ssp126","Temperate Zone",2051,54.2664137872435,45.6990549612884,62.5776296249878,1000,4,"SSP1-2.6"
"CR-Ab","ssp126","Temperate Zone",2052,54.0137141688317,45.4283058350406,62.0421027062397,1000,4,"SSP1-2.6"
"CR-Ab","ssp126","Temperate Zone",2053,54.049185850112,45.2999259046022,61.596554927936,1000,4,"SSP1-2.6"
"CR-Ab","ssp126","Temperate Zone",2054,54.037713223866,45.3781708388256,61.6174232764921,1000,4,"SSP1-2.6"
"CR-Ab","ssp126","Temperate Zone",2055,53.8079744944513,45.4343355575782,60.9996792564293,1000,4,"SSP1-2.6"
"CR-Ab","ssp126","Temperate Zone",2056,53.8689449066996,45.3455952767069,60.9449858374356,1000,4,"SSP1-2.6"
"CR-Ab","ssp126","Temperate Zone",2057,53.7929383724928,45.6362166116016,60.9162141013352,1000,4,"SSP1-2.6"
"CR-Ab","ssp126","Temperate Zone",2058,53.7664748538826,45.7665347005362,60.6929032367982,1000,4,"SSP1-2.6"
"CR-Ab","ssp126","Temperate Zone",2059,53.8912449626524,45.8774090345719,60.7269598757541,1000,4,"SSP1-2.6"
"CR-Ab","ssp126","Temperate Zone",2060,53.9807387573394,46.1578648988322,60.8507464083384,1000,4,"SSP1-2.6"
"CR-Ab","ssp126","Temperate Zone",2061,53.8618082816682,46.1215807676451,60.6772760654269,1000,4,"SSP1-2.6"
"CR-Ab","ssp126","Temperate Zone",2062,53.6833651147264,46.1966893557677,60.4149697816145,1000,4,"SSP1-2.6"
"CR-Ab","ssp126","Temperate Zone",2063,53.5922669532356,45.991540661602,60.145981089728,1000,4,"SSP1-2.6"
"CR-Ab","ssp126","Temperate Zone",2064,53.452128320467,46.091197155956,59.8336191866595,1000,4,"SSP1-2.6"
"CR-Ab","ssp126","Temperate Zone",2065,53.6616920034103,46.1036225139763,60.5250438001266,1000,4,"SSP1-2.6"
"CR-Ab","ssp126","Temperate Zone",2066,53.7049276590284,45.7553855518188,60.8345478080113,1000,4,"SSP1-2.6"
"CR-Ab","ssp126","Temperate Zone",2067,53.6014975933241,45.8597005838219,60.6459708043299,1000,4,"SSP1-2.6"
"CR-Ab","ssp126","Temperate Zone",2068,53.6889325754799,45.7202920678296,60.7799699665916,1000,4,"SSP1-2.6"
"CR-Ab","ssp126","Temperate Zone",2069,53.5935167890496,45.8180802164306,60.4495406361105,1000,4,"SSP1-2.6"
"CR-Ab","ssp126","Temperate Zone",2070,53.6036518085291,45.6233977454968,60.3539607162684,1000,4,"SSP1-2.6"
"CR-Ab","ssp126","Temperate Zone",2071,53.4678499733894,45.4747336547952,60.280515716292,1000,4,"SSP1-2.6"
"CR-Ab","ssp126","Temperate Zone",2072,53.2768191622844,45.2391414533244,59.9347479305653,1000,4,"SSP1-2.6"
"CR-Ab","ssp126","Temperate Zone",2073,53.3083559355285,45.253973274826,60.1885090006827,1000,4,"SSP1-2.6"
"CR-Ab","ssp126","Temperate Zone",2074,53.2379710016854,45.2945522235385,60.0720858749594,1000,4,"SSP1-2.6"
"CR-Ab","ssp126","Temperate Zone",2075,53.7155065074271,45.6933642064318,60.8874670820254,1000,4,"SSP1-2.6"
"CR-Ab","ssp126","Temperate Zone",2076,53.7096362898827,45.9303253409801,60.9221043355324,1000,4,"SSP1-2.6"
"CR-Ab","ssp126","Temperate Zone",2077,53.6222270139308,45.6459656717311,61.0492269885431,1000,4,"SSP1-2.6"
"CR-Ab","ssp126","Temperate Zone",2078,53.384713249064,45.5585712012458,60.788336264531,1000,4,"SSP1-2.6"
"CR-Ab","ssp126","Temperate Zone",2079,53.2625704657411,45.1814726774605,60.1877613023775,1000,4,"SSP1-2.6"
"CR-Ab","ssp126","Temperate Zone",2080,53.3784820250424,45.4505316463561,60.4679062222621,1000,4,"SSP1-2.6"
"CR-Ab","ssp126","Temperate Zone",2081,53.3983452244725,45.5807427929434,60.4991666350929,1000,4,"SSP1-2.6"
"CR-Ab","ssp126","Temperate Zone",2082,53.4521848518803,45.5881293885953,60.9606564617937,1000,4,"SSP1-2.6"
"CR-Ab","ssp126","Temperate Zone",2083,53.7722663912812,45.4876644146581,61.7037608947189,1000,4,"SSP1-2.6"
"CR-Ab","ssp126","Temperate Zone",2084,53.733167884428,45.0494997890137,61.5995932330157,1000,4,"SSP1-2.6"
"CR-Ab","ssp126","Temperate Zone",2085,53.643602428651,45.0525727384425,61.1734088063298,1000,4,"SSP1-2.6"
"CR-Ab","ssp126","Temperate Zone",2086,53.7544234790247,45.1954058457859,61.859074853663,1000,4,"SSP1-2.6"
"CR-Ab","ssp126","Temperate Zone",2087,53.5521797802423,45.3448937877003,61.1556644797901,1000,4,"SSP1-2.6"
"CR-Ab","ssp126","Temperate Zone",2088,53.2547680854888,44.9227421638949,60.5197257467468,1000,4,"SSP1-2.6"
"CR-Ab","ssp126","Temperate Zone",2089,53.3994643267424,45.4032598612356,60.4932782920727,1000,4,"SSP1-2.6"
"CR-Ab","ssp126","Temperate Zone",2090,53.4912973905529,45.4300294901502,60.7806367557295,1000,4,"SSP1-2.6"
"CR-Ab","ssp126","Temperate Zone",2091,53.6191871364097,45.3491364167305,61.4732165574672,1000,4,"SSP1-2.6"
"CR-Ab","ssp126","Temperate Zone",2092,53.5751969186348,45.4840875980737,60.9254965669121,1000,4,"SSP1-2.6"
"CR-Ab","ssp126","Temperate Zone",2093,53.6731419816285,45.4802858294032,61.158797344011,1000,4,"SSP1-2.6"
"CR-Ab","ssp126","Temperate Zone",2094,53.639094640569,45.8774537421575,60.6561650596302,1000,4,"SSP1-2.6"
"CR-Ab","ssp126","Temperate Zone",2095,53.603875036183,45.7918790994351,60.6027319048505,1000,4,"SSP1-2.6"
"CR-Ab","ssp126","Temperate Zone",2096,53.5936169130536,45.5675430868324,60.7569225295198,1000,4,"SSP1-2.6"
"CR-Ab","ssp126","Temperate Zone",2097,53.6292740286084,45.5880444805209,61.0337981400682,1000,4,"SSP1-2.6"
"CR-Ab","ssp126","Temperate Zone",2098,53.7548450299736,45.4847667900561,61.8636609343055,1000,4,"SSP1-2.6"
"CR-Ab","ssp126","Temperate Zone",2099,53.7236156495102,45.703994620482,61.6028055828658,1000,4,"SSP1-2.6"
"CR-Ab","ssp126","Temperate Zone",2100,53.8567314013464,45.7606243190499,61.7743228063889,1000,4,"SSP1-2.6"
"CR-Ab","ssp245","Temperate Zone",2020,51.8914632556329,51.8033118571114,51.9952624633176,1000,4,"SSP2-4.5"
"CR-Ab","ssp245","Temperate Zone",2021,51.932090574332,51.7681064203357,52.1017357506502,1000,4,"SSP2-4.5"
"CR-Ab","ssp245","Temperate Zone",2022,52.0470224159429,51.7526747520759,52.3479891112199,1000,4,"SSP2-4.5"
"CR-Ab","ssp245","Temperate Zone",2023,52.8313765770385,50.01243749463,55.8252816395181,1000,4,"SSP2-4.5"
"CR-Ab","ssp245","Temperate Zone",2024,52.877204322465,48.2717529806491,57.6612449933879,1000,4,"SSP2-4.5"
"CR-Ab","ssp245","Temperate Zone",2025,52.8865563658567,47.1153895445725,58.648847573781,1000,4,"SSP2-4.5"
"CR-Ab","ssp245","Temperate Zone",2026,53.3772438828621,46.3823124715379,60.5772200803647,1000,4,"SSP2-4.5"
"CR-Ab","ssp245","Temperate Zone",2027,53.6860087817306,45.7287892204954,61.9494614310695,1000,4,"SSP2-4.5"
"CR-Ab","ssp245","Temperate Zone",2028,53.8744330755076,45.6623610259257,62.3049540231531,1000,4,"SSP2-4.5"
"CR-Ab","ssp245","Temperate Zone",2029,53.8641177367914,45.5798012710555,62.3639491400757,1000,4,"SSP2-4.5"
"CR-Ab","ssp245","Temperate Zone",2030,53.9913664243985,45.2702940562688,62.9724480312472,1000,4,"SSP2-4.5"
"CR-Ab","ssp245","Temperate Zone",2031,54.2308174169642,45.3294204238711,63.407086356,1000,4,"SSP2-4.5"
"CR-Ab","ssp245","Temperate Zone",2032,54.3051012481665,45.3703826318441,63.4476429781613,1000,4,"SSP2-4.5"
"CR-Ab","ssp245","Temperate Zone",2033,54.3340906339492,45.4049286207858,63.3145784733498,1000,4,"SSP2-4.5"
"CR-Ab","ssp245","Temperate Zone",2034,54.1097317948916,45.5745184987469,62.5598189774315,1000,4,"SSP2-4.5"
"CR-Ab","ssp245","Temperate Zone",2035,54.1401237584857,45.6492589913848,62.4294861091597,1000,4,"SSP2-4.5"
"CR-Ab","ssp245","Temperate Zone",2036,54.5778088070832,45.8457650818881,63.3096208638738,1000,4,"SSP2-4.5"
"CR-Ab","ssp245","Temperate Zone",2037,54.9348058370241,45.9479808570282,63.7763612544123,1000,4,"SSP2-4.5"
"CR-Ab","ssp245","Temperate Zone",2038,54.6383612278197,45.5849700726811,62.8982021575901,1000,4,"SSP2-4.5"
"CR-Ab","ssp245","Temperate Zone",2039,54.4766588842834,45.3963049670689,62.5918381753008,1000,4,"SSP2-4.5"
"CR-Ab","ssp245","Temperate Zone",2040,54.2996888569172,45.561768036189,62.0992905019734,1000,4,"SSP2-4.5"
"CR-Ab","ssp245","Temperate Zone",2041,54.5275682251685,45.648565050049,62.4954854805585,1000,4,"SSP2-4.5"
"CR-Ab","ssp245","Temperate Zone",2042,54.4990519688905,45.6170835573635,62.3984963275581,1000,4,"SSP2-4.5"
"CR-Ab","ssp245","Temperate Zone",2043,54.8030140216373,45.6641542468135,63.178813277649,1000,4,"SSP2-4.5"
"CR-Ab","ssp245","Temperate Zone",2044,54.8553904100869,45.3821359216704,63.053946994927,1000,4,"SSP2-4.5"
"CR-Ab","ssp245","Temperate Zone",2045,55.0565085069476,45.5385820322534,63.6087143051394,1000,4,"SSP2-4.5"
"CR-Ab","ssp245","Temperate Zone",2046,55.4289997662451,45.9765456118057,64.2028788994384,1000,4,"SSP2-4.5"
"CR-Ab","ssp245","Temperate Zone",2047,55.8854301327973,46.1908270680098,65.157917731305,1000,4,"SSP2-4.5"
"CR-Ab","ssp245","Temperate Zone",2048,55.8485480499312,46.571469872709,65.2466732146763,1000,4,"SSP2-4.5"
"CR-Ab","ssp245","Temperate Zone",2049,55.5761680359535,46.5357545073368,64.3752393712887,1000,4,"SSP2-4.5"
"CR-Ab","ssp245","Temperate Zone",2050,55.349540248829,46.554071023401,63.9151987278471,1000,4,"SSP2-4.5"
"CR-Ab","ssp245","Temperate Zone",2051,55.4866122318505,46.6848063127036,64.0707881172804,1000,4,"SSP2-4.5"
"CR-Ab","ssp245","Temperate Zone",2052,55.7393653739099,46.907757193658,64.6229954527261,1000,4,"SSP2-4.5"
"CR-Ab","ssp245","Temperate Zone",2053,55.6206777577208,46.7391982074768,64.2712260903143,1000,4,"SSP2-4.5"
"CR-Ab","ssp245","Temperate Zone",2054,55.6289117784253,46.9179813215501,63.8450965069874,1000,4,"SSP2-4.5"
"CR-Ab","ssp245","Temperate Zone",2055,56.0455191894838,46.6023726336152,64.635316724997,1000,4,"SSP2-4.5"
"CR-Ab","ssp245","Temperate Zone",2056,55.8863167644368,46.8523563746518,64.2587410672958,1000,4,"SSP2-4.5"
"CR-Ab","ssp245","Temperate Zone",2057,55.9150671186109,46.9704952910066,64.3329613969555,1000,4,"SSP2-4.5"
"CR-Ab","ssp245","Temperate Zone",2058,56.0019018572955,46.9441405228944,64.2077012626067,1000,4,"SSP2-4.5"
"CR-Ab","ssp245","Temperate Zone",2059,55.9595492796486,47.2418873981621,64.0372586950213,1000,4,"SSP2-4.5"
"CR-Ab","ssp245","Temperate Zone",2060,56.0362719387878,46.8840753663893,63.8990985112651,1000,4,"SSP2-4.5"
"CR-Ab","ssp245","Temperate Zone",2061,55.731967683638,46.8106728606448,63.5595083950629,1000,4,"SSP2-4.5"
"CR-Ab","ssp245","Temperate Zone",2062,55.5210468139064,47.2129968243251,63.0905566260152,1000,4,"SSP2-4.5"
"CR-Ab","ssp245","Temperate Zone",2063,55.7246423296348,47.316456310369,63.4322919453495,1000,4,"SSP2-4.5"
"CR-Ab","ssp245","Temperate Zone",2064,55.4435874793958,47.1517870851493,62.9456220263726,1000,4,"SSP2-4.5"
"CR-Ab","ssp245","Temperate Zone",2065,55.5478536000543,47.4867803130928,62.8504423201879,1000,4,"SSP2-4.5"
"CR-Ab","ssp245","Temperate Zone",2066,55.6018639320563,47.3470498656286,63.0244967702704,1000,4,"SSP2-4.5"
"CR-Ab","ssp245","Temperate Zone",2067,55.7523473958403,47.3558495252371,63.2619754953041,1000,4,"SSP2-4.5"
"CR-Ab","ssp245","Temperate Zone",2068,55.4809647328281,47.2851634783099,62.8891848426195,1000,4,"SSP2-4.5"
"CR-Ab","ssp245","Temperate Zone",2069,55.5660573683066,47.5437735774896,62.8963326837377,1000,4,"SSP2-4.5"
"CR-Ab","ssp245","Temperate Zone",2070,55.7048906560376,47.5869358139754,63.287467368509,1000,4,"SSP2-4.5"
"CR-Ab","ssp245","Temperate Zone",2071,55.7738370575121,47.4817430298297,63.0160973115601,1000,4,"SSP2-4.5"
"CR-Ab","ssp245","Temperate Zone",2072,55.8230859926323,47.6965802620741,63.1942725713932,1000,4,"SSP2-4.5"
"CR-Ab","ssp245","Temperate Zone",2073,56.0560308151932,47.7812492463291,63.8414924907248,1000,4,"SSP2-4.5"
"CR-Ab","ssp245","Temperate Zone",2074,56.0799235769091,47.9012732848019,63.6541394499314,1000,4,"SSP2-4.5"
"CR-Ab","ssp245","Temperate Zone",2075,55.8492988451336,47.8039625398481,63.3191385953797,1000,4,"SSP2-4.5"
"CR-Ab","ssp245","Temperate Zone",2076,55.6202368338461,47.8423213103127,62.8552524985585,1000,4,"SSP2-4.5"
"CR-Ab","ssp245","Temperate Zone",2077,55.6499584784226,47.8353512161438,63.016549694938,1000,4,"SSP2-4.5"
"CR-Ab","ssp245","Temperate Zone",2078,55.571828577529,47.9292504701861,62.8297716641127,1000,4,"SSP2-4.5"
"CR-Ab","ssp245","Temperate Zone",2079,55.3920759941667,47.9224873351931,62.5419700521543,1000,4,"SSP2-4.5"
"CR-Ab","ssp245","Temperate Zone",2080,55.3213895558248,47.8272470695539,62.3197418069201,1000,4,"SSP2-4.5"
"CR-Ab","ssp245","Temperate Zone",2081,55.192523380248,47.8069513954421,61.9099056091638,1000,4,"SSP2-4.5"
"CR-Ab","ssp245","Temperate Zone",2082,55.1845021968615,47.9093368925966,61.9662312563787,1000,4,"SSP2-4.5"
"CR-Ab","ssp245","Temperate Zone",2083,55.2131098290178,48.0486886396074,62.4224568913803,1000,4,"SSP2-4.5"
"CR-Ab","ssp245","Temperate Zone",2084,55.2152402119298,47.7198490482113,62.609076163678,1000,4,"SSP2-4.5"
"CR-Ab","ssp245","Temperate Zone",2085,55.1085196976266,47.4668406803855,62.5823816713772,1000,4,"SSP2-4.5"
"CR-Ab","ssp245","Temperate Zone",2086,55.2185725923378,47.4797573162785,62.4409212337874,1000,4,"SSP2-4.5"
"CR-Ab","ssp245","Temperate Zone",2087,55.0261759648028,47.2585497401144,62.4233398402949,1000,4,"SSP2-4.5"
"CR-Ab","ssp245","Temperate Zone",2088,55.0412987651371,47.429271381927,62.8334911939679,1000,4,"SSP2-4.5"
"CR-Ab","ssp245","Temperate Zone",2089,54.9550225996555,47.0585489877946,62.5790283173844,1000,4,"SSP2-4.5"
"CR-Ab","ssp245","Temperate Zone",2090,55.2197325252528,46.9171066960187,62.7329735821816,1000,4,"SSP2-4.5"
"CR-Ab","ssp245","Temperate Zone",2091,55.1391408081638,46.4772973917808,62.5801362631544,1000,4,"SSP2-4.5"
"CR-Ab","ssp245","Temperate Zone",2092,55.2274992172835,46.6199238915631,62.3621172354041,1000,4,"SSP2-4.5"
"CR-Ab","ssp245","Temperate Zone",2093,55.3609263885706,47.2859246877127,62.9120788190473,1000,4,"SSP2-4.5"
"CR-Ab","ssp245","Temperate Zone",2094,55.5651386364541,47.0649047977013,62.8777900279805,1000,4,"SSP2-4.5"
"CR-Ab","ssp245","Temperate Zone",2095,55.0962901707322,47.3379298838565,62.4679302864374,1000,4,"SSP2-4.5"
"CR-Ab","ssp245","Temperate Zone",2096,54.888044728742,47.2953225888331,62.6900570821507,1000,4,"SSP2-4.5"
"CR-Ab","ssp245","Temperate Zone",2097,55.0808836357818,47.0601712620005,62.8250015391401,1000,4,"SSP2-4.5"
"CR-Ab","ssp245","Temperate Zone",2098,55.0523784100775,47.1331443664743,62.857642568455,1000,4,"SSP2-4.5"
"CR-Ab","ssp245","Temperate Zone",2099,55.0443085670971,47.1155921094485,62.8716908347127,1000,4,"SSP2-4.5"
"CR-Ab","ssp245","Temperate Zone",2100,54.9462490658919,46.7549665116655,62.2444457388465,1000,4,"SSP2-4.5"
"CR-Ab","ssp370","Temperate Zone",2020,51.9213603074568,51.674350968371,52.1648947486914,1000,4,"SSP3-7.0"
"CR-Ab","ssp370","Temperate Zone",2021,51.9573508734897,51.7162273127194,52.1939177377729,1000,4,"SSP3-7.0"
"CR-Ab","ssp370","Temperate Zone",2022,52.0711555092228,51.7291043195654,52.3918266863634,1000,4,"SSP3-7.0"
"CR-Ab","ssp370","Temperate Zone",2023,53.3314481542914,50.6675909974585,56.0933183657389,1000,4,"SSP3-7.0"
"CR-Ab","ssp370","Temperate Zone",2024,53.6281316881888,49.4798483244234,57.3721912683395,1000,4,"SSP3-7.0"
"CR-Ab","ssp370","Temperate Zone",2025,54.1748284597263,48.7611477470309,59.499786627782,1000,4,"SSP3-7.0"
"CR-Ab","ssp370","Temperate Zone",2026,54.4505573226015,48.1755081914846,60.6555438697423,1000,4,"SSP3-7.0"
"CR-Ab","ssp370","Temperate Zone",2027,54.5783161625274,47.7140061858346,61.1726275126748,1000,4,"SSP3-7.0"
"CR-Ab","ssp370","Temperate Zone",2028,55.2038167378053,48.0914206078199,62.420738978963,1000,4,"SSP3-7.0"
"CR-Ab","ssp370","Temperate Zone",2029,55.4992036429662,47.9746800235511,63.3669943898549,1000,4,"SSP3-7.0"
"CR-Ab","ssp370","Temperate Zone",2030,55.4907204733715,47.7108759060378,63.3140009916461,1000,4,"SSP3-7.0"
"CR-Ab","ssp370","Temperate Zone",2031,55.6209455674486,47.4312014187102,63.6708860054155,1000,4,"SSP3-7.0"
"CR-Ab","ssp370","Temperate Zone",2032,55.8723740981159,47.3837101653373,64.371408738495,1000,4,"SSP3-7.0"
"CR-Ab","ssp370","Temperate Zone",2033,56.0459195478874,47.4155255953598,64.5919013792017,1000,4,"SSP3-7.0"
"CR-Ab","ssp370","Temperate Zone",2034,56.0342146417891,47.5856949324174,64.5219739657984,1000,4,"SSP3-7.0"
"CR-Ab","ssp370","Temperate Zone",2035,55.8891707048704,47.6424859301026,63.9250703094881,1000,4,"SSP3-7.0"
"CR-Ab","ssp370","Temperate Zone",2036,55.8159347502421,47.3097874487178,63.4424887736485,1000,4,"SSP3-7.0"
"CR-Ab","ssp370","Temperate Zone",2037,56.2063014115141,47.8741815541807,63.992003331582,1000,4,"SSP3-7.0"
"CR-Ab","ssp370","Temperate Zone",2038,56.1747756400381,47.9622651358837,63.908926498782,1000,4,"SSP3-7.0"
"CR-Ab","ssp370","Temperate Zone",2039,56.3369504576996,48.195259083375,63.9461068421845,1000,4,"SSP3-7.0"
"CR-Ab","ssp370","Temperate Zone",2040,56.0104865445701,48.1603376380745,63.1324901943319,1000,4,"SSP3-7.0"
"CR-Ab","ssp370","Temperate Zone",2041,55.5514040899239,47.879810415167,61.9122620037151,1000,4,"SSP3-7.0"
"CR-Ab","ssp370","Temperate Zone",2042,55.5910152441071,48.0426539874183,62.1683865476036,1000,4,"SSP3-7.0"
"CR-Ab","ssp370","Temperate Zone",2043,55.7430675553758,47.8560673058767,62.5251164245922,1000,4,"SSP3-7.0"
"CR-Ab","ssp370","Temperate Zone",2044,55.657158228353,47.8360816115992,62.376984679025,1000,4,"SSP3-7.0"
"CR-Ab","ssp370","Temperate Zone",2045,55.4235306407102,47.5037604651963,62.0220417467832,1000,4,"SSP3-7.0"
"CR-Ab","ssp370","Temperate Zone",2046,55.4119871135487,47.119795119676,62.0138860772091,1000,4,"SSP3-7.0"
"CR-Ab","ssp370","Temperate Zone",2047,55.633765233142,47.0181942535454,62.3477955557386,1000,4,"SSP3-7.0"
"CR-Ab","ssp370","Temperate Zone",2048,55.8246995787991,47.1235035367466,62.5570025725177,1000,4,"SSP3-7.0"
"CR-Ab","ssp370","Temperate Zone",2049,55.8601827946015,47.7510763026857,62.5348074502034,1000,4,"SSP3-7.0"
"CR-Ab","ssp370","Temperate Zone",2050,55.7342276750704,47.8165130241517,62.4481981514649,1000,4,"SSP3-7.0"
"CR-Ab","ssp370","Temperate Zone",2051,55.3838458062823,47.6817263884496,61.9974821157197,1000,4,"SSP3-7.0"
"CR-Ab","ssp370","Temperate Zone",2052,55.4314948288681,48.1380094183178,62.3129335398336,1000,4,"SSP3-7.0"
"CR-Ab","ssp370","Temperate Zone",2053,55.3436137424285,47.9779978287459,62.3621680905911,1000,4,"SSP3-7.0"
"CR-Ab","ssp370","Temperate Zone",2054,55.3313873324903,47.9985541208998,62.3882711260848,1000,4,"SSP3-7.0"
"CR-Ab","ssp370","Temperate Zone",2055,55.2053338052884,47.8272008180061,62.3405936575159,1000,4,"SSP3-7.0"
"CR-Ab","ssp370","Temperate Zone",2056,55.3789314009285,47.877836258446,62.7746145593289,1000,4,"SSP3-7.0"
"CR-Ab","ssp370","Temperate Zone",2057,55.7101605149202,47.9873721276386,62.8610315550511,1000,4,"SSP3-7.0"
"CR-Ab","ssp370","Temperate Zone",2058,55.7030568461033,47.981137443974,63.0610058324474,1000,4,"SSP3-7.0"
"CR-Ab","ssp370","Temperate Zone",2059,55.9132222755904,48.3835602550904,63.3174133944493,1000,4,"SSP3-7.0"
"CR-Ab","ssp370","Temperate Zone",2060,55.7091487055129,48.2663356454057,63.1975345005155,1000,4,"SSP3-7.0"
"CR-Ab","ssp370","Temperate Zone",2061,55.4965147788857,48.3397138328708,62.5576402257236,1000,4,"SSP3-7.0"
"CR-Ab","ssp370","Temperate Zone",2062,55.2856023413033,48.0848398771631,62.2755220646443,1000,4,"SSP3-7.0"
"CR-Ab","ssp370","Temperate Zone",2063,55.2360488930319,48.0290934965113,62.5601092573937,1000,4,"SSP3-7.0"
"CR-Ab","ssp370","Temperate Zone",2064,55.1139692823349,47.9762393667463,62.5796920656157,1000,4,"SSP3-7.0"
"CR-Ab","ssp370","Temperate Zone",2065,55.0274364364513,47.7221276313437,62.6157895316251,1000,4,"SSP3-7.0"
"CR-Ab","ssp370","Temperate Zone",2066,55.1959418794411,47.792336367934,63.0566756667944,1000,4,"SSP3-7.0"
"CR-Ab","ssp370","Temperate Zone",2067,55.2831706086623,47.5988373124248,63.3126472672978,1000,4,"SSP3-7.0"
"CR-Ab","ssp370","Temperate Zone",2068,55.3061522223503,47.4015737823193,63.1296937698993,1000,4,"SSP3-7.0"
"CR-Ab","ssp370","Temperate Zone",2069,55.0478885245855,47.1768985120095,63.1223967504562,1000,4,"SSP3-7.0"
"CR-Ab","ssp370","Temperate Zone",2070,54.8509098217313,47.1625295217701,62.8638515928369,1000,4,"SSP3-7.0"
"CR-Ab","ssp370","Temperate Zone",2071,54.987469735778,47.3432208858934,62.983808048497,1000,4,"SSP3-7.0"
"CR-Ab","ssp370","Temperate Zone",2072,54.938224384184,47.5456151806179,63.2717617516143,1000,4,"SSP3-7.0"
"CR-Ab","ssp370","Temperate Zone",2073,55.2163175908729,47.825492408823,63.5594717055363,1000,4,"SSP3-7.0"
"CR-Ab","ssp370","Temperate Zone",2074,55.3654932745268,48.2172485093602,63.2770587310523,1000,4,"SSP3-7.0"
"CR-Ab","ssp370","Temperate Zone",2075,55.1494283626743,48.1858656292127,63.3909629613023,1000,4,"SSP3-7.0"
"CR-Ab","ssp370","Temperate Zone",2076,54.9635153839116,47.806938154272,63.2264704870387,1000,4,"SSP3-7.0"
"CR-Ab","ssp370","Temperate Zone",2077,54.9481712091992,47.5789906265429,63.2585972345249,1000,4,"SSP3-7.0"
"CR-Ab","ssp370","Temperate Zone",2078,55.0505121069465,47.5196735714729,63.9597954717549,1000,4,"SSP3-7.0"
"CR-Ab","ssp370","Temperate Zone",2079,55.1143011120068,47.2916939162669,63.6931572643616,1000,4,"SSP3-7.0"
"CR-Ab","ssp370","Temperate Zone",2080,55.141379480843,47.2832405824309,63.5902459260165,1000,4,"SSP3-7.0"
"CR-Ab","ssp370","Temperate Zone",2081,55.0011912707619,47.120699306616,63.4513390648466,1000,4,"SSP3-7.0"
"CR-Ab","ssp370","Temperate Zone",2082,54.8781587204748,47.3486847331571,63.0432204724323,1000,4,"SSP3-7.0"
"CR-Ab","ssp370","Temperate Zone",2083,54.843419455602,47.3205606188646,63.1738601515966,1000,4,"SSP3-7.0"
"CR-Ab","ssp370","Temperate Zone",2084,54.8263045112206,47.2635337427182,63.5005459259582,1000,4,"SSP3-7.0"
"CR-Ab","ssp370","Temperate Zone",2085,54.8187281578078,47.5405424024245,63.0649457034816,1000,4,"SSP3-7.0"
"CR-Ab","ssp370","Temperate Zone",2086,54.8538833682085,47.7427119637242,63.20201722116,1000,4,"SSP3-7.0"
"CR-Ab","ssp370","Temperate Zone",2087,54.9025094016303,47.4344139130497,63.1607466070211,1000,4,"SSP3-7.0"
"CR-Ab","ssp370","Temperate Zone",2088,54.9483126946672,47.4705077235605,64.1048485608943,1000,4,"SSP3-7.0"
"CR-Ab","ssp370","Temperate Zone",2089,54.9670309103958,47.4802688079214,64.2893845148934,1000,4,"SSP3-7.0"
"CR-Ab","ssp370","Temperate Zone",2090,55.0212400373469,47.3005152655139,64.0465502859943,1000,4,"SSP3-7.0"
"CR-Ab","ssp370","Temperate Zone",2091,55.0798591922709,47.4808465708726,63.712825593943,1000,4,"SSP3-7.0"
"CR-Ab","ssp370","Temperate Zone",2092,55.0991269532656,47.6075992099114,63.9488677906831,1000,4,"SSP3-7.0"
"CR-Ab","ssp370","Temperate Zone",2093,55.0920850687638,47.6884172369389,63.7238435410833,1000,4,"SSP3-7.0"
"CR-Ab","ssp370","Temperate Zone",2094,55.1966742949102,47.9948633196394,63.3413222887986,1000,4,"SSP3-7.0"
"CR-Ab","ssp370","Temperate Zone",2095,55.1882752892398,47.9751819956432,63.4104466919983,1000,4,"SSP3-7.0"
"CR-Ab","ssp370","Temperate Zone",2096,55.2245519436883,47.8393673997514,63.4475626117356,1000,4,"SSP3-7.0"
"CR-Ab","ssp370","Temperate Zone",2097,55.2333334901079,47.8778552372305,64.2057274778071,1000,4,"SSP3-7.0"
"CR-Ab","ssp370","Temperate Zone",2098,55.2939902335202,47.8851083796595,64.1776552477627,1000,4,"SSP3-7.0"
"CR-Ab","ssp370","Temperate Zone",2099,55.3401448925304,47.5220846228096,64.5105375778423,1000,4,"SSP3-7.0"
"CR-Ab","ssp370","Temperate Zone",2100,55.3862609591729,47.8050778544448,64.5313800689865,1000,4,"SSP3-7.0"
"CR-Ab","ssp585","Temperate Zone",2020,52.0929352415596,51.875161809242,52.3101854300323,1000,4,"SSP5-8.5"
"CR-Ab","ssp585","Temperate Zone",2021,52.0815355529325,51.822727917168,52.358938889849,1000,4,"SSP5-8.5"
"CR-Ab","ssp585","Temperate Zone",2022,52.1657869445659,51.8031100809079,52.5318185493923,1000,4,"SSP5-8.5"
"CR-Ab","ssp585","Temperate Zone",2023,52.8862311102379,49.1685142584229,56.8628278100189,1000,4,"SSP5-8.5"
"CR-Ab","ssp585","Temperate Zone",2024,53.4372351214289,47.8409177285005,59.3089194405143,1000,4,"SSP5-8.5"
"CR-Ab","ssp585","Temperate Zone",2025,53.5059980280673,46.9412910057874,60.472077708972,1000,4,"SSP5-8.5"
"CR-Ab","ssp585","Temperate Zone",2026,54.0373193906739,46.5304422566645,62.1442109411161,1000,4,"SSP5-8.5"
"CR-Ab","ssp585","Temperate Zone",2027,54.4244649367971,45.4610968955204,64.1452122723541,1000,4,"SSP5-8.5"
"CR-Ab","ssp585","Temperate Zone",2028,54.6704439211728,45.3806092634613,63.9154764965027,1000,4,"SSP5-8.5"
"CR-Ab","ssp585","Temperate Zone",2029,55.25351637469,45.886086183814,65.3930569880278,1000,4,"SSP5-8.5"
"CR-Ab","ssp585","Temperate Zone",2030,55.4927361650324,45.8820522697682,66.1240762577096,1000,4,"SSP5-8.5"
"CR-Ab","ssp585","Temperate Zone",2031,55.3662654856619,45.9628973122709,65.6854362579193,1000,4,"SSP5-8.5"
"CR-Ab","ssp585","Temperate Zone",2032,55.4930740277054,45.8255670982903,66.4707350287285,1000,4,"SSP5-8.5"
"CR-Ab","ssp585","Temperate Zone",2033,55.5578997244989,45.5660611361764,66.4683949221605,1000,4,"SSP5-8.5"
"CR-Ab","ssp585","Temperate Zone",2034,55.6023239165176,45.9528260003482,66.7080084074344,1000,4,"SSP5-8.5"
"CR-Ab","ssp585","Temperate Zone",2035,55.650082064714,45.8242295348926,66.4356684716214,1000,4,"SSP5-8.5"
"CR-Ab","ssp585","Temperate Zone",2036,55.7074923259068,45.7002376841151,66.6368505504281,1000,4,"SSP5-8.5"
"CR-Ab","ssp585","Temperate Zone",2037,55.6098781373083,45.4568161843818,65.9908356483484,1000,4,"SSP5-8.5"
"CR-Ab","ssp585","Temperate Zone",2038,55.4822791478358,45.3733156869267,65.8474298848815,1000,4,"SSP5-8.5"
"CR-Ab","ssp585","Temperate Zone",2039,55.2791004644457,45.6224452133916,65.1976762671408,1000,4,"SSP5-8.5"
"CR-Ab","ssp585","Temperate Zone",2040,55.2100096195875,46.296434618317,64.6315234956437,1000,4,"SSP5-8.5"
"CR-Ab","ssp585","Temperate Zone",2041,55.2881521107298,46.6981673995846,64.3158407449732,1000,4,"SSP5-8.5"
"CR-Ab","ssp585","Temperate Zone",2042,55.5993706176378,46.5360370554464,64.6381571467058,1000,4,"SSP5-8.5"
"CR-Ab","ssp585","Temperate Zone",2043,55.6731468608077,46.8075747496454,64.3371453953823,1000,4,"SSP5-8.5"
"CR-Ab","ssp585","Temperate Zone",2044,55.8110082463695,46.8601872751904,64.276006712064,1000,4,"SSP5-8.5"
"CR-Ab","ssp585","Temperate Zone",2045,55.9116208903732,47.0248758207213,64.5031230259895,1000,4,"SSP5-8.5"
"CR-Ab","ssp585","Temperate Zone",2046,55.6091824247222,46.963037323813,63.5622954402688,1000,4,"SSP5-8.5"
"CR-Ab","ssp585","Temperate Zone",2047,55.7129990445098,47.0485985721934,63.6859005149314,1000,4,"SSP5-8.5"
"CR-Ab","ssp585","Temperate Zone",2048,55.5674803437387,46.8567874371404,63.2143492357893,1000,4,"SSP5-8.5"
"CR-Ab","ssp585","Temperate Zone",2049,55.7634962788873,46.8529730418384,63.6165930523915,1000,4,"SSP5-8.5"
"CR-Ab","ssp585","Temperate Zone",2050,55.7913458677589,47.4554608628809,63.6599817793733,1000,4,"SSP5-8.5"
"CR-Ab","ssp585","Temperate Zone",2051,55.7859131151104,47.4451623712145,63.4792855195659,1000,4,"SSP5-8.5"
"CR-Ab","ssp585","Temperate Zone",2052,55.9269179326253,47.5620715994904,63.8164052906986,1000,4,"SSP5-8.5"
"CR-Ab","ssp585","Temperate Zone",2053,56.431969348458,47.9038314207737,64.753332061263,1000,4,"SSP5-8.5"
"CR-Ab","ssp585","Temperate Zone",2054,56.2213660316704,48.2133416001299,64.4436625869584,1000,4,"SSP5-8.5"
"CR-Ab","ssp585","Temperate Zone",2055,56.24157324854,48.0415689072651,64.473529629114,1000,4,"SSP5-8.5"
"CR-Ab","ssp585","Temperate Zone",2056,56.3253322289695,48.2314031709157,64.7489077680989,1000,4,"SSP5-8.5"
"CR-Ab","ssp585","Temperate Zone",2057,56.3017439067998,48.3104053495381,64.502693291335,1000,4,"SSP5-8.5"
"CR-Ab","ssp585","Temperate Zone",2058,56.2342271837304,48.5885796279343,64.5646480620224,1000,4,"SSP5-8.5"
"CR-Ab","ssp585","Temperate Zone",2059,56.3393600922298,48.7032732765626,64.5069169274151,1000,4,"SSP5-8.5"
"CR-Ab","ssp585","Temperate Zone",2060,56.2429911111262,48.7766866832385,64.4388310383947,1000,4,"SSP5-8.5"
"CR-Ab","ssp585","Temperate Zone",2061,56.3831802574057,48.8540097801148,64.0843427885737,1000,4,"SSP5-8.5"
"CR-Ab","ssp585","Temperate Zone",2062,56.4625306200423,48.9372976590769,64.5007668620892,1000,4,"SSP5-8.5"
"CR-Ab","ssp585","Temperate Zone",2063,56.3980741431185,49.1276466932886,64.3312381610493,1000,4,"SSP5-8.5"
"CR-Ab","ssp585","Temperate Zone",2064,56.4352067268137,49.1899789589842,64.4514516035278,1000,4,"SSP5-8.5"
"CR-Ab","ssp585","Temperate Zone",2065,56.0717441460935,48.7094576782624,64.1968422305444,1000,4,"SSP5-8.5"
"CR-Ab","ssp585","Temperate Zone",2066,56.2743116635949,48.7745289563621,64.3388122561131,1000,4,"SSP5-8.5"
"CR-Ab","ssp585","Temperate Zone",2067,56.4506743607993,48.8939168744529,64.2694615014225,1000,4,"SSP5-8.5"
"CR-Ab","ssp585","Temperate Zone",2068,56.462584969473,48.8093430378208,64.663148642963,1000,4,"SSP5-8.5"
"CR-Ab","ssp585","Temperate Zone",2069,56.4476985116614,49.0351115893027,64.427143652391,1000,4,"SSP5-8.5"
"CR-Ab","ssp585","Temperate Zone",2070,56.34301582949,48.7087543160566,64.6764742041989,1000,4,"SSP5-8.5"
"CR-Ab","ssp585","Temperate Zone",2071,56.1834500324755,48.8827166075469,64.8466217036045,1000,4,"SSP5-8.5"
"CR-Ab","ssp585","Temperate Zone",2072,56.0145808502371,48.4945934721625,64.9764011986555,1000,4,"SSP5-8.5"
"CR-Ab","ssp585","Temperate Zone",2073,56.3447750221015,49.2878801601762,64.9093105166554,1000,4,"SSP5-8.5"
"CR-Ab","ssp585","Temperate Zone",2074,56.3980015405401,48.9413658490699,64.7129575464488,1000,4,"SSP5-8.5"
"CR-Ab","ssp585","Temperate Zone",2075,56.299681053765,48.8871960367422,64.5354954382107,1000,4,"SSP5-8.5"
"CR-Ab","ssp585","Temperate Zone",2076,56.4422137419653,48.9637176815672,65.0851576424433,1000,4,"SSP5-8.5"
"CR-Ab","ssp585","Temperate Zone",2077,56.248075859701,48.4101943535742,65.3523735273662,1000,4,"SSP5-8.5"
"CR-Ab","ssp585","Temperate Zone",2078,56.4341399711525,48.8893236736302,65.419947525482,1000,4,"SSP5-8.5"
"CR-Ab","ssp585","Temperate Zone",2079,56.3373783084514,48.4840173860674,65.3848374858532,1000,4,"SSP5-8.5"
"CR-Ab","ssp585","Temperate Zone",2080,56.3705814625839,48.0506121756436,65.1544592873125,1000,4,"SSP5-8.5"
"CR-Ab","ssp585","Temperate Zone",2081,56.4138433113105,48.1469348016161,64.8347916709794,1000,4,"SSP5-8.5"
"CR-Ab","ssp585","Temperate Zone",2082,56.4585992730264,48.0056007962718,64.9434765726716,1000,4,"SSP5-8.5"
"CR-Ab","ssp585","Temperate Zone",2083,56.5682317114246,48.1117448232406,65.2091174133257,1000,4,"SSP5-8.5"
"CR-Ab","ssp585","Temperate Zone",2084,56.5275141720957,48.4600295320472,65.6834260689982,1000,4,"SSP5-8.5"
"CR-Ab","ssp585","Temperate Zone",2085,56.5755159981984,48.7046831954663,65.8336015904148,1000,4,"SSP5-8.5"
"CR-Ab","ssp585","Temperate Zone",2086,56.532557303297,48.5576696711698,65.9266673713709,1000,4,"SSP5-8.5"
"CR-Ab","ssp585","Temperate Zone",2087,56.5489810965226,48.0956047612382,66.0219194505175,1000,4,"SSP5-8.5"
"CR-Ab","ssp585","Temperate Zone",2088,56.7133909480477,48.3504474125256,66.3892691602405,1000,4,"SSP5-8.5"
"CR-Ab","ssp585","Temperate Zone",2089,56.7703372481917,48.9430575913174,66.7218603389547,1000,4,"SSP5-8.5"
"CR-Ab","ssp585","Temperate Zone",2090,56.8346323153074,49.1533489678314,66.8157401623844,1000,4,"SSP5-8.5"
"CR-Ab","ssp585","Temperate Zone",2091,56.8604846833059,49.160794850595,67.0627954834979,1000,4,"SSP5-8.5"
"CR-Ab","ssp585","Temperate Zone",2092,56.8715965235822,48.7747390986092,66.9214973116828,1000,4,"SSP5-8.5"
"CR-Ab","ssp585","Temperate Zone",2093,56.9029484552318,48.9061008752149,66.8250546532086,1000,4,"SSP5-8.5"
"CR-Ab","ssp585","Temperate Zone",2094,56.9019644557112,48.9176163472165,66.2910954006623,1000,4,"SSP5-8.5"
"CR-Ab","ssp585","Temperate Zone",2095,56.9094652709133,48.7717571120437,66.3770333932681,1000,4,"SSP5-8.5"
"CR-Ab","ssp585","Temperate Zone",2096,56.9115854138993,49.2187406435862,66.0859015821124,1000,4,"SSP5-8.5"
"CR-Ab","ssp585","Temperate Zone",2097,56.9247644938117,49.0059321763636,65.8991172684305,1000,4,"SSP5-8.5"
"CR-Ab","ssp585","Temperate Zone",2098,56.9010440228183,49.1954559993142,65.7660265870685,1000,4,"SSP5-8.5"
"CR-Ab","ssp585","Temperate Zone",2099,56.8964087298897,49.2262269363905,65.8074991710199,1000,4,"SSP5-8.5"
"CR-Ab","ssp585","Temperate Zone",2100,57.0675293622907,49.0971162193382,65.0414275853458,1000,4,"SSP5-8.5"
"CR-Ec","ssp126","Temperate Zone",2020,1.34630480769104,1.30946994811321,1.38157569289302,1000,4,"SSP1-2.6"
"CR-Ec","ssp126","Temperate Zone",2021,1.34350690974158,1.30516639968706,1.38088244288231,1000,4,"SSP1-2.6"
"CR-Ec","ssp126","Temperate Zone",2022,1.34234897138911,1.29725906158579,1.38683086490566,1000,4,"SSP1-2.6"
"CR-Ec","ssp126","Temperate Zone",2023,1.32474507633082,1.27353864205081,1.37491023462812,1000,4,"SSP1-2.6"
"CR-Ec","ssp126","Temperate Zone",2024,1.31277381807412,1.25470976513331,1.36562576601438,1000,4,"SSP1-2.6"
"CR-Ec","ssp126","Temperate Zone",2025,1.30334596732009,1.24066929172026,1.36204408546107,1000,4,"SSP1-2.6"
"CR-Ec","ssp126","Temperate Zone",2026,1.29675970970271,1.22937621853998,1.35644688817457,1000,4,"SSP1-2.6"
"CR-Ec","ssp126","Temperate Zone",2027,1.29231766336439,1.22500966335549,1.35864137663521,1000,4,"SSP1-2.6"
"CR-Ec","ssp126","Temperate Zone",2028,1.28940783662289,1.21629078521975,1.3535722695282,1000,4,"SSP1-2.6"
"CR-Ec","ssp126","Temperate Zone",2029,1.2877481037328,1.21437354615232,1.35324677272233,1000,4,"SSP1-2.6"
"CR-Ec","ssp126","Temperate Zone",2030,1.28633300566601,1.21421300020951,1.35540706441798,1000,4,"SSP1-2.6"
"CR-Ec","ssp126","Temperate Zone",2031,1.28564781181093,1.21419201688554,1.35712827328072,1000,4,"SSP1-2.6"
"CR-Ec","ssp126","Temperate Zone",2032,1.28561036370815,1.21352397768341,1.35226577897411,1000,4,"SSP1-2.6"
"CR-Ec","ssp126","Temperate Zone",2033,1.28651486201074,1.21283715496636,1.35540892525923,1000,4,"SSP1-2.6"
"CR-Ec","ssp126","Temperate Zone",2034,1.28681015084137,1.21382224797542,1.3566415576492,1000,4,"SSP1-2.6"
"CR-Ec","ssp126","Temperate Zone",2035,1.28679339380361,1.21389200513624,1.35454027202198,1000,4,"SSP1-2.6"
"CR-Ec","ssp126","Temperate Zone",2036,1.28824911235971,1.2197608089019,1.35379320330409,1000,4,"SSP1-2.6"
"CR-Ec","ssp126","Temperate Zone",2037,1.28897504970365,1.2186513995161,1.35876711290373,1000,4,"SSP1-2.6"
"CR-Ec","ssp126","Temperate Zone",2038,1.28987150155108,1.21989500150789,1.35720317869901,1000,4,"SSP1-2.6"
"CR-Ec","ssp126","Temperate Zone",2039,1.29036603423327,1.22245488058788,1.3566308118759,1000,4,"SSP1-2.6"
"CR-Ec","ssp126","Temperate Zone",2040,1.29027573766597,1.21876815412161,1.3609177451262,1000,4,"SSP1-2.6"
"CR-Ec","ssp126","Temperate Zone",2041,1.29118556765554,1.22196417969689,1.36466316185502,1000,4,"SSP1-2.6"
"CR-Ec","ssp126","Temperate Zone",2042,1.29272522507334,1.22101142753495,1.36905548218142,1000,4,"SSP1-2.6"
"CR-Ec","ssp126","Temperate Zone",2043,1.29414830174601,1.22148795524632,1.36779184144404,1000,4,"SSP1-2.6"
"CR-Ec","ssp126","Temperate Zone",2044,1.29473345865231,1.21829212309208,1.36703529405713,1000,4,"SSP1-2.6"
"CR-Ec","ssp126","Temperate Zone",2045,1.2953396279034,1.21630850481295,1.3693286839434,1000,4,"SSP1-2.6"
"CR-Ec","ssp126","Temperate Zone",2046,1.29649767155321,1.2195636330624,1.37322777177407,1000,4,"SSP1-2.6"
"CR-Ec","ssp126","Temperate Zone",2047,1.29710146573338,1.22547338613236,1.37179407957943,1000,4,"SSP1-2.6"
"CR-Ec","ssp126","Temperate Zone",2048,1.29768173770635,1.22563118546219,1.37286759415367,1000,4,"SSP1-2.6"
"CR-Ec","ssp126","Temperate Zone",2049,1.29900779494972,1.22884720077168,1.37253122134733,1000,4,"SSP1-2.6"
"CR-Ec","ssp126","Temperate Zone",2050,1.3006901439852,1.22381811559481,1.3756033140831,1000,4,"SSP1-2.6"
"CR-Ec","ssp126","Temperate Zone",2051,1.30251037628762,1.22978349181342,1.38099509027813,1000,4,"SSP1-2.6"
"CR-Ec","ssp126","Temperate Zone",2052,1.30409323072687,1.23362207316968,1.3849910946474,1000,4,"SSP1-2.6"
"CR-Ec","ssp126","Temperate Zone",2053,1.30513975916736,1.23176801187336,1.38376600592214,1000,4,"SSP1-2.6"
"CR-Ec","ssp126","Temperate Zone",2054,1.30710236095366,1.23393467515044,1.38221022168763,1000,4,"SSP1-2.6"
"CR-Ec","ssp126","Temperate Zone",2055,1.30836289974279,1.23774426132296,1.38630351461038,1000,4,"SSP1-2.6"
"CR-Ec","ssp126","Temperate Zone",2056,1.30940296746781,1.23918876287273,1.38848471398141,1000,4,"SSP1-2.6"
"CR-Ec","ssp126","Temperate Zone",2057,1.31061211947453,1.23638172792236,1.38346658918719,1000,4,"SSP1-2.6"
"CR-Ec","ssp126","Temperate Zone",2058,1.31170330745,1.23755903828941,1.38751114939214,1000,4,"SSP1-2.6"
"CR-Ec","ssp126","Temperate Zone",2059,1.31196149062418,1.23645689137696,1.38656462782009,1000,4,"SSP1-2.6"
"CR-Ec","ssp126","Temperate Zone",2060,1.3133435220958,1.23775219330639,1.38613340795632,1000,4,"SSP1-2.6"
"CR-Ec","ssp126","Temperate Zone",2061,1.31455872802486,1.23940628164291,1.38513502035024,1000,4,"SSP1-2.6"
"CR-Ec","ssp126","Temperate Zone",2062,1.3149011273487,1.24163446876068,1.38651326341549,1000,4,"SSP1-2.6"
"CR-Ec","ssp126","Temperate Zone",2063,1.31553697631084,1.24617968669953,1.38607179364717,1000,4,"SSP1-2.6"
"CR-Ec","ssp126","Temperate Zone",2064,1.31493716936984,1.24144522531181,1.38584160437443,1000,4,"SSP1-2.6"
"CR-Ec","ssp126","Temperate Zone",2065,1.31457921828121,1.24602334399089,1.38406167265596,1000,4,"SSP1-2.6"
"CR-Ec","ssp126","Temperate Zone",2066,1.31382122406168,1.24394616886364,1.38290021457183,1000,4,"SSP1-2.6"
"CR-Ec","ssp126","Temperate Zone",2067,1.31328797841198,1.2458505908771,1.38148751437727,1000,4,"SSP1-2.6"
"CR-Ec","ssp126","Temperate Zone",2068,1.31283281087211,1.24239348410029,1.38249884029521,1000,4,"SSP1-2.6"
"CR-Ec","ssp126","Temperate Zone",2069,1.31138305419866,1.23917909607892,1.38046655935926,1000,4,"SSP1-2.6"
"CR-Ec","ssp126","Temperate Zone",2070,1.31108576611543,1.24115348858908,1.38035244450526,1000,4,"SSP1-2.6"
"CR-Ec","ssp126","Temperate Zone",2071,1.31038098907803,1.23765167347229,1.38204451792824,1000,4,"SSP1-2.6"
"CR-Ec","ssp126","Temperate Zone",2072,1.31060386781963,1.23852148383385,1.38626327973559,1000,4,"SSP1-2.6"
"CR-Ec","ssp126","Temperate Zone",2073,1.30970484003896,1.23807479462539,1.3837843813729,1000,4,"SSP1-2.6"
"CR-Ec","ssp126","Temperate Zone",2074,1.30918657517375,1.23641387806766,1.38136422931528,1000,4,"SSP1-2.6"
"CR-Ec","ssp126","Temperate Zone",2075,1.30773574031236,1.2343591687884,1.38111338950204,1000,4,"SSP1-2.6"
"CR-Ec","ssp126","Temperate Zone",2076,1.30618982243448,1.23446796893274,1.38211440787016,1000,4,"SSP1-2.6"
"CR-Ec","ssp126","Temperate Zone",2077,1.30573274819237,1.23509656582971,1.38004839867127,1000,4,"SSP1-2.6"
"CR-Ec","ssp126","Temperate Zone",2078,1.30481608005493,1.23221443062735,1.37796535858853,1000,4,"SSP1-2.6"
"CR-Ec","ssp126","Temperate Zone",2079,1.30411594109997,1.23066499092162,1.37939574792668,1000,4,"SSP1-2.6"
"CR-Ec","ssp126","Temperate Zone",2080,1.30333702300287,1.23360315021907,1.37535464331551,1000,4,"SSP1-2.6"
"CR-Ec","ssp126","Temperate Zone",2081,1.30279558113761,1.23158379428108,1.3726399032883,1000,4,"SSP1-2.6"
"CR-Ec","ssp126","Temperate Zone",2082,1.30279115806119,1.2315276027401,1.37342294750594,1000,4,"SSP1-2.6"
"CR-Ec","ssp126","Temperate Zone",2083,1.30093551116045,1.2282046811222,1.37356178730953,1000,4,"SSP1-2.6"
"CR-Ec","ssp126","Temperate Zone",2084,1.29952383244583,1.22998323409777,1.37248159499154,1000,4,"SSP1-2.6"
"CR-Ec","ssp126","Temperate Zone",2085,1.29811331394704,1.22845710893481,1.37149937868368,1000,4,"SSP1-2.6"
"CR-Ec","ssp126","Temperate Zone",2086,1.29684020401199,1.22840748434772,1.36481441657834,1000,4,"SSP1-2.6"
"CR-Ec","ssp126","Temperate Zone",2087,1.29681191129723,1.2254929920171,1.36733040918114,1000,4,"SSP1-2.6"
"CR-Ec","ssp126","Temperate Zone",2088,1.29680585493043,1.22583092646783,1.37021803450283,1000,4,"SSP1-2.6"
"CR-Ec","ssp126","Temperate Zone",2089,1.2962133987453,1.22356358325597,1.36914703505232,1000,4,"SSP1-2.6"
"CR-Ec","ssp126","Temperate Zone",2090,1.29512402446487,1.22764519199281,1.36814778998135,1000,4,"SSP1-2.6"
"CR-Ec","ssp126","Temperate Zone",2091,1.29390964346443,1.21833830933701,1.36860585246222,1000,4,"SSP1-2.6"
"CR-Ec","ssp126","Temperate Zone",2092,1.2933652341205,1.22283314154337,1.36968729033659,1000,4,"SSP1-2.6"
"CR-Ec","ssp126","Temperate Zone",2093,1.29219352648626,1.21758707687389,1.36791726651218,1000,4,"SSP1-2.6"
"CR-Ec","ssp126","Temperate Zone",2094,1.29238277422351,1.21956839128023,1.36766716896863,1000,4,"SSP1-2.6"
"CR-Ec","ssp126","Temperate Zone",2095,1.29108497981073,1.21765327577747,1.36678988517772,1000,4,"SSP1-2.6"
"CR-Ec","ssp126","Temperate Zone",2096,1.2900552788177,1.21719603431438,1.3661426584855,1000,4,"SSP1-2.6"
"CR-Ec","ssp126","Temperate Zone",2097,1.28975443420084,1.21578451525809,1.36209576469304,1000,4,"SSP1-2.6"
"CR-Ec","ssp126","Temperate Zone",2098,1.28891794886611,1.22056237234513,1.35846649608484,1000,4,"SSP1-2.6"
"CR-Ec","ssp126","Temperate Zone",2099,1.28807260683497,1.2203423963268,1.35998891642008,1000,4,"SSP1-2.6"
"CR-Ec","ssp126","Temperate Zone",2100,1.28743517316796,1.21872369170959,1.35505588643888,1000,4,"SSP1-2.6"
"CR-Ec","ssp245","Temperate Zone",2020,1.32542558779902,1.26708229214431,1.38709370056592,1000,4,"SSP2-4.5"
"CR-Ec","ssp245","Temperate Zone",2021,1.32866318065035,1.27612128665654,1.38230199844691,1000,4,"SSP2-4.5"
"CR-Ec","ssp245","Temperate Zone",2022,1.33149996152827,1.2716883174847,1.38671883609864,1000,4,"SSP2-4.5"
"CR-Ec","ssp245","Temperate Zone",2023,1.31476108792233,1.25439177917522,1.37626181837244,1000,4,"SSP2-4.5"
"CR-Ec","ssp245","Temperate Zone",2024,1.30339139449272,1.23651529915093,1.3700852420082,1000,4,"SSP2-4.5"
"CR-Ec","ssp245","Temperate Zone",2025,1.29383917707175,1.2233084935655,1.36567688280251,1000,4,"SSP2-4.5"
"CR-Ec","ssp245","Temperate Zone",2026,1.28975876159749,1.21664060902107,1.36320323449481,1000,4,"SSP2-4.5"
"CR-Ec","ssp245","Temperate Zone",2027,1.28749974672289,1.21219041310081,1.36286454882122,1000,4,"SSP2-4.5"
"CR-Ec","ssp245","Temperate Zone",2028,1.28651410913143,1.21206267512317,1.36197228636162,1000,4,"SSP2-4.5"
"CR-Ec","ssp245","Temperate Zone",2029,1.28652509538461,1.20711935068761,1.36447195609896,1000,4,"SSP2-4.5"
"CR-Ec","ssp245","Temperate Zone",2030,1.28651713038539,1.20641824784501,1.36631906214856,1000,4,"SSP2-4.5"
"CR-Ec","ssp245","Temperate Zone",2031,1.28676387145682,1.20846011184334,1.36802199948188,1000,4,"SSP2-4.5"
"CR-Ec","ssp245","Temperate Zone",2032,1.28842916037316,1.20939594769423,1.37320583045772,1000,4,"SSP2-4.5"
"CR-Ec","ssp245","Temperate Zone",2033,1.29083728811318,1.20845553481712,1.36868078960213,1000,4,"SSP2-4.5"
"CR-Ec","ssp245","Temperate Zone",2034,1.29243287681209,1.21001435333297,1.37079934322205,1000,4,"SSP2-4.5"
"CR-Ec","ssp245","Temperate Zone",2035,1.29337657733756,1.21240451179397,1.37812236650576,1000,4,"SSP2-4.5"
"CR-Ec","ssp245","Temperate Zone",2036,1.29577487069127,1.21741343006079,1.37960291748638,1000,4,"SSP2-4.5"
"CR-Ec","ssp245","Temperate Zone",2037,1.29913976541312,1.22143349455241,1.38314523929273,1000,4,"SSP2-4.5"
"CR-Ec","ssp245","Temperate Zone",2038,1.30233134571268,1.21873129661403,1.38436131910148,1000,4,"SSP2-4.5"
"CR-Ec","ssp245","Temperate Zone",2039,1.30524823302458,1.22023652464873,1.38862820302159,1000,4,"SSP2-4.5"
"CR-Ec","ssp245","Temperate Zone",2040,1.30685298741764,1.21784054565911,1.39225817771435,1000,4,"SSP2-4.5"
"CR-Ec","ssp245","Temperate Zone",2041,1.30849267085371,1.21966048289756,1.39959763946928,1000,4,"SSP2-4.5"
"CR-Ec","ssp245","Temperate Zone",2042,1.31270253893858,1.23232742232485,1.40452586646202,1000,4,"SSP2-4.5"
"CR-Ec","ssp245","Temperate Zone",2043,1.31682249794466,1.23471694570228,1.40933324063665,1000,4,"SSP2-4.5"
"CR-Ec","ssp245","Temperate Zone",2044,1.31823562651169,1.23399626621922,1.4068268628231,1000,4,"SSP2-4.5"
"CR-Ec","ssp245","Temperate Zone",2045,1.32044900715793,1.2353406793089,1.40969430331704,1000,4,"SSP2-4.5"
"CR-Ec","ssp245","Temperate Zone",2046,1.32293872489406,1.24041350133929,1.41008221803216,1000,4,"SSP2-4.5"
"CR-Ec","ssp245","Temperate Zone",2047,1.32453205481975,1.24322987467451,1.41526109162412,1000,4,"SSP2-4.5"
"CR-Ec","ssp245","Temperate Zone",2048,1.32739891172332,1.24255856431786,1.41517750911894,1000,4,"SSP2-4.5"
"CR-Ec","ssp245","Temperate Zone",2049,1.33100273244523,1.23939875625076,1.41664231197957,1000,4,"SSP2-4.5"
"CR-Ec","ssp245","Temperate Zone",2050,1.33331678601614,1.24388347736194,1.41637983646263,1000,4,"SSP2-4.5"
"CR-Ec","ssp245","Temperate Zone",2051,1.33571490435379,1.24605338674665,1.42100344720392,1000,4,"SSP2-4.5"
"CR-Ec","ssp245","Temperate Zone",2052,1.33854555726364,1.25291673994232,1.42211506201565,1000,4,"SSP2-4.5"
"CR-Ec","ssp245","Temperate Zone",2053,1.34095199933905,1.25304867842306,1.42500134600514,1000,4,"SSP2-4.5"
"CR-Ec","ssp245","Temperate Zone",2054,1.3423439844422,1.25370844023086,1.43030398714317,1000,4,"SSP2-4.5"
"CR-Ec","ssp245","Temperate Zone",2055,1.34355467944663,1.2604873153365,1.43138878987077,1000,4,"SSP2-4.5"
"CR-Ec","ssp245","Temperate Zone",2056,1.34582254125547,1.26533764866643,1.42785166680868,1000,4,"SSP2-4.5"
"CR-Ec","ssp245","Temperate Zone",2057,1.34839215405221,1.2639046290891,1.437164087897,1000,4,"SSP2-4.5"
"CR-Ec","ssp245","Temperate Zone",2058,1.35088154902594,1.26216067830551,1.43965904265649,1000,4,"SSP2-4.5"
"CR-Ec","ssp245","Temperate Zone",2059,1.353170819587,1.26621100996775,1.44312321815277,1000,4,"SSP2-4.5"
"CR-Ec","ssp245","Temperate Zone",2060,1.35623342056391,1.26702426451701,1.44933619825147,1000,4,"SSP2-4.5"
"CR-Ec","ssp245","Temperate Zone",2061,1.3599521650683,1.27548339246319,1.45076190235638,1000,4,"SSP2-4.5"
"CR-Ec","ssp245","Temperate Zone",2062,1.36133530977305,1.27716612755328,1.44948153847818,1000,4,"SSP2-4.5"
"CR-Ec","ssp245","Temperate Zone",2063,1.36185129830736,1.2743856609124,1.45287671928636,1000,4,"SSP2-4.5"
"CR-Ec","ssp245","Temperate Zone",2064,1.36299437116527,1.2729203215893,1.45728778916669,1000,4,"SSP2-4.5"
"CR-Ec","ssp245","Temperate Zone",2065,1.36401888850583,1.27474314818777,1.45758086846803,1000,4,"SSP2-4.5"
"CR-Ec","ssp245","Temperate Zone",2066,1.36545115137388,1.27786698303919,1.45872991313763,1000,4,"SSP2-4.5"
"CR-Ec","ssp245","Temperate Zone",2067,1.36532820838034,1.28016470643859,1.45561651103712,1000,4,"SSP2-4.5"
"CR-Ec","ssp245","Temperate Zone",2068,1.36554120022905,1.27769297878012,1.45439760240819,1000,4,"SSP2-4.5"
"CR-Ec","ssp245","Temperate Zone",2069,1.36588969824711,1.28067842253009,1.45737642434037,1000,4,"SSP2-4.5"
"CR-Ec","ssp245","Temperate Zone",2070,1.36697058374018,1.28444599306029,1.45647299156316,1000,4,"SSP2-4.5"
"CR-Ec","ssp245","Temperate Zone",2071,1.36821910830725,1.28097836308902,1.45622919567751,1000,4,"SSP2-4.5"
"CR-Ec","ssp245","Temperate Zone",2072,1.36941516780487,1.28548082260755,1.46052442968714,1000,4,"SSP2-4.5"
"CR-Ec","ssp245","Temperate Zone",2073,1.37019846437748,1.28651584455939,1.45587810421421,1000,4,"SSP2-4.5"
"CR-Ec","ssp245","Temperate Zone",2074,1.37132639513822,1.28292349778724,1.46438241358308,1000,4,"SSP2-4.5"
"CR-Ec","ssp245","Temperate Zone",2075,1.37175585872079,1.28772363641165,1.46257845463195,1000,4,"SSP2-4.5"
"CR-Ec","ssp245","Temperate Zone",2076,1.37107937925622,1.29361703408353,1.46162536221194,1000,4,"SSP2-4.5"
"CR-Ec","ssp245","Temperate Zone",2077,1.37190824694414,1.29264261548016,1.46135246564322,1000,4,"SSP2-4.5"
"CR-Ec","ssp245","Temperate Zone",2078,1.37235511836179,1.29099168084654,1.45977372051104,1000,4,"SSP2-4.5"
"CR-Ec","ssp245","Temperate Zone",2079,1.37239792341915,1.28575240223112,1.46287990466859,1000,4,"SSP2-4.5"
"CR-Ec","ssp245","Temperate Zone",2080,1.37306866755937,1.28629863746791,1.46282004862241,1000,4,"SSP2-4.5"
"CR-Ec","ssp245","Temperate Zone",2081,1.37392705199015,1.2847778016509,1.46237056742104,1000,4,"SSP2-4.5"
"CR-Ec","ssp245","Temperate Zone",2082,1.37523030346738,1.2833978919098,1.46591786741604,1000,4,"SSP2-4.5"
"CR-Ec","ssp245","Temperate Zone",2083,1.37494828615742,1.28815832897108,1.46355872644015,1000,4,"SSP2-4.5"
"CR-Ec","ssp245","Temperate Zone",2084,1.37453639748221,1.29076271499179,1.45935512480277,1000,4,"SSP2-4.5"
"CR-Ec","ssp245","Temperate Zone",2085,1.37558442317845,1.28376615321307,1.46130430700927,1000,4,"SSP2-4.5"
"CR-Ec","ssp245","Temperate Zone",2086,1.37560043621387,1.28572805288836,1.46016383070406,1000,4,"SSP2-4.5"
"CR-Ec","ssp245","Temperate Zone",2087,1.37664716551798,1.29128474267792,1.46055808865347,1000,4,"SSP2-4.5"
"CR-Ec","ssp245","Temperate Zone",2088,1.37752007279879,1.29743188013445,1.46315690976152,1000,4,"SSP2-4.5"
"CR-Ec","ssp245","Temperate Zone",2089,1.37727234514193,1.29951618573122,1.45667467910585,1000,4,"SSP2-4.5"
"CR-Ec","ssp245","Temperate Zone",2090,1.37656407973028,1.29740295355139,1.45379086815182,1000,4,"SSP2-4.5"
"CR-Ec","ssp245","Temperate Zone",2091,1.3766860170684,1.29072831759905,1.4604304968752,1000,4,"SSP2-4.5"
"CR-Ec","ssp245","Temperate Zone",2092,1.37650274916982,1.29370745857267,1.46456663148608,1000,4,"SSP2-4.5"
"CR-Ec","ssp245","Temperate Zone",2093,1.37800635006596,1.29348634514358,1.46342274061525,1000,4,"SSP2-4.5"
"CR-Ec","ssp245","Temperate Zone",2094,1.37801258752352,1.2887419717092,1.46285073754844,1000,4,"SSP2-4.5"
"CR-Ec","ssp245","Temperate Zone",2095,1.37901256756172,1.29102992425924,1.46310695865114,1000,4,"SSP2-4.5"
"CR-Ec","ssp245","Temperate Zone",2096,1.38064344409804,1.29829288303466,1.47162309307342,1000,4,"SSP2-4.5"
"CR-Ec","ssp245","Temperate Zone",2097,1.38084938832325,1.29558141017365,1.46930522739889,1000,4,"SSP2-4.5"
"CR-Ec","ssp245","Temperate Zone",2098,1.38115807292803,1.29785476564311,1.4676619961492,1000,4,"SSP2-4.5"
"CR-Ec","ssp245","Temperate Zone",2099,1.38206147532746,1.29977351987362,1.46730085634053,1000,4,"SSP2-4.5"
"CR-Ec","ssp245","Temperate Zone",2100,1.38285281540631,1.30170032520212,1.46979734460146,1000,4,"SSP2-4.5"
"CR-Ec","ssp370","Temperate Zone",2020,1.34123507377599,1.30574041942801,1.37808413531459,1000,4,"SSP3-7.0"
"CR-Ec","ssp370","Temperate Zone",2021,1.33968271815387,1.3028441960314,1.37818536732824,1000,4,"SSP3-7.0"
"CR-Ec","ssp370","Temperate Zone",2022,1.33816945325674,1.28749091263531,1.38774897373046,1000,4,"SSP3-7.0"
"CR-Ec","ssp370","Temperate Zone",2023,1.31555122959677,1.25324473818751,1.37300765905981,1000,4,"SSP3-7.0"
"CR-Ec","ssp370","Temperate Zone",2024,1.30149828840116,1.23323195340814,1.36958705778887,1000,4,"SSP3-7.0"
"CR-Ec","ssp370","Temperate Zone",2025,1.29247455889959,1.21498693056446,1.36672697731019,1000,4,"SSP3-7.0"
"CR-Ec","ssp370","Temperate Zone",2026,1.28814996532473,1.2060432515213,1.36603927715282,1000,4,"SSP3-7.0"
"CR-Ec","ssp370","Temperate Zone",2027,1.2850678487804,1.19633861747751,1.36774447096112,1000,4,"SSP3-7.0"
"CR-Ec","ssp370","Temperate Zone",2028,1.2844174976557,1.19560636775448,1.37552690805802,1000,4,"SSP3-7.0"
"CR-Ec","ssp370","Temperate Zone",2029,1.28418120649069,1.20075497147825,1.37774759597147,1000,4,"SSP3-7.0"
"CR-Ec","ssp370","Temperate Zone",2030,1.28601923379203,1.20495648965047,1.37823782242695,1000,4,"SSP3-7.0"
"CR-Ec","ssp370","Temperate Zone",2031,1.28839023380209,1.20427111505652,1.37929709077717,1000,4,"SSP3-7.0"
"CR-Ec","ssp370","Temperate Zone",2032,1.29138440663944,1.2074817797704,1.37946680792001,1000,4,"SSP3-7.0"
"CR-Ec","ssp370","Temperate Zone",2033,1.29416151281774,1.21049660505625,1.38082589534473,1000,4,"SSP3-7.0"
"CR-Ec","ssp370","Temperate Zone",2034,1.2973414040487,1.21203336094049,1.38440626590894,1000,4,"SSP3-7.0"
"CR-Ec","ssp370","Temperate Zone",2035,1.30040450163385,1.21635249143258,1.39182784169282,1000,4,"SSP3-7.0"
"CR-Ec","ssp370","Temperate Zone",2036,1.30314621139897,1.21821816883221,1.39777576456549,1000,4,"SSP3-7.0"
"CR-Ec","ssp370","Temperate Zone",2037,1.30555506551525,1.21780027833952,1.40243443609213,1000,4,"SSP3-7.0"
"CR-Ec","ssp370","Temperate Zone",2038,1.30911112551861,1.22228177272769,1.4025211079248,1000,4,"SSP3-7.0"
"CR-Ec","ssp370","Temperate Zone",2039,1.31201259329769,1.22499852585003,1.40341614914725,1000,4,"SSP3-7.0"
"CR-Ec","ssp370","Temperate Zone",2040,1.31394490458252,1.22819184177528,1.40564270350833,1000,4,"SSP3-7.0"
"CR-Ec","ssp370","Temperate Zone",2041,1.31645674429427,1.23056024531835,1.40063579175786,1000,4,"SSP3-7.0"
"CR-Ec","ssp370","Temperate Zone",2042,1.31950556497438,1.23283447333884,1.40907600245334,1000,4,"SSP3-7.0"
"CR-Ec","ssp370","Temperate Zone",2043,1.32325179163431,1.2352451659897,1.41695766130651,1000,4,"SSP3-7.0"
"CR-Ec","ssp370","Temperate Zone",2044,1.3260835970915,1.23390370329203,1.41972580177869,1000,4,"SSP3-7.0"
"CR-Ec","ssp370","Temperate Zone",2045,1.32881322791351,1.23256577852202,1.42223370907861,1000,4,"SSP3-7.0"
"CR-Ec","ssp370","Temperate Zone",2046,1.33251832997016,1.2390426484266,1.42561003891686,1000,4,"SSP3-7.0"
"CR-Ec","ssp370","Temperate Zone",2047,1.33549776984221,1.24357447795695,1.42987677879623,1000,4,"SSP3-7.0"
"CR-Ec","ssp370","Temperate Zone",2048,1.33808035151945,1.24493804665203,1.4237843335264,1000,4,"SSP3-7.0"
"CR-Ec","ssp370","Temperate Zone",2049,1.34087219054186,1.25136290325694,1.42725559595565,1000,4,"SSP3-7.0"
"CR-Ec","ssp370","Temperate Zone",2050,1.34385822234899,1.25356711958153,1.43998744343123,1000,4,"SSP3-7.0"
"CR-Ec","ssp370","Temperate Zone",2051,1.34917667092694,1.25815179891689,1.44974254703614,1000,4,"SSP3-7.0"
"CR-Ec","ssp370","Temperate Zone",2052,1.35303137423231,1.25949299884022,1.45208497704669,1000,4,"SSP3-7.0"
"CR-Ec","ssp370","Temperate Zone",2053,1.3575069767435,1.26380473782306,1.45506885462618,1000,4,"SSP3-7.0"
"CR-Ec","ssp370","Temperate Zone",2054,1.36206996138905,1.26938132999831,1.45340369559004,1000,4,"SSP3-7.0"
"CR-Ec","ssp370","Temperate Zone",2055,1.36511863242105,1.26989419373861,1.45666401648203,1000,4,"SSP3-7.0"
"CR-Ec","ssp370","Temperate Zone",2056,1.36635545970857,1.2721831617871,1.45502530034764,1000,4,"SSP3-7.0"
"CR-Ec","ssp370","Temperate Zone",2057,1.36778066391012,1.26715674490115,1.46605883139452,1000,4,"SSP3-7.0"
"CR-Ec","ssp370","Temperate Zone",2058,1.37167504999816,1.27021854322748,1.47330923090248,1000,4,"SSP3-7.0"
"CR-Ec","ssp370","Temperate Zone",2059,1.37303555109102,1.27694605288371,1.47378806753222,1000,4,"SSP3-7.0"
"CR-Ec","ssp370","Temperate Zone",2060,1.37464302762975,1.28333704965423,1.47298706886313,1000,4,"SSP3-7.0"
"CR-Ec","ssp370","Temperate Zone",2061,1.3771352578374,1.28438611390405,1.47460789834362,1000,4,"SSP3-7.0"
"CR-Ec","ssp370","Temperate Zone",2062,1.37852588989639,1.28686265519813,1.47638398752351,1000,4,"SSP3-7.0"
"CR-Ec","ssp370","Temperate Zone",2063,1.38050980309276,1.28832222380598,1.47945425530254,1000,4,"SSP3-7.0"
"CR-Ec","ssp370","Temperate Zone",2064,1.38210796909441,1.28785240000289,1.47730833556399,1000,4,"SSP3-7.0"
"CR-Ec","ssp370","Temperate Zone",2065,1.38463625369955,1.29357373103328,1.48221973502621,1000,4,"SSP3-7.0"
"CR-Ec","ssp370","Temperate Zone",2066,1.38617614670546,1.29120612064793,1.48135105303862,1000,4,"SSP3-7.0"
"CR-Ec","ssp370","Temperate Zone",2067,1.38805002187644,1.29227963476194,1.47779024101668,1000,4,"SSP3-7.0"
"CR-Ec","ssp370","Temperate Zone",2068,1.39121087653621,1.29797428302461,1.48080948194805,1000,4,"SSP3-7.0"
"CR-Ec","ssp370","Temperate Zone",2069,1.39251181101411,1.29922892869411,1.48232181439758,1000,4,"SSP3-7.0"
"CR-Ec","ssp370","Temperate Zone",2070,1.39495856635784,1.30641912096153,1.48213364428947,1000,4,"SSP3-7.0"
"CR-Ec","ssp370","Temperate Zone",2071,1.39520648963206,1.30579442332108,1.48449348672082,1000,4,"SSP3-7.0"
"CR-Ec","ssp370","Temperate Zone",2072,1.39544710377357,1.30397791401277,1.48975825230876,1000,4,"SSP3-7.0"
"CR-Ec","ssp370","Temperate Zone",2073,1.39578439865625,1.30672913020769,1.48929655595468,1000,4,"SSP3-7.0"
"CR-Ec","ssp370","Temperate Zone",2074,1.39641480332405,1.30684165613301,1.48634707733402,1000,4,"SSP3-7.0"
"CR-Ec","ssp370","Temperate Zone",2075,1.39700109954306,1.30746439172069,1.4909725701905,1000,4,"SSP3-7.0"
"CR-Ec","ssp370","Temperate Zone",2076,1.39691488431828,1.30120954949468,1.49003628486035,1000,4,"SSP3-7.0"
"CR-Ec","ssp370","Temperate Zone",2077,1.39682066875018,1.29831270381583,1.49169702606225,1000,4,"SSP3-7.0"
"CR-Ec","ssp370","Temperate Zone",2078,1.39895036186557,1.29875269242845,1.49362683654904,1000,4,"SSP3-7.0"
"CR-Ec","ssp370","Temperate Zone",2079,1.40052870467612,1.29730519540025,1.48584202538052,1000,4,"SSP3-7.0"
"CR-Ec","ssp370","Temperate Zone",2080,1.40329276013012,1.2990200487445,1.49684552100724,1000,4,"SSP3-7.0"
"CR-Ec","ssp370","Temperate Zone",2081,1.40521193410284,1.30954691983133,1.50743741264012,1000,4,"SSP3-7.0"
"CR-Ec","ssp370","Temperate Zone",2082,1.40706021754955,1.31512206061242,1.50781592396463,1000,4,"SSP3-7.0"
"CR-Ec","ssp370","Temperate Zone",2083,1.40735010861709,1.31500685684899,1.51496590918868,1000,4,"SSP3-7.0"
"CR-Ec","ssp370","Temperate Zone",2084,1.40823471832135,1.31386843908598,1.50752648717644,1000,4,"SSP3-7.0"
"CR-Ec","ssp370","Temperate Zone",2085,1.40956814022137,1.31152359788477,1.51368881956917,1000,4,"SSP3-7.0"
"CR-Ec","ssp370","Temperate Zone",2086,1.41115794763832,1.30731534372221,1.51117213839411,1000,4,"SSP3-7.0"
"CR-Ec","ssp370","Temperate Zone",2087,1.41243768515444,1.31377720045379,1.51462753587401,1000,4,"SSP3-7.0"
"CR-Ec","ssp370","Temperate Zone",2088,1.4148640759588,1.31960899767115,1.52029141422713,1000,4,"SSP3-7.0"
"CR-Ec","ssp370","Temperate Zone",2089,1.4159729336852,1.31974687911435,1.51325646072054,1000,4,"SSP3-7.0"
"CR-Ec","ssp370","Temperate Zone",2090,1.41547441804783,1.31619705870049,1.51318922171,1000,4,"SSP3-7.0"
"CR-Ec","ssp370","Temperate Zone",2091,1.41626437624376,1.31898634103323,1.51385465431317,1000,4,"SSP3-7.0"
"CR-Ec","ssp370","Temperate Zone",2092,1.41652232861571,1.32139548884254,1.5079859558379,1000,4,"SSP3-7.0"
"CR-Ec","ssp370","Temperate Zone",2093,1.41751223150047,1.32169633314149,1.51228367853179,1000,4,"SSP3-7.0"
"CR-Ec","ssp370","Temperate Zone",2094,1.41800157360827,1.31643670803127,1.51802475979245,1000,4,"SSP3-7.0"
"CR-Ec","ssp370","Temperate Zone",2095,1.41908701845843,1.31767275826488,1.51692472562773,1000,4,"SSP3-7.0"
"CR-Ec","ssp370","Temperate Zone",2096,1.42048828561622,1.31919297476517,1.51963039271237,1000,4,"SSP3-7.0"
"CR-Ec","ssp370","Temperate Zone",2097,1.42208666293972,1.32723033890414,1.52408091686697,1000,4,"SSP3-7.0"
"CR-Ec","ssp370","Temperate Zone",2098,1.42257146879744,1.33010054256062,1.52327749417862,1000,4,"SSP3-7.0"
"CR-Ec","ssp370","Temperate Zone",2099,1.42282788249185,1.32312202881573,1.52319957707364,1000,4,"SSP3-7.0"
"CR-Ec","ssp370","Temperate Zone",2100,1.4242569203253,1.32860052908955,1.52677876673109,1000,4,"SSP3-7.0"
"CR-Ec","ssp585","Temperate Zone",2020,1.31937904548451,1.24884134716396,1.3705460006362,1000,4,"SSP5-8.5"
"CR-Ec","ssp585","Temperate Zone",2021,1.32545251692501,1.26938794418597,1.37858215017961,1000,4,"SSP5-8.5"
"CR-Ec","ssp585","Temperate Zone",2022,1.33045930197764,1.26173881088641,1.40131449421538,1000,4,"SSP5-8.5"
"CR-Ec","ssp585","Temperate Zone",2023,1.31079709098014,1.23586384357801,1.39307023490177,1000,4,"SSP5-8.5"
"CR-Ec","ssp585","Temperate Zone",2024,1.29940186858391,1.21712129613311,1.38687769067557,1000,4,"SSP5-8.5"
"CR-Ec","ssp585","Temperate Zone",2025,1.29194185011523,1.20109436329201,1.380664736442,1000,4,"SSP5-8.5"
"CR-Ec","ssp585","Temperate Zone",2026,1.28769597950539,1.19991268457704,1.37139151037953,1000,4,"SSP5-8.5"
"CR-Ec","ssp585","Temperate Zone",2027,1.28572569854111,1.19331301225618,1.37606447764273,1000,4,"SSP5-8.5"
"CR-Ec","ssp585","Temperate Zone",2028,1.28563106357315,1.18898850813762,1.37870026016706,1000,4,"SSP5-8.5"
"CR-Ec","ssp585","Temperate Zone",2029,1.28778479623425,1.18960624236833,1.3883812766992,1000,4,"SSP5-8.5"
"CR-Ec","ssp585","Temperate Zone",2030,1.29030743694218,1.18858476066983,1.39641525413136,1000,4,"SSP5-8.5"
"CR-Ec","ssp585","Temperate Zone",2031,1.293485156049,1.18917843190122,1.3934530728644,1000,4,"SSP5-8.5"
"CR-Ec","ssp585","Temperate Zone",2032,1.2962068596696,1.19525710363518,1.39859344331176,1000,4,"SSP5-8.5"
"CR-Ec","ssp585","Temperate Zone",2033,1.30054152164553,1.20097813963762,1.3969893069143,1000,4,"SSP5-8.5"
"CR-Ec","ssp585","Temperate Zone",2034,1.30381628391581,1.2018789146914,1.40386221813525,1000,4,"SSP5-8.5"
"CR-Ec","ssp585","Temperate Zone",2035,1.30734061455947,1.20802671328424,1.40678958017454,1000,4,"SSP5-8.5"
"CR-Ec","ssp585","Temperate Zone",2036,1.31183326875916,1.21276571580716,1.40946918839261,1000,4,"SSP5-8.5"
"CR-Ec","ssp585","Temperate Zone",2037,1.31654512793258,1.21155218241029,1.41590019295191,1000,4,"SSP5-8.5"
"CR-Ec","ssp585","Temperate Zone",2038,1.32075220783633,1.2145090079049,1.4245089054096,1000,4,"SSP5-8.5"
"CR-Ec","ssp585","Temperate Zone",2039,1.32347654460832,1.21884130856801,1.42271566925977,1000,4,"SSP5-8.5"
"CR-Ec","ssp585","Temperate Zone",2040,1.32537552976026,1.22936768664432,1.43066958939961,1000,4,"SSP5-8.5"
"CR-Ec","ssp585","Temperate Zone",2041,1.32876534093194,1.23150018930102,1.43104393970549,1000,4,"SSP5-8.5"
"CR-Ec","ssp585","Temperate Zone",2042,1.33302142538742,1.23103095319575,1.43111508617428,1000,4,"SSP5-8.5"
"CR-Ec","ssp585","Temperate Zone",2043,1.336927306323,1.22779974648102,1.4356354351201,1000,4,"SSP5-8.5"
"CR-Ec","ssp585","Temperate Zone",2044,1.33997482957635,1.23866990853301,1.43954463836019,1000,4,"SSP5-8.5"
"CR-Ec","ssp585","Temperate Zone",2045,1.34399458512356,1.24100874274527,1.44237422328694,1000,4,"SSP5-8.5"
"CR-Ec","ssp585","Temperate Zone",2046,1.34892419346017,1.24684101126695,1.44890524117358,1000,4,"SSP5-8.5"
"CR-Ec","ssp585","Temperate Zone",2047,1.35269323888681,1.25169984972942,1.45633527432639,1000,4,"SSP5-8.5"
"CR-Ec","ssp585","Temperate Zone",2048,1.35721370679524,1.25723249648684,1.46259908476017,1000,4,"SSP5-8.5"
"CR-Ec","ssp585","Temperate Zone",2049,1.36078775104755,1.2596779506779,1.4640564715643,1000,4,"SSP5-8.5"
"CR-Ec","ssp585","Temperate Zone",2050,1.36491399226121,1.25919141092711,1.47335243355051,1000,4,"SSP5-8.5"
"CR-Ec","ssp585","Temperate Zone",2051,1.37043331672505,1.26234052623424,1.4795532287289,1000,4,"SSP5-8.5"
"CR-Ec","ssp585","Temperate Zone",2052,1.37516800903201,1.26808621736574,1.48453693954936,1000,4,"SSP5-8.5"
"CR-Ec","ssp585","Temperate Zone",2053,1.37842564412398,1.27866399444854,1.49381878732515,1000,4,"SSP5-8.5"
"CR-Ec","ssp585","Temperate Zone",2054,1.38152880857988,1.28509456046586,1.50115778430795,1000,4,"SSP5-8.5"
"CR-Ec","ssp585","Temperate Zone",2055,1.38477510871047,1.28312560578181,1.49412483362311,1000,4,"SSP5-8.5"
"CR-Ec","ssp585","Temperate Zone",2056,1.38832700945181,1.28560887409319,1.49343386266572,1000,4,"SSP5-8.5"
"CR-Ec","ssp585","Temperate Zone",2057,1.39299112690692,1.29547371001987,1.50082970037993,1000,4,"SSP5-8.5"
"CR-Ec","ssp585","Temperate Zone",2058,1.39491629501752,1.2963330606365,1.49882286909678,1000,4,"SSP5-8.5"
"CR-Ec","ssp585","Temperate Zone",2059,1.39896686527756,1.29843050203863,1.50073956323893,1000,4,"SSP5-8.5"
"CR-Ec","ssp585","Temperate Zone",2060,1.40297568779896,1.2996566475414,1.50493297901383,1000,4,"SSP5-8.5"
"CR-Ec","ssp585","Temperate Zone",2061,1.40613826711186,1.3045845167601,1.51070611087713,1000,4,"SSP5-8.5"
"CR-Ec","ssp585","Temperate Zone",2062,1.40907929633851,1.30330431018741,1.51430806494892,1000,4,"SSP5-8.5"
"CR-Ec","ssp585","Temperate Zone",2063,1.4110983867787,1.30781600735436,1.52165151262613,1000,4,"SSP5-8.5"
"CR-Ec","ssp585","Temperate Zone",2064,1.41218141772602,1.30632065769256,1.52633209046142,1000,4,"SSP5-8.5"
"CR-Ec","ssp585","Temperate Zone",2065,1.41376224981596,1.3031540774767,1.52473599162255,1000,4,"SSP5-8.5"
"CR-Ec","ssp585","Temperate Zone",2066,1.41288019394598,1.29758592117731,1.51983898158421,1000,4,"SSP5-8.5"
"CR-Ec","ssp585","Temperate Zone",2067,1.41386762046366,1.30488747254931,1.5256386045489,1000,4,"SSP5-8.5"
"CR-Ec","ssp585","Temperate Zone",2068,1.41592968808804,1.31314315408879,1.52157402601551,1000,4,"SSP5-8.5"
"CR-Ec","ssp585","Temperate Zone",2069,1.41814148330985,1.31716816727309,1.52261304440197,1000,4,"SSP5-8.5"
"CR-Ec","ssp585","Temperate Zone",2070,1.42126614542958,1.31878119153138,1.52462443042068,1000,4,"SSP5-8.5"
"CR-Ec","ssp585","Temperate Zone",2071,1.42502166379341,1.32421791654244,1.53001750129656,1000,4,"SSP5-8.5"
"CR-Ec","ssp585","Temperate Zone",2072,1.42797904670888,1.32179266525556,1.53354768180646,1000,4,"SSP5-8.5"
"CR-Ec","ssp585","Temperate Zone",2073,1.42914591522097,1.32788577049564,1.5330889177023,1000,4,"SSP5-8.5"
"CR-Ec","ssp585","Temperate Zone",2074,1.43017599223855,1.32539014636985,1.53665188084619,1000,4,"SSP5-8.5"
"CR-Ec","ssp585","Temperate Zone",2075,1.43172039074125,1.32660116981748,1.54529095662053,1000,4,"SSP5-8.5"
"CR-Ec","ssp585","Temperate Zone",2076,1.43200431600579,1.32360640377708,1.53790307111225,1000,4,"SSP5-8.5"
"CR-Ec","ssp585","Temperate Zone",2077,1.43346638561647,1.32404407823253,1.54334047708258,1000,4,"SSP5-8.5"
"CR-Ec","ssp585","Temperate Zone",2078,1.43699034404433,1.32493478860719,1.5459016691125,1000,4,"SSP5-8.5"
"CR-Ec","ssp585","Temperate Zone",2079,1.43976231018834,1.32899294726555,1.54378730695723,1000,4,"SSP5-8.5"
"CR-Ec","ssp585","Temperate Zone",2080,1.44258947261444,1.33009593726775,1.54522523071142,1000,4,"SSP5-8.5"
"CR-Ec","ssp585","Temperate Zone",2081,1.44606337417905,1.3330951429562,1.55447119999678,1000,4,"SSP5-8.5"
"CR-Ec","ssp585","Temperate Zone",2082,1.44810834538808,1.33764894364463,1.56039635195,1000,4,"SSP5-8.5"
"CR-Ec","ssp585","Temperate Zone",2083,1.45008390443668,1.33988333047997,1.56458387407318,1000,4,"SSP5-8.5"
"CR-Ec","ssp585","Temperate Zone",2084,1.45371852297535,1.34073607645573,1.5644290636127,1000,4,"SSP5-8.5"
"CR-Ec","ssp585","Temperate Zone",2085,1.4545794458247,1.35351390776958,1.56020941828295,1000,4,"SSP5-8.5"
"CR-Ec","ssp585","Temperate Zone",2086,1.455847067735,1.35114788531285,1.56182765044267,1000,4,"SSP5-8.5"
"CR-Ec","ssp585","Temperate Zone",2087,1.45732162193849,1.35920057044493,1.56400411987918,1000,4,"SSP5-8.5"
"CR-Ec","ssp585","Temperate Zone",2088,1.456246082179,1.35448753328634,1.56957558218472,1000,4,"SSP5-8.5"
"CR-Ec","ssp585","Temperate Zone",2089,1.45900189555731,1.35536856291859,1.57517614839355,1000,4,"SSP5-8.5"
"CR-Ec","ssp585","Temperate Zone",2090,1.46100243013062,1.34892524658875,1.58072189072784,1000,4,"SSP5-8.5"
"CR-Ec","ssp585","Temperate Zone",2091,1.462066388824,1.34893761441827,1.5820664496188,1000,4,"SSP5-8.5"
"CR-Ec","ssp585","Temperate Zone",2092,1.46388694378613,1.35045458164141,1.57449989283545,1000,4,"SSP5-8.5"
"CR-Ec","ssp585","Temperate Zone",2093,1.46556477825599,1.35199803395278,1.5797382946925,1000,4,"SSP5-8.5"
"CR-Ec","ssp585","Temperate Zone",2094,1.46705571316144,1.35502948367514,1.58283619455922,1000,4,"SSP5-8.5"
"CR-Ec","ssp585","Temperate Zone",2095,1.4692604612315,1.36431968551957,1.57793756143087,1000,4,"SSP5-8.5"
"CR-Ec","ssp585","Temperate Zone",2096,1.47222232925043,1.35891509701263,1.5800179191959,1000,4,"SSP5-8.5"
"CR-Ec","ssp585","Temperate Zone",2097,1.47336761596611,1.36800260929722,1.58118780051623,1000,4,"SSP5-8.5"
"CR-Ec","ssp585","Temperate Zone",2098,1.47584506801067,1.36753653129031,1.584902011361,1000,4,"SSP5-8.5"
"CR-Ec","ssp585","Temperate Zone",2099,1.47780191959528,1.36452887050698,1.5905379122665,1000,4,"SSP5-8.5"
"CR-Ec","ssp585","Temperate Zone",2100,1.4796352435333,1.36074611094083,1.59364544893143,1000,4,"SSP5-8.5"
"CR-Kp","ssp126","Temperate Zone",2020,10.7481252323973,10.2806578808127,11.0765049622705,1000,4,"SSP1-2.6"
"CR-Kp","ssp126","Temperate Zone",2021,10.7283081184209,10.2854350005763,11.0567856708572,1000,4,"SSP1-2.6"
"CR-Kp","ssp126","Temperate Zone",2022,10.7385577732343,10.295773431504,11.1186301226489,1000,4,"SSP1-2.6"
"CR-Kp","ssp126","Temperate Zone",2023,10.7575399020476,10.2866436711745,11.2065728993037,1000,4,"SSP1-2.6"
"CR-Kp","ssp126","Temperate Zone",2024,10.7850409210615,10.2903090878147,11.2922950064792,1000,4,"SSP1-2.6"
"CR-Kp","ssp126","Temperate Zone",2025,10.8228925328565,10.2442133705108,11.3964065984995,1000,4,"SSP1-2.6"
"CR-Kp","ssp126","Temperate Zone",2026,10.8702262512235,10.2273608866269,11.5268393975649,1000,4,"SSP1-2.6"
"CR-Kp","ssp126","Temperate Zone",2027,10.9335668310455,10.2355646134767,11.6632664269784,1000,4,"SSP1-2.6"
"CR-Kp","ssp126","Temperate Zone",2028,10.9998928383284,10.2304996609426,11.7796884629615,1000,4,"SSP1-2.6"
"CR-Kp","ssp126","Temperate Zone",2029,11.0731855513583,10.2325375268313,11.9003866023728,1000,4,"SSP1-2.6"
"CR-Kp","ssp126","Temperate Zone",2030,11.1525422375886,10.262457991048,12.0326181008057,1000,4,"SSP1-2.6"
"CR-Kp","ssp126","Temperate Zone",2031,11.2345758289571,10.3059992264863,12.1334560791788,1000,4,"SSP1-2.6"
"CR-Kp","ssp126","Temperate Zone",2032,11.314615799265,10.3836296481171,12.2435345184406,1000,4,"SSP1-2.6"
"CR-Kp","ssp126","Temperate Zone",2033,11.4020613902751,10.4395156536008,12.3981396960171,1000,4,"SSP1-2.6"
"CR-Kp","ssp126","Temperate Zone",2034,11.4991002412072,10.5079422506957,12.4656797085702,1000,4,"SSP1-2.6"
"CR-Kp","ssp126","Temperate Zone",2035,11.5910358397748,10.5491678260006,12.5901922267816,1000,4,"SSP1-2.6"
"CR-Kp","ssp126","Temperate Zone",2036,11.6860817591545,10.6098281587286,12.7272823453301,1000,4,"SSP1-2.6"
"CR-Kp","ssp126","Temperate Zone",2037,11.7855906627503,10.6607243875778,12.8593775670003,1000,4,"SSP1-2.6"
"CR-Kp","ssp126","Temperate Zone",2038,11.8877655134019,10.7535426238481,12.97172931674,1000,4,"SSP1-2.6"
"CR-Kp","ssp126","Temperate Zone",2039,11.9946632751015,10.7751360051456,13.1389604445641,1000,4,"SSP1-2.6"
"CR-Kp","ssp126","Temperate Zone",2040,12.0992047851911,10.8464072777321,13.2779563828817,1000,4,"SSP1-2.6"
"CR-Kp","ssp126","Temperate Zone",2041,12.2026467164235,10.9371772260216,13.4346092379187,1000,4,"SSP1-2.6"
"CR-Kp","ssp126","Temperate Zone",2042,12.3124503205052,11.0072676510434,13.5682265061976,1000,4,"SSP1-2.6"
"CR-Kp","ssp126","Temperate Zone",2043,12.4247227985418,11.1067678715761,13.6337758475191,1000,4,"SSP1-2.6"
"CR-Kp","ssp126","Temperate Zone",2044,12.5402714851641,11.2008885723825,13.8088752809076,1000,4,"SSP1-2.6"
"CR-Kp","ssp126","Temperate Zone",2045,12.6553930423335,11.2777883453426,13.9449774972772,1000,4,"SSP1-2.6"
"CR-Kp","ssp126","Temperate Zone",2046,12.7763382695622,11.3872421399218,14.0879068154208,1000,4,"SSP1-2.6"
"CR-Kp","ssp126","Temperate Zone",2047,12.891968109208,11.5006473466799,14.2282037392208,1000,4,"SSP1-2.6"
"CR-Kp","ssp126","Temperate Zone",2048,13.0053430378738,11.5970154072966,14.3631437416852,1000,4,"SSP1-2.6"
"CR-Kp","ssp126","Temperate Zone",2049,13.1222411874128,11.7453425233809,14.4704174121674,1000,4,"SSP1-2.6"
"CR-Kp","ssp126","Temperate Zone",2050,13.2347579674904,11.8478255988429,14.5860035139367,1000,4,"SSP1-2.6"
"CR-Kp","ssp126","Temperate Zone",2051,13.3583616369659,11.9332326221057,14.7507056440541,1000,4,"SSP1-2.6"
"CR-Kp","ssp126","Temperate Zone",2052,13.4784310681973,12.0885661697792,14.8941472899248,1000,4,"SSP1-2.6"
"CR-Kp","ssp126","Temperate Zone",2053,13.5951068728027,12.1995074814617,15.0489046232423,1000,4,"SSP1-2.6"
"CR-Kp","ssp126","Temperate Zone",2054,13.718274877034,12.2976006511019,15.2037255986302,1000,4,"SSP1-2.6"
"CR-Kp","ssp126","Temperate Zone",2055,13.8407437956931,12.3680047368361,15.3344299761088,1000,4,"SSP1-2.6"
"CR-Kp","ssp126","Temperate Zone",2056,13.9653748687664,12.5212018766135,15.4989689617195,1000,4,"SSP1-2.6"
"CR-Kp","ssp126","Temperate Zone",2057,14.0933463118785,12.6331501790954,15.6408304990234,1000,4,"SSP1-2.6"
"CR-Kp","ssp126","Temperate Zone",2058,14.2239255876381,12.7579578323692,15.8224889467602,1000,4,"SSP1-2.6"
"CR-Kp","ssp126","Temperate Zone",2059,14.350055607243,12.8423336217635,15.9718772190035,1000,4,"SSP1-2.6"
"CR-Kp","ssp126","Temperate Zone",2060,14.476184885841,12.9658667996564,16.1487236676473,1000,4,"SSP1-2.6"
"CR-Kp","ssp126","Temperate Zone",2061,14.5922593099258,13.0373205835879,16.2926823926943,1000,4,"SSP1-2.6"
"CR-Kp","ssp126","Temperate Zone",2062,14.6980371623201,13.1099789539134,16.3417223071664,1000,4,"SSP1-2.6"
"CR-Kp","ssp126","Temperate Zone",2063,14.802092236769,13.1694019655915,16.5048783151729,1000,4,"SSP1-2.6"
"CR-Kp","ssp126","Temperate Zone",2064,14.8913807907228,13.2940485875819,16.6448827266095,1000,4,"SSP1-2.6"
"CR-Kp","ssp126","Temperate Zone",2065,14.9707053055883,13.3261609319272,16.7462409726035,1000,4,"SSP1-2.6"
"CR-Kp","ssp126","Temperate Zone",2066,15.0456664952804,13.3550081223232,16.8441912657623,1000,4,"SSP1-2.6"
"CR-Kp","ssp126","Temperate Zone",2067,15.1106715723559,13.3742744482643,16.8457859664993,1000,4,"SSP1-2.6"
"CR-Kp","ssp126","Temperate Zone",2068,15.174187733769,13.4491257111026,16.9524296093131,1000,4,"SSP1-2.6"
"CR-Kp","ssp126","Temperate Zone",2069,15.2288613903843,13.5504354613291,17.0099928547183,1000,4,"SSP1-2.6"
"CR-Kp","ssp126","Temperate Zone",2070,15.2798858568247,13.628288101579,17.0615349208157,1000,4,"SSP1-2.6"
"CR-Kp","ssp126","Temperate Zone",2071,15.3200806882515,13.6247092966764,17.1279245163876,1000,4,"SSP1-2.6"
"CR-Kp","ssp126","Temperate Zone",2072,15.3599932564732,13.6937360126429,17.239016884403,1000,4,"SSP1-2.6"
"CR-Kp","ssp126","Temperate Zone",2073,15.4043767437919,13.6816884342703,17.2497849400213,1000,4,"SSP1-2.6"
"CR-Kp","ssp126","Temperate Zone",2074,15.4422795906294,13.7498778890151,17.347909964301,1000,4,"SSP1-2.6"
"CR-Kp","ssp126","Temperate Zone",2075,15.4687938533085,13.7583358440308,17.4009767926247,1000,4,"SSP1-2.6"
"CR-Kp","ssp126","Temperate Zone",2076,15.4845930625037,13.7606578670671,17.3323858195677,1000,4,"SSP1-2.6"
"CR-Kp","ssp126","Temperate Zone",2077,15.504622016992,13.7820001231329,17.3931828849251,1000,4,"SSP1-2.6"
"CR-Kp","ssp126","Temperate Zone",2078,15.5249223039803,13.8219563629673,17.4378444627385,1000,4,"SSP1-2.6"
"CR-Kp","ssp126","Temperate Zone",2079,15.5525450436489,13.8403588463366,17.4331210479863,1000,4,"SSP1-2.6"
"CR-Kp","ssp126","Temperate Zone",2080,15.5716195646353,13.8578876126485,17.4049165268302,1000,4,"SSP1-2.6"
"CR-Kp","ssp126","Temperate Zone",2081,15.5936365055935,13.9086004178684,17.4413362469563,1000,4,"SSP1-2.6"
"CR-Kp","ssp126","Temperate Zone",2082,15.6072554966069,13.9606840919585,17.503116012163,1000,4,"SSP1-2.6"
"CR-Kp","ssp126","Temperate Zone",2083,15.6165687787798,13.9272454796322,17.4968270308111,1000,4,"SSP1-2.6"
"CR-Kp","ssp126","Temperate Zone",2084,15.6263999632703,13.9445037490458,17.5159129618275,1000,4,"SSP1-2.6"
"CR-Kp","ssp126","Temperate Zone",2085,15.6325818766238,13.9419916899184,17.5006496759924,1000,4,"SSP1-2.6"
"CR-Kp","ssp126","Temperate Zone",2086,15.6254641051234,13.9240851327615,17.4575368943016,1000,4,"SSP1-2.6"
"CR-Kp","ssp126","Temperate Zone",2087,15.6349393946576,13.9184473886368,17.5144869340024,1000,4,"SSP1-2.6"
"CR-Kp","ssp126","Temperate Zone",2088,15.6451085496896,13.921757033254,17.5220284948223,1000,4,"SSP1-2.6"
"CR-Kp","ssp126","Temperate Zone",2089,15.6624596391157,13.9074061759455,17.4958774301924,1000,4,"SSP1-2.6"
"CR-Kp","ssp126","Temperate Zone",2090,15.6633143059562,13.905165678324,17.4574967324569,1000,4,"SSP1-2.6"
"CR-Kp","ssp126","Temperate Zone",2091,15.6591484466687,13.9150730927124,17.414561754549,1000,4,"SSP1-2.6"
"CR-Kp","ssp126","Temperate Zone",2092,15.6562667117759,13.937570089104,17.4179103577992,1000,4,"SSP1-2.6"
"CR-Kp","ssp126","Temperate Zone",2093,15.6389385276252,13.8867091274352,17.3864593126616,1000,4,"SSP1-2.6"
"CR-Kp","ssp126","Temperate Zone",2094,15.6350865760011,13.9029533823274,17.3599959655069,1000,4,"SSP1-2.6"
"CR-Kp","ssp126","Temperate Zone",2095,15.6258076223665,13.9024050597287,17.3643580285381,1000,4,"SSP1-2.6"
"CR-Kp","ssp126","Temperate Zone",2096,15.6230658673188,13.9108234441069,17.3801592756275,1000,4,"SSP1-2.6"
"CR-Kp","ssp126","Temperate Zone",2097,15.6259386851775,13.9168513125105,17.3390302887751,1000,4,"SSP1-2.6"
"CR-Kp","ssp126","Temperate Zone",2098,15.6297334087773,13.9143874231424,17.2980034257799,1000,4,"SSP1-2.6"
"CR-Kp","ssp126","Temperate Zone",2099,15.624638565796,13.9215000345491,17.3834394972282,1000,4,"SSP1-2.6"
"CR-Kp","ssp126","Temperate Zone",2100,15.6215382400529,13.9486968939626,17.3831177436191,1000,4,"SSP1-2.6"
"CR-Kp","ssp245","Temperate Zone",2020,10.893086020012,10.5313980003857,11.4687892260834,1000,4,"SSP2-4.5"
"CR-Kp","ssp245","Temperate Zone",2021,10.8566692637564,10.4802700604961,11.4109508994408,1000,4,"SSP2-4.5"
"CR-Kp","ssp245","Temperate Zone",2022,10.8552809595226,10.4576389145085,11.4033110839122,1000,4,"SSP2-4.5"
"CR-Kp","ssp245","Temperate Zone",2023,10.8669339146206,10.395323905606,11.4278433408732,1000,4,"SSP2-4.5"
"CR-Kp","ssp245","Temperate Zone",2024,10.9024024221903,10.3541594252638,11.4866792671991,1000,4,"SSP2-4.5"
"CR-Kp","ssp245","Temperate Zone",2025,10.9446312243063,10.3502665778906,11.5530577750964,1000,4,"SSP2-4.5"
"CR-Kp","ssp245","Temperate Zone",2026,10.9990456683006,10.3470689082766,11.6009155302042,1000,4,"SSP2-4.5"
"CR-Kp","ssp245","Temperate Zone",2027,11.060719582091,10.3648797317469,11.7086123701926,1000,4,"SSP2-4.5"
"CR-Kp","ssp245","Temperate Zone",2028,11.1367840466063,10.3420186133129,11.8186981978678,1000,4,"SSP2-4.5"
"CR-Kp","ssp245","Temperate Zone",2029,11.2162118385699,10.3454408087001,11.9599736919984,1000,4,"SSP2-4.5"
"CR-Kp","ssp245","Temperate Zone",2030,11.303446451795,10.3622790548859,12.0777976737338,1000,4,"SSP2-4.5"
"CR-Kp","ssp245","Temperate Zone",2031,11.3950536790016,10.3817145631403,12.2331239885432,1000,4,"SSP2-4.5"
"CR-Kp","ssp245","Temperate Zone",2032,11.4893804163226,10.4452804505406,12.3614693467407,1000,4,"SSP2-4.5"
"CR-Kp","ssp245","Temperate Zone",2033,11.5907957691574,10.4966982756096,12.496656681646,1000,4,"SSP2-4.5"
"CR-Kp","ssp245","Temperate Zone",2034,11.7003093189208,10.5739102976209,12.6283223914673,1000,4,"SSP2-4.5"
"CR-Kp","ssp245","Temperate Zone",2035,11.8118507630917,10.6684140420394,12.768764242742,1000,4,"SSP2-4.5"
"CR-Kp","ssp245","Temperate Zone",2036,11.9161916269205,10.7549058818817,12.9109780173524,1000,4,"SSP2-4.5"
"CR-Kp","ssp245","Temperate Zone",2037,12.0268696169317,10.8494986188718,13.0501344250717,1000,4,"SSP2-4.5"
"CR-Kp","ssp245","Temperate Zone",2038,12.1372066848516,10.9280789055718,13.2077221872214,1000,4,"SSP2-4.5"
"CR-Kp","ssp245","Temperate Zone",2039,12.2503019458182,10.9694902016187,13.3501090871069,1000,4,"SSP2-4.5"
"CR-Kp","ssp245","Temperate Zone",2040,12.3657937325928,11.0501074512759,13.5015923135456,1000,4,"SSP2-4.5"
"CR-Kp","ssp245","Temperate Zone",2041,12.4785881626711,11.1403606317682,13.642797102497,1000,4,"SSP2-4.5"
"CR-Kp","ssp245","Temperate Zone",2042,12.5978962611166,11.2681068213745,13.8221863717385,1000,4,"SSP2-4.5"
"CR-Kp","ssp245","Temperate Zone",2043,12.724909755781,11.4202938753911,13.9656033384727,1000,4,"SSP2-4.5"
"CR-Kp","ssp245","Temperate Zone",2044,12.8533937250827,11.50747260009,14.1337806169395,1000,4,"SSP2-4.5"
"CR-Kp","ssp245","Temperate Zone",2045,12.9868094484299,11.6289019620542,14.2250902720796,1000,4,"SSP2-4.5"
"CR-Kp","ssp245","Temperate Zone",2046,13.1197955483986,11.692245345439,14.4028086057741,1000,4,"SSP2-4.5"
"CR-Kp","ssp245","Temperate Zone",2047,13.2493092994622,11.8060973478121,14.5456630192161,1000,4,"SSP2-4.5"
"CR-Kp","ssp245","Temperate Zone",2048,13.3700023454032,11.8765964711752,14.7035312529274,1000,4,"SSP2-4.5"
"CR-Kp","ssp245","Temperate Zone",2049,13.4967155128024,11.9729576659473,14.8498753787274,1000,4,"SSP2-4.5"
"CR-Kp","ssp245","Temperate Zone",2050,13.6322649168161,12.0686278142957,15.0326866280756,1000,4,"SSP2-4.5"
"CR-Kp","ssp245","Temperate Zone",2051,13.7640813963946,12.1731900541185,15.1806857123303,1000,4,"SSP2-4.5"
"CR-Kp","ssp245","Temperate Zone",2052,13.8957778957833,12.2733612305052,15.3469127658372,1000,4,"SSP2-4.5"
"CR-Kp","ssp245","Temperate Zone",2053,14.0317464700631,12.3875170785312,15.4826619097379,1000,4,"SSP2-4.5"
"CR-Kp","ssp245","Temperate Zone",2054,14.1698121252705,12.5553111621478,15.6760893777621,1000,4,"SSP2-4.5"
"CR-Kp","ssp245","Temperate Zone",2055,14.3066015461173,12.6814697608596,15.8443466069599,1000,4,"SSP2-4.5"
"CR-Kp","ssp245","Temperate Zone",2056,14.4480962125059,12.784025803666,15.9871807348845,1000,4,"SSP2-4.5"
"CR-Kp","ssp245","Temperate Zone",2057,14.5888942113956,12.9427428076133,16.1931188472656,1000,4,"SSP2-4.5"
"CR-Kp","ssp245","Temperate Zone",2058,14.7275900748978,13.0918079773613,16.2759737325765,1000,4,"SSP2-4.5"
"CR-Kp","ssp245","Temperate Zone",2059,14.8642895711594,13.2225983703451,16.4372468548312,1000,4,"SSP2-4.5"
"CR-Kp","ssp245","Temperate Zone",2060,14.990493372313,13.3441963876618,16.6018508645247,1000,4,"SSP2-4.5"
"CR-Kp","ssp245","Temperate Zone",2061,15.1206486468986,13.4917531859116,16.7545165230327,1000,4,"SSP2-4.5"
"CR-Kp","ssp245","Temperate Zone",2062,15.2388885167857,13.5942703692713,16.9083721879866,1000,4,"SSP2-4.5"
"CR-Kp","ssp245","Temperate Zone",2063,15.3512062155986,13.6641776885962,16.9925791431761,1000,4,"SSP2-4.5"
"CR-Kp","ssp245","Temperate Zone",2064,15.4472524992041,13.7560386244881,17.0914580000194,1000,4,"SSP2-4.5"
"CR-Kp","ssp245","Temperate Zone",2065,15.535410275834,13.8209252123942,17.1578282600322,1000,4,"SSP2-4.5"
"CR-Kp","ssp245","Temperate Zone",2066,15.6194033765877,13.8411716427973,17.2771273972925,1000,4,"SSP2-4.5"
"CR-Kp","ssp245","Temperate Zone",2067,15.6999803436901,13.9100107409891,17.4192614747767,1000,4,"SSP2-4.5"
"CR-Kp","ssp245","Temperate Zone",2068,15.7793702448335,13.9394905505353,17.5300671124243,1000,4,"SSP2-4.5"
"CR-Kp","ssp245","Temperate Zone",2069,15.8450999643021,14.0332077549152,17.5852051965814,1000,4,"SSP2-4.5"
"CR-Kp","ssp245","Temperate Zone",2070,15.9121628957394,14.0455025916902,17.6923457696054,1000,4,"SSP2-4.5"
"CR-Kp","ssp245","Temperate Zone",2071,15.9704463085609,14.1040680390403,17.7870361705298,1000,4,"SSP2-4.5"
"CR-Kp","ssp245","Temperate Zone",2072,16.022857613904,14.1804917669209,17.8290737536964,1000,4,"SSP2-4.5"
"CR-Kp","ssp245","Temperate Zone",2073,16.0611557423191,14.2314178060939,18.0283153662731,1000,4,"SSP2-4.5"
"CR-Kp","ssp245","Temperate Zone",2074,16.0808609930338,14.2548814108375,18.1788453308748,1000,4,"SSP2-4.5"
"CR-Kp","ssp245","Temperate Zone",2075,16.1190379365861,14.2672865099765,18.1764866793543,1000,4,"SSP2-4.5"
"CR-Kp","ssp245","Temperate Zone",2076,16.1377823274843,14.2414139751663,18.2142883104963,1000,4,"SSP2-4.5"
"CR-Kp","ssp245","Temperate Zone",2077,16.1629393279369,14.2448749349804,18.2599808795737,1000,4,"SSP2-4.5"
"CR-Kp","ssp245","Temperate Zone",2078,16.1935631372336,14.266408396216,18.2062987720111,1000,4,"SSP2-4.5"
"CR-Kp","ssp245","Temperate Zone",2079,16.2131108091537,14.2142147961433,18.1627046645144,1000,4,"SSP2-4.5"
"CR-Kp","ssp245","Temperate Zone",2080,16.2293372114665,14.2632746643353,18.1992621449013,1000,4,"SSP2-4.5"
"CR-Kp","ssp245","Temperate Zone",2081,16.250686319719,14.2731024880208,18.2353662583543,1000,4,"SSP2-4.5"
"CR-Kp","ssp245","Temperate Zone",2082,16.2715571479224,14.2776688886613,18.2105531876303,1000,4,"SSP2-4.5"
"CR-Kp","ssp245","Temperate Zone",2083,16.2897687166579,14.3060724648897,18.2470389356361,1000,4,"SSP2-4.5"
"CR-Kp","ssp245","Temperate Zone",2084,16.3004454692202,14.2974491656473,18.246628340909,1000,4,"SSP2-4.5"
"CR-Kp","ssp245","Temperate Zone",2085,16.3113682343746,14.3146389125445,18.2886186221202,1000,4,"SSP2-4.5"
"CR-Kp","ssp245","Temperate Zone",2086,16.3134550633764,14.3476631092222,18.3515851701994,1000,4,"SSP2-4.5"
"CR-Kp","ssp245","Temperate Zone",2087,16.3224913127864,14.3686229339179,18.3829435353765,1000,4,"SSP2-4.5"
"CR-Kp","ssp245","Temperate Zone",2088,16.3361778130073,14.3929047087446,18.2912586894148,1000,4,"SSP2-4.5"
"CR-Kp","ssp245","Temperate Zone",2089,16.3422136663709,14.4042955379881,18.2931377990424,1000,4,"SSP2-4.5"
"CR-Kp","ssp245","Temperate Zone",2090,16.3510471841008,14.4834646926705,18.2883028455555,1000,4,"SSP2-4.5"
"CR-Kp","ssp245","Temperate Zone",2091,16.358986707508,14.4644700583176,18.3122640094199,1000,4,"SSP2-4.5"
"CR-Kp","ssp245","Temperate Zone",2092,16.3581823643242,14.4905818907193,18.312782330555,1000,4,"SSP2-4.5"
"CR-Kp","ssp245","Temperate Zone",2093,16.3520842372717,14.424234438692,18.2853280306219,1000,4,"SSP2-4.5"
"CR-Kp","ssp245","Temperate Zone",2094,16.3475354157709,14.3953974022931,18.2838887052934,1000,4,"SSP2-4.5"
"CR-Kp","ssp245","Temperate Zone",2095,16.3472471284393,14.4208461802125,18.2743510767214,1000,4,"SSP2-4.5"
"CR-Kp","ssp245","Temperate Zone",2096,16.3528578787216,14.417628019053,18.3621996240791,1000,4,"SSP2-4.5"
"CR-Kp","ssp245","Temperate Zone",2097,16.3626366055823,14.4416770561332,18.355414914537,1000,4,"SSP2-4.5"
"CR-Kp","ssp245","Temperate Zone",2098,16.3595645133554,14.4710248700009,18.3414818019605,1000,4,"SSP2-4.5"
"CR-Kp","ssp245","Temperate Zone",2099,16.359366794994,14.4688235245565,18.3611519365267,1000,4,"SSP2-4.5"
"CR-Kp","ssp245","Temperate Zone",2100,16.3674142514172,14.5011626230912,18.390435590543,1000,4,"SSP2-4.5"
"CR-Kp","ssp370","Temperate Zone",2020,10.7229260155673,10.3659812682115,10.8646000468674,1000,4,"SSP3-7.0"
"CR-Kp","ssp370","Temperate Zone",2021,10.7186821837755,10.3984703597997,10.9594860530287,1000,4,"SSP3-7.0"
"CR-Kp","ssp370","Temperate Zone",2022,10.7569554218792,10.3677871326828,11.091633154246,1000,4,"SSP3-7.0"
"CR-Kp","ssp370","Temperate Zone",2023,10.8051114042338,10.3015656648462,11.2073016822188,1000,4,"SSP3-7.0"
"CR-Kp","ssp370","Temperate Zone",2024,10.8622462246615,10.276740289389,11.372163418935,1000,4,"SSP3-7.0"
"CR-Kp","ssp370","Temperate Zone",2025,10.9268382570866,10.2128126926416,11.5358588615368,1000,4,"SSP3-7.0"
"CR-Kp","ssp370","Temperate Zone",2026,11.0115283444009,10.2351529729558,11.6765103247726,1000,4,"SSP3-7.0"
"CR-Kp","ssp370","Temperate Zone",2027,11.1036532116685,10.1979387044582,11.8374468038414,1000,4,"SSP3-7.0"
"CR-Kp","ssp370","Temperate Zone",2028,11.204029257145,10.2827000867308,11.9790827108481,1000,4,"SSP3-7.0"
"CR-Kp","ssp370","Temperate Zone",2029,11.3068521849499,10.2960576608159,12.1422951078604,1000,4,"SSP3-7.0"
"CR-Kp","ssp370","Temperate Zone",2030,11.4209338530575,10.3477997799912,12.3067750149373,1000,4,"SSP3-7.0"
"CR-Kp","ssp370","Temperate Zone",2031,11.5337051606055,10.4379460239596,12.4610569355628,1000,4,"SSP3-7.0"
"CR-Kp","ssp370","Temperate Zone",2032,11.6468922173002,10.5351698443708,12.5741663261811,1000,4,"SSP3-7.0"
"CR-Kp","ssp370","Temperate Zone",2033,11.7590956554267,10.633633449992,12.7536311013371,1000,4,"SSP3-7.0"
"CR-Kp","ssp370","Temperate Zone",2034,11.8744538159667,10.706652149833,12.9224116016837,1000,4,"SSP3-7.0"
"CR-Kp","ssp370","Temperate Zone",2035,11.9977515303052,10.7388017156638,13.1027684260646,1000,4,"SSP3-7.0"
"CR-Kp","ssp370","Temperate Zone",2036,12.1204870950648,10.8639710837945,13.2423639332943,1000,4,"SSP3-7.0"
"CR-Kp","ssp370","Temperate Zone",2037,12.2463952494633,10.9373984880726,13.4016000429561,1000,4,"SSP3-7.0"
"CR-Kp","ssp370","Temperate Zone",2038,12.3765388693767,11.0605764430796,13.5667598757732,1000,4,"SSP3-7.0"
"CR-Kp","ssp370","Temperate Zone",2039,12.503413785191,11.1831932794673,13.6943846042969,1000,4,"SSP3-7.0"
"CR-Kp","ssp370","Temperate Zone",2040,12.6332927990853,11.2954593895075,13.8562797495748,1000,4,"SSP3-7.0"
"CR-Kp","ssp370","Temperate Zone",2041,12.7670493839643,11.433912669519,13.9859930358705,1000,4,"SSP3-7.0"
"CR-Kp","ssp370","Temperate Zone",2042,12.9003629634334,11.569203394865,14.1534970250944,1000,4,"SSP3-7.0"
"CR-Kp","ssp370","Temperate Zone",2043,13.0357396218012,11.6632358884561,14.3182204941053,1000,4,"SSP3-7.0"
"CR-Kp","ssp370","Temperate Zone",2044,13.1677260251175,11.7340121064267,14.4469112372883,1000,4,"SSP3-7.0"
"CR-Kp","ssp370","Temperate Zone",2045,13.3020624639177,11.866429191603,14.6128988799623,1000,4,"SSP3-7.0"
"CR-Kp","ssp370","Temperate Zone",2046,13.4489433032986,12.0066080939955,14.8205368074864,1000,4,"SSP3-7.0"
"CR-Kp","ssp370","Temperate Zone",2047,13.5920985506941,12.1282789217129,14.9996163983768,1000,4,"SSP3-7.0"
"CR-Kp","ssp370","Temperate Zone",2048,13.7314133939947,12.2262990831657,15.1967668053427,1000,4,"SSP3-7.0"
"CR-Kp","ssp370","Temperate Zone",2049,13.8624868157154,12.3258167518629,15.329797046953,1000,4,"SSP3-7.0"
"CR-Kp","ssp370","Temperate Zone",2050,13.9960910266314,12.4099429951854,15.5078571415457,1000,4,"SSP3-7.0"
"CR-Kp","ssp370","Temperate Zone",2051,14.141726682141,12.6089536736038,15.6899328712312,1000,4,"SSP3-7.0"
"CR-Kp","ssp370","Temperate Zone",2052,14.2837135232495,12.7088022950339,15.8381955506539,1000,4,"SSP3-7.0"
"CR-Kp","ssp370","Temperate Zone",2053,14.4271224595044,12.8334592943933,16.0169363654745,1000,4,"SSP3-7.0"
"CR-Kp","ssp370","Temperate Zone",2054,14.5691510846936,12.9986395466041,16.107899497329,1000,4,"SSP3-7.0"
"CR-Kp","ssp370","Temperate Zone",2055,14.7190249617345,13.1625185961354,16.2695413942169,1000,4,"SSP3-7.0"
"CR-Kp","ssp370","Temperate Zone",2056,14.8696204685162,13.2954927119728,16.4789727920821,1000,4,"SSP3-7.0"
"CR-Kp","ssp370","Temperate Zone",2057,15.0175605171566,13.4101133816699,16.6409943168068,1000,4,"SSP3-7.0"
"CR-Kp","ssp370","Temperate Zone",2058,15.1651964930877,13.5591984638232,16.8253410580719,1000,4,"SSP3-7.0"
"CR-Kp","ssp370","Temperate Zone",2059,15.3061719989917,13.6778587961271,16.9866529807083,1000,4,"SSP3-7.0"
"CR-Kp","ssp370","Temperate Zone",2060,15.4474663038914,13.7807411836088,17.1870366584134,1000,4,"SSP3-7.0"
"CR-Kp","ssp370","Temperate Zone",2061,15.578520587761,13.9602110728455,17.3386327658943,1000,4,"SSP3-7.0"
"CR-Kp","ssp370","Temperate Zone",2062,15.6906721392819,14.0591131381878,17.476624386664,1000,4,"SSP3-7.0"
"CR-Kp","ssp370","Temperate Zone",2063,15.8008015504652,14.0843598633478,17.560766876773,1000,4,"SSP3-7.0"
"CR-Kp","ssp370","Temperate Zone",2064,15.8937557493891,14.1823534139872,17.7172876464186,1000,4,"SSP3-7.0"
"CR-Kp","ssp370","Temperate Zone",2065,15.981707517895,14.1944110700384,17.8691932020864,1000,4,"SSP3-7.0"
"CR-Kp","ssp370","Temperate Zone",2066,16.0688060128195,14.2893997892481,17.9356521189207,1000,4,"SSP3-7.0"
"CR-Kp","ssp370","Temperate Zone",2067,16.1283137569225,14.3054523271407,17.9860939239539,1000,4,"SSP3-7.0"
"CR-Kp","ssp370","Temperate Zone",2068,16.1787265839233,14.3620519042951,18.1680592899531,1000,4,"SSP3-7.0"
"CR-Kp","ssp370","Temperate Zone",2069,16.2375862677767,14.3968296660293,18.3194763021616,1000,4,"SSP3-7.0"
"CR-Kp","ssp370","Temperate Zone",2070,16.2951441878665,14.4459655466402,18.3680318934905,1000,4,"SSP3-7.0"
"CR-Kp","ssp370","Temperate Zone",2071,16.3548837077242,14.5177605424733,18.4824413099009,1000,4,"SSP3-7.0"
"CR-Kp","ssp370","Temperate Zone",2072,16.3960606069217,14.5963938582558,18.5231725671972,1000,4,"SSP3-7.0"
"CR-Kp","ssp370","Temperate Zone",2073,16.4255064321342,14.6096387894105,18.542453077788,1000,4,"SSP3-7.0"
"CR-Kp","ssp370","Temperate Zone",2074,16.4502311845965,14.6173418221206,18.5800142917738,1000,4,"SSP3-7.0"
"CR-Kp","ssp370","Temperate Zone",2075,16.4834906572636,14.7158590931704,18.5214444499648,1000,4,"SSP3-7.0"
"CR-Kp","ssp370","Temperate Zone",2076,16.5162279823029,14.7127219231005,18.6351521313697,1000,4,"SSP3-7.0"
"CR-Kp","ssp370","Temperate Zone",2077,16.5371132823348,14.7517520062573,18.6734882158451,1000,4,"SSP3-7.0"
"CR-Kp","ssp370","Temperate Zone",2078,16.5550234892091,14.6946594902356,18.589130829234,1000,4,"SSP3-7.0"
"CR-Kp","ssp370","Temperate Zone",2079,16.5712790342305,14.7041464217556,18.6111048182057,1000,4,"SSP3-7.0"
"CR-Kp","ssp370","Temperate Zone",2080,16.5902404504146,14.740950211205,18.6340022905713,1000,4,"SSP3-7.0"
"CR-Kp","ssp370","Temperate Zone",2081,16.5998250298959,14.6531453462131,18.6734462287598,1000,4,"SSP3-7.0"
"CR-Kp","ssp370","Temperate Zone",2082,16.6103420011858,14.6817007835578,18.7244555361552,1000,4,"SSP3-7.0"
"CR-Kp","ssp370","Temperate Zone",2083,16.6218224018453,14.6857313709243,18.6635366217886,1000,4,"SSP3-7.0"
"CR-Kp","ssp370","Temperate Zone",2084,16.6226566786084,14.638961006656,18.631073277763,1000,4,"SSP3-7.0"
"CR-Kp","ssp370","Temperate Zone",2085,16.6244313500772,14.6022267586226,18.6672106223962,1000,4,"SSP3-7.0"
"CR-Kp","ssp370","Temperate Zone",2086,16.6180691361749,14.6465181203194,18.6610119408472,1000,4,"SSP3-7.0"
"CR-Kp","ssp370","Temperate Zone",2087,16.6129061706016,14.6713506488711,18.5586603277949,1000,4,"SSP3-7.0"
"CR-Kp","ssp370","Temperate Zone",2088,16.6145986949221,14.63160685608,18.6002268033759,1000,4,"SSP3-7.0"
"CR-Kp","ssp370","Temperate Zone",2089,16.6272730108631,14.6697775873869,18.7130596011559,1000,4,"SSP3-7.0"
"CR-Kp","ssp370","Temperate Zone",2090,16.6256825432635,14.6555779334779,18.7842943407768,1000,4,"SSP3-7.0"
"CR-Kp","ssp370","Temperate Zone",2091,16.6341538624378,14.6545183337794,18.740573909071,1000,4,"SSP3-7.0"
"CR-Kp","ssp370","Temperate Zone",2092,16.6416919363721,14.6654114430411,18.7276413648873,1000,4,"SSP3-7.0"
"CR-Kp","ssp370","Temperate Zone",2093,16.6455542418426,14.6379750344196,18.6715377480443,1000,4,"SSP3-7.0"
"CR-Kp","ssp370","Temperate Zone",2094,16.6388737140755,14.7310387543546,18.7135085059893,1000,4,"SSP3-7.0"
"CR-Kp","ssp370","Temperate Zone",2095,16.6464589869176,14.7334062813076,18.7826588185174,1000,4,"SSP3-7.0"
"CR-Kp","ssp370","Temperate Zone",2096,16.6504187161636,14.7067963927321,18.8316863323278,1000,4,"SSP3-7.0"
"CR-Kp","ssp370","Temperate Zone",2097,16.6532408449407,14.7465991436968,18.7840137670374,1000,4,"SSP3-7.0"
"CR-Kp","ssp370","Temperate Zone",2098,16.6603352688525,14.752808925633,18.8133516049296,1000,4,"SSP3-7.0"
"CR-Kp","ssp370","Temperate Zone",2099,16.6662619937017,14.6575637821196,18.8659303053836,1000,4,"SSP3-7.0"
"CR-Kp","ssp370","Temperate Zone",2100,16.6757434770457,14.6956102623376,18.9522222881484,1000,4,"SSP3-7.0"
"CR-Kp","ssp585","Temperate Zone",2020,10.7300755969997,10.4815337293365,11.0551472790627,1000,4,"SSP5-8.5"
"CR-Kp","ssp585","Temperate Zone",2021,10.7215196381615,10.421405951218,11.0338569887546,1000,4,"SSP5-8.5"
"CR-Kp","ssp585","Temperate Zone",2022,10.7540617699481,10.3678018814844,11.1253291507285,1000,4,"SSP5-8.5"
"CR-Kp","ssp585","Temperate Zone",2023,10.7960220082676,10.3332974450403,11.2487273723426,1000,4,"SSP5-8.5"
"CR-Kp","ssp585","Temperate Zone",2024,10.8634455602554,10.2813045615303,11.4025067740448,1000,4,"SSP5-8.5"
"CR-Kp","ssp585","Temperate Zone",2025,10.9347835903667,10.2253376494034,11.5627485014539,1000,4,"SSP5-8.5"
"CR-Kp","ssp585","Temperate Zone",2026,11.0267314642542,10.2306996666055,11.7304772095394,1000,4,"SSP5-8.5"
"CR-Kp","ssp585","Temperate Zone",2027,11.1244775221262,10.2767252583564,11.8968891670303,1000,4,"SSP5-8.5"
"CR-Kp","ssp585","Temperate Zone",2028,11.2273644832827,10.3009279942925,12.0510516637622,1000,4,"SSP5-8.5"
"CR-Kp","ssp585","Temperate Zone",2029,11.3398967128734,10.3708930308124,12.2015301087889,1000,4,"SSP5-8.5"
"CR-Kp","ssp585","Temperate Zone",2030,11.4548331800724,10.4599302364936,12.381179480349,1000,4,"SSP5-8.5"
"CR-Kp","ssp585","Temperate Zone",2031,11.5719889211666,10.5448788736577,12.5543558034363,1000,4,"SSP5-8.5"
"CR-Kp","ssp585","Temperate Zone",2032,11.692778885806,10.6380306622409,12.724190156894,1000,4,"SSP5-8.5"
"CR-Kp","ssp585","Temperate Zone",2033,11.8138740245152,10.7176555807949,12.8794677985451,1000,4,"SSP5-8.5"
"CR-Kp","ssp585","Temperate Zone",2034,11.9383594554507,10.7898134162809,13.0268488600455,1000,4,"SSP5-8.5"
"CR-Kp","ssp585","Temperate Zone",2035,12.0578774974409,10.8709808930548,13.2128760603937,1000,4,"SSP5-8.5"
"CR-Kp","ssp585","Temperate Zone",2036,12.175362552216,10.9800625923447,13.379107151533,1000,4,"SSP5-8.5"
"CR-Kp","ssp585","Temperate Zone",2037,12.2958988333194,11.0492414214965,13.563236503362,1000,4,"SSP5-8.5"
"CR-Kp","ssp585","Temperate Zone",2038,12.4277129360931,11.1677333951084,13.7059677732015,1000,4,"SSP5-8.5"
"CR-Kp","ssp585","Temperate Zone",2039,12.5594703940263,11.283251629778,13.8586597811947,1000,4,"SSP5-8.5"
"CR-Kp","ssp585","Temperate Zone",2040,12.6952509870693,11.355397049195,14.0429147735826,1000,4,"SSP5-8.5"
"CR-Kp","ssp585","Temperate Zone",2041,12.8325646097529,11.4908527922376,14.2026318990103,1000,4,"SSP5-8.5"
"CR-Kp","ssp585","Temperate Zone",2042,12.9781224543658,11.6221048830689,14.3494534496485,1000,4,"SSP5-8.5"
"CR-Kp","ssp585","Temperate Zone",2043,13.1175653429207,11.7737598679901,14.5558599509403,1000,4,"SSP5-8.5"
"CR-Kp","ssp585","Temperate Zone",2044,13.2460008481656,11.8989497995674,14.6685734825347,1000,4,"SSP5-8.5"
"CR-Kp","ssp585","Temperate Zone",2045,13.3909193907187,12.0027048479163,14.8059511109032,1000,4,"SSP5-8.5"
"CR-Kp","ssp585","Temperate Zone",2046,13.530429782284,12.1315126962286,14.9980213289315,1000,4,"SSP5-8.5"
"CR-Kp","ssp585","Temperate Zone",2047,13.6738046888212,12.2954256872653,15.2051179428063,1000,4,"SSP5-8.5"
"CR-Kp","ssp585","Temperate Zone",2048,13.820954453856,12.3474227367442,15.3921285440034,1000,4,"SSP5-8.5"
"CR-Kp","ssp585","Temperate Zone",2049,13.9677595035036,12.4784333131384,15.5718661201122,1000,4,"SSP5-8.5"
"CR-Kp","ssp585","Temperate Zone",2050,14.1208136786386,12.5497675671448,15.7567161066812,1000,4,"SSP5-8.5"
"CR-Kp","ssp585","Temperate Zone",2051,14.275563288288,12.7538977852768,15.9054160601148,1000,4,"SSP5-8.5"
"CR-Kp","ssp585","Temperate Zone",2052,14.4185263286372,12.8521730453255,16.0629631083997,1000,4,"SSP5-8.5"
"CR-Kp","ssp585","Temperate Zone",2053,14.5615071194645,12.9351221587865,16.1852829714685,1000,4,"SSP5-8.5"
"CR-Kp","ssp585","Temperate Zone",2054,14.7063759925607,13.0819884276626,16.3519731839933,1000,4,"SSP5-8.5"
"CR-Kp","ssp585","Temperate Zone",2055,14.8503169809681,13.2365593338646,16.4943843955642,1000,4,"SSP5-8.5"
"CR-Kp","ssp585","Temperate Zone",2056,14.9936927215036,13.3456868582756,16.725157942561,1000,4,"SSP5-8.5"
"CR-Kp","ssp585","Temperate Zone",2057,15.1435023731067,13.4903633117167,16.8556781761757,1000,4,"SSP5-8.5"
"CR-Kp","ssp585","Temperate Zone",2058,15.2899111971668,13.590892343879,17.0753055934992,1000,4,"SSP5-8.5"
"CR-Kp","ssp585","Temperate Zone",2059,15.4517566418126,13.7574881142181,17.2253891192569,1000,4,"SSP5-8.5"
"CR-Kp","ssp585","Temperate Zone",2060,15.6082633239021,13.9154471632246,17.3378517074888,1000,4,"SSP5-8.5"
"CR-Kp","ssp585","Temperate Zone",2061,15.7408216122449,14.0211308532761,17.517275197862,1000,4,"SSP5-8.5"
"CR-Kp","ssp585","Temperate Zone",2062,15.8609757368473,14.1018673913307,17.5697869178315,1000,4,"SSP5-8.5"
"CR-Kp","ssp585","Temperate Zone",2063,15.9645073541432,14.214355305606,17.7544232219251,1000,4,"SSP5-8.5"
"CR-Kp","ssp585","Temperate Zone",2064,16.0674557833877,14.2125665181878,17.8015614469099,1000,4,"SSP5-8.5"
"CR-Kp","ssp585","Temperate Zone",2065,16.1735682741643,14.3532146855031,17.9373719194228,1000,4,"SSP5-8.5"
"CR-Kp","ssp585","Temperate Zone",2066,16.2678586025696,14.4588412732291,18.0398085388147,1000,4,"SSP5-8.5"
"CR-Kp","ssp585","Temperate Zone",2067,16.3520333224593,14.5837701149003,18.2122403854015,1000,4,"SSP5-8.5"
"CR-Kp","ssp585","Temperate Zone",2068,16.4171247183613,14.6091905937724,18.2951477493406,1000,4,"SSP5-8.5"
"CR-Kp","ssp585","Temperate Zone",2069,16.4681119713822,14.6837546945541,18.2963218910219,1000,4,"SSP5-8.5"
"CR-Kp","ssp585","Temperate Zone",2070,16.5217833721714,14.7170839235113,18.3916692699439,1000,4,"SSP5-8.5"
"CR-Kp","ssp585","Temperate Zone",2071,16.5798524500869,14.7638133265189,18.5513916864459,1000,4,"SSP5-8.5"
"CR-Kp","ssp585","Temperate Zone",2072,16.6241749421036,14.7474782974854,18.6296805177086,1000,4,"SSP5-8.5"
"CR-Kp","ssp585","Temperate Zone",2073,16.6701379579573,14.7401143836792,18.6806746239393,1000,4,"SSP5-8.5"
"CR-Kp","ssp585","Temperate Zone",2074,16.704157903657,14.7958735181355,18.7359266592857,1000,4,"SSP5-8.5"
"CR-Kp","ssp585","Temperate Zone",2075,16.734167808522,14.8022021410408,18.775617335984,1000,4,"SSP5-8.5"
"CR-Kp","ssp585","Temperate Zone",2076,16.7688341925898,14.795516114416,18.8688515353862,1000,4,"SSP5-8.5"
"CR-Kp","ssp585","Temperate Zone",2077,16.7888803923308,14.7831646392174,18.8401041768861,1000,4,"SSP5-8.5"
"CR-Kp","ssp585","Temperate Zone",2078,16.8129592437219,14.7901947351124,18.9237199255713,1000,4,"SSP5-8.5"
"CR-Kp","ssp585","Temperate Zone",2079,16.8474361382389,14.903653431566,18.9912034168194,1000,4,"SSP5-8.5"
"CR-Kp","ssp585","Temperate Zone",2080,16.8732283336549,14.9306029928533,18.9818073480004,1000,4,"SSP5-8.5"
"CR-Kp","ssp585","Temperate Zone",2081,16.9021492334337,15.0041364172114,19.0340368158439,1000,4,"SSP5-8.5"
"CR-Kp","ssp585","Temperate Zone",2082,16.924607286282,15.0366252545757,19.1165200526876,1000,4,"SSP5-8.5"
"CR-Kp","ssp585","Temperate Zone",2083,16.942626887001,15.0822792171127,19.1676998076408,1000,4,"SSP5-8.5"
"CR-Kp","ssp585","Temperate Zone",2084,16.9698938926253,15.1211070941065,19.1785599536242,1000,4,"SSP5-8.5"
"CR-Kp","ssp585","Temperate Zone",2085,16.981839535416,15.0730679945539,19.1766603405017,1000,4,"SSP5-8.5"
"CR-Kp","ssp585","Temperate Zone",2086,17.0010718404959,15.1074424855282,19.2219688968001,1000,4,"SSP5-8.5"
"CR-Kp","ssp585","Temperate Zone",2087,17.0331879720822,15.1473601108271,19.2250941207045,1000,4,"SSP5-8.5"
"CR-Kp","ssp585","Temperate Zone",2088,17.0533104973742,15.1661411802031,19.2681352514722,1000,4,"SSP5-8.5"
"CR-Kp","ssp585","Temperate Zone",2089,17.070842321963,15.1259273895157,19.3729553129477,1000,4,"SSP5-8.5"
"CR-Kp","ssp585","Temperate Zone",2090,17.0887825673235,15.1577415517547,19.3257296203971,1000,4,"SSP5-8.5"
"CR-Kp","ssp585","Temperate Zone",2091,17.090351617318,15.170279423154,19.2754364818691,1000,4,"SSP5-8.5"
"CR-Kp","ssp585","Temperate Zone",2092,17.1039927347048,15.1113816817405,19.2876273155939,1000,4,"SSP5-8.5"
"CR-Kp","ssp585","Temperate Zone",2093,17.1116361953656,15.0981434293558,19.3477876672005,1000,4,"SSP5-8.5"
"CR-Kp","ssp585","Temperate Zone",2094,17.1059773276835,15.0755831950061,19.3614302333301,1000,4,"SSP5-8.5"
"CR-Kp","ssp585","Temperate Zone",2095,17.1190480329234,15.1224313242933,19.2914742048852,1000,4,"SSP5-8.5"
"CR-Kp","ssp585","Temperate Zone",2096,17.1330618633021,15.1584272323666,19.2986500610567,1000,4,"SSP5-8.5"
"CR-Kp","ssp585","Temperate Zone",2097,17.1345883919215,15.1286488703962,19.3279592567396,1000,4,"SSP5-8.5"
"CR-Kp","ssp585","Temperate Zone",2098,17.1464089050147,15.1243614415188,19.2580569482365,1000,4,"SSP5-8.5"
"CR-Kp","ssp585","Temperate Zone",2099,17.1612492253969,15.1137973159978,19.3671721524131,1000,4,"SSP5-8.5"
"CR-Kp","ssp585","Temperate Zone",2100,17.170016985909,15.1255852426656,19.3582718700317,1000,4,"SSP5-8.5"
"CR-Pa","ssp126","Temperate Zone",2020,23.3903898205149,23.3764575689457,23.4120603836763,1000,4,"SSP1-2.6"
"CR-Pa","ssp126","Temperate Zone",2021,24.209907792896,23.923637970347,24.51457092301,1000,4,"SSP1-2.6"
"CR-Pa","ssp126","Temperate Zone",2022,24.2481153015884,23.6457728396014,24.9106482673345,1000,4,"SSP1-2.6"
"CR-Pa","ssp126","Temperate Zone",2023,24.296720098671,23.3996345280121,25.3071854160685,1000,4,"SSP1-2.6"
"CR-Pa","ssp126","Temperate Zone",2024,24.3627928515747,23.2316101280165,25.6243483993521,1000,4,"SSP1-2.6"
"CR-Pa","ssp126","Temperate Zone",2025,24.3844004898131,23.1662538834893,25.7425376724946,1000,4,"SSP1-2.6"
"CR-Pa","ssp126","Temperate Zone",2026,24.4180209970881,23.0590709169607,25.9054978765825,1000,4,"SSP1-2.6"
"CR-Pa","ssp126","Temperate Zone",2027,24.4291624926508,23.0268426518112,25.8956533447617,1000,4,"SSP1-2.6"
"CR-Pa","ssp126","Temperate Zone",2028,24.5172199344575,23.0053973131954,26.0542059253873,1000,4,"SSP1-2.6"
"CR-Pa","ssp126","Temperate Zone",2029,24.587515088025,23.0004046281001,26.2434625685746,1000,4,"SSP1-2.6"
"CR-Pa","ssp126","Temperate Zone",2030,24.598462558743,22.9970695583962,26.2551383983581,1000,4,"SSP1-2.6"
"CR-Pa","ssp126","Temperate Zone",2031,24.5902156770171,23.0087997358828,26.2911399752179,1000,4,"SSP1-2.6"
"CR-Pa","ssp126","Temperate Zone",2032,24.5796111113336,23.0273593281133,26.2751005046116,1000,4,"SSP1-2.6"
"CR-Pa","ssp126","Temperate Zone",2033,24.6017839855416,22.9975776432208,26.2811023399138,1000,4,"SSP1-2.6"
"CR-Pa","ssp126","Temperate Zone",2034,24.6670958355706,23.0341384420011,26.3603436474189,1000,4,"SSP1-2.6"
"CR-Pa","ssp126","Temperate Zone",2035,24.7159136610133,23.1225788910386,26.5003625826162,1000,4,"SSP1-2.6"
"CR-Pa","ssp126","Temperate Zone",2036,24.7147597899,23.0699812330109,26.5842041549583,1000,4,"SSP1-2.6"
"CR-Pa","ssp126","Temperate Zone",2037,24.7726441245981,23.1211044777582,26.663324732064,1000,4,"SSP1-2.6"
"CR-Pa","ssp126","Temperate Zone",2038,24.8779800121634,23.1915428618641,26.7777931290043,1000,4,"SSP1-2.6"
"CR-Pa","ssp126","Temperate Zone",2039,24.9002888717786,23.2443206097293,26.7959108216915,1000,4,"SSP1-2.6"
"CR-Pa","ssp126","Temperate Zone",2040,24.9182888946528,23.2844895466104,26.7896931211037,1000,4,"SSP1-2.6"
"CR-Pa","ssp126","Temperate Zone",2041,24.9584745015084,23.3026695885777,26.8998356805318,1000,4,"SSP1-2.6"
"CR-Pa","ssp126","Temperate Zone",2042,24.9685157175915,23.3176321341353,26.9339337589769,1000,4,"SSP1-2.6"
"CR-Pa","ssp126","Temperate Zone",2043,24.9611080184857,23.3076669940943,26.9370388181258,1000,4,"SSP1-2.6"
"CR-Pa","ssp126","Temperate Zone",2044,25.019588107728,23.3075594846403,27.0048800423464,1000,4,"SSP1-2.6"
"CR-Pa","ssp126","Temperate Zone",2045,25.0931549290573,23.3171784439202,27.0621137148599,1000,4,"SSP1-2.6"
"CR-Pa","ssp126","Temperate Zone",2046,25.1572852518639,23.3185423016323,27.1999726063213,1000,4,"SSP1-2.6"
"CR-Pa","ssp126","Temperate Zone",2047,25.1612627857437,23.3680088720937,27.2349204970533,1000,4,"SSP1-2.6"
"CR-Pa","ssp126","Temperate Zone",2048,25.128339237208,23.3760876195431,27.1201786235905,1000,4,"SSP1-2.6"
"CR-Pa","ssp126","Temperate Zone",2049,25.1045613648693,23.3965371455245,27.104458232009,1000,4,"SSP1-2.6"
"CR-Pa","ssp126","Temperate Zone",2050,25.1665908607643,23.4631957979941,27.2743581779126,1000,4,"SSP1-2.6"
"CR-Pa","ssp126","Temperate Zone",2051,25.1600345947209,23.4668825036304,27.1524247068161,1000,4,"SSP1-2.6"
"CR-Pa","ssp126","Temperate Zone",2052,25.1652560330639,23.4868385049237,27.1255003885212,1000,4,"SSP1-2.6"
"CR-Pa","ssp126","Temperate Zone",2053,25.1871778614752,23.4346430143207,27.2908956156139,1000,4,"SSP1-2.6"
"CR-Pa","ssp126","Temperate Zone",2054,25.187886776124,23.4597911600542,27.2217189754708,1000,4,"SSP1-2.6"
"CR-Pa","ssp126","Temperate Zone",2055,25.2247003092278,23.5166409536076,27.3112719241061,1000,4,"SSP1-2.6"
"CR-Pa","ssp126","Temperate Zone",2056,25.2589236259856,23.593669938183,27.2305300462427,1000,4,"SSP1-2.6"
"CR-Pa","ssp126","Temperate Zone",2057,25.2991434524607,23.6202220956473,27.2708186989482,1000,4,"SSP1-2.6"
"CR-Pa","ssp126","Temperate Zone",2058,25.322102734637,23.6098134236883,27.4007520309893,1000,4,"SSP1-2.6"
"CR-Pa","ssp126","Temperate Zone",2059,25.3324277255408,23.6509162550606,27.5111214722014,1000,4,"SSP1-2.6"
"CR-Pa","ssp126","Temperate Zone",2060,25.3712973794188,23.7336344159127,27.4878283853774,1000,4,"SSP1-2.6"
"CR-Pa","ssp126","Temperate Zone",2061,25.3809147831485,23.7368297604592,27.5323312254834,1000,4,"SSP1-2.6"
"CR-Pa","ssp126","Temperate Zone",2062,25.3672817428663,23.7186923570581,27.553116399963,1000,4,"SSP1-2.6"
"CR-Pa","ssp126","Temperate Zone",2063,25.3404265823523,23.7193572609291,27.4482964287537,1000,4,"SSP1-2.6"
"CR-Pa","ssp126","Temperate Zone",2064,25.3932341481213,23.7274872667524,27.3948546890626,1000,4,"SSP1-2.6"
"CR-Pa","ssp126","Temperate Zone",2065,25.389585513333,23.7040699042507,27.3245832062815,1000,4,"SSP1-2.6"
"CR-Pa","ssp126","Temperate Zone",2066,25.3597968722689,23.7521169197875,27.1109540739719,1000,4,"SSP1-2.6"
"CR-Pa","ssp126","Temperate Zone",2067,25.3624506996267,23.7515015480476,27.1795964753079,1000,4,"SSP1-2.6"
"CR-Pa","ssp126","Temperate Zone",2068,25.3221963615669,23.7406143180067,27.1901766307018,1000,4,"SSP1-2.6"
"CR-Pa","ssp126","Temperate Zone",2069,25.3200182157842,23.8050870056136,27.1941952440487,1000,4,"SSP1-2.6"
"CR-Pa","ssp126","Temperate Zone",2070,25.2578955373327,23.7762939109055,27.1039416815619,1000,4,"SSP1-2.6"
"CR-Pa","ssp126","Temperate Zone",2071,25.2161985348234,23.6985470056196,26.9740661350821,1000,4,"SSP1-2.6"
"CR-Pa","ssp126","Temperate Zone",2072,25.2089180647647,23.6529323942219,26.9467679502499,1000,4,"SSP1-2.6"
"CR-Pa","ssp126","Temperate Zone",2073,25.2198115710955,23.6721590369838,27.0396712600885,1000,4,"SSP1-2.6"
"CR-Pa","ssp126","Temperate Zone",2074,25.274241308762,23.7121364284745,27.1568951872855,1000,4,"SSP1-2.6"
"CR-Pa","ssp126","Temperate Zone",2075,25.2613733572154,23.6285549117793,27.0972619478107,1000,4,"SSP1-2.6"
"CR-Pa","ssp126","Temperate Zone",2076,25.2437902075595,23.5674437609668,27.0268247722507,1000,4,"SSP1-2.6"
"CR-Pa","ssp126","Temperate Zone",2077,25.2227218375835,23.5413947765099,26.9669720066187,1000,4,"SSP1-2.6"
"CR-Pa","ssp126","Temperate Zone",2078,25.2261761706375,23.6152838681184,26.9734501023078,1000,4,"SSP1-2.6"
"CR-Pa","ssp126","Temperate Zone",2079,25.2388747200808,23.5580362461833,27.0054606851075,1000,4,"SSP1-2.6"
"CR-Pa","ssp126","Temperate Zone",2080,25.2034116979794,23.5102754840094,27.0337169007899,1000,4,"SSP1-2.6"
"CR-Pa","ssp126","Temperate Zone",2081,25.2491564108407,23.5470879080244,27.1127644590037,1000,4,"SSP1-2.6"
"CR-Pa","ssp126","Temperate Zone",2082,25.2943257984687,23.5699919142415,27.2460836065091,1000,4,"SSP1-2.6"
"CR-Pa","ssp126","Temperate Zone",2083,25.2878045284592,23.5359425770733,27.2708455655402,1000,4,"SSP1-2.6"
"CR-Pa","ssp126","Temperate Zone",2084,25.2544628390234,23.476378288194,27.1769001823439,1000,4,"SSP1-2.6"
"CR-Pa","ssp126","Temperate Zone",2085,25.24996422634,23.4866862588285,27.166343101047,1000,4,"SSP1-2.6"
"CR-Pa","ssp126","Temperate Zone",2086,25.1877304120374,23.4658051874935,27.1040478876308,1000,4,"SSP1-2.6"
"CR-Pa","ssp126","Temperate Zone",2087,25.1310412040206,23.504732396221,27.0203318300098,1000,4,"SSP1-2.6"
"CR-Pa","ssp126","Temperate Zone",2088,25.1672888063607,23.4671219326856,27.0874905452565,1000,4,"SSP1-2.6"
"CR-Pa","ssp126","Temperate Zone",2089,25.1814106021347,23.4109237733356,27.1353390505262,1000,4,"SSP1-2.6"
"CR-Pa","ssp126","Temperate Zone",2090,25.1673798303134,23.335975401189,27.0555855636866,1000,4,"SSP1-2.6"
"CR-Pa","ssp126","Temperate Zone",2091,25.1469965285214,23.4052199518822,26.9390181365319,1000,4,"SSP1-2.6"
"CR-Pa","ssp126","Temperate Zone",2092,25.1196495773037,23.4417311123894,26.931645596559,1000,4,"SSP1-2.6"
"CR-Pa","ssp126","Temperate Zone",2093,25.1326548131737,23.4729405717,26.862709491528,1000,4,"SSP1-2.6"
"CR-Pa","ssp126","Temperate Zone",2094,25.1082064834963,23.466255029395,26.8947889165625,1000,4,"SSP1-2.6"
"CR-Pa","ssp126","Temperate Zone",2095,25.0747429251181,23.3944444891648,26.9530300822275,1000,4,"SSP1-2.6"
"CR-Pa","ssp126","Temperate Zone",2096,25.0909879761826,23.4278765297631,26.987453248089,1000,4,"SSP1-2.6"
"CR-Pa","ssp126","Temperate Zone",2097,25.0910627402769,23.3874452910528,26.9409424968185,1000,4,"SSP1-2.6"
"CR-Pa","ssp126","Temperate Zone",2098,25.0496459117462,23.3015057700004,26.9239307599819,1000,4,"SSP1-2.6"
"CR-Pa","ssp126","Temperate Zone",2099,25.0852108951401,23.3587182592076,26.9461411483856,1000,4,"SSP1-2.6"
"CR-Pa","ssp126","Temperate Zone",2100,25.1038319408686,23.3100394145176,26.9742923430498,1000,4,"SSP1-2.6"
"CR-Pa","ssp245","Temperate Zone",2020,23.4287532506758,23.325520564084,23.5713677500489,1000,4,"SSP2-4.5"
"CR-Pa","ssp245","Temperate Zone",2021,24.3597501967654,24.0173210843882,24.7102500499062,1000,4,"SSP2-4.5"
"CR-Pa","ssp245","Temperate Zone",2022,24.4574057647767,23.7863117847648,25.1644122522774,1000,4,"SSP2-4.5"
"CR-Pa","ssp245","Temperate Zone",2023,24.5024937781295,23.59519284362,25.5141117792191,1000,4,"SSP2-4.5"
"CR-Pa","ssp245","Temperate Zone",2024,24.4769090708629,23.3736067614581,25.7379166055614,1000,4,"SSP2-4.5"
"CR-Pa","ssp245","Temperate Zone",2025,24.5492388257114,23.2026590195789,25.9722810921917,1000,4,"SSP2-4.5"
"CR-Pa","ssp245","Temperate Zone",2026,24.5925844985766,23.0769225010186,26.1668023518404,1000,4,"SSP2-4.5"
"CR-Pa","ssp245","Temperate Zone",2027,24.6695113854407,23.1314396009777,26.3520345181343,1000,4,"SSP2-4.5"
"CR-Pa","ssp245","Temperate Zone",2028,24.6774473696318,23.0624407924646,26.4728181127449,1000,4,"SSP2-4.5"
"CR-Pa","ssp245","Temperate Zone",2029,24.7557956391391,23.1481097303973,26.559878590187,1000,4,"SSP2-4.5"
"CR-Pa","ssp245","Temperate Zone",2030,24.8380480409975,23.1676314714824,26.6739427010611,1000,4,"SSP2-4.5"
"CR-Pa","ssp245","Temperate Zone",2031,24.8382512319998,23.123648133734,26.6924919852138,1000,4,"SSP2-4.5"
"CR-Pa","ssp245","Temperate Zone",2032,24.8975724102899,23.1694999911241,26.744553574956,1000,4,"SSP2-4.5"
"CR-Pa","ssp245","Temperate Zone",2033,24.9381156666424,23.3223403449619,26.7652938763755,1000,4,"SSP2-4.5"
"CR-Pa","ssp245","Temperate Zone",2034,24.9788949623872,23.3161419890861,26.9180054778167,1000,4,"SSP2-4.5"
"CR-Pa","ssp245","Temperate Zone",2035,25.0514139676913,23.3770379048613,27.015074041119,1000,4,"SSP2-4.5"
"CR-Pa","ssp245","Temperate Zone",2036,25.1641043638088,23.4403766566203,27.0617855023568,1000,4,"SSP2-4.5"
"CR-Pa","ssp245","Temperate Zone",2037,25.1523040190089,23.4954650840386,26.9452040400073,1000,4,"SSP2-4.5"
"CR-Pa","ssp245","Temperate Zone",2038,25.1961853846367,23.5519085338414,26.9801270750114,1000,4,"SSP2-4.5"
"CR-Pa","ssp245","Temperate Zone",2039,25.2345668397757,23.6256173132868,26.9832020659414,1000,4,"SSP2-4.5"
"CR-Pa","ssp245","Temperate Zone",2040,25.2784239806058,23.5836743664131,27.0877161997292,1000,4,"SSP2-4.5"
"CR-Pa","ssp245","Temperate Zone",2041,25.3080035906725,23.612921159347,27.1213676388712,1000,4,"SSP2-4.5"
"CR-Pa","ssp245","Temperate Zone",2042,25.4269333267856,23.6790405590282,27.3597008188236,1000,4,"SSP2-4.5"
"CR-Pa","ssp245","Temperate Zone",2043,25.4736631888886,23.7213395076067,27.3818782600113,1000,4,"SSP2-4.5"
"CR-Pa","ssp245","Temperate Zone",2044,25.5563991935282,23.8395649420143,27.3845160296246,1000,4,"SSP2-4.5"
"CR-Pa","ssp245","Temperate Zone",2045,25.6815329958126,23.9730053858919,27.5542529777041,1000,4,"SSP2-4.5"
"CR-Pa","ssp245","Temperate Zone",2046,25.7775093378776,24.0270894033337,27.6599948312629,1000,4,"SSP2-4.5"
"CR-Pa","ssp245","Temperate Zone",2047,25.7684697637652,23.995177735123,27.7856475414066,1000,4,"SSP2-4.5"
"CR-Pa","ssp245","Temperate Zone",2048,25.7732139304549,24.0408295465747,27.6464896528144,1000,4,"SSP2-4.5"
"CR-Pa","ssp245","Temperate Zone",2049,25.7711398346934,24.0474832931457,27.7421697859515,1000,4,"SSP2-4.5"
"CR-Pa","ssp245","Temperate Zone",2050,25.8361196323023,24.1115001352296,27.9950134227544,1000,4,"SSP2-4.5"
"CR-Pa","ssp245","Temperate Zone",2051,25.8701849544999,24.1196329945043,28.0375160719744,1000,4,"SSP2-4.5"
"CR-Pa","ssp245","Temperate Zone",2052,25.8963578703181,24.1568508315489,27.8885626727863,1000,4,"SSP2-4.5"
"CR-Pa","ssp245","Temperate Zone",2053,25.9829584362278,24.2333869815434,28.0957104904393,1000,4,"SSP2-4.5"
"CR-Pa","ssp245","Temperate Zone",2054,26.0778957560705,24.2650893443579,28.2700080412778,1000,4,"SSP2-4.5"
"CR-Pa","ssp245","Temperate Zone",2055,26.0642182382767,24.2770644856626,28.0743465771032,1000,4,"SSP2-4.5"
"CR-Pa","ssp245","Temperate Zone",2056,26.128226081871,24.3090678411679,28.2124899455615,1000,4,"SSP2-4.5"
"CR-Pa","ssp245","Temperate Zone",2057,26.1952863071101,24.3874155946379,28.1754164543869,1000,4,"SSP2-4.5"
"CR-Pa","ssp245","Temperate Zone",2058,26.2368860201826,24.4101473009152,28.215184027638,1000,4,"SSP2-4.5"
"CR-Pa","ssp245","Temperate Zone",2059,26.2388881535816,24.4005551417641,28.2867558761686,1000,4,"SSP2-4.5"
"CR-Pa","ssp245","Temperate Zone",2060,26.265530153925,24.4491332428768,28.2931466426245,1000,4,"SSP2-4.5"
"CR-Pa","ssp245","Temperate Zone",2061,26.2584355156515,24.533635499129,28.3192069230901,1000,4,"SSP2-4.5"
"CR-Pa","ssp245","Temperate Zone",2062,26.2995191826518,24.5771382387551,28.3496663885983,1000,4,"SSP2-4.5"
"CR-Pa","ssp245","Temperate Zone",2063,26.2753673210767,24.5553051452685,28.3813989511244,1000,4,"SSP2-4.5"
"CR-Pa","ssp245","Temperate Zone",2064,26.260771649717,24.4876422064039,28.3867078817004,1000,4,"SSP2-4.5"
"CR-Pa","ssp245","Temperate Zone",2065,26.3231104480572,24.5203729300645,28.4107875313,1000,4,"SSP2-4.5"
"CR-Pa","ssp245","Temperate Zone",2066,26.3496266104422,24.5658348150136,28.3872606448006,1000,4,"SSP2-4.5"
"CR-Pa","ssp245","Temperate Zone",2067,26.3360652745166,24.5986634845493,28.3612833558341,1000,4,"SSP2-4.5"
"CR-Pa","ssp245","Temperate Zone",2068,26.3482420531768,24.5971116164387,28.3371562349092,1000,4,"SSP2-4.5"
"CR-Pa","ssp245","Temperate Zone",2069,26.3617000772105,24.6107296624895,28.3032296917445,1000,4,"SSP2-4.5"
"CR-Pa","ssp245","Temperate Zone",2070,26.3596893339692,24.6267074317686,28.3819312561889,1000,4,"SSP2-4.5"
"CR-Pa","ssp245","Temperate Zone",2071,26.3874548737346,24.6403829551745,28.5488534090652,1000,4,"SSP2-4.5"
"CR-Pa","ssp245","Temperate Zone",2072,26.4180402825784,24.696035518775,28.4687683226883,1000,4,"SSP2-4.5"
"CR-Pa","ssp245","Temperate Zone",2073,26.4468092063925,24.7419756767554,28.4892606915432,1000,4,"SSP2-4.5"
"CR-Pa","ssp245","Temperate Zone",2074,26.4265894302594,24.6851200685273,28.4859456400116,1000,4,"SSP2-4.5"
"CR-Pa","ssp245","Temperate Zone",2075,26.374497477445,24.6312820711846,28.4370723179676,1000,4,"SSP2-4.5"
"CR-Pa","ssp245","Temperate Zone",2076,26.4020530374139,24.6580006826891,28.4041517629891,1000,4,"SSP2-4.5"
"CR-Pa","ssp245","Temperate Zone",2077,26.431849776999,24.6940730850068,28.5041779286371,1000,4,"SSP2-4.5"
"CR-Pa","ssp245","Temperate Zone",2078,26.4040605454423,24.6710350046428,28.4591383903475,1000,4,"SSP2-4.5"
"CR-Pa","ssp245","Temperate Zone",2079,26.4008956751817,24.6546682298761,28.4765742120794,1000,4,"SSP2-4.5"
"CR-Pa","ssp245","Temperate Zone",2080,26.3752312397747,24.7039549997209,28.4683860465048,1000,4,"SSP2-4.5"
"CR-Pa","ssp245","Temperate Zone",2081,26.3947804822038,24.7596102758175,28.4355874727571,1000,4,"SSP2-4.5"
"CR-Pa","ssp245","Temperate Zone",2082,26.4161418659732,24.7314234659355,28.4810391903749,1000,4,"SSP2-4.5"
"CR-Pa","ssp245","Temperate Zone",2083,26.4149235252182,24.7720881156242,28.465885062609,1000,4,"SSP2-4.5"
"CR-Pa","ssp245","Temperate Zone",2084,26.4283880537408,24.7317721518579,28.5579148500413,1000,4,"SSP2-4.5"
"CR-Pa","ssp245","Temperate Zone",2085,26.4216540317974,24.7036780821722,28.5802966168765,1000,4,"SSP2-4.5"
"CR-Pa","ssp245","Temperate Zone",2086,26.3955670558322,24.6390207939132,28.5073643029366,1000,4,"SSP2-4.5"
"CR-Pa","ssp245","Temperate Zone",2087,26.4241492980306,24.6706051975019,28.4937401252477,1000,4,"SSP2-4.5"
"CR-Pa","ssp245","Temperate Zone",2088,26.4278749444222,24.6871693321558,28.5615528292996,1000,4,"SSP2-4.5"
"CR-Pa","ssp245","Temperate Zone",2089,26.4644208594587,24.7041377696129,28.622105517939,1000,4,"SSP2-4.5"
"CR-Pa","ssp245","Temperate Zone",2090,26.4613582287268,24.7184265651152,28.5774194408801,1000,4,"SSP2-4.5"
"CR-Pa","ssp245","Temperate Zone",2091,26.4693792925734,24.7320159178276,28.607913373144,1000,4,"SSP2-4.5"
"CR-Pa","ssp245","Temperate Zone",2092,26.5164525527719,24.849294206959,28.5662144515575,1000,4,"SSP2-4.5"
"CR-Pa","ssp245","Temperate Zone",2093,26.5468712393635,24.8324792791794,28.5807560888816,1000,4,"SSP2-4.5"
"CR-Pa","ssp245","Temperate Zone",2094,26.4771970000479,24.7419093070025,28.8086105864473,1000,4,"SSP2-4.5"
"CR-Pa","ssp245","Temperate Zone",2095,26.4679493514307,24.7644501259065,28.7841381582727,1000,4,"SSP2-4.5"
"CR-Pa","ssp245","Temperate Zone",2096,26.4935747596025,24.8142105063264,28.6851189977287,1000,4,"SSP2-4.5"
"CR-Pa","ssp245","Temperate Zone",2097,26.4615258203042,24.8436592268093,28.6006742257208,1000,4,"SSP2-4.5"
"CR-Pa","ssp245","Temperate Zone",2098,26.4709986336338,24.8061071616029,28.5754574157174,1000,4,"SSP2-4.5"
"CR-Pa","ssp245","Temperate Zone",2099,26.4337677357955,24.8462490973744,28.3993158884213,1000,4,"SSP2-4.5"
"CR-Pa","ssp245","Temperate Zone",2100,26.4829287811279,24.886630056702,28.4960798618076,1000,4,"SSP2-4.5"
"CR-Pa","ssp370","Temperate Zone",2020,23.4153596868086,23.3342812576237,23.4931352558565,1000,4,"SSP3-7.0"
"CR-Pa","ssp370","Temperate Zone",2021,24.460717723208,24.0906379987626,24.8114955058829,1000,4,"SSP3-7.0"
"CR-Pa","ssp370","Temperate Zone",2022,24.6520521977139,23.9080591343942,25.3774464376036,1000,4,"SSP3-7.0"
"CR-Pa","ssp370","Temperate Zone",2023,24.6948946981041,23.7395607766349,25.7237752188463,1000,4,"SSP3-7.0"
"CR-Pa","ssp370","Temperate Zone",2024,24.7648049330742,23.6230831335122,26.0524462591932,1000,4,"SSP3-7.0"
"CR-Pa","ssp370","Temperate Zone",2025,24.8412100444857,23.4717144138657,26.2493225951305,1000,4,"SSP3-7.0"
"CR-Pa","ssp370","Temperate Zone",2026,24.9044297840542,23.4464218548548,26.3959553557997,1000,4,"SSP3-7.0"
"CR-Pa","ssp370","Temperate Zone",2027,25.081154254593,23.5054379487966,26.6603130421309,1000,4,"SSP3-7.0"
"CR-Pa","ssp370","Temperate Zone",2028,25.1618494000294,23.5565593327918,26.8068220322969,1000,4,"SSP3-7.0"
"CR-Pa","ssp370","Temperate Zone",2029,25.2188636426862,23.6122880442873,26.8615610460076,1000,4,"SSP3-7.0"
"CR-Pa","ssp370","Temperate Zone",2030,25.2441038009343,23.637778516595,26.8839151130617,1000,4,"SSP3-7.0"
"CR-Pa","ssp370","Temperate Zone",2031,25.307292690962,23.6671997116043,27.0220592670205,1000,4,"SSP3-7.0"
"CR-Pa","ssp370","Temperate Zone",2032,25.3761396263934,23.7390193617302,27.0704110596016,1000,4,"SSP3-7.0"
"CR-Pa","ssp370","Temperate Zone",2033,25.4376982301163,23.8043073919901,27.1905519336773,1000,4,"SSP3-7.0"
"CR-Pa","ssp370","Temperate Zone",2034,25.4744179767368,23.8321073874445,27.2856938737087,1000,4,"SSP3-7.0"
"CR-Pa","ssp370","Temperate Zone",2035,25.507181460447,23.9594133669401,27.3478897318462,1000,4,"SSP3-7.0"
"CR-Pa","ssp370","Temperate Zone",2036,25.5723330256398,23.9390051361901,27.45779373938,1000,4,"SSP3-7.0"
"CR-Pa","ssp370","Temperate Zone",2037,25.6301315750184,23.9626210469811,27.5041695883307,1000,4,"SSP3-7.0"
"CR-Pa","ssp370","Temperate Zone",2038,25.7126924202881,24.130062416312,27.6093815984018,1000,4,"SSP3-7.0"
"CR-Pa","ssp370","Temperate Zone",2039,25.693619559658,24.1342689975975,27.5106256190597,1000,4,"SSP3-7.0"
"CR-Pa","ssp370","Temperate Zone",2040,25.6683125339346,24.1860858062427,27.3964239995163,1000,4,"SSP3-7.0"
"CR-Pa","ssp370","Temperate Zone",2041,25.7342242862568,24.2070265054976,27.5119886315013,1000,4,"SSP3-7.0"
"CR-Pa","ssp370","Temperate Zone",2042,25.8137615672259,24.2003243324819,27.7076144408268,1000,4,"SSP3-7.0"
"CR-Pa","ssp370","Temperate Zone",2043,25.8444971599793,24.2301021468356,27.6806234307892,1000,4,"SSP3-7.0"
"CR-Pa","ssp370","Temperate Zone",2044,25.8430062235346,24.2748318210978,27.5821744913644,1000,4,"SSP3-7.0"
"CR-Pa","ssp370","Temperate Zone",2045,25.8965285369089,24.3502049309788,27.7599759886521,1000,4,"SSP3-7.0"
"CR-Pa","ssp370","Temperate Zone",2046,25.9569316869307,24.3859920036868,27.7978009269156,1000,4,"SSP3-7.0"
"CR-Pa","ssp370","Temperate Zone",2047,26.0532861194784,24.4613446895263,27.8864062012119,1000,4,"SSP3-7.0"
"CR-Pa","ssp370","Temperate Zone",2048,26.104671462474,24.5646947934015,27.9440181421069,1000,4,"SSP3-7.0"
"CR-Pa","ssp370","Temperate Zone",2049,26.0860659913019,24.6092446808657,27.9212471219698,1000,4,"SSP3-7.0"
"CR-Pa","ssp370","Temperate Zone",2050,26.0922579471487,24.6650842806241,27.845132282176,1000,4,"SSP3-7.0"
"CR-Pa","ssp370","Temperate Zone",2051,26.153936169472,24.6487296885755,28.0646680647565,1000,4,"SSP3-7.0"
"CR-Pa","ssp370","Temperate Zone",2052,26.1671346101783,24.6678610098388,28.0300235577649,1000,4,"SSP3-7.0"
"CR-Pa","ssp370","Temperate Zone",2053,26.164901356877,24.674044728511,28.0038713693368,1000,4,"SSP3-7.0"
"CR-Pa","ssp370","Temperate Zone",2054,26.2392887396154,24.773402185434,28.0315701871444,1000,4,"SSP3-7.0"
"CR-Pa","ssp370","Temperate Zone",2055,26.302100765327,24.8678540205603,28.1208120482372,1000,4,"SSP3-7.0"
"CR-Pa","ssp370","Temperate Zone",2056,26.3279597672074,24.8489284811278,28.1525798804074,1000,4,"SSP3-7.0"
"CR-Pa","ssp370","Temperate Zone",2057,26.4329815925698,24.996630833426,28.219529946634,1000,4,"SSP3-7.0"
"CR-Pa","ssp370","Temperate Zone",2058,26.5106235727754,25.0925894109461,28.3667342558928,1000,4,"SSP3-7.0"
"CR-Pa","ssp370","Temperate Zone",2059,26.4930602810656,25.0758917523787,28.3534578370846,1000,4,"SSP3-7.0"
"CR-Pa","ssp370","Temperate Zone",2060,26.5251119922179,25.0887926931589,28.4645724423985,1000,4,"SSP3-7.0"
"CR-Pa","ssp370","Temperate Zone",2061,26.5056765878547,25.0877159217558,28.3299908665811,1000,4,"SSP3-7.0"
"CR-Pa","ssp370","Temperate Zone",2062,26.5593879428363,25.2114116200298,28.5335585731539,1000,4,"SSP3-7.0"
"CR-Pa","ssp370","Temperate Zone",2063,26.5573725277896,25.1615219347787,28.5292075760921,1000,4,"SSP3-7.0"
"CR-Pa","ssp370","Temperate Zone",2064,26.5499249905781,25.1527363196981,28.4128942225576,1000,4,"SSP3-7.0"
"CR-Pa","ssp370","Temperate Zone",2065,26.6125547655415,25.1966997993286,28.5177953594116,1000,4,"SSP3-7.0"
"CR-Pa","ssp370","Temperate Zone",2066,26.601399306521,25.1241667960671,28.3744787321272,1000,4,"SSP3-7.0"
"CR-Pa","ssp370","Temperate Zone",2067,26.6029999712285,25.1565460010443,28.5162595550668,1000,4,"SSP3-7.0"
"CR-Pa","ssp370","Temperate Zone",2068,26.5851896294803,25.0891140174393,28.5349250348851,1000,4,"SSP3-7.0"
"CR-Pa","ssp370","Temperate Zone",2069,26.6037850075475,25.1535570803222,28.5429363441162,1000,4,"SSP3-7.0"
"CR-Pa","ssp370","Temperate Zone",2070,26.664350741557,25.1651841636057,28.7287482499506,1000,4,"SSP3-7.0"
"CR-Pa","ssp370","Temperate Zone",2071,26.675373331116,25.1794243061091,28.8448723013399,1000,4,"SSP3-7.0"
"CR-Pa","ssp370","Temperate Zone",2072,26.7652342212834,25.2642591468971,28.9672291356109,1000,4,"SSP3-7.0"
"CR-Pa","ssp370","Temperate Zone",2073,26.8279394069919,25.2363182356791,29.0004519565241,1000,4,"SSP3-7.0"
"CR-Pa","ssp370","Temperate Zone",2074,26.8143790751848,25.211461384925,28.9594955937045,1000,4,"SSP3-7.0"
"CR-Pa","ssp370","Temperate Zone",2075,26.8099068853653,25.2361670820885,28.7850125918532,1000,4,"SSP3-7.0"
"CR-Pa","ssp370","Temperate Zone",2076,26.773308855145,25.2504373860645,28.7771135892156,1000,4,"SSP3-7.0"
"CR-Pa","ssp370","Temperate Zone",2077,26.7868190339644,25.2726835997178,29.0662096374603,1000,4,"SSP3-7.0"
"CR-Pa","ssp370","Temperate Zone",2078,26.7936433065591,25.2767962048848,29.1125202607537,1000,4,"SSP3-7.0"
"CR-Pa","ssp370","Temperate Zone",2079,26.8300672552955,25.3226435112929,29.2172939679413,1000,4,"SSP3-7.0"
"CR-Pa","ssp370","Temperate Zone",2080,26.8392279843101,25.3275361815179,29.1984228613701,1000,4,"SSP3-7.0"
"CR-Pa","ssp370","Temperate Zone",2081,26.8521786633078,25.3346880925236,29.1912354037649,1000,4,"SSP3-7.0"
"CR-Pa","ssp370","Temperate Zone",2082,26.9002640827388,25.3792705430332,29.3340693758037,1000,4,"SSP3-7.0"
"CR-Pa","ssp370","Temperate Zone",2083,26.9041211547367,25.3457971886501,29.3517757627507,1000,4,"SSP3-7.0"
"CR-Pa","ssp370","Temperate Zone",2084,26.9212645533214,25.3810887305545,29.3436949594735,1000,4,"SSP3-7.0"
"CR-Pa","ssp370","Temperate Zone",2085,26.9453478547402,25.3856627449277,29.3330294925683,1000,4,"SSP3-7.0"
"CR-Pa","ssp370","Temperate Zone",2086,26.9181250141233,25.2724718482122,29.1678685008402,1000,4,"SSP3-7.0"
"CR-Pa","ssp370","Temperate Zone",2087,26.9157047429776,25.3387216611914,29.3292993663987,1000,4,"SSP3-7.0"
"CR-Pa","ssp370","Temperate Zone",2088,26.9497106580722,25.4077185972394,29.2943190175853,1000,4,"SSP3-7.0"
"CR-Pa","ssp370","Temperate Zone",2089,26.9662868651085,25.4463210093504,29.4926854263086,1000,4,"SSP3-7.0"
"CR-Pa","ssp370","Temperate Zone",2090,26.9978442769501,25.4006033257417,29.6231143448147,1000,4,"SSP3-7.0"
"CR-Pa","ssp370","Temperate Zone",2091,26.9999211795681,25.365304136215,29.6076089599802,1000,4,"SSP3-7.0"
"CR-Pa","ssp370","Temperate Zone",2092,27.0398992102361,25.3855343179261,29.795044276763,1000,4,"SSP3-7.0"
"CR-Pa","ssp370","Temperate Zone",2093,27.0427125150344,25.3998403458459,29.6513808333545,1000,4,"SSP3-7.0"
"CR-Pa","ssp370","Temperate Zone",2094,27.042195215202,25.4353667941791,29.6884346461934,1000,4,"SSP3-7.0"
"CR-Pa","ssp370","Temperate Zone",2095,27.0410654009206,25.4416697752443,29.6002367169406,1000,4,"SSP3-7.0"
"CR-Pa","ssp370","Temperate Zone",2096,27.0962249973199,25.4814988091155,29.6244720316473,1000,4,"SSP3-7.0"
"CR-Pa","ssp370","Temperate Zone",2097,27.1047058938813,25.5041123352722,29.7081507173201,1000,4,"SSP3-7.0"
"CR-Pa","ssp370","Temperate Zone",2098,27.1148303060678,25.5377958124664,29.76412858643,1000,4,"SSP3-7.0"
"CR-Pa","ssp370","Temperate Zone",2099,27.1331355504742,25.5760470052105,29.6133793906923,1000,4,"SSP3-7.0"
"CR-Pa","ssp370","Temperate Zone",2100,27.1515143112244,25.5237787752001,29.7041821957026,1000,4,"SSP3-7.0"
"CR-Pa","ssp585","Temperate Zone",2020,23.4266682067058,23.3889883156023,23.4682906031029,1000,4,"SSP5-8.5"
"CR-Pa","ssp585","Temperate Zone",2021,24.534346231635,24.133764501211,24.9227773154148,1000,4,"SSP5-8.5"
"CR-Pa","ssp585","Temperate Zone",2022,24.638561489906,23.8140611083423,25.5241045544666,1000,4,"SSP5-8.5"
"CR-Pa","ssp585","Temperate Zone",2023,24.7210281232399,23.6296947488306,25.9272861598424,1000,4,"SSP5-8.5"
"CR-Pa","ssp585","Temperate Zone",2024,24.7490527672995,23.4888338649386,26.2060136384264,1000,4,"SSP5-8.5"
"CR-Pa","ssp585","Temperate Zone",2025,24.8680987135242,23.4776765168568,26.5711661361587,1000,4,"SSP5-8.5"
"CR-Pa","ssp585","Temperate Zone",2026,24.945223111665,23.4432161576868,26.8185296767967,1000,4,"SSP5-8.5"
"CR-Pa","ssp585","Temperate Zone",2027,25.0074209642861,23.4127401059999,26.8834561491242,1000,4,"SSP5-8.5"
"CR-Pa","ssp585","Temperate Zone",2028,25.1601069101154,23.426921642493,27.1303675228338,1000,4,"SSP5-8.5"
"CR-Pa","ssp585","Temperate Zone",2029,25.2541642775465,23.4877197222623,27.2862735596972,1000,4,"SSP5-8.5"
"CR-Pa","ssp585","Temperate Zone",2030,25.3230311599044,23.5521373677671,27.3888374131401,1000,4,"SSP5-8.5"
"CR-Pa","ssp585","Temperate Zone",2031,25.3729535025975,23.5413786659432,27.4827324762605,1000,4,"SSP5-8.5"
"CR-Pa","ssp585","Temperate Zone",2032,25.4529610221775,23.6391614765959,27.6910154212054,1000,4,"SSP5-8.5"
"CR-Pa","ssp585","Temperate Zone",2033,25.5257026697578,23.6822774358942,27.7084451518706,1000,4,"SSP5-8.5"
"CR-Pa","ssp585","Temperate Zone",2034,25.5619192313848,23.6886635726916,27.7637490656531,1000,4,"SSP5-8.5"
"CR-Pa","ssp585","Temperate Zone",2035,25.594415520572,23.7729597591274,27.7406915491433,1000,4,"SSP5-8.5"
"CR-Pa","ssp585","Temperate Zone",2036,25.6288239247939,23.7728209377112,27.7486852570312,1000,4,"SSP5-8.5"
"CR-Pa","ssp585","Temperate Zone",2037,25.6640487137541,23.8301658627138,27.8298785863462,1000,4,"SSP5-8.5"
"CR-Pa","ssp585","Temperate Zone",2038,25.7470007574211,23.9651163934792,27.8136338976097,1000,4,"SSP5-8.5"
"CR-Pa","ssp585","Temperate Zone",2039,25.7895964078436,24.0149003540477,27.7948471203685,1000,4,"SSP5-8.5"
"CR-Pa","ssp585","Temperate Zone",2040,25.8540767877856,24.1450571499256,27.8453901404003,1000,4,"SSP5-8.5"
"CR-Pa","ssp585","Temperate Zone",2041,25.9334211856323,24.1663087042472,27.8868657281937,1000,4,"SSP5-8.5"
"CR-Pa","ssp585","Temperate Zone",2042,25.9975018002255,24.218883950843,27.8952653449295,1000,4,"SSP5-8.5"
"CR-Pa","ssp585","Temperate Zone",2043,26.0564364436855,24.3200989488615,27.9794451540403,1000,4,"SSP5-8.5"
"CR-Pa","ssp585","Temperate Zone",2044,26.1141373950664,24.4358247411224,28.0101416893528,1000,4,"SSP5-8.5"
"CR-Pa","ssp585","Temperate Zone",2045,26.1157764989319,24.4925209270725,28.0255910223884,1000,4,"SSP5-8.5"
"CR-Pa","ssp585","Temperate Zone",2046,26.1797599028149,24.6068584635346,28.1614512899759,1000,4,"SSP5-8.5"
"CR-Pa","ssp585","Temperate Zone",2047,26.2216895086387,24.5933082060871,28.2609900014583,1000,4,"SSP5-8.5"
"CR-Pa","ssp585","Temperate Zone",2048,26.3273266917498,24.6454780178829,28.3507022389221,1000,4,"SSP5-8.5"
"CR-Pa","ssp585","Temperate Zone",2049,26.3789621997414,24.6856703293655,28.3545800389471,1000,4,"SSP5-8.5"
"CR-Pa","ssp585","Temperate Zone",2050,26.4387747316511,24.8425568657339,28.3171879974807,1000,4,"SSP5-8.5"
"CR-Pa","ssp585","Temperate Zone",2051,26.5144517416195,24.9041579002018,28.4465845778982,1000,4,"SSP5-8.5"
"CR-Pa","ssp585","Temperate Zone",2052,26.6375187901119,24.9737681511706,28.6850333576316,1000,4,"SSP5-8.5"
"CR-Pa","ssp585","Temperate Zone",2053,26.6589876211494,25.0382522886183,28.6654242240391,1000,4,"SSP5-8.5"
"CR-Pa","ssp585","Temperate Zone",2054,26.7052611433519,25.1282247067412,28.7129420224656,1000,4,"SSP5-8.5"
"CR-Pa","ssp585","Temperate Zone",2055,26.7141579678721,25.1494835849788,28.7900140725762,1000,4,"SSP5-8.5"
"CR-Pa","ssp585","Temperate Zone",2056,26.7770571558949,25.1886436943466,28.8252092533134,1000,4,"SSP5-8.5"
"CR-Pa","ssp585","Temperate Zone",2057,26.8087466185981,25.2300973571408,28.8356406199769,1000,4,"SSP5-8.5"
"CR-Pa","ssp585","Temperate Zone",2058,26.9028879776113,25.278520236134,28.956554512944,1000,4,"SSP5-8.5"
"CR-Pa","ssp585","Temperate Zone",2059,26.9072919468472,25.2795053223653,29.0465995213339,1000,4,"SSP5-8.5"
"CR-Pa","ssp585","Temperate Zone",2060,26.979117766341,25.3619577589863,28.980392379528,1000,4,"SSP5-8.5"
"CR-Pa","ssp585","Temperate Zone",2061,27.0345030095416,25.407203404031,29.0023650014839,1000,4,"SSP5-8.5"
"CR-Pa","ssp585","Temperate Zone",2062,27.0643518695282,25.4979054245252,29.1127708213587,1000,4,"SSP5-8.5"
"CR-Pa","ssp585","Temperate Zone",2063,27.103407158749,25.5946387493659,29.2755075114205,1000,4,"SSP5-8.5"
"CR-Pa","ssp585","Temperate Zone",2064,27.1441207315858,25.6565090989613,29.2708508966408,1000,4,"SSP5-8.5"
"CR-Pa","ssp585","Temperate Zone",2065,27.2110478685932,25.6749958881882,29.2443387078428,1000,4,"SSP5-8.5"
"CR-Pa","ssp585","Temperate Zone",2066,27.266869476165,25.6928184901088,29.380831579656,1000,4,"SSP5-8.5"
"CR-Pa","ssp585","Temperate Zone",2067,27.2790089319293,25.7120576105881,29.4153616967449,1000,4,"SSP5-8.5"
"CR-Pa","ssp585","Temperate Zone",2068,27.298352110532,25.7662033265824,29.5008266142643,1000,4,"SSP5-8.5"
"CR-Pa","ssp585","Temperate Zone",2069,27.3375879752651,25.7599806494347,29.6604233837199,1000,4,"SSP5-8.5"
"CR-Pa","ssp585","Temperate Zone",2070,27.3532507982802,25.7417704273134,29.7419717020941,1000,4,"SSP5-8.5"
"CR-Pa","ssp585","Temperate Zone",2071,27.3580065546095,25.7354757910785,29.7188089674276,1000,4,"SSP5-8.5"
"CR-Pa","ssp585","Temperate Zone",2072,27.4956591548728,25.8576942619206,30.0741790022271,1000,4,"SSP5-8.5"
"CR-Pa","ssp585","Temperate Zone",2073,27.5163887885187,25.8479356576423,30.1968783677588,1000,4,"SSP5-8.5"
"CR-Pa","ssp585","Temperate Zone",2074,27.5114665173805,25.8176645954079,30.2382484765495,1000,4,"SSP5-8.5"
"CR-Pa","ssp585","Temperate Zone",2075,27.5507155362938,25.7621121619016,30.2807468622956,1000,4,"SSP5-8.5"
"CR-Pa","ssp585","Temperate Zone",2076,27.4990137984403,25.7163345439345,30.3620892427153,1000,4,"SSP5-8.5"
"CR-Pa","ssp585","Temperate Zone",2077,27.5446151814313,25.8172986904788,30.2984283747275,1000,4,"SSP5-8.5"
"CR-Pa","ssp585","Temperate Zone",2078,27.5573693230372,25.8435400624256,30.2000811045357,1000,4,"SSP5-8.5"
"CR-Pa","ssp585","Temperate Zone",2079,27.5749191935593,25.8809793716068,30.1935856109361,1000,4,"SSP5-8.5"
"CR-Pa","ssp585","Temperate Zone",2080,27.6171247605444,25.8481525369266,30.2443005724826,1000,4,"SSP5-8.5"
"CR-Pa","ssp585","Temperate Zone",2081,27.6577023488586,25.9356255500011,30.1354403406275,1000,4,"SSP5-8.5"
"CR-Pa","ssp585","Temperate Zone",2082,27.6114788984129,25.9164194697828,30.1106133016265,1000,4,"SSP5-8.5"
"CR-Pa","ssp585","Temperate Zone",2083,27.6467493278413,25.9392848688329,30.2174226872636,1000,4,"SSP5-8.5"
"CR-Pa","ssp585","Temperate Zone",2084,27.6584123303072,25.8812173991143,30.2662575088254,1000,4,"SSP5-8.5"
"CR-Pa","ssp585","Temperate Zone",2085,27.6967079926918,25.9120469734352,30.5280323454706,1000,4,"SSP5-8.5"
"CR-Pa","ssp585","Temperate Zone",2086,27.8072377555098,26.0033928434326,30.556586290167,1000,4,"SSP5-8.5"
"CR-Pa","ssp585","Temperate Zone",2087,27.8036903404195,26.0524844271665,30.4795206359474,1000,4,"SSP5-8.5"
"CR-Pa","ssp585","Temperate Zone",2088,27.8655358234822,26.0841940633845,30.6024141428327,1000,4,"SSP5-8.5"
"CR-Pa","ssp585","Temperate Zone",2089,27.9305636073634,26.1498574848597,30.7269050912716,1000,4,"SSP5-8.5"
"CR-Pa","ssp585","Temperate Zone",2090,27.898359806087,26.0736661895823,30.6440066232259,1000,4,"SSP5-8.5"
"CR-Pa","ssp585","Temperate Zone",2091,27.9135081491841,26.140871910538,30.7079000667594,1000,4,"SSP5-8.5"
"CR-Pa","ssp585","Temperate Zone",2092,27.9404252536705,26.1622687595995,30.8202035355422,1000,4,"SSP5-8.5"
"CR-Pa","ssp585","Temperate Zone",2093,27.9408342519148,26.1038493428687,30.5599046043147,1000,4,"SSP5-8.5"
"CR-Pa","ssp585","Temperate Zone",2094,27.9750039639561,26.2014018404314,30.6215808379022,1000,4,"SSP5-8.5"
"CR-Pa","ssp585","Temperate Zone",2095,28.0486435804516,26.2905031508821,30.8973385143333,1000,4,"SSP5-8.5"
"CR-Pa","ssp585","Temperate Zone",2096,28.0786111859146,26.27737365004,31.1517959432235,1000,4,"SSP5-8.5"
"CR-Pa","ssp585","Temperate Zone",2097,28.1199334045193,26.2003253165233,31.0821165196568,1000,4,"SSP5-8.5"
"CR-Pa","ssp585","Temperate Zone",2098,28.184951251036,26.3034051398246,31.1757185119224,1000,4,"SSP5-8.5"
"CR-Pa","ssp585","Temperate Zone",2099,28.2171223973538,26.3331045955901,31.2619577538811,1000,4,"SSP5-8.5"
"CR-Pa","ssp585","Temperate Zone",2100,28.2676742528477,26.3551742500116,31.2941258915389,1000,4,"SSP5-8.5"
"3GCR-Ec","ssp126","Tropical Zone",2020,48.9604752984184,46.4465047807737,50.6119991299239,1000,4,"SSP1-2.6"
"3GCR-Ec","ssp126","Tropical Zone",2021,49.0041768090053,46.4296864292361,50.7289620752221,1000,4,"SSP1-2.6"
"3GCR-Ec","ssp126","Tropical Zone",2022,49.2118548071023,46.2289757008339,51.2894808629452,1000,4,"SSP1-2.6"
"3GCR-Ec","ssp126","Tropical Zone",2023,48.9341434223975,46.0501194881609,52.0486228893052,1000,4,"SSP1-2.6"
"3GCR-Ec","ssp126","Tropical Zone",2024,48.7537549232702,45.1611247158754,52.8241675632654,1000,4,"SSP1-2.6"
"3GCR-Ec","ssp126","Tropical Zone",2025,48.6249701645263,44.2699477287206,53.5989190810639,1000,4,"SSP1-2.6"
"3GCR-Ec","ssp126","Tropical Zone",2026,48.4820695656616,43.5538852504022,53.9716902093066,1000,4,"SSP1-2.6"
"3GCR-Ec","ssp126","Tropical Zone",2027,48.3591206180242,42.9625349421269,54.2630889965299,1000,4,"SSP1-2.6"
"3GCR-Ec","ssp126","Tropical Zone",2028,48.3114114668652,42.2403600028754,54.5327877461279,1000,4,"SSP1-2.6"
"3GCR-Ec","ssp126","Tropical Zone",2029,48.3075239385177,41.8709460498698,55.0146117695299,1000,4,"SSP1-2.6"
"3GCR-Ec","ssp126","Tropical Zone",2030,48.3249158307127,41.7381360127469,55.0021836017743,1000,4,"SSP1-2.6"
"3GCR-Ec","ssp126","Tropical Zone",2031,48.286608219691,41.5329315880056,54.6653155646677,1000,4,"SSP1-2.6"
"3GCR-Ec","ssp126","Tropical Zone",2032,48.2758836716303,41.2226060948995,55.0695215148406,1000,4,"SSP1-2.6"
"3GCR-Ec","ssp126","Tropical Zone",2033,48.2491918929736,40.9477653435613,55.4737425214527,1000,4,"SSP1-2.6"
"3GCR-Ec","ssp126","Tropical Zone",2034,48.309215504121,41.0748502722163,55.2262584063257,1000,4,"SSP1-2.6"
"3GCR-Ec","ssp126","Tropical Zone",2035,48.3322370379369,40.8066180316357,55.3509677718457,1000,4,"SSP1-2.6"
"3GCR-Ec","ssp126","Tropical Zone",2036,48.436399007702,41.055556935412,55.3429570347072,1000,4,"SSP1-2.6"
"3GCR-Ec","ssp126","Tropical Zone",2037,48.4509421220337,40.6481665784286,55.3638664774115,1000,4,"SSP1-2.6"
"3GCR-Ec","ssp126","Tropical Zone",2038,48.4667821229772,40.7090214608709,55.627334101212,1000,4,"SSP1-2.6"
"3GCR-Ec","ssp126","Tropical Zone",2039,48.3665140046927,40.9193904883153,55.3535913960009,1000,4,"SSP1-2.6"
"3GCR-Ec","ssp126","Tropical Zone",2040,48.2545090258035,40.5560330345184,55.337382429814,1000,4,"SSP1-2.6"
"3GCR-Ec","ssp126","Tropical Zone",2041,48.2867550455742,40.8367552310436,55.3175461003236,1000,4,"SSP1-2.6"
"3GCR-Ec","ssp126","Tropical Zone",2042,48.4740945294415,40.7735604576992,55.5538166469101,1000,4,"SSP1-2.6"
"3GCR-Ec","ssp126","Tropical Zone",2043,48.5466937305135,40.9541601304909,55.7396590415247,1000,4,"SSP1-2.6"
"3GCR-Ec","ssp126","Tropical Zone",2044,48.5437210625899,41.3482068379322,56.1622547268813,1000,4,"SSP1-2.6"
"3GCR-Ec","ssp126","Tropical Zone",2045,48.5729403280158,41.208621910966,56.1789098473349,1000,4,"SSP1-2.6"
"3GCR-Ec","ssp126","Tropical Zone",2046,48.587158609285,41.3089387223431,56.0897278988151,1000,4,"SSP1-2.6"
"3GCR-Ec","ssp126","Tropical Zone",2047,48.7490651703209,41.5122397892378,56.43916748381,1000,4,"SSP1-2.6"
"3GCR-Ec","ssp126","Tropical Zone",2048,48.858889367173,41.6374158046667,56.5363075925145,1000,4,"SSP1-2.6"
"3GCR-Ec","ssp126","Tropical Zone",2049,48.8491284118212,42.0600820619779,55.9488610343684,1000,4,"SSP1-2.6"
"3GCR-Ec","ssp126","Tropical Zone",2050,48.9565679026696,42.0178546858219,56.7560328815448,1000,4,"SSP1-2.6"
"3GCR-Ec","ssp126","Tropical Zone",2051,49.0277332280465,42.139559750183,56.8575738661296,1000,4,"SSP1-2.6"
"3GCR-Ec","ssp126","Tropical Zone",2052,49.0041690590579,42.0978624727417,56.9645517633378,1000,4,"SSP1-2.6"
"3GCR-Ec","ssp126","Tropical Zone",2053,49.0232443177699,42.3664986509836,56.5414538401209,1000,4,"SSP1-2.6"
"3GCR-Ec","ssp126","Tropical Zone",2054,48.9929887703942,42.2652593500788,56.291049829585,1000,4,"SSP1-2.6"
"3GCR-Ec","ssp126","Tropical Zone",2055,49.1586808660737,42.0898714575209,56.542623188895,1000,4,"SSP1-2.6"
"3GCR-Ec","ssp126","Tropical Zone",2056,49.1628574393025,42.5683981465334,56.460311432169,1000,4,"SSP1-2.6"
"3GCR-Ec","ssp126","Tropical Zone",2057,49.1969082722751,42.4785156649233,56.5045113078421,1000,4,"SSP1-2.6"
"3GCR-Ec","ssp126","Tropical Zone",2058,49.2678600231134,42.5265177776339,56.1097810141185,1000,4,"SSP1-2.6"
"3GCR-Ec","ssp126","Tropical Zone",2059,49.3388103985383,42.2908331019559,56.7226663641498,1000,4,"SSP1-2.6"
"3GCR-Ec","ssp126","Tropical Zone",2060,49.3562313310218,42.3729191169545,56.2189047633437,1000,4,"SSP1-2.6"
"3GCR-Ec","ssp126","Tropical Zone",2061,49.445721504175,42.6621594954671,56.3585344945941,1000,4,"SSP1-2.6"
"3GCR-Ec","ssp126","Tropical Zone",2062,49.468693134016,42.4956869392816,56.5111624494483,1000,4,"SSP1-2.6"
"3GCR-Ec","ssp126","Tropical Zone",2063,49.4090842107161,42.622606076351,56.1464369330928,1000,4,"SSP1-2.6"
"3GCR-Ec","ssp126","Tropical Zone",2064,49.3677885179783,42.6296595017757,56.220059574707,1000,4,"SSP1-2.6"
"3GCR-Ec","ssp126","Tropical Zone",2065,49.2931572374987,42.5776423412545,55.9500619393383,1000,4,"SSP1-2.6"
"3GCR-Ec","ssp126","Tropical Zone",2066,49.35756222705,43.0502819695609,56.0375755682781,1000,4,"SSP1-2.6"
"3GCR-Ec","ssp126","Tropical Zone",2067,49.3679589003408,42.8131288012174,55.9239665930407,1000,4,"SSP1-2.6"
"3GCR-Ec","ssp126","Tropical Zone",2068,49.302807435625,42.6003875333674,55.9764451819141,1000,4,"SSP1-2.6"
"3GCR-Ec","ssp126","Tropical Zone",2069,49.1511735699422,42.3809253574516,55.5585622094942,1000,4,"SSP1-2.6"
"3GCR-Ec","ssp126","Tropical Zone",2070,49.1298910111649,42.4292845230037,55.9829903195249,1000,4,"SSP1-2.6"
"3GCR-Ec","ssp126","Tropical Zone",2071,49.1486467386514,42.5678928169254,55.9729643471813,1000,4,"SSP1-2.6"
"3GCR-Ec","ssp126","Tropical Zone",2072,49.1119859513063,42.3282969344271,55.8758867596828,1000,4,"SSP1-2.6"
"3GCR-Ec","ssp126","Tropical Zone",2073,49.073577343397,42.4725553941886,56.294594963709,1000,4,"SSP1-2.6"
"3GCR-Ec","ssp126","Tropical Zone",2074,49.1797591525045,42.7818667821701,56.4749883809368,1000,4,"SSP1-2.6"
"3GCR-Ec","ssp126","Tropical Zone",2075,49.0788504425159,42.5857627305831,55.874731300471,1000,4,"SSP1-2.6"
"3GCR-Ec","ssp126","Tropical Zone",2076,49.0089613392764,42.3769864376941,55.8197388716467,1000,4,"SSP1-2.6"
"3GCR-Ec","ssp126","Tropical Zone",2077,48.854564798487,41.5899952742379,55.6564537018482,1000,4,"SSP1-2.6"
"3GCR-Ec","ssp126","Tropical Zone",2078,48.7925042026437,41.7945272359217,55.5009657225099,1000,4,"SSP1-2.6"
"3GCR-Ec","ssp126","Tropical Zone",2079,48.8087601652626,41.9262854255517,55.7743212424195,1000,4,"SSP1-2.6"
"3GCR-Ec","ssp126","Tropical Zone",2080,48.6891235234804,41.7970562285702,55.5394111359685,1000,4,"SSP1-2.6"
"3GCR-Ec","ssp126","Tropical Zone",2081,48.6345581955195,41.7455792892447,55.695257049387,1000,4,"SSP1-2.6"
"3GCR-Ec","ssp126","Tropical Zone",2082,48.6608843942403,41.591187701376,55.8996964307079,1000,4,"SSP1-2.6"
"3GCR-Ec","ssp126","Tropical Zone",2083,48.6381260204987,41.6446462360381,55.8604930601648,1000,4,"SSP1-2.6"
"3GCR-Ec","ssp126","Tropical Zone",2084,48.5927979874749,41.5615831340074,56.0682918321425,1000,4,"SSP1-2.6"
"3GCR-Ec","ssp126","Tropical Zone",2085,48.4856705347452,41.3243265065795,55.4516700034963,1000,4,"SSP1-2.6"
"3GCR-Ec","ssp126","Tropical Zone",2086,48.4091139536354,41.6067500607964,55.1005940200989,1000,4,"SSP1-2.6"
"3GCR-Ec","ssp126","Tropical Zone",2087,48.4162455753866,41.3613922276155,54.9490242489768,1000,4,"SSP1-2.6"
"3GCR-Ec","ssp126","Tropical Zone",2088,48.4968032454422,41.2073039613385,54.9517364370442,1000,4,"SSP1-2.6"
"3GCR-Ec","ssp126","Tropical Zone",2089,48.4541451296738,41.4733125309084,54.9390847329976,1000,4,"SSP1-2.6"
"3GCR-Ec","ssp126","Tropical Zone",2090,48.5410695399913,41.531945564575,55.0981501875058,1000,4,"SSP1-2.6"
"3GCR-Ec","ssp126","Tropical Zone",2091,48.4994997659115,41.4160115891576,55.258951296482,1000,4,"SSP1-2.6"
"3GCR-Ec","ssp126","Tropical Zone",2092,48.3551235663617,41.050717369732,55.148035581578,1000,4,"SSP1-2.6"
"3GCR-Ec","ssp126","Tropical Zone",2093,48.3460533830319,41.3220635759975,55.3726617172981,1000,4,"SSP1-2.6"
"3GCR-Ec","ssp126","Tropical Zone",2094,48.2978081782021,41.2360489078232,55.3035580023786,1000,4,"SSP1-2.6"
"3GCR-Ec","ssp126","Tropical Zone",2095,48.3182937177888,41.6395578532132,55.1452820817688,1000,4,"SSP1-2.6"
"3GCR-Ec","ssp126","Tropical Zone",2096,48.2676087906164,41.5735964431009,55.1195554428342,1000,4,"SSP1-2.6"
"3GCR-Ec","ssp126","Tropical Zone",2097,48.283021141984,41.7742054957048,54.947949728712,1000,4,"SSP1-2.6"
"3GCR-Ec","ssp126","Tropical Zone",2098,48.2963909493888,41.8698029685433,54.8070505902851,1000,4,"SSP1-2.6"
"3GCR-Ec","ssp126","Tropical Zone",2099,48.3408737624923,41.5616460214577,55.0563245763043,1000,4,"SSP1-2.6"
"3GCR-Ec","ssp126","Tropical Zone",2100,48.284860863052,41.5766692531044,55.3586084242486,1000,4,"SSP1-2.6"
"3GCR-Ec","ssp245","Tropical Zone",2020,50.1644701176089,47.2759907876007,52.1379795205877,1000,4,"SSP2-4.5"
"3GCR-Ec","ssp245","Tropical Zone",2021,49.8978288312548,46.7595554426397,52.0327754648167,1000,4,"SSP2-4.5"
"3GCR-Ec","ssp245","Tropical Zone",2022,49.9596234728119,46.6247654509327,52.4066549717938,1000,4,"SSP2-4.5"
"3GCR-Ec","ssp245","Tropical Zone",2023,49.637464287626,45.861445505587,53.5740056813913,1000,4,"SSP2-4.5"
"3GCR-Ec","ssp245","Tropical Zone",2024,49.3749201303686,44.6917171285895,54.8354622305255,1000,4,"SSP2-4.5"
"3GCR-Ec","ssp245","Tropical Zone",2025,49.1071735059816,43.4825443792053,55.0345357871006,1000,4,"SSP2-4.5"
"3GCR-Ec","ssp245","Tropical Zone",2026,48.9658218854195,42.6381292018936,55.1728022031387,1000,4,"SSP2-4.5"
"3GCR-Ec","ssp245","Tropical Zone",2027,48.8665221146423,42.6511175212356,55.8425383405487,1000,4,"SSP2-4.5"
"3GCR-Ec","ssp245","Tropical Zone",2028,48.9672939326586,42.4820844721364,56.5137171373794,1000,4,"SSP2-4.5"
"3GCR-Ec","ssp245","Tropical Zone",2029,48.9780948603609,42.1478523246708,56.779338204776,1000,4,"SSP2-4.5"
"3GCR-Ec","ssp245","Tropical Zone",2030,49.0795653639973,42.0580740967636,57.2349982457242,1000,4,"SSP2-4.5"
"3GCR-Ec","ssp245","Tropical Zone",2031,49.1287511758412,41.6435704422084,57.3864394494974,1000,4,"SSP2-4.5"
"3GCR-Ec","ssp245","Tropical Zone",2032,49.140423345997,41.6160347672593,57.0968962346792,1000,4,"SSP2-4.5"
"3GCR-Ec","ssp245","Tropical Zone",2033,49.0800995879008,41.8367934601743,57.080245043747,1000,4,"SSP2-4.5"
"3GCR-Ec","ssp245","Tropical Zone",2034,49.155488718757,41.9245446763764,57.4660102374748,1000,4,"SSP2-4.5"
"3GCR-Ec","ssp245","Tropical Zone",2035,49.1469624419861,41.5386757805692,58.0856533416236,1000,4,"SSP2-4.5"
"3GCR-Ec","ssp245","Tropical Zone",2036,49.1692540304145,41.276450646042,57.8019293906189,1000,4,"SSP2-4.5"
"3GCR-Ec","ssp245","Tropical Zone",2037,49.1720358338464,41.6060435074101,57.4333324029232,1000,4,"SSP2-4.5"
"3GCR-Ec","ssp245","Tropical Zone",2038,49.2819789265453,41.6195618282145,57.2303244649321,1000,4,"SSP2-4.5"
"3GCR-Ec","ssp245","Tropical Zone",2039,49.3752381040606,41.3930859292872,57.4912181463079,1000,4,"SSP2-4.5"
"3GCR-Ec","ssp245","Tropical Zone",2040,49.3635614298289,41.3939801973125,56.7207217416201,1000,4,"SSP2-4.5"
"3GCR-Ec","ssp245","Tropical Zone",2041,49.4432533548223,41.6101906893426,56.7054644138549,1000,4,"SSP2-4.5"
"3GCR-Ec","ssp245","Tropical Zone",2042,49.5399238796937,41.4931994238885,56.9779945797002,1000,4,"SSP2-4.5"
"3GCR-Ec","ssp245","Tropical Zone",2043,49.7548055429659,41.6170989158114,57.5248851546914,1000,4,"SSP2-4.5"
"3GCR-Ec","ssp245","Tropical Zone",2044,49.9365610335106,42.0780689631518,57.6050890600929,1000,4,"SSP2-4.5"
"3GCR-Ec","ssp245","Tropical Zone",2045,50.0523819736162,41.8689419971194,57.657998642727,1000,4,"SSP2-4.5"
"3GCR-Ec","ssp245","Tropical Zone",2046,50.030530206921,42.1769417404564,57.5398676809997,1000,4,"SSP2-4.5"
"3GCR-Ec","ssp245","Tropical Zone",2047,50.0391897503677,42.2190468892695,57.5180408357946,1000,4,"SSP2-4.5"
"3GCR-Ec","ssp245","Tropical Zone",2048,50.151739794014,42.5411528260571,57.6568420626885,1000,4,"SSP2-4.5"
"3GCR-Ec","ssp245","Tropical Zone",2049,50.2289354473483,42.6634857207846,58.0217453061483,1000,4,"SSP2-4.5"
"3GCR-Ec","ssp245","Tropical Zone",2050,50.191429489718,42.4955970165873,58.3155774003681,1000,4,"SSP2-4.5"
"3GCR-Ec","ssp245","Tropical Zone",2051,50.2615927224176,42.4707250172361,58.1156307928909,1000,4,"SSP2-4.5"
"3GCR-Ec","ssp245","Tropical Zone",2052,50.2968330438562,42.4757670638058,58.2054733227081,1000,4,"SSP2-4.5"
"3GCR-Ec","ssp245","Tropical Zone",2053,50.459672063359,42.9350620280924,58.429330073836,1000,4,"SSP2-4.5"
"3GCR-Ec","ssp245","Tropical Zone",2054,50.5646075700838,43.1938257717144,58.5474788212266,1000,4,"SSP2-4.5"
"3GCR-Ec","ssp245","Tropical Zone",2055,50.4600072983103,42.6460345603204,58.3883767390592,1000,4,"SSP2-4.5"
"3GCR-Ec","ssp245","Tropical Zone",2056,50.40447345919,42.5387826933798,58.6294582422119,1000,4,"SSP2-4.5"
"3GCR-Ec","ssp245","Tropical Zone",2057,50.4629122096622,42.7744005510557,58.2164221999541,1000,4,"SSP2-4.5"
"3GCR-Ec","ssp245","Tropical Zone",2058,50.448664150936,42.3954805887809,58.2954295836839,1000,4,"SSP2-4.5"
"3GCR-Ec","ssp245","Tropical Zone",2059,50.4857129897807,42.5404258240613,58.3915527844088,1000,4,"SSP2-4.5"
"3GCR-Ec","ssp245","Tropical Zone",2060,50.4806604177216,41.9064481155153,58.4577205924217,1000,4,"SSP2-4.5"
"3GCR-Ec","ssp245","Tropical Zone",2061,50.5981020246174,42.2190553662985,58.8266443880153,1000,4,"SSP2-4.5"
"3GCR-Ec","ssp245","Tropical Zone",2062,50.6819911498631,42.2361091554719,58.4688203911216,1000,4,"SSP2-4.5"
"3GCR-Ec","ssp245","Tropical Zone",2063,50.6323195369588,42.150829193531,58.473948809824,1000,4,"SSP2-4.5"
"3GCR-Ec","ssp245","Tropical Zone",2064,50.6541106082778,42.5169809874889,58.6505368034527,1000,4,"SSP2-4.5"
"3GCR-Ec","ssp245","Tropical Zone",2065,50.6653499477071,42.6190440965345,58.7917824082513,1000,4,"SSP2-4.5"
"3GCR-Ec","ssp245","Tropical Zone",2066,50.728474738525,42.9421319210119,58.7788729854792,1000,4,"SSP2-4.5"
"3GCR-Ec","ssp245","Tropical Zone",2067,50.6705273375674,43.1219009747902,58.607821331879,1000,4,"SSP2-4.5"
"3GCR-Ec","ssp245","Tropical Zone",2068,50.5998826821629,43.0462993168038,58.7232087384792,1000,4,"SSP2-4.5"
"3GCR-Ec","ssp245","Tropical Zone",2069,50.4900986236713,42.8081886940836,58.2018039403343,1000,4,"SSP2-4.5"
"3GCR-Ec","ssp245","Tropical Zone",2070,50.4953730682464,43.2175129752062,58.2902241267148,1000,4,"SSP2-4.5"
"3GCR-Ec","ssp245","Tropical Zone",2071,50.4757435300743,43.3140707171025,58.2731883975899,1000,4,"SSP2-4.5"
"3GCR-Ec","ssp245","Tropical Zone",2072,50.5469272438399,43.2552539702501,57.9507801500754,1000,4,"SSP2-4.5"
"3GCR-Ec","ssp245","Tropical Zone",2073,50.659756359978,43.3362931946829,58.2712607073041,1000,4,"SSP2-4.5"
"3GCR-Ec","ssp245","Tropical Zone",2074,50.6934032615598,43.4344841058274,58.6592902279192,1000,4,"SSP2-4.5"
"3GCR-Ec","ssp245","Tropical Zone",2075,50.6379455058263,42.9918520860201,58.4822149515397,1000,4,"SSP2-4.5"
"3GCR-Ec","ssp245","Tropical Zone",2076,50.6025563992277,43.2729041275802,58.6371430854214,1000,4,"SSP2-4.5"
"3GCR-Ec","ssp245","Tropical Zone",2077,50.6867430564209,43.3640431232012,58.6885914206541,1000,4,"SSP2-4.5"
"3GCR-Ec","ssp245","Tropical Zone",2078,50.6826172069896,43.3861019977082,58.3597752691627,1000,4,"SSP2-4.5"
"3GCR-Ec","ssp245","Tropical Zone",2079,50.7857519453308,43.2714000181234,58.2758988534568,1000,4,"SSP2-4.5"
"3GCR-Ec","ssp245","Tropical Zone",2080,50.6981985123724,43.4766676605567,57.9445891625986,1000,4,"SSP2-4.5"
"3GCR-Ec","ssp245","Tropical Zone",2081,50.8108618556321,43.6742987156974,57.8740310299107,1000,4,"SSP2-4.5"
"3GCR-Ec","ssp245","Tropical Zone",2082,50.816547360857,43.5328362761274,57.8363400990246,1000,4,"SSP2-4.5"
"3GCR-Ec","ssp245","Tropical Zone",2083,50.7962432966411,43.2450974474875,58.3193004747554,1000,4,"SSP2-4.5"
"3GCR-Ec","ssp245","Tropical Zone",2084,50.6136733262524,42.8047256415684,57.9999555817425,1000,4,"SSP2-4.5"
"3GCR-Ec","ssp245","Tropical Zone",2085,50.4521516756588,42.9395124962772,58.0202192836436,1000,4,"SSP2-4.5"
"3GCR-Ec","ssp245","Tropical Zone",2086,50.4767037797383,43.096838486896,58.2553730024758,1000,4,"SSP2-4.5"
"3GCR-Ec","ssp245","Tropical Zone",2087,50.6348453560731,43.2310833733065,58.1072471182876,1000,4,"SSP2-4.5"
"3GCR-Ec","ssp245","Tropical Zone",2088,50.5942265196001,43.5923811741046,58.1547768127368,1000,4,"SSP2-4.5"
"3GCR-Ec","ssp245","Tropical Zone",2089,50.5929400731233,43.6850270325356,57.9242923143856,1000,4,"SSP2-4.5"
"3GCR-Ec","ssp245","Tropical Zone",2090,50.6818618728203,43.9309697101202,57.8979483189387,1000,4,"SSP2-4.5"
"3GCR-Ec","ssp245","Tropical Zone",2091,50.5908908662525,43.5497455061802,58.0265199401425,1000,4,"SSP2-4.5"
"3GCR-Ec","ssp245","Tropical Zone",2092,50.6364652209593,43.5750426999812,57.4937397427553,1000,4,"SSP2-4.5"
"3GCR-Ec","ssp245","Tropical Zone",2093,50.6511514251396,43.9228907561197,57.7118951028709,1000,4,"SSP2-4.5"
"3GCR-Ec","ssp245","Tropical Zone",2094,50.6294944989859,43.7163733024673,57.6734541589248,1000,4,"SSP2-4.5"
"3GCR-Ec","ssp245","Tropical Zone",2095,50.4940523002593,43.5648386413739,57.8623609210479,1000,4,"SSP2-4.5"
"3GCR-Ec","ssp245","Tropical Zone",2096,50.4572501569254,43.5742101577637,57.8800113696952,1000,4,"SSP2-4.5"
"3GCR-Ec","ssp245","Tropical Zone",2097,50.3750589404476,43.5289325773347,58.0225091528027,1000,4,"SSP2-4.5"
"3GCR-Ec","ssp245","Tropical Zone",2098,50.3711869816805,43.2555056796677,57.5277494042323,1000,4,"SSP2-4.5"
"3GCR-Ec","ssp245","Tropical Zone",2099,50.4868984712707,43.1983184980754,57.563455285001,1000,4,"SSP2-4.5"
"3GCR-Ec","ssp245","Tropical Zone",2100,50.5075811634265,43.2685543011212,57.1681003531387,1000,4,"SSP2-4.5"
"3GCR-Ec","ssp370","Tropical Zone",2020,49.8562614193066,48.6047731800946,51.5710140824306,1000,4,"SSP3-7.0"
"3GCR-Ec","ssp370","Tropical Zone",2021,49.6436658697924,48.1076435743425,51.365316118422,1000,4,"SSP3-7.0"
"3GCR-Ec","ssp370","Tropical Zone",2022,49.8186470754184,47.388250073347,52.1062743011037,1000,4,"SSP3-7.0"
"3GCR-Ec","ssp370","Tropical Zone",2023,49.6426226988019,46.235731562751,53.3571708983841,1000,4,"SSP3-7.0"
"3GCR-Ec","ssp370","Tropical Zone",2024,49.4833291937862,45.0147737320963,54.6292791570621,1000,4,"SSP3-7.0"
"3GCR-Ec","ssp370","Tropical Zone",2025,49.3082387936197,43.9662148979065,55.3483380769327,1000,4,"SSP3-7.0"
"3GCR-Ec","ssp370","Tropical Zone",2026,49.5622406168009,43.6915558285112,56.6020905778542,1000,4,"SSP3-7.0"
"3GCR-Ec","ssp370","Tropical Zone",2027,49.6994662366708,43.2002192885798,57.293610549138,1000,4,"SSP3-7.0"
"3GCR-Ec","ssp370","Tropical Zone",2028,49.7444523033681,43.021488444955,57.9066721963179,1000,4,"SSP3-7.0"
"3GCR-Ec","ssp370","Tropical Zone",2029,49.8130431893702,42.5206416402286,58.1417048401111,1000,4,"SSP3-7.0"
"3GCR-Ec","ssp370","Tropical Zone",2030,49.6610847182565,41.8429042866151,57.9484182050256,1000,4,"SSP3-7.0"
"3GCR-Ec","ssp370","Tropical Zone",2031,49.7368692300692,42.0007447358993,57.951908570599,1000,4,"SSP3-7.0"
"3GCR-Ec","ssp370","Tropical Zone",2032,49.8391090138173,41.9797419827547,57.9511961363468,1000,4,"SSP3-7.0"
"3GCR-Ec","ssp370","Tropical Zone",2033,49.8130013996282,41.9182230859257,57.7609141110912,1000,4,"SSP3-7.0"
"3GCR-Ec","ssp370","Tropical Zone",2034,49.874674893224,41.9280818559727,57.8102025683718,1000,4,"SSP3-7.0"
"3GCR-Ec","ssp370","Tropical Zone",2035,50.0067076170039,42.1691002375027,58.5182318350273,1000,4,"SSP3-7.0"
"3GCR-Ec","ssp370","Tropical Zone",2036,49.9995471721381,42.0435948916004,58.181130802734,1000,4,"SSP3-7.0"
"3GCR-Ec","ssp370","Tropical Zone",2037,49.9081720324507,42.0967922828217,58.0219948826135,1000,4,"SSP3-7.0"
"3GCR-Ec","ssp370","Tropical Zone",2038,49.9409112066254,41.9640235676687,58.3014869669974,1000,4,"SSP3-7.0"
"3GCR-Ec","ssp370","Tropical Zone",2039,50.0289367901211,42.4404634949127,58.2795667204956,1000,4,"SSP3-7.0"
"3GCR-Ec","ssp370","Tropical Zone",2040,50.0641205801509,42.2608177526753,58.3722569406279,1000,4,"SSP3-7.0"
"3GCR-Ec","ssp370","Tropical Zone",2041,50.2444580878445,42.4867949713001,58.4482891048298,1000,4,"SSP3-7.0"
"3GCR-Ec","ssp370","Tropical Zone",2042,50.487923255964,42.7068380795368,58.7504355507074,1000,4,"SSP3-7.0"
"3GCR-Ec","ssp370","Tropical Zone",2043,50.6200122162323,42.7651411989584,58.825749286048,1000,4,"SSP3-7.0"
"3GCR-Ec","ssp370","Tropical Zone",2044,50.6612825514592,43.1243645889095,58.9661599216842,1000,4,"SSP3-7.0"
"3GCR-Ec","ssp370","Tropical Zone",2045,50.6372663995902,43.2122009776342,58.741459824937,1000,4,"SSP3-7.0"
"3GCR-Ec","ssp370","Tropical Zone",2046,50.7627433793518,43.1757768044393,58.6673887436545,1000,4,"SSP3-7.0"
"3GCR-Ec","ssp370","Tropical Zone",2047,50.8967056730694,43.3157689571638,58.6998787228958,1000,4,"SSP3-7.0"
"3GCR-Ec","ssp370","Tropical Zone",2048,50.9484990371656,43.4995305513495,58.4205439518251,1000,4,"SSP3-7.0"
"3GCR-Ec","ssp370","Tropical Zone",2049,51.0095482464041,43.6700961050752,58.2363975678547,1000,4,"SSP3-7.0"
"3GCR-Ec","ssp370","Tropical Zone",2050,50.9898352660996,43.4635128383032,58.3517644204382,1000,4,"SSP3-7.0"
"3GCR-Ec","ssp370","Tropical Zone",2051,50.954433985916,43.6735138701203,58.1829547138715,1000,4,"SSP3-7.0"
"3GCR-Ec","ssp370","Tropical Zone",2052,51.0012775844073,43.4459952154953,58.8090092764504,1000,4,"SSP3-7.0"
"3GCR-Ec","ssp370","Tropical Zone",2053,51.0245517947495,43.491747511031,58.7787756509439,1000,4,"SSP3-7.0"
"3GCR-Ec","ssp370","Tropical Zone",2054,51.0427677990759,43.92205235971,58.3753173284432,1000,4,"SSP3-7.0"
"3GCR-Ec","ssp370","Tropical Zone",2055,51.1284121751186,43.6860693676939,58.7474956339665,1000,4,"SSP3-7.0"
"3GCR-Ec","ssp370","Tropical Zone",2056,51.2364035315137,43.9250289477241,58.9259885868533,1000,4,"SSP3-7.0"
"3GCR-Ec","ssp370","Tropical Zone",2057,51.2263366320617,43.8017984214331,58.744138067413,1000,4,"SSP3-7.0"
"3GCR-Ec","ssp370","Tropical Zone",2058,51.4081084174014,43.7069952303701,59.4209913818248,1000,4,"SSP3-7.0"
"3GCR-Ec","ssp370","Tropical Zone",2059,51.3905548440649,43.5505263786482,59.3620414258994,1000,4,"SSP3-7.0"
"3GCR-Ec","ssp370","Tropical Zone",2060,51.4598041003562,43.4360546751288,59.6480396464501,1000,4,"SSP3-7.0"
"3GCR-Ec","ssp370","Tropical Zone",2061,51.3699020945023,43.2256797892214,59.3651546838971,1000,4,"SSP3-7.0"
"3GCR-Ec","ssp370","Tropical Zone",2062,51.534507846326,43.8279035266858,59.4982843915468,1000,4,"SSP3-7.0"
"3GCR-Ec","ssp370","Tropical Zone",2063,51.4682644406802,44.0196783078902,59.5046462743833,1000,4,"SSP3-7.0"
"3GCR-Ec","ssp370","Tropical Zone",2064,51.4201914392264,44.0830222266913,59.0939038690375,1000,4,"SSP3-7.0"
"3GCR-Ec","ssp370","Tropical Zone",2065,51.407141988812,44.0515581838604,59.1714137119788,1000,4,"SSP3-7.0"
"3GCR-Ec","ssp370","Tropical Zone",2066,51.4221314410915,44.4086979358339,59.3018565434411,1000,4,"SSP3-7.0"
"3GCR-Ec","ssp370","Tropical Zone",2067,51.3785706376529,44.5578005005342,59.3399955172373,1000,4,"SSP3-7.0"
"3GCR-Ec","ssp370","Tropical Zone",2068,51.3366019974721,43.9295072533304,58.7012220705202,1000,4,"SSP3-7.0"
"3GCR-Ec","ssp370","Tropical Zone",2069,51.4984259946232,43.9998163128311,59.3278757672963,1000,4,"SSP3-7.0"
"3GCR-Ec","ssp370","Tropical Zone",2070,51.6482200621008,43.8386952196501,59.3010413099336,1000,4,"SSP3-7.0"
"3GCR-Ec","ssp370","Tropical Zone",2071,51.7198552924496,43.8575489043185,59.3837071733281,1000,4,"SSP3-7.0"
"3GCR-Ec","ssp370","Tropical Zone",2072,51.6862376980146,44.2174921196031,59.6280346464667,1000,4,"SSP3-7.0"
"3GCR-Ec","ssp370","Tropical Zone",2073,51.6630530723878,44.0320239888132,59.4216848190144,1000,4,"SSP3-7.0"
"3GCR-Ec","ssp370","Tropical Zone",2074,51.8401521015613,44.3457239985936,59.6971565157929,1000,4,"SSP3-7.0"
"3GCR-Ec","ssp370","Tropical Zone",2075,51.8034063464628,44.2772122292058,59.5683542440329,1000,4,"SSP3-7.0"
"3GCR-Ec","ssp370","Tropical Zone",2076,51.674553270409,44.3646023913411,59.4333352679079,1000,4,"SSP3-7.0"
"3GCR-Ec","ssp370","Tropical Zone",2077,51.5250036397305,44.2406433942836,59.0359878049402,1000,4,"SSP3-7.0"
"3GCR-Ec","ssp370","Tropical Zone",2078,51.5669363444623,44.1951974909851,58.9261071318524,1000,4,"SSP3-7.0"
"3GCR-Ec","ssp370","Tropical Zone",2079,51.5918806263786,44.2778768168748,59.0040043078245,1000,4,"SSP3-7.0"
"3GCR-Ec","ssp370","Tropical Zone",2080,51.7257823784977,44.6684572665262,59.3581998762272,1000,4,"SSP3-7.0"
"3GCR-Ec","ssp370","Tropical Zone",2081,51.7554551878743,44.3895623015113,59.5905125514115,1000,4,"SSP3-7.0"
"3GCR-Ec","ssp370","Tropical Zone",2082,51.6836697311553,44.203653465297,59.5672603872608,1000,4,"SSP3-7.0"
"3GCR-Ec","ssp370","Tropical Zone",2083,51.5243248299592,44.2479905536898,59.5771378744672,1000,4,"SSP3-7.0"
"3GCR-Ec","ssp370","Tropical Zone",2084,51.3952918878111,43.7665354009865,59.2155505290509,1000,4,"SSP3-7.0"
"3GCR-Ec","ssp370","Tropical Zone",2085,51.3864472275819,43.906074965019,58.9222115945015,1000,4,"SSP3-7.0"
"3GCR-Ec","ssp370","Tropical Zone",2086,51.4293290266361,44.0833668838868,59.4781989341729,1000,4,"SSP3-7.0"
"3GCR-Ec","ssp370","Tropical Zone",2087,51.4289444426612,44.0026330923293,59.121026518122,1000,4,"SSP3-7.0"
"3GCR-Ec","ssp370","Tropical Zone",2088,51.4771659562224,44.0471503815985,59.5656331992602,1000,4,"SSP3-7.0"
"3GCR-Ec","ssp370","Tropical Zone",2089,51.4822231635772,44.0826312519752,59.4449294638898,1000,4,"SSP3-7.0"
"3GCR-Ec","ssp370","Tropical Zone",2090,51.3690123007485,44.3326743328408,59.6122808440259,1000,4,"SSP3-7.0"
"3GCR-Ec","ssp370","Tropical Zone",2091,51.1062704548747,43.9335024191401,59.5561463475876,1000,4,"SSP3-7.0"
"3GCR-Ec","ssp370","Tropical Zone",2092,50.9180215582757,43.7335901523864,58.7929324102214,1000,4,"SSP3-7.0"
"3GCR-Ec","ssp370","Tropical Zone",2093,50.7988023494079,43.6943250220793,58.6805963526873,1000,4,"SSP3-7.0"
"3GCR-Ec","ssp370","Tropical Zone",2094,50.7371943939188,43.5365179231096,58.4696007940326,1000,4,"SSP3-7.0"
"3GCR-Ec","ssp370","Tropical Zone",2095,50.6617046398651,43.3442047937959,58.0228860534248,1000,4,"SSP3-7.0"
"3GCR-Ec","ssp370","Tropical Zone",2096,50.6400466447717,43.3536869245151,58.1534255223555,1000,4,"SSP3-7.0"
"3GCR-Ec","ssp370","Tropical Zone",2097,50.8553273053296,43.642791209022,58.5060960158771,1000,4,"SSP3-7.0"
"3GCR-Ec","ssp370","Tropical Zone",2098,50.941145904677,43.4541547704108,58.8922461000865,1000,4,"SSP3-7.0"
"3GCR-Ec","ssp370","Tropical Zone",2099,50.7508399769815,43.210564343272,58.0859207611991,1000,4,"SSP3-7.0"
"3GCR-Ec","ssp370","Tropical Zone",2100,50.6985937550226,42.8879880354768,58.099208562537,1000,4,"SSP3-7.0"
"3GCR-Ec","ssp585","Tropical Zone",2020,50.1511487563167,47.7150247170374,52.0350318168618,1000,4,"SSP5-8.5"
"3GCR-Ec","ssp585","Tropical Zone",2021,49.8408209195259,47.7311996139319,51.5222817668522,1000,4,"SSP5-8.5"
"3GCR-Ec","ssp585","Tropical Zone",2022,49.940377879807,47.0515106732937,52.4208355818405,1000,4,"SSP5-8.5"
"3GCR-Ec","ssp585","Tropical Zone",2023,49.6224344426581,45.8025971113262,53.5602372473532,1000,4,"SSP5-8.5"
"3GCR-Ec","ssp585","Tropical Zone",2024,49.4861991397678,44.2635779988505,54.8669628979098,1000,4,"SSP5-8.5"
"3GCR-Ec","ssp585","Tropical Zone",2025,49.4452252411453,43.5043360179072,55.7252247188739,1000,4,"SSP5-8.5"
"3GCR-Ec","ssp585","Tropical Zone",2026,49.4040412369816,42.8300687258339,56.4639084336875,1000,4,"SSP5-8.5"
"3GCR-Ec","ssp585","Tropical Zone",2027,49.452021696427,42.7216926998149,56.5569909513363,1000,4,"SSP5-8.5"
"3GCR-Ec","ssp585","Tropical Zone",2028,49.3914924852307,42.0693222285199,56.6853427871846,1000,4,"SSP5-8.5"
"3GCR-Ec","ssp585","Tropical Zone",2029,49.456336258904,42.1743714765489,57.0045920975796,1000,4,"SSP5-8.5"
"3GCR-Ec","ssp585","Tropical Zone",2030,49.5325737843097,41.7627313120344,56.8227484332074,1000,4,"SSP5-8.5"
"3GCR-Ec","ssp585","Tropical Zone",2031,49.5289021315263,42.0396040898487,56.906224420661,1000,4,"SSP5-8.5"
"3GCR-Ec","ssp585","Tropical Zone",2032,49.4961129371333,42.2954520951852,57.7398000017056,1000,4,"SSP5-8.5"
"3GCR-Ec","ssp585","Tropical Zone",2033,49.5642579675047,42.3596749298655,57.3916031749878,1000,4,"SSP5-8.5"
"3GCR-Ec","ssp585","Tropical Zone",2034,49.7641102054518,42.2875766610009,58.0253311662464,1000,4,"SSP5-8.5"
"3GCR-Ec","ssp585","Tropical Zone",2035,49.7428063692882,42.328892771834,57.5196668237071,1000,4,"SSP5-8.5"
"3GCR-Ec","ssp585","Tropical Zone",2036,49.8910484752372,42.2267415672719,57.6644970870177,1000,4,"SSP5-8.5"
"3GCR-Ec","ssp585","Tropical Zone",2037,50.0757389835507,42.2282890518776,58.4263885203831,1000,4,"SSP5-8.5"
"3GCR-Ec","ssp585","Tropical Zone",2038,50.2905539039193,42.1669128621693,58.8358507899863,1000,4,"SSP5-8.5"
"3GCR-Ec","ssp585","Tropical Zone",2039,50.3552856327822,42.7672637568261,59.0854463922014,1000,4,"SSP5-8.5"
"3GCR-Ec","ssp585","Tropical Zone",2040,50.4764749094735,42.3860748515336,59.120525863178,1000,4,"SSP5-8.5"
"3GCR-Ec","ssp585","Tropical Zone",2041,50.6795195690566,42.6901873669783,58.7357681913675,1000,4,"SSP5-8.5"
"3GCR-Ec","ssp585","Tropical Zone",2042,50.7972213359054,42.4128864874485,59.2064755601817,1000,4,"SSP5-8.5"
"3GCR-Ec","ssp585","Tropical Zone",2043,50.9281413331858,42.5617238677972,59.0569378646045,1000,4,"SSP5-8.5"
"3GCR-Ec","ssp585","Tropical Zone",2044,50.9966736284236,42.8462869641807,59.192369995689,1000,4,"SSP5-8.5"
"3GCR-Ec","ssp585","Tropical Zone",2045,50.9249314095724,42.4208181063101,59.1250150797537,1000,4,"SSP5-8.5"
"3GCR-Ec","ssp585","Tropical Zone",2046,50.8413112669334,42.4468455817395,59.0595988607138,1000,4,"SSP5-8.5"
"3GCR-Ec","ssp585","Tropical Zone",2047,50.8945984875143,42.5924495128535,59.1794186482838,1000,4,"SSP5-8.5"
"3GCR-Ec","ssp585","Tropical Zone",2048,50.8405076814699,42.5676724932845,58.6533892618653,1000,4,"SSP5-8.5"
"3GCR-Ec","ssp585","Tropical Zone",2049,50.9253766230232,42.6482387756317,58.7446314073072,1000,4,"SSP5-8.5"
"3GCR-Ec","ssp585","Tropical Zone",2050,51.0888196426946,43.0338313916098,59.0847189624435,1000,4,"SSP5-8.5"
"3GCR-Ec","ssp585","Tropical Zone",2051,51.1761505318312,43.4208295036906,59.3384153025658,1000,4,"SSP5-8.5"
"3GCR-Ec","ssp585","Tropical Zone",2052,51.2792886216102,43.528116892844,59.9054602905864,1000,4,"SSP5-8.5"
"3GCR-Ec","ssp585","Tropical Zone",2053,51.4777715993107,43.4331977569048,60.2111940049166,1000,4,"SSP5-8.5"
"3GCR-Ec","ssp585","Tropical Zone",2054,51.6651628123674,43.2602881436933,60.2761247575673,1000,4,"SSP5-8.5"
"3GCR-Ec","ssp585","Tropical Zone",2055,51.808730484561,43.3189741862539,60.1149790653051,1000,4,"SSP5-8.5"
"3GCR-Ec","ssp585","Tropical Zone",2056,52.0122800319087,44.0159665119641,60.6405262808757,1000,4,"SSP5-8.5"
"3GCR-Ec","ssp585","Tropical Zone",2057,52.0948821771241,44.1771352779836,60.5592665743757,1000,4,"SSP5-8.5"
"3GCR-Ec","ssp585","Tropical Zone",2058,51.9784672517374,44.0434269381488,60.165780862599,1000,4,"SSP5-8.5"
"3GCR-Ec","ssp585","Tropical Zone",2059,52.071727754262,44.4673325701537,60.2860622606234,1000,4,"SSP5-8.5"
"3GCR-Ec","ssp585","Tropical Zone",2060,52.1733776090949,44.3079491756554,60.6116274385319,1000,4,"SSP5-8.5"
"3GCR-Ec","ssp585","Tropical Zone",2061,52.2840378282654,43.9445913640443,60.582288687843,1000,4,"SSP5-8.5"
"3GCR-Ec","ssp585","Tropical Zone",2062,52.4463768027619,44.4345524914317,60.6113343108997,1000,4,"SSP5-8.5"
"3GCR-Ec","ssp585","Tropical Zone",2063,52.3873431186375,44.359990570419,60.3274562901082,1000,4,"SSP5-8.5"
"3GCR-Ec","ssp585","Tropical Zone",2064,52.3443433011802,44.7073808188713,60.3066317891684,1000,4,"SSP5-8.5"
"3GCR-Ec","ssp585","Tropical Zone",2065,52.4063444580538,44.7153269748904,60.2091526631835,1000,4,"SSP5-8.5"
"3GCR-Ec","ssp585","Tropical Zone",2066,52.5294843003134,44.8022736298307,60.639961010055,1000,4,"SSP5-8.5"
"3GCR-Ec","ssp585","Tropical Zone",2067,52.4779169177407,44.7022510763297,60.4156110520784,1000,4,"SSP5-8.5"
"3GCR-Ec","ssp585","Tropical Zone",2068,52.5352654031378,44.5507528700295,60.6022435932858,1000,4,"SSP5-8.5"
"3GCR-Ec","ssp585","Tropical Zone",2069,52.5622732080368,44.5404723690252,61.0696503020752,1000,4,"SSP5-8.5"
"3GCR-Ec","ssp585","Tropical Zone",2070,52.4148883459946,44.3869588931694,60.9391446071058,1000,4,"SSP5-8.5"
"3GCR-Ec","ssp585","Tropical Zone",2071,52.3339037909942,44.3724516763794,60.4849121465823,1000,4,"SSP5-8.5"
"3GCR-Ec","ssp585","Tropical Zone",2072,52.2642284813536,44.3532522984346,60.4894122216483,1000,4,"SSP5-8.5"
"3GCR-Ec","ssp585","Tropical Zone",2073,52.2857231666197,44.4781575989121,60.6120083752665,1000,4,"SSP5-8.5"
"3GCR-Ec","ssp585","Tropical Zone",2074,52.2317003649863,44.2633279126967,60.6448588137893,1000,4,"SSP5-8.5"
"3GCR-Ec","ssp585","Tropical Zone",2075,52.3411660173276,44.7815151751684,61.3684971095445,1000,4,"SSP5-8.5"
"3GCR-Ec","ssp585","Tropical Zone",2076,52.1004192942081,44.1522991974949,60.8577169919505,1000,4,"SSP5-8.5"
"3GCR-Ec","ssp585","Tropical Zone",2077,51.9981807632375,44.4695884739079,60.7826770057872,1000,4,"SSP5-8.5"
"3GCR-Ec","ssp585","Tropical Zone",2078,51.9557900855813,44.1334009456402,60.4918518116464,1000,4,"SSP5-8.5"
"3GCR-Ec","ssp585","Tropical Zone",2079,52.0973438412687,44.5355133408185,60.3557086108763,1000,4,"SSP5-8.5"
"3GCR-Ec","ssp585","Tropical Zone",2080,52.1277267294763,44.6074275410127,60.1223884620557,1000,4,"SSP5-8.5"
"3GCR-Ec","ssp585","Tropical Zone",2081,52.2548373130309,44.2675329757568,60.177062320664,1000,4,"SSP5-8.5"
"3GCR-Ec","ssp585","Tropical Zone",2082,52.1101604624121,44.0574502355949,60.1915451127657,1000,4,"SSP5-8.5"
"3GCR-Ec","ssp585","Tropical Zone",2083,51.9019357702827,43.8988210649889,60.2737019818516,1000,4,"SSP5-8.5"
"3GCR-Ec","ssp585","Tropical Zone",2084,51.7850859435213,43.707629039445,59.7006411089382,1000,4,"SSP5-8.5"
"3GCR-Ec","ssp585","Tropical Zone",2085,51.7701443751325,43.7239964239327,60.0329491241352,1000,4,"SSP5-8.5"
"3GCR-Ec","ssp585","Tropical Zone",2086,51.7878924247355,43.8868692260009,60.3723981340916,1000,4,"SSP5-8.5"
"3GCR-Ec","ssp585","Tropical Zone",2087,51.7147786381711,43.83731311785,60.3177085902816,1000,4,"SSP5-8.5"
"3GCR-Ec","ssp585","Tropical Zone",2088,51.5956401711644,44.0179916630304,60.1218282170398,1000,4,"SSP5-8.5"
"3GCR-Ec","ssp585","Tropical Zone",2089,51.4982320279343,43.6554219606607,59.7570087313858,1000,4,"SSP5-8.5"
"3GCR-Ec","ssp585","Tropical Zone",2090,51.6207541049143,44.2331085063106,59.708515547629,1000,4,"SSP5-8.5"
"3GCR-Ec","ssp585","Tropical Zone",2091,51.5598779561678,44.1285892887778,59.6951772212357,1000,4,"SSP5-8.5"
"3GCR-Ec","ssp585","Tropical Zone",2092,51.3059249384617,43.8696172585188,59.1386235772218,1000,4,"SSP5-8.5"
"3GCR-Ec","ssp585","Tropical Zone",2093,51.2715513430565,43.94982152678,58.8667947720959,1000,4,"SSP5-8.5"
"3GCR-Ec","ssp585","Tropical Zone",2094,51.1392070966945,43.3598138194415,58.5107328533578,1000,4,"SSP5-8.5"
"3GCR-Ec","ssp585","Tropical Zone",2095,51.1148227357886,43.624087297377,58.603046463377,1000,4,"SSP5-8.5"
"3GCR-Ec","ssp585","Tropical Zone",2096,51.0133261709317,43.5258503323671,58.8147809149209,1000,4,"SSP5-8.5"
"3GCR-Ec","ssp585","Tropical Zone",2097,50.9527620577164,43.5286639293761,58.794598860276,1000,4,"SSP5-8.5"
"3GCR-Ec","ssp585","Tropical Zone",2098,50.9562143532276,43.6597171088986,58.7509246252811,1000,4,"SSP5-8.5"
"3GCR-Ec","ssp585","Tropical Zone",2099,51.1537900754761,43.6804176135329,59.0705149593015,1000,4,"SSP5-8.5"
"3GCR-Ec","ssp585","Tropical Zone",2100,51.2031700029339,43.8749543990199,59.6684472370473,1000,4,"SSP5-8.5"
"3GCR-Kp","ssp126","Tropical Zone",2020,63.1512747130017,63.0172370137537,63.273803597802,1000,4,"SSP1-2.6"
"3GCR-Kp","ssp126","Tropical Zone",2021,66.3409199361839,65.377942791209,67.209846622361,1000,4,"SSP1-2.6"
"3GCR-Kp","ssp126","Tropical Zone",2022,68.9393370842308,67.2741615126346,70.5328105960606,1000,4,"SSP1-2.6"
"3GCR-Kp","ssp126","Tropical Zone",2023,72.384590864556,70.0554299724829,74.7419555271926,1000,4,"SSP1-2.6"
"3GCR-Kp","ssp126","Tropical Zone",2024,74.9395230089689,71.9450253358127,77.8259879096435,1000,4,"SSP1-2.6"
"3GCR-Kp","ssp126","Tropical Zone",2025,77.0015979300969,73.636880127692,80.3093869219206,1000,4,"SSP1-2.6"
"3GCR-Kp","ssp126","Tropical Zone",2026,78.6532263133745,75.0153942692084,82.2228303592222,1000,4,"SSP1-2.6"
"3GCR-Kp","ssp126","Tropical Zone",2027,79.9443928477,76.0203327644574,83.9041301326275,1000,4,"SSP1-2.6"
"3GCR-Kp","ssp126","Tropical Zone",2028,80.880329527681,76.8203668388551,85.0130428505062,1000,4,"SSP1-2.6"
"3GCR-Kp","ssp126","Tropical Zone",2029,81.556380368817,77.5742381695822,85.5490826388481,1000,4,"SSP1-2.6"
"3GCR-Kp","ssp126","Tropical Zone",2030,82.203950415171,77.9798513461078,86.0658376914027,1000,4,"SSP1-2.6"
"3GCR-Kp","ssp126","Tropical Zone",2031,82.8238803123818,78.6256206914731,86.8725261744511,1000,4,"SSP1-2.6"
"3GCR-Kp","ssp126","Tropical Zone",2032,83.46420268024,79.1864298977566,87.6758894851352,1000,4,"SSP1-2.6"
"3GCR-Kp","ssp126","Tropical Zone",2033,83.8017547455931,79.3843777197264,88.3171930809422,1000,4,"SSP1-2.6"
"3GCR-Kp","ssp126","Tropical Zone",2034,84.1342529836328,79.5984214901488,88.5738984933749,1000,4,"SSP1-2.6"
"3GCR-Kp","ssp126","Tropical Zone",2035,84.2313619112918,79.8970937444538,88.5881088292419,1000,4,"SSP1-2.6"
"3GCR-Kp","ssp126","Tropical Zone",2036,84.3128199232321,79.9843342971623,88.5439116814939,1000,4,"SSP1-2.6"
"3GCR-Kp","ssp126","Tropical Zone",2037,84.4478563713466,79.8826874034182,88.8269460600217,1000,4,"SSP1-2.6"
"3GCR-Kp","ssp126","Tropical Zone",2038,84.6869623208579,80.1423194574757,89.1903621153057,1000,4,"SSP1-2.6"
"3GCR-Kp","ssp126","Tropical Zone",2039,85.0217300177732,80.4612666711999,89.5222041249042,1000,4,"SSP1-2.6"
"3GCR-Kp","ssp126","Tropical Zone",2040,85.2611411379594,80.6619550596606,89.7344021292385,1000,4,"SSP1-2.6"
"3GCR-Kp","ssp126","Tropical Zone",2041,85.2498175993919,80.6524147149616,89.5738692682708,1000,4,"SSP1-2.6"
"3GCR-Kp","ssp126","Tropical Zone",2042,85.3275182166383,80.7380069204506,89.741869379547,1000,4,"SSP1-2.6"
"3GCR-Kp","ssp126","Tropical Zone",2043,85.5977934085942,81.1372212053203,89.9791182941977,1000,4,"SSP1-2.6"
"3GCR-Kp","ssp126","Tropical Zone",2044,85.8090621880483,81.2664543664506,90.2527732236853,1000,4,"SSP1-2.6"
"3GCR-Kp","ssp126","Tropical Zone",2045,86.0927730715447,81.4392864004774,90.6538734315937,1000,4,"SSP1-2.6"
"3GCR-Kp","ssp126","Tropical Zone",2046,86.2272923028753,81.3358861459449,90.9989473039341,1000,4,"SSP1-2.6"
"3GCR-Kp","ssp126","Tropical Zone",2047,86.1672382323885,81.343496854532,90.8416676022569,1000,4,"SSP1-2.6"
"3GCR-Kp","ssp126","Tropical Zone",2048,86.2938466310593,81.3877852341441,91.0668539313621,1000,4,"SSP1-2.6"
"3GCR-Kp","ssp126","Tropical Zone",2049,86.3364496000792,81.6422470120984,91.0914084475126,1000,4,"SSP1-2.6"
"3GCR-Kp","ssp126","Tropical Zone",2050,86.4215209013557,81.6943949260325,91.0363211484755,1000,4,"SSP1-2.6"
"3GCR-Kp","ssp126","Tropical Zone",2051,86.598580436669,81.9094619135252,91.2610008393384,1000,4,"SSP1-2.6"
"3GCR-Kp","ssp126","Tropical Zone",2052,86.6637948160149,81.8878118936983,91.4869286884596,1000,4,"SSP1-2.6"
"3GCR-Kp","ssp126","Tropical Zone",2053,86.8578324070228,81.8845074359977,91.5465950901659,1000,4,"SSP1-2.6"
"3GCR-Kp","ssp126","Tropical Zone",2054,86.7659672740608,82.0122491488915,91.461429809933,1000,4,"SSP1-2.6"
"3GCR-Kp","ssp126","Tropical Zone",2055,86.8146179787645,82.0743287941052,91.5445571592268,1000,4,"SSP1-2.6"
"3GCR-Kp","ssp126","Tropical Zone",2056,87.0633581962123,82.31927229556,91.7196026472735,1000,4,"SSP1-2.6"
"3GCR-Kp","ssp126","Tropical Zone",2057,87.3118263985805,82.7199223062175,91.7451356380555,1000,4,"SSP1-2.6"
"3GCR-Kp","ssp126","Tropical Zone",2058,87.5237197416468,83.0063665207065,91.9573213899786,1000,4,"SSP1-2.6"
"3GCR-Kp","ssp126","Tropical Zone",2059,87.689372038036,83.1376159718322,92.0915913503382,1000,4,"SSP1-2.6"
"3GCR-Kp","ssp126","Tropical Zone",2060,87.8140516977024,83.4135958193675,92.2324364132254,1000,4,"SSP1-2.6"
"3GCR-Kp","ssp126","Tropical Zone",2061,87.8831865158496,83.4745765838068,92.3354228508981,1000,4,"SSP1-2.6"
"3GCR-Kp","ssp126","Tropical Zone",2062,87.9936524892571,83.4581582580667,92.5466481666911,1000,4,"SSP1-2.6"
"3GCR-Kp","ssp126","Tropical Zone",2063,88.0478421593741,83.4605231159893,92.5731377329297,1000,4,"SSP1-2.6"
"3GCR-Kp","ssp126","Tropical Zone",2064,88.178988282058,83.5591783977366,92.836007576919,1000,4,"SSP1-2.6"
"3GCR-Kp","ssp126","Tropical Zone",2065,88.1538545256684,83.3566515252024,92.717631202908,1000,4,"SSP1-2.6"
"3GCR-Kp","ssp126","Tropical Zone",2066,88.0728796772454,83.4739521027821,92.7799382805234,1000,4,"SSP1-2.6"
"3GCR-Kp","ssp126","Tropical Zone",2067,87.9820657439054,83.3474982896127,92.6928241651155,1000,4,"SSP1-2.6"
"3GCR-Kp","ssp126","Tropical Zone",2068,88.0571028923226,83.2095714233024,92.6623736184308,1000,4,"SSP1-2.6"
"3GCR-Kp","ssp126","Tropical Zone",2069,88.0547195846901,83.1853230102208,92.6755225152242,1000,4,"SSP1-2.6"
"3GCR-Kp","ssp126","Tropical Zone",2070,88.0216424794019,83.0497803748209,92.595780382805,1000,4,"SSP1-2.6"
"3GCR-Kp","ssp126","Tropical Zone",2071,87.9786714226774,83.1358530894966,92.4124518316818,1000,4,"SSP1-2.6"
"3GCR-Kp","ssp126","Tropical Zone",2072,88.0277945136738,83.1274162799944,92.4034178697199,1000,4,"SSP1-2.6"
"3GCR-Kp","ssp126","Tropical Zone",2073,87.7671225367676,82.9873587040216,92.2516278306261,1000,4,"SSP1-2.6"
"3GCR-Kp","ssp126","Tropical Zone",2074,87.8088597354681,82.7421160258243,92.2786500533904,1000,4,"SSP1-2.6"
"3GCR-Kp","ssp126","Tropical Zone",2075,87.6558695287443,82.5739062641535,92.2218353107002,1000,4,"SSP1-2.6"
"3GCR-Kp","ssp126","Tropical Zone",2076,87.5916456448347,82.5560634818127,92.325912700279,1000,4,"SSP1-2.6"
"3GCR-Kp","ssp126","Tropical Zone",2077,87.5769170266417,82.6747379323112,92.2909934699431,1000,4,"SSP1-2.6"
"3GCR-Kp","ssp126","Tropical Zone",2078,87.454865853026,82.617019354616,92.1203267675603,1000,4,"SSP1-2.6"
"3GCR-Kp","ssp126","Tropical Zone",2079,87.4972132780493,83.0901991457969,92.2810452041326,1000,4,"SSP1-2.6"
"3GCR-Kp","ssp126","Tropical Zone",2080,87.5004205884453,83.1027952973843,92.0224994954991,1000,4,"SSP1-2.6"
"3GCR-Kp","ssp126","Tropical Zone",2081,87.3254957807083,82.8846991873761,91.8001057493732,1000,4,"SSP1-2.6"
"3GCR-Kp","ssp126","Tropical Zone",2082,87.2143446910072,82.9338764774237,91.6997483216711,1000,4,"SSP1-2.6"
"3GCR-Kp","ssp126","Tropical Zone",2083,87.1470793835522,82.8214342553465,91.6914550612057,1000,4,"SSP1-2.6"
"3GCR-Kp","ssp126","Tropical Zone",2084,87.1793368960926,82.6446801281076,91.6364301258235,1000,4,"SSP1-2.6"
"3GCR-Kp","ssp126","Tropical Zone",2085,87.1617047335749,82.5581527337845,91.5973606004606,1000,4,"SSP1-2.6"
"3GCR-Kp","ssp126","Tropical Zone",2086,87.154934113021,82.8243498908198,91.7210062023891,1000,4,"SSP1-2.6"
"3GCR-Kp","ssp126","Tropical Zone",2087,87.0088074495755,82.6740394369519,91.5609402682389,1000,4,"SSP1-2.6"
"3GCR-Kp","ssp126","Tropical Zone",2088,87.0782007425232,82.570944779215,91.7688235457732,1000,4,"SSP1-2.6"
"3GCR-Kp","ssp126","Tropical Zone",2089,86.8516436802876,82.2399908447725,91.541474524989,1000,4,"SSP1-2.6"
"3GCR-Kp","ssp126","Tropical Zone",2090,86.6185543114888,82.0852805092217,91.3902477201486,1000,4,"SSP1-2.6"
"3GCR-Kp","ssp126","Tropical Zone",2091,86.6564621596748,82.328205418787,91.3522015880732,1000,4,"SSP1-2.6"
"3GCR-Kp","ssp126","Tropical Zone",2092,86.5986909951347,82.0162130881266,91.3078617947338,1000,4,"SSP1-2.6"
"3GCR-Kp","ssp126","Tropical Zone",2093,86.6048914125203,82.088773460014,91.239544641423,1000,4,"SSP1-2.6"
"3GCR-Kp","ssp126","Tropical Zone",2094,86.5451496807272,81.8800375496743,91.0878324482702,1000,4,"SSP1-2.6"
"3GCR-Kp","ssp126","Tropical Zone",2095,86.5473107740853,81.9690674573276,91.0257624668558,1000,4,"SSP1-2.6"
"3GCR-Kp","ssp126","Tropical Zone",2096,86.4055179154617,81.937489336553,90.904306057681,1000,4,"SSP1-2.6"
"3GCR-Kp","ssp126","Tropical Zone",2097,86.3029806592048,81.9600551672284,90.6286193500023,1000,4,"SSP1-2.6"
"3GCR-Kp","ssp126","Tropical Zone",2098,86.0793249889895,81.6305130542369,90.5617419776244,1000,4,"SSP1-2.6"
"3GCR-Kp","ssp126","Tropical Zone",2099,86.062643629443,81.5149935173858,90.48572615981,1000,4,"SSP1-2.6"
"3GCR-Kp","ssp126","Tropical Zone",2100,86.20476237535,81.7320415860465,90.5633949608518,1000,4,"SSP1-2.6"
"3GCR-Kp","ssp245","Tropical Zone",2020,63.2145404426883,62.9022586073838,63.5235572520547,1000,4,"SSP2-4.5"
"3GCR-Kp","ssp245","Tropical Zone",2021,66.7307856196366,65.6105815949571,67.7631803912068,1000,4,"SSP2-4.5"
"3GCR-Kp","ssp245","Tropical Zone",2022,69.3539178249407,67.573907154739,71.0832746260824,1000,4,"SSP2-4.5"
"3GCR-Kp","ssp245","Tropical Zone",2023,73.070773997309,70.5327592656959,75.6200557589915,1000,4,"SSP2-4.5"
"3GCR-Kp","ssp245","Tropical Zone",2024,75.9541028386921,72.7561788448534,79.0570477219562,1000,4,"SSP2-4.5"
"3GCR-Kp","ssp245","Tropical Zone",2025,78.0482848908148,74.3386347656644,81.4119052200084,1000,4,"SSP2-4.5"
"3GCR-Kp","ssp245","Tropical Zone",2026,79.7386745212768,75.772401375853,83.43574413196,1000,4,"SSP2-4.5"
"3GCR-Kp","ssp245","Tropical Zone",2027,80.7846780354021,76.6839978038132,84.5429596981082,1000,4,"SSP2-4.5"
"3GCR-Kp","ssp245","Tropical Zone",2028,81.7093945554354,77.4607186416244,85.8098850461078,1000,4,"SSP2-4.5"
"3GCR-Kp","ssp245","Tropical Zone",2029,82.4041311881385,78.231106135682,86.7016236032133,1000,4,"SSP2-4.5"
"3GCR-Kp","ssp245","Tropical Zone",2030,83.0891378383707,78.8378482137551,87.4068847912534,1000,4,"SSP2-4.5"
"3GCR-Kp","ssp245","Tropical Zone",2031,83.4795918373164,79.090391700713,88.0783922854838,1000,4,"SSP2-4.5"
"3GCR-Kp","ssp245","Tropical Zone",2032,83.8943914529523,79.445469109605,88.4073711127755,1000,4,"SSP2-4.5"
"3GCR-Kp","ssp245","Tropical Zone",2033,84.2382482903122,79.7973280973354,88.5924087711129,1000,4,"SSP2-4.5"
"3GCR-Kp","ssp245","Tropical Zone",2034,84.6526653639782,80.2887732489954,88.9301779567638,1000,4,"SSP2-4.5"
"3GCR-Kp","ssp245","Tropical Zone",2035,84.9340263489676,80.4598186237879,89.5247943279623,1000,4,"SSP2-4.5"
"3GCR-Kp","ssp245","Tropical Zone",2036,85.2216435275666,80.732591971326,89.7722039008482,1000,4,"SSP2-4.5"
"3GCR-Kp","ssp245","Tropical Zone",2037,85.3930246791048,80.7311155713387,89.7793574837054,1000,4,"SSP2-4.5"
"3GCR-Kp","ssp245","Tropical Zone",2038,85.6181429152899,80.9357121093149,90.0884350774277,1000,4,"SSP2-4.5"
"3GCR-Kp","ssp245","Tropical Zone",2039,86.0816271476606,81.5402604839318,90.7532080337136,1000,4,"SSP2-4.5"
"3GCR-Kp","ssp245","Tropical Zone",2040,86.4687302961505,81.9341178596832,91.2299003806008,1000,4,"SSP2-4.5"
"3GCR-Kp","ssp245","Tropical Zone",2041,86.7503094695399,82.1890938208139,91.4440477152648,1000,4,"SSP2-4.5"
"3GCR-Kp","ssp245","Tropical Zone",2042,86.9000390365243,82.4340927561798,91.7569637581266,1000,4,"SSP2-4.5"
"3GCR-Kp","ssp245","Tropical Zone",2043,86.9582082703302,82.4505595572092,91.5973613920431,1000,4,"SSP2-4.5"
"3GCR-Kp","ssp245","Tropical Zone",2044,87.0243780903009,82.24284025279,91.5203283275744,1000,4,"SSP2-4.5"
"3GCR-Kp","ssp245","Tropical Zone",2045,87.3318265743875,82.4107068887766,91.7909206436538,1000,4,"SSP2-4.5"
"3GCR-Kp","ssp245","Tropical Zone",2046,87.6655377901855,82.7107827834012,92.1066987971359,1000,4,"SSP2-4.5"
"3GCR-Kp","ssp245","Tropical Zone",2047,87.7607168317372,82.7555950759937,92.1735118276122,1000,4,"SSP2-4.5"
"3GCR-Kp","ssp245","Tropical Zone",2048,87.9042371278751,83.0675520414825,92.5320178861546,1000,4,"SSP2-4.5"
"3GCR-Kp","ssp245","Tropical Zone",2049,88.3300694879682,83.5705103207781,92.8156807479875,1000,4,"SSP2-4.5"
"3GCR-Kp","ssp245","Tropical Zone",2050,88.660442971536,83.8639520036504,93.3629874826502,1000,4,"SSP2-4.5"
"3GCR-Kp","ssp245","Tropical Zone",2051,89.0389626297484,84.1750349898011,93.8702342608267,1000,4,"SSP2-4.5"
"3GCR-Kp","ssp245","Tropical Zone",2052,89.252526800717,84.547708311206,93.7180553763397,1000,4,"SSP2-4.5"
"3GCR-Kp","ssp245","Tropical Zone",2053,89.3731511701616,84.6461883800996,93.598924233177,1000,4,"SSP2-4.5"
"3GCR-Kp","ssp245","Tropical Zone",2054,89.6069793302679,84.6947709072253,93.9441667196044,1000,4,"SSP2-4.5"
"3GCR-Kp","ssp245","Tropical Zone",2055,89.8776865315008,85.1645285380209,94.199851327956,1000,4,"SSP2-4.5"
"3GCR-Kp","ssp245","Tropical Zone",2056,89.9550625670002,85.1330216710414,94.3508844450953,1000,4,"SSP2-4.5"
"3GCR-Kp","ssp245","Tropical Zone",2057,90.2139343143285,85.7560063118113,94.8658645535147,1000,4,"SSP2-4.5"
"3GCR-Kp","ssp245","Tropical Zone",2058,90.4576524659904,85.9683721110665,95.1162353132533,1000,4,"SSP2-4.5"
"3GCR-Kp","ssp245","Tropical Zone",2059,90.7961953959736,86.4492048225168,95.7855498939829,1000,4,"SSP2-4.5"
"3GCR-Kp","ssp245","Tropical Zone",2060,91.0412418438582,86.5800052374512,95.9306470259404,1000,4,"SSP2-4.5"
"3GCR-Kp","ssp245","Tropical Zone",2061,91.1143169458847,86.3518582056993,96.166152655809,1000,4,"SSP2-4.5"
"3GCR-Kp","ssp245","Tropical Zone",2062,91.3486067635193,86.4241701839275,96.3123547818318,1000,4,"SSP2-4.5"
"3GCR-Kp","ssp245","Tropical Zone",2063,91.4153648405099,86.5102597823727,96.5776893820531,1000,4,"SSP2-4.5"
"3GCR-Kp","ssp245","Tropical Zone",2064,91.4667418804549,86.5927412737463,96.2640794245745,1000,4,"SSP2-4.5"
"3GCR-Kp","ssp245","Tropical Zone",2065,91.4518195249103,86.729173542564,96.3158162985807,1000,4,"SSP2-4.5"
"3GCR-Kp","ssp245","Tropical Zone",2066,91.4785727232041,86.6765024463144,96.2296732600509,1000,4,"SSP2-4.5"
"3GCR-Kp","ssp245","Tropical Zone",2067,91.5828926314196,86.6144628200839,96.2988737729709,1000,4,"SSP2-4.5"
"3GCR-Kp","ssp245","Tropical Zone",2068,91.7640183234688,86.6343300505788,96.4253635130612,1000,4,"SSP2-4.5"
"3GCR-Kp","ssp245","Tropical Zone",2069,91.7122924617028,86.6765023276247,96.5720350684471,1000,4,"SSP2-4.5"
"3GCR-Kp","ssp245","Tropical Zone",2070,91.877151904476,86.7565791719466,96.658309856554,1000,4,"SSP2-4.5"
"3GCR-Kp","ssp245","Tropical Zone",2071,91.9888828199813,86.9708812711769,96.698499978265,1000,4,"SSP2-4.5"
"3GCR-Kp","ssp245","Tropical Zone",2072,91.9544567793882,87.3561362100627,96.4421206434606,1000,4,"SSP2-4.5"
"3GCR-Kp","ssp245","Tropical Zone",2073,91.9665793256109,87.0801204983765,96.4363625737228,1000,4,"SSP2-4.5"
"3GCR-Kp","ssp245","Tropical Zone",2074,92.1558893353854,87.4832885643692,96.9631380471831,1000,4,"SSP2-4.5"
"3GCR-Kp","ssp245","Tropical Zone",2075,92.1973667652166,87.3974801255468,97.0365791604022,1000,4,"SSP2-4.5"
"3GCR-Kp","ssp245","Tropical Zone",2076,92.0260151145031,87.1824082102477,96.8219304159415,1000,4,"SSP2-4.5"
"3GCR-Kp","ssp245","Tropical Zone",2077,92.076400563837,87.2685590490994,96.7670775820074,1000,4,"SSP2-4.5"
"3GCR-Kp","ssp245","Tropical Zone",2078,92.0357444569981,87.2761413803279,96.6866641586932,1000,4,"SSP2-4.5"
"3GCR-Kp","ssp245","Tropical Zone",2079,92.3189257267881,87.6536995195954,96.7830555910483,1000,4,"SSP2-4.5"
"3GCR-Kp","ssp245","Tropical Zone",2080,92.2849173719568,87.6452317918613,96.8854019177608,1000,4,"SSP2-4.5"
"3GCR-Kp","ssp245","Tropical Zone",2081,92.2139624493622,87.6877205887257,96.9278399453847,1000,4,"SSP2-4.5"
"3GCR-Kp","ssp245","Tropical Zone",2082,92.1393279640708,87.3184163161582,96.9692955389763,1000,4,"SSP2-4.5"
"3GCR-Kp","ssp245","Tropical Zone",2083,92.2313117418609,87.5060427078811,97.1193822038114,1000,4,"SSP2-4.5"
"3GCR-Kp","ssp245","Tropical Zone",2084,92.5114976725659,87.6828855904412,97.4393867781905,1000,4,"SSP2-4.5"
"3GCR-Kp","ssp245","Tropical Zone",2085,92.612492850296,87.5440303675727,97.5380640809193,1000,4,"SSP2-4.5"
"3GCR-Kp","ssp245","Tropical Zone",2086,92.410796770237,87.3801007910115,97.1535096976484,1000,4,"SSP2-4.5"
"3GCR-Kp","ssp245","Tropical Zone",2087,92.5145984687245,87.6654259814793,97.3111872287983,1000,4,"SSP2-4.5"
"3GCR-Kp","ssp245","Tropical Zone",2088,92.6757875911108,87.8090287592752,97.2535832776599,1000,4,"SSP2-4.5"
"3GCR-Kp","ssp245","Tropical Zone",2089,92.6158659338413,87.5734475883995,97.3054970076551,1000,4,"SSP2-4.5"
"3GCR-Kp","ssp245","Tropical Zone",2090,92.785556666482,87.7138294412998,97.4436566571345,1000,4,"SSP2-4.5"
"3GCR-Kp","ssp245","Tropical Zone",2091,92.8334193371889,88.0559855882938,97.4015556252786,1000,4,"SSP2-4.5"
"3GCR-Kp","ssp245","Tropical Zone",2092,92.854092166656,87.9384735447489,97.5124345796379,1000,4,"SSP2-4.5"
"3GCR-Kp","ssp245","Tropical Zone",2093,92.6972411825487,87.9793207538951,97.4699483288092,1000,4,"SSP2-4.5"
"3GCR-Kp","ssp245","Tropical Zone",2094,92.8437476614053,88.1172097383448,97.5670138360622,1000,4,"SSP2-4.5"
"3GCR-Kp","ssp245","Tropical Zone",2095,92.8972793642056,88.2699182497094,97.6425575273583,1000,4,"SSP2-4.5"
"3GCR-Kp","ssp245","Tropical Zone",2096,92.9200069234126,88.1340172567395,97.9380456083839,1000,4,"SSP2-4.5"
"3GCR-Kp","ssp245","Tropical Zone",2097,92.9487816452407,88.3106685968087,97.9554187914483,1000,4,"SSP2-4.5"
"3GCR-Kp","ssp245","Tropical Zone",2098,92.8599476349523,88.2454317664005,97.8240496734622,1000,4,"SSP2-4.5"
"3GCR-Kp","ssp245","Tropical Zone",2099,92.8481138653789,88.1777453406598,97.5827486305027,1000,4,"SSP2-4.5"
"3GCR-Kp","ssp245","Tropical Zone",2100,92.8920323698783,88.1255983383941,97.5559584271325,1000,4,"SSP2-4.5"
"3GCR-Kp","ssp370","Tropical Zone",2020,63.0947050653386,62.8849785571893,63.3826594078852,1000,4,"SSP3-7.0"
"3GCR-Kp","ssp370","Tropical Zone",2021,67.0678547936626,65.9293004379724,68.1328470722478,1000,4,"SSP3-7.0"
"3GCR-Kp","ssp370","Tropical Zone",2022,69.7998377995785,67.7726219179511,71.6581145327414,1000,4,"SSP3-7.0"
"3GCR-Kp","ssp370","Tropical Zone",2023,73.7283993885192,70.703900360442,76.5726271563753,1000,4,"SSP3-7.0"
"3GCR-Kp","ssp370","Tropical Zone",2024,76.7923102889073,73.1831803003396,80.2272121470554,1000,4,"SSP3-7.0"
"3GCR-Kp","ssp370","Tropical Zone",2025,78.6721420770278,74.7785164244404,82.6341846548555,1000,4,"SSP3-7.0"
"3GCR-Kp","ssp370","Tropical Zone",2026,80.0328397212104,75.9312850406346,84.0600836825789,1000,4,"SSP3-7.0"
"3GCR-Kp","ssp370","Tropical Zone",2027,81.2355124206867,77.0422622082101,85.3036910483594,1000,4,"SSP3-7.0"
"3GCR-Kp","ssp370","Tropical Zone",2028,82.0491144653301,77.6079417747099,86.3872882443616,1000,4,"SSP3-7.0"
"3GCR-Kp","ssp370","Tropical Zone",2029,82.9148649064787,78.7102053159854,87.1912672270926,1000,4,"SSP3-7.0"
"3GCR-Kp","ssp370","Tropical Zone",2030,83.3813434169713,79.1401352803554,87.8098445359088,1000,4,"SSP3-7.0"
"3GCR-Kp","ssp370","Tropical Zone",2031,83.5968458068201,79.050980743068,88.141783830306,1000,4,"SSP3-7.0"
"3GCR-Kp","ssp370","Tropical Zone",2032,83.9912477857641,79.2858187116001,88.7312814583901,1000,4,"SSP3-7.0"
"3GCR-Kp","ssp370","Tropical Zone",2033,84.4274683886112,79.6123949016377,89.3577972964954,1000,4,"SSP3-7.0"
"3GCR-Kp","ssp370","Tropical Zone",2034,84.7051717303906,80.0076780922894,89.4783547985791,1000,4,"SSP3-7.0"
"3GCR-Kp","ssp370","Tropical Zone",2035,85.0351654342651,80.1618746772321,90.1688611686651,1000,4,"SSP3-7.0"
"3GCR-Kp","ssp370","Tropical Zone",2036,85.428846323852,80.6131534851561,90.3747235546761,1000,4,"SSP3-7.0"
"3GCR-Kp","ssp370","Tropical Zone",2037,85.7354693809043,81.0481089188837,90.785616878,1000,4,"SSP3-7.0"
"3GCR-Kp","ssp370","Tropical Zone",2038,85.9568174172899,81.1070139386311,90.7168050024388,1000,4,"SSP3-7.0"
"3GCR-Kp","ssp370","Tropical Zone",2039,86.3478997050048,81.5240915472677,91.2602459409056,1000,4,"SSP3-7.0"
"3GCR-Kp","ssp370","Tropical Zone",2040,86.6969738418758,81.6679142987195,91.8520077897569,1000,4,"SSP3-7.0"
"3GCR-Kp","ssp370","Tropical Zone",2041,86.9003917257145,81.7198645548373,92.3352782208873,1000,4,"SSP3-7.0"
"3GCR-Kp","ssp370","Tropical Zone",2042,87.149954049302,81.9487062891837,92.4549016737696,1000,4,"SSP3-7.0"
"3GCR-Kp","ssp370","Tropical Zone",2043,87.3828602845655,82.2308018260174,92.4335861653552,1000,4,"SSP3-7.0"
"3GCR-Kp","ssp370","Tropical Zone",2044,87.769673927382,82.5394268838595,92.5528747160428,1000,4,"SSP3-7.0"
"3GCR-Kp","ssp370","Tropical Zone",2045,88.0626955839789,82.7869840313454,92.7892169866607,1000,4,"SSP3-7.0"
"3GCR-Kp","ssp370","Tropical Zone",2046,88.2992563281885,83.0388041198385,92.935920735406,1000,4,"SSP3-7.0"
"3GCR-Kp","ssp370","Tropical Zone",2047,88.6001886073627,83.7148502444758,93.3536966469982,1000,4,"SSP3-7.0"
"3GCR-Kp","ssp370","Tropical Zone",2048,88.7995587103559,83.5253694727512,93.5664320169619,1000,4,"SSP3-7.0"
"3GCR-Kp","ssp370","Tropical Zone",2049,88.9582991637268,83.8060551202617,93.5851965816848,1000,4,"SSP3-7.0"
"3GCR-Kp","ssp370","Tropical Zone",2050,89.2978050360903,84.2764080957362,93.9231309800945,1000,4,"SSP3-7.0"
"3GCR-Kp","ssp370","Tropical Zone",2051,89.6381233209424,84.7028019204197,94.3858114042357,1000,4,"SSP3-7.0"
"3GCR-Kp","ssp370","Tropical Zone",2052,89.8974222344263,84.9952734686585,94.6628592991961,1000,4,"SSP3-7.0"
"3GCR-Kp","ssp370","Tropical Zone",2053,90.1405440936373,85.1652857413178,95.0045288545397,1000,4,"SSP3-7.0"
"3GCR-Kp","ssp370","Tropical Zone",2054,90.4044988635458,85.3685058970714,95.3923817251609,1000,4,"SSP3-7.0"
"3GCR-Kp","ssp370","Tropical Zone",2055,90.5689481225789,85.5096886644334,95.5410846027272,1000,4,"SSP3-7.0"
"3GCR-Kp","ssp370","Tropical Zone",2056,90.9821001777896,85.6162608682076,95.8640291785679,1000,4,"SSP3-7.0"
"3GCR-Kp","ssp370","Tropical Zone",2057,91.0494477941453,85.6602230418608,96.0982539786984,1000,4,"SSP3-7.0"
"3GCR-Kp","ssp370","Tropical Zone",2058,91.3698831254182,86.1777202788684,96.4292855209789,1000,4,"SSP3-7.0"
"3GCR-Kp","ssp370","Tropical Zone",2059,91.5278335718326,86.3675137750811,96.4240214378255,1000,4,"SSP3-7.0"
"3GCR-Kp","ssp370","Tropical Zone",2060,92.0339168841143,86.7522782177317,96.8970499360936,1000,4,"SSP3-7.0"
"3GCR-Kp","ssp370","Tropical Zone",2061,92.0818573488437,86.6753266509804,96.9161160107077,1000,4,"SSP3-7.0"
"3GCR-Kp","ssp370","Tropical Zone",2062,92.2705443271378,87.0049995588908,97.2574020055946,1000,4,"SSP3-7.0"
"3GCR-Kp","ssp370","Tropical Zone",2063,92.4698617548531,87.3908110094026,97.1895347997427,1000,4,"SSP3-7.0"
"3GCR-Kp","ssp370","Tropical Zone",2064,92.6745841310079,87.4033922648894,97.5629876196183,1000,4,"SSP3-7.0"
"3GCR-Kp","ssp370","Tropical Zone",2065,92.8097681568389,87.6563769033417,97.7532456134641,1000,4,"SSP3-7.0"
"3GCR-Kp","ssp370","Tropical Zone",2066,92.9844135161975,87.859829805134,97.7896949367226,1000,4,"SSP3-7.0"
"3GCR-Kp","ssp370","Tropical Zone",2067,93.3207550409923,88.3507073848162,97.831429718814,1000,4,"SSP3-7.0"
"3GCR-Kp","ssp370","Tropical Zone",2068,93.3239212573959,88.412207678127,97.7234727718173,1000,4,"SSP3-7.0"
"3GCR-Kp","ssp370","Tropical Zone",2069,93.2619156765686,88.459498384553,97.8207427894034,1000,4,"SSP3-7.0"
"3GCR-Kp","ssp370","Tropical Zone",2070,93.2923190969789,88.304123748149,97.8013728786671,1000,4,"SSP3-7.0"
"3GCR-Kp","ssp370","Tropical Zone",2071,93.4556600292007,88.3621195579862,97.7622553119394,1000,4,"SSP3-7.0"
"3GCR-Kp","ssp370","Tropical Zone",2072,93.7053997850881,88.57575468496,98.0744951659534,1000,4,"SSP3-7.0"
"3GCR-Kp","ssp370","Tropical Zone",2073,93.6200196190014,88.3654829683767,97.9560412396049,1000,4,"SSP3-7.0"
"3GCR-Kp","ssp370","Tropical Zone",2074,93.7000338177109,88.549866309429,97.9138928765458,1000,4,"SSP3-7.0"
"3GCR-Kp","ssp370","Tropical Zone",2075,93.8340198248415,88.5852936785387,98.183069630986,1000,4,"SSP3-7.0"
"3GCR-Kp","ssp370","Tropical Zone",2076,94.0753294194742,88.7603038165889,98.2666720044495,1000,4,"SSP3-7.0"
"3GCR-Kp","ssp370","Tropical Zone",2077,94.1534303852148,89.0609334961565,98.396290043379,1000,4,"SSP3-7.0"
"3GCR-Kp","ssp370","Tropical Zone",2078,94.3153982486536,89.266612544618,98.5692699859513,1000,4,"SSP3-7.0"
"3GCR-Kp","ssp370","Tropical Zone",2079,94.34115978487,89.3195466280398,98.6240193440877,1000,4,"SSP3-7.0"
"3GCR-Kp","ssp370","Tropical Zone",2080,94.4111038484972,89.3343948639997,98.6979453074319,1000,4,"SSP3-7.0"
"3GCR-Kp","ssp370","Tropical Zone",2081,94.4393542812838,89.451660794981,98.6861128461383,1000,4,"SSP3-7.0"
"3GCR-Kp","ssp370","Tropical Zone",2082,94.5704329331226,89.6818965397098,98.7568793953541,1000,4,"SSP3-7.0"
"3GCR-Kp","ssp370","Tropical Zone",2083,94.8018752073494,90.0523742169446,98.8726373477095,1000,4,"SSP3-7.0"
"3GCR-Kp","ssp370","Tropical Zone",2084,94.9788970281559,90.260190027551,99.0299804206904,1000,4,"SSP3-7.0"
"3GCR-Kp","ssp370","Tropical Zone",2085,95.0812822472792,90.3756145256833,99.1505365900631,1000,4,"SSP3-7.0"
"3GCR-Kp","ssp370","Tropical Zone",2086,95.1620293460334,90.1243521218294,99.137744089531,1000,4,"SSP3-7.0"
"3GCR-Kp","ssp370","Tropical Zone",2087,95.1392736915644,90.2261471520834,99.1081046229105,1000,4,"SSP3-7.0"
"3GCR-Kp","ssp370","Tropical Zone",2088,95.1621755328209,90.3210742562359,98.9250382051719,1000,4,"SSP3-7.0"
"3GCR-Kp","ssp370","Tropical Zone",2089,95.211420502569,90.5026698316817,99.1306598238758,1000,4,"SSP3-7.0"
"3GCR-Kp","ssp370","Tropical Zone",2090,95.3177904327739,90.5389146188156,99.2677270717228,1000,4,"SSP3-7.0"
"3GCR-Kp","ssp370","Tropical Zone",2091,95.3588725008936,90.9118548412411,99.1670208512597,1000,4,"SSP3-7.0"
"3GCR-Kp","ssp370","Tropical Zone",2092,95.4700931831294,90.9162763060374,99.1877586143877,1000,4,"SSP3-7.0"
"3GCR-Kp","ssp370","Tropical Zone",2093,95.5602949366268,91.127146216765,99.0928009332664,1000,4,"SSP3-7.0"
"3GCR-Kp","ssp370","Tropical Zone",2094,95.6547312592497,91.1899607820505,99.2811072485829,1000,4,"SSP3-7.0"
"3GCR-Kp","ssp370","Tropical Zone",2095,95.9476804408678,91.2962542793444,99.5196011440835,1000,4,"SSP3-7.0"
"3GCR-Kp","ssp370","Tropical Zone",2096,95.935056086549,91.2988825933471,99.5765109337482,1000,4,"SSP3-7.0"
"3GCR-Kp","ssp370","Tropical Zone",2097,95.7501756925476,91.1998920577955,99.4906325101503,1000,4,"SSP3-7.0"
"3GCR-Kp","ssp370","Tropical Zone",2098,95.8032007274297,90.991570633265,99.5974836584136,1000,4,"SSP3-7.0"
"3GCR-Kp","ssp370","Tropical Zone",2099,95.7869514074835,91.0937343911455,99.6867717815587,1000,4,"SSP3-7.0"
"3GCR-Kp","ssp370","Tropical Zone",2100,95.8525412219993,91.2224154241178,99.7237988288986,1000,4,"SSP3-7.0"
"3GCR-Kp","ssp585","Tropical Zone",2020,63.2808211247381,63.0093709047909,63.4730886923866,1000,4,"SSP5-8.5"
"3GCR-Kp","ssp585","Tropical Zone",2021,67.2971477888667,65.9339627655113,68.4607574581668,1000,4,"SSP5-8.5"
"3GCR-Kp","ssp585","Tropical Zone",2022,70.1669019911192,67.9395209141508,72.1582919212501,1000,4,"SSP5-8.5"
"3GCR-Kp","ssp585","Tropical Zone",2023,74.1893022758188,71.005817304817,76.997261943437,1000,4,"SSP5-8.5"
"3GCR-Kp","ssp585","Tropical Zone",2024,76.9370592248757,73.2479926951073,80.3816289265155,1000,4,"SSP5-8.5"
"3GCR-Kp","ssp585","Tropical Zone",2025,79.0709584198786,74.9981625841359,82.8939970235221,1000,4,"SSP5-8.5"
"3GCR-Kp","ssp585","Tropical Zone",2026,80.5078584217275,76.1007137464159,84.6844713278538,1000,4,"SSP5-8.5"
"3GCR-Kp","ssp585","Tropical Zone",2027,81.6334932365211,77.0247730500193,85.8628801915416,1000,4,"SSP5-8.5"
"3GCR-Kp","ssp585","Tropical Zone",2028,82.5293516557991,77.889631640698,86.9264854861374,1000,4,"SSP5-8.5"
"3GCR-Kp","ssp585","Tropical Zone",2029,83.2788154153838,78.7732945105128,87.9707263291669,1000,4,"SSP5-8.5"
"3GCR-Kp","ssp585","Tropical Zone",2030,83.937772435998,78.9621796484256,88.7725537107533,1000,4,"SSP5-8.5"
"3GCR-Kp","ssp585","Tropical Zone",2031,84.588859827971,79.7932342592936,89.3207413131208,1000,4,"SSP5-8.5"
"3GCR-Kp","ssp585","Tropical Zone",2032,85.1489561464068,80.0225636951565,89.7878591538761,1000,4,"SSP5-8.5"
"3GCR-Kp","ssp585","Tropical Zone",2033,85.3362621789205,80.1259985872529,89.9936373623609,1000,4,"SSP5-8.5"
"3GCR-Kp","ssp585","Tropical Zone",2034,85.6521307191056,80.6379044686176,90.7536783818249,1000,4,"SSP5-8.5"
"3GCR-Kp","ssp585","Tropical Zone",2035,85.9585766487638,80.8253165213206,90.9009079211404,1000,4,"SSP5-8.5"
"3GCR-Kp","ssp585","Tropical Zone",2036,86.3170064377159,81.3293749138987,91.1862707960686,1000,4,"SSP5-8.5"
"3GCR-Kp","ssp585","Tropical Zone",2037,86.5663740121099,81.3294653897027,91.2485689432753,1000,4,"SSP5-8.5"
"3GCR-Kp","ssp585","Tropical Zone",2038,86.973590153403,81.9605057641692,91.8770920574371,1000,4,"SSP5-8.5"
"3GCR-Kp","ssp585","Tropical Zone",2039,87.4590059083255,82.4592112659014,92.1568508097045,1000,4,"SSP5-8.5"
"3GCR-Kp","ssp585","Tropical Zone",2040,87.8023013669514,82.9435789228992,92.4371510650547,1000,4,"SSP5-8.5"
"3GCR-Kp","ssp585","Tropical Zone",2041,88.2457325863752,83.4214857831478,92.7777534672902,1000,4,"SSP5-8.5"
"3GCR-Kp","ssp585","Tropical Zone",2042,88.5661461145056,83.6018309976608,93.2713533049321,1000,4,"SSP5-8.5"
"3GCR-Kp","ssp585","Tropical Zone",2043,88.7110780819405,83.9194900945503,93.6876780130529,1000,4,"SSP5-8.5"
"3GCR-Kp","ssp585","Tropical Zone",2044,88.9287068633534,83.9134066723256,93.7903864128706,1000,4,"SSP5-8.5"
"3GCR-Kp","ssp585","Tropical Zone",2045,89.4106922081396,84.0957004594529,94.2002258992616,1000,4,"SSP5-8.5"
"3GCR-Kp","ssp585","Tropical Zone",2046,89.7399637697532,84.7139579055539,94.4141386145019,1000,4,"SSP5-8.5"
"3GCR-Kp","ssp585","Tropical Zone",2047,90.2057656168868,85.0064514810914,94.9564163311691,1000,4,"SSP5-8.5"
"3GCR-Kp","ssp585","Tropical Zone",2048,90.467790999991,85.2381868908105,95.2478326556885,1000,4,"SSP5-8.5"
"3GCR-Kp","ssp585","Tropical Zone",2049,90.6658220014802,85.5136566553683,95.4156595229017,1000,4,"SSP5-8.5"
"3GCR-Kp","ssp585","Tropical Zone",2050,91.0753524264847,86.0148692367071,95.8686936416148,1000,4,"SSP5-8.5"
"3GCR-Kp","ssp585","Tropical Zone",2051,91.6385398244722,86.4795838352104,96.4845606666919,1000,4,"SSP5-8.5"
"3GCR-Kp","ssp585","Tropical Zone",2052,92.0182822222246,86.7951216247891,96.9093519653754,1000,4,"SSP5-8.5"
"3GCR-Kp","ssp585","Tropical Zone",2053,92.2512713330453,86.9116275414386,97.1099094047685,1000,4,"SSP5-8.5"
"3GCR-Kp","ssp585","Tropical Zone",2054,92.5314322303072,87.1523402692215,97.4672834978204,1000,4,"SSP5-8.5"
"3GCR-Kp","ssp585","Tropical Zone",2055,92.7273042698861,87.4675046535872,97.433332114816,1000,4,"SSP5-8.5"
"3GCR-Kp","ssp585","Tropical Zone",2056,92.8204076011848,87.3196129557362,97.8215716258389,1000,4,"SSP5-8.5"
"3GCR-Kp","ssp585","Tropical Zone",2057,93.378552905392,87.9163336199189,98.3291022062591,1000,4,"SSP5-8.5"
"3GCR-Kp","ssp585","Tropical Zone",2058,93.7327210737521,88.2353935490842,98.5977848520883,1000,4,"SSP5-8.5"
"3GCR-Kp","ssp585","Tropical Zone",2059,94.0614115569857,88.9149801692909,98.7029142984022,1000,4,"SSP5-8.5"
"3GCR-Kp","ssp585","Tropical Zone",2060,94.3195779226132,89.096242948824,98.8343598545523,1000,4,"SSP5-8.5"
"3GCR-Kp","ssp585","Tropical Zone",2061,94.4473919710239,89.5822328308258,98.7314928674223,1000,4,"SSP5-8.5"
"3GCR-Kp","ssp585","Tropical Zone",2062,94.5579020015974,89.6530067568039,98.9116174533023,1000,4,"SSP5-8.5"
"3GCR-Kp","ssp585","Tropical Zone",2063,94.8117149051251,89.938569131211,98.9558168135084,1000,4,"SSP5-8.5"
"3GCR-Kp","ssp585","Tropical Zone",2064,95.1855472580733,90.6070896391128,99.2762576975694,1000,4,"SSP5-8.5"
"3GCR-Kp","ssp585","Tropical Zone",2065,95.2969126827542,90.6843257623567,99.4184138762559,1000,4,"SSP5-8.5"
"3GCR-Kp","ssp585","Tropical Zone",2066,95.4418354657156,91.020536778786,99.5291571598073,1000,4,"SSP5-8.5"
"3GCR-Kp","ssp585","Tropical Zone",2067,95.5274823646583,91.0783337743251,99.3912332125941,1000,4,"SSP5-8.5"
"3GCR-Kp","ssp585","Tropical Zone",2068,95.5823713835424,90.9095133639152,99.5495268911103,1000,4,"SSP5-8.5"
"3GCR-Kp","ssp585","Tropical Zone",2069,95.747545612805,91.4552300702902,99.6007543219578,1000,4,"SSP5-8.5"
"3GCR-Kp","ssp585","Tropical Zone",2070,95.8041476327815,91.4955868733026,99.6301257810148,1000,4,"SSP5-8.5"
"3GCR-Kp","ssp585","Tropical Zone",2071,95.9904463533837,91.7231563877006,99.8526642062322,1000,4,"SSP5-8.5"
"3GCR-Kp","ssp585","Tropical Zone",2072,96.1149934097372,91.477639974137,99.99,1000,4,"SSP5-8.5"
"3GCR-Kp","ssp585","Tropical Zone",2073,96.3717792840712,91.8499879045999,99.99,1000,4,"SSP5-8.5"
"3GCR-Kp","ssp585","Tropical Zone",2074,96.2551940613176,91.6608036174707,99.8274471504297,1000,4,"SSP5-8.5"
"3GCR-Kp","ssp585","Tropical Zone",2075,96.3804445710464,91.765004611872,99.99,1000,4,"SSP5-8.5"
"3GCR-Kp","ssp585","Tropical Zone",2076,96.4444843150995,91.5322395131415,99.99,1000,4,"SSP5-8.5"
"3GCR-Kp","ssp585","Tropical Zone",2077,96.7250262847385,91.7917849275588,99.99,1000,4,"SSP5-8.5"
"3GCR-Kp","ssp585","Tropical Zone",2078,96.7472261836621,91.8153040593044,99.99,1000,4,"SSP5-8.5"
"3GCR-Kp","ssp585","Tropical Zone",2079,96.9117695468574,92.1189995689438,99.99,1000,4,"SSP5-8.5"
"3GCR-Kp","ssp585","Tropical Zone",2080,96.7794108366353,92.0251975475666,99.9887287430931,1000,4,"SSP5-8.5"
"3GCR-Kp","ssp585","Tropical Zone",2081,96.7273245910363,91.8601311699485,99.99,1000,4,"SSP5-8.5"
"3GCR-Kp","ssp585","Tropical Zone",2082,96.8995410073055,92.2481606758825,99.99,1000,4,"SSP5-8.5"
"3GCR-Kp","ssp585","Tropical Zone",2083,97.1466037805781,92.767770785688,99.99,1000,4,"SSP5-8.5"
"3GCR-Kp","ssp585","Tropical Zone",2084,97.3078189862772,93.0600212757013,99.99,1000,4,"SSP5-8.5"
"3GCR-Kp","ssp585","Tropical Zone",2085,97.2612191193678,92.7641304132487,99.99,1000,4,"SSP5-8.5"
"3GCR-Kp","ssp585","Tropical Zone",2086,97.3504828391398,92.9285916353488,99.99,1000,4,"SSP5-8.5"
"3GCR-Kp","ssp585","Tropical Zone",2087,97.4433992351902,93.0965657334437,99.99,1000,4,"SSP5-8.5"
"3GCR-Kp","ssp585","Tropical Zone",2088,97.7347930773898,93.3836764282949,99.99,1000,4,"SSP5-8.5"
"3GCR-Kp","ssp585","Tropical Zone",2089,97.7677610078745,93.3503026719947,99.99,1000,4,"SSP5-8.5"
"3GCR-Kp","ssp585","Tropical Zone",2090,97.7477432723738,93.5630775632405,99.99,1000,4,"SSP5-8.5"
"3GCR-Kp","ssp585","Tropical Zone",2091,97.9795895429654,93.9072960700161,99.99,1000,4,"SSP5-8.5"
"3GCR-Kp","ssp585","Tropical Zone",2092,97.9440439731237,93.9809104338366,99.99,1000,4,"SSP5-8.5"
"3GCR-Kp","ssp585","Tropical Zone",2093,98.0594843276178,93.9999267466513,99.99,1000,4,"SSP5-8.5"
"3GCR-Kp","ssp585","Tropical Zone",2094,98.0677234473387,93.9616901292685,99.99,1000,4,"SSP5-8.5"
"3GCR-Kp","ssp585","Tropical Zone",2095,98.1786733926144,94.2188255629161,99.99,1000,4,"SSP5-8.5"
"3GCR-Kp","ssp585","Tropical Zone",2096,98.294462666262,94.7169269974073,99.99,1000,4,"SSP5-8.5"
"3GCR-Kp","ssp585","Tropical Zone",2097,98.5317936227638,95.1917127758619,99.99,1000,4,"SSP5-8.5"
"3GCR-Kp","ssp585","Tropical Zone",2098,98.611038069536,95.4007349623306,99.99,1000,4,"SSP5-8.5"
"3GCR-Kp","ssp585","Tropical Zone",2099,98.5878697677156,95.3635524021683,99.99,1000,4,"SSP5-8.5"
"3GCR-Kp","ssp585","Tropical Zone",2100,98.6951821132153,95.6115734631006,99.99,1000,4,"SSP5-8.5"
"CR-Ab","ssp126","Tropical Zone",2020,57.7045609171822,57.4570422393947,57.8623344047462,1000,4,"SSP1-2.6"
"CR-Ab","ssp126","Tropical Zone",2021,57.7407261033903,57.5042124311349,57.9337477931536,1000,4,"SSP1-2.6"
"CR-Ab","ssp126","Tropical Zone",2022,57.705034798113,57.4190846964479,57.9682393460533,1000,4,"SSP1-2.6"
"CR-Ab","ssp126","Tropical Zone",2023,61.1914752653537,59.3733755970707,63.9846634888287,1000,4,"SSP1-2.6"
"CR-Ab","ssp126","Tropical Zone",2024,63.8135435725367,60.8441440459834,67.7638772859416,1000,4,"SSP1-2.6"
"CR-Ab","ssp126","Tropical Zone",2025,66.1279878975899,62.1356346003599,72.8146500267039,1000,4,"SSP1-2.6"
"CR-Ab","ssp126","Tropical Zone",2026,67.7813278574498,62.8094891594475,76.5714162813769,1000,4,"SSP1-2.6"
"CR-Ab","ssp126","Tropical Zone",2027,68.7011228514129,63.5997557153932,78.2699296779675,1000,4,"SSP1-2.6"
"CR-Ab","ssp126","Tropical Zone",2028,69.4529886204294,64.066619488183,79.8192777575464,1000,4,"SSP1-2.6"
"CR-Ab","ssp126","Tropical Zone",2029,69.6808349258036,64.466135148251,80.1294894072717,1000,4,"SSP1-2.6"
"CR-Ab","ssp126","Tropical Zone",2030,70.4034355146323,64.8071200615695,81.7194043882437,1000,4,"SSP1-2.6"
"CR-Ab","ssp126","Tropical Zone",2031,70.7569363394533,65.0944314538494,82.4235232867262,1000,4,"SSP1-2.6"
"CR-Ab","ssp126","Tropical Zone",2032,70.8543574965935,65.2861778544874,81.7217455782348,1000,4,"SSP1-2.6"
"CR-Ab","ssp126","Tropical Zone",2033,70.8513978498782,65.4673178328081,81.4112899033532,1000,4,"SSP1-2.6"
"CR-Ab","ssp126","Tropical Zone",2034,70.9929091615207,65.7078370187501,81.5349316339695,1000,4,"SSP1-2.6"
"CR-Ab","ssp126","Tropical Zone",2035,71.145107305446,65.7418682578608,82.5424013465503,1000,4,"SSP1-2.6"
"CR-Ab","ssp126","Tropical Zone",2036,71.1180257894274,65.9536330839566,81.6837882447476,1000,4,"SSP1-2.6"
"CR-Ab","ssp126","Tropical Zone",2037,71.2394750266453,66.0744283204632,81.4493718630388,1000,4,"SSP1-2.6"
"CR-Ab","ssp126","Tropical Zone",2038,71.508034204366,66.2147199071035,81.7384339538763,1000,4,"SSP1-2.6"
"CR-Ab","ssp126","Tropical Zone",2039,71.4031050990206,66.0960063425166,81.9479025258068,1000,4,"SSP1-2.6"
"CR-Ab","ssp126","Tropical Zone",2040,70.9572208400137,66.037217464965,80.2842614465562,1000,4,"SSP1-2.6"
"CR-Ab","ssp126","Tropical Zone",2041,71.0402903089831,65.9804316112435,80.4495542341129,1000,4,"SSP1-2.6"
"CR-Ab","ssp126","Tropical Zone",2042,71.0523282822795,66.0238347738429,81.8431534261141,1000,4,"SSP1-2.6"
"CR-Ab","ssp126","Tropical Zone",2043,71.2246519258602,66.0181030783683,83.0399061716497,1000,4,"SSP1-2.6"
"CR-Ab","ssp126","Tropical Zone",2044,71.2119115547921,66.1759410922512,82.4636824929979,1000,4,"SSP1-2.6"
"CR-Ab","ssp126","Tropical Zone",2045,70.8816973316427,66.1649381242262,80.7854906756821,1000,4,"SSP1-2.6"
"CR-Ab","ssp126","Tropical Zone",2046,70.7087162916836,66.2075987691493,79.9580533633267,1000,4,"SSP1-2.6"
"CR-Ab","ssp126","Tropical Zone",2047,71.067652888999,66.3856914551313,80.5534777404657,1000,4,"SSP1-2.6"
"CR-Ab","ssp126","Tropical Zone",2048,71.3418092806054,66.4958309701434,81.5381346724127,1000,4,"SSP1-2.6"
"CR-Ab","ssp126","Tropical Zone",2049,71.662606232494,66.737277501929,81.0338241541252,1000,4,"SSP1-2.6"
"CR-Ab","ssp126","Tropical Zone",2050,71.7258549113545,66.8644339169743,81.079747232595,1000,4,"SSP1-2.6"
"CR-Ab","ssp126","Tropical Zone",2051,71.5644112563928,66.8525419866213,81.1406960026973,1000,4,"SSP1-2.6"
"CR-Ab","ssp126","Tropical Zone",2052,71.3116765829171,67.0067645200653,80.392606054786,1000,4,"SSP1-2.6"
"CR-Ab","ssp126","Tropical Zone",2053,71.3722920689466,66.9948591780618,80.174843431027,1000,4,"SSP1-2.6"
"CR-Ab","ssp126","Tropical Zone",2054,71.334929388813,67.0804605932517,79.5039916565561,1000,4,"SSP1-2.6"
"CR-Ab","ssp126","Tropical Zone",2055,71.6716991714984,67.2698279560273,80.2618265541223,1000,4,"SSP1-2.6"
"CR-Ab","ssp126","Tropical Zone",2056,71.763872857978,67.0501228339225,80.8734345151389,1000,4,"SSP1-2.6"
"CR-Ab","ssp126","Tropical Zone",2057,71.7856244809417,67.2627049407188,80.9762998036799,1000,4,"SSP1-2.6"
"CR-Ab","ssp126","Tropical Zone",2058,71.7274112476029,67.4393166612392,79.9439899871869,1000,4,"SSP1-2.6"
"CR-Ab","ssp126","Tropical Zone",2059,71.6719319976501,67.3928861959353,79.8202098371046,1000,4,"SSP1-2.6"
"CR-Ab","ssp126","Tropical Zone",2060,71.7912972976767,67.5214524346693,80.4452125733629,1000,4,"SSP1-2.6"
"CR-Ab","ssp126","Tropical Zone",2061,72.1248444135698,67.4286623307247,82.0899012872694,1000,4,"SSP1-2.6"
"CR-Ab","ssp126","Tropical Zone",2062,72.2467276232131,67.4396341685629,82.5424381354214,1000,4,"SSP1-2.6"
"CR-Ab","ssp126","Tropical Zone",2063,72.0369183797395,67.3040579283054,81.7982355186525,1000,4,"SSP1-2.6"
"CR-Ab","ssp126","Tropical Zone",2064,71.7104443656504,67.3030187149296,80.2521593245096,1000,4,"SSP1-2.6"
"CR-Ab","ssp126","Tropical Zone",2065,71.7969986684748,67.3492006946303,80.1943304802998,1000,4,"SSP1-2.6"
"CR-Ab","ssp126","Tropical Zone",2066,71.8320674686966,67.3609366305598,80.2648712652025,1000,4,"SSP1-2.6"
"CR-Ab","ssp126","Tropical Zone",2067,71.8881637646264,67.1906900522085,80.9499914283565,1000,4,"SSP1-2.6"
"CR-Ab","ssp126","Tropical Zone",2068,71.8085226161012,67.084668189758,81.4320699121675,1000,4,"SSP1-2.6"
"CR-Ab","ssp126","Tropical Zone",2069,71.614310750482,66.9603216611618,80.72778655497,1000,4,"SSP1-2.6"
"CR-Ab","ssp126","Tropical Zone",2070,71.5259006140781,66.8976245563249,80.855405032685,1000,4,"SSP1-2.6"
"CR-Ab","ssp126","Tropical Zone",2071,71.3743921149639,66.8722234330612,80.5991916797034,1000,4,"SSP1-2.6"
"CR-Ab","ssp126","Tropical Zone",2072,71.1785913273151,66.8825421605734,80.077162390906,1000,4,"SSP1-2.6"
"CR-Ab","ssp126","Tropical Zone",2073,71.1590527023825,66.9059380570438,79.8176644386059,1000,4,"SSP1-2.6"
"CR-Ab","ssp126","Tropical Zone",2074,71.5463946854136,67.0238351650484,80.9765767760159,1000,4,"SSP1-2.6"
"CR-Ab","ssp126","Tropical Zone",2075,71.5537112059084,66.893000626484,81.0670163146061,1000,4,"SSP1-2.6"
"CR-Ab","ssp126","Tropical Zone",2076,71.5893478792088,66.7396413697717,81.4551000086316,1000,4,"SSP1-2.6"
"CR-Ab","ssp126","Tropical Zone",2077,71.5292887608555,66.5860411956582,82.1758076923121,1000,4,"SSP1-2.6"
"CR-Ab","ssp126","Tropical Zone",2078,71.5318038618459,66.5027870831168,82.4549736359406,1000,4,"SSP1-2.6"
"CR-Ab","ssp126","Tropical Zone",2079,71.5717344781513,66.4385618143906,82.7981871768738,1000,4,"SSP1-2.6"
"CR-Ab","ssp126","Tropical Zone",2080,71.2741765235412,66.3509664560293,81.5326402465458,1000,4,"SSP1-2.6"
"CR-Ab","ssp126","Tropical Zone",2081,70.7469756867253,66.2754597389668,79.5090112567894,1000,4,"SSP1-2.6"
"CR-Ab","ssp126","Tropical Zone",2082,70.9165608810861,66.2303484767849,80.4837585153132,1000,4,"SSP1-2.6"
"CR-Ab","ssp126","Tropical Zone",2083,70.7555387899181,66.1743848337022,79.8918210438713,1000,4,"SSP1-2.6"
"CR-Ab","ssp126","Tropical Zone",2084,70.8791273032884,66.1710114343498,80.2104671508361,1000,4,"SSP1-2.6"
"CR-Ab","ssp126","Tropical Zone",2085,70.5657871076096,66.1747386428525,78.9958783100393,1000,4,"SSP1-2.6"
"CR-Ab","ssp126","Tropical Zone",2086,70.4447821963181,66.2039008427229,78.4804707352599,1000,4,"SSP1-2.6"
"CR-Ab","ssp126","Tropical Zone",2087,70.7791792456892,66.1368275452577,79.7728430901847,1000,4,"SSP1-2.6"
"CR-Ab","ssp126","Tropical Zone",2088,71.0680882250994,66.1814456952918,81.2917560977564,1000,4,"SSP1-2.6"
"CR-Ab","ssp126","Tropical Zone",2089,70.8659366565323,66.3671316858283,79.9985285910686,1000,4,"SSP1-2.6"
"CR-Ab","ssp126","Tropical Zone",2090,71.0195023563886,66.5794334170121,79.7296323142043,1000,4,"SSP1-2.6"
"CR-Ab","ssp126","Tropical Zone",2091,70.8526647959703,66.5133938279275,79.3801489817149,1000,4,"SSP1-2.6"
"CR-Ab","ssp126","Tropical Zone",2092,70.6987148900615,66.3824697124317,79.7725880777738,1000,4,"SSP1-2.6"
"CR-Ab","ssp126","Tropical Zone",2093,70.495761197454,66.2428104077611,78.9746348744015,1000,4,"SSP1-2.6"
"CR-Ab","ssp126","Tropical Zone",2094,70.5169247969499,66.0746177630859,79.2860712977792,1000,4,"SSP1-2.6"
"CR-Ab","ssp126","Tropical Zone",2095,70.5600030060347,65.9825545313317,80.0957746554481,1000,4,"SSP1-2.6"
"CR-Ab","ssp126","Tropical Zone",2096,70.4605079217683,65.7962757609127,79.6098985122788,1000,4,"SSP1-2.6"
"CR-Ab","ssp126","Tropical Zone",2097,70.6404241426626,65.6991903762807,80.6454023622786,1000,4,"SSP1-2.6"
"CR-Ab","ssp126","Tropical Zone",2098,70.7009894719976,65.8163635298846,81.0086208176483,1000,4,"SSP1-2.6"
"CR-Ab","ssp126","Tropical Zone",2099,70.9728141090849,65.9548603510139,81.7683956682614,1000,4,"SSP1-2.6"
"CR-Ab","ssp126","Tropical Zone",2100,70.7997028347862,65.9490667487366,81.1518223208917,1000,4,"SSP1-2.6"
"CR-Ab","ssp245","Tropical Zone",2020,57.6713198974535,57.5931571629551,57.7812418984003,1000,4,"SSP2-4.5"
"CR-Ab","ssp245","Tropical Zone",2021,57.7250556135566,57.5502055413851,57.9108900048643,1000,4,"SSP2-4.5"
"CR-Ab","ssp245","Tropical Zone",2022,57.6898822572639,57.4122094114765,57.9862047679609,1000,4,"SSP2-4.5"
"CR-Ab","ssp245","Tropical Zone",2023,62.3610479980138,59.5665156752242,67.4839906145694,1000,4,"SSP2-4.5"
"CR-Ab","ssp245","Tropical Zone",2024,65.9973817402096,61.3646352347952,74.6779681786699,1000,4,"SSP2-4.5"
"CR-Ab","ssp245","Tropical Zone",2025,67.6413810959955,62.4880075339394,77.6915529476063,1000,4,"SSP2-4.5"
"CR-Ab","ssp245","Tropical Zone",2026,68.784143139777,63.6755510921931,79.6623249009322,1000,4,"SSP2-4.5"
"CR-Ab","ssp245","Tropical Zone",2027,69.8658139364633,64.4491282020309,80.817362979617,1000,4,"SSP2-4.5"
"CR-Ab","ssp245","Tropical Zone",2028,71.0096389684633,65.4745346123117,83.0145249811009,1000,4,"SSP2-4.5"
"CR-Ab","ssp245","Tropical Zone",2029,71.5126819217755,65.9800156846714,83.09720011995,1000,4,"SSP2-4.5"
"CR-Ab","ssp245","Tropical Zone",2030,72.0920192757596,66.5629408720009,83.0719072799304,1000,4,"SSP2-4.5"
"CR-Ab","ssp245","Tropical Zone",2031,72.2000062576166,66.5550409366125,82.7311235008509,1000,4,"SSP2-4.5"
"CR-Ab","ssp245","Tropical Zone",2032,72.0390387713011,66.2318194892454,83.5634417603828,1000,4,"SSP2-4.5"
"CR-Ab","ssp245","Tropical Zone",2033,72.1326769960849,66.3730591837305,82.9507156831586,1000,4,"SSP2-4.5"
"CR-Ab","ssp245","Tropical Zone",2034,72.3394763065098,66.7262412853239,83.4356478571618,1000,4,"SSP2-4.5"
"CR-Ab","ssp245","Tropical Zone",2035,72.2560627138526,66.6862176019328,84.130929146792,1000,4,"SSP2-4.5"
"CR-Ab","ssp245","Tropical Zone",2036,72.7689478050868,67.0048350483519,84.393810406024,1000,4,"SSP2-4.5"
"CR-Ab","ssp245","Tropical Zone",2037,72.8305968502411,67.0616990772988,84.7654891565433,1000,4,"SSP2-4.5"
"CR-Ab","ssp245","Tropical Zone",2038,72.8603988782503,67.0683140868347,84.7329200335289,1000,4,"SSP2-4.5"
"CR-Ab","ssp245","Tropical Zone",2039,72.8094369589559,67.139586488885,84.4924658645966,1000,4,"SSP2-4.5"
"CR-Ab","ssp245","Tropical Zone",2040,72.4822153824734,67.1589496672921,83.6818125170726,1000,4,"SSP2-4.5"
"CR-Ab","ssp245","Tropical Zone",2041,72.4016452919966,67.0903181901513,83.9584911340579,1000,4,"SSP2-4.5"
"CR-Ab","ssp245","Tropical Zone",2042,72.3893067773941,66.9917680119867,84.4789504991803,1000,4,"SSP2-4.5"
"CR-Ab","ssp245","Tropical Zone",2043,72.7507471379979,67.2878905773193,84.617914197434,1000,4,"SSP2-4.5"
"CR-Ab","ssp245","Tropical Zone",2044,72.8598374479632,67.7170333648467,84.8300584443742,1000,4,"SSP2-4.5"
"CR-Ab","ssp245","Tropical Zone",2045,73.0138584112492,67.897962846444,85.4105927799741,1000,4,"SSP2-4.5"
"CR-Ab","ssp245","Tropical Zone",2046,72.8940277061972,67.9693365803178,85.3849218881471,1000,4,"SSP2-4.5"
"CR-Ab","ssp245","Tropical Zone",2047,73.0109454350998,67.787167983514,84.2809404185647,1000,4,"SSP2-4.5"
"CR-Ab","ssp245","Tropical Zone",2048,73.1032808064733,67.9446799984701,84.7385255540631,1000,4,"SSP2-4.5"
"CR-Ab","ssp245","Tropical Zone",2049,73.2568277612415,68.2502573891088,84.3883009914894,1000,4,"SSP2-4.5"
"CR-Ab","ssp245","Tropical Zone",2050,72.9351247290801,68.2336259421099,82.8083787555181,1000,4,"SSP2-4.5"
"CR-Ab","ssp245","Tropical Zone",2051,73.1506299492459,68.3804460591844,84.1732384027152,1000,4,"SSP2-4.5"
"CR-Ab","ssp245","Tropical Zone",2052,72.9108475630812,68.512223681817,82.9522401920732,1000,4,"SSP2-4.5"
"CR-Ab","ssp245","Tropical Zone",2053,73.0462455732872,68.4519689758713,83.7023099555742,1000,4,"SSP2-4.5"
"CR-Ab","ssp245","Tropical Zone",2054,72.908796887936,68.5178096222238,82.5912623272909,1000,4,"SSP2-4.5"
"CR-Ab","ssp245","Tropical Zone",2055,72.8861103322845,68.4955282716538,82.2582974829501,1000,4,"SSP2-4.5"
"CR-Ab","ssp245","Tropical Zone",2056,72.6686389915162,68.6276627999719,81.0434329528679,1000,4,"SSP2-4.5"
"CR-Ab","ssp245","Tropical Zone",2057,73.1237704250817,68.7481314559115,82.9873498567491,1000,4,"SSP2-4.5"
"CR-Ab","ssp245","Tropical Zone",2058,73.0576743590636,68.8007544300521,82.286913355199,1000,4,"SSP2-4.5"
"CR-Ab","ssp245","Tropical Zone",2059,72.8969552092479,69.005044689891,81.1297308229445,1000,4,"SSP2-4.5"
"CR-Ab","ssp245","Tropical Zone",2060,72.9415131203274,69.1063870242337,80.7621105273248,1000,4,"SSP2-4.5"
"CR-Ab","ssp245","Tropical Zone",2061,73.5869405487378,69.1824935180598,82.8117029453302,1000,4,"SSP2-4.5"
"CR-Ab","ssp245","Tropical Zone",2062,73.675649845531,69.2802688139965,82.9766520451263,1000,4,"SSP2-4.5"
"CR-Ab","ssp245","Tropical Zone",2063,73.383324947757,69.2919596153878,81.5194869880992,1000,4,"SSP2-4.5"
"CR-Ab","ssp245","Tropical Zone",2064,73.3614044813473,69.2705331901181,81.1266612022107,1000,4,"SSP2-4.5"
"CR-Ab","ssp245","Tropical Zone",2065,73.5870155532223,69.2852355816459,81.5930698698988,1000,4,"SSP2-4.5"
"CR-Ab","ssp245","Tropical Zone",2066,73.5706468370673,69.3501958684613,81.8459549129208,1000,4,"SSP2-4.5"
"CR-Ab","ssp245","Tropical Zone",2067,73.2305693708872,69.3944089275583,80.2894990043691,1000,4,"SSP2-4.5"
"CR-Ab","ssp245","Tropical Zone",2068,73.3468608867054,69.2337907637598,80.2794724055768,1000,4,"SSP2-4.5"
"CR-Ab","ssp245","Tropical Zone",2069,73.3669493540548,69.498412133886,80.285642393255,1000,4,"SSP2-4.5"
"CR-Ab","ssp245","Tropical Zone",2070,73.4141635834986,69.574286371278,80.2029660929714,1000,4,"SSP2-4.5"
"CR-Ab","ssp245","Tropical Zone",2071,73.1995292797477,69.5256497834761,79.3688179452499,1000,4,"SSP2-4.5"
"CR-Ab","ssp245","Tropical Zone",2072,73.034719972496,69.5920645453826,78.7847731488697,1000,4,"SSP2-4.5"
"CR-Ab","ssp245","Tropical Zone",2073,73.2312397710561,69.7255006390481,79.6996336379998,1000,4,"SSP2-4.5"
"CR-Ab","ssp245","Tropical Zone",2074,73.4255469430074,69.7943780259574,80.3397584238496,1000,4,"SSP2-4.5"
"CR-Ab","ssp245","Tropical Zone",2075,73.3682710157417,69.8018911618969,79.4963961522094,1000,4,"SSP2-4.5"
"CR-Ab","ssp245","Tropical Zone",2076,73.3231226981446,69.7852665137196,79.3371700022477,1000,4,"SSP2-4.5"
"CR-Ab","ssp245","Tropical Zone",2077,73.3575818592,69.7228413121747,79.9483770734225,1000,4,"SSP2-4.5"
"CR-Ab","ssp245","Tropical Zone",2078,73.1897656373444,69.6854704456816,79.1754437910618,1000,4,"SSP2-4.5"
"CR-Ab","ssp245","Tropical Zone",2079,72.9841527710893,69.6718411406189,78.1336884149214,1000,4,"SSP2-4.5"
"CR-Ab","ssp245","Tropical Zone",2080,72.6361547867473,69.8111692866524,76.6316587591778,1000,4,"SSP2-4.5"
"CR-Ab","ssp245","Tropical Zone",2081,72.8730314845312,69.9439244394953,77.8367778568733,1000,4,"SSP2-4.5"
"CR-Ab","ssp245","Tropical Zone",2082,72.907436748363,69.9868002061985,77.9770229874298,1000,4,"SSP2-4.5"
"CR-Ab","ssp245","Tropical Zone",2083,72.9738694062835,70.1277755991281,78.1071168025937,1000,4,"SSP2-4.5"
"CR-Ab","ssp245","Tropical Zone",2084,73.3694844475219,70.0543247854895,79.38249716553,1000,4,"SSP2-4.5"
"CR-Ab","ssp245","Tropical Zone",2085,73.040015305438,70.0573664383506,78.1025875212169,1000,4,"SSP2-4.5"
"CR-Ab","ssp245","Tropical Zone",2086,72.8562902613365,69.9383899120985,77.302520709584,1000,4,"SSP2-4.5"
"CR-Ab","ssp245","Tropical Zone",2087,73.1071792283959,69.843372888115,77.8491050218178,1000,4,"SSP2-4.5"
"CR-Ab","ssp245","Tropical Zone",2088,72.9040418602582,69.9163370908212,77.0657112848906,1000,4,"SSP2-4.5"
"CR-Ab","ssp245","Tropical Zone",2089,72.5822702650673,70.0002510787174,75.7404169739268,1000,4,"SSP2-4.5"
"CR-Ab","ssp245","Tropical Zone",2090,72.9701676238566,70.0391495268156,76.8209000952141,1000,4,"SSP2-4.5"
"CR-Ab","ssp245","Tropical Zone",2091,72.9096218631932,70.0061625076991,76.6356974617919,1000,4,"SSP2-4.5"
"CR-Ab","ssp245","Tropical Zone",2092,72.7649886791117,69.9157468107192,75.9533792726573,1000,4,"SSP2-4.5"
"CR-Ab","ssp245","Tropical Zone",2093,72.6483771346977,70.0408086723932,75.5151641863854,1000,4,"SSP2-4.5"
"CR-Ab","ssp245","Tropical Zone",2094,73.0123376459936,70.0430237842617,76.9384747657804,1000,4,"SSP2-4.5"
"CR-Ab","ssp245","Tropical Zone",2095,72.8037557692746,70.1591889984176,76.4057907447869,1000,4,"SSP2-4.5"
"CR-Ab","ssp245","Tropical Zone",2096,72.8341822050657,70.2292083903265,76.6197006503306,1000,4,"SSP2-4.5"
"CR-Ab","ssp245","Tropical Zone",2097,72.9730984226483,70.2616816935409,77.0991213021794,1000,4,"SSP2-4.5"
"CR-Ab","ssp245","Tropical Zone",2098,72.7241873356764,70.2794110443808,76.0253966917922,1000,4,"SSP2-4.5"
"CR-Ab","ssp245","Tropical Zone",2099,73.0229187046237,70.2368052832679,77.3517931316824,1000,4,"SSP2-4.5"
"CR-Ab","ssp245","Tropical Zone",2100,73.0747954121767,70.1823549291023,77.6067161394969,1000,4,"SSP2-4.5"
"CR-Ab","ssp370","Tropical Zone",2020,58.0228999641059,57.4964293764689,58.5020224397142,1000,4,"SSP3-7.0"
"CR-Ab","ssp370","Tropical Zone",2021,57.9798480434408,57.6176516531989,58.3702167842129,1000,4,"SSP3-7.0"
"CR-Ab","ssp370","Tropical Zone",2022,57.8763513485701,57.4610491705871,58.2879012736901,1000,4,"SSP3-7.0"
"CR-Ab","ssp370","Tropical Zone",2023,63.7366945205956,60.2812727299395,68.9575158867719,1000,4,"SSP3-7.0"
"CR-Ab","ssp370","Tropical Zone",2024,67.4356741708749,62.0546119900442,75.4993670567688,1000,4,"SSP3-7.0"
"CR-Ab","ssp370","Tropical Zone",2025,69.3393462424663,63.3441530775389,78.80806187132,1000,4,"SSP3-7.0"
"CR-Ab","ssp370","Tropical Zone",2026,72.0378700770173,64.5093999570108,82.9150662816482,1000,4,"SSP3-7.0"
"CR-Ab","ssp370","Tropical Zone",2027,74.0291383678519,65.3579733144223,85.6231074363354,1000,4,"SSP3-7.0"
"CR-Ab","ssp370","Tropical Zone",2028,75.2620100522346,66.2403554585171,86.8730045982575,1000,4,"SSP3-7.0"
"CR-Ab","ssp370","Tropical Zone",2029,75.5206394662861,66.6867755120525,86.8857348549185,1000,4,"SSP3-7.0"
"CR-Ab","ssp370","Tropical Zone",2030,75.1310768734033,66.9480335898405,86.7933330458768,1000,4,"SSP3-7.0"
"CR-Ab","ssp370","Tropical Zone",2031,74.9842861480016,67.1996997345517,86.9712941435349,1000,4,"SSP3-7.0"
"CR-Ab","ssp370","Tropical Zone",2032,75.52678710318,67.5466198338697,86.6622303879684,1000,4,"SSP3-7.0"
"CR-Ab","ssp370","Tropical Zone",2033,76.41175395114,68.0301044638876,88.0898805458334,1000,4,"SSP3-7.0"
"CR-Ab","ssp370","Tropical Zone",2034,76.6221768301689,67.596379593053,88.1585900026786,1000,4,"SSP3-7.0"
"CR-Ab","ssp370","Tropical Zone",2035,76.8583140956098,68.0268852086886,88.1663075127397,1000,4,"SSP3-7.0"
"CR-Ab","ssp370","Tropical Zone",2036,76.6727087632715,68.3829022121524,87.5357351357925,1000,4,"SSP3-7.0"
"CR-Ab","ssp370","Tropical Zone",2037,76.1126562518227,68.3251736700218,86.7808338063027,1000,4,"SSP3-7.0"
"CR-Ab","ssp370","Tropical Zone",2038,75.8835920550783,68.4285616424622,86.7195060993614,1000,4,"SSP3-7.0"
"CR-Ab","ssp370","Tropical Zone",2039,75.6840403755353,68.6189018173688,85.7470624773723,1000,4,"SSP3-7.0"
"CR-Ab","ssp370","Tropical Zone",2040,75.5559351093725,68.8180658903236,84.4659230534064,1000,4,"SSP3-7.0"
"CR-Ab","ssp370","Tropical Zone",2041,76.1235819582062,69.0936775720199,85.4949528580527,1000,4,"SSP3-7.0"
"CR-Ab","ssp370","Tropical Zone",2042,76.5011052578041,69.3629076542717,86.1362757404883,1000,4,"SSP3-7.0"
"CR-Ab","ssp370","Tropical Zone",2043,76.3127118565907,69.4471102138989,85.398039234355,1000,4,"SSP3-7.0"
"CR-Ab","ssp370","Tropical Zone",2044,75.86080759455,69.5429388562929,84.0512297562568,1000,4,"SSP3-7.0"
"CR-Ab","ssp370","Tropical Zone",2045,75.4352615331307,69.6500598451889,83.2998453727596,1000,4,"SSP3-7.0"
"CR-Ab","ssp370","Tropical Zone",2046,75.6094301192406,69.6676088117458,84.2194232278156,1000,4,"SSP3-7.0"
"CR-Ab","ssp370","Tropical Zone",2047,75.6828117182382,69.8580165796307,84.4089763861144,1000,4,"SSP3-7.0"
"CR-Ab","ssp370","Tropical Zone",2048,75.4430564772506,69.9491382492832,83.381665034901,1000,4,"SSP3-7.0"
"CR-Ab","ssp370","Tropical Zone",2049,75.5174929397377,70.1559960318525,82.859877795447,1000,4,"SSP3-7.0"
"CR-Ab","ssp370","Tropical Zone",2050,75.3363279890633,70.4112263979479,81.6609500195331,1000,4,"SSP3-7.0"
"CR-Ab","ssp370","Tropical Zone",2051,74.8091458077233,70.4418179557743,80.3550401839084,1000,4,"SSP3-7.0"
"CR-Ab","ssp370","Tropical Zone",2052,74.8837589959436,70.4362994516044,80.6234878123907,1000,4,"SSP3-7.0"
"CR-Ab","ssp370","Tropical Zone",2053,75.0939883158297,70.4547118584411,81.6786390439084,1000,4,"SSP3-7.0"
"CR-Ab","ssp370","Tropical Zone",2054,75.0307891900604,70.8849230126502,80.7894646887099,1000,4,"SSP3-7.0"
"CR-Ab","ssp370","Tropical Zone",2055,75.2896494459538,71.167794542443,81.8586791947174,1000,4,"SSP3-7.0"
"CR-Ab","ssp370","Tropical Zone",2056,75.1109697498925,71.0444605077735,81.4889257752206,1000,4,"SSP3-7.0"
"CR-Ab","ssp370","Tropical Zone",2057,74.7636229741494,70.9966248504333,81.6683196393792,1000,4,"SSP3-7.0"
"CR-Ab","ssp370","Tropical Zone",2058,75.5042883539771,71.05110850141,83.0784436718331,1000,4,"SSP3-7.0"
"CR-Ab","ssp370","Tropical Zone",2059,75.0522449511391,71.1028727706995,81.7694586186327,1000,4,"SSP3-7.0"
"CR-Ab","ssp370","Tropical Zone",2060,74.5041742862359,71.2078423143027,79.7326670432236,1000,4,"SSP3-7.0"
"CR-Ab","ssp370","Tropical Zone",2061,74.2119612347782,71.1215712853468,79.0287733819099,1000,4,"SSP3-7.0"
"CR-Ab","ssp370","Tropical Zone",2062,74.4568579731407,71.2561450626328,79.6130065343058,1000,4,"SSP3-7.0"
"CR-Ab","ssp370","Tropical Zone",2063,74.4369364727428,71.4767082355933,78.6999138047894,1000,4,"SSP3-7.0"
"CR-Ab","ssp370","Tropical Zone",2064,74.1155401950764,71.3522452964724,77.8068188518283,1000,4,"SSP3-7.0"
"CR-Ab","ssp370","Tropical Zone",2065,73.7421280543853,71.2977912945413,76.9825806395454,1000,4,"SSP3-7.0"
"CR-Ab","ssp370","Tropical Zone",2066,73.7595624844798,71.3290028643247,76.7838173237206,1000,4,"SSP3-7.0"
"CR-Ab","ssp370","Tropical Zone",2067,73.5601167134956,71.5106519762709,75.9412360833445,1000,4,"SSP3-7.0"
"CR-Ab","ssp370","Tropical Zone",2068,73.258809370403,71.3464561785239,75.2351646681049,1000,4,"SSP3-7.0"
"CR-Ab","ssp370","Tropical Zone",2069,73.6348611716453,71.3701044018814,76.2050012158224,1000,4,"SSP3-7.0"
"CR-Ab","ssp370","Tropical Zone",2070,73.7667255749695,71.3330044869572,76.9600503071835,1000,4,"SSP3-7.0"
"CR-Ab","ssp370","Tropical Zone",2071,73.6689707954608,71.5482676120188,76.3932614544975,1000,4,"SSP3-7.0"
"CR-Ab","ssp370","Tropical Zone",2072,73.3273693589401,71.3841284105534,75.5106356410885,1000,4,"SSP3-7.0"
"CR-Ab","ssp370","Tropical Zone",2073,73.4782872032835,71.3088541514698,75.8633462056302,1000,4,"SSP3-7.0"
"CR-Ab","ssp370","Tropical Zone",2074,73.8462744467657,71.3795825863073,77.1244020704868,1000,4,"SSP3-7.0"
"CR-Ab","ssp370","Tropical Zone",2075,73.4740854602558,71.2680074448098,76.0749783141481,1000,4,"SSP3-7.0"
"CR-Ab","ssp370","Tropical Zone",2076,73.218160868769,71.1598379326079,75.4560640464628,1000,4,"SSP3-7.0"
"CR-Ab","ssp370","Tropical Zone",2077,73.0519786144722,70.8567778810156,75.0695953799282,1000,4,"SSP3-7.0"
"CR-Ab","ssp370","Tropical Zone",2078,73.1087943644397,71.0311355081997,75.0209224262037,1000,4,"SSP3-7.0"
"CR-Ab","ssp370","Tropical Zone",2079,73.2453296342192,71.1929587613338,75.2113333874952,1000,4,"SSP3-7.0"
"CR-Ab","ssp370","Tropical Zone",2080,73.1441661532046,71.2003495128769,75.0281761942208,1000,4,"SSP3-7.0"
"CR-Ab","ssp370","Tropical Zone",2081,73.069862569575,71.2612225603133,74.9122310038721,1000,4,"SSP3-7.0"
"CR-Ab","ssp370","Tropical Zone",2082,73.07535265787,71.2938909203377,74.8143170165595,1000,4,"SSP3-7.0"
"CR-Ab","ssp370","Tropical Zone",2083,73.0594016152968,71.171567630016,74.8091139627971,1000,4,"SSP3-7.0"
"CR-Ab","ssp370","Tropical Zone",2084,73.0766706706291,71.1798064893032,74.7804213704533,1000,4,"SSP3-7.0"
"CR-Ab","ssp370","Tropical Zone",2085,73.0932607418504,71.2394383399058,74.9703847214817,1000,4,"SSP3-7.0"
"CR-Ab","ssp370","Tropical Zone",2086,73.1286774761925,71.344621946804,74.9740863734862,1000,4,"SSP3-7.0"
"CR-Ab","ssp370","Tropical Zone",2087,73.1884376933343,71.2691728114327,75.0849205446764,1000,4,"SSP3-7.0"
"CR-Ab","ssp370","Tropical Zone",2088,73.2453279360612,71.395885262229,75.0889847200971,1000,4,"SSP3-7.0"
"CR-Ab","ssp370","Tropical Zone",2089,73.2885399481051,71.4547463525289,75.085387518686,1000,4,"SSP3-7.0"
"CR-Ab","ssp370","Tropical Zone",2090,73.3321746700971,71.4276205886231,75.0796538447038,1000,4,"SSP3-7.0"
"CR-Ab","ssp370","Tropical Zone",2091,73.3823738857543,71.4869062056408,75.1405915654657,1000,4,"SSP3-7.0"
"CR-Ab","ssp370","Tropical Zone",2092,73.4054606037303,71.5244523805728,75.2723923307607,1000,4,"SSP3-7.0"
"CR-Ab","ssp370","Tropical Zone",2093,73.438401305502,71.4989727896528,75.3058706527665,1000,4,"SSP3-7.0"
"CR-Ab","ssp370","Tropical Zone",2094,73.4669290513306,71.5923731940746,75.3528121856303,1000,4,"SSP3-7.0"
"CR-Ab","ssp370","Tropical Zone",2095,73.5157731872574,71.5879329810261,75.4402539779619,1000,4,"SSP3-7.0"
"CR-Ab","ssp370","Tropical Zone",2096,73.5703338286043,71.5217586438216,75.3603625451992,1000,4,"SSP3-7.0"
"CR-Ab","ssp370","Tropical Zone",2097,73.6333169118314,71.544123000073,75.4160524947651,1000,4,"SSP3-7.0"
"CR-Ab","ssp370","Tropical Zone",2098,73.6799985572356,71.6948365548332,75.4479345468739,1000,4,"SSP3-7.0"
"CR-Ab","ssp370","Tropical Zone",2099,73.7145150342329,71.7631277872372,75.5004450916979,1000,4,"SSP3-7.0"
"CR-Ab","ssp370","Tropical Zone",2100,73.748508595518,71.8042620711785,75.5265428814365,1000,4,"SSP3-7.0"
"CR-Ab","ssp585","Tropical Zone",2020,57.4223746938538,57.1821310790958,57.680494743784,1000,4,"SSP5-8.5"
"CR-Ab","ssp585","Tropical Zone",2021,57.5692634256328,57.2976942452545,57.8388822520908,1000,4,"SSP5-8.5"
"CR-Ab","ssp585","Tropical Zone",2022,57.5914545597679,57.2117749603928,57.9767084166293,1000,4,"SSP5-8.5"
"CR-Ab","ssp585","Tropical Zone",2023,63.0375239151561,59.8276896165991,68.0152924204552,1000,4,"SSP5-8.5"
"CR-Ab","ssp585","Tropical Zone",2024,66.4469852846636,61.7300077016199,74.3607715066877,1000,4,"SSP5-8.5"
"CR-Ab","ssp585","Tropical Zone",2025,69.1653225099669,63.5114925524279,77.9424198780929,1000,4,"SSP5-8.5"
"CR-Ab","ssp585","Tropical Zone",2026,70.9037426947193,64.8856404317652,81.0027092929865,1000,4,"SSP5-8.5"
"CR-Ab","ssp585","Tropical Zone",2027,71.8356016751265,65.5106776476692,83.4092411284468,1000,4,"SSP5-8.5"
"CR-Ab","ssp585","Tropical Zone",2028,72.4426572821106,66.2101125621374,84.0390888279204,1000,4,"SSP5-8.5"
"CR-Ab","ssp585","Tropical Zone",2029,73.233895971896,66.5632530328259,84.845167649225,1000,4,"SSP5-8.5"
"CR-Ab","ssp585","Tropical Zone",2030,73.3956469065081,67.0363936816688,84.779542277841,1000,4,"SSP5-8.5"
"CR-Ab","ssp585","Tropical Zone",2031,72.9465941519394,66.9462831649115,84.4240852682933,1000,4,"SSP5-8.5"
"CR-Ab","ssp585","Tropical Zone",2032,72.7733430553383,67.1427577762133,83.2609136160317,1000,4,"SSP5-8.5"
"CR-Ab","ssp585","Tropical Zone",2033,73.1331683779116,67.239012287269,84.4488406594213,1000,4,"SSP5-8.5"
"CR-Ab","ssp585","Tropical Zone",2034,73.0812127440119,67.4776090970758,84.4008407258731,1000,4,"SSP5-8.5"
"CR-Ab","ssp585","Tropical Zone",2035,72.9911276461116,68.0847677998889,83.2207261443458,1000,4,"SSP5-8.5"
"CR-Ab","ssp585","Tropical Zone",2036,72.9272883983914,68.3315292875451,82.9897199436599,1000,4,"SSP5-8.5"
"CR-Ab","ssp585","Tropical Zone",2037,73.1577909835979,68.2802204947855,83.8576223786843,1000,4,"SSP5-8.5"
"CR-Ab","ssp585","Tropical Zone",2038,74.1237265690346,68.5921389531693,85.5150243320674,1000,4,"SSP5-8.5"
"CR-Ab","ssp585","Tropical Zone",2039,74.0951674677918,68.7265797179805,84.2468225088701,1000,4,"SSP5-8.5"
"CR-Ab","ssp585","Tropical Zone",2040,73.7569130422732,68.6677622264583,84.3396686519168,1000,4,"SSP5-8.5"
"CR-Ab","ssp585","Tropical Zone",2041,73.8124552668793,68.7048684931131,84.8723140142688,1000,4,"SSP5-8.5"
"CR-Ab","ssp585","Tropical Zone",2042,73.990806555432,68.904017051833,85.1500402321243,1000,4,"SSP5-8.5"
"CR-Ab","ssp585","Tropical Zone",2043,74.3233415301955,69.1069898945278,85.019765351799,1000,4,"SSP5-8.5"
"CR-Ab","ssp585","Tropical Zone",2044,74.9156372680059,69.2562494289153,85.4187123818452,1000,4,"SSP5-8.5"
"CR-Ab","ssp585","Tropical Zone",2045,74.6510913449681,69.1815518661637,85.2521048466559,1000,4,"SSP5-8.5"
"CR-Ab","ssp585","Tropical Zone",2046,74.2229400363268,69.179486294394,83.8663659486297,1000,4,"SSP5-8.5"
"CR-Ab","ssp585","Tropical Zone",2047,73.7241973858393,69.2835748869807,81.9079517169569,1000,4,"SSP5-8.5"
"CR-Ab","ssp585","Tropical Zone",2048,73.4365241409989,69.3436374153942,80.7730524319281,1000,4,"SSP5-8.5"
"CR-Ab","ssp585","Tropical Zone",2049,73.762291968766,69.465361172749,82.3742723473145,1000,4,"SSP5-8.5"
"CR-Ab","ssp585","Tropical Zone",2050,74.0650052780552,69.5865534823591,83.6464037775596,1000,4,"SSP5-8.5"
"CR-Ab","ssp585","Tropical Zone",2051,73.9052741150815,69.6896911768746,82.6089076473925,1000,4,"SSP5-8.5"
"CR-Ab","ssp585","Tropical Zone",2052,73.4601782692952,69.8738833092495,80.1530197004198,1000,4,"SSP5-8.5"
"CR-Ab","ssp585","Tropical Zone",2053,74.0958720858283,70.0051552571869,82.3230103100217,1000,4,"SSP5-8.5"
"CR-Ab","ssp585","Tropical Zone",2054,74.129434929924,70.2142561656531,82.3508451993601,1000,4,"SSP5-8.5"
"CR-Ab","ssp585","Tropical Zone",2055,73.8342509989286,70.3283392399751,79.9378793641581,1000,4,"SSP5-8.5"
"CR-Ab","ssp585","Tropical Zone",2056,74.2979488280293,70.9297600534733,79.7055860007266,1000,4,"SSP5-8.5"
"CR-Ab","ssp585","Tropical Zone",2057,74.3628119857221,71.2620841152436,79.1718371686444,1000,4,"SSP5-8.5"
"CR-Ab","ssp585","Tropical Zone",2058,74.0768813677962,71.2629623558733,77.836014465201,1000,4,"SSP5-8.5"
"CR-Ab","ssp585","Tropical Zone",2059,74.4798998581597,71.4239031255588,78.9119931124859,1000,4,"SSP5-8.5"
"CR-Ab","ssp585","Tropical Zone",2060,74.5574078333423,71.5916851507766,78.8874790113384,1000,4,"SSP5-8.5"
"CR-Ab","ssp585","Tropical Zone",2061,74.572923295832,71.6132825945161,78.4329492476708,1000,4,"SSP5-8.5"
"CR-Ab","ssp585","Tropical Zone",2062,74.4468619823516,71.743856042539,77.7271749843271,1000,4,"SSP5-8.5"
"CR-Ab","ssp585","Tropical Zone",2063,74.7438752469843,71.8096735902057,78.7242192696462,1000,4,"SSP5-8.5"
"CR-Ab","ssp585","Tropical Zone",2064,74.4131215966904,71.8121567669329,77.3209681528627,1000,4,"SSP5-8.5"
"CR-Ab","ssp585","Tropical Zone",2065,74.4697022189859,71.9359236383717,77.3109680488441,1000,4,"SSP5-8.5"
"CR-Ab","ssp585","Tropical Zone",2066,74.8519705326704,72.1739441432701,78.3230710469669,1000,4,"SSP5-8.5"
"CR-Ab","ssp585","Tropical Zone",2067,74.5737403126744,72.2572861314766,77.436011882049,1000,4,"SSP5-8.5"
"CR-Ab","ssp585","Tropical Zone",2068,74.6542734208465,72.3144344288138,77.3395704521701,1000,4,"SSP5-8.5"
"CR-Ab","ssp585","Tropical Zone",2069,74.8019777094038,72.2813491538175,77.4749539793984,1000,4,"SSP5-8.5"
"CR-Ab","ssp585","Tropical Zone",2070,74.6209163822221,72.3568902727606,76.7788876024867,1000,4,"SSP5-8.5"
"CR-Ab","ssp585","Tropical Zone",2071,74.7301760334683,72.5380075741018,76.8182480457252,1000,4,"SSP5-8.5"
"CR-Ab","ssp585","Tropical Zone",2072,74.6403111640137,72.5616842521283,76.686226895866,1000,4,"SSP5-8.5"
"CR-Ab","ssp585","Tropical Zone",2073,74.6123879517693,72.4573751324652,76.5770762677189,1000,4,"SSP5-8.5"
"CR-Ab","ssp585","Tropical Zone",2074,74.6039605693123,72.4912385746314,76.5932453380914,1000,4,"SSP5-8.5"
"CR-Ab","ssp585","Tropical Zone",2075,74.8127186321537,72.7004212196054,76.7483228566999,1000,4,"SSP5-8.5"
"CR-Ab","ssp585","Tropical Zone",2076,74.7770455408461,72.6991031204404,76.6934904017183,1000,4,"SSP5-8.5"
"CR-Ab","ssp585","Tropical Zone",2077,74.7848949345105,72.6361567092069,76.7553681846113,1000,4,"SSP5-8.5"
"CR-Ab","ssp585","Tropical Zone",2078,74.8007624642392,72.5992744157056,76.6784641387297,1000,4,"SSP5-8.5"
"CR-Ab","ssp585","Tropical Zone",2079,74.8601439930202,72.8003264670749,76.7000910967023,1000,4,"SSP5-8.5"
"CR-Ab","ssp585","Tropical Zone",2080,74.9057883678703,72.8549613983473,76.8241414588768,1000,4,"SSP5-8.5"
"CR-Ab","ssp585","Tropical Zone",2081,74.9757016516915,72.8944122322994,76.9148852798673,1000,4,"SSP5-8.5"
"CR-Ab","ssp585","Tropical Zone",2082,75.0147726813874,72.9417129533877,76.9878310731283,1000,4,"SSP5-8.5"
"CR-Ab","ssp585","Tropical Zone",2083,75.066434156228,72.8760841743919,76.9794128785369,1000,4,"SSP5-8.5"
"CR-Ab","ssp585","Tropical Zone",2084,75.1330424066,72.935747763592,77.0782231421156,1000,4,"SSP5-8.5"
"CR-Ab","ssp585","Tropical Zone",2085,75.1794437391103,72.9851395186324,77.064697280696,1000,4,"SSP5-8.5"
"CR-Ab","ssp585","Tropical Zone",2086,75.2441815157774,73.0644829948359,77.201387021592,1000,4,"SSP5-8.5"
"CR-Ab","ssp585","Tropical Zone",2087,75.3331314779937,73.0838350789771,77.2880145862769,1000,4,"SSP5-8.5"
"CR-Ab","ssp585","Tropical Zone",2088,75.4331563096548,73.2825498562204,77.4151876406071,1000,4,"SSP5-8.5"
"CR-Ab","ssp585","Tropical Zone",2089,75.4964705636983,73.3854765493608,77.5231565297721,1000,4,"SSP5-8.5"
"CR-Ab","ssp585","Tropical Zone",2090,75.608237733589,73.4988136049858,77.5123671220728,1000,4,"SSP5-8.5"
"CR-Ab","ssp585","Tropical Zone",2091,75.6810082238992,73.6133956437083,77.5809083326547,1000,4,"SSP5-8.5"
"CR-Ab","ssp585","Tropical Zone",2092,75.7307962498951,73.5592102670651,77.6502606832735,1000,4,"SSP5-8.5"
"CR-Ab","ssp585","Tropical Zone",2093,75.8330471041737,73.7522317281022,77.7295259286805,1000,4,"SSP5-8.5"
"CR-Ab","ssp585","Tropical Zone",2094,75.893103370726,73.7679379371842,77.8609973092293,1000,4,"SSP5-8.5"
"CR-Ab","ssp585","Tropical Zone",2095,75.9812213185497,73.8730453245396,77.9810023987506,1000,4,"SSP5-8.5"
"CR-Ab","ssp585","Tropical Zone",2096,76.0577517648718,73.8812794337241,77.9865595933816,1000,4,"SSP5-8.5"
"CR-Ab","ssp585","Tropical Zone",2097,76.1647856998112,73.8686325741939,78.0920228038873,1000,4,"SSP5-8.5"
"CR-Ab","ssp585","Tropical Zone",2098,76.2743590546459,73.8918728322242,78.2554355377612,1000,4,"SSP5-8.5"
"CR-Ab","ssp585","Tropical Zone",2099,76.4079847923234,74.0673125363778,78.4037558218186,1000,4,"SSP5-8.5"
"CR-Ab","ssp585","Tropical Zone",2100,76.5171494875835,74.2077727562992,78.4656903006865,1000,4,"SSP5-8.5"
"CR-Ec","ssp126","Tropical Zone",2020,5.57197239060032,5.38904622694367,5.84225152699697,1000,4,"SSP1-2.6"
"CR-Ec","ssp126","Tropical Zone",2021,5.58227429218211,5.41258490360344,5.77710787052588,1000,4,"SSP1-2.6"
"CR-Ec","ssp126","Tropical Zone",2022,5.59071777481216,5.3920042327589,5.79500944938006,1000,4,"SSP1-2.6"
"CR-Ec","ssp126","Tropical Zone",2023,5.50983656002229,5.29806606160719,5.72330426682446,1000,4,"SSP1-2.6"
"CR-Ec","ssp126","Tropical Zone",2024,5.45222278549392,5.22224868109836,5.69298326976368,1000,4,"SSP1-2.6"
"CR-Ec","ssp126","Tropical Zone",2025,5.41182416212718,5.16255837099136,5.66846570225799,1000,4,"SSP1-2.6"
"CR-Ec","ssp126","Tropical Zone",2026,5.38260122567856,5.1338109722321,5.63769289856316,1000,4,"SSP1-2.6"
"CR-Ec","ssp126","Tropical Zone",2027,5.36446048261754,5.10703750366827,5.63668847449443,1000,4,"SSP1-2.6"
"CR-Ec","ssp126","Tropical Zone",2028,5.35230688049553,5.08132371384666,5.62106512350421,1000,4,"SSP1-2.6"
"CR-Ec","ssp126","Tropical Zone",2029,5.34286417241116,5.0677842640378,5.61189966596579,1000,4,"SSP1-2.6"
"CR-Ec","ssp126","Tropical Zone",2030,5.33919378014033,5.06523330874133,5.6218905305317,1000,4,"SSP1-2.6"
"CR-Ec","ssp126","Tropical Zone",2031,5.33895772265689,5.05117952753798,5.64266202987006,1000,4,"SSP1-2.6"
"CR-Ec","ssp126","Tropical Zone",2032,5.33683692859544,5.05211829263605,5.62871506556429,1000,4,"SSP1-2.6"
"CR-Ec","ssp126","Tropical Zone",2033,5.33364030366289,5.05178521619962,5.63399820930549,1000,4,"SSP1-2.6"
"CR-Ec","ssp126","Tropical Zone",2034,5.33015881345514,5.02361219962057,5.61433987122772,1000,4,"SSP1-2.6"
"CR-Ec","ssp126","Tropical Zone",2035,5.33160101069103,5.03105690299433,5.62414949856648,1000,4,"SSP1-2.6"
"CR-Ec","ssp126","Tropical Zone",2036,5.33281351939705,5.00968874941622,5.6299094393565,1000,4,"SSP1-2.6"
"CR-Ec","ssp126","Tropical Zone",2037,5.33666903577637,5.03333221140658,5.63084889012547,1000,4,"SSP1-2.6"
"CR-Ec","ssp126","Tropical Zone",2038,5.34111217133978,5.03068704982465,5.62780527651109,1000,4,"SSP1-2.6"
"CR-Ec","ssp126","Tropical Zone",2039,5.34600758766262,5.04757397397755,5.62508876910628,1000,4,"SSP1-2.6"
"CR-Ec","ssp126","Tropical Zone",2040,5.34936314639843,5.04949263182189,5.62072429047399,1000,4,"SSP1-2.6"
"CR-Ec","ssp126","Tropical Zone",2041,5.35638825501967,5.04832784807828,5.6285527470622,1000,4,"SSP1-2.6"
"CR-Ec","ssp126","Tropical Zone",2042,5.36050710648174,5.06743720832806,5.64571355302593,1000,4,"SSP1-2.6"
"CR-Ec","ssp126","Tropical Zone",2043,5.36619314567995,5.07625701296119,5.64457310892675,1000,4,"SSP1-2.6"
"CR-Ec","ssp126","Tropical Zone",2044,5.37180672864193,5.06820392266118,5.65853975042733,1000,4,"SSP1-2.6"
"CR-Ec","ssp126","Tropical Zone",2045,5.37454895754727,5.08095809010797,5.66836020363941,1000,4,"SSP1-2.6"
"CR-Ec","ssp126","Tropical Zone",2046,5.37885353099276,5.09849855994121,5.65756852241087,1000,4,"SSP1-2.6"
"CR-Ec","ssp126","Tropical Zone",2047,5.37850641996741,5.11149917076519,5.66513182998005,1000,4,"SSP1-2.6"
"CR-Ec","ssp126","Tropical Zone",2048,5.3801617633455,5.10047792116601,5.6747585117866,1000,4,"SSP1-2.6"
"CR-Ec","ssp126","Tropical Zone",2049,5.38870539364012,5.10194161956748,5.67646550561508,1000,4,"SSP1-2.6"
"CR-Ec","ssp126","Tropical Zone",2050,5.3915835514749,5.10013122467551,5.6808283800433,1000,4,"SSP1-2.6"
"CR-Ec","ssp126","Tropical Zone",2051,5.39360069551036,5.10535930323978,5.68555572540923,1000,4,"SSP1-2.6"
"CR-Ec","ssp126","Tropical Zone",2052,5.40002379936009,5.1220411720064,5.71614953783883,1000,4,"SSP1-2.6"
"CR-Ec","ssp126","Tropical Zone",2053,5.40321577157318,5.10931134095844,5.72728692483902,1000,4,"SSP1-2.6"
"CR-Ec","ssp126","Tropical Zone",2054,5.40904127410851,5.09773437254612,5.71886620982659,1000,4,"SSP1-2.6"
"CR-Ec","ssp126","Tropical Zone",2055,5.41645885910002,5.11686547273766,5.72150124583547,1000,4,"SSP1-2.6"
"CR-Ec","ssp126","Tropical Zone",2056,5.42780328800638,5.13100918799001,5.72175623735598,1000,4,"SSP1-2.6"
"CR-Ec","ssp126","Tropical Zone",2057,5.43824810229662,5.14531996047147,5.72951861013953,1000,4,"SSP1-2.6"
"CR-Ec","ssp126","Tropical Zone",2058,5.44427383785572,5.15086617699238,5.73576508422215,1000,4,"SSP1-2.6"
"CR-Ec","ssp126","Tropical Zone",2059,5.44359500266628,5.15353196879534,5.74249433270602,1000,4,"SSP1-2.6"
"CR-Ec","ssp126","Tropical Zone",2060,5.44647502580696,5.15769945051786,5.7546372070478,1000,4,"SSP1-2.6"
"CR-Ec","ssp126","Tropical Zone",2061,5.44738376015452,5.17349815906271,5.74356338269928,1000,4,"SSP1-2.6"
"CR-Ec","ssp126","Tropical Zone",2062,5.44648457393846,5.16723790609875,5.74172489406372,1000,4,"SSP1-2.6"
"CR-Ec","ssp126","Tropical Zone",2063,5.44674801581176,5.15951598433818,5.7251499302904,1000,4,"SSP1-2.6"
"CR-Ec","ssp126","Tropical Zone",2064,5.44744759584073,5.16316942216859,5.73682035856642,1000,4,"SSP1-2.6"
"CR-Ec","ssp126","Tropical Zone",2065,5.44534065458337,5.16571807547331,5.75521070512515,1000,4,"SSP1-2.6"
"CR-Ec","ssp126","Tropical Zone",2066,5.44053297440725,5.15497560928925,5.74203441001998,1000,4,"SSP1-2.6"
"CR-Ec","ssp126","Tropical Zone",2067,5.43742966560191,5.15767701581652,5.72579751585169,1000,4,"SSP1-2.6"
"CR-Ec","ssp126","Tropical Zone",2068,5.43459110637776,5.14325906881438,5.70667789539551,1000,4,"SSP1-2.6"
"CR-Ec","ssp126","Tropical Zone",2069,5.43372383079408,5.13081926865398,5.72783713951828,1000,4,"SSP1-2.6"
"CR-Ec","ssp126","Tropical Zone",2070,5.42953208597688,5.12351653784685,5.73548737215089,1000,4,"SSP1-2.6"
"CR-Ec","ssp126","Tropical Zone",2071,5.42917563641725,5.12957598664255,5.7454063920729,1000,4,"SSP1-2.6"
"CR-Ec","ssp126","Tropical Zone",2072,5.42518243754239,5.1151155324519,5.73074152162962,1000,4,"SSP1-2.6"
"CR-Ec","ssp126","Tropical Zone",2073,5.42278238455037,5.11079579680827,5.72823859914978,1000,4,"SSP1-2.6"
"CR-Ec","ssp126","Tropical Zone",2074,5.41952273476828,5.11723913277014,5.72654699816556,1000,4,"SSP1-2.6"
"CR-Ec","ssp126","Tropical Zone",2075,5.41737618171151,5.12083156529273,5.70667956735686,1000,4,"SSP1-2.6"
"CR-Ec","ssp126","Tropical Zone",2076,5.40941563767668,5.10619354947153,5.7172035462637,1000,4,"SSP1-2.6"
"CR-Ec","ssp126","Tropical Zone",2077,5.40663442187396,5.09706230165169,5.70636745134509,1000,4,"SSP1-2.6"
"CR-Ec","ssp126","Tropical Zone",2078,5.40349984618253,5.10346230668083,5.70692856008697,1000,4,"SSP1-2.6"
"CR-Ec","ssp126","Tropical Zone",2079,5.40016594077855,5.0941304158051,5.68388179238839,1000,4,"SSP1-2.6"
"CR-Ec","ssp126","Tropical Zone",2080,5.39669035359139,5.11138756403884,5.68615558570306,1000,4,"SSP1-2.6"
"CR-Ec","ssp126","Tropical Zone",2081,5.39569432456831,5.11474412573787,5.68729384577998,1000,4,"SSP1-2.6"
"CR-Ec","ssp126","Tropical Zone",2082,5.39340510164044,5.10691566046501,5.69097166022201,1000,4,"SSP1-2.6"
"CR-Ec","ssp126","Tropical Zone",2083,5.39095642240877,5.11680227189311,5.70537806719925,1000,4,"SSP1-2.6"
"CR-Ec","ssp126","Tropical Zone",2084,5.38703560665985,5.09541480228784,5.70816601729849,1000,4,"SSP1-2.6"
"CR-Ec","ssp126","Tropical Zone",2085,5.38190925080235,5.06132976697367,5.70721336390638,1000,4,"SSP1-2.6"
"CR-Ec","ssp126","Tropical Zone",2086,5.37688235437199,5.06335033340336,5.69440809848806,1000,4,"SSP1-2.6"
"CR-Ec","ssp126","Tropical Zone",2087,5.37322362199405,5.05859171076454,5.67970471643683,1000,4,"SSP1-2.6"
"CR-Ec","ssp126","Tropical Zone",2088,5.36909505492422,5.0697029065425,5.65951553265051,1000,4,"SSP1-2.6"
"CR-Ec","ssp126","Tropical Zone",2089,5.36688339367071,5.08033339625284,5.66061672005091,1000,4,"SSP1-2.6"
"CR-Ec","ssp126","Tropical Zone",2090,5.36172873949328,5.08766054654351,5.64696625118409,1000,4,"SSP1-2.6"
"CR-Ec","ssp126","Tropical Zone",2091,5.36148267388615,5.08314717424389,5.64150536871063,1000,4,"SSP1-2.6"
"CR-Ec","ssp126","Tropical Zone",2092,5.36002209297401,5.08770943635908,5.63299121394676,1000,4,"SSP1-2.6"
"CR-Ec","ssp126","Tropical Zone",2093,5.35723656871469,5.07151645572994,5.64394598138513,1000,4,"SSP1-2.6"
"CR-Ec","ssp126","Tropical Zone",2094,5.35126789056402,5.06271973081267,5.62564420054269,1000,4,"SSP1-2.6"
"CR-Ec","ssp126","Tropical Zone",2095,5.34421671475071,5.05763810716614,5.62943085064291,1000,4,"SSP1-2.6"
"CR-Ec","ssp126","Tropical Zone",2096,5.33934536071865,5.03943582632246,5.63334277336038,1000,4,"SSP1-2.6"
"CR-Ec","ssp126","Tropical Zone",2097,5.33348560861926,5.03853126564329,5.62736889408726,1000,4,"SSP1-2.6"
"CR-Ec","ssp126","Tropical Zone",2098,5.33124449703748,5.03293064777983,5.62840362067979,1000,4,"SSP1-2.6"
"CR-Ec","ssp126","Tropical Zone",2099,5.32765282316603,5.03426621763839,5.62415465401039,1000,4,"SSP1-2.6"
"CR-Ec","ssp126","Tropical Zone",2100,5.32948723659332,5.04575618927988,5.61554021069724,1000,4,"SSP1-2.6"
"CR-Ec","ssp245","Tropical Zone",2020,5.65320284103869,5.4646267095652,5.81735129653191,1000,4,"SSP2-4.5"
"CR-Ec","ssp245","Tropical Zone",2021,5.63971988724537,5.45086148120863,5.8205760944094,1000,4,"SSP2-4.5"
"CR-Ec","ssp245","Tropical Zone",2022,5.63244647352279,5.4207722235504,5.84302057683498,1000,4,"SSP2-4.5"
"CR-Ec","ssp245","Tropical Zone",2023,5.53317932869119,5.29884797532093,5.775529512514,1000,4,"SSP2-4.5"
"CR-Ec","ssp245","Tropical Zone",2024,5.46657540660225,5.20752380750993,5.74661799692387,1000,4,"SSP2-4.5"
"CR-Ec","ssp245","Tropical Zone",2025,5.4196092156168,5.14354643687173,5.71232235840651,1000,4,"SSP2-4.5"
"CR-Ec","ssp245","Tropical Zone",2026,5.38638712987476,5.08924296646052,5.68082048310246,1000,4,"SSP2-4.5"
"CR-Ec","ssp245","Tropical Zone",2027,5.36662145448497,5.0573704255058,5.68990557196986,1000,4,"SSP2-4.5"
"CR-Ec","ssp245","Tropical Zone",2028,5.35080076524881,5.04238428521509,5.66662067644408,1000,4,"SSP2-4.5"
"CR-Ec","ssp245","Tropical Zone",2029,5.34483814613961,5.02865342328951,5.65453585318432,1000,4,"SSP2-4.5"
"CR-Ec","ssp245","Tropical Zone",2030,5.34033551845812,5.01839771376036,5.66555820557244,1000,4,"SSP2-4.5"
"CR-Ec","ssp245","Tropical Zone",2031,5.34003689016441,5.00549486566562,5.66420401091557,1000,4,"SSP2-4.5"
"CR-Ec","ssp245","Tropical Zone",2032,5.34354661726096,4.98927441555129,5.6895696606004,1000,4,"SSP2-4.5"
"CR-Ec","ssp245","Tropical Zone",2033,5.35343677151854,5.01674189257725,5.69104296757172,1000,4,"SSP2-4.5"
"CR-Ec","ssp245","Tropical Zone",2034,5.35899836499509,5.02793016514214,5.68958131011999,1000,4,"SSP2-4.5"
"CR-Ec","ssp245","Tropical Zone",2035,5.36663186868925,5.01707465393139,5.7072795662747,1000,4,"SSP2-4.5"
"CR-Ec","ssp245","Tropical Zone",2036,5.37641129609861,5.03951901235684,5.71301850965288,1000,4,"SSP2-4.5"
"CR-Ec","ssp245","Tropical Zone",2037,5.38634177372033,5.05812264726371,5.70960092307231,1000,4,"SSP2-4.5"
"CR-Ec","ssp245","Tropical Zone",2038,5.3994554005422,5.06811698494189,5.72847942764957,1000,4,"SSP2-4.5"
"CR-Ec","ssp245","Tropical Zone",2039,5.41316929727647,5.08066351679372,5.74790439961906,1000,4,"SSP2-4.5"
"CR-Ec","ssp245","Tropical Zone",2040,5.42340167277438,5.09430176403002,5.77290765884679,1000,4,"SSP2-4.5"
"CR-Ec","ssp245","Tropical Zone",2041,5.43000869836105,5.08707057830163,5.77740837872564,1000,4,"SSP2-4.5"
"CR-Ec","ssp245","Tropical Zone",2042,5.44052412229466,5.09274539242702,5.79621855312474,1000,4,"SSP2-4.5"
"CR-Ec","ssp245","Tropical Zone",2043,5.45649476472469,5.111623675571,5.79738498135285,1000,4,"SSP2-4.5"
"CR-Ec","ssp245","Tropical Zone",2044,5.46795821728528,5.13338157623471,5.82942994736822,1000,4,"SSP2-4.5"
"CR-Ec","ssp245","Tropical Zone",2045,5.48003828898231,5.12683110865703,5.83387208427778,1000,4,"SSP2-4.5"
"CR-Ec","ssp245","Tropical Zone",2046,5.49332561378085,5.15343347201927,5.82384196376957,1000,4,"SSP2-4.5"
"CR-Ec","ssp245","Tropical Zone",2047,5.49794339469287,5.16925454252004,5.84038594684825,1000,4,"SSP2-4.5"
"CR-Ec","ssp245","Tropical Zone",2048,5.50916461817419,5.18685764215946,5.85459924279326,1000,4,"SSP2-4.5"
"CR-Ec","ssp245","Tropical Zone",2049,5.51797744533247,5.17705034896733,5.87290976638032,1000,4,"SSP2-4.5"
"CR-Ec","ssp245","Tropical Zone",2050,5.52483020330266,5.18036562761659,5.87321673714008,1000,4,"SSP2-4.5"
"CR-Ec","ssp245","Tropical Zone",2051,5.53122806546943,5.19733683320188,5.87322050572343,1000,4,"SSP2-4.5"
"CR-Ec","ssp245","Tropical Zone",2052,5.54162648693696,5.21234010732504,5.87809072268818,1000,4,"SSP2-4.5"
"CR-Ec","ssp245","Tropical Zone",2053,5.548245532445,5.2147208546787,5.88797931960599,1000,4,"SSP2-4.5"
"CR-Ec","ssp245","Tropical Zone",2054,5.55460380864246,5.21560128258076,5.88207458327695,1000,4,"SSP2-4.5"
"CR-Ec","ssp245","Tropical Zone",2055,5.56551252361011,5.20455984686397,5.90716151727413,1000,4,"SSP2-4.5"
"CR-Ec","ssp245","Tropical Zone",2056,5.57902989097089,5.21856953410254,5.92825295405927,1000,4,"SSP2-4.5"
"CR-Ec","ssp245","Tropical Zone",2057,5.59252328229435,5.24527343121616,5.93771621573862,1000,4,"SSP2-4.5"
"CR-Ec","ssp245","Tropical Zone",2058,5.61000804541372,5.26685208791407,5.95519646736123,1000,4,"SSP2-4.5"
"CR-Ec","ssp245","Tropical Zone",2059,5.62119545978837,5.28703214116593,5.94677482335572,1000,4,"SSP2-4.5"
"CR-Ec","ssp245","Tropical Zone",2060,5.63216806005377,5.28928910252456,5.97136392820226,1000,4,"SSP2-4.5"
"CR-Ec","ssp245","Tropical Zone",2061,5.63961457654977,5.30164162431846,5.99845209760546,1000,4,"SSP2-4.5"
"CR-Ec","ssp245","Tropical Zone",2062,5.6417315703727,5.30184463418427,5.97561158945111,1000,4,"SSP2-4.5"
"CR-Ec","ssp245","Tropical Zone",2063,5.64659427371383,5.31535970475649,5.98240492220125,1000,4,"SSP2-4.5"
"CR-Ec","ssp245","Tropical Zone",2064,5.64814662507757,5.32050905835347,5.98983782306832,1000,4,"SSP2-4.5"
"CR-Ec","ssp245","Tropical Zone",2065,5.65241141650334,5.30570049551545,6.01182053971683,1000,4,"SSP2-4.5"
"CR-Ec","ssp245","Tropical Zone",2066,5.65599255352836,5.31664517482732,6.04967308997592,1000,4,"SSP2-4.5"
"CR-Ec","ssp245","Tropical Zone",2067,5.66091675884921,5.33015740232477,6.05478779092658,1000,4,"SSP2-4.5"
"CR-Ec","ssp245","Tropical Zone",2068,5.66088969564644,5.31622919616286,6.03261979133914,1000,4,"SSP2-4.5"
"CR-Ec","ssp245","Tropical Zone",2069,5.66448387490313,5.32360127242792,6.03817574062232,1000,4,"SSP2-4.5"
"CR-Ec","ssp245","Tropical Zone",2070,5.67085366399252,5.34188153091591,6.05724009963356,1000,4,"SSP2-4.5"
"CR-Ec","ssp245","Tropical Zone",2071,5.67858033790688,5.36035496859689,6.04845739786778,1000,4,"SSP2-4.5"
"CR-Ec","ssp245","Tropical Zone",2072,5.68456977355601,5.34680385181198,6.04448253152274,1000,4,"SSP2-4.5"
"CR-Ec","ssp245","Tropical Zone",2073,5.68445805050199,5.34616067383985,6.05144725004001,1000,4,"SSP2-4.5"
"CR-Ec","ssp245","Tropical Zone",2074,5.68308013551851,5.33512443655759,6.05632937857561,1000,4,"SSP2-4.5"
"CR-Ec","ssp245","Tropical Zone",2075,5.68122145113052,5.32511782702495,6.05805711158648,1000,4,"SSP2-4.5"
"CR-Ec","ssp245","Tropical Zone",2076,5.67920096309989,5.3113481936738,6.05531186963505,1000,4,"SSP2-4.5"
"CR-Ec","ssp245","Tropical Zone",2077,5.68196447927136,5.33447006044172,6.09683621772779,1000,4,"SSP2-4.5"
"CR-Ec","ssp245","Tropical Zone",2078,5.68465076597165,5.33972409891955,6.04722172339127,1000,4,"SSP2-4.5"
"CR-Ec","ssp245","Tropical Zone",2079,5.68462661764847,5.33532740104878,6.07438751711743,1000,4,"SSP2-4.5"
"CR-Ec","ssp245","Tropical Zone",2080,5.68922140222621,5.36212715673782,6.07087963417166,1000,4,"SSP2-4.5"
"CR-Ec","ssp245","Tropical Zone",2081,5.68357034760362,5.3524908044081,6.05228440859448,1000,4,"SSP2-4.5"
"CR-Ec","ssp245","Tropical Zone",2082,5.68436489326675,5.33565467519399,6.04251760330417,1000,4,"SSP2-4.5"
"CR-Ec","ssp245","Tropical Zone",2083,5.68723948201569,5.34558269124487,6.04896439034235,1000,4,"SSP2-4.5"
"CR-Ec","ssp245","Tropical Zone",2084,5.69052259183293,5.32574303555483,6.04792696452133,1000,4,"SSP2-4.5"
"CR-Ec","ssp245","Tropical Zone",2085,5.69557622353556,5.3404035714431,6.07133044087763,1000,4,"SSP2-4.5"
"CR-Ec","ssp245","Tropical Zone",2086,5.69480124041696,5.36148258755778,6.07600928568951,1000,4,"SSP2-4.5"
"CR-Ec","ssp245","Tropical Zone",2087,5.69364408104305,5.35284623536247,6.05655258177248,1000,4,"SSP2-4.5"
"CR-Ec","ssp245","Tropical Zone",2088,5.69834649914072,5.34308046303089,6.07211958101973,1000,4,"SSP2-4.5"
"CR-Ec","ssp245","Tropical Zone",2089,5.70031330891074,5.33995601692426,6.05797930486179,1000,4,"SSP2-4.5"
"CR-Ec","ssp245","Tropical Zone",2090,5.70043564255926,5.32876726151419,6.05824052287575,1000,4,"SSP2-4.5"
"CR-Ec","ssp245","Tropical Zone",2091,5.70301758178947,5.34504511241801,6.07479508554827,1000,4,"SSP2-4.5"
"CR-Ec","ssp245","Tropical Zone",2092,5.69960521495093,5.33497537622581,6.04666519897079,1000,4,"SSP2-4.5"
"CR-Ec","ssp245","Tropical Zone",2093,5.69879828826084,5.33388810582934,6.02862984487142,1000,4,"SSP2-4.5"
"CR-Ec","ssp245","Tropical Zone",2094,5.70036714216801,5.33401848102137,6.04386054074571,1000,4,"SSP2-4.5"
"CR-Ec","ssp245","Tropical Zone",2095,5.70864723574342,5.36340562951575,6.04837320152081,1000,4,"SSP2-4.5"
"CR-Ec","ssp245","Tropical Zone",2096,5.7092971378253,5.35378526397338,6.05424735672625,1000,4,"SSP2-4.5"
"CR-Ec","ssp245","Tropical Zone",2097,5.71060512129705,5.34348997483212,6.05653453650157,1000,4,"SSP2-4.5"
"CR-Ec","ssp245","Tropical Zone",2098,5.71254038532301,5.34893784357075,6.05163209882717,1000,4,"SSP2-4.5"
"CR-Ec","ssp245","Tropical Zone",2099,5.7169735151881,5.34999452763036,6.0685510932612,1000,4,"SSP2-4.5"
"CR-Ec","ssp245","Tropical Zone",2100,5.71907185688961,5.37033280935681,6.08086113462878,1000,4,"SSP2-4.5"
"CR-Ec","ssp370","Tropical Zone",2020,5.58973220608359,5.27972720512693,5.80337578702195,1000,4,"SSP3-7.0"
"CR-Ec","ssp370","Tropical Zone",2021,5.59458076280076,5.36628841006813,5.80075322278605,1000,4,"SSP3-7.0"
"CR-Ec","ssp370","Tropical Zone",2022,5.60346463680243,5.35585001134648,5.86358927128136,1000,4,"SSP3-7.0"
"CR-Ec","ssp370","Tropical Zone",2023,5.4988428554912,5.2070828605992,5.78985416195237,1000,4,"SSP3-7.0"
"CR-Ec","ssp370","Tropical Zone",2024,5.42661595850275,5.1266000477336,5.74702119740815,1000,4,"SSP3-7.0"
"CR-Ec","ssp370","Tropical Zone",2025,5.38331388741649,5.06641703969332,5.7183621129816,1000,4,"SSP3-7.0"
"CR-Ec","ssp370","Tropical Zone",2026,5.35364036807564,5.0115500081768,5.71092303653593,1000,4,"SSP3-7.0"
"CR-Ec","ssp370","Tropical Zone",2027,5.3391692053972,4.97778253313774,5.70766333297951,1000,4,"SSP3-7.0"
"CR-Ec","ssp370","Tropical Zone",2028,5.33237154539049,4.95396099564524,5.7194143430985,1000,4,"SSP3-7.0"
"CR-Ec","ssp370","Tropical Zone",2029,5.32865824193354,4.97123113287361,5.71431532160564,1000,4,"SSP3-7.0"
"CR-Ec","ssp370","Tropical Zone",2030,5.33839711202227,4.9615220977178,5.68683744858611,1000,4,"SSP3-7.0"
"CR-Ec","ssp370","Tropical Zone",2031,5.34894036371497,4.9894628678364,5.71201368196336,1000,4,"SSP3-7.0"
"CR-Ec","ssp370","Tropical Zone",2032,5.36495766547835,5.01022327770267,5.74260063053915,1000,4,"SSP3-7.0"
"CR-Ec","ssp370","Tropical Zone",2033,5.37758357365718,4.99681785628977,5.7601212811739,1000,4,"SSP3-7.0"
"CR-Ec","ssp370","Tropical Zone",2034,5.38581705086838,5.02168396850042,5.74578456816923,1000,4,"SSP3-7.0"
"CR-Ec","ssp370","Tropical Zone",2035,5.39111159927121,5.01820508316797,5.76793563006848,1000,4,"SSP3-7.0"
"CR-Ec","ssp370","Tropical Zone",2036,5.40135436952161,5.04484647157279,5.77777473779321,1000,4,"SSP3-7.0"
"CR-Ec","ssp370","Tropical Zone",2037,5.41206293021093,5.04554171870349,5.77540621750063,1000,4,"SSP3-7.0"
"CR-Ec","ssp370","Tropical Zone",2038,5.4304495244923,5.05229976670445,5.77832882104224,1000,4,"SSP3-7.0"
"CR-Ec","ssp370","Tropical Zone",2039,5.44610128344246,5.05979004891034,5.83137862405693,1000,4,"SSP3-7.0"
"CR-Ec","ssp370","Tropical Zone",2040,5.45918726308342,5.0702243373989,5.84966820930745,1000,4,"SSP3-7.0"
"CR-Ec","ssp370","Tropical Zone",2041,5.47360198250907,5.10778132013574,5.8492059311716,1000,4,"SSP3-7.0"
"CR-Ec","ssp370","Tropical Zone",2042,5.48400229002346,5.1421513315376,5.85984687617871,1000,4,"SSP3-7.0"
"CR-Ec","ssp370","Tropical Zone",2043,5.49733180212806,5.13828043897108,5.87309285975814,1000,4,"SSP3-7.0"
"CR-Ec","ssp370","Tropical Zone",2044,5.51280244225209,5.14539194102493,5.88645147013127,1000,4,"SSP3-7.0"
"CR-Ec","ssp370","Tropical Zone",2045,5.52698507094172,5.15340932366292,5.88449237291648,1000,4,"SSP3-7.0"
"CR-Ec","ssp370","Tropical Zone",2046,5.53891128689309,5.16589470043306,5.8995204026151,1000,4,"SSP3-7.0"
"CR-Ec","ssp370","Tropical Zone",2047,5.54603635549028,5.16292903806504,5.91219884497295,1000,4,"SSP3-7.0"
"CR-Ec","ssp370","Tropical Zone",2048,5.55544019271795,5.16875701316187,5.93251764312496,1000,4,"SSP3-7.0"
"CR-Ec","ssp370","Tropical Zone",2049,5.56203152590522,5.18083433904337,5.93895146422952,1000,4,"SSP3-7.0"
"CR-Ec","ssp370","Tropical Zone",2050,5.57187417959306,5.19469277970568,5.94992468205071,1000,4,"SSP3-7.0"
"CR-Ec","ssp370","Tropical Zone",2051,5.58439406973346,5.21682401926764,5.95817732507344,1000,4,"SSP3-7.0"
"CR-Ec","ssp370","Tropical Zone",2052,5.59762663945267,5.21018188475869,5.96473176202018,1000,4,"SSP3-7.0"
"CR-Ec","ssp370","Tropical Zone",2053,5.60699893690609,5.22984969440155,5.97538147110608,1000,4,"SSP3-7.0"
"CR-Ec","ssp370","Tropical Zone",2054,5.61863497954497,5.23728342358843,5.98987806579934,1000,4,"SSP3-7.0"
"CR-Ec","ssp370","Tropical Zone",2055,5.63595336531864,5.26591066034586,6.01489331586329,1000,4,"SSP3-7.0"
"CR-Ec","ssp370","Tropical Zone",2056,5.65347858177944,5.29056098112927,6.03306187120267,1000,4,"SSP3-7.0"
"CR-Ec","ssp370","Tropical Zone",2057,5.67303487006311,5.29773462980079,6.06456641663657,1000,4,"SSP3-7.0"
"CR-Ec","ssp370","Tropical Zone",2058,5.68849176318721,5.31101881586237,6.09969522686651,1000,4,"SSP3-7.0"
"CR-Ec","ssp370","Tropical Zone",2059,5.70286165110373,5.30099597043746,6.11290720472308,1000,4,"SSP3-7.0"
"CR-Ec","ssp370","Tropical Zone",2060,5.71492387009226,5.32145769287381,6.13160369857051,1000,4,"SSP3-7.0"
"CR-Ec","ssp370","Tropical Zone",2061,5.72818840000639,5.36028028398775,6.12675079035216,1000,4,"SSP3-7.0"
"CR-Ec","ssp370","Tropical Zone",2062,5.73028077170958,5.35134800723107,6.13033361970654,1000,4,"SSP3-7.0"
"CR-Ec","ssp370","Tropical Zone",2063,5.73402388297352,5.35552722109296,6.1244539439013,1000,4,"SSP3-7.0"
"CR-Ec","ssp370","Tropical Zone",2064,5.73323863084588,5.37188259264433,6.12576937186008,1000,4,"SSP3-7.0"
"CR-Ec","ssp370","Tropical Zone",2065,5.73543197494716,5.37192197714118,6.12276487413266,1000,4,"SSP3-7.0"
"CR-Ec","ssp370","Tropical Zone",2066,5.74033216710786,5.36067360879072,6.12046972217387,1000,4,"SSP3-7.0"
"CR-Ec","ssp370","Tropical Zone",2067,5.74767903553372,5.37074373795116,6.13168520717661,1000,4,"SSP3-7.0"
"CR-Ec","ssp370","Tropical Zone",2068,5.75286281478271,5.36507252437848,6.14937375077904,1000,4,"SSP3-7.0"
"CR-Ec","ssp370","Tropical Zone",2069,5.75593173351917,5.38341013444411,6.13449507984161,1000,4,"SSP3-7.0"
"CR-Ec","ssp370","Tropical Zone",2070,5.76148564368541,5.36810712773285,6.1334012082187,1000,4,"SSP3-7.0"
"CR-Ec","ssp370","Tropical Zone",2071,5.77091825301793,5.3975890975542,6.14806505856375,1000,4,"SSP3-7.0"
"CR-Ec","ssp370","Tropical Zone",2072,5.77823255827082,5.38122472871635,6.15868000582964,1000,4,"SSP3-7.0"
"CR-Ec","ssp370","Tropical Zone",2073,5.78320025180838,5.38935358825585,6.15230670952028,1000,4,"SSP3-7.0"
"CR-Ec","ssp370","Tropical Zone",2074,5.7836025557307,5.40073959057222,6.16671950838562,1000,4,"SSP3-7.0"
"CR-Ec","ssp370","Tropical Zone",2075,5.79105844408542,5.39767990141671,6.1754101492641,1000,4,"SSP3-7.0"
"CR-Ec","ssp370","Tropical Zone",2076,5.79658386273069,5.38116341004121,6.21045504437834,1000,4,"SSP3-7.0"
"CR-Ec","ssp370","Tropical Zone",2077,5.80487700293189,5.40864907057761,6.19608472657438,1000,4,"SSP3-7.0"
"CR-Ec","ssp370","Tropical Zone",2078,5.80971322123547,5.40468935658082,6.22889490349434,1000,4,"SSP3-7.0"
"CR-Ec","ssp370","Tropical Zone",2079,5.82001484233785,5.43245628145856,6.23823512873995,1000,4,"SSP3-7.0"
"CR-Ec","ssp370","Tropical Zone",2080,5.82106195021915,5.4476658023795,6.22704763730106,1000,4,"SSP3-7.0"
"CR-Ec","ssp370","Tropical Zone",2081,5.82943781688339,5.4589075391657,6.22885055468563,1000,4,"SSP3-7.0"
"CR-Ec","ssp370","Tropical Zone",2082,5.83634284108348,5.45690784718103,6.23477069231511,1000,4,"SSP3-7.0"
"CR-Ec","ssp370","Tropical Zone",2083,5.84627820960277,5.44271850195321,6.22440170227217,1000,4,"SSP3-7.0"
"CR-Ec","ssp370","Tropical Zone",2084,5.84916144377924,5.47538106118945,6.24081394085907,1000,4,"SSP3-7.0"
"CR-Ec","ssp370","Tropical Zone",2085,5.84423891791087,5.44731647467816,6.22246986874578,1000,4,"SSP3-7.0"
"CR-Ec","ssp370","Tropical Zone",2086,5.84282372903725,5.45392254489433,6.23695517672394,1000,4,"SSP3-7.0"
"CR-Ec","ssp370","Tropical Zone",2087,5.84145520610122,5.46536903779627,6.24996731532895,1000,4,"SSP3-7.0"
"CR-Ec","ssp370","Tropical Zone",2088,5.84780636641313,5.45969461792384,6.24478654498325,1000,4,"SSP3-7.0"
"CR-Ec","ssp370","Tropical Zone",2089,5.85124383808137,5.47525127425759,6.23310228029925,1000,4,"SSP3-7.0"
"CR-Ec","ssp370","Tropical Zone",2090,5.85261257949889,5.46471945419377,6.22742596540072,1000,4,"SSP3-7.0"
"CR-Ec","ssp370","Tropical Zone",2091,5.85728370376799,5.47803215552942,6.20941320263467,1000,4,"SSP3-7.0"
"CR-Ec","ssp370","Tropical Zone",2092,5.85950725943163,5.4628077813069,6.23765932110877,1000,4,"SSP3-7.0"
"CR-Ec","ssp370","Tropical Zone",2093,5.86600637590755,5.47344489808169,6.27160445043882,1000,4,"SSP3-7.0"
"CR-Ec","ssp370","Tropical Zone",2094,5.86930096607574,5.49901468635906,6.2643064723437,1000,4,"SSP3-7.0"
"CR-Ec","ssp370","Tropical Zone",2095,5.87776816301181,5.50814115380759,6.25009594455661,1000,4,"SSP3-7.0"
"CR-Ec","ssp370","Tropical Zone",2096,5.88564293371013,5.47564207823487,6.27917913352377,1000,4,"SSP3-7.0"
"CR-Ec","ssp370","Tropical Zone",2097,5.88692631416941,5.47892796251618,6.30250725981915,1000,4,"SSP3-7.0"
"CR-Ec","ssp370","Tropical Zone",2098,5.89041772445824,5.49425812201153,6.31041136911673,1000,4,"SSP3-7.0"
"CR-Ec","ssp370","Tropical Zone",2099,5.89422566797529,5.50380214142102,6.32455068684191,1000,4,"SSP3-7.0"
"CR-Ec","ssp370","Tropical Zone",2100,5.89817777323404,5.51369460000278,6.33837332262811,1000,4,"SSP3-7.0"
"CR-Ec","ssp585","Tropical Zone",2020,5.65524960119431,5.40758356388019,5.96098905377382,1000,4,"SSP5-8.5"
"CR-Ec","ssp585","Tropical Zone",2021,5.6420439922665,5.41475544495118,5.90268767984937,1000,4,"SSP5-8.5"
"CR-Ec","ssp585","Tropical Zone",2022,5.63633310654292,5.35785197577405,5.93844332910744,1000,4,"SSP5-8.5"
"CR-Ec","ssp585","Tropical Zone",2023,5.52713735828077,5.22429801171981,5.86069657953569,1000,4,"SSP5-8.5"
"CR-Ec","ssp585","Tropical Zone",2024,5.45675438741735,5.12262227089155,5.80031868449356,1000,4,"SSP5-8.5"
"CR-Ec","ssp585","Tropical Zone",2025,5.40891024743669,5.05770707813806,5.7758998428743,1000,4,"SSP5-8.5"
"CR-Ec","ssp585","Tropical Zone",2026,5.38348904836415,4.98995992866312,5.75896814809401,1000,4,"SSP5-8.5"
"CR-Ec","ssp585","Tropical Zone",2027,5.36749204718998,4.97159655633733,5.73695491137593,1000,4,"SSP5-8.5"
"CR-Ec","ssp585","Tropical Zone",2028,5.36226162659478,4.98616806606916,5.74991719680367,1000,4,"SSP5-8.5"
"CR-Ec","ssp585","Tropical Zone",2029,5.36590895660055,4.98018548387927,5.74412783543452,1000,4,"SSP5-8.5"
"CR-Ec","ssp585","Tropical Zone",2030,5.38103207568311,5.00009942216725,5.75618039244722,1000,4,"SSP5-8.5"
"CR-Ec","ssp585","Tropical Zone",2031,5.39763209552621,4.99773667662967,5.7878368926085,1000,4,"SSP5-8.5"
"CR-Ec","ssp585","Tropical Zone",2032,5.41116551056537,5.0118050149231,5.84241268080279,1000,4,"SSP5-8.5"
"CR-Ec","ssp585","Tropical Zone",2033,5.41819723122545,5.00000839802631,5.82287737906073,1000,4,"SSP5-8.5"
"CR-Ec","ssp585","Tropical Zone",2034,5.42851243512894,5.00060152385599,5.81541477000485,1000,4,"SSP5-8.5"
"CR-Ec","ssp585","Tropical Zone",2035,5.44902970529606,5.00063615543866,5.8516097312121,1000,4,"SSP5-8.5"
"CR-Ec","ssp585","Tropical Zone",2036,5.46677703494501,5.04617157929494,5.85660870053152,1000,4,"SSP5-8.5"
"CR-Ec","ssp585","Tropical Zone",2037,5.47858295623133,5.07483285991627,5.87637585440725,1000,4,"SSP5-8.5"
"CR-Ec","ssp585","Tropical Zone",2038,5.4900881175924,5.11746063806183,5.88383902531718,1000,4,"SSP5-8.5"
"CR-Ec","ssp585","Tropical Zone",2039,5.5054257681928,5.11703372961318,5.90610643862914,1000,4,"SSP5-8.5"
"CR-Ec","ssp585","Tropical Zone",2040,5.51683697564053,5.11541111082617,5.94482139961507,1000,4,"SSP5-8.5"
"CR-Ec","ssp585","Tropical Zone",2041,5.526854231577,5.12137432959605,5.94201377126749,1000,4,"SSP5-8.5"
"CR-Ec","ssp585","Tropical Zone",2042,5.54146841754577,5.12775693740679,5.94505584475935,1000,4,"SSP5-8.5"
"CR-Ec","ssp585","Tropical Zone",2043,5.55315611545856,5.17124464029173,5.95652059823353,1000,4,"SSP5-8.5"
"CR-Ec","ssp585","Tropical Zone",2044,5.57142566507449,5.17640463647776,5.99241819703369,1000,4,"SSP5-8.5"
"CR-Ec","ssp585","Tropical Zone",2045,5.59155724031002,5.17741064728183,6.00750765300502,1000,4,"SSP5-8.5"
"CR-Ec","ssp585","Tropical Zone",2046,5.61177010428115,5.16428646323132,6.01005294862456,1000,4,"SSP5-8.5"
"CR-Ec","ssp585","Tropical Zone",2047,5.62268693863723,5.19401806167972,6.01867808319757,1000,4,"SSP5-8.5"
"CR-Ec","ssp585","Tropical Zone",2048,5.64015538858904,5.19873920671907,6.05100346303074,1000,4,"SSP5-8.5"
"CR-Ec","ssp585","Tropical Zone",2049,5.65215543175385,5.19267724752169,6.0842951238657,1000,4,"SSP5-8.5"
"CR-Ec","ssp585","Tropical Zone",2050,5.66879374150611,5.22733544970849,6.09175716146495,1000,4,"SSP5-8.5"
"CR-Ec","ssp585","Tropical Zone",2051,5.68475824128996,5.2757248744404,6.12413658150967,1000,4,"SSP5-8.5"
"CR-Ec","ssp585","Tropical Zone",2052,5.69801226159749,5.25413769074039,6.13996145844265,1000,4,"SSP5-8.5"
"CR-Ec","ssp585","Tropical Zone",2053,5.70737730058753,5.25589597158175,6.13279620494081,1000,4,"SSP5-8.5"
"CR-Ec","ssp585","Tropical Zone",2054,5.71974694941783,5.28293067584425,6.12364636097557,1000,4,"SSP5-8.5"
"CR-Ec","ssp585","Tropical Zone",2055,5.73488263010376,5.30721696635621,6.16458383577641,1000,4,"SSP5-8.5"
"CR-Ec","ssp585","Tropical Zone",2056,5.74808563558208,5.32193010455363,6.18620113885194,1000,4,"SSP5-8.5"
"CR-Ec","ssp585","Tropical Zone",2057,5.76527569289977,5.35942035128457,6.18941831977772,1000,4,"SSP5-8.5"
"CR-Ec","ssp585","Tropical Zone",2058,5.79064642636748,5.36435099162678,6.21820421757358,1000,4,"SSP5-8.5"
"CR-Ec","ssp585","Tropical Zone",2059,5.8059028908795,5.39546533257553,6.22634235072682,1000,4,"SSP5-8.5"
"CR-Ec","ssp585","Tropical Zone",2060,5.82574344045182,5.40048807079425,6.2723578653566,1000,4,"SSP5-8.5"
"CR-Ec","ssp585","Tropical Zone",2061,5.84076770820396,5.3859274560098,6.28583864733519,1000,4,"SSP5-8.5"
"CR-Ec","ssp585","Tropical Zone",2062,5.8505978127481,5.41885379128422,6.29456824312135,1000,4,"SSP5-8.5"
"CR-Ec","ssp585","Tropical Zone",2063,5.86669802755051,5.46281254365162,6.28779523339059,1000,4,"SSP5-8.5"
"CR-Ec","ssp585","Tropical Zone",2064,5.87837045125989,5.43533552213686,6.31686244526123,1000,4,"SSP5-8.5"
"CR-Ec","ssp585","Tropical Zone",2065,5.88567679976278,5.42798133572081,6.34638881751915,1000,4,"SSP5-8.5"
"CR-Ec","ssp585","Tropical Zone",2066,5.8856359170223,5.48372736765564,6.3463387362321,1000,4,"SSP5-8.5"
"CR-Ec","ssp585","Tropical Zone",2067,5.88840082029281,5.47380811575717,6.31612845650581,1000,4,"SSP5-8.5"
"CR-Ec","ssp585","Tropical Zone",2068,5.89360829116724,5.46704149568586,6.29800462666696,1000,4,"SSP5-8.5"
"CR-Ec","ssp585","Tropical Zone",2069,5.89993636638479,5.46735371994268,6.29282171382228,1000,4,"SSP5-8.5"
"CR-Ec","ssp585","Tropical Zone",2070,5.90666081996172,5.49017762029789,6.3115166452427,1000,4,"SSP5-8.5"
"CR-Ec","ssp585","Tropical Zone",2071,5.91604999063986,5.50336097751282,6.34046890579693,1000,4,"SSP5-8.5"
"CR-Ec","ssp585","Tropical Zone",2072,5.92248289308488,5.46659862514968,6.35792063941434,1000,4,"SSP5-8.5"
"CR-Ec","ssp585","Tropical Zone",2073,5.92528420576429,5.47678097775586,6.34980927360992,1000,4,"SSP5-8.5"
"CR-Ec","ssp585","Tropical Zone",2074,5.93613658884564,5.48895176388958,6.3654333568305,1000,4,"SSP5-8.5"
"CR-Ec","ssp585","Tropical Zone",2075,5.94502500168986,5.49844530692922,6.38479352470754,1000,4,"SSP5-8.5"
"CR-Ec","ssp585","Tropical Zone",2076,5.95411052118577,5.46316379202547,6.40572135133729,1000,4,"SSP5-8.5"
"CR-Ec","ssp585","Tropical Zone",2077,5.96436807794159,5.49281568726526,6.42607314479582,1000,4,"SSP5-8.5"
"CR-Ec","ssp585","Tropical Zone",2078,5.96969611071471,5.51646802530628,6.43348390746337,1000,4,"SSP5-8.5"
"CR-Ec","ssp585","Tropical Zone",2079,5.97423803322757,5.54309134190273,6.417640459333,1000,4,"SSP5-8.5"
"CR-Ec","ssp585","Tropical Zone",2080,5.98366746354134,5.53599598740062,6.43319251225264,1000,4,"SSP5-8.5"
"CR-Ec","ssp585","Tropical Zone",2081,5.99061287835639,5.53957199510842,6.43517212181587,1000,4,"SSP5-8.5"
"CR-Ec","ssp585","Tropical Zone",2082,6.00036813580735,5.56728368360953,6.43106860356604,1000,4,"SSP5-8.5"
"CR-Ec","ssp585","Tropical Zone",2083,6.0113648027859,5.5755379267725,6.44252740296721,1000,4,"SSP5-8.5"
"CR-Ec","ssp585","Tropical Zone",2084,6.01386979844042,5.54520539394065,6.44386369559383,1000,4,"SSP5-8.5"
"CR-Ec","ssp585","Tropical Zone",2085,6.01777022535297,5.54694451750165,6.50328606325184,1000,4,"SSP5-8.5"
"CR-Ec","ssp585","Tropical Zone",2086,6.0236866057567,5.55994172712846,6.49152497665448,1000,4,"SSP5-8.5"
"CR-Ec","ssp585","Tropical Zone",2087,6.03291689832186,5.57067901322605,6.5078174084143,1000,4,"SSP5-8.5"
"CR-Ec","ssp585","Tropical Zone",2088,6.04003490227083,5.59901022389844,6.51989143312463,1000,4,"SSP5-8.5"
"CR-Ec","ssp585","Tropical Zone",2089,6.04789504334122,5.60366989987003,6.54123063648947,1000,4,"SSP5-8.5"
"CR-Ec","ssp585","Tropical Zone",2090,6.05096233832419,5.61771094037941,6.52490079403993,1000,4,"SSP5-8.5"
"CR-Ec","ssp585","Tropical Zone",2091,6.06000119424545,5.61779396194289,6.54870385667223,1000,4,"SSP5-8.5"
"CR-Ec","ssp585","Tropical Zone",2092,6.07367430723521,5.64756473010077,6.56507149408758,1000,4,"SSP5-8.5"
"CR-Ec","ssp585","Tropical Zone",2093,6.08112070563281,5.66056188958386,6.53646161060354,1000,4,"SSP5-8.5"
"CR-Ec","ssp585","Tropical Zone",2094,6.09016598202288,5.66396940247955,6.56375235463474,1000,4,"SSP5-8.5"
"CR-Ec","ssp585","Tropical Zone",2095,6.0974066569376,5.6603370448386,6.59795541987332,1000,4,"SSP5-8.5"
"CR-Ec","ssp585","Tropical Zone",2096,6.1002017044669,5.63779917517649,6.62407308305445,1000,4,"SSP5-8.5"
"CR-Ec","ssp585","Tropical Zone",2097,6.09661241225797,5.63678225078185,6.58631157930981,1000,4,"SSP5-8.5"
"CR-Ec","ssp585","Tropical Zone",2098,6.10011710495914,5.65974452466208,6.57059689587686,1000,4,"SSP5-8.5"
"CR-Ec","ssp585","Tropical Zone",2099,6.10221689562846,5.67915135807732,6.56780050437151,1000,4,"SSP5-8.5"
"CR-Ec","ssp585","Tropical Zone",2100,6.10905395366096,5.70714385946047,6.55587484064366,1000,4,"SSP5-8.5"
"CR-Kp","ssp126","Tropical Zone",2020,20.7692396829094,20.4175361043552,21.2739688188273,1000,4,"SSP1-2.6"
"CR-Kp","ssp126","Tropical Zone",2021,20.7510570218902,20.2984989849571,21.2512072521353,1000,4,"SSP1-2.6"
"CR-Kp","ssp126","Tropical Zone",2022,20.6724995972591,20.1034333937577,21.2490447664201,1000,4,"SSP1-2.6"
"CR-Kp","ssp126","Tropical Zone",2023,20.6492532893269,19.9152074759193,21.4096689408543,1000,4,"SSP1-2.6"
"CR-Kp","ssp126","Tropical Zone",2024,20.6356338209234,19.7081478373454,21.5913022741468,1000,4,"SSP1-2.6"
"CR-Kp","ssp126","Tropical Zone",2025,20.6307893224636,19.4919671422021,21.7719522016179,1000,4,"SSP1-2.6"
"CR-Kp","ssp126","Tropical Zone",2026,20.6594749487073,19.3555779248407,21.9916983704572,1000,4,"SSP1-2.6"
"CR-Kp","ssp126","Tropical Zone",2027,20.7116407131633,19.2632628103894,22.2064040030598,1000,4,"SSP1-2.6"
"CR-Kp","ssp126","Tropical Zone",2028,20.7931713414764,19.2001827889938,22.3734020239773,1000,4,"SSP1-2.6"
"CR-Kp","ssp126","Tropical Zone",2029,20.8804326461234,19.1809563195211,22.6296901271915,1000,4,"SSP1-2.6"
"CR-Kp","ssp126","Tropical Zone",2030,20.9749120326758,19.1488375726354,22.8303835304445,1000,4,"SSP1-2.6"
"CR-Kp","ssp126","Tropical Zone",2031,21.0738817257655,19.1270031437426,23.0853171674109,1000,4,"SSP1-2.6"
"CR-Kp","ssp126","Tropical Zone",2032,21.1952595883077,19.1297635934906,23.2629508038823,1000,4,"SSP1-2.6"
"CR-Kp","ssp126","Tropical Zone",2033,21.3334783911544,19.1794340800502,23.4478605609769,1000,4,"SSP1-2.6"
"CR-Kp","ssp126","Tropical Zone",2034,21.4822342713833,19.25209392932,23.6170913342003,1000,4,"SSP1-2.6"
"CR-Kp","ssp126","Tropical Zone",2035,21.6265865076401,19.3320887707236,23.8641101893452,1000,4,"SSP1-2.6"
"CR-Kp","ssp126","Tropical Zone",2036,21.7783632789107,19.4135006100778,24.0750331868203,1000,4,"SSP1-2.6"
"CR-Kp","ssp126","Tropical Zone",2037,21.9252541062516,19.4675706526959,24.2958588476962,1000,4,"SSP1-2.6"
"CR-Kp","ssp126","Tropical Zone",2038,22.0564098949903,19.3992925823323,24.5037195630676,1000,4,"SSP1-2.6"
"CR-Kp","ssp126","Tropical Zone",2039,22.2086737395847,19.4815422445992,24.7017544968243,1000,4,"SSP1-2.6"
"CR-Kp","ssp126","Tropical Zone",2040,22.3802549388708,19.6034336761514,24.9443439609771,1000,4,"SSP1-2.6"
"CR-Kp","ssp126","Tropical Zone",2041,22.5647181727453,19.8133188223081,25.1732633710952,1000,4,"SSP1-2.6"
"CR-Kp","ssp126","Tropical Zone",2042,22.7439433724609,19.9874198893719,25.3840676799632,1000,4,"SSP1-2.6"
"CR-Kp","ssp126","Tropical Zone",2043,22.9140005732567,20.1131524010263,25.5727847409593,1000,4,"SSP1-2.6"
"CR-Kp","ssp126","Tropical Zone",2044,23.0938710132465,20.206726926865,25.8468256465066,1000,4,"SSP1-2.6"
"CR-Kp","ssp126","Tropical Zone",2045,23.2887964313601,20.3900092260225,26.1210435586222,1000,4,"SSP1-2.6"
"CR-Kp","ssp126","Tropical Zone",2046,23.4872986417473,20.5723089843947,26.3595307153413,1000,4,"SSP1-2.6"
"CR-Kp","ssp126","Tropical Zone",2047,23.6940741781357,20.7642984263865,26.6275337279425,1000,4,"SSP1-2.6"
"CR-Kp","ssp126","Tropical Zone",2048,23.8974955119366,20.8845481410832,26.8625229247313,1000,4,"SSP1-2.6"
"CR-Kp","ssp126","Tropical Zone",2049,24.1057107904501,21.153204789787,27.1415349255925,1000,4,"SSP1-2.6"
"CR-Kp","ssp126","Tropical Zone",2050,24.3065557170409,21.3456982729754,27.3084301008416,1000,4,"SSP1-2.6"
"CR-Kp","ssp126","Tropical Zone",2051,24.5112084141643,21.4523793963381,27.5692187968639,1000,4,"SSP1-2.6"
"CR-Kp","ssp126","Tropical Zone",2052,24.7178305342038,21.6487965068649,27.8350433870433,1000,4,"SSP1-2.6"
"CR-Kp","ssp126","Tropical Zone",2053,24.9362307709018,21.8208042527181,28.1820956058917,1000,4,"SSP1-2.6"
"CR-Kp","ssp126","Tropical Zone",2054,25.1500658634003,22.0370721396357,28.4157044913701,1000,4,"SSP1-2.6"
"CR-Kp","ssp126","Tropical Zone",2055,25.3536195717732,22.2065758359127,28.7261735620682,1000,4,"SSP1-2.6"
"CR-Kp","ssp126","Tropical Zone",2056,25.5722474469004,22.3933899842924,28.8892173989701,1000,4,"SSP1-2.6"
"CR-Kp","ssp126","Tropical Zone",2057,25.7833418861976,22.5962052154558,29.0579135060022,1000,4,"SSP1-2.6"
"CR-Kp","ssp126","Tropical Zone",2058,26.0003325930157,22.7490587141914,29.3085013857951,1000,4,"SSP1-2.6"
"CR-Kp","ssp126","Tropical Zone",2059,26.2265364028739,22.925307968983,29.6058108159911,1000,4,"SSP1-2.6"
"CR-Kp","ssp126","Tropical Zone",2060,26.4516575084582,23.0657321630116,29.9382206144834,1000,4,"SSP1-2.6"
"CR-Kp","ssp126","Tropical Zone",2061,26.6552624490295,23.2069497310255,30.1927531432307,1000,4,"SSP1-2.6"
"CR-Kp","ssp126","Tropical Zone",2062,26.8435382542665,23.3808773350008,30.3577353163615,1000,4,"SSP1-2.6"
"CR-Kp","ssp126","Tropical Zone",2063,27.0159470121866,23.5337348930621,30.5707383445476,1000,4,"SSP1-2.6"
"CR-Kp","ssp126","Tropical Zone",2064,27.193249975105,23.7235845561509,30.8598794457328,1000,4,"SSP1-2.6"
"CR-Kp","ssp126","Tropical Zone",2065,27.3565982026099,23.8546719127787,30.9842412889998,1000,4,"SSP1-2.6"
"CR-Kp","ssp126","Tropical Zone",2066,27.4983199585965,24.0097962511862,31.1837211618279,1000,4,"SSP1-2.6"
"CR-Kp","ssp126","Tropical Zone",2067,27.6145942598383,24.0737056816975,31.3745020016473,1000,4,"SSP1-2.6"
"CR-Kp","ssp126","Tropical Zone",2068,27.7079201707934,24.1605015637561,31.538245930693,1000,4,"SSP1-2.6"
"CR-Kp","ssp126","Tropical Zone",2069,27.8163344885718,24.2069672797064,31.6543478962394,1000,4,"SSP1-2.6"
"CR-Kp","ssp126","Tropical Zone",2070,27.9000918178683,24.2858353637155,31.7833780331261,1000,4,"SSP1-2.6"
"CR-Kp","ssp126","Tropical Zone",2071,27.9842257538816,24.3111044662273,31.9145423965391,1000,4,"SSP1-2.6"
"CR-Kp","ssp126","Tropical Zone",2072,28.0744390178878,24.5184595872304,32.0620331885979,1000,4,"SSP1-2.6"
"CR-Kp","ssp126","Tropical Zone",2073,28.1378534163742,24.5126558196179,32.2110639253734,1000,4,"SSP1-2.6"
"CR-Kp","ssp126","Tropical Zone",2074,28.1847833953427,24.5168413352195,32.3270091373855,1000,4,"SSP1-2.6"
"CR-Kp","ssp126","Tropical Zone",2075,28.235229094066,24.4913958240662,32.251602491341,1000,4,"SSP1-2.6"
"CR-Kp","ssp126","Tropical Zone",2076,28.2684086416646,24.5181346824817,32.274616865323,1000,4,"SSP1-2.6"
"CR-Kp","ssp126","Tropical Zone",2077,28.3137090258054,24.6811873039529,32.3258729124697,1000,4,"SSP1-2.6"
"CR-Kp","ssp126","Tropical Zone",2078,28.3311973170412,24.6856702712325,32.2269362351823,1000,4,"SSP1-2.6"
"CR-Kp","ssp126","Tropical Zone",2079,28.3563097722265,24.658440232414,32.3262355204276,1000,4,"SSP1-2.6"
"CR-Kp","ssp126","Tropical Zone",2080,28.4030829795127,24.7466591593721,32.3589661220056,1000,4,"SSP1-2.6"
"CR-Kp","ssp126","Tropical Zone",2081,28.4341862260484,24.7611357016065,32.40005562186,1000,4,"SSP1-2.6"
"CR-Kp","ssp126","Tropical Zone",2082,28.4548430214838,24.754934511757,32.5274283998384,1000,4,"SSP1-2.6"
"CR-Kp","ssp126","Tropical Zone",2083,28.4560821112008,24.8132852881525,32.468372942812,1000,4,"SSP1-2.6"
"CR-Kp","ssp126","Tropical Zone",2084,28.471304400496,24.7732797902342,32.4552527243468,1000,4,"SSP1-2.6"
"CR-Kp","ssp126","Tropical Zone",2085,28.4785077272633,24.8379881302831,32.4777652703529,1000,4,"SSP1-2.6"
"CR-Kp","ssp126","Tropical Zone",2086,28.5043498331359,24.9121259306012,32.5304997900278,1000,4,"SSP1-2.6"
"CR-Kp","ssp126","Tropical Zone",2087,28.4986167781031,24.8423268250603,32.5647056606449,1000,4,"SSP1-2.6"
"CR-Kp","ssp126","Tropical Zone",2088,28.5188497605309,24.8360872378231,32.5536233705689,1000,4,"SSP1-2.6"
"CR-Kp","ssp126","Tropical Zone",2089,28.5346632706987,24.765992193613,32.6530690984216,1000,4,"SSP1-2.6"
"CR-Kp","ssp126","Tropical Zone",2090,28.511691645995,24.6838356101154,32.5561993408759,1000,4,"SSP1-2.6"
"CR-Kp","ssp126","Tropical Zone",2091,28.4928975399496,24.6826739309755,32.5549486888871,1000,4,"SSP1-2.6"
"CR-Kp","ssp126","Tropical Zone",2092,28.476980823596,24.6865841171672,32.5947317807324,1000,4,"SSP1-2.6"
"CR-Kp","ssp126","Tropical Zone",2093,28.4698957264285,24.6531772321116,32.5589236482431,1000,4,"SSP1-2.6"
"CR-Kp","ssp126","Tropical Zone",2094,28.4616789787384,24.588278864495,32.5835619282856,1000,4,"SSP1-2.6"
"CR-Kp","ssp126","Tropical Zone",2095,28.4584934553055,24.5437188893786,32.5229750311511,1000,4,"SSP1-2.6"
"CR-Kp","ssp126","Tropical Zone",2096,28.4641886162287,24.5732810127757,32.5397705409492,1000,4,"SSP1-2.6"
"CR-Kp","ssp126","Tropical Zone",2097,28.4624503980141,24.537279826749,32.4962067640256,1000,4,"SSP1-2.6"
"CR-Kp","ssp126","Tropical Zone",2098,28.4639873881327,24.5590197187524,32.532527433474,1000,4,"SSP1-2.6"
"CR-Kp","ssp126","Tropical Zone",2099,28.4415068454897,24.6322527967369,32.5642871132689,1000,4,"SSP1-2.6"
"CR-Kp","ssp126","Tropical Zone",2100,28.4205573949784,24.57598953036,32.5674120464217,1000,4,"SSP1-2.6"
"CR-Kp","ssp245","Tropical Zone",2020,20.5732452126021,19.6021172669178,21.0800468346066,1000,4,"SSP2-4.5"
"CR-Kp","ssp245","Tropical Zone",2021,20.6147373210306,19.8157362428952,21.133688395784,1000,4,"SSP2-4.5"
"CR-Kp","ssp245","Tropical Zone",2022,20.5623793415544,19.7586227201401,21.2434086748866,1000,4,"SSP2-4.5"
"CR-Kp","ssp245","Tropical Zone",2023,20.5444562110981,19.6095235598574,21.4359767959896,1000,4,"SSP2-4.5"
"CR-Kp","ssp245","Tropical Zone",2024,20.55070722208,19.4052046828123,21.6892388371238,1000,4,"SSP2-4.5"
"CR-Kp","ssp245","Tropical Zone",2025,20.5789402790005,19.2188372984244,21.8985926513675,1000,4,"SSP2-4.5"
"CR-Kp","ssp245","Tropical Zone",2026,20.6513556794025,19.1300863423932,22.1545670700883,1000,4,"SSP2-4.5"
"CR-Kp","ssp245","Tropical Zone",2027,20.7395348835189,19.0861999643426,22.373367770218,1000,4,"SSP2-4.5"
"CR-Kp","ssp245","Tropical Zone",2028,20.8487974954501,19.0782829594902,22.6252609394388,1000,4,"SSP2-4.5"
"CR-Kp","ssp245","Tropical Zone",2029,20.9609750122891,19.016429172189,22.8855466205895,1000,4,"SSP2-4.5"
"CR-Kp","ssp245","Tropical Zone",2030,21.0782525266492,18.9842222376947,23.1212748983325,1000,4,"SSP2-4.5"
"CR-Kp","ssp245","Tropical Zone",2031,21.2275150510934,18.9758923051743,23.4070442349527,1000,4,"SSP2-4.5"
"CR-Kp","ssp245","Tropical Zone",2032,21.3741002344501,19.0613049510511,23.6412610244408,1000,4,"SSP2-4.5"
"CR-Kp","ssp245","Tropical Zone",2033,21.5215738451261,19.0947534940673,23.9077297417475,1000,4,"SSP2-4.5"
"CR-Kp","ssp245","Tropical Zone",2034,21.6780261103319,19.1920554619293,24.0941020970178,1000,4,"SSP2-4.5"
"CR-Kp","ssp245","Tropical Zone",2035,21.8497583857121,19.3302803314888,24.2718901170213,1000,4,"SSP2-4.5"
"CR-Kp","ssp245","Tropical Zone",2036,22.0388289384906,19.4787643127011,24.5777473724391,1000,4,"SSP2-4.5"
"CR-Kp","ssp245","Tropical Zone",2037,22.2335876848546,19.6325746746081,24.8069193635521,1000,4,"SSP2-4.5"
"CR-Kp","ssp245","Tropical Zone",2038,22.4238705107795,19.7206745666302,25.010524582436,1000,4,"SSP2-4.5"
"CR-Kp","ssp245","Tropical Zone",2039,22.614892539809,19.9357179140922,25.219639760885,1000,4,"SSP2-4.5"
"CR-Kp","ssp245","Tropical Zone",2040,22.8194619403401,20.1063853512594,25.4780217377419,1000,4,"SSP2-4.5"
"CR-Kp","ssp245","Tropical Zone",2041,23.0437231886136,20.2635295931355,25.7654729494417,1000,4,"SSP2-4.5"
"CR-Kp","ssp245","Tropical Zone",2042,23.2628571922784,20.4181624651697,26.0225500467748,1000,4,"SSP2-4.5"
"CR-Kp","ssp245","Tropical Zone",2043,23.4846363543615,20.6179404720544,26.3626886094973,1000,4,"SSP2-4.5"
"CR-Kp","ssp245","Tropical Zone",2044,23.7013392171367,20.7706086383928,26.6143975314853,1000,4,"SSP2-4.5"
"CR-Kp","ssp245","Tropical Zone",2045,23.9034529906403,20.9423379409102,26.8935364671456,1000,4,"SSP2-4.5"
"CR-Kp","ssp245","Tropical Zone",2046,24.1322583754817,21.1133000193265,27.183875265229,1000,4,"SSP2-4.5"
"CR-Kp","ssp245","Tropical Zone",2047,24.3591817732455,21.3205512201514,27.4298743072483,1000,4,"SSP2-4.5"
"CR-Kp","ssp245","Tropical Zone",2048,24.5802920994272,21.5114941863423,27.6757420143636,1000,4,"SSP2-4.5"
"CR-Kp","ssp245","Tropical Zone",2049,24.7977818841116,21.6220564454421,27.9415266181354,1000,4,"SSP2-4.5"
"CR-Kp","ssp245","Tropical Zone",2050,25.018539435997,21.7208887030857,28.1901371597194,1000,4,"SSP2-4.5"
"CR-Kp","ssp245","Tropical Zone",2051,25.26952909852,21.9493164366121,28.5881732322045,1000,4,"SSP2-4.5"
"CR-Kp","ssp245","Tropical Zone",2052,25.5207724679927,22.2662666059048,28.9350285181796,1000,4,"SSP2-4.5"
"CR-Kp","ssp245","Tropical Zone",2053,25.7486977880137,22.452155185269,29.2624553996541,1000,4,"SSP2-4.5"
"CR-Kp","ssp245","Tropical Zone",2054,25.9779104557875,22.6148403037267,29.4639861800008,1000,4,"SSP2-4.5"
"CR-Kp","ssp245","Tropical Zone",2055,26.2220878462793,22.7999137269768,29.730575545786,1000,4,"SSP2-4.5"
"CR-Kp","ssp245","Tropical Zone",2056,26.4755704540194,23.0185900401098,30.0281081263178,1000,4,"SSP2-4.5"
"CR-Kp","ssp245","Tropical Zone",2057,26.7203004553694,23.1873702119136,30.3310486702065,1000,4,"SSP2-4.5"
"CR-Kp","ssp245","Tropical Zone",2058,26.96027557956,23.4363742829086,30.547244282557,1000,4,"SSP2-4.5"
"CR-Kp","ssp245","Tropical Zone",2059,27.2135725232968,23.6975558882186,30.7587077320479,1000,4,"SSP2-4.5"
"CR-Kp","ssp245","Tropical Zone",2060,27.462429908412,23.8477729975235,31.1694054068462,1000,4,"SSP2-4.5"
"CR-Kp","ssp245","Tropical Zone",2061,27.6892482724109,24.1597224552765,31.441146161819,1000,4,"SSP2-4.5"
"CR-Kp","ssp245","Tropical Zone",2062,27.8948327676583,24.326161726404,31.6437233856842,1000,4,"SSP2-4.5"
"CR-Kp","ssp245","Tropical Zone",2063,28.0955088955268,24.547505387867,31.9041224643113,1000,4,"SSP2-4.5"
"CR-Kp","ssp245","Tropical Zone",2064,28.2721405683305,24.6283108239366,31.9867051035718,1000,4,"SSP2-4.5"
"CR-Kp","ssp245","Tropical Zone",2065,28.4333369996927,24.7847545006179,32.1930932358664,1000,4,"SSP2-4.5"
"CR-Kp","ssp245","Tropical Zone",2066,28.5717273528488,24.871059667689,32.4364215249904,1000,4,"SSP2-4.5"
"CR-Kp","ssp245","Tropical Zone",2067,28.6836202349861,24.8897918393478,32.587322678094,1000,4,"SSP2-4.5"
"CR-Kp","ssp245","Tropical Zone",2068,28.7961806434158,24.9729024601261,32.6082341896978,1000,4,"SSP2-4.5"
"CR-Kp","ssp245","Tropical Zone",2069,28.889078365829,25.0275208903952,32.7807844206957,1000,4,"SSP2-4.5"
"CR-Kp","ssp245","Tropical Zone",2070,28.9951915102029,25.0663128346522,32.8935865214032,1000,4,"SSP2-4.5"
"CR-Kp","ssp245","Tropical Zone",2071,29.1054472800448,25.3054423803756,32.8917698089484,1000,4,"SSP2-4.5"
"CR-Kp","ssp245","Tropical Zone",2072,29.1904522472188,25.4810853575348,33.1072614181751,1000,4,"SSP2-4.5"
"CR-Kp","ssp245","Tropical Zone",2073,29.2276421708072,25.4686366488636,33.2616108765664,1000,4,"SSP2-4.5"
"CR-Kp","ssp245","Tropical Zone",2074,29.2814536515343,25.6192765577999,33.4455195450748,1000,4,"SSP2-4.5"
"CR-Kp","ssp245","Tropical Zone",2075,29.3548666613317,25.6314865981861,33.539461530176,1000,4,"SSP2-4.5"
"CR-Kp","ssp245","Tropical Zone",2076,29.3979251125838,25.6662690067481,33.5695277837075,1000,4,"SSP2-4.5"
"CR-Kp","ssp245","Tropical Zone",2077,29.433070543922,25.6660080100256,33.5866937307976,1000,4,"SSP2-4.5"
"CR-Kp","ssp245","Tropical Zone",2078,29.470788871017,25.7444188275202,33.7120593926609,1000,4,"SSP2-4.5"
"CR-Kp","ssp245","Tropical Zone",2079,29.5046983153355,25.736118793455,33.6255204642283,1000,4,"SSP2-4.5"
"CR-Kp","ssp245","Tropical Zone",2080,29.556112347281,25.6336506584049,33.8507500441154,1000,4,"SSP2-4.5"
"CR-Kp","ssp245","Tropical Zone",2081,29.5913465463237,25.6756084211669,33.8003376958049,1000,4,"SSP2-4.5"
"CR-Kp","ssp245","Tropical Zone",2082,29.5889951006824,25.7012868956898,33.9061343078865,1000,4,"SSP2-4.5"
"CR-Kp","ssp245","Tropical Zone",2083,29.5688984449114,25.6262642983212,33.8173895296205,1000,4,"SSP2-4.5"
"CR-Kp","ssp245","Tropical Zone",2084,29.5775000437194,25.6910970676023,33.8428334881053,1000,4,"SSP2-4.5"
"CR-Kp","ssp245","Tropical Zone",2085,29.6145254998468,25.6663312946442,33.7182096182843,1000,4,"SSP2-4.5"
"CR-Kp","ssp245","Tropical Zone",2086,29.6351125892757,25.6782686110607,33.6878866531085,1000,4,"SSP2-4.5"
"CR-Kp","ssp245","Tropical Zone",2087,29.6450159182767,25.6769882860543,33.8331587831642,1000,4,"SSP2-4.5"
"CR-Kp","ssp245","Tropical Zone",2088,29.662924811281,25.7140522539847,33.8107444669174,1000,4,"SSP2-4.5"
"CR-Kp","ssp245","Tropical Zone",2089,29.6798974803056,25.628336043177,33.7656998816266,1000,4,"SSP2-4.5"
"CR-Kp","ssp245","Tropical Zone",2090,29.6971358187429,25.7420950638869,33.8269983772826,1000,4,"SSP2-4.5"
"CR-Kp","ssp245","Tropical Zone",2091,29.7093901956663,25.77837744514,33.8132494040684,1000,4,"SSP2-4.5"
"CR-Kp","ssp245","Tropical Zone",2092,29.7128374158243,25.7940663847249,33.885981907052,1000,4,"SSP2-4.5"
"CR-Kp","ssp245","Tropical Zone",2093,29.7058104641276,25.8013969199169,33.8601722957088,1000,4,"SSP2-4.5"
"CR-Kp","ssp245","Tropical Zone",2094,29.701370898635,25.7178234635895,33.9226005573222,1000,4,"SSP2-4.5"
"CR-Kp","ssp245","Tropical Zone",2095,29.706951495602,25.7583561232771,33.9706912640097,1000,4,"SSP2-4.5"
"CR-Kp","ssp245","Tropical Zone",2096,29.718350322085,25.73794738877,33.9577269582941,1000,4,"SSP2-4.5"
"CR-Kp","ssp245","Tropical Zone",2097,29.7439543515381,25.737637081446,33.9973663425713,1000,4,"SSP2-4.5"
"CR-Kp","ssp245","Tropical Zone",2098,29.7596957434786,25.8820886197543,34.0126592087018,1000,4,"SSP2-4.5"
"CR-Kp","ssp245","Tropical Zone",2099,29.7431049126617,25.7698884156928,34.0822019025601,1000,4,"SSP2-4.5"
"CR-Kp","ssp245","Tropical Zone",2100,29.7515729856119,25.8785548475863,34.0525414571733,1000,4,"SSP2-4.5"
"CR-Kp","ssp370","Tropical Zone",2020,20.314751312497,19.3235340457801,21.1966220002298,1000,4,"SSP3-7.0"
"CR-Kp","ssp370","Tropical Zone",2021,20.4188754190715,19.5153491176713,21.3123385619808,1000,4,"SSP3-7.0"
"CR-Kp","ssp370","Tropical Zone",2022,20.3937734043001,19.4734623078543,21.241010359951,1000,4,"SSP3-7.0"
"CR-Kp","ssp370","Tropical Zone",2023,20.4126123307734,19.424601503215,21.3354868255062,1000,4,"SSP3-7.0"
"CR-Kp","ssp370","Tropical Zone",2024,20.4901262046514,19.3776090860075,21.5839061252556,1000,4,"SSP3-7.0"
"CR-Kp","ssp370","Tropical Zone",2025,20.590592555125,19.2572527293281,21.8833220022969,1000,4,"SSP3-7.0"
"CR-Kp","ssp370","Tropical Zone",2026,20.7031018847659,19.2211168608279,22.1098682465913,1000,4,"SSP3-7.0"
"CR-Kp","ssp370","Tropical Zone",2027,20.8159921742285,19.1656644268533,22.3866611042092,1000,4,"SSP3-7.0"
"CR-Kp","ssp370","Tropical Zone",2028,20.934222803304,19.0673298184002,22.6549426722592,1000,4,"SSP3-7.0"
"CR-Kp","ssp370","Tropical Zone",2029,21.0829214794228,19.0087734487923,22.9604208981319,1000,4,"SSP3-7.0"
"CR-Kp","ssp370","Tropical Zone",2030,21.2572645220407,19.0599485802598,23.2653688946219,1000,4,"SSP3-7.0"
"CR-Kp","ssp370","Tropical Zone",2031,21.4326778682061,19.1776267735004,23.508887325144,1000,4,"SSP3-7.0"
"CR-Kp","ssp370","Tropical Zone",2032,21.6104476997436,19.2324479963786,23.8057681057227,1000,4,"SSP3-7.0"
"CR-Kp","ssp370","Tropical Zone",2033,21.8069873611472,19.3120334242935,24.1224828171258,1000,4,"SSP3-7.0"
"CR-Kp","ssp370","Tropical Zone",2034,22.0076750971011,19.3884650952009,24.4577564131031,1000,4,"SSP3-7.0"
"CR-Kp","ssp370","Tropical Zone",2035,22.1937514773077,19.5705883081359,24.6433307029129,1000,4,"SSP3-7.0"
"CR-Kp","ssp370","Tropical Zone",2036,22.3952532987566,19.6981981737009,24.9543083792362,1000,4,"SSP3-7.0"
"CR-Kp","ssp370","Tropical Zone",2037,22.6021592262255,19.8726402245631,25.2631034880259,1000,4,"SSP3-7.0"
"CR-Kp","ssp370","Tropical Zone",2038,22.8242245793186,19.9907181624689,25.5609122519281,1000,4,"SSP3-7.0"
"CR-Kp","ssp370","Tropical Zone",2039,23.0493359776482,20.1268741558382,25.893612343436,1000,4,"SSP3-7.0"
"CR-Kp","ssp370","Tropical Zone",2040,23.2791020249812,20.3361372328916,26.1304110156779,1000,4,"SSP3-7.0"
"CR-Kp","ssp370","Tropical Zone",2041,23.5204279134045,20.5348694562115,26.3768312053352,1000,4,"SSP3-7.0"
"CR-Kp","ssp370","Tropical Zone",2042,23.7597380725992,20.7187680243598,26.6501267340177,1000,4,"SSP3-7.0"
"CR-Kp","ssp370","Tropical Zone",2043,23.9871815859963,20.9449930479838,26.9005367421998,1000,4,"SSP3-7.0"
"CR-Kp","ssp370","Tropical Zone",2044,24.222439146883,21.2027316110177,27.1818421191026,1000,4,"SSP3-7.0"
"CR-Kp","ssp370","Tropical Zone",2045,24.4716299427678,21.3874944312261,27.3912950200391,1000,4,"SSP3-7.0"
"CR-Kp","ssp370","Tropical Zone",2046,24.7129787305728,21.5641420036068,27.7291726172823,1000,4,"SSP3-7.0"
"CR-Kp","ssp370","Tropical Zone",2047,24.9609869774989,21.7052443988483,28.0493460860724,1000,4,"SSP3-7.0"
"CR-Kp","ssp370","Tropical Zone",2048,25.2014798063953,21.8103480890132,28.4082477370169,1000,4,"SSP3-7.0"
"CR-Kp","ssp370","Tropical Zone",2049,25.4359088649836,22.0635449657703,28.5934415091382,1000,4,"SSP3-7.0"
"CR-Kp","ssp370","Tropical Zone",2050,25.6717610795835,22.2466130224794,28.9094479406643,1000,4,"SSP3-7.0"
"CR-Kp","ssp370","Tropical Zone",2051,25.9243770952205,22.3542896780406,29.2174877244852,1000,4,"SSP3-7.0"
"CR-Kp","ssp370","Tropical Zone",2052,26.1823441985723,22.5502987038172,29.5213103633757,1000,4,"SSP3-7.0"
"CR-Kp","ssp370","Tropical Zone",2053,26.4413624504868,22.7830590657654,29.8267817497132,1000,4,"SSP3-7.0"
"CR-Kp","ssp370","Tropical Zone",2054,26.6939287403186,22.99352826537,30.0034941352984,1000,4,"SSP3-7.0"
"CR-Kp","ssp370","Tropical Zone",2055,26.94323254971,23.182744047837,30.2096482039283,1000,4,"SSP3-7.0"
"CR-Kp","ssp370","Tropical Zone",2056,27.2181526068559,23.4038295208862,30.4826091277278,1000,4,"SSP3-7.0"
"CR-Kp","ssp370","Tropical Zone",2057,27.4857531265727,23.6453089512665,30.8248512507817,1000,4,"SSP3-7.0"
"CR-Kp","ssp370","Tropical Zone",2058,27.7439435020426,23.894623853866,31.1182893460051,1000,4,"SSP3-7.0"
"CR-Kp","ssp370","Tropical Zone",2059,27.9934583086356,24.1433313176523,31.4682175836809,1000,4,"SSP3-7.0"
"CR-Kp","ssp370","Tropical Zone",2060,28.2540946707536,24.3787749631832,31.7825979866392,1000,4,"SSP3-7.0"
"CR-Kp","ssp370","Tropical Zone",2061,28.4918016851761,24.6186842770414,32.030538076581,1000,4,"SSP3-7.0"
"CR-Kp","ssp370","Tropical Zone",2062,28.7035165128112,24.8907889659265,32.3427825645313,1000,4,"SSP3-7.0"
"CR-Kp","ssp370","Tropical Zone",2063,28.8856280383678,24.9843198885216,32.590446526085,1000,4,"SSP3-7.0"
"CR-Kp","ssp370","Tropical Zone",2064,29.0497326596036,25.1937933081397,32.7807731073656,1000,4,"SSP3-7.0"
"CR-Kp","ssp370","Tropical Zone",2065,29.1876893144798,25.3369255623277,33.0338082006821,1000,4,"SSP3-7.0"
"CR-Kp","ssp370","Tropical Zone",2066,29.3002853421974,25.4108724914663,33.1473438216557,1000,4,"SSP3-7.0"
"CR-Kp","ssp370","Tropical Zone",2067,29.4199510716815,25.41155932431,33.2154164870373,1000,4,"SSP3-7.0"
"CR-Kp","ssp370","Tropical Zone",2068,29.5341449649632,25.484056878937,33.3703109251258,1000,4,"SSP3-7.0"
"CR-Kp","ssp370","Tropical Zone",2069,29.6215907352514,25.5542980506998,33.4981672316291,1000,4,"SSP3-7.0"
"CR-Kp","ssp370","Tropical Zone",2070,29.6744577530191,25.4936557832967,33.7920083378496,1000,4,"SSP3-7.0"
"CR-Kp","ssp370","Tropical Zone",2071,29.7205797563712,25.6022637172473,33.7841605677545,1000,4,"SSP3-7.0"
"CR-Kp","ssp370","Tropical Zone",2072,29.798160929572,25.7104801184633,33.8889874085595,1000,4,"SSP3-7.0"
"CR-Kp","ssp370","Tropical Zone",2073,29.842337815807,25.7658116759056,33.8930172816718,1000,4,"SSP3-7.0"
"CR-Kp","ssp370","Tropical Zone",2074,29.8681717754997,25.7054486626819,33.9306548122108,1000,4,"SSP3-7.0"
"CR-Kp","ssp370","Tropical Zone",2075,29.8604308516797,25.6650776396372,33.8938710057058,1000,4,"SSP3-7.0"
"CR-Kp","ssp370","Tropical Zone",2076,29.8894579329589,25.7134776309473,33.9383792615672,1000,4,"SSP3-7.0"
"CR-Kp","ssp370","Tropical Zone",2077,29.9394900969109,25.7609554391535,34.0737286687908,1000,4,"SSP3-7.0"
"CR-Kp","ssp370","Tropical Zone",2078,29.9747699931588,25.7880368582766,34.1222867202267,1000,4,"SSP3-7.0"
"CR-Kp","ssp370","Tropical Zone",2079,30.0035051339847,25.7156333828227,34.2550263548298,1000,4,"SSP3-7.0"
"CR-Kp","ssp370","Tropical Zone",2080,30.0132379046063,25.7140635157882,34.4594352060042,1000,4,"SSP3-7.0"
"CR-Kp","ssp370","Tropical Zone",2081,30.0022048719019,25.7556572136904,34.4079822369261,1000,4,"SSP3-7.0"
"CR-Kp","ssp370","Tropical Zone",2082,29.9768531283747,25.6927075880812,34.2666312274895,1000,4,"SSP3-7.0"
"CR-Kp","ssp370","Tropical Zone",2083,29.9672572870916,25.8102674485676,34.2472134978255,1000,4,"SSP3-7.0"
"CR-Kp","ssp370","Tropical Zone",2084,29.9664306645281,25.7468855613197,34.4079696340129,1000,4,"SSP3-7.0"
"CR-Kp","ssp370","Tropical Zone",2085,29.9573930755293,25.7443928500988,34.3215828627351,1000,4,"SSP3-7.0"
"CR-Kp","ssp370","Tropical Zone",2086,29.9547724347898,25.6293787098308,34.4224307339975,1000,4,"SSP3-7.0"
"CR-Kp","ssp370","Tropical Zone",2087,29.9705404110462,25.6041621868115,34.4207599715324,1000,4,"SSP3-7.0"
"CR-Kp","ssp370","Tropical Zone",2088,29.9764732953983,25.579202060247,34.4836508042255,1000,4,"SSP3-7.0"
"CR-Kp","ssp370","Tropical Zone",2089,29.9296828759215,25.5928863631739,34.3785960344142,1000,4,"SSP3-7.0"
"CR-Kp","ssp370","Tropical Zone",2090,29.9163738676581,25.6100248841689,34.2392680384996,1000,4,"SSP3-7.0"
"CR-Kp","ssp370","Tropical Zone",2091,29.9010521877529,25.7015548611859,34.21136184266,1000,4,"SSP3-7.0"
"CR-Kp","ssp370","Tropical Zone",2092,29.8708739713167,25.6812135451342,34.1594301885982,1000,4,"SSP3-7.0"
"CR-Kp","ssp370","Tropical Zone",2093,29.848960382426,25.6119889430369,34.2084691220024,1000,4,"SSP3-7.0"
"CR-Kp","ssp370","Tropical Zone",2094,29.8215385009595,25.7356892952505,34.2150943012444,1000,4,"SSP3-7.0"
"CR-Kp","ssp370","Tropical Zone",2095,29.814484506854,25.6905301733501,34.1648004309308,1000,4,"SSP3-7.0"
"CR-Kp","ssp370","Tropical Zone",2096,29.8338302395041,25.696644298282,34.2352503859475,1000,4,"SSP3-7.0"
"CR-Kp","ssp370","Tropical Zone",2097,29.8131314018333,25.7936300589229,34.0297956820984,1000,4,"SSP3-7.0"
"CR-Kp","ssp370","Tropical Zone",2098,29.8014863655041,25.7167639980206,33.9676693832549,1000,4,"SSP3-7.0"
"CR-Kp","ssp370","Tropical Zone",2099,29.7945835906946,25.6527059960711,33.9787705220317,1000,4,"SSP3-7.0"
"CR-Kp","ssp370","Tropical Zone",2100,29.7721490210738,25.5621873430374,33.9546742871145,1000,4,"SSP3-7.0"
"CR-Kp","ssp585","Tropical Zone",2020,20.5137953108774,19.8113503468793,21.3962279811653,1000,4,"SSP5-8.5"
"CR-Kp","ssp585","Tropical Zone",2021,20.5819817702001,19.8200904195058,21.4050794788257,1000,4,"SSP5-8.5"
"CR-Kp","ssp585","Tropical Zone",2022,20.5165079291719,19.6288493116079,21.4538569651488,1000,4,"SSP5-8.5"
"CR-Kp","ssp585","Tropical Zone",2023,20.5297347025063,19.4338896950762,21.6774040992153,1000,4,"SSP5-8.5"
"CR-Kp","ssp585","Tropical Zone",2024,20.5730512036944,19.2570675834208,21.9418833332971,1000,4,"SSP5-8.5"
"CR-Kp","ssp585","Tropical Zone",2025,20.6455585779588,19.1128867405037,22.1999683079412,1000,4,"SSP5-8.5"
"CR-Kp","ssp585","Tropical Zone",2026,20.737643848222,18.9663249903893,22.4099104908619,1000,4,"SSP5-8.5"
"CR-Kp","ssp585","Tropical Zone",2027,20.8475817610683,18.8981779567565,22.7330383045186,1000,4,"SSP5-8.5"
"CR-Kp","ssp585","Tropical Zone",2028,20.9702854249598,18.8993028559194,22.985692151416,1000,4,"SSP5-8.5"
"CR-Kp","ssp585","Tropical Zone",2029,21.1127012227027,18.8595395488201,23.2489042647278,1000,4,"SSP5-8.5"
"CR-Kp","ssp585","Tropical Zone",2030,21.2736524068101,18.899455707982,23.5096838457246,1000,4,"SSP5-8.5"
"CR-Kp","ssp585","Tropical Zone",2031,21.445281119281,18.8896907729074,23.8626644297539,1000,4,"SSP5-8.5"
"CR-Kp","ssp585","Tropical Zone",2032,21.6476751588024,19.0487118661655,24.1002473144203,1000,4,"SSP5-8.5"
"CR-Kp","ssp585","Tropical Zone",2033,21.8588162487033,19.123881850898,24.334752356712,1000,4,"SSP5-8.5"
"CR-Kp","ssp585","Tropical Zone",2034,22.0708614080176,19.3203935620779,24.6131624574962,1000,4,"SSP5-8.5"
"CR-Kp","ssp585","Tropical Zone",2035,22.2949527837992,19.5476440712064,24.8822312628472,1000,4,"SSP5-8.5"
"CR-Kp","ssp585","Tropical Zone",2036,22.5280477807485,19.747323981664,25.1975833555604,1000,4,"SSP5-8.5"
"CR-Kp","ssp585","Tropical Zone",2037,22.7573756321973,19.8343242632376,25.5514442346538,1000,4,"SSP5-8.5"
"CR-Kp","ssp585","Tropical Zone",2038,22.9862342352478,19.9830904776229,25.7915550007327,1000,4,"SSP5-8.5"
"CR-Kp","ssp585","Tropical Zone",2039,23.2289660032847,20.1878502733965,26.1524125230726,1000,4,"SSP5-8.5"
"CR-Kp","ssp585","Tropical Zone",2040,23.4736224652049,20.3573051687813,26.3884645425115,1000,4,"SSP5-8.5"
"CR-Kp","ssp585","Tropical Zone",2041,23.7163593673607,20.5015898917989,26.5500231258517,1000,4,"SSP5-8.5"
"CR-Kp","ssp585","Tropical Zone",2042,23.9764361334226,20.6970103651913,26.8704425005712,1000,4,"SSP5-8.5"
"CR-Kp","ssp585","Tropical Zone",2043,24.2250855690289,20.9803986098048,27.2095131986205,1000,4,"SSP5-8.5"
"CR-Kp","ssp585","Tropical Zone",2044,24.4568263500431,21.1823722389131,27.4679101677731,1000,4,"SSP5-8.5"
"CR-Kp","ssp585","Tropical Zone",2045,24.687619942582,21.4022791720493,27.7988000371006,1000,4,"SSP5-8.5"
"CR-Kp","ssp585","Tropical Zone",2046,24.922935375258,21.6764489102252,28.1045387318072,1000,4,"SSP5-8.5"
"CR-Kp","ssp585","Tropical Zone",2047,25.1589030725509,21.9110311857376,28.3623757907866,1000,4,"SSP5-8.5"
"CR-Kp","ssp585","Tropical Zone",2048,25.4095825001702,22.0797160170924,28.7005258421336,1000,4,"SSP5-8.5"
"CR-Kp","ssp585","Tropical Zone",2049,25.6366151560714,22.277585727169,29.0716905562145,1000,4,"SSP5-8.5"
"CR-Kp","ssp585","Tropical Zone",2050,25.8726880549412,22.4573933540783,29.4229390581427,1000,4,"SSP5-8.5"
"CR-Kp","ssp585","Tropical Zone",2051,26.1204380353139,22.7200903523848,29.6064567486611,1000,4,"SSP5-8.5"
"CR-Kp","ssp585","Tropical Zone",2052,26.3824156514571,22.9190090277832,29.9168372479442,1000,4,"SSP5-8.5"
"CR-Kp","ssp585","Tropical Zone",2053,26.6540874023234,23.0648814723335,30.2248146379419,1000,4,"SSP5-8.5"
"CR-Kp","ssp585","Tropical Zone",2054,26.9196346479461,23.3369409345884,30.4794586735693,1000,4,"SSP5-8.5"
"CR-Kp","ssp585","Tropical Zone",2055,27.1900601204618,23.5440559850769,30.8493837038054,1000,4,"SSP5-8.5"
"CR-Kp","ssp585","Tropical Zone",2056,27.4437012806087,23.7448385883792,31.1164810333983,1000,4,"SSP5-8.5"
"CR-Kp","ssp585","Tropical Zone",2057,27.6958793812747,23.9000639536341,31.4054421710749,1000,4,"SSP5-8.5"
"CR-Kp","ssp585","Tropical Zone",2058,27.9582633930453,24.2067339644362,31.6954614111606,1000,4,"SSP5-8.5"
"CR-Kp","ssp585","Tropical Zone",2059,28.2348726127506,24.4221581857663,32.0059086404509,1000,4,"SSP5-8.5"
"CR-Kp","ssp585","Tropical Zone",2060,28.5134853812214,24.6033680009938,32.394622647245,1000,4,"SSP5-8.5"
"CR-Kp","ssp585","Tropical Zone",2061,28.758475292385,24.7234078446514,32.8749987702735,1000,4,"SSP5-8.5"
"CR-Kp","ssp585","Tropical Zone",2062,28.9809325857221,24.8573829715681,33.0763180047164,1000,4,"SSP5-8.5"
"CR-Kp","ssp585","Tropical Zone",2063,29.1891673886979,25.0358281562085,33.3225404904704,1000,4,"SSP5-8.5"
"CR-Kp","ssp585","Tropical Zone",2064,29.3524158322591,25.1233289451483,33.5695354514033,1000,4,"SSP5-8.5"
"CR-Kp","ssp585","Tropical Zone",2065,29.5116044089722,25.3416903121388,33.6385596976713,1000,4,"SSP5-8.5"
"CR-Kp","ssp585","Tropical Zone",2066,29.6742403587917,25.5063657944226,33.7672984088818,1000,4,"SSP5-8.5"
"CR-Kp","ssp585","Tropical Zone",2067,29.7919185539607,25.6444106494057,33.8517730020806,1000,4,"SSP5-8.5"
"CR-Kp","ssp585","Tropical Zone",2068,29.8621651805657,25.621808605914,33.8931943253515,1000,4,"SSP5-8.5"
"CR-Kp","ssp585","Tropical Zone",2069,29.9071081820926,25.5912860096901,34.0302605985907,1000,4,"SSP5-8.5"
"CR-Kp","ssp585","Tropical Zone",2070,29.9579913356582,25.695093286467,34.0853403837655,1000,4,"SSP5-8.5"
"CR-Kp","ssp585","Tropical Zone",2071,29.9875989960402,25.776056111478,34.1293586324892,1000,4,"SSP5-8.5"
"CR-Kp","ssp585","Tropical Zone",2072,30.0257853166894,25.7779803051525,34.1816457970813,1000,4,"SSP5-8.5"
"CR-Kp","ssp585","Tropical Zone",2073,30.0806002993432,25.8823517123982,34.2417402908875,1000,4,"SSP5-8.5"
"CR-Kp","ssp585","Tropical Zone",2074,30.0937694336096,25.8567401658344,34.4727039836944,1000,4,"SSP5-8.5"
"CR-Kp","ssp585","Tropical Zone",2075,30.1176075421943,25.9667982012713,34.4093293213329,1000,4,"SSP5-8.5"
"CR-Kp","ssp585","Tropical Zone",2076,30.0995397383458,25.7767369125934,34.4539902296022,1000,4,"SSP5-8.5"
"CR-Kp","ssp585","Tropical Zone",2077,30.1154596665004,25.7899275446881,34.4931714213088,1000,4,"SSP5-8.5"
"CR-Kp","ssp585","Tropical Zone",2078,30.1543657849372,25.8044778625124,34.5700211578984,1000,4,"SSP5-8.5"
"CR-Kp","ssp585","Tropical Zone",2079,30.1862409453268,25.8819281709795,34.5966618338736,1000,4,"SSP5-8.5"
"CR-Kp","ssp585","Tropical Zone",2080,30.2272807881006,25.8720837024858,34.6561956497524,1000,4,"SSP5-8.5"
"CR-Kp","ssp585","Tropical Zone",2081,30.2036509962966,25.8872365420126,34.5311409635576,1000,4,"SSP5-8.5"
"CR-Kp","ssp585","Tropical Zone",2082,30.1624849096836,25.7882981685407,34.4905813067921,1000,4,"SSP5-8.5"
"CR-Kp","ssp585","Tropical Zone",2083,30.1378581895646,25.6987610545142,34.4727301313314,1000,4,"SSP5-8.5"
"CR-Kp","ssp585","Tropical Zone",2084,30.1414555886717,25.7369462265903,34.3039993666971,1000,4,"SSP5-8.5"
"CR-Kp","ssp585","Tropical Zone",2085,30.1341731629625,25.658004247223,34.2777162322534,1000,4,"SSP5-8.5"
"CR-Kp","ssp585","Tropical Zone",2086,30.0851835632245,25.6282749039054,34.2441957110187,1000,4,"SSP5-8.5"
"CR-Kp","ssp585","Tropical Zone",2087,30.044930212863,25.4925938713625,34.2163244985798,1000,4,"SSP5-8.5"
"CR-Kp","ssp585","Tropical Zone",2088,30.0259496752532,25.4682561383487,34.0982631190733,1000,4,"SSP5-8.5"
"CR-Kp","ssp585","Tropical Zone",2089,30.0207086600348,25.530327461149,34.096246269906,1000,4,"SSP5-8.5"
"CR-Kp","ssp585","Tropical Zone",2090,30.0066670643617,25.627685350061,34.0769822360663,1000,4,"SSP5-8.5"
"CR-Kp","ssp585","Tropical Zone",2091,29.9863898481652,25.5642537126751,34.1095869411747,1000,4,"SSP5-8.5"
"CR-Kp","ssp585","Tropical Zone",2092,29.9769229024617,25.5611579377036,34.152581202644,1000,4,"SSP5-8.5"
"CR-Kp","ssp585","Tropical Zone",2093,29.971316825025,25.5626361217375,34.1335431046528,1000,4,"SSP5-8.5"
"CR-Kp","ssp585","Tropical Zone",2094,29.9558774921021,25.5353107543633,34.0585920268412,1000,4,"SSP5-8.5"
"CR-Kp","ssp585","Tropical Zone",2095,29.9189554643678,25.4611897302484,34.0994454829673,1000,4,"SSP5-8.5"
"CR-Kp","ssp585","Tropical Zone",2096,29.9092094601917,25.5835447445553,34.0623412118771,1000,4,"SSP5-8.5"
"CR-Kp","ssp585","Tropical Zone",2097,29.8947413655454,25.6584188310978,34.042336459353,1000,4,"SSP5-8.5"
"CR-Kp","ssp585","Tropical Zone",2098,29.9166211230751,25.6595901587163,34.272957105863,1000,4,"SSP5-8.5"
"CR-Kp","ssp585","Tropical Zone",2099,29.8794795551821,25.7269721884869,34.2276432653935,1000,4,"SSP5-8.5"
"CR-Kp","ssp585","Tropical Zone",2100,29.8854253268362,25.7986163632042,34.2210566424217,1000,4,"SSP5-8.5"
"CR-Pa","ssp126","Tropical Zone",2020,31.935138304294,31.8161501507998,32.038015272653,1000,4,"SSP1-2.6"
"CR-Pa","ssp126","Tropical Zone",2021,34.3476721867283,33.7953392737567,34.9106970228176,1000,4,"SSP1-2.6"
"CR-Pa","ssp126","Tropical Zone",2022,36.1152131077259,35.0173681912162,37.2400164426159,1000,4,"SSP1-2.6"
"CR-Pa","ssp126","Tropical Zone",2023,37.5792949504349,36.1666193422396,39.1428104440028,1000,4,"SSP1-2.6"
"CR-Pa","ssp126","Tropical Zone",2024,38.7933711595094,37.0132057076891,40.8252150639317,1000,4,"SSP1-2.6"
"CR-Pa","ssp126","Tropical Zone",2025,39.6299368985868,37.5332652875722,42.0019624836388,1000,4,"SSP1-2.6"
"CR-Pa","ssp126","Tropical Zone",2026,40.1166994667626,37.7706939055057,42.6914158753957,1000,4,"SSP1-2.6"
"CR-Pa","ssp126","Tropical Zone",2027,40.482026169608,37.9653080518482,43.2147601826788,1000,4,"SSP1-2.6"
"CR-Pa","ssp126","Tropical Zone",2028,40.7380772715261,38.2601581364545,43.5372091145081,1000,4,"SSP1-2.6"
"CR-Pa","ssp126","Tropical Zone",2029,41.1428511399237,38.5875563132598,44.020099887099,1000,4,"SSP1-2.6"
"CR-Pa","ssp126","Tropical Zone",2030,41.4153249980884,38.8106138475727,44.1729531156538,1000,4,"SSP1-2.6"
"CR-Pa","ssp126","Tropical Zone",2031,41.4939187142005,38.8395978875229,44.4012781774208,1000,4,"SSP1-2.6"
"CR-Pa","ssp126","Tropical Zone",2032,41.4969849361116,38.666665776881,44.4805750167307,1000,4,"SSP1-2.6"
"CR-Pa","ssp126","Tropical Zone",2033,41.5097142875325,38.6300964966963,44.3420977585408,1000,4,"SSP1-2.6"
"CR-Pa","ssp126","Tropical Zone",2034,41.6361382461856,38.76547645036,44.6133825060948,1000,4,"SSP1-2.6"
"CR-Pa","ssp126","Tropical Zone",2035,41.7824165156675,38.8950169098321,44.4917991619734,1000,4,"SSP1-2.6"
"CR-Pa","ssp126","Tropical Zone",2036,41.8984805049055,39.2062462107986,44.6363742517276,1000,4,"SSP1-2.6"
"CR-Pa","ssp126","Tropical Zone",2037,42.0059506355128,39.2713369123392,44.8328108754204,1000,4,"SSP1-2.6"
"CR-Pa","ssp126","Tropical Zone",2038,41.9219513689808,39.1230841761509,44.8390813188632,1000,4,"SSP1-2.6"
"CR-Pa","ssp126","Tropical Zone",2039,41.6023660674166,38.7132203986281,44.6708554602052,1000,4,"SSP1-2.6"
"CR-Pa","ssp126","Tropical Zone",2040,41.6458549604108,38.6970315144437,44.7246836548399,1000,4,"SSP1-2.6"
"CR-Pa","ssp126","Tropical Zone",2041,41.7908346774989,38.9185412589955,44.665988126799,1000,4,"SSP1-2.6"
"CR-Pa","ssp126","Tropical Zone",2042,41.9605674080633,39.1653435512432,44.9110910547266,1000,4,"SSP1-2.6"
"CR-Pa","ssp126","Tropical Zone",2043,42.0357948781608,39.2861112112395,44.9334725132912,1000,4,"SSP1-2.6"
"CR-Pa","ssp126","Tropical Zone",2044,41.9270696230295,39.2835343025877,44.5700463304227,1000,4,"SSP1-2.6"
"CR-Pa","ssp126","Tropical Zone",2045,41.8598108275516,39.2283708669348,44.5722651330661,1000,4,"SSP1-2.6"
"CR-Pa","ssp126","Tropical Zone",2046,42.0899409558584,39.4417092785869,44.8395383424195,1000,4,"SSP1-2.6"
"CR-Pa","ssp126","Tropical Zone",2047,42.1042146875096,39.361871324559,45.0605684230396,1000,4,"SSP1-2.6"
"CR-Pa","ssp126","Tropical Zone",2048,42.1377021923229,39.3523251640154,45.0417368971713,1000,4,"SSP1-2.6"
"CR-Pa","ssp126","Tropical Zone",2049,42.244801928946,39.4711798971827,45.1666469680043,1000,4,"SSP1-2.6"
"CR-Pa","ssp126","Tropical Zone",2050,42.255795614521,39.5486987297961,45.1195008287014,1000,4,"SSP1-2.6"
"CR-Pa","ssp126","Tropical Zone",2051,42.216812047412,39.52102162506,45.0404311339511,1000,4,"SSP1-2.6"
"CR-Pa","ssp126","Tropical Zone",2052,42.1745142220028,39.4496595783767,44.9928525061214,1000,4,"SSP1-2.6"
"CR-Pa","ssp126","Tropical Zone",2053,42.1423648415865,39.4017358542373,44.9287057773921,1000,4,"SSP1-2.6"
"CR-Pa","ssp126","Tropical Zone",2054,42.3527090258707,39.5885708107242,45.2747317263463,1000,4,"SSP1-2.6"
"CR-Pa","ssp126","Tropical Zone",2055,42.3782416423914,39.6315252110569,45.3769475584313,1000,4,"SSP1-2.6"
"CR-Pa","ssp126","Tropical Zone",2056,42.4068652643995,39.6755608368036,45.3008694018611,1000,4,"SSP1-2.6"
"CR-Pa","ssp126","Tropical Zone",2057,42.5505913415875,39.7736138170979,45.4375021081206,1000,4,"SSP1-2.6"
"CR-Pa","ssp126","Tropical Zone",2058,42.4722733804634,39.6192856439901,45.4292069681964,1000,4,"SSP1-2.6"
"CR-Pa","ssp126","Tropical Zone",2059,42.432260871262,39.501115015096,45.4501070578778,1000,4,"SSP1-2.6"
"CR-Pa","ssp126","Tropical Zone",2060,42.6409094565491,39.7369946274012,45.8494595937078,1000,4,"SSP1-2.6"
"CR-Pa","ssp126","Tropical Zone",2061,42.7002940660156,39.7580466217405,45.7822343169688,1000,4,"SSP1-2.6"
"CR-Pa","ssp126","Tropical Zone",2062,42.5636355132571,39.6613434381652,45.6027175883507,1000,4,"SSP1-2.6"
"CR-Pa","ssp126","Tropical Zone",2063,42.4768723427241,39.6853850952329,45.3864357995882,1000,4,"SSP1-2.6"
"CR-Pa","ssp126","Tropical Zone",2064,42.428298964522,39.4782113014194,45.3398605908839,1000,4,"SSP1-2.6"
"CR-Pa","ssp126","Tropical Zone",2065,42.5066981937332,39.5077149016849,45.5174222579704,1000,4,"SSP1-2.6"
"CR-Pa","ssp126","Tropical Zone",2066,42.5396341626983,39.5361462805897,45.598910974556,1000,4,"SSP1-2.6"
"CR-Pa","ssp126","Tropical Zone",2067,42.5484794247547,39.6886829679552,45.4493329730022,1000,4,"SSP1-2.6"
"CR-Pa","ssp126","Tropical Zone",2068,42.4531347786885,39.5325938515206,45.2710358785037,1000,4,"SSP1-2.6"
"CR-Pa","ssp126","Tropical Zone",2069,42.2790328391749,39.2753241958676,45.194178375323,1000,4,"SSP1-2.6"
"CR-Pa","ssp126","Tropical Zone",2070,42.3573101382812,39.4424596359611,45.0961623382424,1000,4,"SSP1-2.6"
"CR-Pa","ssp126","Tropical Zone",2071,42.2600893055519,39.5407532738755,44.8990907426926,1000,4,"SSP1-2.6"
"CR-Pa","ssp126","Tropical Zone",2072,42.2381948845093,39.3756244404408,44.9356934615158,1000,4,"SSP1-2.6"
"CR-Pa","ssp126","Tropical Zone",2073,42.4263260130591,39.6057955097779,45.0514179759003,1000,4,"SSP1-2.6"
"CR-Pa","ssp126","Tropical Zone",2074,42.4055736834028,39.4568905634194,45.0994144843959,1000,4,"SSP1-2.6"
"CR-Pa","ssp126","Tropical Zone",2075,42.3255542194453,39.328626589543,45.1108985186814,1000,4,"SSP1-2.6"
"CR-Pa","ssp126","Tropical Zone",2076,42.2411484381779,39.4818439338083,45.0011233665367,1000,4,"SSP1-2.6"
"CR-Pa","ssp126","Tropical Zone",2077,42.2468806041781,39.4928928053923,45.0757542619056,1000,4,"SSP1-2.6"
"CR-Pa","ssp126","Tropical Zone",2078,42.2432626608543,39.5020269668061,45.1153408978437,1000,4,"SSP1-2.6"
"CR-Pa","ssp126","Tropical Zone",2079,42.0468954410874,39.3009887317371,44.9375140295117,1000,4,"SSP1-2.6"
"CR-Pa","ssp126","Tropical Zone",2080,41.8925230248167,39.2672327835068,44.6319498031807,1000,4,"SSP1-2.6"
"CR-Pa","ssp126","Tropical Zone",2081,42.032108846921,39.4574018456204,44.7095374812019,1000,4,"SSP1-2.6"
"CR-Pa","ssp126","Tropical Zone",2082,42.02855847915,39.4811875524715,44.6462556694078,1000,4,"SSP1-2.6"
"CR-Pa","ssp126","Tropical Zone",2083,41.9895057515386,39.4460722458169,44.6648356067933,1000,4,"SSP1-2.6"
"CR-Pa","ssp126","Tropical Zone",2084,41.8332257161394,39.2701399538387,44.4743197499166,1000,4,"SSP1-2.6"
"CR-Pa","ssp126","Tropical Zone",2085,41.8442214608157,39.2394862439232,44.3821718479686,1000,4,"SSP1-2.6"
"CR-Pa","ssp126","Tropical Zone",2086,41.8633300329473,39.0997533419084,44.5285878012218,1000,4,"SSP1-2.6"
"CR-Pa","ssp126","Tropical Zone",2087,41.9689381279181,39.2465453630092,44.7504125480915,1000,4,"SSP1-2.6"
"CR-Pa","ssp126","Tropical Zone",2088,41.8596609703914,39.152102269854,44.7297610289667,1000,4,"SSP1-2.6"
"CR-Pa","ssp126","Tropical Zone",2089,41.9694934212586,39.2518469242803,44.8560211388982,1000,4,"SSP1-2.6"
"CR-Pa","ssp126","Tropical Zone",2090,42.0333116389882,39.3622334157574,44.8078658217018,1000,4,"SSP1-2.6"
"CR-Pa","ssp126","Tropical Zone",2091,41.9325416287311,39.1917158278007,44.6462729470441,1000,4,"SSP1-2.6"
"CR-Pa","ssp126","Tropical Zone",2092,41.8992441734334,39.1222656520227,44.6876266381836,1000,4,"SSP1-2.6"
"CR-Pa","ssp126","Tropical Zone",2093,41.8454507531323,39.1231357293085,44.5923699496692,1000,4,"SSP1-2.6"
"CR-Pa","ssp126","Tropical Zone",2094,41.8082529950587,38.9889269360367,44.7158665327629,1000,4,"SSP1-2.6"
"CR-Pa","ssp126","Tropical Zone",2095,41.7611749175321,38.8722534074583,44.5680630145481,1000,4,"SSP1-2.6"
"CR-Pa","ssp126","Tropical Zone",2096,41.7612533803552,38.942678690211,44.7768704025907,1000,4,"SSP1-2.6"
"CR-Pa","ssp126","Tropical Zone",2097,41.8329961790898,39.1058357665219,44.9004451434446,1000,4,"SSP1-2.6"
"CR-Pa","ssp126","Tropical Zone",2098,41.9322686113802,39.1849999552141,44.8916910432542,1000,4,"SSP1-2.6"
"CR-Pa","ssp126","Tropical Zone",2099,41.9792632906994,39.3995096588411,44.8019070226383,1000,4,"SSP1-2.6"
"CR-Pa","ssp126","Tropical Zone",2100,41.8888858763896,39.2108996984375,44.7834697242161,1000,4,"SSP1-2.6"
"CR-Pa","ssp245","Tropical Zone",2020,32.1160916309687,31.9770712111418,32.2475024654555,1000,4,"SSP2-4.5"
"CR-Pa","ssp245","Tropical Zone",2021,34.7495324922876,34.1111609118288,35.425519571721,1000,4,"SSP2-4.5"
"CR-Pa","ssp245","Tropical Zone",2022,36.9408318191391,35.6639218855619,38.2640008229248,1000,4,"SSP2-4.5"
"CR-Pa","ssp245","Tropical Zone",2023,38.6151628474428,36.9316711096197,40.3865622731615,1000,4,"SSP2-4.5"
"CR-Pa","ssp245","Tropical Zone",2024,39.5844655461283,37.651267861729,41.6282479249896,1000,4,"SSP2-4.5"
"CR-Pa","ssp245","Tropical Zone",2025,40.2827973226468,38.256356559281,42.484601445889,1000,4,"SSP2-4.5"
"CR-Pa","ssp245","Tropical Zone",2026,40.7978431968857,38.7406110102192,43.0452770705494,1000,4,"SSP2-4.5"
"CR-Pa","ssp245","Tropical Zone",2027,41.3509475124987,39.2545848802537,43.6168037545217,1000,4,"SSP2-4.5"
"CR-Pa","ssp245","Tropical Zone",2028,41.7468592941006,39.5355164826689,43.941231397368,1000,4,"SSP2-4.5"
"CR-Pa","ssp245","Tropical Zone",2029,42.1076212462011,39.8373839229645,44.1828745226136,1000,4,"SSP2-4.5"
"CR-Pa","ssp245","Tropical Zone",2030,42.1704882627,39.8605541157272,44.4104509741809,1000,4,"SSP2-4.5"
"CR-Pa","ssp245","Tropical Zone",2031,42.0574471999074,39.5589936296109,44.5121012536616,1000,4,"SSP2-4.5"
"CR-Pa","ssp245","Tropical Zone",2032,42.2737163130086,39.8726757159227,44.6906427380036,1000,4,"SSP2-4.5"
"CR-Pa","ssp245","Tropical Zone",2033,42.4058369402019,40.0017684035269,44.8540795010499,1000,4,"SSP2-4.5"
"CR-Pa","ssp245","Tropical Zone",2034,42.3859687903394,40.017240230394,44.7577197182643,1000,4,"SSP2-4.5"
"CR-Pa","ssp245","Tropical Zone",2035,42.458893884502,40.0114860793332,45.0187660703257,1000,4,"SSP2-4.5"
"CR-Pa","ssp245","Tropical Zone",2036,42.4953129490913,39.9961537924236,45.1761243825809,1000,4,"SSP2-4.5"
"CR-Pa","ssp245","Tropical Zone",2037,42.6441012817663,40.2523802299229,45.2143722313234,1000,4,"SSP2-4.5"
"CR-Pa","ssp245","Tropical Zone",2038,42.8007938528042,40.3265500885337,45.2822486757246,1000,4,"SSP2-4.5"
"CR-Pa","ssp245","Tropical Zone",2039,42.7654881636451,40.3361967236177,45.367353169444,1000,4,"SSP2-4.5"
"CR-Pa","ssp245","Tropical Zone",2040,42.605473029622,40.1187954660049,45.4211070447494,1000,4,"SSP2-4.5"
"CR-Pa","ssp245","Tropical Zone",2041,42.6707985303704,40.1842746023676,45.4156865262546,1000,4,"SSP2-4.5"
"CR-Pa","ssp245","Tropical Zone",2042,42.962977012419,40.4004870365979,45.5714316036982,1000,4,"SSP2-4.5"
"CR-Pa","ssp245","Tropical Zone",2043,43.1362486547286,40.6899242739842,45.7169069316805,1000,4,"SSP2-4.5"
"CR-Pa","ssp245","Tropical Zone",2044,43.2986761070892,40.8876385093674,45.8830912758786,1000,4,"SSP2-4.5"
"CR-Pa","ssp245","Tropical Zone",2045,43.2392246824303,40.7103653305294,45.9360666116321,1000,4,"SSP2-4.5"
"CR-Pa","ssp245","Tropical Zone",2046,42.963785104682,40.2951545293589,45.669698360481,1000,4,"SSP2-4.5"
"CR-Pa","ssp245","Tropical Zone",2047,43.11215050342,40.423699512602,45.8926863497776,1000,4,"SSP2-4.5"
"CR-Pa","ssp245","Tropical Zone",2048,43.3216898308316,40.7058860777286,45.9041135605096,1000,4,"SSP2-4.5"
"CR-Pa","ssp245","Tropical Zone",2049,43.2584058694301,40.5910591338935,45.8052129199644,1000,4,"SSP2-4.5"
"CR-Pa","ssp245","Tropical Zone",2050,43.1275664876468,40.4205965105917,45.7016889071234,1000,4,"SSP2-4.5"
"CR-Pa","ssp245","Tropical Zone",2051,42.9621743573365,40.1472019662284,45.568352538753,1000,4,"SSP2-4.5"
"CR-Pa","ssp245","Tropical Zone",2052,43.1887805497434,40.5059538018564,45.7387147484913,1000,4,"SSP2-4.5"
"CR-Pa","ssp245","Tropical Zone",2053,43.3017265867478,40.6474434842423,45.905571506186,1000,4,"SSP2-4.5"
"CR-Pa","ssp245","Tropical Zone",2054,43.2339568082259,40.4723913716739,45.7873844826343,1000,4,"SSP2-4.5"
"CR-Pa","ssp245","Tropical Zone",2055,43.2335615936213,40.711628296473,45.7517577101424,1000,4,"SSP2-4.5"
"CR-Pa","ssp245","Tropical Zone",2056,43.4301166028418,40.9304372692407,46.1272342896819,1000,4,"SSP2-4.5"
"CR-Pa","ssp245","Tropical Zone",2057,43.494713633119,40.971534010686,46.0260939243059,1000,4,"SSP2-4.5"
"CR-Pa","ssp245","Tropical Zone",2058,43.5274093232843,40.9993672181776,45.8921254841267,1000,4,"SSP2-4.5"
"CR-Pa","ssp245","Tropical Zone",2059,43.4000120079327,40.7844190460146,45.9362940111146,1000,4,"SSP2-4.5"
"CR-Pa","ssp245","Tropical Zone",2060,43.6495537072857,41.0004746737863,46.2081457879714,1000,4,"SSP2-4.5"
"CR-Pa","ssp245","Tropical Zone",2061,43.6414420868339,40.9883207689928,46.2465867700526,1000,4,"SSP2-4.5"
"CR-Pa","ssp245","Tropical Zone",2062,43.5521712637186,40.8540639626282,46.205039345331,1000,4,"SSP2-4.5"
"CR-Pa","ssp245","Tropical Zone",2063,43.4790816474013,40.7207712552619,46.2251995048699,1000,4,"SSP2-4.5"
"CR-Pa","ssp245","Tropical Zone",2064,43.5890736664267,40.7739473465883,46.404886199967,1000,4,"SSP2-4.5"
"CR-Pa","ssp245","Tropical Zone",2065,43.6058487501679,40.8496073310129,46.3845148977503,1000,4,"SSP2-4.5"
"CR-Pa","ssp245","Tropical Zone",2066,43.6018188340114,40.993206408995,46.4106259273436,1000,4,"SSP2-4.5"
"CR-Pa","ssp245","Tropical Zone",2067,43.5369534323778,40.8134679415747,46.289416551814,1000,4,"SSP2-4.5"
"CR-Pa","ssp245","Tropical Zone",2068,43.3844150195553,40.7173163779413,46.203909255066,1000,4,"SSP2-4.5"
"CR-Pa","ssp245","Tropical Zone",2069,43.3163742277576,40.6285246121298,46.2454308177452,1000,4,"SSP2-4.5"
"CR-Pa","ssp245","Tropical Zone",2070,43.1712431130037,40.4739647148309,46.0471631293561,1000,4,"SSP2-4.5"
"CR-Pa","ssp245","Tropical Zone",2071,43.2853500490051,40.5525050822301,46.1523840985142,1000,4,"SSP2-4.5"
"CR-Pa","ssp245","Tropical Zone",2072,43.4147632621146,40.7719576071584,46.2869449646105,1000,4,"SSP2-4.5"
"CR-Pa","ssp245","Tropical Zone",2073,43.4742393957596,40.7756062841986,46.4443656528494,1000,4,"SSP2-4.5"
"CR-Pa","ssp245","Tropical Zone",2074,43.2061888146545,40.5134874904214,46.0503418841517,1000,4,"SSP2-4.5"
"CR-Pa","ssp245","Tropical Zone",2075,43.084270955742,40.4863275609115,45.9760904824433,1000,4,"SSP2-4.5"
"CR-Pa","ssp245","Tropical Zone",2076,43.2267676155041,40.5517000791617,46.0404027306796,1000,4,"SSP2-4.5"
"CR-Pa","ssp245","Tropical Zone",2077,43.3007252868246,40.518681848137,45.9811903747701,1000,4,"SSP2-4.5"
"CR-Pa","ssp245","Tropical Zone",2078,43.2181315918334,40.4681972245516,45.8515359450661,1000,4,"SSP2-4.5"
"CR-Pa","ssp245","Tropical Zone",2079,43.1480956673687,40.6326291188736,45.7478378558773,1000,4,"SSP2-4.5"
"CR-Pa","ssp245","Tropical Zone",2080,43.1276934117641,40.4489188512425,45.7538428824871,1000,4,"SSP2-4.5"
"CR-Pa","ssp245","Tropical Zone",2081,43.237151599071,40.6902026926219,45.8906597550356,1000,4,"SSP2-4.5"
"CR-Pa","ssp245","Tropical Zone",2082,43.2728083170574,40.6716346798522,45.9696482342126,1000,4,"SSP2-4.5"
"CR-Pa","ssp245","Tropical Zone",2083,43.0821822644594,40.3993256797218,45.9002835091522,1000,4,"SSP2-4.5"
"CR-Pa","ssp245","Tropical Zone",2084,42.8343107082886,40.1132480214823,45.7135420279559,1000,4,"SSP2-4.5"
"CR-Pa","ssp245","Tropical Zone",2085,42.8108166821473,40.1260829321801,45.6141796661024,1000,4,"SSP2-4.5"
"CR-Pa","ssp245","Tropical Zone",2086,42.9890036590297,40.4055622447067,45.7908865731918,1000,4,"SSP2-4.5"
"CR-Pa","ssp245","Tropical Zone",2087,42.9578200061441,40.334276550242,45.6411614674917,1000,4,"SSP2-4.5"
"CR-Pa","ssp245","Tropical Zone",2088,42.9113119120151,40.3753169347827,45.6266571318564,1000,4,"SSP2-4.5"
"CR-Pa","ssp245","Tropical Zone",2089,42.8235084433551,40.1883832548479,45.6879660023446,1000,4,"SSP2-4.5"
"CR-Pa","ssp245","Tropical Zone",2090,42.7928669507653,40.1549781436707,45.5366417514544,1000,4,"SSP2-4.5"
"CR-Pa","ssp245","Tropical Zone",2091,42.8738584959439,40.2813869451308,45.6284745262022,1000,4,"SSP2-4.5"
"CR-Pa","ssp245","Tropical Zone",2092,42.8685871797839,40.1364013818648,45.6072453560819,1000,4,"SSP2-4.5"
"CR-Pa","ssp245","Tropical Zone",2093,42.7620880477689,39.923285691816,45.7074823257182,1000,4,"SSP2-4.5"
"CR-Pa","ssp245","Tropical Zone",2094,42.6828814816586,39.9223153767157,45.4867573690332,1000,4,"SSP2-4.5"
"CR-Pa","ssp245","Tropical Zone",2095,42.6726458583557,39.9597119176479,45.4205746604468,1000,4,"SSP2-4.5"
"CR-Pa","ssp245","Tropical Zone",2096,42.5732050740216,39.8333653890555,45.3246319584658,1000,4,"SSP2-4.5"
"CR-Pa","ssp245","Tropical Zone",2097,42.5628790667671,39.8407097632763,45.3711450877952,1000,4,"SSP2-4.5"
"CR-Pa","ssp245","Tropical Zone",2098,42.7980331506338,40.0651208238502,45.5621423819901,1000,4,"SSP2-4.5"
"CR-Pa","ssp245","Tropical Zone",2099,43.0167124936768,40.2512144627123,45.8622457426665,1000,4,"SSP2-4.5"
"CR-Pa","ssp245","Tropical Zone",2100,42.8921525858899,40.1775570910559,45.6567011047294,1000,4,"SSP2-4.5"
"CR-Pa","ssp370","Tropical Zone",2020,31.8495994492793,31.7909211836026,31.9131761658051,1000,4,"SSP3-7.0"
"CR-Pa","ssp370","Tropical Zone",2021,34.8001116158807,34.060073357497,35.5099610543847,1000,4,"SSP3-7.0"
"CR-Pa","ssp370","Tropical Zone",2022,37.3014049685849,36.0198311848683,38.5898509515212,1000,4,"SSP3-7.0"
"CR-Pa","ssp370","Tropical Zone",2023,38.856045066731,37.0732271235157,40.6733332916722,1000,4,"SSP3-7.0"
"CR-Pa","ssp370","Tropical Zone",2024,39.8442734276158,37.6028942140777,42.1069626514129,1000,4,"SSP3-7.0"
"CR-Pa","ssp370","Tropical Zone",2025,40.9938003251013,38.5461178827768,43.4372131152419,1000,4,"SSP3-7.0"
"CR-Pa","ssp370","Tropical Zone",2026,41.8770231325361,39.3623040725905,44.4133179779427,1000,4,"SSP3-7.0"
"CR-Pa","ssp370","Tropical Zone",2027,42.450017669388,39.7512173322009,45.2662172166988,1000,4,"SSP3-7.0"
"CR-Pa","ssp370","Tropical Zone",2028,42.5513474211531,39.7027233844477,45.4204861703655,1000,4,"SSP3-7.0"
"CR-Pa","ssp370","Tropical Zone",2029,42.5583695911412,39.5292978821536,45.3592924938335,1000,4,"SSP3-7.0"
"CR-Pa","ssp370","Tropical Zone",2030,42.6977105600133,39.6395383861768,45.4850158071423,1000,4,"SSP3-7.0"
"CR-Pa","ssp370","Tropical Zone",2031,42.9016642025189,39.8819288326788,45.6844316763505,1000,4,"SSP3-7.0"
"CR-Pa","ssp370","Tropical Zone",2032,43.2018731065859,40.1519653228048,46.0907169665463,1000,4,"SSP3-7.0"
"CR-Pa","ssp370","Tropical Zone",2033,43.318027594884,40.2011527849185,46.2953334783376,1000,4,"SSP3-7.0"
"CR-Pa","ssp370","Tropical Zone",2034,43.467765897823,40.3113238189814,46.4818540688789,1000,4,"SSP3-7.0"
"CR-Pa","ssp370","Tropical Zone",2035,43.4683988955,40.3521641497818,46.4372049312879,1000,4,"SSP3-7.0"
"CR-Pa","ssp370","Tropical Zone",2036,43.2618805287679,40.2463152294854,46.2496829555247,1000,4,"SSP3-7.0"
"CR-Pa","ssp370","Tropical Zone",2037,43.2621921994647,40.2086049252326,46.3335562403397,1000,4,"SSP3-7.0"
"CR-Pa","ssp370","Tropical Zone",2038,43.3571001563525,40.4211947084975,46.2601341275972,1000,4,"SSP3-7.0"
"CR-Pa","ssp370","Tropical Zone",2039,43.413875824817,40.4650333875718,46.4211218473373,1000,4,"SSP3-7.0"
"CR-Pa","ssp370","Tropical Zone",2040,43.4975939290232,40.4491893592362,46.6478569368234,1000,4,"SSP3-7.0"
"CR-Pa","ssp370","Tropical Zone",2041,43.6705602018347,40.6200346835177,46.9089310046634,1000,4,"SSP3-7.0"
"CR-Pa","ssp370","Tropical Zone",2042,43.7245778748932,40.6997193841252,46.9112682005966,1000,4,"SSP3-7.0"
"CR-Pa","ssp370","Tropical Zone",2043,43.7263368871401,40.9687595078682,46.5891889818643,1000,4,"SSP3-7.0"
"CR-Pa","ssp370","Tropical Zone",2044,43.6873559631364,40.9761380092163,46.4741225744075,1000,4,"SSP3-7.0"
"CR-Pa","ssp370","Tropical Zone",2045,43.772810664591,40.9476251864096,46.5743814117125,1000,4,"SSP3-7.0"
"CR-Pa","ssp370","Tropical Zone",2046,43.9470531383215,41.2480005690277,46.7769734931726,1000,4,"SSP3-7.0"
"CR-Pa","ssp370","Tropical Zone",2047,43.956857963489,41.2424485565266,46.905687030043,1000,4,"SSP3-7.0"
"CR-Pa","ssp370","Tropical Zone",2048,43.9146589943721,41.2466020131193,46.7855194284953,1000,4,"SSP3-7.0"
"CR-Pa","ssp370","Tropical Zone",2049,43.9575305061115,41.4091290391207,46.8683644420658,1000,4,"SSP3-7.0"
"CR-Pa","ssp370","Tropical Zone",2050,43.9374032992428,41.377867203617,46.7575734114999,1000,4,"SSP3-7.0"
"CR-Pa","ssp370","Tropical Zone",2051,43.9787227142587,41.2126766231964,46.8230107254946,1000,4,"SSP3-7.0"
"CR-Pa","ssp370","Tropical Zone",2052,43.9959437465964,41.140680903365,46.8578119257918,1000,4,"SSP3-7.0"
"CR-Pa","ssp370","Tropical Zone",2053,43.9690691079266,41.2040396190386,46.916817325052,1000,4,"SSP3-7.0"
"CR-Pa","ssp370","Tropical Zone",2054,44.083489910172,41.2657756899575,47.0164890272139,1000,4,"SSP3-7.0"
"CR-Pa","ssp370","Tropical Zone",2055,44.1541018661737,41.2973435359359,47.0536276803557,1000,4,"SSP3-7.0"
"CR-Pa","ssp370","Tropical Zone",2056,44.1166908467303,41.213977709224,47.1541948327403,1000,4,"SSP3-7.0"
"CR-Pa","ssp370","Tropical Zone",2057,44.306165005174,41.2793254729523,47.3855308988795,1000,4,"SSP3-7.0"
"CR-Pa","ssp370","Tropical Zone",2058,44.2069807512755,41.1794972325902,47.3010087173243,1000,4,"SSP3-7.0"
"CR-Pa","ssp370","Tropical Zone",2059,44.1407026122894,41.1318786407145,47.0981267111904,1000,4,"SSP3-7.0"
"CR-Pa","ssp370","Tropical Zone",2060,44.1552002083621,41.229675180916,47.0435039723432,1000,4,"SSP3-7.0"
"CR-Pa","ssp370","Tropical Zone",2061,44.2391194154389,41.1684091463859,47.0077137812543,1000,4,"SSP3-7.0"
"CR-Pa","ssp370","Tropical Zone",2062,44.2097566581016,40.9983373162366,47.0564874729502,1000,4,"SSP3-7.0"
"CR-Pa","ssp370","Tropical Zone",2063,44.1274450062836,40.9568899541508,46.9422357124188,1000,4,"SSP3-7.0"
"CR-Pa","ssp370","Tropical Zone",2064,44.0373644033625,41.1414960178743,46.7253786689356,1000,4,"SSP3-7.0"
"CR-Pa","ssp370","Tropical Zone",2065,44.1049615574776,41.3255715011968,46.79947235906,1000,4,"SSP3-7.0"
"CR-Pa","ssp370","Tropical Zone",2066,43.9945746461687,41.2131352908775,46.6060410896736,1000,4,"SSP3-7.0"
"CR-Pa","ssp370","Tropical Zone",2067,43.8793199737883,40.9645151127841,46.6417382076972,1000,4,"SSP3-7.0"
"CR-Pa","ssp370","Tropical Zone",2068,44.0125553033892,41.1346626748565,46.7634624506429,1000,4,"SSP3-7.0"
"CR-Pa","ssp370","Tropical Zone",2069,44.0006941798656,41.238711680063,46.7500245796665,1000,4,"SSP3-7.0"
"CR-Pa","ssp370","Tropical Zone",2070,44.0297759603187,41.1487189078605,46.8100451861304,1000,4,"SSP3-7.0"
"CR-Pa","ssp370","Tropical Zone",2071,43.8636816918024,41.0217983176197,46.6047216521808,1000,4,"SSP3-7.0"
"CR-Pa","ssp370","Tropical Zone",2072,43.7662757456932,40.9673699734015,46.5771726986992,1000,4,"SSP3-7.0"
"CR-Pa","ssp370","Tropical Zone",2073,43.8693501544907,40.9417999991932,46.8800939726939,1000,4,"SSP3-7.0"
"CR-Pa","ssp370","Tropical Zone",2074,43.7870515487174,40.8764786129038,46.5922488597841,1000,4,"SSP3-7.0"
"CR-Pa","ssp370","Tropical Zone",2075,43.6616221956131,40.7276710855429,46.5118710362446,1000,4,"SSP3-7.0"
"CR-Pa","ssp370","Tropical Zone",2076,43.5003194892028,40.6859055042589,46.3827066150269,1000,4,"SSP3-7.0"
"CR-Pa","ssp370","Tropical Zone",2077,43.4622387486795,40.5859196287666,46.3614624956915,1000,4,"SSP3-7.0"
"CR-Pa","ssp370","Tropical Zone",2078,43.5558035152678,40.6281542051058,46.58826853496,1000,4,"SSP3-7.0"
"CR-Pa","ssp370","Tropical Zone",2079,43.6636371785559,40.5683549842114,46.5947845888019,1000,4,"SSP3-7.0"
"CR-Pa","ssp370","Tropical Zone",2080,43.6330881514572,40.6252825640578,46.4415028450174,1000,4,"SSP3-7.0"
"CR-Pa","ssp370","Tropical Zone",2081,43.6292588874682,40.5716670146705,46.522048537085,1000,4,"SSP3-7.0"
"CR-Pa","ssp370","Tropical Zone",2082,43.4451551139415,40.5635178440211,46.3753739799875,1000,4,"SSP3-7.0"
"CR-Pa","ssp370","Tropical Zone",2083,43.2338356382929,40.4478542335024,46.2007015958154,1000,4,"SSP3-7.0"
"CR-Pa","ssp370","Tropical Zone",2084,43.1712601322606,40.4876892669878,45.9775992046436,1000,4,"SSP3-7.0"
"CR-Pa","ssp370","Tropical Zone",2085,43.1930064209011,40.3850330807095,45.8961709558931,1000,4,"SSP3-7.0"
"CR-Pa","ssp370","Tropical Zone",2086,43.0726566319127,40.2498362949015,45.9984859946741,1000,4,"SSP3-7.0"
"CR-Pa","ssp370","Tropical Zone",2087,43.0200682532076,40.2845624993887,45.8054655725216,1000,4,"SSP3-7.0"
"CR-Pa","ssp370","Tropical Zone",2088,43.070326406564,40.4739607111082,45.8460914347911,1000,4,"SSP3-7.0"
"CR-Pa","ssp370","Tropical Zone",2089,43.0802458548101,40.5944101838722,45.8225421672703,1000,4,"SSP3-7.0"
"CR-Pa","ssp370","Tropical Zone",2090,42.7945623671642,40.3618521192663,45.5474520305862,1000,4,"SSP3-7.0"
"CR-Pa","ssp370","Tropical Zone",2091,42.622378144303,40.1588505960632,45.2276647305098,1000,4,"SSP3-7.0"
"CR-Pa","ssp370","Tropical Zone",2092,42.6412410355824,40.1734344104958,45.2390040470412,1000,4,"SSP3-7.0"
"CR-Pa","ssp370","Tropical Zone",2093,42.623696849973,40.2060901058074,45.1712893952572,1000,4,"SSP3-7.0"
"CR-Pa","ssp370","Tropical Zone",2094,42.5560627058472,40.109645023753,45.1274704523239,1000,4,"SSP3-7.0"
"CR-Pa","ssp370","Tropical Zone",2095,42.4803093090471,40.0372913668493,45.0313945926527,1000,4,"SSP3-7.0"
"CR-Pa","ssp370","Tropical Zone",2096,42.5580717847215,40.2017239136505,44.9488522730965,1000,4,"SSP3-7.0"
"CR-Pa","ssp370","Tropical Zone",2097,42.6944445315779,40.3363522749821,45.2093524680696,1000,4,"SSP3-7.0"
"CR-Pa","ssp370","Tropical Zone",2098,42.5185374848696,40.1348594461431,45.0331698323361,1000,4,"SSP3-7.0"
"CR-Pa","ssp370","Tropical Zone",2099,42.2746960065571,39.905398212835,44.7147547086749,1000,4,"SSP3-7.0"
"CR-Pa","ssp370","Tropical Zone",2100,42.3691921215867,39.9542207602139,44.8092161898354,1000,4,"SSP3-7.0"
"CR-Pa","ssp585","Tropical Zone",2020,32.0523059247629,31.8437152005699,32.2649361198101,1000,4,"SSP5-8.5"
"CR-Pa","ssp585","Tropical Zone",2021,35.0822146201498,34.2975041732653,35.8642210921559,1000,4,"SSP5-8.5"
"CR-Pa","ssp585","Tropical Zone",2022,37.5018194548571,36.2140159703032,38.9154200828779,1000,4,"SSP5-8.5"
"CR-Pa","ssp585","Tropical Zone",2023,39.0918643759508,37.4254170398422,40.9981133385449,1000,4,"SSP5-8.5"
"CR-Pa","ssp585","Tropical Zone",2024,40.3515720939466,38.3978265424157,42.4596749973736,1000,4,"SSP5-8.5"
"CR-Pa","ssp585","Tropical Zone",2025,41.2486665418277,39.171111070762,43.5968954276774,1000,4,"SSP5-8.5"
"CR-Pa","ssp585","Tropical Zone",2026,41.7752629576651,39.5011586271609,44.4291464814378,1000,4,"SSP5-8.5"
"CR-Pa","ssp585","Tropical Zone",2027,42.1175267135748,39.7898847437365,44.7977969513346,1000,4,"SSP5-8.5"
"CR-Pa","ssp585","Tropical Zone",2028,42.4150171557715,39.8699987306501,45.2313841005771,1000,4,"SSP5-8.5"
"CR-Pa","ssp585","Tropical Zone",2029,42.6785355694539,40.1036680638192,45.4658933459903,1000,4,"SSP5-8.5"
"CR-Pa","ssp585","Tropical Zone",2030,42.6997510831751,40.1930766147237,45.3760208098955,1000,4,"SSP5-8.5"
"CR-Pa","ssp585","Tropical Zone",2031,42.7097879806307,40.1655601483685,45.35290959107,1000,4,"SSP5-8.5"
"CR-Pa","ssp585","Tropical Zone",2032,42.9282642436168,40.2104452760916,45.7103542317004,1000,4,"SSP5-8.5"
"CR-Pa","ssp585","Tropical Zone",2033,43.0902252564756,40.3801319670862,45.9010500744407,1000,4,"SSP5-8.5"
"CR-Pa","ssp585","Tropical Zone",2034,43.1909487308145,40.6670599871988,45.8191371920606,1000,4,"SSP5-8.5"
"CR-Pa","ssp585","Tropical Zone",2035,43.328260734882,40.8030665684656,45.776895806106,1000,4,"SSP5-8.5"
"CR-Pa","ssp585","Tropical Zone",2036,43.5433018879066,41.0767222238584,46.1892127418353,1000,4,"SSP5-8.5"
"CR-Pa","ssp585","Tropical Zone",2037,43.7334223724773,41.2353255330279,46.5296049539681,1000,4,"SSP5-8.5"
"CR-Pa","ssp585","Tropical Zone",2038,43.6820094787528,41.0940672837764,46.4004301060825,1000,4,"SSP5-8.5"
"CR-Pa","ssp585","Tropical Zone",2039,43.70281522788,41.0287911459443,46.5254220167401,1000,4,"SSP5-8.5"
"CR-Pa","ssp585","Tropical Zone",2040,43.8436223270569,41.080845001526,46.811191415572,1000,4,"SSP5-8.5"
"CR-Pa","ssp585","Tropical Zone",2041,43.9450232645625,41.3613408783067,46.9342754048246,1000,4,"SSP5-8.5"
"CR-Pa","ssp585","Tropical Zone",2042,43.8990967220764,41.2728229243867,46.9500089846311,1000,4,"SSP5-8.5"
"CR-Pa","ssp585","Tropical Zone",2043,43.9858211737357,41.1964387603046,46.9878430412881,1000,4,"SSP5-8.5"
"CR-Pa","ssp585","Tropical Zone",2044,43.9338772226361,41.2444288119559,46.8167336860788,1000,4,"SSP5-8.5"
"CR-Pa","ssp585","Tropical Zone",2045,43.8425236659916,41.2890191239321,46.7582586432476,1000,4,"SSP5-8.5"
"CR-Pa","ssp585","Tropical Zone",2046,43.7846611374004,41.2899969340611,46.5537518750354,1000,4,"SSP5-8.5"
"CR-Pa","ssp585","Tropical Zone",2047,43.6569129619187,41.0099752104783,46.4085705642183,1000,4,"SSP5-8.5"
"CR-Pa","ssp585","Tropical Zone",2048,43.6379823017941,40.8946490783982,46.5071472908179,1000,4,"SSP5-8.5"
"CR-Pa","ssp585","Tropical Zone",2049,43.8884311546161,41.2475646205928,46.7445476678107,1000,4,"SSP5-8.5"
"CR-Pa","ssp585","Tropical Zone",2050,43.9284562757483,41.3235367525836,46.7899299964432,1000,4,"SSP5-8.5"
"CR-Pa","ssp585","Tropical Zone",2051,43.7971139875491,41.1743342799152,46.4786135648773,1000,4,"SSP5-8.5"
"CR-Pa","ssp585","Tropical Zone",2052,43.7599802906963,40.9840400709461,46.5435410089858,1000,4,"SSP5-8.5"
"CR-Pa","ssp585","Tropical Zone",2053,43.900432363075,41.1608601145739,46.5057207747104,1000,4,"SSP5-8.5"
"CR-Pa","ssp585","Tropical Zone",2054,44.1048860793248,41.5488808459096,46.6329464345759,1000,4,"SSP5-8.5"
"CR-Pa","ssp585","Tropical Zone",2055,44.2468344649837,41.6076851188394,46.7646151720019,1000,4,"SSP5-8.5"
"CR-Pa","ssp585","Tropical Zone",2056,44.3156953345561,41.7392296374471,46.8723486905478,1000,4,"SSP5-8.5"
"CR-Pa","ssp585","Tropical Zone",2057,44.1131125195727,41.5220571019506,46.7620792038556,1000,4,"SSP5-8.5"
"CR-Pa","ssp585","Tropical Zone",2058,44.0309299373412,41.3198009957287,46.9074394362254,1000,4,"SSP5-8.5"
"CR-Pa","ssp585","Tropical Zone",2059,43.9876099970069,41.2291661292649,46.8211912190363,1000,4,"SSP5-8.5"
"CR-Pa","ssp585","Tropical Zone",2060,44.2333899372802,41.4599112831566,47.1371552875385,1000,4,"SSP5-8.5"
"CR-Pa","ssp585","Tropical Zone",2061,44.3132079223346,41.5926706078312,47.1967437574062,1000,4,"SSP5-8.5"
"CR-Pa","ssp585","Tropical Zone",2062,44.1848168792853,41.4119590210849,47.1315081441245,1000,4,"SSP5-8.5"
"CR-Pa","ssp585","Tropical Zone",2063,44.1632843172259,41.4628899617743,47.0383779996478,1000,4,"SSP5-8.5"
"CR-Pa","ssp585","Tropical Zone",2064,44.2766341382457,41.563234998428,47.1436651350807,1000,4,"SSP5-8.5"
"CR-Pa","ssp585","Tropical Zone",2065,44.1656822759417,41.4596565034656,47.2574343661098,1000,4,"SSP5-8.5"
"CR-Pa","ssp585","Tropical Zone",2066,43.8979318306722,41.2133797608177,46.6844888007838,1000,4,"SSP5-8.5"
"CR-Pa","ssp585","Tropical Zone",2067,44.1301132394365,41.3817237209019,47.064366516001,1000,4,"SSP5-8.5"
"CR-Pa","ssp585","Tropical Zone",2068,44.1242523036699,41.2178556148111,46.9653477045392,1000,4,"SSP5-8.5"
"CR-Pa","ssp585","Tropical Zone",2069,43.8096443368274,40.9005771433521,46.5746575848543,1000,4,"SSP5-8.5"
"CR-Pa","ssp585","Tropical Zone",2070,43.560452786569,40.5317753657666,46.3851597926404,1000,4,"SSP5-8.5"
"CR-Pa","ssp585","Tropical Zone",2071,43.567698742579,40.5789715185862,46.2475985267522,1000,4,"SSP5-8.5"
"CR-Pa","ssp585","Tropical Zone",2072,43.4740430947672,40.6299737955426,46.2174487514162,1000,4,"SSP5-8.5"
"CR-Pa","ssp585","Tropical Zone",2073,43.3309497334936,40.6480080298127,46.0067418653159,1000,4,"SSP5-8.5"
"CR-Pa","ssp585","Tropical Zone",2074,43.3756178140686,40.5205227032352,46.1808122877865,1000,4,"SSP5-8.5"
"CR-Pa","ssp585","Tropical Zone",2075,43.1341415889275,40.3668689850085,45.7758657613674,1000,4,"SSP5-8.5"
"CR-Pa","ssp585","Tropical Zone",2076,43.0588160126687,40.3361022292328,45.6575701346221,1000,4,"SSP5-8.5"
"CR-Pa","ssp585","Tropical Zone",2077,43.1000306323081,40.504684890468,45.7313944237999,1000,4,"SSP5-8.5"
"CR-Pa","ssp585","Tropical Zone",2078,43.1054452251493,40.4893504802608,45.7076969540026,1000,4,"SSP5-8.5"
"CR-Pa","ssp585","Tropical Zone",2079,43.067746864179,40.4944718780566,45.4819588378826,1000,4,"SSP5-8.5"
"CR-Pa","ssp585","Tropical Zone",2080,43.1229964104786,40.5365966450063,45.3929192356653,1000,4,"SSP5-8.5"
"CR-Pa","ssp585","Tropical Zone",2081,43.17676492655,40.6099878112899,45.6578206861547,1000,4,"SSP5-8.5"
"CR-Pa","ssp585","Tropical Zone",2082,43.0611294507494,40.4273357945501,45.6551587660338,1000,4,"SSP5-8.5"
"CR-Pa","ssp585","Tropical Zone",2083,42.8495731903767,40.2844761170695,45.6063132483728,1000,4,"SSP5-8.5"
"CR-Pa","ssp585","Tropical Zone",2084,42.712904466466,40.3529392050754,45.3813102997604,1000,4,"SSP5-8.5"
"CR-Pa","ssp585","Tropical Zone",2085,42.7412154940584,40.214447553763,45.5401612563213,1000,4,"SSP5-8.5"
"CR-Pa","ssp585","Tropical Zone",2086,42.6702530090165,40.1689989020039,45.3284954733106,1000,4,"SSP5-8.5"
"CR-Pa","ssp585","Tropical Zone",2087,42.5490102279422,40.0533482634715,45.1530379208913,1000,4,"SSP5-8.5"
"CR-Pa","ssp585","Tropical Zone",2088,42.5631531554986,40.2449616878465,45.2087150886376,1000,4,"SSP5-8.5"
"CR-Pa","ssp585","Tropical Zone",2089,42.6079926284425,40.1497147272961,45.444834186999,1000,4,"SSP5-8.5"
"CR-Pa","ssp585","Tropical Zone",2090,42.5734265696863,40.071847611295,45.3150911230854,1000,4,"SSP5-8.5"
"CR-Pa","ssp585","Tropical Zone",2091,42.4989129286972,40.1576698852883,45.1156812081782,1000,4,"SSP5-8.5"
"CR-Pa","ssp585","Tropical Zone",2092,42.5501851058251,40.0778872689169,45.1613076005944,1000,4,"SSP5-8.5"
"CR-Pa","ssp585","Tropical Zone",2093,42.501342367702,39.9384441688197,45.1026185210535,1000,4,"SSP5-8.5"
"CR-Pa","ssp585","Tropical Zone",2094,42.5348932400455,39.9856413408436,45.0298876504854,1000,4,"SSP5-8.5"
"CR-Pa","ssp585","Tropical Zone",2095,42.5286022096064,39.9541116232727,45.0273574106029,1000,4,"SSP5-8.5"
"CR-Pa","ssp585","Tropical Zone",2096,42.5161205693015,40.1427859458621,44.9411559343409,1000,4,"SSP5-8.5"
"CR-Pa","ssp585","Tropical Zone",2097,42.5527207771673,40.1886919519592,44.929197579936,1000,4,"SSP5-8.5"
"CR-Pa","ssp585","Tropical Zone",2098,42.5122616560755,40.1903064046497,44.9230892597158,1000,4,"SSP5-8.5"
"CR-Pa","ssp585","Tropical Zone",2099,42.6764103589146,40.208477430804,45.0086585100889,1000,4,"SSP5-8.5"
"CR-Pa","ssp585","Tropical Zone",2100,42.620321498653,40.1540988808325,44.9784776491856,1000,4,"SSP5-8.5"
