"Model_Key","Model_Label","Bacteria","Display_Name","combination_id","TMP_lag","PREC_lag","HUM_lag","WET_lag","AIC","BIC","Dev_explained","GCV","CV_RMSE","Max_VIF","n_samples","n_countries","Model_Formula","AIC_diff","rank","is_best"
"C","Model C (TMP, PREC, HUM, WET)","3GCREC","3GCR-Ec",45,3,3,2,2,948.788391346371,1159.97283238161,86.9041002367404,531.107392053516,1.0006793909245,1.71807315840253,691,60,"logit_R ~ s(TMP_scaled_lag, k = 10, bs = 'cr') + s(PREC_scaled_lag, k = 10, bs = 'cr') + s(HUM_scaled_lag, k = 10, bs = 'cr') + s(WET_scaled_lag, k = 10, bs = 'cr') + s(PLS_Comp1, k = 10, bs = 'cr') + s(PLS_Comp2, k = 10, bs = 'cr') + s(PLS_Comp3, k = 10, bs = 'cr') + s(lat, lon, bs = 'sos', k = 20) + s(year, bs = 'cr', k = 8) + s(Region, bs = 're') + climate_zone",0,1,TRUE
"C","Model C (TMP, PREC, HUM, WET)","3GCREC","3GCR-Ec",39,3,1,2,2,948.797049309689,1160.00195634376,86.9041070896426,531.107395076591,NA,1.67532009266741,691,60,"logit_R ~ s(TMP_scaled_lag, k = 10, bs = 'cr') + s(PREC_scaled_lag, k = 10, bs = 'cr') + s(HUM_scaled_lag, k = 10, bs = 'cr') + s(WET_scaled_lag, k = 10, bs = 'cr') + s(PLS_Comp1, k = 10, bs = 'cr') + s(PLS_Comp2, k = 10, bs = 'cr') + s(PLS_Comp3, k = 10, bs = 'cr') + s(lat, lon, bs = 'sos', k = 20) + s(year, bs = 'cr', k = 8) + s(Region, bs = 're') + climate_zone",0.00865796331868296,2,FALSE
"C","Model C (TMP, PREC, HUM, WET)","3GCREC","3GCR-Ec",42,3,2,2,2,948.799051085779,1160.0087526284,86.9041091972657,531.107398385332,NA,4.74193045427406,691,60,"logit_R ~ s(TMP_scaled_lag, k = 10, bs = 'cr') + s(PREC_scaled_lag, k = 10, bs = 'cr') + s(HUM_scaled_lag, k = 10, bs = 'cr') + s(WET_scaled_lag, k = 10, bs = 'cr') + s(PLS_Comp1, k = 10, bs = 'cr') + s(PLS_Comp2, k = 10, bs = 'cr') + s(PLS_Comp3, k = 10, bs = 'cr') + s(lat, lon, bs = 'sos', k = 20) + s(year, bs = 'cr', k = 8) + s(Region, bs = 're') + climate_zone",0.0106597394078563,3,FALSE
"C","Model C (TMP, PREC, HUM, WET)","3GCREC","3GCR-Ec",18,3,3,2,1,948.908415769394,1160.12351559698,86.9020814399138,531.173820234489,NA,1.0537651244796,691,60,"logit_R ~ s(TMP_scaled_lag, k = 10, bs = 'cr') + s(PREC_scaled_lag, k = 10, bs = 'cr') + s(HUM_scaled_lag, k = 10, bs = 'cr') + s(WET_scaled_lag, k = 10, bs = 'cr') + s(PLS_Comp1, k = 10, bs = 'cr') + s(PLS_Comp2, k = 10, bs = 'cr') + s(PLS_Comp3, k = 10, bs = 'cr') + s(lat, lon, bs = 'sos', k = 20) + s(year, bs = 'cr', k = 8) + s(Region, bs = 're') + climate_zone",0.120024423023438,4,FALSE
"C","Model C (TMP, PREC, HUM, WET)","3GCREC","3GCR-Ec",12,3,1,2,1,948.910717890989,1160.13136753496,86.9020841643863,531.173816035281,NA,4.54029728175248,691,60,"logit_R ~ s(TMP_scaled_lag, k = 10, bs = 'cr') + s(PREC_scaled_lag, k = 10, bs = 'cr') + s(HUM_scaled_lag, k = 10, bs = 'cr') + s(WET_scaled_lag, k = 10, bs = 'cr') + s(PLS_Comp1, k = 10, bs = 'cr') + s(PLS_Comp2, k = 10, bs = 'cr') + s(PLS_Comp3, k = 10, bs = 'cr') + s(lat, lon, bs = 'sos', k = 20) + s(year, bs = 'cr', k = 8) + s(Region, bs = 're') + climate_zone",0.122326544618318,5,FALSE
"C","Model C (TMP, PREC, HUM, WET)","3GCREC","3GCR-Ec",15,3,2,2,1,948.914264058777,1160.14324905349,86.9020865773221,531.173818810265,NA,1.65312836416753,691,60,"logit_R ~ s(TMP_scaled_lag, k = 10, bs = 'cr') + s(PREC_scaled_lag, k = 10, bs = 'cr') + s(HUM_scaled_lag, k = 10, bs = 'cr') + s(WET_scaled_lag, k = 10, bs = 'cr') + s(PLS_Comp1, k = 10, bs = 'cr') + s(PLS_Comp2, k = 10, bs = 'cr') + s(PLS_Comp3, k = 10, bs = 'cr') + s(lat, lon, bs = 'sos', k = 20) + s(year, bs = 'cr', k = 8) + s(Region, bs = 're') + climate_zone",0.125872712405908,6,FALSE
"C","Model C (TMP, PREC, HUM, WET)","3GCREC","3GCR-Ec",72,3,3,2,3,949.317480414866,1160.50408032653,86.8940870944701,531.388671141516,NA,4.48518063674211,691,60,"logit_R ~ s(TMP_scaled_lag, k = 10, bs = 'cr') + s(PREC_scaled_lag, k = 10, bs = 'cr') + s(HUM_scaled_lag, k = 10, bs = 'cr') + s(WET_scaled_lag, k = 10, bs = 'cr') + s(PLS_Comp1, k = 10, bs = 'cr') + s(PLS_Comp2, k = 10, bs = 'cr') + s(PLS_Comp3, k = 10, bs = 'cr') + s(lat, lon, bs = 'sos', k = 20) + s(year, bs = 'cr', k = 8) + s(Region, bs = 're') + climate_zone",0.529089068495182,7,FALSE
"C","Model C (TMP, PREC, HUM, WET)","3GCREC","3GCR-Ec",66,3,1,2,3,949.3177643485,1160.5051923941,86.8940886313823,531.38866174496,NA,1.04486380172856,691,60,"logit_R ~ s(TMP_scaled_lag, k = 10, bs = 'cr') + s(PREC_scaled_lag, k = 10, bs = 'cr') + s(HUM_scaled_lag, k = 10, bs = 'cr') + s(WET_scaled_lag, k = 10, bs = 'cr') + s(PLS_Comp1, k = 10, bs = 'cr') + s(PLS_Comp2, k = 10, bs = 'cr') + s(PLS_Comp3, k = 10, bs = 'cr') + s(lat, lon, bs = 'sos', k = 20) + s(year, bs = 'cr', k = 8) + s(Region, bs = 're') + climate_zone",0.52937300212966,8,FALSE
"C","Model C (TMP, PREC, HUM, WET)","3GCREC","3GCR-Ec",69,3,2,2,3,949.319220678457,1160.50999230621,86.8940889579391,531.388662433235,NA,1.61819337293081,691,60,"logit_R ~ s(TMP_scaled_lag, k = 10, bs = 'cr') + s(PREC_scaled_lag, k = 10, bs = 'cr') + s(HUM_scaled_lag, k = 10, bs = 'cr') + s(WET_scaled_lag, k = 10, bs = 'cr') + s(PLS_Comp1, k = 10, bs = 'cr') + s(PLS_Comp2, k = 10, bs = 'cr') + s(PLS_Comp3, k = 10, bs = 'cr') + s(lat, lon, bs = 'sos', k = 20) + s(year, bs = 'cr', k = 8) + s(Region, bs = 're') + climate_zone",0.530829332086341,9,FALSE
"C","Model C (TMP, PREC, HUM, WET)","3GCREC","3GCR-Ec",36,3,3,1,2,949.597788005569,1170.99644314852,86.9738867020327,530.704378523598,NA,1.07775641419471,691,60,"logit_R ~ s(TMP_scaled_lag, k = 10, bs = 'cr') + s(PREC_scaled_lag, k = 10, bs = 'cr') + s(HUM_scaled_lag, k = 10, bs = 'cr') + s(WET_scaled_lag, k = 10, bs = 'cr') + s(PLS_Comp1, k = 10, bs = 'cr') + s(PLS_Comp2, k = 10, bs = 'cr') + s(PLS_Comp3, k = 10, bs = 'cr') + s(lat, lon, bs = 'sos', k = 20) + s(year, bs = 'cr', k = 8) + s(Region, bs = 're') + climate_zone",0.809396659198001,10,FALSE
"C","Model C (TMP, PREC, HUM, WET)","3GCREC","3GCR-Ec",30,3,1,1,2,949.602510344404,1171.01227367823,86.973889965972,530.704383497243,NA,1.5360697688729,691,60,"logit_R ~ s(TMP_scaled_lag, k = 10, bs = 'cr') + s(PREC_scaled_lag, k = 10, bs = 'cr') + s(HUM_scaled_lag, k = 10, bs = 'cr') + s(WET_scaled_lag, k = 10, bs = 'cr') + s(PLS_Comp1, k = 10, bs = 'cr') + s(PLS_Comp2, k = 10, bs = 'cr') + s(PLS_Comp3, k = 10, bs = 'cr') + s(lat, lon, bs = 'sos', k = 20) + s(year, bs = 'cr', k = 8) + s(Region, bs = 're') + climate_zone",0.814118998033337,11,FALSE
"C","Model C (TMP, PREC, HUM, WET)","3GCREC","3GCR-Ec",9,3,3,1,1,949.715959667836,1171.15384308378,86.9719847996494,530.77023533055,NA,1.50966865568315,691,60,"logit_R ~ s(TMP_scaled_lag, k = 10, bs = 'cr') + s(PREC_scaled_lag, k = 10, bs = 'cr') + s(HUM_scaled_lag, k = 10, bs = 'cr') + s(WET_scaled_lag, k = 10, bs = 'cr') + s(PLS_Comp1, k = 10, bs = 'cr') + s(PLS_Comp2, k = 10, bs = 'cr') + s(PLS_Comp3, k = 10, bs = 'cr') + s(lat, lon, bs = 'sos', k = 20) + s(year, bs = 'cr', k = 8) + s(Region, bs = 're') + climate_zone",0.92756832146506,12,FALSE
"C","Model C (TMP, PREC, HUM, WET)","3GCREC","3GCR-Ec",3,3,1,1,1,949.716284198805,1171.15491608141,86.9719849000496,530.770238237005,NA,4.58191275203613,691,60,"logit_R ~ s(TMP_scaled_lag, k = 10, bs = 'cr') + s(PREC_scaled_lag, k = 10, bs = 'cr') + s(HUM_scaled_lag, k = 10, bs = 'cr') + s(WET_scaled_lag, k = 10, bs = 'cr') + s(PLS_Comp1, k = 10, bs = 'cr') + s(PLS_Comp2, k = 10, bs = 'cr') + s(PLS_Comp3, k = 10, bs = 'cr') + s(lat, lon, bs = 'sos', k = 20) + s(year, bs = 'cr', k = 8) + s(Region, bs = 're') + climate_zone",0.927892852434638,13,FALSE
"C","Model C (TMP, PREC, HUM, WET)","3GCREC","3GCR-Ec",57,3,1,1,3,950.097497917095,1171.55885130121,86.9649844655517,530.977909803391,NA,1.50917083452009,691,60,"logit_R ~ s(TMP_scaled_lag, k = 10, bs = 'cr') + s(PREC_scaled_lag, k = 10, bs = 'cr') + s(HUM_scaled_lag, k = 10, bs = 'cr') + s(WET_scaled_lag, k = 10, bs = 'cr') + s(PLS_Comp1, k = 10, bs = 'cr') + s(PLS_Comp2, k = 10, bs = 'cr') + s(PLS_Comp3, k = 10, bs = 'cr') + s(lat, lon, bs = 'sos', k = 20) + s(year, bs = 'cr', k = 8) + s(Region, bs = 're') + climate_zone",1.309106570724,14,FALSE
"C","Model C (TMP, PREC, HUM, WET)","3GCREC","3GCR-Ec",63,3,3,1,3,950.105328745748,1171.58505048069,86.9649894507869,530.977914027653,NA,4.45113813647578,691,60,"logit_R ~ s(TMP_scaled_lag, k = 10, bs = 'cr') + s(PREC_scaled_lag, k = 10, bs = 'cr') + s(HUM_scaled_lag, k = 10, bs = 'cr') + s(WET_scaled_lag, k = 10, bs = 'cr') + s(PLS_Comp1, k = 10, bs = 'cr') + s(PLS_Comp2, k = 10, bs = 'cr') + s(PLS_Comp3, k = 10, bs = 'cr') + s(lat, lon, bs = 'sos', k = 20) + s(year, bs = 'cr', k = 8) + s(Region, bs = 're') + climate_zone",1.31693739937771,15,FALSE
"C","Model C (TMP, PREC, HUM, WET)","3GCREC","3GCR-Ec",81,3,3,3,3,950.89375811739,1172.00107072252,86.9470081091133,531.106729477605,NA,4.6362668910758,691,60,"logit_R ~ s(TMP_scaled_lag, k = 10, bs = 'cr') + s(PREC_scaled_lag, k = 10, bs = 'cr') + s(HUM_scaled_lag, k = 10, bs = 'cr') + s(WET_scaled_lag, k = 10, bs = 'cr') + s(PLS_Comp1, k = 10, bs = 'cr') + s(PLS_Comp2, k = 10, bs = 'cr') + s(PLS_Comp3, k = 10, bs = 'cr') + s(lat, lon, bs = 'sos', k = 20) + s(year, bs = 'cr', k = 8) + s(Region, bs = 're') + climate_zone",2.10536677101982,16,FALSE
"C","Model C (TMP, PREC, HUM, WET)","3GCREC","3GCR-Ec",78,3,2,3,3,950.894740698058,1172.00452932628,86.9470101610492,531.106729489516,NA,1.64613068651074,691,60,"logit_R ~ s(TMP_scaled_lag, k = 10, bs = 'cr') + s(PREC_scaled_lag, k = 10, bs = 'cr') + s(HUM_scaled_lag, k = 10, bs = 'cr') + s(WET_scaled_lag, k = 10, bs = 'cr') + s(PLS_Comp1, k = 10, bs = 'cr') + s(PLS_Comp2, k = 10, bs = 'cr') + s(PLS_Comp3, k = 10, bs = 'cr') + s(lat, lon, bs = 'sos', k = 20) + s(year, bs = 'cr', k = 8) + s(Region, bs = 're') + climate_zone",2.1063493516873,17,FALSE
"C","Model C (TMP, PREC, HUM, WET)","3GCREC","3GCR-Ec",75,3,1,3,3,950.899619890141,1172.02082002006,86.9470129938267,531.106723957852,NA,1.65713964550586,691,60,"logit_R ~ s(TMP_scaled_lag, k = 10, bs = 'cr') + s(PREC_scaled_lag, k = 10, bs = 'cr') + s(HUM_scaled_lag, k = 10, bs = 'cr') + s(WET_scaled_lag, k = 10, bs = 'cr') + s(PLS_Comp1, k = 10, bs = 'cr') + s(PLS_Comp2, k = 10, bs = 'cr') + s(PLS_Comp3, k = 10, bs = 'cr') + s(lat, lon, bs = 'sos', k = 20) + s(year, bs = 'cr', k = 8) + s(Region, bs = 're') + climate_zone",2.11122854377049,18,FALSE
"C","Model C (TMP, PREC, HUM, WET)","3GCREC","3GCR-Ec",17,2,3,2,1,951.250122442699,1167.33178613613,86.8983473910946,530.99855665967,NA,1.08529266564258,691,60,"logit_R ~ s(TMP_scaled_lag, k = 10, bs = 'cr') + s(PREC_scaled_lag, k = 10, bs = 'cr') + s(HUM_scaled_lag, k = 10, bs = 'cr') + s(WET_scaled_lag, k = 10, bs = 'cr') + s(PLS_Comp1, k = 10, bs = 'cr') + s(PLS_Comp2, k = 10, bs = 'cr') + s(PLS_Comp3, k = 10, bs = 'cr') + s(lat, lon, bs = 'sos', k = 20) + s(year, bs = 'cr', k = 8) + s(Region, bs = 're') + climate_zone",2.46173109632798,19,FALSE
"C","Model C (TMP, PREC, HUM, WET)","3GCREC","3GCR-Ec",44,2,3,2,2,951.579197153443,1167.5717592491,86.8913615975742,531.136349910487,NA,1.62839585917789,691,60,"logit_R ~ s(TMP_scaled_lag, k = 10, bs = 'cr') + s(PREC_scaled_lag, k = 10, bs = 'cr') + s(HUM_scaled_lag, k = 10, bs = 'cr') + s(WET_scaled_lag, k = 10, bs = 'cr') + s(PLS_Comp1, k = 10, bs = 'cr') + s(PLS_Comp2, k = 10, bs = 'cr') + s(PLS_Comp3, k = 10, bs = 'cr') + s(lat, lon, bs = 'sos', k = 20) + s(year, bs = 'cr', k = 8) + s(Region, bs = 're') + climate_zone",2.79080580707227,20,FALSE
"C","Model C (TMP, PREC, HUM, WET)","3GCREC","3GCR-Ec",43,1,3,2,2,952.10427410726,1173.89389809821,86.9298103804183,530.592114918393,NA,1.62901029905786,691,60,"logit_R ~ s(TMP_scaled_lag, k = 10, bs = 'cr') + s(PREC_scaled_lag, k = 10, bs = 'cr') + s(HUM_scaled_lag, k = 10, bs = 'cr') + s(WET_scaled_lag, k = 10, bs = 'cr') + s(PLS_Comp1, k = 10, bs = 'cr') + s(PLS_Comp2, k = 10, bs = 'cr') + s(PLS_Comp3, k = 10, bs = 'cr') + s(lat, lon, bs = 'sos', k = 20) + s(year, bs = 'cr', k = 8) + s(Region, bs = 're') + climate_zone",3.31588276088951,21,FALSE
"C","Model C (TMP, PREC, HUM, WET)","3GCREC","3GCR-Ec",16,1,3,2,1,952.104302518593,1173.89397594371,86.9298102551026,530.592115368561,NA,1.07879353386282,691,60,"logit_R ~ s(TMP_scaled_lag, k = 10, bs = 'cr') + s(PREC_scaled_lag, k = 10, bs = 'cr') + s(HUM_scaled_lag, k = 10, bs = 'cr') + s(WET_scaled_lag, k = 10, bs = 'cr') + s(PLS_Comp1, k = 10, bs = 'cr') + s(PLS_Comp2, k = 10, bs = 'cr') + s(PLS_Comp3, k = 10, bs = 'cr') + s(lat, lon, bs = 'sos', k = 20) + s(year, bs = 'cr', k = 8) + s(Region, bs = 're') + climate_zone",3.31591117222194,22,FALSE
"C","Model C (TMP, PREC, HUM, WET)","3GCREC","3GCR-Ec",23,2,2,3,1,952.641903145413,1179.18019514663,86.9591928473176,530.674999325349,NA,1.10640285502104,691,60,"logit_R ~ s(TMP_scaled_lag, k = 10, bs = 'cr') + s(PREC_scaled_lag, k = 10, bs = 'cr') + s(HUM_scaled_lag, k = 10, bs = 'cr') + s(WET_scaled_lag, k = 10, bs = 'cr') + s(PLS_Comp1, k = 10, bs = 'cr') + s(PLS_Comp2, k = 10, bs = 'cr') + s(PLS_Comp3, k = 10, bs = 'cr') + s(lat, lon, bs = 'sos', k = 20) + s(year, bs = 'cr', k = 8) + s(Region, bs = 're') + climate_zone",3.85351179904274,23,FALSE
"C","Model C (TMP, PREC, HUM, WET)","3GCREC","3GCR-Ec",33,3,2,1,2,952.748110882253,1181.67689811502,86.9770584978896,530.703255779516,NA,4.52656123370623,691,60,"logit_R ~ s(TMP_scaled_lag, k = 10, bs = 'cr') + s(PREC_scaled_lag, k = 10, bs = 'cr') + s(HUM_scaled_lag, k = 10, bs = 'cr') + s(WET_scaled_lag, k = 10, bs = 'cr') + s(PLS_Comp1, k = 10, bs = 'cr') + s(PLS_Comp2, k = 10, bs = 'cr') + s(PLS_Comp3, k = 10, bs = 'cr') + s(lat, lon, bs = 'sos', k = 20) + s(year, bs = 'cr', k = 8) + s(Region, bs = 're') + climate_zone",3.95971953588275,24,FALSE
"C","Model C (TMP, PREC, HUM, WET)","3GCREC","3GCR-Ec",68,2,2,2,3,952.819019723125,1168.40195385841,86.8643891010635,531.524613829773,NA,1.59155963518478,691,60,"logit_R ~ s(TMP_scaled_lag, k = 10, bs = 'cr') + s(PREC_scaled_lag, k = 10, bs = 'cr') + s(HUM_scaled_lag, k = 10, bs = 'cr') + s(WET_scaled_lag, k = 10, bs = 'cr') + s(PLS_Comp1, k = 10, bs = 'cr') + s(PLS_Comp2, k = 10, bs = 'cr') + s(PLS_Comp3, k = 10, bs = 'cr') + s(lat, lon, bs = 'sos', k = 20) + s(year, bs = 'cr', k = 8) + s(Region, bs = 're') + climate_zone",4.03062837675463,25,FALSE
"C","Model C (TMP, PREC, HUM, WET)","3GCREC","3GCR-Ec",65,2,1,2,3,952.819403124782,1168.40336086776,86.8643903882331,531.524624971233,NA,1.06494371719519,691,60,"logit_R ~ s(TMP_scaled_lag, k = 10, bs = 'cr') + s(PREC_scaled_lag, k = 10, bs = 'cr') + s(HUM_scaled_lag, k = 10, bs = 'cr') + s(WET_scaled_lag, k = 10, bs = 'cr') + s(PLS_Comp1, k = 10, bs = 'cr') + s(PLS_Comp2, k = 10, bs = 'cr') + s(PLS_Comp3, k = 10, bs = 'cr') + s(lat, lon, bs = 'sos', k = 20) + s(year, bs = 'cr', k = 8) + s(Region, bs = 're') + climate_zone",4.03101177841097,26,FALSE
"C","Model C (TMP, PREC, HUM, WET)","3GCREC","3GCR-Ec",6,3,2,1,1,952.85829633571,1181.81327284003,86.975199277144,530.769066187078,NA,1.58703845208192,691,60,"logit_R ~ s(TMP_scaled_lag, k = 10, bs = 'cr') + s(PREC_scaled_lag, k = 10, bs = 'cr') + s(HUM_scaled_lag, k = 10, bs = 'cr') + s(WET_scaled_lag, k = 10, bs = 'cr') + s(PLS_Comp1, k = 10, bs = 'cr') + s(PLS_Comp2, k = 10, bs = 'cr') + s(PLS_Comp3, k = 10, bs = 'cr') + s(lat, lon, bs = 'sos', k = 20) + s(year, bs = 'cr', k = 8) + s(Region, bs = 're') + climate_zone",4.06990498933942,27,FALSE
"C","Model C (TMP, PREC, HUM, WET)","3GCREC","3GCR-Ec",8,2,3,1,1,952.863813951057,1173.02281990503,86.9018210633837,531.214168763932,NA,1.6019639224598,691,60,"logit_R ~ s(TMP_scaled_lag, k = 10, bs = 'cr') + s(PREC_scaled_lag, k = 10, bs = 'cr') + s(HUM_scaled_lag, k = 10, bs = 'cr') + s(WET_scaled_lag, k = 10, bs = 'cr') + s(PLS_Comp1, k = 10, bs = 'cr') + s(PLS_Comp2, k = 10, bs = 'cr') + s(PLS_Comp3, k = 10, bs = 'cr') + s(lat, lon, bs = 'sos', k = 20) + s(year, bs = 'cr', k = 8) + s(Region, bs = 're') + climate_zone",4.07542260468608,28,FALSE
"C","Model C (TMP, PREC, HUM, WET)","3GCREC","3GCR-Ec",53,2,3,3,2,952.934069455725,1179.40461544129,86.9531141015338,530.804425796031,NA,1.67317286062935,691,60,"logit_R ~ s(TMP_scaled_lag, k = 10, bs = 'cr') + s(PREC_scaled_lag, k = 10, bs = 'cr') + s(HUM_scaled_lag, k = 10, bs = 'cr') + s(WET_scaled_lag, k = 10, bs = 'cr') + s(PLS_Comp1, k = 10, bs = 'cr') + s(PLS_Comp2, k = 10, bs = 'cr') + s(PLS_Comp3, k = 10, bs = 'cr') + s(lat, lon, bs = 'sos', k = 20) + s(year, bs = 'cr', k = 8) + s(Region, bs = 're') + climate_zone",4.14567810935444,29,FALSE
"C","Model C (TMP, PREC, HUM, WET)","3GCREC","3GCR-Ec",50,2,2,3,2,952.934258647922,1179.4052654612,86.9531143639597,530.804405264546,NA,4.66224217222715,691,60,"logit_R ~ s(TMP_scaled_lag, k = 10, bs = 'cr') + s(PREC_scaled_lag, k = 10, bs = 'cr') + s(HUM_scaled_lag, k = 10, bs = 'cr') + s(WET_scaled_lag, k = 10, bs = 'cr') + s(PLS_Comp1, k = 10, bs = 'cr') + s(PLS_Comp2, k = 10, bs = 'cr') + s(PLS_Comp3, k = 10, bs = 'cr') + s(lat, lon, bs = 'sos', k = 20) + s(year, bs = 'cr', k = 8) + s(Region, bs = 're') + climate_zone",4.14586730155099,30,FALSE
"C","Model C (TMP, PREC, HUM, WET)","3GCREC","3GCR-Ec",47,2,1,3,2,952.934986276939,1179.40787045879,86.9531162472539,530.804426295631,NA,1.07680804943931,691,60,"logit_R ~ s(TMP_scaled_lag, k = 10, bs = 'cr') + s(PREC_scaled_lag, k = 10, bs = 'cr') + s(HUM_scaled_lag, k = 10, bs = 'cr') + s(WET_scaled_lag, k = 10, bs = 'cr') + s(PLS_Comp1, k = 10, bs = 'cr') + s(PLS_Comp2, k = 10, bs = 'cr') + s(PLS_Comp3, k = 10, bs = 'cr') + s(lat, lon, bs = 'sos', k = 20) + s(year, bs = 'cr', k = 8) + s(Region, bs = 're') + climate_zone",4.1465949305682,31,FALSE
"C","Model C (TMP, PREC, HUM, WET)","3GCREC","3GCR-Ec",60,3,2,1,3,953.218350241684,1182.20988938655,86.9687146600426,530.97636444724,NA,1.04780301677214,691,60,"logit_R ~ s(TMP_scaled_lag, k = 10, bs = 'cr') + s(PREC_scaled_lag, k = 10, bs = 'cr') + s(HUM_scaled_lag, k = 10, bs = 'cr') + s(WET_scaled_lag, k = 10, bs = 'cr') + s(PLS_Comp1, k = 10, bs = 'cr') + s(PLS_Comp2, k = 10, bs = 'cr') + s(PLS_Comp3, k = 10, bs = 'cr') + s(lat, lon, bs = 'sos', k = 20) + s(year, bs = 'cr', k = 8) + s(Region, bs = 're') + climate_zone",4.42995889531312,32,FALSE
"C","Model C (TMP, PREC, HUM, WET)","3GCREC","3GCR-Ec",35,2,3,1,2,953.254720075116,1173.28529112844,86.8933356136883,531.372314501755,NA,1.07713983837539,691,60,"logit_R ~ s(TMP_scaled_lag, k = 10, bs = 'cr') + s(PREC_scaled_lag, k = 10, bs = 'cr') + s(HUM_scaled_lag, k = 10, bs = 'cr') + s(WET_scaled_lag, k = 10, bs = 'cr') + s(PLS_Comp1, k = 10, bs = 'cr') + s(PLS_Comp2, k = 10, bs = 'cr') + s(PLS_Comp3, k = 10, bs = 'cr') + s(lat, lon, bs = 'sos', k = 20) + s(year, bs = 'cr', k = 8) + s(Region, bs = 're') + climate_zone",4.46632872874534,33,FALSE
"C","Model C (TMP, PREC, HUM, WET)","3GCREC","3GCR-Ec",70,1,3,2,3,953.533638214363,1174.97101317936,86.899803385238,531.178345714965,NA,4.47337268478396,691,60,"logit_R ~ s(TMP_scaled_lag, k = 10, bs = 'cr') + s(PREC_scaled_lag, k = 10, bs = 'cr') + s(HUM_scaled_lag, k = 10, bs = 'cr') + s(WET_scaled_lag, k = 10, bs = 'cr') + s(PLS_Comp1, k = 10, bs = 'cr') + s(PLS_Comp2, k = 10, bs = 'cr') + s(PLS_Comp3, k = 10, bs = 'cr') + s(lat, lon, bs = 'sos', k = 20) + s(year, bs = 'cr', k = 8) + s(Region, bs = 're') + climate_zone",4.74524686799259,34,FALSE
"C","Model C (TMP, PREC, HUM, WET)","3GCREC","3GCR-Ec",64,1,1,2,3,953.53368025784,1174.97114687062,86.8998033538913,531.178344863591,NA,1.06842378988926,691,60,"logit_R ~ s(TMP_scaled_lag, k = 10, bs = 'cr') + s(PREC_scaled_lag, k = 10, bs = 'cr') + s(HUM_scaled_lag, k = 10, bs = 'cr') + s(WET_scaled_lag, k = 10, bs = 'cr') + s(PLS_Comp1, k = 10, bs = 'cr') + s(PLS_Comp2, k = 10, bs = 'cr') + s(PLS_Comp3, k = 10, bs = 'cr') + s(lat, lon, bs = 'sos', k = 20) + s(year, bs = 'cr', k = 8) + s(Region, bs = 're') + climate_zone",4.74528891146929,35,FALSE
"C","Model C (TMP, PREC, HUM, WET)","3GCREC","3GCR-Ec",67,1,2,2,3,953.53553822637,1174.97761410977,86.8998066408737,531.178348535829,NA,1.55840997181617,691,60,"logit_R ~ s(TMP_scaled_lag, k = 10, bs = 'cr') + s(PREC_scaled_lag, k = 10, bs = 'cr') + s(HUM_scaled_lag, k = 10, bs = 'cr') + s(WET_scaled_lag, k = 10, bs = 'cr') + s(PLS_Comp1, k = 10, bs = 'cr') + s(PLS_Comp2, k = 10, bs = 'cr') + s(PLS_Comp3, k = 10, bs = 'cr') + s(lat, lon, bs = 'sos', k = 20) + s(year, bs = 'cr', k = 8) + s(Region, bs = 're') + climate_zone",4.74714687999892,36,FALSE
"C","Model C (TMP, PREC, HUM, WET)","3GCREC","3GCR-Ec",62,2,3,1,3,953.640775423084,1180.20371656781,86.940533436709,531.094264634096,NA,4.46847573998974,691,60,"logit_R ~ s(TMP_scaled_lag, k = 10, bs = 'cr') + s(PREC_scaled_lag, k = 10, bs = 'cr') + s(HUM_scaled_lag, k = 10, bs = 'cr') + s(WET_scaled_lag, k = 10, bs = 'cr') + s(PLS_Comp1, k = 10, bs = 'cr') + s(PLS_Comp2, k = 10, bs = 'cr') + s(PLS_Comp3, k = 10, bs = 'cr') + s(lat, lon, bs = 'sos', k = 20) + s(year, bs = 'cr', k = 8) + s(Region, bs = 're') + climate_zone",4.85238407671329,37,FALSE
"C","Model C (TMP, PREC, HUM, WET)","3GCREC","3GCR-Ec",26,2,3,3,1,953.654641080125,1173.54981474339,86.8846153239514,531.340982675431,NA,1.65422086591015,691,60,"logit_R ~ s(TMP_scaled_lag, k = 10, bs = 'cr') + s(PREC_scaled_lag, k = 10, bs = 'cr') + s(HUM_scaled_lag, k = 10, bs = 'cr') + s(WET_scaled_lag, k = 10, bs = 'cr') + s(PLS_Comp1, k = 10, bs = 'cr') + s(PLS_Comp2, k = 10, bs = 'cr') + s(PLS_Comp3, k = 10, bs = 'cr') + s(lat, lon, bs = 'sos', k = 20) + s(year, bs = 'cr', k = 8) + s(Region, bs = 're') + climate_zone",4.86624973375444,38,FALSE
"C","Model C (TMP, PREC, HUM, WET)","3GCREC","3GCR-Ec",20,2,1,3,1,953.659684143092,1173.56675370589,86.8846191118385,531.340980308325,NA,4.436737655546,691,60,"logit_R ~ s(TMP_scaled_lag, k = 10, bs = 'cr') + s(PREC_scaled_lag, k = 10, bs = 'cr') + s(HUM_scaled_lag, k = 10, bs = 'cr') + s(WET_scaled_lag, k = 10, bs = 'cr') + s(PLS_Comp1, k = 10, bs = 'cr') + s(PLS_Comp2, k = 10, bs = 'cr') + s(PLS_Comp3, k = 10, bs = 'cr') + s(lat, lon, bs = 'sos', k = 20) + s(year, bs = 'cr', k = 8) + s(Region, bs = 're') + climate_zone",4.87129279672126,39,FALSE
"C","Model C (TMP, PREC, HUM, WET)","3GCREC","3GCR-Ec",59,2,2,1,3,953.694277792829,1180.38082177465,86.9405517792648,531.094273496015,NA,1.04370545151152,691,60,"logit_R ~ s(TMP_scaled_lag, k = 10, bs = 'cr') + s(PREC_scaled_lag, k = 10, bs = 'cr') + s(HUM_scaled_lag, k = 10, bs = 'cr') + s(WET_scaled_lag, k = 10, bs = 'cr') + s(PLS_Comp1, k = 10, bs = 'cr') + s(PLS_Comp2, k = 10, bs = 'cr') + s(PLS_Comp3, k = 10, bs = 'cr') + s(lat, lon, bs = 'sos', k = 20) + s(year, bs = 'cr', k = 8) + s(Region, bs = 're') + climate_zone",4.90588644645834,40,FALSE
"C","Model C (TMP, PREC, HUM, WET)","3GCREC","3GCR-Ec",52,1,3,3,2,953.792410074488,1185.27373712756,86.9785779774309,530.358399788012,NA,1.68153927771929,691,60,"logit_R ~ s(TMP_scaled_lag, k = 10, bs = 'cr') + s(PREC_scaled_lag, k = 10, bs = 'cr') + s(HUM_scaled_lag, k = 10, bs = 'cr') + s(WET_scaled_lag, k = 10, bs = 'cr') + s(PLS_Comp1, k = 10, bs = 'cr') + s(PLS_Comp2, k = 10, bs = 'cr') + s(PLS_Comp3, k = 10, bs = 'cr') + s(lat, lon, bs = 'sos', k = 20) + s(year, bs = 'cr', k = 8) + s(Region, bs = 're') + climate_zone",5.0040187281171,41,FALSE
"C","Model C (TMP, PREC, HUM, WET)","3GCREC","3GCR-Ec",25,1,3,3,1,953.792563202951,1185.27430787715,86.9785785601161,530.358398806924,NA,1.65341782836975,691,60,"logit_R ~ s(TMP_scaled_lag, k = 10, bs = 'cr') + s(PREC_scaled_lag, k = 10, bs = 'cr') + s(HUM_scaled_lag, k = 10, bs = 'cr') + s(WET_scaled_lag, k = 10, bs = 'cr') + s(PLS_Comp1, k = 10, bs = 'cr') + s(PLS_Comp2, k = 10, bs = 'cr') + s(PLS_Comp3, k = 10, bs = 'cr') + s(lat, lon, bs = 'sos', k = 20) + s(year, bs = 'cr', k = 8) + s(Region, bs = 're') + climate_zone",5.00417185658,42,FALSE
"C","Model C (TMP, PREC, HUM, WET)","3GCREC","3GCR-Ec",19,1,1,3,1,953.792634767023,1185.27458327798,86.9785789043766,530.358392696163,NA,4.44123949316802,691,60,"logit_R ~ s(TMP_scaled_lag, k = 10, bs = 'cr') + s(PREC_scaled_lag, k = 10, bs = 'cr') + s(HUM_scaled_lag, k = 10, bs = 'cr') + s(WET_scaled_lag, k = 10, bs = 'cr') + s(PLS_Comp1, k = 10, bs = 'cr') + s(PLS_Comp2, k = 10, bs = 'cr') + s(PLS_Comp3, k = 10, bs = 'cr') + s(lat, lon, bs = 'sos', k = 20) + s(year, bs = 'cr', k = 8) + s(Region, bs = 're') + climate_zone",5.00424342065241,43,FALSE
"C","Model C (TMP, PREC, HUM, WET)","3GCREC","3GCR-Ec",46,1,1,3,2,953.79266867808,1185.2746957698,86.9785789179485,530.358394948638,NA,1.08684728644078,691,60,"logit_R ~ s(TMP_scaled_lag, k = 10, bs = 'cr') + s(PREC_scaled_lag, k = 10, bs = 'cr') + s(HUM_scaled_lag, k = 10, bs = 'cr') + s(WET_scaled_lag, k = 10, bs = 'cr') + s(PLS_Comp1, k = 10, bs = 'cr') + s(PLS_Comp2, k = 10, bs = 'cr') + s(PLS_Comp3, k = 10, bs = 'cr') + s(lat, lon, bs = 'sos', k = 20) + s(year, bs = 'cr', k = 8) + s(Region, bs = 're') + climate_zone",5.00427733170977,44,FALSE
"C","Model C (TMP, PREC, HUM, WET)","3GCREC","3GCR-Ec",22,1,2,3,1,953.793363845252,1185.277120579,86.9785801824395,530.358400849783,NA,1.11610233276845,691,60,"logit_R ~ s(TMP_scaled_lag, k = 10, bs = 'cr') + s(PREC_scaled_lag, k = 10, bs = 'cr') + s(HUM_scaled_lag, k = 10, bs = 'cr') + s(WET_scaled_lag, k = 10, bs = 'cr') + s(PLS_Comp1, k = 10, bs = 'cr') + s(PLS_Comp2, k = 10, bs = 'cr') + s(PLS_Comp3, k = 10, bs = 'cr') + s(lat, lon, bs = 'sos', k = 20) + s(year, bs = 'cr', k = 8) + s(Region, bs = 're') + climate_zone",5.00497249888178,45,FALSE
"C","Model C (TMP, PREC, HUM, WET)","3GCREC","3GCR-Ec",49,1,2,3,2,953.793447960469,1185.27737988299,86.9785800522646,530.358395557033,NA,4.66409393339546,691,60,"logit_R ~ s(TMP_scaled_lag, k = 10, bs = 'cr') + s(PREC_scaled_lag, k = 10, bs = 'cr') + s(HUM_scaled_lag, k = 10, bs = 'cr') + s(WET_scaled_lag, k = 10, bs = 'cr') + s(PLS_Comp1, k = 10, bs = 'cr') + s(PLS_Comp2, k = 10, bs = 'cr') + s(PLS_Comp3, k = 10, bs = 'cr') + s(lat, lon, bs = 'sos', k = 20) + s(year, bs = 'cr', k = 8) + s(Region, bs = 're') + climate_zone",5.00505661409829,46,FALSE
"C","Model C (TMP, PREC, HUM, WET)","3GCREC","3GCR-Ec",71,2,3,2,3,953.794044670247,1163.15487121646,86.7935370025405,532.181671680289,NA,4.47478715825349,691,60,"logit_R ~ s(TMP_scaled_lag, k = 10, bs = 'cr') + s(PREC_scaled_lag, k = 10, bs = 'cr') + s(HUM_scaled_lag, k = 10, bs = 'cr') + s(WET_scaled_lag, k = 10, bs = 'cr') + s(PLS_Comp1, k = 10, bs = 'cr') + s(PLS_Comp2, k = 10, bs = 'cr') + s(PLS_Comp3, k = 10, bs = 'cr') + s(lat, lon, bs = 'sos', k = 20) + s(year, bs = 'cr', k = 8) + s(Region, bs = 're') + climate_zone",5.00565332387589,47,FALSE
"C","Model C (TMP, PREC, HUM, WET)","3GCREC","3GCR-Ec",54,3,3,3,2,953.866758035689,1183.65713519109,86.9631246707471,530.825131135293,NA,1.67379570511039,691,60,"logit_R ~ s(TMP_scaled_lag, k = 10, bs = 'cr') + s(PREC_scaled_lag, k = 10, bs = 'cr') + s(HUM_scaled_lag, k = 10, bs = 'cr') + s(WET_scaled_lag, k = 10, bs = 'cr') + s(PLS_Comp1, k = 10, bs = 'cr') + s(PLS_Comp2, k = 10, bs = 'cr') + s(PLS_Comp3, k = 10, bs = 'cr') + s(lat, lon, bs = 'sos', k = 20) + s(year, bs = 'cr', k = 8) + s(Region, bs = 're') + climate_zone",5.07836668931884,48,FALSE
"C","Model C (TMP, PREC, HUM, WET)","3GCREC","3GCR-Ec",51,3,2,3,2,953.867430604296,1183.65954239304,86.9631264046,530.825138590523,NA,4.67365131241632,691,60,"logit_R ~ s(TMP_scaled_lag, k = 10, bs = 'cr') + s(PREC_scaled_lag, k = 10, bs = 'cr') + s(HUM_scaled_lag, k = 10, bs = 'cr') + s(WET_scaled_lag, k = 10, bs = 'cr') + s(PLS_Comp1, k = 10, bs = 'cr') + s(PLS_Comp2, k = 10, bs = 'cr') + s(PLS_Comp3, k = 10, bs = 'cr') + s(lat, lon, bs = 'sos', k = 20) + s(year, bs = 'cr', k = 8) + s(Region, bs = 're') + climate_zone",5.07903925792584,49,FALSE
"C","Model C (TMP, PREC, HUM, WET)","3GCREC","3GCR-Ec",48,3,1,3,2,953.872273825636,1183.67582262609,86.9631301246367,530.825134526614,NA,1.09949422994212,691,60,"logit_R ~ s(TMP_scaled_lag, k = 10, bs = 'cr') + s(PREC_scaled_lag, k = 10, bs = 'cr') + s(HUM_scaled_lag, k = 10, bs = 'cr') + s(WET_scaled_lag, k = 10, bs = 'cr') + s(PLS_Comp1, k = 10, bs = 'cr') + s(PLS_Comp2, k = 10, bs = 'cr') + s(PLS_Comp3, k = 10, bs = 'cr') + s(lat, lon, bs = 'sos', k = 20) + s(year, bs = 'cr', k = 8) + s(Region, bs = 're') + climate_zone",5.08388247926518,50,FALSE
"C","Model C (TMP, PREC, HUM, WET)","3GCREC","3GCR-Ec",27,3,3,3,1,953.978941640078,1183.79053900651,86.9611844344025,530.891606471595,NA,1.68875744199004,691,60,"logit_R ~ s(TMP_scaled_lag, k = 10, bs = 'cr') + s(PREC_scaled_lag, k = 10, bs = 'cr') + s(HUM_scaled_lag, k = 10, bs = 'cr') + s(WET_scaled_lag, k = 10, bs = 'cr') + s(PLS_Comp1, k = 10, bs = 'cr') + s(PLS_Comp2, k = 10, bs = 'cr') + s(PLS_Comp3, k = 10, bs = 'cr') + s(lat, lon, bs = 'sos', k = 20) + s(year, bs = 'cr', k = 8) + s(Region, bs = 're') + climate_zone",5.19055029370759,51,FALSE
"C","Model C (TMP, PREC, HUM, WET)","3GCREC","3GCR-Ec",24,3,2,3,1,953.979477140504,1183.7924238017,86.9611855504608,530.891609975763,NA,1.09643100592768,691,60,"logit_R ~ s(TMP_scaled_lag, k = 10, bs = 'cr') + s(PREC_scaled_lag, k = 10, bs = 'cr') + s(HUM_scaled_lag, k = 10, bs = 'cr') + s(WET_scaled_lag, k = 10, bs = 'cr') + s(PLS_Comp1, k = 10, bs = 'cr') + s(PLS_Comp2, k = 10, bs = 'cr') + s(PLS_Comp3, k = 10, bs = 'cr') + s(lat, lon, bs = 'sos', k = 20) + s(year, bs = 'cr', k = 8) + s(Region, bs = 're') + climate_zone",5.19108579413364,52,FALSE
"C","Model C (TMP, PREC, HUM, WET)","3GCREC","3GCR-Ec",21,3,1,3,1,953.98729319374,1183.81879964542,86.9611924079565,530.891611452386,NA,4.45281904331497,691,60,"logit_R ~ s(TMP_scaled_lag, k = 10, bs = 'cr') + s(PREC_scaled_lag, k = 10, bs = 'cr') + s(HUM_scaled_lag, k = 10, bs = 'cr') + s(WET_scaled_lag, k = 10, bs = 'cr') + s(PLS_Comp1, k = 10, bs = 'cr') + s(PLS_Comp2, k = 10, bs = 'cr') + s(PLS_Comp3, k = 10, bs = 'cr') + s(lat, lon, bs = 'sos', k = 20) + s(year, bs = 'cr', k = 8) + s(Region, bs = 're') + climate_zone",5.19890184736948,53,FALSE
"C","Model C (TMP, PREC, HUM, WET)","3GCREC","3GCR-Ec",80,2,3,3,3,954.124557138997,1180.22901126985,86.9275650341846,531.182115949126,NA,4.65025519114602,691,60,"logit_R ~ s(TMP_scaled_lag, k = 10, bs = 'cr') + s(PREC_scaled_lag, k = 10, bs = 'cr') + s(HUM_scaled_lag, k = 10, bs = 'cr') + s(WET_scaled_lag, k = 10, bs = 'cr') + s(PLS_Comp1, k = 10, bs = 'cr') + s(PLS_Comp2, k = 10, bs = 'cr') + s(PLS_Comp3, k = 10, bs = 'cr') + s(lat, lon, bs = 'sos', k = 20) + s(year, bs = 'cr', k = 8) + s(Region, bs = 're') + climate_zone",5.33616579262593,54,FALSE
"C","Model C (TMP, PREC, HUM, WET)","3GCREC","3GCR-Ec",77,2,2,3,3,954.124871121378,1180.23015947608,86.9275660494786,531.182117667332,NA,1.61550004591679,691,60,"logit_R ~ s(TMP_scaled_lag, k = 10, bs = 'cr') + s(PREC_scaled_lag, k = 10, bs = 'cr') + s(HUM_scaled_lag, k = 10, bs = 'cr') + s(WET_scaled_lag, k = 10, bs = 'cr') + s(PLS_Comp1, k = 10, bs = 'cr') + s(PLS_Comp2, k = 10, bs = 'cr') + s(PLS_Comp3, k = 10, bs = 'cr') + s(lat, lon, bs = 'sos', k = 20) + s(year, bs = 'cr', k = 8) + s(Region, bs = 're') + climate_zone",5.33647977500755,55,FALSE
"C","Model C (TMP, PREC, HUM, WET)","3GCREC","3GCR-Ec",74,2,1,3,3,954.126424740642,1180.23558988077,86.9275689801962,531.182116436496,NA,1.62040972017732,691,60,"logit_R ~ s(TMP_scaled_lag, k = 10, bs = 'cr') + s(PREC_scaled_lag, k = 10, bs = 'cr') + s(HUM_scaled_lag, k = 10, bs = 'cr') + s(WET_scaled_lag, k = 10, bs = 'cr') + s(PLS_Comp1, k = 10, bs = 'cr') + s(PLS_Comp2, k = 10, bs = 'cr') + s(PLS_Comp3, k = 10, bs = 'cr') + s(lat, lon, bs = 'sos', k = 20) + s(year, bs = 'cr', k = 8) + s(Region, bs = 're') + climate_zone",5.33803339427141,56,FALSE
"C","Model C (TMP, PREC, HUM, WET)","3GCREC","3GCR-Ec",34,1,3,1,2,954.354751723398,1186.4542097658,86.9731133810391,530.374438987442,NA,1.09125744845803,691,60,"logit_R ~ s(TMP_scaled_lag, k = 10, bs = 'cr') + s(PREC_scaled_lag, k = 10, bs = 'cr') + s(HUM_scaled_lag, k = 10, bs = 'cr') + s(WET_scaled_lag, k = 10, bs = 'cr') + s(PLS_Comp1, k = 10, bs = 'cr') + s(PLS_Comp2, k = 10, bs = 'cr') + s(PLS_Comp3, k = 10, bs = 'cr') + s(lat, lon, bs = 'sos', k = 20) + s(year, bs = 'cr', k = 8) + s(Region, bs = 're') + climate_zone",5.56636037702719,57,FALSE
"C","Model C (TMP, PREC, HUM, WET)","3GCREC","3GCR-Ec",7,1,3,1,1,954.354860976058,1186.45461185132,86.9731137543409,530.374458591966,NA,1.57355786569153,691,60,"logit_R ~ s(TMP_scaled_lag, k = 10, bs = 'cr') + s(PREC_scaled_lag, k = 10, bs = 'cr') + s(HUM_scaled_lag, k = 10, bs = 'cr') + s(WET_scaled_lag, k = 10, bs = 'cr') + s(PLS_Comp1, k = 10, bs = 'cr') + s(PLS_Comp2, k = 10, bs = 'cr') + s(PLS_Comp3, k = 10, bs = 'cr') + s(lat, lon, bs = 'sos', k = 20) + s(year, bs = 'cr', k = 8) + s(Region, bs = 're') + climate_zone",5.56646962968773,58,FALSE
"C","Model C (TMP, PREC, HUM, WET)","3GCREC","3GCR-Ec",56,2,1,1,3,954.531318985416,1174.14533368486,86.865610124879,531.767774997591,NA,1.57597375160848,691,60,"logit_R ~ s(TMP_scaled_lag, k = 10, bs = 'cr') + s(PREC_scaled_lag, k = 10, bs = 'cr') + s(HUM_scaled_lag, k = 10, bs = 'cr') + s(WET_scaled_lag, k = 10, bs = 'cr') + s(PLS_Comp1, k = 10, bs = 'cr') + s(PLS_Comp2, k = 10, bs = 'cr') + s(PLS_Comp3, k = 10, bs = 'cr') + s(lat, lon, bs = 'sos', k = 20) + s(year, bs = 'cr', k = 8) + s(Region, bs = 're') + climate_zone",5.74292763904509,59,FALSE
"C","Model C (TMP, PREC, HUM, WET)","3GCREC","3GCR-Ec",79,1,3,3,3,955.200039240453,1186.37021712484,86.9494355556413,530.938614376959,NA,4.63718136831465,691,60,"logit_R ~ s(TMP_scaled_lag, k = 10, bs = 'cr') + s(PREC_scaled_lag, k = 10, bs = 'cr') + s(HUM_scaled_lag, k = 10, bs = 'cr') + s(WET_scaled_lag, k = 10, bs = 'cr') + s(PLS_Comp1, k = 10, bs = 'cr') + s(PLS_Comp2, k = 10, bs = 'cr') + s(PLS_Comp3, k = 10, bs = 'cr') + s(lat, lon, bs = 'sos', k = 20) + s(year, bs = 'cr', k = 8) + s(Region, bs = 're') + climate_zone",6.41164789408231,60,FALSE
"C","Model C (TMP, PREC, HUM, WET)","3GCREC","3GCR-Ec",73,1,1,3,3,955.200249873668,1186.37098889941,86.9494362481512,530.93860896375,NA,1.6262770002414,691,60,"logit_R ~ s(TMP_scaled_lag, k = 10, bs = 'cr') + s(PREC_scaled_lag, k = 10, bs = 'cr') + s(HUM_scaled_lag, k = 10, bs = 'cr') + s(WET_scaled_lag, k = 10, bs = 'cr') + s(PLS_Comp1, k = 10, bs = 'cr') + s(PLS_Comp2, k = 10, bs = 'cr') + s(PLS_Comp3, k = 10, bs = 'cr') + s(lat, lon, bs = 'sos', k = 20) + s(year, bs = 'cr', k = 8) + s(Region, bs = 're') + climate_zone",6.411858527297,61,FALSE
"C","Model C (TMP, PREC, HUM, WET)","3GCREC","3GCR-Ec",76,1,2,3,3,955.201001537938,1186.37359309757,86.9494374713245,530.938611323043,NA,1.62376323267331,691,60,"logit_R ~ s(TMP_scaled_lag, k = 10, bs = 'cr') + s(PREC_scaled_lag, k = 10, bs = 'cr') + s(HUM_scaled_lag, k = 10, bs = 'cr') + s(WET_scaled_lag, k = 10, bs = 'cr') + s(PLS_Comp1, k = 10, bs = 'cr') + s(PLS_Comp2, k = 10, bs = 'cr') + s(PLS_Comp3, k = 10, bs = 'cr') + s(lat, lon, bs = 'sos', k = 20) + s(year, bs = 'cr', k = 8) + s(Region, bs = 're') + climate_zone",6.41261019156752,62,FALSE
"C","Model C (TMP, PREC, HUM, WET)","3GCREC","3GCR-Ec",61,1,3,1,3,955.787551305332,1187.53428013683,86.9431368884731,530.960490142303,NA,4.45938626044657,691,60,"logit_R ~ s(TMP_scaled_lag, k = 10, bs = 'cr') + s(PREC_scaled_lag, k = 10, bs = 'cr') + s(HUM_scaled_lag, k = 10, bs = 'cr') + s(WET_scaled_lag, k = 10, bs = 'cr') + s(PLS_Comp1, k = 10, bs = 'cr') + s(PLS_Comp2, k = 10, bs = 'cr') + s(PLS_Comp3, k = 10, bs = 'cr') + s(lat, lon, bs = 'sos', k = 20) + s(year, bs = 'cr', k = 8) + s(Region, bs = 're') + climate_zone",6.9991599589614,63,FALSE
"C","Model C (TMP, PREC, HUM, WET)","3GCREC","3GCR-Ec",55,1,1,1,3,955.787691426724,1187.53486738298,86.9431379642113,530.960512116748,NA,1.56373838781676,691,60,"logit_R ~ s(TMP_scaled_lag, k = 10, bs = 'cr') + s(PREC_scaled_lag, k = 10, bs = 'cr') + s(HUM_scaled_lag, k = 10, bs = 'cr') + s(WET_scaled_lag, k = 10, bs = 'cr') + s(PLS_Comp1, k = 10, bs = 'cr') + s(PLS_Comp2, k = 10, bs = 'cr') + s(PLS_Comp3, k = 10, bs = 'cr') + s(lat, lon, bs = 'sos', k = 20) + s(year, bs = 'cr', k = 8) + s(Region, bs = 're') + climate_zone",6.9993000803529,64,FALSE
"C","Model C (TMP, PREC, HUM, WET)","3GCREC","3GCR-Ec",58,1,2,1,3,955.796148276449,1187.5625919842,86.9431386184856,530.960486568815,NA,1.10657586644011,691,60,"logit_R ~ s(TMP_scaled_lag, k = 10, bs = 'cr') + s(PREC_scaled_lag, k = 10, bs = 'cr') + s(HUM_scaled_lag, k = 10, bs = 'cr') + s(WET_scaled_lag, k = 10, bs = 'cr') + s(PLS_Comp1, k = 10, bs = 'cr') + s(PLS_Comp2, k = 10, bs = 'cr') + s(PLS_Comp3, k = 10, bs = 'cr') + s(lat, lon, bs = 'sos', k = 20) + s(year, bs = 'cr', k = 8) + s(Region, bs = 're') + climate_zone",7.00775693007824,65,FALSE
"C","Model C (TMP, PREC, HUM, WET)","3GCREC","3GCR-Ec",40,1,2,2,2,1197.35835733784,1435.78364919684,86.6010062432183,649.610898763407,NA,4.55136902109063,765,74,"logit_R ~ s(TMP_scaled_lag, k = 10, bs = 'cr') + s(PREC_scaled_lag, k = 10, bs = 'cr') + s(HUM_scaled_lag, k = 10, bs = 'cr') + s(WET_scaled_lag, k = 10, bs = 'cr') + s(PLS_Comp1, k = 10, bs = 'cr') + s(PLS_Comp2, k = 10, bs = 'cr') + s(PLS_Comp3, k = 10, bs = 'cr') + s(lat, lon, bs = 'sos', k = 20) + s(year, bs = 'cr', k = 8) + s(Region, bs = 're') + climate_zone",248.569965991472,66,FALSE
"C","Model C (TMP, PREC, HUM, WET)","3GCREC","3GCR-Ec",28,1,1,1,2,1200.46153431819,1448.13207982417,86.6164447667875,649.461346940209,NA,1.6137127352847,765,74,"logit_R ~ s(TMP_scaled_lag, k = 10, bs = 'cr') + s(PREC_scaled_lag, k = 10, bs = 'cr') + s(HUM_scaled_lag, k = 10, bs = 'cr') + s(WET_scaled_lag, k = 10, bs = 'cr') + s(PLS_Comp1, k = 10, bs = 'cr') + s(PLS_Comp2, k = 10, bs = 'cr') + s(PLS_Comp3, k = 10, bs = 'cr') + s(lat, lon, bs = 'sos', k = 20) + s(year, bs = 'cr', k = 8) + s(Region, bs = 're') + climate_zone",251.673142971821,67,FALSE
"C","Model C (TMP, PREC, HUM, WET)","3GCREC","3GCR-Ec",31,1,2,1,2,1200.46159029487,1448.13229711796,86.6164450039899,649.461338443389,NA,4.42297421789397,765,74,"logit_R ~ s(TMP_scaled_lag, k = 10, bs = 'cr') + s(PREC_scaled_lag, k = 10, bs = 'cr') + s(HUM_scaled_lag, k = 10, bs = 'cr') + s(WET_scaled_lag, k = 10, bs = 'cr') + s(PLS_Comp1, k = 10, bs = 'cr') + s(PLS_Comp2, k = 10, bs = 'cr') + s(PLS_Comp3, k = 10, bs = 'cr') + s(lat, lon, bs = 'sos', k = 20) + s(year, bs = 'cr', k = 8) + s(Region, bs = 're') + climate_zone",251.673198948503,68,FALSE
"C","Model C (TMP, PREC, HUM, WET)","3GCREC","3GCR-Ec",38,2,1,2,2,1201.93749153916,1433.25341665663,86.4664573673804,651.630462520311,NA,1.63992482320611,765,74,"logit_R ~ s(TMP_scaled_lag, k = 10, bs = 'cr') + s(PREC_scaled_lag, k = 10, bs = 'cr') + s(HUM_scaled_lag, k = 10, bs = 'cr') + s(WET_scaled_lag, k = 10, bs = 'cr') + s(PLS_Comp1, k = 10, bs = 'cr') + s(PLS_Comp2, k = 10, bs = 'cr') + s(PLS_Comp3, k = 10, bs = 'cr') + s(lat, lon, bs = 'sos', k = 20) + s(year, bs = 'cr', k = 8) + s(Region, bs = 're') + climate_zone",253.14910019279,69,FALSE
"C","Model C (TMP, PREC, HUM, WET)","3GCREC","3GCR-Ec",29,2,1,1,2,1203.1999697699,1442.83076667095,86.5074665648533,651.332868298032,NA,1.63581564823436,765,74,"logit_R ~ s(TMP_scaled_lag, k = 10, bs = 'cr') + s(PREC_scaled_lag, k = 10, bs = 'cr') + s(HUM_scaled_lag, k = 10, bs = 'cr') + s(WET_scaled_lag, k = 10, bs = 'cr') + s(PLS_Comp1, k = 10, bs = 'cr') + s(PLS_Comp2, k = 10, bs = 'cr') + s(PLS_Comp3, k = 10, bs = 'cr') + s(lat, lon, bs = 'sos', k = 20) + s(year, bs = 'cr', k = 8) + s(Region, bs = 're') + climate_zone",254.411578423525,70,FALSE
"C","Model C (TMP, PREC, HUM, WET)","3GCREC","3GCR-Ec",32,2,2,1,2,1203.20030617488,1442.83202334288,86.507467627896,651.332894122083,NA,4.42947057605914,765,74,"logit_R ~ s(TMP_scaled_lag, k = 10, bs = 'cr') + s(PREC_scaled_lag, k = 10, bs = 'cr') + s(HUM_scaled_lag, k = 10, bs = 'cr') + s(WET_scaled_lag, k = 10, bs = 'cr') + s(PLS_Comp1, k = 10, bs = 'cr') + s(PLS_Comp2, k = 10, bs = 'cr') + s(PLS_Comp3, k = 10, bs = 'cr') + s(lat, lon, bs = 'sos', k = 20) + s(year, bs = 'cr', k = 8) + s(Region, bs = 're') + climate_zone",254.411914828505,71,FALSE
"C","Model C (TMP, PREC, HUM, WET)","3GCREC","3GCR-Ec",41,2,2,2,2,1205.92006274426,1439.02997250335,86.4095630196221,652.18623042741,NA,4.5431648987824,765,74,"logit_R ~ s(TMP_scaled_lag, k = 10, bs = 'cr') + s(PREC_scaled_lag, k = 10, bs = 'cr') + s(HUM_scaled_lag, k = 10, bs = 'cr') + s(WET_scaled_lag, k = 10, bs = 'cr') + s(PLS_Comp1, k = 10, bs = 'cr') + s(PLS_Comp2, k = 10, bs = 'cr') + s(PLS_Comp3, k = 10, bs = 'cr') + s(lat, lon, bs = 'sos', k = 20) + s(year, bs = 'cr', k = 8) + s(Region, bs = 're') + climate_zone",257.131671397892,72,FALSE
"C","Model C (TMP, PREC, HUM, WET)","3GCREC","3GCR-Ec",13,1,2,2,1,1214.43818582767,1450.17489305156,86.2777158545411,656.278952818322,NA,1.62504434849393,765,74,"logit_R ~ s(TMP_scaled_lag, k = 10, bs = 'cr') + s(PREC_scaled_lag, k = 10, bs = 'cr') + s(HUM_scaled_lag, k = 10, bs = 'cr') + s(WET_scaled_lag, k = 10, bs = 'cr') + s(PLS_Comp1, k = 10, bs = 'cr') + s(PLS_Comp2, k = 10, bs = 'cr') + s(PLS_Comp3, k = 10, bs = 'cr') + s(lat, lon, bs = 'sos', k = 20) + s(year, bs = 'cr', k = 8) + s(Region, bs = 're') + climate_zone",265.649794481303,73,FALSE
"C","Model C (TMP, PREC, HUM, WET)","3GCREC","3GCR-Ec",4,1,2,1,1,1214.56685094192,1450.94487512485,86.2803662775898,656.168293417637,NA,1.64110637617252,765,74,"logit_R ~ s(TMP_scaled_lag, k = 10, bs = 'cr') + s(PREC_scaled_lag, k = 10, bs = 'cr') + s(HUM_scaled_lag, k = 10, bs = 'cr') + s(WET_scaled_lag, k = 10, bs = 'cr') + s(PLS_Comp1, k = 10, bs = 'cr') + s(PLS_Comp2, k = 10, bs = 'cr') + s(PLS_Comp3, k = 10, bs = 'cr') + s(lat, lon, bs = 'sos', k = 20) + s(year, bs = 'cr', k = 8) + s(Region, bs = 're') + climate_zone",265.77845959555,74,FALSE
"C","Model C (TMP, PREC, HUM, WET)","3GCREC","3GCR-Ec",2,2,1,1,1,1215.51826091439,1445.83345820834,86.2162859776774,657.193054017839,NA,4.64933549166492,765,74,"logit_R ~ s(TMP_scaled_lag, k = 10, bs = 'cr') + s(PREC_scaled_lag, k = 10, bs = 'cr') + s(HUM_scaled_lag, k = 10, bs = 'cr') + s(WET_scaled_lag, k = 10, bs = 'cr') + s(PLS_Comp1, k = 10, bs = 'cr') + s(PLS_Comp2, k = 10, bs = 'cr') + s(PLS_Comp3, k = 10, bs = 'cr') + s(lat, lon, bs = 'sos', k = 20) + s(year, bs = 'cr', k = 8) + s(Region, bs = 're') + climate_zone",266.729869568023,75,FALSE
"C","Model C (TMP, PREC, HUM, WET)","3GCREC","3GCR-Ec",10,1,1,2,1,1215.69568861297,1448.58733979805,86.2330890205811,657.271567795444,NA,4.53895710919231,765,74,"logit_R ~ s(TMP_scaled_lag, k = 10, bs = 'cr') + s(PREC_scaled_lag, k = 10, bs = 'cr') + s(HUM_scaled_lag, k = 10, bs = 'cr') + s(WET_scaled_lag, k = 10, bs = 'cr') + s(PLS_Comp1, k = 10, bs = 'cr') + s(PLS_Comp2, k = 10, bs = 'cr') + s(PLS_Comp3, k = 10, bs = 'cr') + s(lat, lon, bs = 'sos', k = 20) + s(year, bs = 'cr', k = 8) + s(Region, bs = 're') + climate_zone",266.907297266597,76,FALSE
"C","Model C (TMP, PREC, HUM, WET)","3GCREC","3GCR-Ec",37,1,1,2,2,1216.29782567834,1440.33920885108,86.1533707590154,653.611533555129,NA,1.59966580982234,765,74,"logit_R ~ s(TMP_scaled_lag, k = 10, bs = 'cr') + s(PREC_scaled_lag, k = 10, bs = 'cr') + s(HUM_scaled_lag, k = 10, bs = 'cr') + s(WET_scaled_lag, k = 10, bs = 'cr') + s(PLS_Comp1, k = 10, bs = 'cr') + s(PLS_Comp2, k = 10, bs = 'cr') + s(PLS_Comp3, k = 10, bs = 'cr') + s(lat, lon, bs = 'sos', k = 20) + s(year, bs = 'cr', k = 8) + s(Region, bs = 're') + climate_zone",267.50943433197,77,FALSE
"C","Model C (TMP, PREC, HUM, WET)","3GCREC","3GCR-Ec",14,2,2,2,1,1216.44643137623,1446.19271773083,86.1951275689779,657.433591456766,NA,1.63298425998132,765,74,"logit_R ~ s(TMP_scaled_lag, k = 10, bs = 'cr') + s(PREC_scaled_lag, k = 10, bs = 'cr') + s(HUM_scaled_lag, k = 10, bs = 'cr') + s(WET_scaled_lag, k = 10, bs = 'cr') + s(PLS_Comp1, k = 10, bs = 'cr') + s(PLS_Comp2, k = 10, bs = 'cr') + s(PLS_Comp3, k = 10, bs = 'cr') + s(lat, lon, bs = 'sos', k = 20) + s(year, bs = 'cr', k = 8) + s(Region, bs = 're') + climate_zone",267.658040029863,78,FALSE
"C","Model C (TMP, PREC, HUM, WET)","3GCREC","3GCR-Ec",11,2,1,2,1,1216.44648139657,1446.19262936124,86.1951255898685,657.433581668914,NA,4.53543199675484,765,74,"logit_R ~ s(TMP_scaled_lag, k = 10, bs = 'cr') + s(PREC_scaled_lag, k = 10, bs = 'cr') + s(HUM_scaled_lag, k = 10, bs = 'cr') + s(WET_scaled_lag, k = 10, bs = 'cr') + s(PLS_Comp1, k = 10, bs = 'cr') + s(PLS_Comp2, k = 10, bs = 'cr') + s(PLS_Comp3, k = 10, bs = 'cr') + s(lat, lon, bs = 'sos', k = 20) + s(year, bs = 'cr', k = 8) + s(Region, bs = 're') + climate_zone",267.658090050204,79,FALSE
"C","Model C (TMP, PREC, HUM, WET)","3GCREC","3GCR-Ec",5,2,2,1,1,1218.2884649003,1456.70327616385,86.2292726255379,657.166180135479,NA,1.70966179245487,765,74,"logit_R ~ s(TMP_scaled_lag, k = 10, bs = 'cr') + s(PREC_scaled_lag, k = 10, bs = 'cr') + s(HUM_scaled_lag, k = 10, bs = 'cr') + s(WET_scaled_lag, k = 10, bs = 'cr') + s(PLS_Comp1, k = 10, bs = 'cr') + s(PLS_Comp2, k = 10, bs = 'cr') + s(PLS_Comp3, k = 10, bs = 'cr') + s(lat, lon, bs = 'sos', k = 20) + s(year, bs = 'cr', k = 8) + s(Region, bs = 're') + climate_zone",269.500073553933,80,FALSE
"C","Model C (TMP, PREC, HUM, WET)","3GCREC","3GCR-Ec",1,1,1,1,1,1412.91478050396,1647.8079002214,86.9914775611913,758.411564357319,NA,4.45946949856514,847,82,"logit_R ~ s(TMP_scaled_lag, k = 10, bs = 'cr') + s(PREC_scaled_lag, k = 10, bs = 'cr') + s(HUM_scaled_lag, k = 10, bs = 'cr') + s(WET_scaled_lag, k = 10, bs = 'cr') + s(PLS_Comp1, k = 10, bs = 'cr') + s(PLS_Comp2, k = 10, bs = 'cr') + s(PLS_Comp3, k = 10, bs = 'cr') + s(lat, lon, bs = 'sos', k = 20) + s(year, bs = 'cr', k = 8) + s(Region, bs = 're') + climate_zone",464.126389157585,81,FALSE
"C","Model C (TMP, PREC, HUM, WET)","3GCRKP","3GCR-Kp",9,3,3,1,1,-136.459001534492,78.2899841183498,89.9856395916035,-12.4463298486374,0.456328410757408,1.46618585928004,545,62,"logit_R ~ s(TMP_scaled_lag, k = 10, bs = 'cr') + s(PREC_scaled_lag, k = 10, bs = 'cr') + s(HUM_scaled_lag, k = 10, bs = 'cr') + s(WET_scaled_lag, k = 10, bs = 'cr') + s(PLS_Comp1, k = 10, bs = 'cr') + s(PLS_Comp2, k = 10, bs = 'cr') + s(PLS_Comp3, k = 10, bs = 'cr') + s(PLS_Comp4, k = 10, bs = 'cr') + s(lat, lon, bs = 'sos', k = 20) + s(year, bs = 'cr', k = 8) + s(Region, bs = 're') + climate_zone",0,1,TRUE
"C","Model C (TMP, PREC, HUM, WET)","3GCRKP","3GCR-Kp",27,3,3,3,1,-136.458341266748,78.2923096293654,89.9856416886011,-12.4463054373845,NA,1.56569922090276,545,62,"logit_R ~ s(TMP_scaled_lag, k = 10, bs = 'cr') + s(PREC_scaled_lag, k = 10, bs = 'cr') + s(HUM_scaled_lag, k = 10, bs = 'cr') + s(WET_scaled_lag, k = 10, bs = 'cr') + s(PLS_Comp1, k = 10, bs = 'cr') + s(PLS_Comp2, k = 10, bs = 'cr') + s(PLS_Comp3, k = 10, bs = 'cr') + s(PLS_Comp4, k = 10, bs = 'cr') + s(lat, lon, bs = 'sos', k = 20) + s(year, bs = 'cr', k = 8) + s(Region, bs = 're') + climate_zone",0.000660267744308385,2,FALSE
"C","Model C (TMP, PREC, HUM, WET)","3GCRKP","3GCR-Kp",3,3,1,1,1,-136.457882662481,78.2937466956612,89.985641622657,-12.4463049544102,NA,4.35930353180512,545,62,"logit_R ~ s(TMP_scaled_lag, k = 10, bs = 'cr') + s(PREC_scaled_lag, k = 10, bs = 'cr') + s(HUM_scaled_lag, k = 10, bs = 'cr') + s(WET_scaled_lag, k = 10, bs = 'cr') + s(PLS_Comp1, k = 10, bs = 'cr') + s(PLS_Comp2, k = 10, bs = 'cr') + s(PLS_Comp3, k = 10, bs = 'cr') + s(PLS_Comp4, k = 10, bs = 'cr') + s(lat, lon, bs = 'sos', k = 20) + s(year, bs = 'cr', k = 8) + s(Region, bs = 're') + climate_zone",0.00111887201109084,3,FALSE
"C","Model C (TMP, PREC, HUM, WET)","3GCRKP","3GCR-Kp",21,3,1,3,1,-136.457696294106,78.2943450136071,89.9856417182264,-12.4463256191011,NA,4.262072856607,545,62,"logit_R ~ s(TMP_scaled_lag, k = 10, bs = 'cr') + s(PREC_scaled_lag, k = 10, bs = 'cr') + s(HUM_scaled_lag, k = 10, bs = 'cr') + s(WET_scaled_lag, k = 10, bs = 'cr') + s(PLS_Comp1, k = 10, bs = 'cr') + s(PLS_Comp2, k = 10, bs = 'cr') + s(PLS_Comp3, k = 10, bs = 'cr') + s(PLS_Comp4, k = 10, bs = 'cr') + s(lat, lon, bs = 'sos', k = 20) + s(year, bs = 'cr', k = 8) + s(Region, bs = 're') + climate_zone",0.00130524038604563,4,FALSE
"C","Model C (TMP, PREC, HUM, WET)","3GCRKP","3GCR-Kp",12,3,1,2,1,-136.455476547777,78.3016303146547,89.9856442152955,-12.4463366255789,NA,4.28816410808569,545,62,"logit_R ~ s(TMP_scaled_lag, k = 10, bs = 'cr') + s(PREC_scaled_lag, k = 10, bs = 'cr') + s(HUM_scaled_lag, k = 10, bs = 'cr') + s(WET_scaled_lag, k = 10, bs = 'cr') + s(PLS_Comp1, k = 10, bs = 'cr') + s(PLS_Comp2, k = 10, bs = 'cr') + s(PLS_Comp3, k = 10, bs = 'cr') + s(PLS_Comp4, k = 10, bs = 'cr') + s(lat, lon, bs = 'sos', k = 20) + s(year, bs = 'cr', k = 8) + s(Region, bs = 're') + climate_zone",0.00352498671526291,5,FALSE
"C","Model C (TMP, PREC, HUM, WET)","3GCRKP","3GCR-Kp",75,3,1,3,3,-136.231376400708,78.4735947261113,89.9810798467261,-12.4086592802975,NA,1.55103766279091,545,62,"logit_R ~ s(TMP_scaled_lag, k = 10, bs = 'cr') + s(PREC_scaled_lag, k = 10, bs = 'cr') + s(HUM_scaled_lag, k = 10, bs = 'cr') + s(WET_scaled_lag, k = 10, bs = 'cr') + s(PLS_Comp1, k = 10, bs = 'cr') + s(PLS_Comp2, k = 10, bs = 'cr') + s(PLS_Comp3, k = 10, bs = 'cr') + s(PLS_Comp4, k = 10, bs = 'cr') + s(lat, lon, bs = 'sos', k = 20) + s(year, bs = 'cr', k = 8) + s(Region, bs = 're') + climate_zone",0.227625133784301,6,FALSE
"C","Model C (TMP, PREC, HUM, WET)","3GCRKP","3GCR-Kp",66,3,1,2,3,-136.229934418616,78.4783204593363,89.981081410504,-12.4086625122119,NA,1.04808557427227,545,62,"logit_R ~ s(TMP_scaled_lag, k = 10, bs = 'cr') + s(PREC_scaled_lag, k = 10, bs = 'cr') + s(HUM_scaled_lag, k = 10, bs = 'cr') + s(WET_scaled_lag, k = 10, bs = 'cr') + s(PLS_Comp1, k = 10, bs = 'cr') + s(PLS_Comp2, k = 10, bs = 'cr') + s(PLS_Comp3, k = 10, bs = 'cr') + s(PLS_Comp4, k = 10, bs = 'cr') + s(lat, lon, bs = 'sos', k = 20) + s(year, bs = 'cr', k = 8) + s(Region, bs = 're') + climate_zone",0.22906711587683,7,FALSE
"C","Model C (TMP, PREC, HUM, WET)","3GCRKP","3GCR-Kp",7,1,3,1,1,-135.558186669797,79.1673008916012,89.9688723316122,-12.221552541899,NA,1.54810893056541,545,62,"logit_R ~ s(TMP_scaled_lag, k = 10, bs = 'cr') + s(PREC_scaled_lag, k = 10, bs = 'cr') + s(HUM_scaled_lag, k = 10, bs = 'cr') + s(WET_scaled_lag, k = 10, bs = 'cr') + s(PLS_Comp1, k = 10, bs = 'cr') + s(PLS_Comp2, k = 10, bs = 'cr') + s(PLS_Comp3, k = 10, bs = 'cr') + s(PLS_Comp4, k = 10, bs = 'cr') + s(lat, lon, bs = 'sos', k = 20) + s(year, bs = 'cr', k = 8) + s(Region, bs = 're') + climate_zone",0.900814864695178,8,FALSE
"C","Model C (TMP, PREC, HUM, WET)","3GCRKP","3GCR-Kp",8,2,3,1,1,-135.558144317056,79.1674712908066,89.9688726480597,-12.2215507058401,NA,1.54652286224988,545,62,"logit_R ~ s(TMP_scaled_lag, k = 10, bs = 'cr') + s(PREC_scaled_lag, k = 10, bs = 'cr') + s(HUM_scaled_lag, k = 10, bs = 'cr') + s(WET_scaled_lag, k = 10, bs = 'cr') + s(PLS_Comp1, k = 10, bs = 'cr') + s(PLS_Comp2, k = 10, bs = 'cr') + s(PLS_Comp3, k = 10, bs = 'cr') + s(PLS_Comp4, k = 10, bs = 'cr') + s(lat, lon, bs = 'sos', k = 20) + s(year, bs = 'cr', k = 8) + s(Region, bs = 're') + climate_zone",0.900857217436283,9,FALSE
"C","Model C (TMP, PREC, HUM, WET)","3GCRKP","3GCR-Kp",16,1,3,2,1,-135.557758617671,79.1686740893065,89.9688725427288,-12.221582908088,NA,1.11318194987916,545,62,"logit_R ~ s(TMP_scaled_lag, k = 10, bs = 'cr') + s(PREC_scaled_lag, k = 10, bs = 'cr') + s(HUM_scaled_lag, k = 10, bs = 'cr') + s(WET_scaled_lag, k = 10, bs = 'cr') + s(PLS_Comp1, k = 10, bs = 'cr') + s(PLS_Comp2, k = 10, bs = 'cr') + s(PLS_Comp3, k = 10, bs = 'cr') + s(PLS_Comp4, k = 10, bs = 'cr') + s(lat, lon, bs = 'sos', k = 20) + s(year, bs = 'cr', k = 8) + s(Region, bs = 're') + climate_zone",0.901242916820934,10,FALSE
"C","Model C (TMP, PREC, HUM, WET)","3GCRKP","3GCR-Kp",25,1,3,3,1,-135.557728073936,79.1688268863195,89.9688730269445,-12.2215655209401,NA,1.51934565184902,545,62,"logit_R ~ s(TMP_scaled_lag, k = 10, bs = 'cr') + s(PREC_scaled_lag, k = 10, bs = 'cr') + s(HUM_scaled_lag, k = 10, bs = 'cr') + s(WET_scaled_lag, k = 10, bs = 'cr') + s(PLS_Comp1, k = 10, bs = 'cr') + s(PLS_Comp2, k = 10, bs = 'cr') + s(PLS_Comp3, k = 10, bs = 'cr') + s(PLS_Comp4, k = 10, bs = 'cr') + s(lat, lon, bs = 'sos', k = 20) + s(year, bs = 'cr', k = 8) + s(Region, bs = 're') + climate_zone",0.901273460556666,11,FALSE
"C","Model C (TMP, PREC, HUM, WET)","3GCRKP","3GCR-Kp",17,2,3,2,1,-135.557448964511,79.1697066992192,89.9688730312973,-12.2215835803713,NA,1.11365264653366,545,62,"logit_R ~ s(TMP_scaled_lag, k = 10, bs = 'cr') + s(PREC_scaled_lag, k = 10, bs = 'cr') + s(HUM_scaled_lag, k = 10, bs = 'cr') + s(WET_scaled_lag, k = 10, bs = 'cr') + s(PLS_Comp1, k = 10, bs = 'cr') + s(PLS_Comp2, k = 10, bs = 'cr') + s(PLS_Comp3, k = 10, bs = 'cr') + s(PLS_Comp4, k = 10, bs = 'cr') + s(lat, lon, bs = 'sos', k = 20) + s(year, bs = 'cr', k = 8) + s(Region, bs = 're') + climate_zone",0.901552569981391,12,FALSE
"C","Model C (TMP, PREC, HUM, WET)","3GCRKP","3GCR-Kp",26,2,3,3,1,-135.557395915632,79.1700116091493,89.9688742106337,-12.2215455396535,NA,1.51810279578424,545,62,"logit_R ~ s(TMP_scaled_lag, k = 10, bs = 'cr') + s(PREC_scaled_lag, k = 10, bs = 'cr') + s(HUM_scaled_lag, k = 10, bs = 'cr') + s(WET_scaled_lag, k = 10, bs = 'cr') + s(PLS_Comp1, k = 10, bs = 'cr') + s(PLS_Comp2, k = 10, bs = 'cr') + s(PLS_Comp3, k = 10, bs = 'cr') + s(PLS_Comp4, k = 10, bs = 'cr') + s(lat, lon, bs = 'sos', k = 20) + s(year, bs = 'cr', k = 8) + s(Region, bs = 're') + climate_zone",0.901605618860003,13,FALSE
"C","Model C (TMP, PREC, HUM, WET)","3GCRKP","3GCR-Kp",19,1,1,3,1,-135.556961489232,79.1713498219804,89.968873950424,-12.2215758973094,NA,4.31949110668508,545,62,"logit_R ~ s(TMP_scaled_lag, k = 10, bs = 'cr') + s(PREC_scaled_lag, k = 10, bs = 'cr') + s(HUM_scaled_lag, k = 10, bs = 'cr') + s(WET_scaled_lag, k = 10, bs = 'cr') + s(PLS_Comp1, k = 10, bs = 'cr') + s(PLS_Comp2, k = 10, bs = 'cr') + s(PLS_Comp3, k = 10, bs = 'cr') + s(PLS_Comp4, k = 10, bs = 'cr') + s(lat, lon, bs = 'sos', k = 20) + s(year, bs = 'cr', k = 8) + s(Region, bs = 're') + climate_zone",0.902040045260776,14,FALSE
"C","Model C (TMP, PREC, HUM, WET)","3GCRKP","3GCR-Kp",20,2,1,3,1,-135.556385561281,79.1733005483041,89.9688751172799,-12.2215535099533,NA,4.26091129258333,545,62,"logit_R ~ s(TMP_scaled_lag, k = 10, bs = 'cr') + s(PREC_scaled_lag, k = 10, bs = 'cr') + s(HUM_scaled_lag, k = 10, bs = 'cr') + s(WET_scaled_lag, k = 10, bs = 'cr') + s(PLS_Comp1, k = 10, bs = 'cr') + s(PLS_Comp2, k = 10, bs = 'cr') + s(PLS_Comp3, k = 10, bs = 'cr') + s(PLS_Comp4, k = 10, bs = 'cr') + s(lat, lon, bs = 'sos', k = 20) + s(year, bs = 'cr', k = 8) + s(Region, bs = 're') + climate_zone",0.902615973211027,15,FALSE
"C","Model C (TMP, PREC, HUM, WET)","3GCRKP","3GCR-Kp",34,1,3,1,2,-135.431917046019,79.3864244795727,89.9673428891021,-12.142506540711,NA,1.13300678013501,545,62,"logit_R ~ s(TMP_scaled_lag, k = 10, bs = 'cr') + s(PREC_scaled_lag, k = 10, bs = 'cr') + s(HUM_scaled_lag, k = 10, bs = 'cr') + s(WET_scaled_lag, k = 10, bs = 'cr') + s(PLS_Comp1, k = 10, bs = 'cr') + s(PLS_Comp2, k = 10, bs = 'cr') + s(PLS_Comp3, k = 10, bs = 'cr') + s(PLS_Comp4, k = 10, bs = 'cr') + s(lat, lon, bs = 'sos', k = 20) + s(year, bs = 'cr', k = 8) + s(Region, bs = 're') + climate_zone",1.02708448847361,16,FALSE
"C","Model C (TMP, PREC, HUM, WET)","3GCRKP","3GCR-Kp",62,2,3,1,3,-135.431884147958,79.3862303744464,89.9673403402243,-12.1424987273757,NA,4.48102899914481,545,62,"logit_R ~ s(TMP_scaled_lag, k = 10, bs = 'cr') + s(PREC_scaled_lag, k = 10, bs = 'cr') + s(HUM_scaled_lag, k = 10, bs = 'cr') + s(WET_scaled_lag, k = 10, bs = 'cr') + s(PLS_Comp1, k = 10, bs = 'cr') + s(PLS_Comp2, k = 10, bs = 'cr') + s(PLS_Comp3, k = 10, bs = 'cr') + s(PLS_Comp4, k = 10, bs = 'cr') + s(lat, lon, bs = 'sos', k = 20) + s(year, bs = 'cr', k = 8) + s(Region, bs = 're') + climate_zone",1.0271173865348,17,FALSE
"C","Model C (TMP, PREC, HUM, WET)","3GCRKP","3GCR-Kp",61,1,3,1,3,-135.43187856311,79.3862477591183,89.9673403384283,-12.1424980179236,NA,4.48945506013346,545,62,"logit_R ~ s(TMP_scaled_lag, k = 10, bs = 'cr') + s(PREC_scaled_lag, k = 10, bs = 'cr') + s(HUM_scaled_lag, k = 10, bs = 'cr') + s(WET_scaled_lag, k = 10, bs = 'cr') + s(PLS_Comp1, k = 10, bs = 'cr') + s(PLS_Comp2, k = 10, bs = 'cr') + s(PLS_Comp3, k = 10, bs = 'cr') + s(PLS_Comp4, k = 10, bs = 'cr') + s(lat, lon, bs = 'sos', k = 20) + s(year, bs = 'cr', k = 8) + s(Region, bs = 're') + climate_zone",1.0271229713822,18,FALSE
"C","Model C (TMP, PREC, HUM, WET)","3GCRKP","3GCR-Kp",80,2,3,3,3,-135.431617592126,79.3870755150908,89.9673403863232,-12.1425359641534,NA,4.67179917657033,545,62,"logit_R ~ s(TMP_scaled_lag, k = 10, bs = 'cr') + s(PREC_scaled_lag, k = 10, bs = 'cr') + s(HUM_scaled_lag, k = 10, bs = 'cr') + s(WET_scaled_lag, k = 10, bs = 'cr') + s(PLS_Comp1, k = 10, bs = 'cr') + s(PLS_Comp2, k = 10, bs = 'cr') + s(PLS_Comp3, k = 10, bs = 'cr') + s(PLS_Comp4, k = 10, bs = 'cr') + s(lat, lon, bs = 'sos', k = 20) + s(year, bs = 'cr', k = 8) + s(Region, bs = 're') + climate_zone",1.02738394236684,19,FALSE
"C","Model C (TMP, PREC, HUM, WET)","3GCRKP","3GCR-Kp",55,1,1,1,3,-135.431572840454,79.3872145983042,89.9673403700399,-12.1425198228794,NA,1.53462416568033,545,62,"logit_R ~ s(TMP_scaled_lag, k = 10, bs = 'cr') + s(PREC_scaled_lag, k = 10, bs = 'cr') + s(HUM_scaled_lag, k = 10, bs = 'cr') + s(WET_scaled_lag, k = 10, bs = 'cr') + s(PLS_Comp1, k = 10, bs = 'cr') + s(PLS_Comp2, k = 10, bs = 'cr') + s(PLS_Comp3, k = 10, bs = 'cr') + s(PLS_Comp4, k = 10, bs = 'cr') + s(lat, lon, bs = 'sos', k = 20) + s(year, bs = 'cr', k = 8) + s(Region, bs = 're') + climate_zone",1.02742869403829,20,FALSE
"C","Model C (TMP, PREC, HUM, WET)","3GCRKP","3GCR-Kp",79,1,3,3,3,-135.431427294007,79.3877492636451,89.9673410218133,-12.1425092540588,NA,4.67265085180133,545,62,"logit_R ~ s(TMP_scaled_lag, k = 10, bs = 'cr') + s(PREC_scaled_lag, k = 10, bs = 'cr') + s(HUM_scaled_lag, k = 10, bs = 'cr') + s(WET_scaled_lag, k = 10, bs = 'cr') + s(PLS_Comp1, k = 10, bs = 'cr') + s(PLS_Comp2, k = 10, bs = 'cr') + s(PLS_Comp3, k = 10, bs = 'cr') + s(PLS_Comp4, k = 10, bs = 'cr') + s(lat, lon, bs = 'sos', k = 20) + s(year, bs = 'cr', k = 8) + s(Region, bs = 're') + climate_zone",1.02757424048514,21,FALSE
"C","Model C (TMP, PREC, HUM, WET)","3GCRKP","3GCR-Kp",71,2,3,2,3,-135.431248462378,79.3883257594063,89.9673411340067,-12.1425181246532,NA,4.48925285029986,545,62,"logit_R ~ s(TMP_scaled_lag, k = 10, bs = 'cr') + s(PREC_scaled_lag, k = 10, bs = 'cr') + s(HUM_scaled_lag, k = 10, bs = 'cr') + s(WET_scaled_lag, k = 10, bs = 'cr') + s(PLS_Comp1, k = 10, bs = 'cr') + s(PLS_Comp2, k = 10, bs = 'cr') + s(PLS_Comp3, k = 10, bs = 'cr') + s(PLS_Comp4, k = 10, bs = 'cr') + s(lat, lon, bs = 'sos', k = 20) + s(year, bs = 'cr', k = 8) + s(Region, bs = 're') + climate_zone",1.02775307211488,22,FALSE
"C","Model C (TMP, PREC, HUM, WET)","3GCRKP","3GCR-Kp",53,2,3,3,2,-135.431061010693,79.3893013272581,89.9673444300015,-12.1425118400849,NA,1.53796529345352,545,62,"logit_R ~ s(TMP_scaled_lag, k = 10, bs = 'cr') + s(PREC_scaled_lag, k = 10, bs = 'cr') + s(HUM_scaled_lag, k = 10, bs = 'cr') + s(WET_scaled_lag, k = 10, bs = 'cr') + s(PLS_Comp1, k = 10, bs = 'cr') + s(PLS_Comp2, k = 10, bs = 'cr') + s(PLS_Comp3, k = 10, bs = 'cr') + s(PLS_Comp4, k = 10, bs = 'cr') + s(lat, lon, bs = 'sos', k = 20) + s(year, bs = 'cr', k = 8) + s(Region, bs = 're') + climate_zone",1.02794052379957,23,FALSE
"C","Model C (TMP, PREC, HUM, WET)","3GCRKP","3GCR-Kp",65,2,1,2,3,-135.431049378778,79.3889236859434,89.967340883482,-12.1425393700414,NA,1.10015888954679,545,62,"logit_R ~ s(TMP_scaled_lag, k = 10, bs = 'cr') + s(PREC_scaled_lag, k = 10, bs = 'cr') + s(HUM_scaled_lag, k = 10, bs = 'cr') + s(WET_scaled_lag, k = 10, bs = 'cr') + s(PLS_Comp1, k = 10, bs = 'cr') + s(PLS_Comp2, k = 10, bs = 'cr') + s(PLS_Comp3, k = 10, bs = 'cr') + s(PLS_Comp4, k = 10, bs = 'cr') + s(lat, lon, bs = 'sos', k = 20) + s(year, bs = 'cr', k = 8) + s(Region, bs = 're') + climate_zone",1.02795215571484,24,FALSE
"C","Model C (TMP, PREC, HUM, WET)","3GCRKP","3GCR-Kp",56,2,1,1,3,-135.431012398973,79.3891140962768,89.9673415161874,-12.1425036046208,NA,1.54457843931384,545,62,"logit_R ~ s(TMP_scaled_lag, k = 10, bs = 'cr') + s(PREC_scaled_lag, k = 10, bs = 'cr') + s(HUM_scaled_lag, k = 10, bs = 'cr') + s(WET_scaled_lag, k = 10, bs = 'cr') + s(PLS_Comp1, k = 10, bs = 'cr') + s(PLS_Comp2, k = 10, bs = 'cr') + s(PLS_Comp3, k = 10, bs = 'cr') + s(PLS_Comp4, k = 10, bs = 'cr') + s(lat, lon, bs = 'sos', k = 20) + s(year, bs = 'cr', k = 8) + s(Region, bs = 're') + climate_zone",1.02798913551925,25,FALSE
"C","Model C (TMP, PREC, HUM, WET)","3GCRKP","3GCR-Kp",70,1,3,2,3,-135.430963305554,79.3893166598462,89.9673419262378,-12.1424908384735,NA,4.48203070801002,545,62,"logit_R ~ s(TMP_scaled_lag, k = 10, bs = 'cr') + s(PREC_scaled_lag, k = 10, bs = 'cr') + s(HUM_scaled_lag, k = 10, bs = 'cr') + s(WET_scaled_lag, k = 10, bs = 'cr') + s(PLS_Comp1, k = 10, bs = 'cr') + s(PLS_Comp2, k = 10, bs = 'cr') + s(PLS_Comp3, k = 10, bs = 'cr') + s(PLS_Comp4, k = 10, bs = 'cr') + s(lat, lon, bs = 'sos', k = 20) + s(year, bs = 'cr', k = 8) + s(Region, bs = 're') + climate_zone",1.02803822893839,26,FALSE
"C","Model C (TMP, PREC, HUM, WET)","3GCRKP","3GCR-Kp",74,2,1,3,3,-135.43069131593,79.3902122174572,89.9673422573893,-12.142507511847,NA,1.48964394780862,545,62,"logit_R ~ s(TMP_scaled_lag, k = 10, bs = 'cr') + s(PREC_scaled_lag, k = 10, bs = 'cr') + s(HUM_scaled_lag, k = 10, bs = 'cr') + s(WET_scaled_lag, k = 10, bs = 'cr') + s(PLS_Comp1, k = 10, bs = 'cr') + s(PLS_Comp2, k = 10, bs = 'cr') + s(PLS_Comp3, k = 10, bs = 'cr') + s(PLS_Comp4, k = 10, bs = 'cr') + s(lat, lon, bs = 'sos', k = 20) + s(year, bs = 'cr', k = 8) + s(Region, bs = 're') + climate_zone",1.02831021856284,27,FALSE
"C","Model C (TMP, PREC, HUM, WET)","3GCRKP","3GCR-Kp",73,1,1,3,3,-135.430643503899,79.3903880691585,89.9673424733294,-12.1425017276182,NA,1.48271484183932,545,62,"logit_R ~ s(TMP_scaled_lag, k = 10, bs = 'cr') + s(PREC_scaled_lag, k = 10, bs = 'cr') + s(HUM_scaled_lag, k = 10, bs = 'cr') + s(WET_scaled_lag, k = 10, bs = 'cr') + s(PLS_Comp1, k = 10, bs = 'cr') + s(PLS_Comp2, k = 10, bs = 'cr') + s(PLS_Comp3, k = 10, bs = 'cr') + s(PLS_Comp4, k = 10, bs = 'cr') + s(lat, lon, bs = 'sos', k = 20) + s(year, bs = 'cr', k = 8) + s(Region, bs = 're') + climate_zone",1.02835803059324,28,FALSE
"C","Model C (TMP, PREC, HUM, WET)","3GCRKP","3GCR-Kp",64,1,1,2,3,-135.430334850573,79.3913520266457,89.9673424012344,-12.1425112265415,NA,1.11340532319771,545,62,"logit_R ~ s(TMP_scaled_lag, k = 10, bs = 'cr') + s(PREC_scaled_lag, k = 10, bs = 'cr') + s(HUM_scaled_lag, k = 10, bs = 'cr') + s(WET_scaled_lag, k = 10, bs = 'cr') + s(PLS_Comp1, k = 10, bs = 'cr') + s(PLS_Comp2, k = 10, bs = 'cr') + s(PLS_Comp3, k = 10, bs = 'cr') + s(PLS_Comp4, k = 10, bs = 'cr') + s(lat, lon, bs = 'sos', k = 20) + s(year, bs = 'cr', k = 8) + s(Region, bs = 're') + climate_zone",1.0286666839192,29,FALSE
"C","Model C (TMP, PREC, HUM, WET)","3GCRKP","3GCR-Kp",6,3,2,1,1,-135.314181437834,89.8191514897453,90.0531088482994,-12.7093018783586,NA,1.55836795413192,545,62,"logit_R ~ s(TMP_scaled_lag, k = 10, bs = 'cr') + s(PREC_scaled_lag, k = 10, bs = 'cr') + s(HUM_scaled_lag, k = 10, bs = 'cr') + s(WET_scaled_lag, k = 10, bs = 'cr') + s(PLS_Comp1, k = 10, bs = 'cr') + s(PLS_Comp2, k = 10, bs = 'cr') + s(PLS_Comp3, k = 10, bs = 'cr') + s(PLS_Comp4, k = 10, bs = 'cr') + s(lat, lon, bs = 'sos', k = 20) + s(year, bs = 'cr', k = 8) + s(Region, bs = 're') + climate_zone",1.14482009665824,30,FALSE
"C","Model C (TMP, PREC, HUM, WET)","3GCRKP","3GCR-Kp",24,3,2,3,1,-135.313882739716,89.8200665104657,90.0531086276642,-12.7093066161914,NA,1.11341604730338,545,62,"logit_R ~ s(TMP_scaled_lag, k = 10, bs = 'cr') + s(PREC_scaled_lag, k = 10, bs = 'cr') + s(HUM_scaled_lag, k = 10, bs = 'cr') + s(WET_scaled_lag, k = 10, bs = 'cr') + s(PLS_Comp1, k = 10, bs = 'cr') + s(PLS_Comp2, k = 10, bs = 'cr') + s(PLS_Comp3, k = 10, bs = 'cr') + s(PLS_Comp4, k = 10, bs = 'cr') + s(lat, lon, bs = 'sos', k = 20) + s(year, bs = 'cr', k = 8) + s(Region, bs = 're') + climate_zone",1.14511879477672,31,FALSE
"C","Model C (TMP, PREC, HUM, WET)","3GCRKP","3GCR-Kp",33,3,2,1,2,-135.086662917767,89.9956065672778,90.048521916119,-12.671197698119,NA,4.51677577142539,545,62,"logit_R ~ s(TMP_scaled_lag, k = 10, bs = 'cr') + s(PREC_scaled_lag, k = 10, bs = 'cr') + s(HUM_scaled_lag, k = 10, bs = 'cr') + s(WET_scaled_lag, k = 10, bs = 'cr') + s(PLS_Comp1, k = 10, bs = 'cr') + s(PLS_Comp2, k = 10, bs = 'cr') + s(PLS_Comp3, k = 10, bs = 'cr') + s(PLS_Comp4, k = 10, bs = 'cr') + s(lat, lon, bs = 'sos', k = 20) + s(year, bs = 'cr', k = 8) + s(Region, bs = 're') + climate_zone",1.37233861672513,32,FALSE
"C","Model C (TMP, PREC, HUM, WET)","3GCRKP","3GCR-Kp",42,3,2,2,2,-135.086659562117,89.9956142302823,90.0485218914212,-12.6712032961013,NA,4.67707183998867,545,62,"logit_R ~ s(TMP_scaled_lag, k = 10, bs = 'cr') + s(PREC_scaled_lag, k = 10, bs = 'cr') + s(HUM_scaled_lag, k = 10, bs = 'cr') + s(WET_scaled_lag, k = 10, bs = 'cr') + s(PLS_Comp1, k = 10, bs = 'cr') + s(PLS_Comp2, k = 10, bs = 'cr') + s(PLS_Comp3, k = 10, bs = 'cr') + s(PLS_Comp4, k = 10, bs = 'cr') + s(lat, lon, bs = 'sos', k = 20) + s(year, bs = 'cr', k = 8) + s(Region, bs = 're') + climate_zone",1.37234197237518,33,FALSE
"C","Model C (TMP, PREC, HUM, WET)","3GCRKP","3GCR-Kp",69,3,2,2,3,-135.086642181109,89.9955439118984,90.0485208293707,-12.6711998570105,NA,1.56286974907905,545,62,"logit_R ~ s(TMP_scaled_lag, k = 10, bs = 'cr') + s(PREC_scaled_lag, k = 10, bs = 'cr') + s(HUM_scaled_lag, k = 10, bs = 'cr') + s(WET_scaled_lag, k = 10, bs = 'cr') + s(PLS_Comp1, k = 10, bs = 'cr') + s(PLS_Comp2, k = 10, bs = 'cr') + s(PLS_Comp3, k = 10, bs = 'cr') + s(PLS_Comp4, k = 10, bs = 'cr') + s(lat, lon, bs = 'sos', k = 20) + s(year, bs = 'cr', k = 8) + s(Region, bs = 're') + climate_zone",1.37235935338384,34,FALSE
"C","Model C (TMP, PREC, HUM, WET)","3GCRKP","3GCR-Kp",60,3,2,1,3,-135.086642054387,89.9956018167849,90.0485213176676,-12.6711818535667,NA,1.06314794899794,545,62,"logit_R ~ s(TMP_scaled_lag, k = 10, bs = 'cr') + s(PREC_scaled_lag, k = 10, bs = 'cr') + s(HUM_scaled_lag, k = 10, bs = 'cr') + s(WET_scaled_lag, k = 10, bs = 'cr') + s(PLS_Comp1, k = 10, bs = 'cr') + s(PLS_Comp2, k = 10, bs = 'cr') + s(PLS_Comp3, k = 10, bs = 'cr') + s(PLS_Comp4, k = 10, bs = 'cr') + s(lat, lon, bs = 'sos', k = 20) + s(year, bs = 'cr', k = 8) + s(Region, bs = 're') + climate_zone",1.37235948010508,35,FALSE
"C","Model C (TMP, PREC, HUM, WET)","3GCRKP","3GCR-Kp",51,3,2,3,2,-135.086261369075,89.9969717437821,90.048522766439,-12.6712101526899,NA,4.59146706159326,545,62,"logit_R ~ s(TMP_scaled_lag, k = 10, bs = 'cr') + s(PREC_scaled_lag, k = 10, bs = 'cr') + s(HUM_scaled_lag, k = 10, bs = 'cr') + s(WET_scaled_lag, k = 10, bs = 'cr') + s(PLS_Comp1, k = 10, bs = 'cr') + s(PLS_Comp2, k = 10, bs = 'cr') + s(PLS_Comp3, k = 10, bs = 'cr') + s(PLS_Comp4, k = 10, bs = 'cr') + s(lat, lon, bs = 'sos', k = 20) + s(year, bs = 'cr', k = 8) + s(Region, bs = 're') + climate_zone",1.37274016541716,36,FALSE
"C","Model C (TMP, PREC, HUM, WET)","3GCRKP","3GCR-Kp",23,2,2,3,1,-134.349276149145,90.8061613703575,90.0356705333729,-12.4731739652269,NA,1.12999249455422,545,62,"logit_R ~ s(TMP_scaled_lag, k = 10, bs = 'cr') + s(PREC_scaled_lag, k = 10, bs = 'cr') + s(HUM_scaled_lag, k = 10, bs = 'cr') + s(WET_scaled_lag, k = 10, bs = 'cr') + s(PLS_Comp1, k = 10, bs = 'cr') + s(PLS_Comp2, k = 10, bs = 'cr') + s(PLS_Comp3, k = 10, bs = 'cr') + s(PLS_Comp4, k = 10, bs = 'cr') + s(lat, lon, bs = 'sos', k = 20) + s(year, bs = 'cr', k = 8) + s(Region, bs = 're') + climate_zone",2.10972538534787,37,FALSE
"C","Model C (TMP, PREC, HUM, WET)","3GCRKP","3GCR-Kp",22,1,2,3,1,-134.349058314634,90.8069428072169,90.0356713425536,-12.4731445050235,NA,1.15880413306426,545,62,"logit_R ~ s(TMP_scaled_lag, k = 10, bs = 'cr') + s(PREC_scaled_lag, k = 10, bs = 'cr') + s(HUM_scaled_lag, k = 10, bs = 'cr') + s(WET_scaled_lag, k = 10, bs = 'cr') + s(PLS_Comp1, k = 10, bs = 'cr') + s(PLS_Comp2, k = 10, bs = 'cr') + s(PLS_Comp3, k = 10, bs = 'cr') + s(PLS_Comp4, k = 10, bs = 'cr') + s(lat, lon, bs = 'sos', k = 20) + s(year, bs = 'cr', k = 8) + s(Region, bs = 're') + climate_zone",2.10994321985814,38,FALSE
"C","Model C (TMP, PREC, HUM, WET)","3GCRKP","3GCR-Kp",67,1,2,2,3,-134.219213793783,91.0250876509446,90.0340479918117,-12.3936132753769,NA,1.47854379027588,545,62,"logit_R ~ s(TMP_scaled_lag, k = 10, bs = 'cr') + s(PREC_scaled_lag, k = 10, bs = 'cr') + s(HUM_scaled_lag, k = 10, bs = 'cr') + s(WET_scaled_lag, k = 10, bs = 'cr') + s(PLS_Comp1, k = 10, bs = 'cr') + s(PLS_Comp2, k = 10, bs = 'cr') + s(PLS_Comp3, k = 10, bs = 'cr') + s(PLS_Comp4, k = 10, bs = 'cr') + s(lat, lon, bs = 'sos', k = 20) + s(year, bs = 'cr', k = 8) + s(Region, bs = 're') + climate_zone",2.23978774070912,39,FALSE
"C","Model C (TMP, PREC, HUM, WET)","3GCRKP","3GCR-Kp",59,2,2,1,3,-134.219088211066,91.025573378538,90.0340487579268,-12.3935831514524,NA,1.08158136587994,545,62,"logit_R ~ s(TMP_scaled_lag, k = 10, bs = 'cr') + s(PREC_scaled_lag, k = 10, bs = 'cr') + s(HUM_scaled_lag, k = 10, bs = 'cr') + s(WET_scaled_lag, k = 10, bs = 'cr') + s(PLS_Comp1, k = 10, bs = 'cr') + s(PLS_Comp2, k = 10, bs = 'cr') + s(PLS_Comp3, k = 10, bs = 'cr') + s(PLS_Comp4, k = 10, bs = 'cr') + s(lat, lon, bs = 'sos', k = 20) + s(year, bs = 'cr', k = 8) + s(Region, bs = 're') + climate_zone",2.23991332342663,40,FALSE
"C","Model C (TMP, PREC, HUM, WET)","3GCRKP","3GCR-Kp",58,1,2,1,3,-134.219041468254,91.02573290533,90.0340488622541,-12.393569523286,NA,1.14266990038959,545,62,"logit_R ~ s(TMP_scaled_lag, k = 10, bs = 'cr') + s(PREC_scaled_lag, k = 10, bs = 'cr') + s(HUM_scaled_lag, k = 10, bs = 'cr') + s(WET_scaled_lag, k = 10, bs = 'cr') + s(PLS_Comp1, k = 10, bs = 'cr') + s(PLS_Comp2, k = 10, bs = 'cr') + s(PLS_Comp3, k = 10, bs = 'cr') + s(PLS_Comp4, k = 10, bs = 'cr') + s(lat, lon, bs = 'sos', k = 20) + s(year, bs = 'cr', k = 8) + s(Region, bs = 're') + climate_zone",2.23996006623838,41,FALSE
"C","Model C (TMP, PREC, HUM, WET)","3GCRKP","3GCR-Kp",68,2,2,2,3,-134.218965892412,91.0260174163016,90.0340492569704,-12.3935526274656,NA,1.50388780360356,545,62,"logit_R ~ s(TMP_scaled_lag, k = 10, bs = 'cr') + s(PREC_scaled_lag, k = 10, bs = 'cr') + s(HUM_scaled_lag, k = 10, bs = 'cr') + s(WET_scaled_lag, k = 10, bs = 'cr') + s(PLS_Comp1, k = 10, bs = 'cr') + s(PLS_Comp2, k = 10, bs = 'cr') + s(PLS_Comp3, k = 10, bs = 'cr') + s(PLS_Comp4, k = 10, bs = 'cr') + s(lat, lon, bs = 'sos', k = 20) + s(year, bs = 'cr', k = 8) + s(Region, bs = 're') + climate_zone",2.24003564208073,42,FALSE
"C","Model C (TMP, PREC, HUM, WET)","3GCRKP","3GCR-Kp",76,1,2,3,3,-134.218834782271,91.0264022351557,90.0340490169163,-12.3935827896538,NA,1.48753382488626,545,62,"logit_R ~ s(TMP_scaled_lag, k = 10, bs = 'cr') + s(PREC_scaled_lag, k = 10, bs = 'cr') + s(HUM_scaled_lag, k = 10, bs = 'cr') + s(WET_scaled_lag, k = 10, bs = 'cr') + s(PLS_Comp1, k = 10, bs = 'cr') + s(PLS_Comp2, k = 10, bs = 'cr') + s(PLS_Comp3, k = 10, bs = 'cr') + s(PLS_Comp4, k = 10, bs = 'cr') + s(lat, lon, bs = 'sos', k = 20) + s(year, bs = 'cr', k = 8) + s(Region, bs = 're') + climate_zone",2.24016675222117,43,FALSE
"C","Model C (TMP, PREC, HUM, WET)","3GCRKP","3GCR-Kp",49,1,2,3,2,-134.218709632667,91.0269367122957,90.0340502091824,-12.3935729678077,NA,4.58629493519831,545,62,"logit_R ~ s(TMP_scaled_lag, k = 10, bs = 'cr') + s(PREC_scaled_lag, k = 10, bs = 'cr') + s(HUM_scaled_lag, k = 10, bs = 'cr') + s(WET_scaled_lag, k = 10, bs = 'cr') + s(PLS_Comp1, k = 10, bs = 'cr') + s(PLS_Comp2, k = 10, bs = 'cr') + s(PLS_Comp3, k = 10, bs = 'cr') + s(PLS_Comp4, k = 10, bs = 'cr') + s(lat, lon, bs = 'sos', k = 20) + s(year, bs = 'cr', k = 8) + s(Region, bs = 're') + climate_zone",2.24029190182557,44,FALSE
"C","Model C (TMP, PREC, HUM, WET)","3GCRKP","3GCR-Kp",77,2,2,3,3,-134.218462522327,91.0276916392934,90.0340500087717,-12.39357562117,NA,1.47935081260988,545,62,"logit_R ~ s(TMP_scaled_lag, k = 10, bs = 'cr') + s(PREC_scaled_lag, k = 10, bs = 'cr') + s(HUM_scaled_lag, k = 10, bs = 'cr') + s(WET_scaled_lag, k = 10, bs = 'cr') + s(PLS_Comp1, k = 10, bs = 'cr') + s(PLS_Comp2, k = 10, bs = 'cr') + s(PLS_Comp3, k = 10, bs = 'cr') + s(PLS_Comp4, k = 10, bs = 'cr') + s(lat, lon, bs = 'sos', k = 20) + s(year, bs = 'cr', k = 8) + s(Region, bs = 're') + climate_zone",2.24053901216547,45,FALSE
"C","Model C (TMP, PREC, HUM, WET)","3GCRKP","3GCR-Kp",50,2,2,3,2,-134.218362145684,91.0281268107399,90.034051020241,-12.3935594387499,NA,4.58657507656318,545,62,"logit_R ~ s(TMP_scaled_lag, k = 10, bs = 'cr') + s(PREC_scaled_lag, k = 10, bs = 'cr') + s(HUM_scaled_lag, k = 10, bs = 'cr') + s(WET_scaled_lag, k = 10, bs = 'cr') + s(PLS_Comp1, k = 10, bs = 'cr') + s(PLS_Comp2, k = 10, bs = 'cr') + s(PLS_Comp3, k = 10, bs = 'cr') + s(PLS_Comp4, k = 10, bs = 'cr') + s(lat, lon, bs = 'sos', k = 20) + s(year, bs = 'cr', k = 8) + s(Region, bs = 're') + climate_zone",2.24063938880877,46,FALSE
"C","Model C (TMP, PREC, HUM, WET)","3GCRKP","3GCR-Kp",18,3,3,2,1,-133.860449005822,87.8096153155061,89.9970249671866,-12.4914462538442,NA,1.06702268623544,545,62,"logit_R ~ s(TMP_scaled_lag, k = 10, bs = 'cr') + s(PREC_scaled_lag, k = 10, bs = 'cr') + s(HUM_scaled_lag, k = 10, bs = 'cr') + s(WET_scaled_lag, k = 10, bs = 'cr') + s(PLS_Comp1, k = 10, bs = 'cr') + s(PLS_Comp2, k = 10, bs = 'cr') + s(PLS_Comp3, k = 10, bs = 'cr') + s(PLS_Comp4, k = 10, bs = 'cr') + s(lat, lon, bs = 'sos', k = 20) + s(year, bs = 'cr', k = 8) + s(Region, bs = 're') + climate_zone",2.5985525286703,47,FALSE
"C","Model C (TMP, PREC, HUM, WET)","3GCRKP","3GCR-Kp",63,3,3,1,3,-133.63482598427,87.9850616460961,89.9924545505591,-12.4537755163385,NA,4.52891539590313,545,62,"logit_R ~ s(TMP_scaled_lag, k = 10, bs = 'cr') + s(PREC_scaled_lag, k = 10, bs = 'cr') + s(HUM_scaled_lag, k = 10, bs = 'cr') + s(WET_scaled_lag, k = 10, bs = 'cr') + s(PLS_Comp1, k = 10, bs = 'cr') + s(PLS_Comp2, k = 10, bs = 'cr') + s(PLS_Comp3, k = 10, bs = 'cr') + s(PLS_Comp4, k = 10, bs = 'cr') + s(lat, lon, bs = 'sos', k = 20) + s(year, bs = 'cr', k = 8) + s(Region, bs = 're') + climate_zone",2.82417555022289,48,FALSE
"C","Model C (TMP, PREC, HUM, WET)","3GCRKP","3GCR-Kp",54,3,3,3,2,-133.634433782752,87.9864219776299,89.9924556157519,-12.453782643567,NA,1.5557768959524,545,62,"logit_R ~ s(TMP_scaled_lag, k = 10, bs = 'cr') + s(PREC_scaled_lag, k = 10, bs = 'cr') + s(HUM_scaled_lag, k = 10, bs = 'cr') + s(WET_scaled_lag, k = 10, bs = 'cr') + s(PLS_Comp1, k = 10, bs = 'cr') + s(PLS_Comp2, k = 10, bs = 'cr') + s(PLS_Comp3, k = 10, bs = 'cr') + s(PLS_Comp4, k = 10, bs = 'cr') + s(lat, lon, bs = 'sos', k = 20) + s(year, bs = 'cr', k = 8) + s(Region, bs = 're') + climate_zone",2.82456775174057,49,FALSE
"C","Model C (TMP, PREC, HUM, WET)","3GCRKP","3GCR-Kp",81,3,3,3,3,-133.634387126856,87.9865565247298,89.9924555095482,-12.4537734880101,NA,4.69952369242601,545,62,"logit_R ~ s(TMP_scaled_lag, k = 10, bs = 'cr') + s(PREC_scaled_lag, k = 10, bs = 'cr') + s(HUM_scaled_lag, k = 10, bs = 'cr') + s(WET_scaled_lag, k = 10, bs = 'cr') + s(PLS_Comp1, k = 10, bs = 'cr') + s(PLS_Comp2, k = 10, bs = 'cr') + s(PLS_Comp3, k = 10, bs = 'cr') + s(PLS_Comp4, k = 10, bs = 'cr') + s(lat, lon, bs = 'sos', k = 20) + s(year, bs = 'cr', k = 8) + s(Region, bs = 're') + climate_zone",2.82461440763615,50,FALSE
"C","Model C (TMP, PREC, HUM, WET)","3GCRKP","3GCR-Kp",72,3,3,2,3,-133.634173840077,87.987238176187,89.9924555924999,-12.453765027178,NA,4.55272172964257,545,62,"logit_R ~ s(TMP_scaled_lag, k = 10, bs = 'cr') + s(PREC_scaled_lag, k = 10, bs = 'cr') + s(HUM_scaled_lag, k = 10, bs = 'cr') + s(WET_scaled_lag, k = 10, bs = 'cr') + s(PLS_Comp1, k = 10, bs = 'cr') + s(PLS_Comp2, k = 10, bs = 'cr') + s(PLS_Comp3, k = 10, bs = 'cr') + s(PLS_Comp4, k = 10, bs = 'cr') + s(lat, lon, bs = 'sos', k = 20) + s(year, bs = 'cr', k = 8) + s(Region, bs = 're') + climate_zone",2.82482769441546,51,FALSE
"C","Model C (TMP, PREC, HUM, WET)","3GCRKP","3GCR-Kp",57,3,1,1,3,-133.633767162616,87.9885437096538,89.9924558003394,-12.4537550740347,NA,1.4632444547977,545,62,"logit_R ~ s(TMP_scaled_lag, k = 10, bs = 'cr') + s(PREC_scaled_lag, k = 10, bs = 'cr') + s(HUM_scaled_lag, k = 10, bs = 'cr') + s(WET_scaled_lag, k = 10, bs = 'cr') + s(PLS_Comp1, k = 10, bs = 'cr') + s(PLS_Comp2, k = 10, bs = 'cr') + s(PLS_Comp3, k = 10, bs = 'cr') + s(PLS_Comp4, k = 10, bs = 'cr') + s(lat, lon, bs = 'sos', k = 20) + s(year, bs = 'cr', k = 8) + s(Region, bs = 're') + climate_zone",2.82523437187601,52,FALSE
"C","Model C (TMP, PREC, HUM, WET)","3GCRKP","3GCR-Kp",15,3,2,2,1,-133.132201228098,97.090793155452,90.0564824014245,-12.7174287505987,NA,1.58236117849929,545,62,"logit_R ~ s(TMP_scaled_lag, k = 10, bs = 'cr') + s(PREC_scaled_lag, k = 10, bs = 'cr') + s(HUM_scaled_lag, k = 10, bs = 'cr') + s(WET_scaled_lag, k = 10, bs = 'cr') + s(PLS_Comp1, k = 10, bs = 'cr') + s(PLS_Comp2, k = 10, bs = 'cr') + s(PLS_Comp3, k = 10, bs = 'cr') + s(PLS_Comp4, k = 10, bs = 'cr') + s(lat, lon, bs = 'sos', k = 20) + s(year, bs = 'cr', k = 8) + s(Region, bs = 're') + climate_zone",3.32680030639472,53,FALSE
"C","Model C (TMP, PREC, HUM, WET)","3GCRKP","3GCR-Kp",78,3,2,3,3,-132.898913632365,97.2852016469193,90.0518951452511,-12.6792971647886,NA,1.53124584616964,545,62,"logit_R ~ s(TMP_scaled_lag, k = 10, bs = 'cr') + s(PREC_scaled_lag, k = 10, bs = 'cr') + s(HUM_scaled_lag, k = 10, bs = 'cr') + s(WET_scaled_lag, k = 10, bs = 'cr') + s(PLS_Comp1, k = 10, bs = 'cr') + s(PLS_Comp2, k = 10, bs = 'cr') + s(PLS_Comp3, k = 10, bs = 'cr') + s(PLS_Comp4, k = 10, bs = 'cr') + s(lat, lon, bs = 'sos', k = 20) + s(year, bs = 'cr', k = 8) + s(Region, bs = 're') + climate_zone",3.56008790212746,54,FALSE
"C","Model C (TMP, PREC, HUM, WET)","3GCRKP","3GCR-Kp",36,3,3,1,2,-132.564492893535,93.3723281232636,90.0096486287508,-12.4714899517558,NA,1.09691737646586,545,62,"logit_R ~ s(TMP_scaled_lag, k = 10, bs = 'cr') + s(PREC_scaled_lag, k = 10, bs = 'cr') + s(HUM_scaled_lag, k = 10, bs = 'cr') + s(WET_scaled_lag, k = 10, bs = 'cr') + s(PLS_Comp1, k = 10, bs = 'cr') + s(PLS_Comp2, k = 10, bs = 'cr') + s(PLS_Comp3, k = 10, bs = 'cr') + s(PLS_Comp4, k = 10, bs = 'cr') + s(lat, lon, bs = 'sos', k = 20) + s(year, bs = 'cr', k = 8) + s(Region, bs = 're') + climate_zone",3.89450864095767,55,FALSE
"C","Model C (TMP, PREC, HUM, WET)","3GCRKP","3GCR-Kp",30,3,1,1,2,-132.564452303893,93.372599421827,90.0096498513723,-12.4714917459277,NA,1.52215050357267,545,62,"logit_R ~ s(TMP_scaled_lag, k = 10, bs = 'cr') + s(PREC_scaled_lag, k = 10, bs = 'cr') + s(HUM_scaled_lag, k = 10, bs = 'cr') + s(WET_scaled_lag, k = 10, bs = 'cr') + s(PLS_Comp1, k = 10, bs = 'cr') + s(PLS_Comp2, k = 10, bs = 'cr') + s(PLS_Comp3, k = 10, bs = 'cr') + s(PLS_Comp4, k = 10, bs = 'cr') + s(lat, lon, bs = 'sos', k = 20) + s(year, bs = 'cr', k = 8) + s(Region, bs = 're') + climate_zone",3.89454923059901,56,FALSE
"C","Model C (TMP, PREC, HUM, WET)","3GCRKP","3GCR-Kp",48,3,1,3,2,-132.564351453032,93.3730351450046,90.0096508572859,-12.4714876288436,NA,1.13953878011729,545,62,"logit_R ~ s(TMP_scaled_lag, k = 10, bs = 'cr') + s(PREC_scaled_lag, k = 10, bs = 'cr') + s(HUM_scaled_lag, k = 10, bs = 'cr') + s(WET_scaled_lag, k = 10, bs = 'cr') + s(PLS_Comp1, k = 10, bs = 'cr') + s(PLS_Comp2, k = 10, bs = 'cr') + s(PLS_Comp3, k = 10, bs = 'cr') + s(PLS_Comp4, k = 10, bs = 'cr') + s(lat, lon, bs = 'sos', k = 20) + s(year, bs = 'cr', k = 8) + s(Region, bs = 're') + climate_zone",3.89465008146055,57,FALSE
"C","Model C (TMP, PREC, HUM, WET)","3GCRKP","3GCR-Kp",39,3,1,2,2,-132.564317337197,93.3731874649818,90.0096512395366,-12.4714866698884,NA,1.58252048178113,545,62,"logit_R ~ s(TMP_scaled_lag, k = 10, bs = 'cr') + s(PREC_scaled_lag, k = 10, bs = 'cr') + s(HUM_scaled_lag, k = 10, bs = 'cr') + s(WET_scaled_lag, k = 10, bs = 'cr') + s(PLS_Comp1, k = 10, bs = 'cr') + s(PLS_Comp2, k = 10, bs = 'cr') + s(PLS_Comp3, k = 10, bs = 'cr') + s(PLS_Comp4, k = 10, bs = 'cr') + s(lat, lon, bs = 'sos', k = 20) + s(year, bs = 'cr', k = 8) + s(Region, bs = 're') + climate_zone",3.89468419729496,58,FALSE
"C","Model C (TMP, PREC, HUM, WET)","3GCRKP","3GCR-Kp",45,3,3,2,2,-132.564192954464,93.3734086041617,90.0096497842826,-12.4714379909848,NA,1.61386965108048,545,62,"logit_R ~ s(TMP_scaled_lag, k = 10, bs = 'cr') + s(PREC_scaled_lag, k = 10, bs = 'cr') + s(HUM_scaled_lag, k = 10, bs = 'cr') + s(WET_scaled_lag, k = 10, bs = 'cr') + s(PLS_Comp1, k = 10, bs = 'cr') + s(PLS_Comp2, k = 10, bs = 'cr') + s(PLS_Comp3, k = 10, bs = 'cr') + s(PLS_Comp4, k = 10, bs = 'cr') + s(lat, lon, bs = 'sos', k = 20) + s(year, bs = 'cr', k = 8) + s(Region, bs = 're') + climate_zone",3.89480858002858,59,FALSE
"C","Model C (TMP, PREC, HUM, WET)","3GCRKP","3GCR-Kp",44,2,3,2,2,-132.123923400382,92.1151630061942,89.9870748633064,-12.1638312294085,NA,1.52554669750941,545,62,"logit_R ~ s(TMP_scaled_lag, k = 10, bs = 'cr') + s(PREC_scaled_lag, k = 10, bs = 'cr') + s(HUM_scaled_lag, k = 10, bs = 'cr') + s(WET_scaled_lag, k = 10, bs = 'cr') + s(PLS_Comp1, k = 10, bs = 'cr') + s(PLS_Comp2, k = 10, bs = 'cr') + s(PLS_Comp3, k = 10, bs = 'cr') + s(PLS_Comp4, k = 10, bs = 'cr') + s(lat, lon, bs = 'sos', k = 20) + s(year, bs = 'cr', k = 8) + s(Region, bs = 're') + climate_zone",4.3350781341102,60,FALSE
"C","Model C (TMP, PREC, HUM, WET)","3GCRKP","3GCR-Kp",52,1,3,3,2,-132.123897839066,92.1153795279035,89.9870760251959,-12.1638384738279,NA,1.54546177447407,545,62,"logit_R ~ s(TMP_scaled_lag, k = 10, bs = 'cr') + s(PREC_scaled_lag, k = 10, bs = 'cr') + s(HUM_scaled_lag, k = 10, bs = 'cr') + s(WET_scaled_lag, k = 10, bs = 'cr') + s(PLS_Comp1, k = 10, bs = 'cr') + s(PLS_Comp2, k = 10, bs = 'cr') + s(PLS_Comp3, k = 10, bs = 'cr') + s(PLS_Comp4, k = 10, bs = 'cr') + s(lat, lon, bs = 'sos', k = 20) + s(year, bs = 'cr', k = 8) + s(Region, bs = 're') + climate_zone",4.33510369542665,61,FALSE
"C","Model C (TMP, PREC, HUM, WET)","3GCRKP","3GCR-Kp",43,1,3,2,2,-132.123881577697,92.1152861255467,89.9870747895012,-12.1638259851401,NA,1.52410369947301,545,62,"logit_R ~ s(TMP_scaled_lag, k = 10, bs = 'cr') + s(PREC_scaled_lag, k = 10, bs = 'cr') + s(HUM_scaled_lag, k = 10, bs = 'cr') + s(WET_scaled_lag, k = 10, bs = 'cr') + s(PLS_Comp1, k = 10, bs = 'cr') + s(PLS_Comp2, k = 10, bs = 'cr') + s(PLS_Comp3, k = 10, bs = 'cr') + s(PLS_Comp4, k = 10, bs = 'cr') + s(lat, lon, bs = 'sos', k = 20) + s(year, bs = 'cr', k = 8) + s(Region, bs = 're') + climate_zone",4.33511995679567,62,FALSE
"C","Model C (TMP, PREC, HUM, WET)","3GCRKP","3GCR-Kp",35,2,3,1,2,-132.123859127001,92.1154236754797,89.9870753604042,-12.1638191521222,NA,1.09807149668509,545,62,"logit_R ~ s(TMP_scaled_lag, k = 10, bs = 'cr') + s(PREC_scaled_lag, k = 10, bs = 'cr') + s(HUM_scaled_lag, k = 10, bs = 'cr') + s(WET_scaled_lag, k = 10, bs = 'cr') + s(PLS_Comp1, k = 10, bs = 'cr') + s(PLS_Comp2, k = 10, bs = 'cr') + s(PLS_Comp3, k = 10, bs = 'cr') + s(PLS_Comp4, k = 10, bs = 'cr') + s(lat, lon, bs = 'sos', k = 20) + s(year, bs = 'cr', k = 8) + s(Region, bs = 're') + climate_zone",4.33514240749179,63,FALSE
"C","Model C (TMP, PREC, HUM, WET)","3GCRKP","3GCR-Kp",46,1,1,3,2,-132.123719421661,92.116165380948,89.9870779370061,-12.1638162940803,NA,1.16090283671315,545,62,"logit_R ~ s(TMP_scaled_lag, k = 10, bs = 'cr') + s(PREC_scaled_lag, k = 10, bs = 'cr') + s(HUM_scaled_lag, k = 10, bs = 'cr') + s(WET_scaled_lag, k = 10, bs = 'cr') + s(PLS_Comp1, k = 10, bs = 'cr') + s(PLS_Comp2, k = 10, bs = 'cr') + s(PLS_Comp3, k = 10, bs = 'cr') + s(PLS_Comp4, k = 10, bs = 'cr') + s(lat, lon, bs = 'sos', k = 20) + s(year, bs = 'cr', k = 8) + s(Region, bs = 're') + climate_zone",4.33528211283112,64,FALSE
"C","Model C (TMP, PREC, HUM, WET)","3GCRKP","3GCR-Kp",47,2,1,3,2,-132.12360733794,92.1166932759861,89.9870794303379,-12.1638049344643,NA,1.11675738873804,545,62,"logit_R ~ s(TMP_scaled_lag, k = 10, bs = 'cr') + s(PREC_scaled_lag, k = 10, bs = 'cr') + s(HUM_scaled_lag, k = 10, bs = 'cr') + s(WET_scaled_lag, k = 10, bs = 'cr') + s(PLS_Comp1, k = 10, bs = 'cr') + s(PLS_Comp2, k = 10, bs = 'cr') + s(PLS_Comp3, k = 10, bs = 'cr') + s(PLS_Comp4, k = 10, bs = 'cr') + s(lat, lon, bs = 'sos', k = 20) + s(year, bs = 'cr', k = 8) + s(Region, bs = 're') + climate_zone",4.3353941965525,65,FALSE
"C","Model C (TMP, PREC, HUM, WET)","3GCRKP","3GCR-Kp",14,2,2,2,1,-48.1793027214726,184.93947621306,88.5298289852299,26.4462907451318,NA,1.52404263325597,620,75,"logit_R ~ s(TMP_scaled_lag, k = 10, bs = 'cr') + s(PREC_scaled_lag, k = 10, bs = 'cr') + s(HUM_scaled_lag, k = 10, bs = 'cr') + s(WET_scaled_lag, k = 10, bs = 'cr') + s(PLS_Comp1, k = 10, bs = 'cr') + s(PLS_Comp2, k = 10, bs = 'cr') + s(PLS_Comp3, k = 10, bs = 'cr') + s(PLS_Comp4, k = 10, bs = 'cr') + s(lat, lon, bs = 'sos', k = 20) + s(year, bs = 'cr', k = 8) + s(Region, bs = 're') + climate_zone",88.2796988130199,66,FALSE
"C","Model C (TMP, PREC, HUM, WET)","3GCRKP","3GCR-Kp",5,2,2,1,1,-48.1789228060398,184.940840213236,88.5298301765506,26.4462984750379,NA,1.6034742918774,620,75,"logit_R ~ s(TMP_scaled_lag, k = 10, bs = 'cr') + s(PREC_scaled_lag, k = 10, bs = 'cr') + s(HUM_scaled_lag, k = 10, bs = 'cr') + s(WET_scaled_lag, k = 10, bs = 'cr') + s(PLS_Comp1, k = 10, bs = 'cr') + s(PLS_Comp2, k = 10, bs = 'cr') + s(PLS_Comp3, k = 10, bs = 'cr') + s(PLS_Comp4, k = 10, bs = 'cr') + s(lat, lon, bs = 'sos', k = 20) + s(year, bs = 'cr', k = 8) + s(Region, bs = 're') + climate_zone",88.2800787284526,67,FALSE
"C","Model C (TMP, PREC, HUM, WET)","3GCRKP","3GCR-Kp",32,2,2,1,2,-48.0214378088366,176.698328089473,88.4565199061362,28.5281070120719,NA,4.51882539704384,620,75,"logit_R ~ s(TMP_scaled_lag, k = 10, bs = 'cr') + s(PREC_scaled_lag, k = 10, bs = 'cr') + s(HUM_scaled_lag, k = 10, bs = 'cr') + s(WET_scaled_lag, k = 10, bs = 'cr') + s(PLS_Comp1, k = 10, bs = 'cr') + s(PLS_Comp2, k = 10, bs = 'cr') + s(PLS_Comp3, k = 10, bs = 'cr') + s(PLS_Comp4, k = 10, bs = 'cr') + s(lat, lon, bs = 'sos', k = 20) + s(year, bs = 'cr', k = 8) + s(Region, bs = 're') + climate_zone",88.4375637256558,68,FALSE
"C","Model C (TMP, PREC, HUM, WET)","3GCRKP","3GCR-Kp",41,2,2,2,2,-48.0214090083013,176.698432349219,88.4565200042369,28.5281083736332,NA,4.60015390432765,620,75,"logit_R ~ s(TMP_scaled_lag, k = 10, bs = 'cr') + s(PREC_scaled_lag, k = 10, bs = 'cr') + s(HUM_scaled_lag, k = 10, bs = 'cr') + s(WET_scaled_lag, k = 10, bs = 'cr') + s(PLS_Comp1, k = 10, bs = 'cr') + s(PLS_Comp2, k = 10, bs = 'cr') + s(PLS_Comp3, k = 10, bs = 'cr') + s(PLS_Comp4, k = 10, bs = 'cr') + s(lat, lon, bs = 'sos', k = 20) + s(year, bs = 'cr', k = 8) + s(Region, bs = 're') + climate_zone",88.4375925261911,69,FALSE
"C","Model C (TMP, PREC, HUM, WET)","3GCRKP","3GCR-Kp",4,1,2,1,1,-47.7888843787986,183.327431364416,88.50585494836,26.5000091784107,NA,1.54168235191936,620,75,"logit_R ~ s(TMP_scaled_lag, k = 10, bs = 'cr') + s(PREC_scaled_lag, k = 10, bs = 'cr') + s(HUM_scaled_lag, k = 10, bs = 'cr') + s(WET_scaled_lag, k = 10, bs = 'cr') + s(PLS_Comp1, k = 10, bs = 'cr') + s(PLS_Comp2, k = 10, bs = 'cr') + s(PLS_Comp3, k = 10, bs = 'cr') + s(PLS_Comp4, k = 10, bs = 'cr') + s(lat, lon, bs = 'sos', k = 20) + s(year, bs = 'cr', k = 8) + s(Region, bs = 're') + climate_zone",88.6701171556939,70,FALSE
"C","Model C (TMP, PREC, HUM, WET)","3GCRKP","3GCR-Kp",40,1,2,2,2,-44.7639532488411,188.278783819742,88.4658310382994,28.5228248427355,NA,4.58195495601636,620,75,"logit_R ~ s(TMP_scaled_lag, k = 10, bs = 'cr') + s(PREC_scaled_lag, k = 10, bs = 'cr') + s(HUM_scaled_lag, k = 10, bs = 'cr') + s(WET_scaled_lag, k = 10, bs = 'cr') + s(PLS_Comp1, k = 10, bs = 'cr') + s(PLS_Comp2, k = 10, bs = 'cr') + s(PLS_Comp3, k = 10, bs = 'cr') + s(PLS_Comp4, k = 10, bs = 'cr') + s(lat, lon, bs = 'sos', k = 20) + s(year, bs = 'cr', k = 8) + s(Region, bs = 're') + climate_zone",91.6950482856513,71,FALSE
"C","Model C (TMP, PREC, HUM, WET)","3GCRKP","3GCR-Kp",31,1,2,1,2,-44.7638930460306,188.279101488034,88.4658320808726,28.5228212448688,NA,4.46376978727719,620,75,"logit_R ~ s(TMP_scaled_lag, k = 10, bs = 'cr') + s(PREC_scaled_lag, k = 10, bs = 'cr') + s(HUM_scaled_lag, k = 10, bs = 'cr') + s(WET_scaled_lag, k = 10, bs = 'cr') + s(PLS_Comp1, k = 10, bs = 'cr') + s(PLS_Comp2, k = 10, bs = 'cr') + s(PLS_Comp3, k = 10, bs = 'cr') + s(PLS_Comp4, k = 10, bs = 'cr') + s(lat, lon, bs = 'sos', k = 20) + s(year, bs = 'cr', k = 8) + s(Region, bs = 're') + climate_zone",91.6951084884618,72,FALSE
"C","Model C (TMP, PREC, HUM, WET)","3GCRKP","3GCR-Kp",13,1,2,2,1,-44.6519073169096,196.823596915173,88.5343723349497,26.4447423471491,NA,1.50570428539099,620,75,"logit_R ~ s(TMP_scaled_lag, k = 10, bs = 'cr') + s(PREC_scaled_lag, k = 10, bs = 'cr') + s(HUM_scaled_lag, k = 10, bs = 'cr') + s(WET_scaled_lag, k = 10, bs = 'cr') + s(PLS_Comp1, k = 10, bs = 'cr') + s(PLS_Comp2, k = 10, bs = 'cr') + s(PLS_Comp3, k = 10, bs = 'cr') + s(PLS_Comp4, k = 10, bs = 'cr') + s(lat, lon, bs = 'sos', k = 20) + s(year, bs = 'cr', k = 8) + s(Region, bs = 're') + climate_zone",91.8070942175828,73,FALSE
"C","Model C (TMP, PREC, HUM, WET)","3GCRKP","3GCR-Kp",38,2,1,2,2,-42.8257708837255,180.981386484409,88.3516391507866,29.97692634472,NA,1.54066194373481,620,75,"logit_R ~ s(TMP_scaled_lag, k = 10, bs = 'cr') + s(PREC_scaled_lag, k = 10, bs = 'cr') + s(HUM_scaled_lag, k = 10, bs = 'cr') + s(WET_scaled_lag, k = 10, bs = 'cr') + s(PLS_Comp1, k = 10, bs = 'cr') + s(PLS_Comp2, k = 10, bs = 'cr') + s(PLS_Comp3, k = 10, bs = 'cr') + s(PLS_Comp4, k = 10, bs = 'cr') + s(lat, lon, bs = 'sos', k = 20) + s(year, bs = 'cr', k = 8) + s(Region, bs = 're') + climate_zone",93.6332306507669,74,FALSE
"C","Model C (TMP, PREC, HUM, WET)","3GCRKP","3GCR-Kp",2,2,1,1,1,-40.8935747593805,186.906569293793,88.3492081628293,28.3503031273419,NA,4.54105189202892,620,75,"logit_R ~ s(TMP_scaled_lag, k = 10, bs = 'cr') + s(PREC_scaled_lag, k = 10, bs = 'cr') + s(HUM_scaled_lag, k = 10, bs = 'cr') + s(WET_scaled_lag, k = 10, bs = 'cr') + s(PLS_Comp1, k = 10, bs = 'cr') + s(PLS_Comp2, k = 10, bs = 'cr') + s(PLS_Comp3, k = 10, bs = 'cr') + s(PLS_Comp4, k = 10, bs = 'cr') + s(lat, lon, bs = 'sos', k = 20) + s(year, bs = 'cr', k = 8) + s(Region, bs = 're') + climate_zone",95.5654267751119,75,FALSE
"C","Model C (TMP, PREC, HUM, WET)","3GCRKP","3GCR-Kp",29,2,1,1,2,-40.708157566833,191.5890019182,88.3838265043242,29.8977513716195,NA,1.5814233093437,620,75,"logit_R ~ s(TMP_scaled_lag, k = 10, bs = 'cr') + s(PREC_scaled_lag, k = 10, bs = 'cr') + s(HUM_scaled_lag, k = 10, bs = 'cr') + s(WET_scaled_lag, k = 10, bs = 'cr') + s(PLS_Comp1, k = 10, bs = 'cr') + s(PLS_Comp2, k = 10, bs = 'cr') + s(PLS_Comp3, k = 10, bs = 'cr') + s(PLS_Comp4, k = 10, bs = 'cr') + s(lat, lon, bs = 'sos', k = 20) + s(year, bs = 'cr', k = 8) + s(Region, bs = 're') + climate_zone",95.7508439676594,76,FALSE
"C","Model C (TMP, PREC, HUM, WET)","3GCRKP","3GCR-Kp",28,1,1,1,2,-40.7070268021195,191.593145595528,88.3838308051715,29.8977582509505,NA,1.52414518759476,620,75,"logit_R ~ s(TMP_scaled_lag, k = 10, bs = 'cr') + s(PREC_scaled_lag, k = 10, bs = 'cr') + s(HUM_scaled_lag, k = 10, bs = 'cr') + s(WET_scaled_lag, k = 10, bs = 'cr') + s(PLS_Comp1, k = 10, bs = 'cr') + s(PLS_Comp2, k = 10, bs = 'cr') + s(PLS_Comp3, k = 10, bs = 'cr') + s(PLS_Comp4, k = 10, bs = 'cr') + s(lat, lon, bs = 'sos', k = 20) + s(year, bs = 'cr', k = 8) + s(Region, bs = 're') + climate_zone",95.7519747323729,77,FALSE
"C","Model C (TMP, PREC, HUM, WET)","3GCRKP","3GCR-Kp",37,1,1,2,2,-40.7065377701184,191.594615428993,88.3838299395008,29.8977472381708,NA,1.48652388564531,620,75,"logit_R ~ s(TMP_scaled_lag, k = 10, bs = 'cr') + s(PREC_scaled_lag, k = 10, bs = 'cr') + s(HUM_scaled_lag, k = 10, bs = 'cr') + s(WET_scaled_lag, k = 10, bs = 'cr') + s(PLS_Comp1, k = 10, bs = 'cr') + s(PLS_Comp2, k = 10, bs = 'cr') + s(PLS_Comp3, k = 10, bs = 'cr') + s(PLS_Comp4, k = 10, bs = 'cr') + s(lat, lon, bs = 'sos', k = 20) + s(year, bs = 'cr', k = 8) + s(Region, bs = 're') + climate_zone",95.752463764374,78,FALSE
"C","Model C (TMP, PREC, HUM, WET)","3GCRKP","3GCR-Kp",11,2,1,2,1,-37.8212717314781,197.823416975505,88.3580270360423,28.3187247793584,NA,4.42012339484161,620,75,"logit_R ~ s(TMP_scaled_lag, k = 10, bs = 'cr') + s(PREC_scaled_lag, k = 10, bs = 'cr') + s(HUM_scaled_lag, k = 10, bs = 'cr') + s(WET_scaled_lag, k = 10, bs = 'cr') + s(PLS_Comp1, k = 10, bs = 'cr') + s(PLS_Comp2, k = 10, bs = 'cr') + s(PLS_Comp3, k = 10, bs = 'cr') + s(PLS_Comp4, k = 10, bs = 'cr') + s(lat, lon, bs = 'sos', k = 20) + s(year, bs = 'cr', k = 8) + s(Region, bs = 're') + climate_zone",98.6377298030143,79,FALSE
"C","Model C (TMP, PREC, HUM, WET)","3GCRKP","3GCR-Kp",10,1,1,2,1,-37.8159835272164,197.840674874578,88.3580292154078,28.3187231906936,NA,4.42292985742964,620,75,"logit_R ~ s(TMP_scaled_lag, k = 10, bs = 'cr') + s(PREC_scaled_lag, k = 10, bs = 'cr') + s(HUM_scaled_lag, k = 10, bs = 'cr') + s(WET_scaled_lag, k = 10, bs = 'cr') + s(PLS_Comp1, k = 10, bs = 'cr') + s(PLS_Comp2, k = 10, bs = 'cr') + s(PLS_Comp3, k = 10, bs = 'cr') + s(PLS_Comp4, k = 10, bs = 'cr') + s(lat, lon, bs = 'sos', k = 20) + s(year, bs = 'cr', k = 8) + s(Region, bs = 're') + climate_zone",98.643018007276,80,FALSE
"C","Model C (TMP, PREC, HUM, WET)","3GCRKP","3GCR-Kp",1,1,1,1,1,27.8529227963742,274.686956633335,87.397267135422,60.8331250526385,NA,4.37706060243351,706,86,"logit_R ~ s(TMP_scaled_lag, k = 10, bs = 'cr') + s(PREC_scaled_lag, k = 10, bs = 'cr') + s(HUM_scaled_lag, k = 10, bs = 'cr') + s(WET_scaled_lag, k = 10, bs = 'cr') + s(PLS_Comp1, k = 10, bs = 'cr') + s(PLS_Comp2, k = 10, bs = 'cr') + s(PLS_Comp3, k = 10, bs = 'cr') + s(PLS_Comp4, k = 10, bs = 'cr') + s(lat, lon, bs = 'sos', k = 20) + s(year, bs = 'cr', k = 8) + s(Region, bs = 're') + climate_zone",164.311924330867,81,FALSE
"C","Model C (TMP, PREC, HUM, WET)","CRAB","CR-Ab",50,2,2,3,2,73.9194418360083,239.928706146626,92.139560461088,72.446634074236,0.639436320417631,4.88651817738829,294,54,"logit_R ~ s(TMP_scaled_lag, k = 10, bs = 'cr') + s(PREC_scaled_lag, k = 10, bs = 'cr') + s(HUM_scaled_lag, k = 10, bs = 'cr') + s(WET_scaled_lag, k = 10, bs = 'cr') + s(PLS_Comp1, k = 10, bs = 'cr') + s(PLS_Comp2, k = 10, bs = 'cr') + s(PLS_Comp3, k = 10, bs = 'cr') + s(PLS_Comp4, k = 10, bs = 'cr') + s(lat, lon, bs = 'sos', k = 20) + s(year, bs = 'cr', k = 8) + s(Region, bs = 're') + climate_zone",0,1,TRUE
"C","Model C (TMP, PREC, HUM, WET)","CRAB","CR-Ab",33,3,2,1,2,75.0296067517909,245.561538241791,92.1754496207547,72.4405527775201,NA,4.83624582937206,294,54,"logit_R ~ s(TMP_scaled_lag, k = 10, bs = 'cr') + s(PREC_scaled_lag, k = 10, bs = 'cr') + s(HUM_scaled_lag, k = 10, bs = 'cr') + s(WET_scaled_lag, k = 10, bs = 'cr') + s(PLS_Comp1, k = 10, bs = 'cr') + s(PLS_Comp2, k = 10, bs = 'cr') + s(PLS_Comp3, k = 10, bs = 'cr') + s(PLS_Comp4, k = 10, bs = 'cr') + s(lat, lon, bs = 'sos', k = 20) + s(year, bs = 'cr', k = 8) + s(Region, bs = 're') + climate_zone",1.1101649157826,2,FALSE
"C","Model C (TMP, PREC, HUM, WET)","CRAB","CR-Ab",69,3,2,2,3,75.3022790316843,246.578373008575,92.1789451579879,72.4142962013456,NA,1.75227188145929,294,54,"logit_R ~ s(TMP_scaled_lag, k = 10, bs = 'cr') + s(PREC_scaled_lag, k = 10, bs = 'cr') + s(HUM_scaled_lag, k = 10, bs = 'cr') + s(WET_scaled_lag, k = 10, bs = 'cr') + s(PLS_Comp1, k = 10, bs = 'cr') + s(PLS_Comp2, k = 10, bs = 'cr') + s(PLS_Comp3, k = 10, bs = 'cr') + s(PLS_Comp4, k = 10, bs = 'cr') + s(lat, lon, bs = 'sos', k = 20) + s(year, bs = 'cr', k = 8) + s(Region, bs = 're') + climate_zone",1.38283719567598,3,FALSE
"C","Model C (TMP, PREC, HUM, WET)","CRAB","CR-Ab",23,2,2,3,1,75.4436931971424,239.586301218767,92.0714169508876,73.6833310541784,NA,1.23781327556329,294,54,"logit_R ~ s(TMP_scaled_lag, k = 10, bs = 'cr') + s(PREC_scaled_lag, k = 10, bs = 'cr') + s(HUM_scaled_lag, k = 10, bs = 'cr') + s(WET_scaled_lag, k = 10, bs = 'cr') + s(PLS_Comp1, k = 10, bs = 'cr') + s(PLS_Comp2, k = 10, bs = 'cr') + s(PLS_Comp3, k = 10, bs = 'cr') + s(PLS_Comp4, k = 10, bs = 'cr') + s(lat, lon, bs = 'sos', k = 20) + s(year, bs = 'cr', k = 8) + s(Region, bs = 're') + climate_zone",1.52425136113409,4,FALSE
"C","Model C (TMP, PREC, HUM, WET)","CRAB","CR-Ab",19,1,1,3,1,77.4116321686285,229.672426648151,91.8410868086869,73.0279207043019,NA,4.98203288304603,294,54,"logit_R ~ s(TMP_scaled_lag, k = 10, bs = 'cr') + s(PREC_scaled_lag, k = 10, bs = 'cr') + s(HUM_scaled_lag, k = 10, bs = 'cr') + s(WET_scaled_lag, k = 10, bs = 'cr') + s(PLS_Comp1, k = 10, bs = 'cr') + s(PLS_Comp2, k = 10, bs = 'cr') + s(PLS_Comp3, k = 10, bs = 'cr') + s(PLS_Comp4, k = 10, bs = 'cr') + s(lat, lon, bs = 'sos', k = 20) + s(year, bs = 'cr', k = 8) + s(Region, bs = 're') + climate_zone",3.49219033262021,5,FALSE
"C","Model C (TMP, PREC, HUM, WET)","CRAB","CR-Ab",20,2,1,3,1,77.4118060670092,229.6729890741,91.8410878369514,73.0279431688094,NA,4.85281352106881,294,54,"logit_R ~ s(TMP_scaled_lag, k = 10, bs = 'cr') + s(PREC_scaled_lag, k = 10, bs = 'cr') + s(HUM_scaled_lag, k = 10, bs = 'cr') + s(WET_scaled_lag, k = 10, bs = 'cr') + s(PLS_Comp1, k = 10, bs = 'cr') + s(PLS_Comp2, k = 10, bs = 'cr') + s(PLS_Comp3, k = 10, bs = 'cr') + s(PLS_Comp4, k = 10, bs = 'cr') + s(lat, lon, bs = 'sos', k = 20) + s(year, bs = 'cr', k = 8) + s(Region, bs = 're') + climate_zone",3.49236423100095,6,FALSE
"C","Model C (TMP, PREC, HUM, WET)","CRAB","CR-Ab",25,1,3,3,1,77.4118626192099,229.673142189478,91.8410877225264,73.0279274244157,NA,1.77214903238285,294,54,"logit_R ~ s(TMP_scaled_lag, k = 10, bs = 'cr') + s(PREC_scaled_lag, k = 10, bs = 'cr') + s(HUM_scaled_lag, k = 10, bs = 'cr') + s(WET_scaled_lag, k = 10, bs = 'cr') + s(PLS_Comp1, k = 10, bs = 'cr') + s(PLS_Comp2, k = 10, bs = 'cr') + s(PLS_Comp3, k = 10, bs = 'cr') + s(PLS_Comp4, k = 10, bs = 'cr') + s(lat, lon, bs = 'sos', k = 20) + s(year, bs = 'cr', k = 8) + s(Region, bs = 're') + climate_zone",3.49242078320158,7,FALSE
"C","Model C (TMP, PREC, HUM, WET)","CRAB","CR-Ab",53,2,3,3,2,77.4119141895805,229.673331543581,91.8410883674502,73.0279448377233,NA,1.8382237070723,294,54,"logit_R ~ s(TMP_scaled_lag, k = 10, bs = 'cr') + s(PREC_scaled_lag, k = 10, bs = 'cr') + s(HUM_scaled_lag, k = 10, bs = 'cr') + s(WET_scaled_lag, k = 10, bs = 'cr') + s(PLS_Comp1, k = 10, bs = 'cr') + s(PLS_Comp2, k = 10, bs = 'cr') + s(PLS_Comp3, k = 10, bs = 'cr') + s(PLS_Comp4, k = 10, bs = 'cr') + s(lat, lon, bs = 'sos', k = 20) + s(year, bs = 'cr', k = 8) + s(Region, bs = 're') + climate_zone",3.49247235357217,8,FALSE
"C","Model C (TMP, PREC, HUM, WET)","CRAB","CR-Ab",17,2,3,2,1,77.4438485277016,229.76477543511,91.84109881251,73.0279264254787,NA,1.11526111348943,294,54,"logit_R ~ s(TMP_scaled_lag, k = 10, bs = 'cr') + s(PREC_scaled_lag, k = 10, bs = 'cr') + s(HUM_scaled_lag, k = 10, bs = 'cr') + s(WET_scaled_lag, k = 10, bs = 'cr') + s(PLS_Comp1, k = 10, bs = 'cr') + s(PLS_Comp2, k = 10, bs = 'cr') + s(PLS_Comp3, k = 10, bs = 'cr') + s(PLS_Comp4, k = 10, bs = 'cr') + s(lat, lon, bs = 'sos', k = 20) + s(year, bs = 'cr', k = 8) + s(Region, bs = 're') + climate_zone",3.52440669169327,9,FALSE
"C","Model C (TMP, PREC, HUM, WET)","CRAB","CR-Ab",44,2,3,2,2,77.4594903185615,229.809620819597,91.841104759714,73.0279149334472,NA,1.78354581799378,294,54,"logit_R ~ s(TMP_scaled_lag, k = 10, bs = 'cr') + s(PREC_scaled_lag, k = 10, bs = 'cr') + s(HUM_scaled_lag, k = 10, bs = 'cr') + s(WET_scaled_lag, k = 10, bs = 'cr') + s(PLS_Comp1, k = 10, bs = 'cr') + s(PLS_Comp2, k = 10, bs = 'cr') + s(PLS_Comp3, k = 10, bs = 'cr') + s(PLS_Comp4, k = 10, bs = 'cr') + s(lat, lon, bs = 'sos', k = 20) + s(year, bs = 'cr', k = 8) + s(Region, bs = 're') + climate_zone",3.54004848255322,10,FALSE
"C","Model C (TMP, PREC, HUM, WET)","CRAB","CR-Ab",49,1,2,3,2,77.7517029787393,247.638727740476,92.0932557347196,73.4330936847285,NA,4.89653311033047,294,54,"logit_R ~ s(TMP_scaled_lag, k = 10, bs = 'cr') + s(PREC_scaled_lag, k = 10, bs = 'cr') + s(HUM_scaled_lag, k = 10, bs = 'cr') + s(WET_scaled_lag, k = 10, bs = 'cr') + s(PLS_Comp1, k = 10, bs = 'cr') + s(PLS_Comp2, k = 10, bs = 'cr') + s(PLS_Comp3, k = 10, bs = 'cr') + s(PLS_Comp4, k = 10, bs = 'cr') + s(lat, lon, bs = 'sos', k = 20) + s(year, bs = 'cr', k = 8) + s(Region, bs = 're') + climate_zone",3.832261142731,11,FALSE
"C","Model C (TMP, PREC, HUM, WET)","CRAB","CR-Ab",22,1,2,3,1,77.751762827514,247.638998179136,92.0932572001841,73.4330972528488,NA,1.20980188476222,294,54,"logit_R ~ s(TMP_scaled_lag, k = 10, bs = 'cr') + s(PREC_scaled_lag, k = 10, bs = 'cr') + s(HUM_scaled_lag, k = 10, bs = 'cr') + s(WET_scaled_lag, k = 10, bs = 'cr') + s(PLS_Comp1, k = 10, bs = 'cr') + s(PLS_Comp2, k = 10, bs = 'cr') + s(PLS_Comp3, k = 10, bs = 'cr') + s(PLS_Comp4, k = 10, bs = 'cr') + s(lat, lon, bs = 'sos', k = 20) + s(year, bs = 'cr', k = 8) + s(Region, bs = 're') + climate_zone",3.8323209915057,12,FALSE
"C","Model C (TMP, PREC, HUM, WET)","CRAB","CR-Ab",60,3,2,1,3,77.8965908006412,249.232271394797,92.1104935209844,73.4263372628183,NA,1.08245798473705,294,54,"logit_R ~ s(TMP_scaled_lag, k = 10, bs = 'cr') + s(PREC_scaled_lag, k = 10, bs = 'cr') + s(HUM_scaled_lag, k = 10, bs = 'cr') + s(WET_scaled_lag, k = 10, bs = 'cr') + s(PLS_Comp1, k = 10, bs = 'cr') + s(PLS_Comp2, k = 10, bs = 'cr') + s(PLS_Comp3, k = 10, bs = 'cr') + s(PLS_Comp4, k = 10, bs = 'cr') + s(lat, lon, bs = 'sos', k = 20) + s(year, bs = 'cr', k = 8) + s(Region, bs = 're') + climate_zone",3.97714896463289,13,FALSE
"C","Model C (TMP, PREC, HUM, WET)","CRAB","CR-Ab",42,3,2,2,2,77.928612745396,248.686503631907,92.1012103013064,73.6654332872624,NA,5.02938533471206,294,54,"logit_R ~ s(TMP_scaled_lag, k = 10, bs = 'cr') + s(PREC_scaled_lag, k = 10, bs = 'cr') + s(HUM_scaled_lag, k = 10, bs = 'cr') + s(WET_scaled_lag, k = 10, bs = 'cr') + s(PLS_Comp1, k = 10, bs = 'cr') + s(PLS_Comp2, k = 10, bs = 'cr') + s(PLS_Comp3, k = 10, bs = 'cr') + s(PLS_Comp4, k = 10, bs = 'cr') + s(lat, lon, bs = 'sos', k = 20) + s(year, bs = 'cr', k = 8) + s(Region, bs = 're') + climate_zone",4.00917090938766,14,FALSE
"C","Model C (TMP, PREC, HUM, WET)","CRAB","CR-Ab",51,3,2,3,2,77.9287316688425,248.686849557895,92.1012104175746,73.6654257940128,NA,4.92059932863051,294,54,"logit_R ~ s(TMP_scaled_lag, k = 10, bs = 'cr') + s(PREC_scaled_lag, k = 10, bs = 'cr') + s(HUM_scaled_lag, k = 10, bs = 'cr') + s(WET_scaled_lag, k = 10, bs = 'cr') + s(PLS_Comp1, k = 10, bs = 'cr') + s(PLS_Comp2, k = 10, bs = 'cr') + s(PLS_Comp3, k = 10, bs = 'cr') + s(PLS_Comp4, k = 10, bs = 'cr') + s(lat, lon, bs = 'sos', k = 20) + s(year, bs = 'cr', k = 8) + s(Region, bs = 're') + climate_zone",4.0092898328342,15,FALSE
"C","Model C (TMP, PREC, HUM, WET)","CRAB","CR-Ab",15,3,2,2,1,77.9288452522079,248.687272431513,92.1012118776632,73.6654229442559,NA,1.84067835088186,294,54,"logit_R ~ s(TMP_scaled_lag, k = 10, bs = 'cr') + s(PREC_scaled_lag, k = 10, bs = 'cr') + s(HUM_scaled_lag, k = 10, bs = 'cr') + s(WET_scaled_lag, k = 10, bs = 'cr') + s(PLS_Comp1, k = 10, bs = 'cr') + s(PLS_Comp2, k = 10, bs = 'cr') + s(PLS_Comp3, k = 10, bs = 'cr') + s(PLS_Comp4, k = 10, bs = 'cr') + s(lat, lon, bs = 'sos', k = 20) + s(year, bs = 'cr', k = 8) + s(Region, bs = 're') + climate_zone",4.00940341619965,16,FALSE
"C","Model C (TMP, PREC, HUM, WET)","CRAB","CR-Ab",6,3,2,1,1,77.9290433231089,248.687918645504,92.1012130933359,73.6654261624264,NA,1.66986059840543,294,54,"logit_R ~ s(TMP_scaled_lag, k = 10, bs = 'cr') + s(PREC_scaled_lag, k = 10, bs = 'cr') + s(HUM_scaled_lag, k = 10, bs = 'cr') + s(WET_scaled_lag, k = 10, bs = 'cr') + s(PLS_Comp1, k = 10, bs = 'cr') + s(PLS_Comp2, k = 10, bs = 'cr') + s(PLS_Comp3, k = 10, bs = 'cr') + s(PLS_Comp4, k = 10, bs = 'cr') + s(lat, lon, bs = 'sos', k = 20) + s(year, bs = 'cr', k = 8) + s(Region, bs = 're') + climate_zone",4.00960148710058,17,FALSE
"C","Model C (TMP, PREC, HUM, WET)","CRAB","CR-Ab",24,3,2,3,1,77.9291176904627,248.68815905315,92.1012135174051,73.6654242979272,NA,1.17787709631259,294,54,"logit_R ~ s(TMP_scaled_lag, k = 10, bs = 'cr') + s(PREC_scaled_lag, k = 10, bs = 'cr') + s(HUM_scaled_lag, k = 10, bs = 'cr') + s(WET_scaled_lag, k = 10, bs = 'cr') + s(PLS_Comp1, k = 10, bs = 'cr') + s(PLS_Comp2, k = 10, bs = 'cr') + s(PLS_Comp3, k = 10, bs = 'cr') + s(PLS_Comp4, k = 10, bs = 'cr') + s(lat, lon, bs = 'sos', k = 20) + s(year, bs = 'cr', k = 8) + s(Region, bs = 're') + climate_zone",4.00967585445441,18,FALSE
"C","Model C (TMP, PREC, HUM, WET)","CRAB","CR-Ab",78,3,2,3,3,78.6431225266152,250.873060315121,92.1034866040626,73.6568852344354,NA,1.798156492926,294,54,"logit_R ~ s(TMP_scaled_lag, k = 10, bs = 'cr') + s(PREC_scaled_lag, k = 10, bs = 'cr') + s(HUM_scaled_lag, k = 10, bs = 'cr') + s(WET_scaled_lag, k = 10, bs = 'cr') + s(PLS_Comp1, k = 10, bs = 'cr') + s(PLS_Comp2, k = 10, bs = 'cr') + s(PLS_Comp3, k = 10, bs = 'cr') + s(PLS_Comp4, k = 10, bs = 'cr') + s(lat, lon, bs = 'sos', k = 20) + s(year, bs = 'cr', k = 8) + s(Region, bs = 're') + climate_zone",4.72368069060694,19,FALSE
"C","Model C (TMP, PREC, HUM, WET)","CRAB","CR-Ab",9,3,3,1,1,79.479725864487,238.275446904395,91.8820569348497,73.0145264545422,NA,1.5365663200323,294,54,"logit_R ~ s(TMP_scaled_lag, k = 10, bs = 'cr') + s(PREC_scaled_lag, k = 10, bs = 'cr') + s(HUM_scaled_lag, k = 10, bs = 'cr') + s(WET_scaled_lag, k = 10, bs = 'cr') + s(PLS_Comp1, k = 10, bs = 'cr') + s(PLS_Comp2, k = 10, bs = 'cr') + s(PLS_Comp3, k = 10, bs = 'cr') + s(PLS_Comp4, k = 10, bs = 'cr') + s(lat, lon, bs = 'sos', k = 20) + s(year, bs = 'cr', k = 8) + s(Region, bs = 're') + climate_zone",5.56028402847868,20,FALSE
"C","Model C (TMP, PREC, HUM, WET)","CRAB","CR-Ab",3,3,1,1,1,79.4797628296669,238.27556441778,91.8820571217412,73.0145325877777,NA,4.95580622694991,294,54,"logit_R ~ s(TMP_scaled_lag, k = 10, bs = 'cr') + s(PREC_scaled_lag, k = 10, bs = 'cr') + s(HUM_scaled_lag, k = 10, bs = 'cr') + s(WET_scaled_lag, k = 10, bs = 'cr') + s(PLS_Comp1, k = 10, bs = 'cr') + s(PLS_Comp2, k = 10, bs = 'cr') + s(PLS_Comp3, k = 10, bs = 'cr') + s(PLS_Comp4, k = 10, bs = 'cr') + s(lat, lon, bs = 'sos', k = 20) + s(year, bs = 'cr', k = 8) + s(Region, bs = 're') + climate_zone",5.56032099365862,21,FALSE
"C","Model C (TMP, PREC, HUM, WET)","CRAB","CR-Ab",36,3,3,1,2,79.4797657528124,238.275604685598,91.8820576008972,73.0145311672342,NA,1.17217106142622,294,54,"logit_R ~ s(TMP_scaled_lag, k = 10, bs = 'cr') + s(PREC_scaled_lag, k = 10, bs = 'cr') + s(HUM_scaled_lag, k = 10, bs = 'cr') + s(WET_scaled_lag, k = 10, bs = 'cr') + s(PLS_Comp1, k = 10, bs = 'cr') + s(PLS_Comp2, k = 10, bs = 'cr') + s(PLS_Comp3, k = 10, bs = 'cr') + s(PLS_Comp4, k = 10, bs = 'cr') + s(lat, lon, bs = 'sos', k = 20) + s(year, bs = 'cr', k = 8) + s(Region, bs = 're') + climate_zone",5.56032391680407,22,FALSE
"C","Model C (TMP, PREC, HUM, WET)","CRAB","CR-Ab",30,3,1,1,2,79.4797693001299,238.275619892254,91.8820576777449,73.0145327124514,NA,1.5739039151332,294,54,"logit_R ~ s(TMP_scaled_lag, k = 10, bs = 'cr') + s(PREC_scaled_lag, k = 10, bs = 'cr') + s(HUM_scaled_lag, k = 10, bs = 'cr') + s(WET_scaled_lag, k = 10, bs = 'cr') + s(PLS_Comp1, k = 10, bs = 'cr') + s(PLS_Comp2, k = 10, bs = 'cr') + s(PLS_Comp3, k = 10, bs = 'cr') + s(PLS_Comp4, k = 10, bs = 'cr') + s(lat, lon, bs = 'sos', k = 20) + s(year, bs = 'cr', k = 8) + s(Region, bs = 're') + climate_zone",5.56032746412163,23,FALSE
"C","Model C (TMP, PREC, HUM, WET)","CRAB","CR-Ab",54,3,3,3,2,79.4797765173436,238.275684456275,91.8820583382041,73.0145241039783,NA,1.86714940093084,294,54,"logit_R ~ s(TMP_scaled_lag, k = 10, bs = 'cr') + s(PREC_scaled_lag, k = 10, bs = 'cr') + s(HUM_scaled_lag, k = 10, bs = 'cr') + s(WET_scaled_lag, k = 10, bs = 'cr') + s(PLS_Comp1, k = 10, bs = 'cr') + s(PLS_Comp2, k = 10, bs = 'cr') + s(PLS_Comp3, k = 10, bs = 'cr') + s(PLS_Comp4, k = 10, bs = 'cr') + s(lat, lon, bs = 'sos', k = 20) + s(year, bs = 'cr', k = 8) + s(Region, bs = 're') + climate_zone",5.56033468133529,24,FALSE
"C","Model C (TMP, PREC, HUM, WET)","CRAB","CR-Ab",12,3,1,2,1,79.4799155098817,238.276427584006,91.8820635575067,73.0145215461072,NA,4.82693490406,294,54,"logit_R ~ s(TMP_scaled_lag, k = 10, bs = 'cr') + s(PREC_scaled_lag, k = 10, bs = 'cr') + s(HUM_scaled_lag, k = 10, bs = 'cr') + s(WET_scaled_lag, k = 10, bs = 'cr') + s(PLS_Comp1, k = 10, bs = 'cr') + s(PLS_Comp2, k = 10, bs = 'cr') + s(PLS_Comp3, k = 10, bs = 'cr') + s(PLS_Comp4, k = 10, bs = 'cr') + s(lat, lon, bs = 'sos', k = 20) + s(year, bs = 'cr', k = 8) + s(Region, bs = 're') + climate_zone",5.56047367387339,25,FALSE
"C","Model C (TMP, PREC, HUM, WET)","CRAB","CR-Ab",45,3,3,2,2,79.4801724047823,238.277612128119,91.8820703713885,73.0145301218225,NA,1.79898832089485,294,54,"logit_R ~ s(TMP_scaled_lag, k = 10, bs = 'cr') + s(PREC_scaled_lag, k = 10, bs = 'cr') + s(HUM_scaled_lag, k = 10, bs = 'cr') + s(WET_scaled_lag, k = 10, bs = 'cr') + s(PLS_Comp1, k = 10, bs = 'cr') + s(PLS_Comp2, k = 10, bs = 'cr') + s(PLS_Comp3, k = 10, bs = 'cr') + s(PLS_Comp4, k = 10, bs = 'cr') + s(lat, lon, bs = 'sos', k = 20) + s(year, bs = 'cr', k = 8) + s(Region, bs = 're') + climate_zone",5.56073056877405,26,FALSE
"C","Model C (TMP, PREC, HUM, WET)","CRAB","CR-Ab",7,1,3,1,1,79.6670566872513,230.53399996524,91.7570638775968,74.4230423773865,NA,1.57085254787032,294,54,"logit_R ~ s(TMP_scaled_lag, k = 10, bs = 'cr') + s(PREC_scaled_lag, k = 10, bs = 'cr') + s(HUM_scaled_lag, k = 10, bs = 'cr') + s(WET_scaled_lag, k = 10, bs = 'cr') + s(PLS_Comp1, k = 10, bs = 'cr') + s(PLS_Comp2, k = 10, bs = 'cr') + s(PLS_Comp3, k = 10, bs = 'cr') + s(PLS_Comp4, k = 10, bs = 'cr') + s(lat, lon, bs = 'sos', k = 20) + s(year, bs = 'cr', k = 8) + s(Region, bs = 're') + climate_zone",5.74761485124304,27,FALSE
"C","Model C (TMP, PREC, HUM, WET)","CRAB","CR-Ab",8,2,3,1,1,79.6670836667115,230.534073086645,91.7570638235779,74.423042384942,NA,1.58648548987313,294,54,"logit_R ~ s(TMP_scaled_lag, k = 10, bs = 'cr') + s(PREC_scaled_lag, k = 10, bs = 'cr') + s(HUM_scaled_lag, k = 10, bs = 'cr') + s(WET_scaled_lag, k = 10, bs = 'cr') + s(PLS_Comp1, k = 10, bs = 'cr') + s(PLS_Comp2, k = 10, bs = 'cr') + s(PLS_Comp3, k = 10, bs = 'cr') + s(PLS_Comp4, k = 10, bs = 'cr') + s(lat, lon, bs = 'sos', k = 20) + s(year, bs = 'cr', k = 8) + s(Region, bs = 're') + climate_zone",5.7476418307032,28,FALSE
"C","Model C (TMP, PREC, HUM, WET)","CRAB","CR-Ab",34,1,3,1,2,79.6671029749738,230.534149496412,91.757064151473,74.4230439831984,NA,1.1382287458777,294,54,"logit_R ~ s(TMP_scaled_lag, k = 10, bs = 'cr') + s(PREC_scaled_lag, k = 10, bs = 'cr') + s(HUM_scaled_lag, k = 10, bs = 'cr') + s(WET_scaled_lag, k = 10, bs = 'cr') + s(PLS_Comp1, k = 10, bs = 'cr') + s(PLS_Comp2, k = 10, bs = 'cr') + s(PLS_Comp3, k = 10, bs = 'cr') + s(PLS_Comp4, k = 10, bs = 'cr') + s(lat, lon, bs = 'sos', k = 20) + s(year, bs = 'cr', k = 8) + s(Region, bs = 're') + climate_zone",5.74766113896547,29,FALSE
"C","Model C (TMP, PREC, HUM, WET)","CRAB","CR-Ab",35,2,3,1,2,79.6671072235484,230.534225757948,91.7570651285937,74.4230429603591,NA,1.19457355473305,294,54,"logit_R ~ s(TMP_scaled_lag, k = 10, bs = 'cr') + s(PREC_scaled_lag, k = 10, bs = 'cr') + s(HUM_scaled_lag, k = 10, bs = 'cr') + s(WET_scaled_lag, k = 10, bs = 'cr') + s(PLS_Comp1, k = 10, bs = 'cr') + s(PLS_Comp2, k = 10, bs = 'cr') + s(PLS_Comp3, k = 10, bs = 'cr') + s(PLS_Comp4, k = 10, bs = 'cr') + s(lat, lon, bs = 'sos', k = 20) + s(year, bs = 'cr', k = 8) + s(Region, bs = 're') + climate_zone",5.74766538754008,30,FALSE
"C","Model C (TMP, PREC, HUM, WET)","CRAB","CR-Ab",46,1,1,3,2,79.6671148194266,230.534205002766,91.7570644840441,74.4230411828563,NA,1.17125819484172,294,54,"logit_R ~ s(TMP_scaled_lag, k = 10, bs = 'cr') + s(PREC_scaled_lag, k = 10, bs = 'cr') + s(HUM_scaled_lag, k = 10, bs = 'cr') + s(WET_scaled_lag, k = 10, bs = 'cr') + s(PLS_Comp1, k = 10, bs = 'cr') + s(PLS_Comp2, k = 10, bs = 'cr') + s(PLS_Comp3, k = 10, bs = 'cr') + s(PLS_Comp4, k = 10, bs = 'cr') + s(lat, lon, bs = 'sos', k = 20) + s(year, bs = 'cr', k = 8) + s(Region, bs = 're') + climate_zone",5.74767298341827,31,FALSE
"C","Model C (TMP, PREC, HUM, WET)","CRAB","CR-Ab",26,2,3,3,1,79.6671804933339,230.534364898452,91.7570640770511,74.4230446484122,NA,1.76531884592095,294,54,"logit_R ~ s(TMP_scaled_lag, k = 10, bs = 'cr') + s(PREC_scaled_lag, k = 10, bs = 'cr') + s(HUM_scaled_lag, k = 10, bs = 'cr') + s(WET_scaled_lag, k = 10, bs = 'cr') + s(PLS_Comp1, k = 10, bs = 'cr') + s(PLS_Comp2, k = 10, bs = 'cr') + s(PLS_Comp3, k = 10, bs = 'cr') + s(PLS_Comp4, k = 10, bs = 'cr') + s(lat, lon, bs = 'sos', k = 20) + s(year, bs = 'cr', k = 8) + s(Region, bs = 're') + climate_zone",5.74773865732563,32,FALSE
"C","Model C (TMP, PREC, HUM, WET)","CRAB","CR-Ab",47,2,1,3,2,79.6672120898864,230.534520704037,91.7570650819813,74.4230472905492,NA,1.16563478480442,294,54,"logit_R ~ s(TMP_scaled_lag, k = 10, bs = 'cr') + s(PREC_scaled_lag, k = 10, bs = 'cr') + s(HUM_scaled_lag, k = 10, bs = 'cr') + s(WET_scaled_lag, k = 10, bs = 'cr') + s(PLS_Comp1, k = 10, bs = 'cr') + s(PLS_Comp2, k = 10, bs = 'cr') + s(PLS_Comp3, k = 10, bs = 'cr') + s(PLS_Comp4, k = 10, bs = 'cr') + s(lat, lon, bs = 'sos', k = 20) + s(year, bs = 'cr', k = 8) + s(Region, bs = 're') + climate_zone",5.74777025387813,33,FALSE
"C","Model C (TMP, PREC, HUM, WET)","CRAB","CR-Ab",43,1,3,2,2,79.6847638740363,230.584927101898,91.7570731183237,74.4230400814188,NA,1.76013020845594,294,54,"logit_R ~ s(TMP_scaled_lag, k = 10, bs = 'cr') + s(PREC_scaled_lag, k = 10, bs = 'cr') + s(HUM_scaled_lag, k = 10, bs = 'cr') + s(WET_scaled_lag, k = 10, bs = 'cr') + s(PLS_Comp1, k = 10, bs = 'cr') + s(PLS_Comp2, k = 10, bs = 'cr') + s(PLS_Comp3, k = 10, bs = 'cr') + s(PLS_Comp4, k = 10, bs = 'cr') + s(lat, lon, bs = 'sos', k = 20) + s(year, bs = 'cr', k = 8) + s(Region, bs = 're') + climate_zone",5.76532203802797,34,FALSE
"C","Model C (TMP, PREC, HUM, WET)","CRAB","CR-Ab",59,2,2,1,3,79.6918977058779,238.587125864742,91.8776890677871,72.3994795148772,NA,1.16179130012094,294,54,"logit_R ~ s(TMP_scaled_lag, k = 10, bs = 'cr') + s(PREC_scaled_lag, k = 10, bs = 'cr') + s(HUM_scaled_lag, k = 10, bs = 'cr') + s(WET_scaled_lag, k = 10, bs = 'cr') + s(PLS_Comp1, k = 10, bs = 'cr') + s(PLS_Comp2, k = 10, bs = 'cr') + s(PLS_Comp3, k = 10, bs = 'cr') + s(PLS_Comp4, k = 10, bs = 'cr') + s(lat, lon, bs = 'sos', k = 20) + s(year, bs = 'cr', k = 8) + s(Region, bs = 're') + climate_zone",5.77245586986966,35,FALSE
"C","Model C (TMP, PREC, HUM, WET)","CRAB","CR-Ab",77,2,2,3,3,79.6919021910015,238.587209291511,91.8776901280042,72.3994747064657,NA,1.79285709429108,294,54,"logit_R ~ s(TMP_scaled_lag, k = 10, bs = 'cr') + s(PREC_scaled_lag, k = 10, bs = 'cr') + s(HUM_scaled_lag, k = 10, bs = 'cr') + s(WET_scaled_lag, k = 10, bs = 'cr') + s(PLS_Comp1, k = 10, bs = 'cr') + s(PLS_Comp2, k = 10, bs = 'cr') + s(PLS_Comp3, k = 10, bs = 'cr') + s(PLS_Comp4, k = 10, bs = 'cr') + s(lat, lon, bs = 'sos', k = 20) + s(year, bs = 'cr', k = 8) + s(Region, bs = 're') + climate_zone",5.77246035499321,36,FALSE
"C","Model C (TMP, PREC, HUM, WET)","CRAB","CR-Ab",58,1,2,1,3,79.6919038673658,238.587039587871,91.8776875109857,72.3994807190906,NA,1.11135006348642,294,54,"logit_R ~ s(TMP_scaled_lag, k = 10, bs = 'cr') + s(PREC_scaled_lag, k = 10, bs = 'cr') + s(HUM_scaled_lag, k = 10, bs = 'cr') + s(WET_scaled_lag, k = 10, bs = 'cr') + s(PLS_Comp1, k = 10, bs = 'cr') + s(PLS_Comp2, k = 10, bs = 'cr') + s(PLS_Comp3, k = 10, bs = 'cr') + s(PLS_Comp4, k = 10, bs = 'cr') + s(lat, lon, bs = 'sos', k = 20) + s(year, bs = 'cr', k = 8) + s(Region, bs = 're') + climate_zone",5.77246203135751,37,FALSE
"C","Model C (TMP, PREC, HUM, WET)","CRAB","CR-Ab",67,1,2,2,3,79.6919078270227,238.587005334781,91.8776868284,72.3994781984173,NA,1.62681278630963,294,54,"logit_R ~ s(TMP_scaled_lag, k = 10, bs = 'cr') + s(PREC_scaled_lag, k = 10, bs = 'cr') + s(HUM_scaled_lag, k = 10, bs = 'cr') + s(WET_scaled_lag, k = 10, bs = 'cr') + s(PLS_Comp1, k = 10, bs = 'cr') + s(PLS_Comp2, k = 10, bs = 'cr') + s(PLS_Comp3, k = 10, bs = 'cr') + s(PLS_Comp4, k = 10, bs = 'cr') + s(lat, lon, bs = 'sos', k = 20) + s(year, bs = 'cr', k = 8) + s(Region, bs = 're') + climate_zone",5.77246599101443,38,FALSE
"C","Model C (TMP, PREC, HUM, WET)","CRAB","CR-Ab",16,1,3,2,1,79.6990607953813,230.625997502646,91.757079840006,74.4230435259923,NA,1.08525594076816,294,54,"logit_R ~ s(TMP_scaled_lag, k = 10, bs = 'cr') + s(PREC_scaled_lag, k = 10, bs = 'cr') + s(HUM_scaled_lag, k = 10, bs = 'cr') + s(WET_scaled_lag, k = 10, bs = 'cr') + s(PLS_Comp1, k = 10, bs = 'cr') + s(PLS_Comp2, k = 10, bs = 'cr') + s(PLS_Comp3, k = 10, bs = 'cr') + s(PLS_Comp4, k = 10, bs = 'cr') + s(lat, lon, bs = 'sos', k = 20) + s(year, bs = 'cr', k = 8) + s(Region, bs = 're') + climate_zone",5.77961895937302,39,FALSE
"C","Model C (TMP, PREC, HUM, WET)","CRAB","CR-Ab",75,3,1,3,3,79.8841586270059,240.531037366635,91.8986252792578,72.9623501541793,NA,1.78908416630997,294,54,"logit_R ~ s(TMP_scaled_lag, k = 10, bs = 'cr') + s(PREC_scaled_lag, k = 10, bs = 'cr') + s(HUM_scaled_lag, k = 10, bs = 'cr') + s(WET_scaled_lag, k = 10, bs = 'cr') + s(PLS_Comp1, k = 10, bs = 'cr') + s(PLS_Comp2, k = 10, bs = 'cr') + s(PLS_Comp3, k = 10, bs = 'cr') + s(PLS_Comp4, k = 10, bs = 'cr') + s(lat, lon, bs = 'sos', k = 20) + s(year, bs = 'cr', k = 8) + s(Region, bs = 're') + climate_zone",5.96471679099758,40,FALSE
"C","Model C (TMP, PREC, HUM, WET)","CRAB","CR-Ab",76,1,2,3,3,80.9471432999896,242.053182382971,91.8761726072758,73.1968679334278,NA,1.78365417004802,294,54,"logit_R ~ s(TMP_scaled_lag, k = 10, bs = 'cr') + s(PREC_scaled_lag, k = 10, bs = 'cr') + s(HUM_scaled_lag, k = 10, bs = 'cr') + s(WET_scaled_lag, k = 10, bs = 'cr') + s(PLS_Comp1, k = 10, bs = 'cr') + s(PLS_Comp2, k = 10, bs = 'cr') + s(PLS_Comp3, k = 10, bs = 'cr') + s(PLS_Comp4, k = 10, bs = 'cr') + s(lat, lon, bs = 'sos', k = 20) + s(year, bs = 'cr', k = 8) + s(Region, bs = 're') + climate_zone",7.02770146398134,41,FALSE
"C","Model C (TMP, PREC, HUM, WET)","CRAB","CR-Ab",68,2,2,2,3,80.9471685306894,242.053209127421,91.8761719328099,73.1968677417353,NA,1.6638690569926,294,54,"logit_R ~ s(TMP_scaled_lag, k = 10, bs = 'cr') + s(PREC_scaled_lag, k = 10, bs = 'cr') + s(HUM_scaled_lag, k = 10, bs = 'cr') + s(WET_scaled_lag, k = 10, bs = 'cr') + s(PLS_Comp1, k = 10, bs = 'cr') + s(PLS_Comp2, k = 10, bs = 'cr') + s(PLS_Comp3, k = 10, bs = 'cr') + s(PLS_Comp4, k = 10, bs = 'cr') + s(lat, lon, bs = 'sos', k = 20) + s(year, bs = 'cr', k = 8) + s(Region, bs = 're') + climate_zone",7.02772669468106,42,FALSE
"C","Model C (TMP, PREC, HUM, WET)","CRAB","CR-Ab",61,1,3,1,3,81.3561612128846,227.74827777014,91.6407740679957,72.8505602582292,NA,4.61022909954995,294,54,"logit_R ~ s(TMP_scaled_lag, k = 10, bs = 'cr') + s(PREC_scaled_lag, k = 10, bs = 'cr') + s(HUM_scaled_lag, k = 10, bs = 'cr') + s(WET_scaled_lag, k = 10, bs = 'cr') + s(PLS_Comp1, k = 10, bs = 'cr') + s(PLS_Comp2, k = 10, bs = 'cr') + s(PLS_Comp3, k = 10, bs = 'cr') + s(PLS_Comp4, k = 10, bs = 'cr') + s(lat, lon, bs = 'sos', k = 20) + s(year, bs = 'cr', k = 8) + s(Region, bs = 're') + climate_zone",7.43671937687635,43,FALSE
"C","Model C (TMP, PREC, HUM, WET)","CRAB","CR-Ab",62,2,3,1,3,81.3562352259915,227.748437929298,91.6407732934849,72.8505611624983,NA,4.61225754502793,294,54,"logit_R ~ s(TMP_scaled_lag, k = 10, bs = 'cr') + s(PREC_scaled_lag, k = 10, bs = 'cr') + s(HUM_scaled_lag, k = 10, bs = 'cr') + s(WET_scaled_lag, k = 10, bs = 'cr') + s(PLS_Comp1, k = 10, bs = 'cr') + s(PLS_Comp2, k = 10, bs = 'cr') + s(PLS_Comp3, k = 10, bs = 'cr') + s(PLS_Comp4, k = 10, bs = 'cr') + s(lat, lon, bs = 'sos', k = 20) + s(year, bs = 'cr', k = 8) + s(Region, bs = 're') + climate_zone",7.43679338998321,44,FALSE
"C","Model C (TMP, PREC, HUM, WET)","CRAB","CR-Ab",64,1,1,2,3,81.3715271802751,227.792693031466,91.6407856216217,72.8505551973092,NA,1.12769438899391,294,54,"logit_R ~ s(TMP_scaled_lag, k = 10, bs = 'cr') + s(PREC_scaled_lag, k = 10, bs = 'cr') + s(HUM_scaled_lag, k = 10, bs = 'cr') + s(WET_scaled_lag, k = 10, bs = 'cr') + s(PLS_Comp1, k = 10, bs = 'cr') + s(PLS_Comp2, k = 10, bs = 'cr') + s(PLS_Comp3, k = 10, bs = 'cr') + s(PLS_Comp4, k = 10, bs = 'cr') + s(lat, lon, bs = 'sos', k = 20) + s(year, bs = 'cr', k = 8) + s(Region, bs = 're') + climate_zone",7.45208534426679,45,FALSE
"C","Model C (TMP, PREC, HUM, WET)","CRAB","CR-Ab",21,3,1,3,1,81.9621479713492,239.52311457496,91.7945323072431,74.3918022244931,NA,4.80169716136466,294,54,"logit_R ~ s(TMP_scaled_lag, k = 10, bs = 'cr') + s(PREC_scaled_lag, k = 10, bs = 'cr') + s(HUM_scaled_lag, k = 10, bs = 'cr') + s(WET_scaled_lag, k = 10, bs = 'cr') + s(PLS_Comp1, k = 10, bs = 'cr') + s(PLS_Comp2, k = 10, bs = 'cr') + s(PLS_Comp3, k = 10, bs = 'cr') + s(PLS_Comp4, k = 10, bs = 'cr') + s(lat, lon, bs = 'sos', k = 20) + s(year, bs = 'cr', k = 8) + s(Region, bs = 're') + climate_zone",8.04270613534088,46,FALSE
"C","Model C (TMP, PREC, HUM, WET)","CRAB","CR-Ab",48,3,1,3,2,81.9622509211823,239.523468890373,91.7945332430329,74.391805154178,NA,1.12971381729284,294,54,"logit_R ~ s(TMP_scaled_lag, k = 10, bs = 'cr') + s(PREC_scaled_lag, k = 10, bs = 'cr') + s(HUM_scaled_lag, k = 10, bs = 'cr') + s(WET_scaled_lag, k = 10, bs = 'cr') + s(PLS_Comp1, k = 10, bs = 'cr') + s(PLS_Comp2, k = 10, bs = 'cr') + s(PLS_Comp3, k = 10, bs = 'cr') + s(PLS_Comp4, k = 10, bs = 'cr') + s(lat, lon, bs = 'sos', k = 20) + s(year, bs = 'cr', k = 8) + s(Region, bs = 're') + climate_zone",8.04280908517401,47,FALSE
"C","Model C (TMP, PREC, HUM, WET)","CRAB","CR-Ab",39,3,1,2,2,81.9688936495663,239.542719870645,91.7945389065677,74.3918035308043,NA,1.78349995866689,294,54,"logit_R ~ s(TMP_scaled_lag, k = 10, bs = 'cr') + s(PREC_scaled_lag, k = 10, bs = 'cr') + s(HUM_scaled_lag, k = 10, bs = 'cr') + s(WET_scaled_lag, k = 10, bs = 'cr') + s(PLS_Comp1, k = 10, bs = 'cr') + s(PLS_Comp2, k = 10, bs = 'cr') + s(PLS_Comp3, k = 10, bs = 'cr') + s(PLS_Comp4, k = 10, bs = 'cr') + s(lat, lon, bs = 'sos', k = 20) + s(year, bs = 'cr', k = 8) + s(Region, bs = 're') + climate_zone",8.04945181355798,48,FALSE
"C","Model C (TMP, PREC, HUM, WET)","CRAB","CR-Ab",18,3,3,2,1,81.9719979446754,239.551610371333,91.7945399483202,74.3918023801178,NA,1.13367781174252,294,54,"logit_R ~ s(TMP_scaled_lag, k = 10, bs = 'cr') + s(PREC_scaled_lag, k = 10, bs = 'cr') + s(HUM_scaled_lag, k = 10, bs = 'cr') + s(WET_scaled_lag, k = 10, bs = 'cr') + s(PLS_Comp1, k = 10, bs = 'cr') + s(PLS_Comp2, k = 10, bs = 'cr') + s(PLS_Comp3, k = 10, bs = 'cr') + s(PLS_Comp4, k = 10, bs = 'cr') + s(lat, lon, bs = 'sos', k = 20) + s(year, bs = 'cr', k = 8) + s(Region, bs = 're') + climate_zone",8.05255610866712,49,FALSE
"C","Model C (TMP, PREC, HUM, WET)","CRAB","CR-Ab",52,1,3,3,2,82.5762394041675,239.630264135877,91.769673590899,74.1504651668234,NA,1.82117695725439,294,54,"logit_R ~ s(TMP_scaled_lag, k = 10, bs = 'cr') + s(PREC_scaled_lag, k = 10, bs = 'cr') + s(HUM_scaled_lag, k = 10, bs = 'cr') + s(WET_scaled_lag, k = 10, bs = 'cr') + s(PLS_Comp1, k = 10, bs = 'cr') + s(PLS_Comp2, k = 10, bs = 'cr') + s(PLS_Comp3, k = 10, bs = 'cr') + s(PLS_Comp4, k = 10, bs = 'cr') + s(lat, lon, bs = 'sos', k = 20) + s(year, bs = 'cr', k = 8) + s(Region, bs = 're') + climate_zone",8.65679756815925,50,FALSE
"C","Model C (TMP, PREC, HUM, WET)","CRAB","CR-Ab",71,2,3,2,3,82.6984574312683,232.448234323779,91.65443181921,72.8496480284446,NA,4.66863277742635,294,54,"logit_R ~ s(TMP_scaled_lag, k = 10, bs = 'cr') + s(PREC_scaled_lag, k = 10, bs = 'cr') + s(HUM_scaled_lag, k = 10, bs = 'cr') + s(WET_scaled_lag, k = 10, bs = 'cr') + s(PLS_Comp1, k = 10, bs = 'cr') + s(PLS_Comp2, k = 10, bs = 'cr') + s(PLS_Comp3, k = 10, bs = 'cr') + s(PLS_Comp4, k = 10, bs = 'cr') + s(lat, lon, bs = 'sos', k = 20) + s(year, bs = 'cr', k = 8) + s(Region, bs = 're') + climate_zone",8.77901559525996,51,FALSE
"C","Model C (TMP, PREC, HUM, WET)","CRAB","CR-Ab",27,3,3,3,1,82.9899295672267,242.159490752435,91.7902220488611,74.1556563061286,NA,1.78577002491261,294,54,"logit_R ~ s(TMP_scaled_lag, k = 10, bs = 'cr') + s(PREC_scaled_lag, k = 10, bs = 'cr') + s(HUM_scaled_lag, k = 10, bs = 'cr') + s(WET_scaled_lag, k = 10, bs = 'cr') + s(PLS_Comp1, k = 10, bs = 'cr') + s(PLS_Comp2, k = 10, bs = 'cr') + s(PLS_Comp3, k = 10, bs = 'cr') + s(PLS_Comp4, k = 10, bs = 'cr') + s(lat, lon, bs = 'sos', k = 20) + s(year, bs = 'cr', k = 8) + s(Region, bs = 're') + climate_zone",9.07048773121836,52,FALSE
"C","Model C (TMP, PREC, HUM, WET)","CRAB","CR-Ab",72,3,3,2,3,83.2609555118427,244.017289325387,91.8066952132897,74.1262141807147,NA,4.79417537907586,294,54,"logit_R ~ s(TMP_scaled_lag, k = 10, bs = 'cr') + s(PREC_scaled_lag, k = 10, bs = 'cr') + s(HUM_scaled_lag, k = 10, bs = 'cr') + s(WET_scaled_lag, k = 10, bs = 'cr') + s(PLS_Comp1, k = 10, bs = 'cr') + s(PLS_Comp2, k = 10, bs = 'cr') + s(PLS_Comp3, k = 10, bs = 'cr') + s(PLS_Comp4, k = 10, bs = 'cr') + s(lat, lon, bs = 'sos', k = 20) + s(year, bs = 'cr', k = 8) + s(Region, bs = 're') + climate_zone",9.34151367583439,53,FALSE
"C","Model C (TMP, PREC, HUM, WET)","CRAB","CR-Ab",81,3,3,3,3,83.7568842443406,245.661579095675,91.8102497234024,74.3674033372664,NA,4.87973407796331,294,54,"logit_R ~ s(TMP_scaled_lag, k = 10, bs = 'cr') + s(PREC_scaled_lag, k = 10, bs = 'cr') + s(HUM_scaled_lag, k = 10, bs = 'cr') + s(WET_scaled_lag, k = 10, bs = 'cr') + s(PLS_Comp1, k = 10, bs = 'cr') + s(PLS_Comp2, k = 10, bs = 'cr') + s(PLS_Comp3, k = 10, bs = 'cr') + s(PLS_Comp4, k = 10, bs = 'cr') + s(lat, lon, bs = 'sos', k = 20) + s(year, bs = 'cr', k = 8) + s(Region, bs = 're') + climate_zone",9.83744240833232,54,FALSE
"C","Model C (TMP, PREC, HUM, WET)","CRAB","CR-Ab",63,3,3,1,3,83.7568929004455,245.661624714466,91.8102500413204,74.3674064571756,NA,4.70006069082501,294,54,"logit_R ~ s(TMP_scaled_lag, k = 10, bs = 'cr') + s(PREC_scaled_lag, k = 10, bs = 'cr') + s(HUM_scaled_lag, k = 10, bs = 'cr') + s(WET_scaled_lag, k = 10, bs = 'cr') + s(PLS_Comp1, k = 10, bs = 'cr') + s(PLS_Comp2, k = 10, bs = 'cr') + s(PLS_Comp3, k = 10, bs = 'cr') + s(PLS_Comp4, k = 10, bs = 'cr') + s(lat, lon, bs = 'sos', k = 20) + s(year, bs = 'cr', k = 8) + s(Region, bs = 're') + climate_zone",9.8374510644372,55,FALSE
"C","Model C (TMP, PREC, HUM, WET)","CRAB","CR-Ab",57,3,1,1,3,83.7569055572993,245.661665116211,91.8102501083771,74.3674080345279,NA,1.54482440861042,294,54,"logit_R ~ s(TMP_scaled_lag, k = 10, bs = 'cr') + s(PREC_scaled_lag, k = 10, bs = 'cr') + s(HUM_scaled_lag, k = 10, bs = 'cr') + s(WET_scaled_lag, k = 10, bs = 'cr') + s(PLS_Comp1, k = 10, bs = 'cr') + s(PLS_Comp2, k = 10, bs = 'cr') + s(PLS_Comp3, k = 10, bs = 'cr') + s(PLS_Comp4, k = 10, bs = 'cr') + s(lat, lon, bs = 'sos', k = 20) + s(year, bs = 'cr', k = 8) + s(Region, bs = 're') + climate_zone",9.83746372129102,56,FALSE
"C","Model C (TMP, PREC, HUM, WET)","CRAB","CR-Ab",66,3,1,2,3,83.7572820094039,245.66360334009,91.8102632429436,74.3674025064146,NA,1.10502028645061,294,54,"logit_R ~ s(TMP_scaled_lag, k = 10, bs = 'cr') + s(PREC_scaled_lag, k = 10, bs = 'cr') + s(HUM_scaled_lag, k = 10, bs = 'cr') + s(WET_scaled_lag, k = 10, bs = 'cr') + s(PLS_Comp1, k = 10, bs = 'cr') + s(PLS_Comp2, k = 10, bs = 'cr') + s(PLS_Comp3, k = 10, bs = 'cr') + s(PLS_Comp4, k = 10, bs = 'cr') + s(lat, lon, bs = 'sos', k = 20) + s(year, bs = 'cr', k = 8) + s(Region, bs = 're') + climate_zone",9.83784017339559,57,FALSE
"C","Model C (TMP, PREC, HUM, WET)","CRAB","CR-Ab",79,1,3,3,3,84.057987066927,234.445717284585,91.6256225620711,73.7821867937681,NA,4.85550092097708,294,54,"logit_R ~ s(TMP_scaled_lag, k = 10, bs = 'cr') + s(PREC_scaled_lag, k = 10, bs = 'cr') + s(HUM_scaled_lag, k = 10, bs = 'cr') + s(WET_scaled_lag, k = 10, bs = 'cr') + s(PLS_Comp1, k = 10, bs = 'cr') + s(PLS_Comp2, k = 10, bs = 'cr') + s(PLS_Comp3, k = 10, bs = 'cr') + s(PLS_Comp4, k = 10, bs = 'cr') + s(lat, lon, bs = 'sos', k = 20) + s(year, bs = 'cr', k = 8) + s(Region, bs = 're') + climate_zone",10.1385452309187,58,FALSE
"C","Model C (TMP, PREC, HUM, WET)","CRAB","CR-Ab",73,1,1,3,3,84.0580387468954,234.445910920132,91.6256232854243,73.7821837575015,NA,1.78021172416225,294,54,"logit_R ~ s(TMP_scaled_lag, k = 10, bs = 'cr') + s(PREC_scaled_lag, k = 10, bs = 'cr') + s(HUM_scaled_lag, k = 10, bs = 'cr') + s(WET_scaled_lag, k = 10, bs = 'cr') + s(PLS_Comp1, k = 10, bs = 'cr') + s(PLS_Comp2, k = 10, bs = 'cr') + s(PLS_Comp3, k = 10, bs = 'cr') + s(PLS_Comp4, k = 10, bs = 'cr') + s(lat, lon, bs = 'sos', k = 20) + s(year, bs = 'cr', k = 8) + s(Region, bs = 're') + climate_zone",10.1385969108871,59,FALSE
"C","Model C (TMP, PREC, HUM, WET)","CRAB","CR-Ab",70,1,3,2,3,84.609386998256,236.018175981075,91.6257075594765,73.7821851024897,NA,4.65499881543423,294,54,"logit_R ~ s(TMP_scaled_lag, k = 10, bs = 'cr') + s(PREC_scaled_lag, k = 10, bs = 'cr') + s(HUM_scaled_lag, k = 10, bs = 'cr') + s(WET_scaled_lag, k = 10, bs = 'cr') + s(PLS_Comp1, k = 10, bs = 'cr') + s(PLS_Comp2, k = 10, bs = 'cr') + s(PLS_Comp3, k = 10, bs = 'cr') + s(PLS_Comp4, k = 10, bs = 'cr') + s(lat, lon, bs = 'sos', k = 20) + s(year, bs = 'cr', k = 8) + s(Region, bs = 're') + climate_zone",10.6899451622477,60,FALSE
"C","Model C (TMP, PREC, HUM, WET)","CRAB","CR-Ab",74,2,1,3,3,84.8790868759156,231.18230854511,91.538616118431,74.4406355411984,NA,1.77554072954547,294,54,"logit_R ~ s(TMP_scaled_lag, k = 10, bs = 'cr') + s(PREC_scaled_lag, k = 10, bs = 'cr') + s(HUM_scaled_lag, k = 10, bs = 'cr') + s(WET_scaled_lag, k = 10, bs = 'cr') + s(PLS_Comp1, k = 10, bs = 'cr') + s(PLS_Comp2, k = 10, bs = 'cr') + s(PLS_Comp3, k = 10, bs = 'cr') + s(PLS_Comp4, k = 10, bs = 'cr') + s(lat, lon, bs = 'sos', k = 20) + s(year, bs = 'cr', k = 8) + s(Region, bs = 're') + climate_zone",10.9596450399073,61,FALSE
"C","Model C (TMP, PREC, HUM, WET)","CRAB","CR-Ab",55,1,1,1,3,86.1307690821074,218.959444783583,91.2884081402543,74.9374543826416,NA,1.56229953600717,294,54,"logit_R ~ s(TMP_scaled_lag, k = 10, bs = 'cr') + s(PREC_scaled_lag, k = 10, bs = 'cr') + s(HUM_scaled_lag, k = 10, bs = 'cr') + s(WET_scaled_lag, k = 10, bs = 'cr') + s(PLS_Comp1, k = 10, bs = 'cr') + s(PLS_Comp2, k = 10, bs = 'cr') + s(PLS_Comp3, k = 10, bs = 'cr') + s(PLS_Comp4, k = 10, bs = 'cr') + s(lat, lon, bs = 'sos', k = 20) + s(year, bs = 'cr', k = 8) + s(Region, bs = 're') + climate_zone",12.2113272460992,62,FALSE
"C","Model C (TMP, PREC, HUM, WET)","CRAB","CR-Ab",56,2,1,1,3,87.8435116988145,226.551637265168,91.3321376298266,74.8784980550924,NA,1.62221289448336,294,54,"logit_R ~ s(TMP_scaled_lag, k = 10, bs = 'cr') + s(PREC_scaled_lag, k = 10, bs = 'cr') + s(HUM_scaled_lag, k = 10, bs = 'cr') + s(WET_scaled_lag, k = 10, bs = 'cr') + s(PLS_Comp1, k = 10, bs = 'cr') + s(PLS_Comp2, k = 10, bs = 'cr') + s(PLS_Comp3, k = 10, bs = 'cr') + s(PLS_Comp4, k = 10, bs = 'cr') + s(lat, lon, bs = 'sos', k = 20) + s(year, bs = 'cr', k = 8) + s(Region, bs = 're') + climate_zone",13.9240698628062,63,FALSE
"C","Model C (TMP, PREC, HUM, WET)","CRAB","CR-Ab",80,2,3,3,3,89.2737695594073,230.90845084456,91.3368157112201,74.8775683620149,NA,4.85535759756229,294,54,"logit_R ~ s(TMP_scaled_lag, k = 10, bs = 'cr') + s(PREC_scaled_lag, k = 10, bs = 'cr') + s(HUM_scaled_lag, k = 10, bs = 'cr') + s(WET_scaled_lag, k = 10, bs = 'cr') + s(PLS_Comp1, k = 10, bs = 'cr') + s(PLS_Comp2, k = 10, bs = 'cr') + s(PLS_Comp3, k = 10, bs = 'cr') + s(PLS_Comp4, k = 10, bs = 'cr') + s(lat, lon, bs = 'sos', k = 20) + s(year, bs = 'cr', k = 8) + s(Region, bs = 're') + climate_zone",15.354327723399,64,FALSE
"C","Model C (TMP, PREC, HUM, WET)","CRAB","CR-Ab",65,2,1,2,3,89.2884553633725,231.09083265541,91.3390656298414,74.8778479614864,NA,1.09118130024316,294,54,"logit_R ~ s(TMP_scaled_lag, k = 10, bs = 'cr') + s(PREC_scaled_lag, k = 10, bs = 'cr') + s(HUM_scaled_lag, k = 10, bs = 'cr') + s(WET_scaled_lag, k = 10, bs = 'cr') + s(PLS_Comp1, k = 10, bs = 'cr') + s(PLS_Comp2, k = 10, bs = 'cr') + s(PLS_Comp3, k = 10, bs = 'cr') + s(PLS_Comp4, k = 10, bs = 'cr') + s(lat, lon, bs = 'sos', k = 20) + s(year, bs = 'cr', k = 8) + s(Region, bs = 're') + climate_zone",15.3690135273642,65,FALSE
"C","Model C (TMP, PREC, HUM, WET)","CRAB","CR-Ab",5,2,2,1,1,92.2263896494841,281.229012995558,91.5982771990357,91.4277705809245,NA,1.73287087461902,360,66,"logit_R ~ s(TMP_scaled_lag, k = 10, bs = 'cr') + s(PREC_scaled_lag, k = 10, bs = 'cr') + s(HUM_scaled_lag, k = 10, bs = 'cr') + s(WET_scaled_lag, k = 10, bs = 'cr') + s(PLS_Comp1, k = 10, bs = 'cr') + s(PLS_Comp2, k = 10, bs = 'cr') + s(PLS_Comp3, k = 10, bs = 'cr') + s(PLS_Comp4, k = 10, bs = 'cr') + s(lat, lon, bs = 'sos', k = 20) + s(year, bs = 'cr', k = 8) + s(Region, bs = 're') + climate_zone",18.3069478134758,66,FALSE
"C","Model C (TMP, PREC, HUM, WET)","CRAB","CR-Ab",14,2,2,2,1,93.8261162129854,288.975005785135,91.6346866569643,91.3517531365049,NA,1.72279308634943,360,66,"logit_R ~ s(TMP_scaled_lag, k = 10, bs = 'cr') + s(PREC_scaled_lag, k = 10, bs = 'cr') + s(HUM_scaled_lag, k = 10, bs = 'cr') + s(WET_scaled_lag, k = 10, bs = 'cr') + s(PLS_Comp1, k = 10, bs = 'cr') + s(PLS_Comp2, k = 10, bs = 'cr') + s(PLS_Comp3, k = 10, bs = 'cr') + s(PLS_Comp4, k = 10, bs = 'cr') + s(lat, lon, bs = 'sos', k = 20) + s(year, bs = 'cr', k = 8) + s(Region, bs = 're') + climate_zone",19.9066743769771,67,FALSE
"C","Model C (TMP, PREC, HUM, WET)","CRAB","CR-Ab",2,2,1,1,1,98.6688394232618,270.887148873155,91.2388493586408,93.1681151626581,NA,4.73383062754348,360,66,"logit_R ~ s(TMP_scaled_lag, k = 10, bs = 'cr') + s(PREC_scaled_lag, k = 10, bs = 'cr') + s(HUM_scaled_lag, k = 10, bs = 'cr') + s(WET_scaled_lag, k = 10, bs = 'cr') + s(PLS_Comp1, k = 10, bs = 'cr') + s(PLS_Comp2, k = 10, bs = 'cr') + s(PLS_Comp3, k = 10, bs = 'cr') + s(PLS_Comp4, k = 10, bs = 'cr') + s(lat, lon, bs = 'sos', k = 20) + s(year, bs = 'cr', k = 8) + s(Region, bs = 're') + climate_zone",24.7493975872536,68,FALSE
"C","Model C (TMP, PREC, HUM, WET)","CRAB","CR-Ab",4,1,2,1,1,99.6128973969967,287.772820947233,91.4137715492126,92.8843592587597,NA,1.71832918739871,360,66,"logit_R ~ s(TMP_scaled_lag, k = 10, bs = 'cr') + s(PREC_scaled_lag, k = 10, bs = 'cr') + s(HUM_scaled_lag, k = 10, bs = 'cr') + s(WET_scaled_lag, k = 10, bs = 'cr') + s(PLS_Comp1, k = 10, bs = 'cr') + s(PLS_Comp2, k = 10, bs = 'cr') + s(PLS_Comp3, k = 10, bs = 'cr') + s(PLS_Comp4, k = 10, bs = 'cr') + s(lat, lon, bs = 'sos', k = 20) + s(year, bs = 'cr', k = 8) + s(Region, bs = 're') + climate_zone",25.6934555609884,69,FALSE
"C","Model C (TMP, PREC, HUM, WET)","CRAB","CR-Ab",40,1,2,2,2,100.409094551014,285.004632803236,91.3507997192533,92.7175280528749,NA,4.79906168840431,360,66,"logit_R ~ s(TMP_scaled_lag, k = 10, bs = 'cr') + s(PREC_scaled_lag, k = 10, bs = 'cr') + s(HUM_scaled_lag, k = 10, bs = 'cr') + s(WET_scaled_lag, k = 10, bs = 'cr') + s(PLS_Comp1, k = 10, bs = 'cr') + s(PLS_Comp2, k = 10, bs = 'cr') + s(PLS_Comp3, k = 10, bs = 'cr') + s(PLS_Comp4, k = 10, bs = 'cr') + s(lat, lon, bs = 'sos', k = 20) + s(year, bs = 'cr', k = 8) + s(Region, bs = 're') + climate_zone",26.4896527150055,70,FALSE
"C","Model C (TMP, PREC, HUM, WET)","CRAB","CR-Ab",13,1,2,2,1,100.935367086694,295.27624576947,91.4579857545158,92.7935848939489,NA,1.72119265239145,360,66,"logit_R ~ s(TMP_scaled_lag, k = 10, bs = 'cr') + s(PREC_scaled_lag, k = 10, bs = 'cr') + s(HUM_scaled_lag, k = 10, bs = 'cr') + s(WET_scaled_lag, k = 10, bs = 'cr') + s(PLS_Comp1, k = 10, bs = 'cr') + s(PLS_Comp2, k = 10, bs = 'cr') + s(PLS_Comp3, k = 10, bs = 'cr') + s(PLS_Comp4, k = 10, bs = 'cr') + s(lat, lon, bs = 'sos', k = 20) + s(year, bs = 'cr', k = 8) + s(Region, bs = 're') + climate_zone",27.015925250686,71,FALSE
"C","Model C (TMP, PREC, HUM, WET)","CRAB","CR-Ab",31,1,2,1,2,101.125294558599,282.976350430506,91.2995059900712,94.0167035558345,NA,4.48489573908273,360,66,"logit_R ~ s(TMP_scaled_lag, k = 10, bs = 'cr') + s(PREC_scaled_lag, k = 10, bs = 'cr') + s(HUM_scaled_lag, k = 10, bs = 'cr') + s(WET_scaled_lag, k = 10, bs = 'cr') + s(PLS_Comp1, k = 10, bs = 'cr') + s(PLS_Comp2, k = 10, bs = 'cr') + s(PLS_Comp3, k = 10, bs = 'cr') + s(PLS_Comp4, k = 10, bs = 'cr') + s(lat, lon, bs = 'sos', k = 20) + s(year, bs = 'cr', k = 8) + s(Region, bs = 're') + climate_zone",27.2058527225902,72,FALSE
"C","Model C (TMP, PREC, HUM, WET)","CRAB","CR-Ab",32,2,2,1,2,101.757725847266,279.646501211654,91.2346976103198,94.1940040371337,NA,4.55503427352987,360,66,"logit_R ~ s(TMP_scaled_lag, k = 10, bs = 'cr') + s(PREC_scaled_lag, k = 10, bs = 'cr') + s(HUM_scaled_lag, k = 10, bs = 'cr') + s(WET_scaled_lag, k = 10, bs = 'cr') + s(PLS_Comp1, k = 10, bs = 'cr') + s(PLS_Comp2, k = 10, bs = 'cr') + s(PLS_Comp3, k = 10, bs = 'cr') + s(PLS_Comp4, k = 10, bs = 'cr') + s(lat, lon, bs = 'sos', k = 20) + s(year, bs = 'cr', k = 8) + s(Region, bs = 're') + climate_zone",27.8382840112577,73,FALSE
"C","Model C (TMP, PREC, HUM, WET)","CRAB","CR-Ab",11,2,1,2,1,102.724719617051,287.616214611702,91.2986685246239,92.9260349224359,NA,4.58684964427289,360,66,"logit_R ~ s(TMP_scaled_lag, k = 10, bs = 'cr') + s(PREC_scaled_lag, k = 10, bs = 'cr') + s(HUM_scaled_lag, k = 10, bs = 'cr') + s(WET_scaled_lag, k = 10, bs = 'cr') + s(PLS_Comp1, k = 10, bs = 'cr') + s(PLS_Comp2, k = 10, bs = 'cr') + s(PLS_Comp3, k = 10, bs = 'cr') + s(PLS_Comp4, k = 10, bs = 'cr') + s(lat, lon, bs = 'sos', k = 20) + s(year, bs = 'cr', k = 8) + s(Region, bs = 're') + climate_zone",28.805277781043,74,FALSE
"C","Model C (TMP, PREC, HUM, WET)","CRAB","CR-Ab",41,2,2,2,2,104.129897230143,288.335599148412,91.2560700930174,94.1557323586439,NA,4.80731363910594,360,66,"logit_R ~ s(TMP_scaled_lag, k = 10, bs = 'cr') + s(PREC_scaled_lag, k = 10, bs = 'cr') + s(HUM_scaled_lag, k = 10, bs = 'cr') + s(WET_scaled_lag, k = 10, bs = 'cr') + s(PLS_Comp1, k = 10, bs = 'cr') + s(PLS_Comp2, k = 10, bs = 'cr') + s(PLS_Comp3, k = 10, bs = 'cr') + s(PLS_Comp4, k = 10, bs = 'cr') + s(lat, lon, bs = 'sos', k = 20) + s(year, bs = 'cr', k = 8) + s(Region, bs = 're') + climate_zone",30.2104553941348,75,FALSE
"C","Model C (TMP, PREC, HUM, WET)","CRAB","CR-Ab",37,1,1,2,2,104.322083940829,275.048943195582,91.0811869190453,94.1710942101911,NA,1.76409054975348,360,66,"logit_R ~ s(TMP_scaled_lag, k = 10, bs = 'cr') + s(PREC_scaled_lag, k = 10, bs = 'cr') + s(HUM_scaled_lag, k = 10, bs = 'cr') + s(WET_scaled_lag, k = 10, bs = 'cr') + s(PLS_Comp1, k = 10, bs = 'cr') + s(PLS_Comp2, k = 10, bs = 'cr') + s(PLS_Comp3, k = 10, bs = 'cr') + s(PLS_Comp4, k = 10, bs = 'cr') + s(lat, lon, bs = 'sos', k = 20) + s(year, bs = 'cr', k = 8) + s(Region, bs = 're') + climate_zone",30.4026421048209,76,FALSE
"C","Model C (TMP, PREC, HUM, WET)","CRAB","CR-Ab",10,1,1,2,1,105.383933903352,276.147971996255,91.0553167310626,94.5058037896482,NA,4.59637690513357,360,66,"logit_R ~ s(TMP_scaled_lag, k = 10, bs = 'cr') + s(PREC_scaled_lag, k = 10, bs = 'cr') + s(HUM_scaled_lag, k = 10, bs = 'cr') + s(WET_scaled_lag, k = 10, bs = 'cr') + s(PLS_Comp1, k = 10, bs = 'cr') + s(PLS_Comp2, k = 10, bs = 'cr') + s(PLS_Comp3, k = 10, bs = 'cr') + s(PLS_Comp4, k = 10, bs = 'cr') + s(lat, lon, bs = 'sos', k = 20) + s(year, bs = 'cr', k = 8) + s(Region, bs = 're') + climate_zone",31.4644920673438,77,FALSE
"C","Model C (TMP, PREC, HUM, WET)","CRAB","CR-Ab",28,1,1,1,2,106.745197537432,283.786786958625,91.1016466886978,94.373579365346,NA,1.6460462908442,360,66,"logit_R ~ s(TMP_scaled_lag, k = 10, bs = 'cr') + s(PREC_scaled_lag, k = 10, bs = 'cr') + s(HUM_scaled_lag, k = 10, bs = 'cr') + s(WET_scaled_lag, k = 10, bs = 'cr') + s(PLS_Comp1, k = 10, bs = 'cr') + s(PLS_Comp2, k = 10, bs = 'cr') + s(PLS_Comp3, k = 10, bs = 'cr') + s(PLS_Comp4, k = 10, bs = 'cr') + s(lat, lon, bs = 'sos', k = 20) + s(year, bs = 'cr', k = 8) + s(Region, bs = 're') + climate_zone",32.8257557014239,78,FALSE
"C","Model C (TMP, PREC, HUM, WET)","CRAB","CR-Ab",38,2,1,2,2,110.282052003787,287.289064811281,91.0133489041452,95.4223934014108,NA,1.75348889973303,360,66,"logit_R ~ s(TMP_scaled_lag, k = 10, bs = 'cr') + s(PREC_scaled_lag, k = 10, bs = 'cr') + s(HUM_scaled_lag, k = 10, bs = 'cr') + s(WET_scaled_lag, k = 10, bs = 'cr') + s(PLS_Comp1, k = 10, bs = 'cr') + s(PLS_Comp2, k = 10, bs = 'cr') + s(PLS_Comp3, k = 10, bs = 'cr') + s(PLS_Comp4, k = 10, bs = 'cr') + s(lat, lon, bs = 'sos', k = 20) + s(year, bs = 'cr', k = 8) + s(Region, bs = 're') + climate_zone",36.3626101677782,79,FALSE
"C","Model C (TMP, PREC, HUM, WET)","CRAB","CR-Ab",29,2,1,1,2,111.671838000836,289.948637105696,90.9949502707442,95.7198930616115,NA,1.68523862024988,360,66,"logit_R ~ s(TMP_scaled_lag, k = 10, bs = 'cr') + s(PREC_scaled_lag, k = 10, bs = 'cr') + s(HUM_scaled_lag, k = 10, bs = 'cr') + s(WET_scaled_lag, k = 10, bs = 'cr') + s(PLS_Comp1, k = 10, bs = 'cr') + s(PLS_Comp2, k = 10, bs = 'cr') + s(PLS_Comp3, k = 10, bs = 'cr') + s(PLS_Comp4, k = 10, bs = 'cr') + s(lat, lon, bs = 'sos', k = 20) + s(year, bs = 'cr', k = 8) + s(Region, bs = 're') + climate_zone",37.7523961648281,80,FALSE
"C","Model C (TMP, PREC, HUM, WET)","CRAB","CR-Ab",1,1,1,1,1,158.868919493687,338.4882012455,89.6620888788358,127.833825058529,NA,4.59198964081306,429,69,"logit_R ~ s(TMP_scaled_lag, k = 10, bs = 'cr') + s(PREC_scaled_lag, k = 10, bs = 'cr') + s(HUM_scaled_lag, k = 10, bs = 'cr') + s(WET_scaled_lag, k = 10, bs = 'cr') + s(PLS_Comp1, k = 10, bs = 'cr') + s(PLS_Comp2, k = 10, bs = 'cr') + s(PLS_Comp3, k = 10, bs = 'cr') + s(PLS_Comp4, k = 10, bs = 'cr') + s(lat, lon, bs = 'sos', k = 20) + s(year, bs = 'cr', k = 8) + s(Region, bs = 're') + climate_zone",84.9494776576789,81,FALSE
"C","Model C (TMP, PREC, HUM, WET)","CREC","CR-Ec",71,2,3,2,3,-1321.20722695552,-1094.32982461407,82.27529529847,-579.955092424424,0.225004136792723,4.64107224650739,621,59,"logit_R ~ s(TMP_scaled_lag, k = 10, bs = 'cr') + s(PREC_scaled_lag, k = 10, bs = 'cr') + s(HUM_scaled_lag, k = 10, bs = 'cr') + s(WET_scaled_lag, k = 10, bs = 'cr') + s(PLS_Comp1, k = 10, bs = 'cr') + s(PLS_Comp2, k = 10, bs = 'cr') + s(PLS_Comp3, k = 10, bs = 'cr') + s(lat, lon, bs = 'sos', k = 20) + s(year, bs = 'cr', k = 8) + s(Region, bs = 're') + climate_zone",0,1,TRUE
"C","Model C (TMP, PREC, HUM, WET)","CREC","CR-Ec",68,2,2,2,3,-1321.20718450098,-1094.32967424524,82.2752954768758,-579.955091420121,NA,1.56634019348389,621,59,"logit_R ~ s(TMP_scaled_lag, k = 10, bs = 'cr') + s(PREC_scaled_lag, k = 10, bs = 'cr') + s(HUM_scaled_lag, k = 10, bs = 'cr') + s(WET_scaled_lag, k = 10, bs = 'cr') + s(PLS_Comp1, k = 10, bs = 'cr') + s(PLS_Comp2, k = 10, bs = 'cr') + s(PLS_Comp3, k = 10, bs = 'cr') + s(lat, lon, bs = 'sos', k = 20) + s(year, bs = 'cr', k = 8) + s(Region, bs = 're') + climate_zone",4.2454539652681e-05,2,FALSE
"C","Model C (TMP, PREC, HUM, WET)","CREC","CR-Ec",56,2,1,1,3,-1321.20713886978,-1094.3290287319,82.2753019021398,-579.955092090641,NA,1.5369784886398,621,59,"logit_R ~ s(TMP_scaled_lag, k = 10, bs = 'cr') + s(PREC_scaled_lag, k = 10, bs = 'cr') + s(HUM_scaled_lag, k = 10, bs = 'cr') + s(WET_scaled_lag, k = 10, bs = 'cr') + s(PLS_Comp1, k = 10, bs = 'cr') + s(PLS_Comp2, k = 10, bs = 'cr') + s(PLS_Comp3, k = 10, bs = 'cr') + s(lat, lon, bs = 'sos', k = 20) + s(year, bs = 'cr', k = 8) + s(Region, bs = 're') + climate_zone",8.80857412539626e-05,3,FALSE
"C","Model C (TMP, PREC, HUM, WET)","CREC","CR-Ec",80,2,3,3,3,-1320.95705213927,-1091.71478058813,82.2986036593408,-579.972732386547,NA,4.80687288906266,621,59,"logit_R ~ s(TMP_scaled_lag, k = 10, bs = 'cr') + s(PREC_scaled_lag, k = 10, bs = 'cr') + s(HUM_scaled_lag, k = 10, bs = 'cr') + s(WET_scaled_lag, k = 10, bs = 'cr') + s(PLS_Comp1, k = 10, bs = 'cr') + s(PLS_Comp2, k = 10, bs = 'cr') + s(PLS_Comp3, k = 10, bs = 'cr') + s(lat, lon, bs = 'sos', k = 20) + s(year, bs = 'cr', k = 8) + s(Region, bs = 're') + climate_zone",0.250174816246499,4,FALSE
"C","Model C (TMP, PREC, HUM, WET)","CREC","CR-Ec",62,2,3,1,3,-1320.95704887389,-1091.71488096421,82.2986022329086,-579.972728385489,NA,4.63378371419466,621,59,"logit_R ~ s(TMP_scaled_lag, k = 10, bs = 'cr') + s(PREC_scaled_lag, k = 10, bs = 'cr') + s(HUM_scaled_lag, k = 10, bs = 'cr') + s(WET_scaled_lag, k = 10, bs = 'cr') + s(PLS_Comp1, k = 10, bs = 'cr') + s(PLS_Comp2, k = 10, bs = 'cr') + s(PLS_Comp3, k = 10, bs = 'cr') + s(lat, lon, bs = 'sos', k = 20) + s(year, bs = 'cr', k = 8) + s(Region, bs = 're') + climate_zone",0.250178081628974,5,FALSE
"C","Model C (TMP, PREC, HUM, WET)","CREC","CR-Ec",65,2,1,2,3,-1320.95701920937,-1091.71466427648,82.2986037933958,-579.972727213651,NA,1.07416601195526,621,59,"logit_R ~ s(TMP_scaled_lag, k = 10, bs = 'cr') + s(PREC_scaled_lag, k = 10, bs = 'cr') + s(HUM_scaled_lag, k = 10, bs = 'cr') + s(WET_scaled_lag, k = 10, bs = 'cr') + s(PLS_Comp1, k = 10, bs = 'cr') + s(PLS_Comp2, k = 10, bs = 'cr') + s(PLS_Comp3, k = 10, bs = 'cr') + s(lat, lon, bs = 'sos', k = 20) + s(year, bs = 'cr', k = 8) + s(Region, bs = 're') + climate_zone",0.250207746151318,6,FALSE
"C","Model C (TMP, PREC, HUM, WET)","CREC","CR-Ec",77,2,2,3,3,-1320.95700198516,-1091.71457106725,82.2986042799772,-579.972728917572,NA,1.57813930015412,621,59,"logit_R ~ s(TMP_scaled_lag, k = 10, bs = 'cr') + s(PREC_scaled_lag, k = 10, bs = 'cr') + s(HUM_scaled_lag, k = 10, bs = 'cr') + s(WET_scaled_lag, k = 10, bs = 'cr') + s(PLS_Comp1, k = 10, bs = 'cr') + s(PLS_Comp2, k = 10, bs = 'cr') + s(PLS_Comp3, k = 10, bs = 'cr') + s(lat, lon, bs = 'sos', k = 20) + s(year, bs = 'cr', k = 8) + s(Region, bs = 're') + climate_zone",0.250224970359341,7,FALSE
"C","Model C (TMP, PREC, HUM, WET)","CREC","CR-Ec",74,2,1,3,3,-1320.95696071925,-1091.71423373241,82.29860691265,-579.972723109934,NA,1.59251848886122,621,59,"logit_R ~ s(TMP_scaled_lag, k = 10, bs = 'cr') + s(PREC_scaled_lag, k = 10, bs = 'cr') + s(HUM_scaled_lag, k = 10, bs = 'cr') + s(WET_scaled_lag, k = 10, bs = 'cr') + s(PLS_Comp1, k = 10, bs = 'cr') + s(PLS_Comp2, k = 10, bs = 'cr') + s(PLS_Comp3, k = 10, bs = 'cr') + s(lat, lon, bs = 'sos', k = 20) + s(year, bs = 'cr', k = 8) + s(Region, bs = 're') + climate_zone",0.250266236263315,8,FALSE
"C","Model C (TMP, PREC, HUM, WET)","CREC","CR-Ec",59,2,2,1,3,-1320.95693988355,-1091.71443965043,82.2986034015357,-579.972722242421,NA,1.05046404847295,621,59,"logit_R ~ s(TMP_scaled_lag, k = 10, bs = 'cr') + s(PREC_scaled_lag, k = 10, bs = 'cr') + s(HUM_scaled_lag, k = 10, bs = 'cr') + s(WET_scaled_lag, k = 10, bs = 'cr') + s(PLS_Comp1, k = 10, bs = 'cr') + s(PLS_Comp2, k = 10, bs = 'cr') + s(PLS_Comp3, k = 10, bs = 'cr') + s(lat, lon, bs = 'sos', k = 20) + s(year, bs = 'cr', k = 8) + s(Region, bs = 're') + climate_zone",0.250287071970661,9,FALSE
"C","Model C (TMP, PREC, HUM, WET)","CREC","CR-Ec",55,1,1,1,3,-1320.94845239153,-1090.1551610684,82.3183015166752,-580.09588437387,NA,1.53552957417108,621,59,"logit_R ~ s(TMP_scaled_lag, k = 10, bs = 'cr') + s(PREC_scaled_lag, k = 10, bs = 'cr') + s(HUM_scaled_lag, k = 10, bs = 'cr') + s(WET_scaled_lag, k = 10, bs = 'cr') + s(PLS_Comp1, k = 10, bs = 'cr') + s(PLS_Comp2, k = 10, bs = 'cr') + s(PLS_Comp3, k = 10, bs = 'cr') + s(lat, lon, bs = 'sos', k = 20) + s(year, bs = 'cr', k = 8) + s(Region, bs = 're') + climate_zone",0.258774563987799,10,FALSE
"C","Model C (TMP, PREC, HUM, WET)","CREC","CR-Ec",64,1,1,2,3,-1320.82212986999,-1088.88012717935,82.3294630107149,-580.10779270454,NA,1.07513981655091,621,59,"logit_R ~ s(TMP_scaled_lag, k = 10, bs = 'cr') + s(PREC_scaled_lag, k = 10, bs = 'cr') + s(HUM_scaled_lag, k = 10, bs = 'cr') + s(WET_scaled_lag, k = 10, bs = 'cr') + s(PLS_Comp1, k = 10, bs = 'cr') + s(PLS_Comp2, k = 10, bs = 'cr') + s(PLS_Comp3, k = 10, bs = 'cr') + s(lat, lon, bs = 'sos', k = 20) + s(year, bs = 'cr', k = 8) + s(Region, bs = 're') + climate_zone",0.385097085524649,11,FALSE
"C","Model C (TMP, PREC, HUM, WET)","CREC","CR-Ec",73,1,1,3,3,-1320.82207199308,-1088.87949783822,82.3294687029312,-580.107797963297,NA,1.59481296809294,621,59,"logit_R ~ s(TMP_scaled_lag, k = 10, bs = 'cr') + s(PREC_scaled_lag, k = 10, bs = 'cr') + s(HUM_scaled_lag, k = 10, bs = 'cr') + s(WET_scaled_lag, k = 10, bs = 'cr') + s(PLS_Comp1, k = 10, bs = 'cr') + s(PLS_Comp2, k = 10, bs = 'cr') + s(PLS_Comp3, k = 10, bs = 'cr') + s(lat, lon, bs = 'sos', k = 20) + s(year, bs = 'cr', k = 8) + s(Region, bs = 're') + climate_zone",0.385154962437809,12,FALSE
"C","Model C (TMP, PREC, HUM, WET)","CREC","CR-Ec",79,1,3,3,3,-1320.68177562855,-1087.10955150292,82.3463974445805,-580.117993946608,NA,4.79570113318534,621,59,"logit_R ~ s(TMP_scaled_lag, k = 10, bs = 'cr') + s(PREC_scaled_lag, k = 10, bs = 'cr') + s(HUM_scaled_lag, k = 10, bs = 'cr') + s(WET_scaled_lag, k = 10, bs = 'cr') + s(PLS_Comp1, k = 10, bs = 'cr') + s(PLS_Comp2, k = 10, bs = 'cr') + s(PLS_Comp3, k = 10, bs = 'cr') + s(lat, lon, bs = 'sos', k = 20) + s(year, bs = 'cr', k = 8) + s(Region, bs = 're') + climate_zone",0.525451326969005,13,FALSE
"C","Model C (TMP, PREC, HUM, WET)","CREC","CR-Ec",70,1,3,2,3,-1320.6817536994,-1087.10949364684,82.3463972821394,-580.117988380605,NA,4.64085007985666,621,59,"logit_R ~ s(TMP_scaled_lag, k = 10, bs = 'cr') + s(PREC_scaled_lag, k = 10, bs = 'cr') + s(HUM_scaled_lag, k = 10, bs = 'cr') + s(WET_scaled_lag, k = 10, bs = 'cr') + s(PLS_Comp1, k = 10, bs = 'cr') + s(PLS_Comp2, k = 10, bs = 'cr') + s(PLS_Comp3, k = 10, bs = 'cr') + s(lat, lon, bs = 'sos', k = 20) + s(year, bs = 'cr', k = 8) + s(Region, bs = 're') + climate_zone",0.52547325611431,14,FALSE
"C","Model C (TMP, PREC, HUM, WET)","CREC","CR-Ec",61,1,3,1,3,-1320.68171255895,-1087.10933262238,82.3463976507615,-580.117983480606,NA,4.63056803682421,621,59,"logit_R ~ s(TMP_scaled_lag, k = 10, bs = 'cr') + s(PREC_scaled_lag, k = 10, bs = 'cr') + s(HUM_scaled_lag, k = 10, bs = 'cr') + s(WET_scaled_lag, k = 10, bs = 'cr') + s(PLS_Comp1, k = 10, bs = 'cr') + s(PLS_Comp2, k = 10, bs = 'cr') + s(PLS_Comp3, k = 10, bs = 'cr') + s(lat, lon, bs = 'sos', k = 20) + s(year, bs = 'cr', k = 8) + s(Region, bs = 're') + climate_zone",0.525514396563722,15,FALSE
"C","Model C (TMP, PREC, HUM, WET)","CREC","CR-Ec",58,1,2,1,3,-1320.68170722952,-1087.10934953279,82.3463972139136,-580.117988281403,NA,1.12273839760334,621,59,"logit_R ~ s(TMP_scaled_lag, k = 10, bs = 'cr') + s(PREC_scaled_lag, k = 10, bs = 'cr') + s(HUM_scaled_lag, k = 10, bs = 'cr') + s(WET_scaled_lag, k = 10, bs = 'cr') + s(PLS_Comp1, k = 10, bs = 'cr') + s(PLS_Comp2, k = 10, bs = 'cr') + s(PLS_Comp3, k = 10, bs = 'cr') + s(lat, lon, bs = 'sos', k = 20) + s(year, bs = 'cr', k = 8) + s(Region, bs = 're') + climate_zone",0.525519725998038,16,FALSE
"C","Model C (TMP, PREC, HUM, WET)","CREC","CR-Ec",67,1,2,2,3,-1320.6817050253,-1087.10935670852,82.3463970309049,-580.117987300929,NA,1.52445723045852,621,59,"logit_R ~ s(TMP_scaled_lag, k = 10, bs = 'cr') + s(PREC_scaled_lag, k = 10, bs = 'cr') + s(HUM_scaled_lag, k = 10, bs = 'cr') + s(WET_scaled_lag, k = 10, bs = 'cr') + s(PLS_Comp1, k = 10, bs = 'cr') + s(PLS_Comp2, k = 10, bs = 'cr') + s(PLS_Comp3, k = 10, bs = 'cr') + s(lat, lon, bs = 'sos', k = 20) + s(year, bs = 'cr', k = 8) + s(Region, bs = 're') + climate_zone",0.525521930218929,17,FALSE
"C","Model C (TMP, PREC, HUM, WET)","CREC","CR-Ec",76,1,2,3,3,-1320.68161817964,-1087.10893964233,82.346398798918,-580.117978018245,NA,1.58784604794002,621,59,"logit_R ~ s(TMP_scaled_lag, k = 10, bs = 'cr') + s(PREC_scaled_lag, k = 10, bs = 'cr') + s(HUM_scaled_lag, k = 10, bs = 'cr') + s(WET_scaled_lag, k = 10, bs = 'cr') + s(PLS_Comp1, k = 10, bs = 'cr') + s(PLS_Comp2, k = 10, bs = 'cr') + s(PLS_Comp3, k = 10, bs = 'cr') + s(lat, lon, bs = 'sos', k = 20) + s(year, bs = 'cr', k = 8) + s(Region, bs = 're') + climate_zone",0.52560877587689,18,FALSE
"C","Model C (TMP, PREC, HUM, WET)","CREC","CR-Ec",15,3,2,2,1,-1315.81729305386,-1087.73786295892,82.13639785871,-580.554667617111,NA,1.62098100088825,621,59,"logit_R ~ s(TMP_scaled_lag, k = 10, bs = 'cr') + s(PREC_scaled_lag, k = 10, bs = 'cr') + s(HUM_scaled_lag, k = 10, bs = 'cr') + s(WET_scaled_lag, k = 10, bs = 'cr') + s(PLS_Comp1, k = 10, bs = 'cr') + s(PLS_Comp2, k = 10, bs = 'cr') + s(PLS_Comp3, k = 10, bs = 'cr') + s(lat, lon, bs = 'sos', k = 20) + s(year, bs = 'cr', k = 8) + s(Region, bs = 're') + climate_zone",5.38993390165342,19,FALSE
"C","Model C (TMP, PREC, HUM, WET)","CREC","CR-Ec",18,3,3,2,1,-1315.81713303498,-1087.73746929086,82.1363962890828,-580.554615140924,NA,1.05845672863405,621,59,"logit_R ~ s(TMP_scaled_lag, k = 10, bs = 'cr') + s(PREC_scaled_lag, k = 10, bs = 'cr') + s(HUM_scaled_lag, k = 10, bs = 'cr') + s(WET_scaled_lag, k = 10, bs = 'cr') + s(PLS_Comp1, k = 10, bs = 'cr') + s(PLS_Comp2, k = 10, bs = 'cr') + s(PLS_Comp3, k = 10, bs = 'cr') + s(lat, lon, bs = 'sos', k = 20) + s(year, bs = 'cr', k = 8) + s(Region, bs = 're') + climate_zone",5.39009392053754,20,FALSE
"C","Model C (TMP, PREC, HUM, WET)","CREC","CR-Ec",12,3,1,2,1,-1315.81709577867,-1087.73714626498,82.1363989275035,-580.55471489544,NA,4.78945912692051,621,59,"logit_R ~ s(TMP_scaled_lag, k = 10, bs = 'cr') + s(PREC_scaled_lag, k = 10, bs = 'cr') + s(HUM_scaled_lag, k = 10, bs = 'cr') + s(WET_scaled_lag, k = 10, bs = 'cr') + s(PLS_Comp1, k = 10, bs = 'cr') + s(PLS_Comp2, k = 10, bs = 'cr') + s(PLS_Comp3, k = 10, bs = 'cr') + s(lat, lon, bs = 'sos', k = 20) + s(year, bs = 'cr', k = 8) + s(Region, bs = 're') + climate_zone",5.39013117684863,21,FALSE
"C","Model C (TMP, PREC, HUM, WET)","CREC","CR-Ec",60,3,2,1,3,-1315.73808911029,-1087.93511369167,82.1305293290192,-580.124474750018,NA,1.04974648615084,621,59,"logit_R ~ s(TMP_scaled_lag, k = 10, bs = 'cr') + s(PREC_scaled_lag, k = 10, bs = 'cr') + s(HUM_scaled_lag, k = 10, bs = 'cr') + s(WET_scaled_lag, k = 10, bs = 'cr') + s(PLS_Comp1, k = 10, bs = 'cr') + s(PLS_Comp2, k = 10, bs = 'cr') + s(PLS_Comp3, k = 10, bs = 'cr') + s(lat, lon, bs = 'sos', k = 20) + s(year, bs = 'cr', k = 8) + s(Region, bs = 're') + climate_zone",5.46913784522326,22,FALSE
"C","Model C (TMP, PREC, HUM, WET)","CREC","CR-Ec",75,3,1,3,3,-1315.73763129969,-1087.93351345743,82.1305309922711,-580.124479790337,NA,1.63837312387945,621,59,"logit_R ~ s(TMP_scaled_lag, k = 10, bs = 'cr') + s(PREC_scaled_lag, k = 10, bs = 'cr') + s(HUM_scaled_lag, k = 10, bs = 'cr') + s(WET_scaled_lag, k = 10, bs = 'cr') + s(PLS_Comp1, k = 10, bs = 'cr') + s(PLS_Comp2, k = 10, bs = 'cr') + s(PLS_Comp3, k = 10, bs = 'cr') + s(lat, lon, bs = 'sos', k = 20) + s(year, bs = 'cr', k = 8) + s(Region, bs = 're') + climate_zone",5.46959565582756,23,FALSE
"C","Model C (TMP, PREC, HUM, WET)","CREC","CR-Ec",9,3,3,1,1,-1315.68831427266,-1086.29815772002,82.1496998076307,-580.561336710677,NA,1.48463199998757,621,59,"logit_R ~ s(TMP_scaled_lag, k = 10, bs = 'cr') + s(PREC_scaled_lag, k = 10, bs = 'cr') + s(HUM_scaled_lag, k = 10, bs = 'cr') + s(WET_scaled_lag, k = 10, bs = 'cr') + s(PLS_Comp1, k = 10, bs = 'cr') + s(PLS_Comp2, k = 10, bs = 'cr') + s(PLS_Comp3, k = 10, bs = 'cr') + s(lat, lon, bs = 'sos', k = 20) + s(year, bs = 'cr', k = 8) + s(Region, bs = 're') + climate_zone",5.51891268285817,24,FALSE
"C","Model C (TMP, PREC, HUM, WET)","CREC","CR-Ec",3,3,1,1,1,-1315.68823154937,-1086.29779783119,82.1497010255413,-580.561331855728,NA,4.85115293616816,621,59,"logit_R ~ s(TMP_scaled_lag, k = 10, bs = 'cr') + s(PREC_scaled_lag, k = 10, bs = 'cr') + s(HUM_scaled_lag, k = 10, bs = 'cr') + s(WET_scaled_lag, k = 10, bs = 'cr') + s(PLS_Comp1, k = 10, bs = 'cr') + s(PLS_Comp2, k = 10, bs = 'cr') + s(PLS_Comp3, k = 10, bs = 'cr') + s(lat, lon, bs = 'sos', k = 20) + s(year, bs = 'cr', k = 8) + s(Region, bs = 're') + climate_zone",5.51899540614454,25,FALSE
"C","Model C (TMP, PREC, HUM, WET)","CREC","CR-Ec",24,3,2,3,1,-1315.68819405981,-1086.29741912579,82.1497043746121,-580.56133535924,NA,1.10333558670995,621,59,"logit_R ~ s(TMP_scaled_lag, k = 10, bs = 'cr') + s(PREC_scaled_lag, k = 10, bs = 'cr') + s(HUM_scaled_lag, k = 10, bs = 'cr') + s(WET_scaled_lag, k = 10, bs = 'cr') + s(PLS_Comp1, k = 10, bs = 'cr') + s(PLS_Comp2, k = 10, bs = 'cr') + s(PLS_Comp3, k = 10, bs = 'cr') + s(lat, lon, bs = 'sos', k = 20) + s(year, bs = 'cr', k = 8) + s(Region, bs = 're') + climate_zone",5.51903289570623,26,FALSE
"C","Model C (TMP, PREC, HUM, WET)","CREC","CR-Ec",27,3,3,3,1,-1315.68810954842,-1086.29708789655,82.1497051461179,-580.561320533321,NA,1.66323431918076,621,59,"logit_R ~ s(TMP_scaled_lag, k = 10, bs = 'cr') + s(PREC_scaled_lag, k = 10, bs = 'cr') + s(HUM_scaled_lag, k = 10, bs = 'cr') + s(WET_scaled_lag, k = 10, bs = 'cr') + s(PLS_Comp1, k = 10, bs = 'cr') + s(PLS_Comp2, k = 10, bs = 'cr') + s(PLS_Comp3, k = 10, bs = 'cr') + s(lat, lon, bs = 'sos', k = 20) + s(year, bs = 'cr', k = 8) + s(Region, bs = 're') + climate_zone",5.51911740710193,27,FALSE
"C","Model C (TMP, PREC, HUM, WET)","CREC","CR-Ec",21,3,1,3,1,-1315.68803629963,-1086.29703313613,82.1497028007682,-580.561305344432,NA,4.70061774852627,621,59,"logit_R ~ s(TMP_scaled_lag, k = 10, bs = 'cr') + s(PREC_scaled_lag, k = 10, bs = 'cr') + s(HUM_scaled_lag, k = 10, bs = 'cr') + s(WET_scaled_lag, k = 10, bs = 'cr') + s(PLS_Comp1, k = 10, bs = 'cr') + s(PLS_Comp2, k = 10, bs = 'cr') + s(PLS_Comp3, k = 10, bs = 'cr') + s(lat, lon, bs = 'sos', k = 20) + s(year, bs = 'cr', k = 8) + s(Region, bs = 're') + climate_zone",5.5191906558864,28,FALSE
"C","Model C (TMP, PREC, HUM, WET)","CREC","CR-Ec",6,3,2,1,1,-1315.68687439222,-1086.29355732117,82.1496994213505,-580.561124534016,NA,1.55681933153391,621,59,"logit_R ~ s(TMP_scaled_lag, k = 10, bs = 'cr') + s(PREC_scaled_lag, k = 10, bs = 'cr') + s(HUM_scaled_lag, k = 10, bs = 'cr') + s(WET_scaled_lag, k = 10, bs = 'cr') + s(PLS_Comp1, k = 10, bs = 'cr') + s(PLS_Comp2, k = 10, bs = 'cr') + s(PLS_Comp3, k = 10, bs = 'cr') + s(lat, lon, bs = 'sos', k = 20) + s(year, bs = 'cr', k = 8) + s(Region, bs = 're') + climate_zone",5.52035256329918,29,FALSE
"C","Model C (TMP, PREC, HUM, WET)","CREC","CR-Ec",36,3,3,1,2,-1315.43034575482,-1087.50224143041,82.1232975294902,-580.394937703286,NA,1.07921230943209,621,59,"logit_R ~ s(TMP_scaled_lag, k = 10, bs = 'cr') + s(PREC_scaled_lag, k = 10, bs = 'cr') + s(HUM_scaled_lag, k = 10, bs = 'cr') + s(WET_scaled_lag, k = 10, bs = 'cr') + s(PLS_Comp1, k = 10, bs = 'cr') + s(PLS_Comp2, k = 10, bs = 'cr') + s(PLS_Comp3, k = 10, bs = 'cr') + s(lat, lon, bs = 'sos', k = 20) + s(year, bs = 'cr', k = 8) + s(Region, bs = 're') + climate_zone",5.77688120069547,30,FALSE
"C","Model C (TMP, PREC, HUM, WET)","CREC","CR-Ec",45,3,3,2,2,-1315.43028982401,-1087.50195743065,82.1232988825904,-580.394938938489,NA,1.6891023526957,621,59,"logit_R ~ s(TMP_scaled_lag, k = 10, bs = 'cr') + s(PREC_scaled_lag, k = 10, bs = 'cr') + s(HUM_scaled_lag, k = 10, bs = 'cr') + s(WET_scaled_lag, k = 10, bs = 'cr') + s(PLS_Comp1, k = 10, bs = 'cr') + s(PLS_Comp2, k = 10, bs = 'cr') + s(PLS_Comp3, k = 10, bs = 'cr') + s(lat, lon, bs = 'sos', k = 20) + s(year, bs = 'cr', k = 8) + s(Region, bs = 're') + climate_zone",5.77693713150688,31,FALSE
"C","Model C (TMP, PREC, HUM, WET)","CREC","CR-Ec",51,3,2,3,2,-1315.43025049918,-1087.50180649565,82.1232992006394,-580.394937405872,NA,4.92199273478973,621,59,"logit_R ~ s(TMP_scaled_lag, k = 10, bs = 'cr') + s(PREC_scaled_lag, k = 10, bs = 'cr') + s(HUM_scaled_lag, k = 10, bs = 'cr') + s(WET_scaled_lag, k = 10, bs = 'cr') + s(PLS_Comp1, k = 10, bs = 'cr') + s(PLS_Comp2, k = 10, bs = 'cr') + s(PLS_Comp3, k = 10, bs = 'cr') + s(lat, lon, bs = 'sos', k = 20) + s(year, bs = 'cr', k = 8) + s(Region, bs = 're') + climate_zone",5.77697645633657,32,FALSE
"C","Model C (TMP, PREC, HUM, WET)","CREC","CR-Ec",48,3,1,3,2,-1315.43010909226,-1087.50097983885,82.1233040330488,-580.39492379421,NA,1.11798426043204,621,59,"logit_R ~ s(TMP_scaled_lag, k = 10, bs = 'cr') + s(PREC_scaled_lag, k = 10, bs = 'cr') + s(HUM_scaled_lag, k = 10, bs = 'cr') + s(WET_scaled_lag, k = 10, bs = 'cr') + s(PLS_Comp1, k = 10, bs = 'cr') + s(PLS_Comp2, k = 10, bs = 'cr') + s(PLS_Comp3, k = 10, bs = 'cr') + s(lat, lon, bs = 'sos', k = 20) + s(year, bs = 'cr', k = 8) + s(Region, bs = 're') + climate_zone",5.77711786326108,33,FALSE
"C","Model C (TMP, PREC, HUM, WET)","CREC","CR-Ec",42,3,2,2,2,-1315.43007196532,-1087.50098567397,82.1233024060947,-580.394941979293,NA,5.00834760153939,621,59,"logit_R ~ s(TMP_scaled_lag, k = 10, bs = 'cr') + s(PREC_scaled_lag, k = 10, bs = 'cr') + s(HUM_scaled_lag, k = 10, bs = 'cr') + s(WET_scaled_lag, k = 10, bs = 'cr') + s(PLS_Comp1, k = 10, bs = 'cr') + s(PLS_Comp2, k = 10, bs = 'cr') + s(PLS_Comp3, k = 10, bs = 'cr') + s(lat, lon, bs = 'sos', k = 20) + s(year, bs = 'cr', k = 8) + s(Region, bs = 're') + climate_zone",5.77715499019564,34,FALSE
"C","Model C (TMP, PREC, HUM, WET)","CREC","CR-Ec",33,3,2,1,2,-1315.42988031391,-1087.50004644409,82.1233066019195,-580.394942410309,NA,4.79998229368488,621,59,"logit_R ~ s(TMP_scaled_lag, k = 10, bs = 'cr') + s(PREC_scaled_lag, k = 10, bs = 'cr') + s(HUM_scaled_lag, k = 10, bs = 'cr') + s(WET_scaled_lag, k = 10, bs = 'cr') + s(PLS_Comp1, k = 10, bs = 'cr') + s(PLS_Comp2, k = 10, bs = 'cr') + s(PLS_Comp3, k = 10, bs = 'cr') + s(lat, lon, bs = 'sos', k = 20) + s(year, bs = 'cr', k = 8) + s(Region, bs = 're') + climate_zone",5.77734664161221,35,FALSE
"C","Model C (TMP, PREC, HUM, WET)","CREC","CR-Ec",39,3,1,2,2,-1315.42969147494,-1087.49911375179,82.1233108303066,-580.394939530758,NA,1.64359458877853,621,59,"logit_R ~ s(TMP_scaled_lag, k = 10, bs = 'cr') + s(PREC_scaled_lag, k = 10, bs = 'cr') + s(HUM_scaled_lag, k = 10, bs = 'cr') + s(WET_scaled_lag, k = 10, bs = 'cr') + s(PLS_Comp1, k = 10, bs = 'cr') + s(PLS_Comp2, k = 10, bs = 'cr') + s(PLS_Comp3, k = 10, bs = 'cr') + s(lat, lon, bs = 'sos', k = 20) + s(year, bs = 'cr', k = 8) + s(Region, bs = 're') + climate_zone",5.77753548057694,36,FALSE
"C","Model C (TMP, PREC, HUM, WET)","CREC","CR-Ec",54,3,3,3,2,-1315.42947296273,-1087.49834082352,82.1233117432357,-580.394892850989,NA,1.64473416570265,621,59,"logit_R ~ s(TMP_scaled_lag, k = 10, bs = 'cr') + s(PREC_scaled_lag, k = 10, bs = 'cr') + s(HUM_scaled_lag, k = 10, bs = 'cr') + s(WET_scaled_lag, k = 10, bs = 'cr') + s(PLS_Comp1, k = 10, bs = 'cr') + s(PLS_Comp2, k = 10, bs = 'cr') + s(PLS_Comp3, k = 10, bs = 'cr') + s(lat, lon, bs = 'sos', k = 20) + s(year, bs = 'cr', k = 8) + s(Region, bs = 're') + climate_zone",5.77775399278948,37,FALSE
"C","Model C (TMP, PREC, HUM, WET)","CREC","CR-Ec",30,3,1,1,2,-1315.42437567059,-1087.48271761424,82.1233017653202,-580.394073076292,NA,1.48698713622295,621,59,"logit_R ~ s(TMP_scaled_lag, k = 10, bs = 'cr') + s(PREC_scaled_lag, k = 10, bs = 'cr') + s(HUM_scaled_lag, k = 10, bs = 'cr') + s(WET_scaled_lag, k = 10, bs = 'cr') + s(PLS_Comp1, k = 10, bs = 'cr') + s(PLS_Comp2, k = 10, bs = 'cr') + s(PLS_Comp3, k = 10, bs = 'cr') + s(lat, lon, bs = 'sos', k = 20) + s(year, bs = 'cr', k = 8) + s(Region, bs = 're') + climate_zone",5.78285128492325,38,FALSE
"C","Model C (TMP, PREC, HUM, WET)","CREC","CR-Ec",57,3,1,1,3,-1315.41883202497,-1085.43647294256,82.149636497918,-580.136749456255,NA,1.46471871892143,621,59,"logit_R ~ s(TMP_scaled_lag, k = 10, bs = 'cr') + s(PREC_scaled_lag, k = 10, bs = 'cr') + s(HUM_scaled_lag, k = 10, bs = 'cr') + s(WET_scaled_lag, k = 10, bs = 'cr') + s(PLS_Comp1, k = 10, bs = 'cr') + s(PLS_Comp2, k = 10, bs = 'cr') + s(PLS_Comp3, k = 10, bs = 'cr') + s(lat, lon, bs = 'sos', k = 20) + s(year, bs = 'cr', k = 8) + s(Region, bs = 're') + climate_zone",5.78839493055011,39,FALSE
"C","Model C (TMP, PREC, HUM, WET)","CREC","CR-Ec",66,3,1,2,3,-1315.41882678163,-1085.43628783149,82.149638680683,-580.136754300211,NA,1.04610043895241,621,59,"logit_R ~ s(TMP_scaled_lag, k = 10, bs = 'cr') + s(PREC_scaled_lag, k = 10, bs = 'cr') + s(HUM_scaled_lag, k = 10, bs = 'cr') + s(WET_scaled_lag, k = 10, bs = 'cr') + s(PLS_Comp1, k = 10, bs = 'cr') + s(PLS_Comp2, k = 10, bs = 'cr') + s(PLS_Comp3, k = 10, bs = 'cr') + s(lat, lon, bs = 'sos', k = 20) + s(year, bs = 'cr', k = 8) + s(Region, bs = 're') + climate_zone",5.78840017388325,40,FALSE
"C","Model C (TMP, PREC, HUM, WET)","CREC","CR-Ec",72,3,3,2,3,-1315.41880802367,-1085.43648236074,82.1496353744496,-580.136748544601,NA,4.65346839638508,621,59,"logit_R ~ s(TMP_scaled_lag, k = 10, bs = 'cr') + s(PREC_scaled_lag, k = 10, bs = 'cr') + s(HUM_scaled_lag, k = 10, bs = 'cr') + s(WET_scaled_lag, k = 10, bs = 'cr') + s(PLS_Comp1, k = 10, bs = 'cr') + s(PLS_Comp2, k = 10, bs = 'cr') + s(PLS_Comp3, k = 10, bs = 'cr') + s(lat, lon, bs = 'sos', k = 20) + s(year, bs = 'cr', k = 8) + s(Region, bs = 're') + climate_zone",5.78841893185199,41,FALSE
"C","Model C (TMP, PREC, HUM, WET)","CREC","CR-Ec",69,3,2,2,3,-1315.41877336373,-1085.43645639513,82.1496342653713,-580.136744652752,NA,1.59032578148603,621,59,"logit_R ~ s(TMP_scaled_lag, k = 10, bs = 'cr') + s(PREC_scaled_lag, k = 10, bs = 'cr') + s(HUM_scaled_lag, k = 10, bs = 'cr') + s(WET_scaled_lag, k = 10, bs = 'cr') + s(PLS_Comp1, k = 10, bs = 'cr') + s(PLS_Comp2, k = 10, bs = 'cr') + s(PLS_Comp3, k = 10, bs = 'cr') + s(lat, lon, bs = 'sos', k = 20) + s(year, bs = 'cr', k = 8) + s(Region, bs = 're') + climate_zone",5.78845359178263,42,FALSE
"C","Model C (TMP, PREC, HUM, WET)","CREC","CR-Ec",78,3,2,3,3,-1315.41870934881,-1085.43613345724,82.149635784383,-580.136737444428,NA,1.62121748094971,621,59,"logit_R ~ s(TMP_scaled_lag, k = 10, bs = 'cr') + s(PREC_scaled_lag, k = 10, bs = 'cr') + s(HUM_scaled_lag, k = 10, bs = 'cr') + s(WET_scaled_lag, k = 10, bs = 'cr') + s(PLS_Comp1, k = 10, bs = 'cr') + s(PLS_Comp2, k = 10, bs = 'cr') + s(PLS_Comp3, k = 10, bs = 'cr') + s(lat, lon, bs = 'sos', k = 20) + s(year, bs = 'cr', k = 8) + s(Region, bs = 're') + climate_zone",5.78851760670659,43,FALSE
"C","Model C (TMP, PREC, HUM, WET)","CREC","CR-Ec",63,3,3,1,3,-1315.4178927916,-1085.43356796954,82.1496350022577,-580.136614798424,NA,4.61637159651682,621,59,"logit_R ~ s(TMP_scaled_lag, k = 10, bs = 'cr') + s(PREC_scaled_lag, k = 10, bs = 'cr') + s(HUM_scaled_lag, k = 10, bs = 'cr') + s(WET_scaled_lag, k = 10, bs = 'cr') + s(PLS_Comp1, k = 10, bs = 'cr') + s(PLS_Comp2, k = 10, bs = 'cr') + s(PLS_Comp3, k = 10, bs = 'cr') + s(lat, lon, bs = 'sos', k = 20) + s(year, bs = 'cr', k = 8) + s(Region, bs = 're') + climate_zone",5.78933416391737,44,FALSE
"C","Model C (TMP, PREC, HUM, WET)","CREC","CR-Ec",81,3,3,3,3,-1315.41741940656,-1085.43182628974,82.1496378490182,-580.136556170589,NA,4.79570612480079,621,59,"logit_R ~ s(TMP_scaled_lag, k = 10, bs = 'cr') + s(PREC_scaled_lag, k = 10, bs = 'cr') + s(HUM_scaled_lag, k = 10, bs = 'cr') + s(WET_scaled_lag, k = 10, bs = 'cr') + s(PLS_Comp1, k = 10, bs = 'cr') + s(PLS_Comp2, k = 10, bs = 'cr') + s(PLS_Comp3, k = 10, bs = 'cr') + s(lat, lon, bs = 'sos', k = 20) + s(year, bs = 'cr', k = 8) + s(Region, bs = 're') + climate_zone",5.78980754895497,45,FALSE
"C","Model C (TMP, PREC, HUM, WET)","CREC","CR-Ec",8,2,3,1,1,-1314.7236109734,-1088.09147137383,82.0860763092813,-581.118530581898,NA,1.5824946018594,621,59,"logit_R ~ s(TMP_scaled_lag, k = 10, bs = 'cr') + s(PREC_scaled_lag, k = 10, bs = 'cr') + s(HUM_scaled_lag, k = 10, bs = 'cr') + s(WET_scaled_lag, k = 10, bs = 'cr') + s(PLS_Comp1, k = 10, bs = 'cr') + s(PLS_Comp2, k = 10, bs = 'cr') + s(PLS_Comp3, k = 10, bs = 'cr') + s(lat, lon, bs = 'sos', k = 20) + s(year, bs = 'cr', k = 8) + s(Region, bs = 're') + climate_zone",6.48361598211682,46,FALSE
"C","Model C (TMP, PREC, HUM, WET)","CREC","CR-Ec",17,2,3,2,1,-1314.72355279915,-1088.09140728889,82.086074708089,-581.118526310763,NA,1.09196767202725,621,59,"logit_R ~ s(TMP_scaled_lag, k = 10, bs = 'cr') + s(PREC_scaled_lag, k = 10, bs = 'cr') + s(HUM_scaled_lag, k = 10, bs = 'cr') + s(WET_scaled_lag, k = 10, bs = 'cr') + s(PLS_Comp1, k = 10, bs = 'cr') + s(PLS_Comp2, k = 10, bs = 'cr') + s(PLS_Comp3, k = 10, bs = 'cr') + s(lat, lon, bs = 'sos', k = 20) + s(year, bs = 'cr', k = 8) + s(Region, bs = 're') + climate_zone",6.48367415636517,47,FALSE
"C","Model C (TMP, PREC, HUM, WET)","CREC","CR-Ec",23,2,2,3,1,-1314.72318784831,-1088.09010583258,82.0860763732395,-581.118528208852,NA,1.11372172583004,621,59,"logit_R ~ s(TMP_scaled_lag, k = 10, bs = 'cr') + s(PREC_scaled_lag, k = 10, bs = 'cr') + s(HUM_scaled_lag, k = 10, bs = 'cr') + s(WET_scaled_lag, k = 10, bs = 'cr') + s(PLS_Comp1, k = 10, bs = 'cr') + s(PLS_Comp2, k = 10, bs = 'cr') + s(PLS_Comp3, k = 10, bs = 'cr') + s(lat, lon, bs = 'sos', k = 20) + s(year, bs = 'cr', k = 8) + s(Region, bs = 're') + climate_zone",6.48403910720504,48,FALSE
"C","Model C (TMP, PREC, HUM, WET)","CREC","CR-Ec",26,2,3,3,1,-1314.7227607056,-1088.08822106552,82.0860830290627,-581.118525155985,NA,1.61954526962919,621,59,"logit_R ~ s(TMP_scaled_lag, k = 10, bs = 'cr') + s(PREC_scaled_lag, k = 10, bs = 'cr') + s(HUM_scaled_lag, k = 10, bs = 'cr') + s(WET_scaled_lag, k = 10, bs = 'cr') + s(PLS_Comp1, k = 10, bs = 'cr') + s(PLS_Comp2, k = 10, bs = 'cr') + s(PLS_Comp3, k = 10, bs = 'cr') + s(lat, lon, bs = 'sos', k = 20) + s(year, bs = 'cr', k = 8) + s(Region, bs = 're') + climate_zone",6.48446624991902,49,FALSE
"C","Model C (TMP, PREC, HUM, WET)","CREC","CR-Ec",20,2,1,3,1,-1314.72268032983,-1088.08823839217,82.0860794384335,-581.118530071085,NA,4.68710572098892,621,59,"logit_R ~ s(TMP_scaled_lag, k = 10, bs = 'cr') + s(PREC_scaled_lag, k = 10, bs = 'cr') + s(HUM_scaled_lag, k = 10, bs = 'cr') + s(WET_scaled_lag, k = 10, bs = 'cr') + s(PLS_Comp1, k = 10, bs = 'cr') + s(PLS_Comp2, k = 10, bs = 'cr') + s(PLS_Comp3, k = 10, bs = 'cr') + s(lat, lon, bs = 'sos', k = 20) + s(year, bs = 'cr', k = 8) + s(Region, bs = 're') + climate_zone",6.48454662569043,50,FALSE
"C","Model C (TMP, PREC, HUM, WET)","CREC","CR-Ec",53,2,3,3,2,-1314.50008259527,-1087.58923589141,82.0832566193002,-581.10813002572,NA,1.6272561593391,621,59,"logit_R ~ s(TMP_scaled_lag, k = 10, bs = 'cr') + s(PREC_scaled_lag, k = 10, bs = 'cr') + s(HUM_scaled_lag, k = 10, bs = 'cr') + s(WET_scaled_lag, k = 10, bs = 'cr') + s(PLS_Comp1, k = 10, bs = 'cr') + s(PLS_Comp2, k = 10, bs = 'cr') + s(PLS_Comp3, k = 10, bs = 'cr') + s(lat, lon, bs = 'sos', k = 20) + s(year, bs = 'cr', k = 8) + s(Region, bs = 're') + climate_zone",6.70714436024468,51,FALSE
"C","Model C (TMP, PREC, HUM, WET)","CREC","CR-Ec",44,2,3,2,2,-1314.49896939274,-1087.5841372316,82.0832763986962,-581.108126941816,NA,1.59654085290281,621,59,"logit_R ~ s(TMP_scaled_lag, k = 10, bs = 'cr') + s(PREC_scaled_lag, k = 10, bs = 'cr') + s(HUM_scaled_lag, k = 10, bs = 'cr') + s(WET_scaled_lag, k = 10, bs = 'cr') + s(PLS_Comp1, k = 10, bs = 'cr') + s(PLS_Comp2, k = 10, bs = 'cr') + s(PLS_Comp3, k = 10, bs = 'cr') + s(lat, lon, bs = 'sos', k = 20) + s(year, bs = 'cr', k = 8) + s(Region, bs = 're') + climate_zone",6.70825756277895,52,FALSE
"C","Model C (TMP, PREC, HUM, WET)","CREC","CR-Ec",50,2,2,3,2,-1314.49835551529,-1087.58105349854,82.0832908488186,-581.108119695613,NA,4.91719544172171,621,59,"logit_R ~ s(TMP_scaled_lag, k = 10, bs = 'cr') + s(PREC_scaled_lag, k = 10, bs = 'cr') + s(HUM_scaled_lag, k = 10, bs = 'cr') + s(WET_scaled_lag, k = 10, bs = 'cr') + s(PLS_Comp1, k = 10, bs = 'cr') + s(PLS_Comp2, k = 10, bs = 'cr') + s(PLS_Comp3, k = 10, bs = 'cr') + s(lat, lon, bs = 'sos', k = 20) + s(year, bs = 'cr', k = 8) + s(Region, bs = 're') + climate_zone",6.7088714402289,53,FALSE
"C","Model C (TMP, PREC, HUM, WET)","CREC","CR-Ec",47,2,1,3,2,-1314.49822636196,-1087.58048554351,82.0832928364414,-581.108130181042,NA,1.09095933208339,621,59,"logit_R ~ s(TMP_scaled_lag, k = 10, bs = 'cr') + s(PREC_scaled_lag, k = 10, bs = 'cr') + s(HUM_scaled_lag, k = 10, bs = 'cr') + s(WET_scaled_lag, k = 10, bs = 'cr') + s(PLS_Comp1, k = 10, bs = 'cr') + s(PLS_Comp2, k = 10, bs = 'cr') + s(PLS_Comp3, k = 10, bs = 'cr') + s(lat, lon, bs = 'sos', k = 20) + s(year, bs = 'cr', k = 8) + s(Region, bs = 're') + climate_zone",6.70900059355813,54,FALSE
"C","Model C (TMP, PREC, HUM, WET)","CREC","CR-Ec",35,2,3,1,2,-1314.49806203402,-1087.57987924149,82.0832938505373,-581.10812107414,NA,1.07729595723942,621,59,"logit_R ~ s(TMP_scaled_lag, k = 10, bs = 'cr') + s(PREC_scaled_lag, k = 10, bs = 'cr') + s(HUM_scaled_lag, k = 10, bs = 'cr') + s(WET_scaled_lag, k = 10, bs = 'cr') + s(PLS_Comp1, k = 10, bs = 'cr') + s(PLS_Comp2, k = 10, bs = 'cr') + s(PLS_Comp3, k = 10, bs = 'cr') + s(lat, lon, bs = 'sos', k = 20) + s(year, bs = 'cr', k = 8) + s(Region, bs = 're') + climate_zone",6.70916492149672,55,FALSE
"C","Model C (TMP, PREC, HUM, WET)","CREC","CR-Ec",46,1,1,3,2,-1314.35355061537,-1085.3409546972,82.1063820932507,-581.148418437165,NA,1.09722935456384,621,59,"logit_R ~ s(TMP_scaled_lag, k = 10, bs = 'cr') + s(PREC_scaled_lag, k = 10, bs = 'cr') + s(HUM_scaled_lag, k = 10, bs = 'cr') + s(WET_scaled_lag, k = 10, bs = 'cr') + s(PLS_Comp1, k = 10, bs = 'cr') + s(PLS_Comp2, k = 10, bs = 'cr') + s(PLS_Comp3, k = 10, bs = 'cr') + s(lat, lon, bs = 'sos', k = 20) + s(year, bs = 'cr', k = 8) + s(Region, bs = 're') + climate_zone",6.85367634015142,56,FALSE
"C","Model C (TMP, PREC, HUM, WET)","CREC","CR-Ec",52,1,3,3,2,-1314.26091898222,-1083.60786715955,82.1250369918579,-581.164652223047,NA,1.63605928024474,621,59,"logit_R ~ s(TMP_scaled_lag, k = 10, bs = 'cr') + s(PREC_scaled_lag, k = 10, bs = 'cr') + s(HUM_scaled_lag, k = 10, bs = 'cr') + s(WET_scaled_lag, k = 10, bs = 'cr') + s(PLS_Comp1, k = 10, bs = 'cr') + s(PLS_Comp2, k = 10, bs = 'cr') + s(PLS_Comp3, k = 10, bs = 'cr') + s(lat, lon, bs = 'sos', k = 20) + s(year, bs = 'cr', k = 8) + s(Region, bs = 're') + climate_zone",6.94630797329728,57,FALSE
"C","Model C (TMP, PREC, HUM, WET)","CREC","CR-Ec",34,1,3,1,2,-1314.24484479512,-1083.52785962623,82.1254048771468,-581.164666071071,NA,1.10897793086981,621,59,"logit_R ~ s(TMP_scaled_lag, k = 10, bs = 'cr') + s(PREC_scaled_lag, k = 10, bs = 'cr') + s(HUM_scaled_lag, k = 10, bs = 'cr') + s(WET_scaled_lag, k = 10, bs = 'cr') + s(PLS_Comp1, k = 10, bs = 'cr') + s(PLS_Comp2, k = 10, bs = 'cr') + s(PLS_Comp3, k = 10, bs = 'cr') + s(lat, lon, bs = 'sos', k = 20) + s(year, bs = 'cr', k = 8) + s(Region, bs = 're') + climate_zone",6.96238216040092,58,FALSE
"C","Model C (TMP, PREC, HUM, WET)","CREC","CR-Ec",43,1,3,2,2,-1314.24477028524,-1083.52758663817,82.1254053109041,-581.164658002793,NA,1.59703870805331,621,59,"logit_R ~ s(TMP_scaled_lag, k = 10, bs = 'cr') + s(PREC_scaled_lag, k = 10, bs = 'cr') + s(HUM_scaled_lag, k = 10, bs = 'cr') + s(WET_scaled_lag, k = 10, bs = 'cr') + s(PLS_Comp1, k = 10, bs = 'cr') + s(PLS_Comp2, k = 10, bs = 'cr') + s(PLS_Comp3, k = 10, bs = 'cr') + s(lat, lon, bs = 'sos', k = 20) + s(year, bs = 'cr', k = 8) + s(Region, bs = 're') + climate_zone",6.96245667027347,59,FALSE
"C","Model C (TMP, PREC, HUM, WET)","CREC","CR-Ec",49,1,2,3,2,-1314.24470078375,-1083.52698646676,82.1254102043009,-581.164663007322,NA,4.91151725400793,621,59,"logit_R ~ s(TMP_scaled_lag, k = 10, bs = 'cr') + s(PREC_scaled_lag, k = 10, bs = 'cr') + s(HUM_scaled_lag, k = 10, bs = 'cr') + s(WET_scaled_lag, k = 10, bs = 'cr') + s(PLS_Comp1, k = 10, bs = 'cr') + s(PLS_Comp2, k = 10, bs = 'cr') + s(PLS_Comp3, k = 10, bs = 'cr') + s(lat, lon, bs = 'sos', k = 20) + s(year, bs = 'cr', k = 8) + s(Region, bs = 're') + climate_zone",6.96252617176856,60,FALSE
"C","Model C (TMP, PREC, HUM, WET)","CREC","CR-Ec",19,1,1,3,1,-1313.6880657901,-1083.0892826569,82.1078346064662,-580.957673943337,NA,4.6941309640226,621,59,"logit_R ~ s(TMP_scaled_lag, k = 10, bs = 'cr') + s(PREC_scaled_lag, k = 10, bs = 'cr') + s(HUM_scaled_lag, k = 10, bs = 'cr') + s(WET_scaled_lag, k = 10, bs = 'cr') + s(PLS_Comp1, k = 10, bs = 'cr') + s(PLS_Comp2, k = 10, bs = 'cr') + s(PLS_Comp3, k = 10, bs = 'cr') + s(lat, lon, bs = 'sos', k = 20) + s(year, bs = 'cr', k = 8) + s(Region, bs = 're') + climate_zone",7.51916116541588,61,FALSE
"C","Model C (TMP, PREC, HUM, WET)","CREC","CR-Ec",7,1,3,1,1,-1313.68795596492,-1083.08879141018,82.1078364020914,-580.957663406287,NA,1.56131939968994,621,59,"logit_R ~ s(TMP_scaled_lag, k = 10, bs = 'cr') + s(PREC_scaled_lag, k = 10, bs = 'cr') + s(HUM_scaled_lag, k = 10, bs = 'cr') + s(WET_scaled_lag, k = 10, bs = 'cr') + s(PLS_Comp1, k = 10, bs = 'cr') + s(PLS_Comp2, k = 10, bs = 'cr') + s(PLS_Comp3, k = 10, bs = 'cr') + s(lat, lon, bs = 'sos', k = 20) + s(year, bs = 'cr', k = 8) + s(Region, bs = 're') + climate_zone",7.51927099059844,62,FALSE
"C","Model C (TMP, PREC, HUM, WET)","CREC","CR-Ec",25,1,3,3,1,-1313.68793434648,-1083.08847115898,82.1078396625556,-580.957669061888,NA,1.61822428641053,621,59,"logit_R ~ s(TMP_scaled_lag, k = 10, bs = 'cr') + s(PREC_scaled_lag, k = 10, bs = 'cr') + s(HUM_scaled_lag, k = 10, bs = 'cr') + s(WET_scaled_lag, k = 10, bs = 'cr') + s(PLS_Comp1, k = 10, bs = 'cr') + s(PLS_Comp2, k = 10, bs = 'cr') + s(PLS_Comp3, k = 10, bs = 'cr') + s(lat, lon, bs = 'sos', k = 20) + s(year, bs = 'cr', k = 8) + s(Region, bs = 're') + climate_zone",7.51929260903398,63,FALSE
"C","Model C (TMP, PREC, HUM, WET)","CREC","CR-Ec",16,1,3,2,1,-1313.56397036001,-1081.2124262933,82.1270412556963,-580.966979986318,NA,1.08807980751357,621,59,"logit_R ~ s(TMP_scaled_lag, k = 10, bs = 'cr') + s(PREC_scaled_lag, k = 10, bs = 'cr') + s(HUM_scaled_lag, k = 10, bs = 'cr') + s(WET_scaled_lag, k = 10, bs = 'cr') + s(PLS_Comp1, k = 10, bs = 'cr') + s(PLS_Comp2, k = 10, bs = 'cr') + s(PLS_Comp3, k = 10, bs = 'cr') + s(lat, lon, bs = 'sos', k = 20) + s(year, bs = 'cr', k = 8) + s(Region, bs = 're') + climate_zone",7.64325659550309,64,FALSE
"C","Model C (TMP, PREC, HUM, WET)","CREC","CR-Ec",22,1,2,3,1,-1313.56394131511,-1081.21215766019,82.1270435319469,-580.966983062887,NA,1.12876451704215,621,59,"logit_R ~ s(TMP_scaled_lag, k = 10, bs = 'cr') + s(PREC_scaled_lag, k = 10, bs = 'cr') + s(HUM_scaled_lag, k = 10, bs = 'cr') + s(WET_scaled_lag, k = 10, bs = 'cr') + s(PLS_Comp1, k = 10, bs = 'cr') + s(PLS_Comp2, k = 10, bs = 'cr') + s(PLS_Comp3, k = 10, bs = 'cr') + s(lat, lon, bs = 'sos', k = 20) + s(year, bs = 'cr', k = 8) + s(Region, bs = 're') + climate_zone",7.64328564040352,65,FALSE
"C","Model C (TMP, PREC, HUM, WET)","CREC","CR-Ec",2,2,1,1,1,-977.175776767962,-769.426059606007,69.5913881763242,-425.834866110298,NA,4.91252506766644,693,72,"logit_R ~ s(TMP_scaled_lag, k = 10, bs = 'cr') + s(PREC_scaled_lag, k = 10, bs = 'cr') + s(HUM_scaled_lag, k = 10, bs = 'cr') + s(WET_scaled_lag, k = 10, bs = 'cr') + s(PLS_Comp1, k = 10, bs = 'cr') + s(PLS_Comp2, k = 10, bs = 'cr') + s(PLS_Comp3, k = 10, bs = 'cr') + s(lat, lon, bs = 'sos', k = 20) + s(year, bs = 'cr', k = 8) + s(Region, bs = 're') + climate_zone",344.031450187556,66,FALSE
"C","Model C (TMP, PREC, HUM, WET)","CREC","CR-Ec",5,2,2,1,1,-977.17570128849,-769.42576420344,69.5913891145143,-425.834860090268,NA,1.68010585639641,693,72,"logit_R ~ s(TMP_scaled_lag, k = 10, bs = 'cr') + s(PREC_scaled_lag, k = 10, bs = 'cr') + s(HUM_scaled_lag, k = 10, bs = 'cr') + s(WET_scaled_lag, k = 10, bs = 'cr') + s(PLS_Comp1, k = 10, bs = 'cr') + s(PLS_Comp2, k = 10, bs = 'cr') + s(PLS_Comp3, k = 10, bs = 'cr') + s(lat, lon, bs = 'sos', k = 20) + s(year, bs = 'cr', k = 8) + s(Region, bs = 're') + climate_zone",344.031525667027,67,FALSE
"C","Model C (TMP, PREC, HUM, WET)","CREC","CR-Ec",11,2,1,2,1,-977.175648303633,-769.425227012854,69.5913961472507,-425.834861308243,NA,4.79758622839436,693,72,"logit_R ~ s(TMP_scaled_lag, k = 10, bs = 'cr') + s(PREC_scaled_lag, k = 10, bs = 'cr') + s(HUM_scaled_lag, k = 10, bs = 'cr') + s(WET_scaled_lag, k = 10, bs = 'cr') + s(PLS_Comp1, k = 10, bs = 'cr') + s(PLS_Comp2, k = 10, bs = 'cr') + s(PLS_Comp3, k = 10, bs = 'cr') + s(lat, lon, bs = 'sos', k = 20) + s(year, bs = 'cr', k = 8) + s(Region, bs = 're') + climate_zone",344.031578651885,68,FALSE
"C","Model C (TMP, PREC, HUM, WET)","CREC","CR-Ec",14,2,2,2,1,-977.175564352053,-769.424659969757,69.5914017996434,-425.834874900136,NA,1.61065171583246,693,72,"logit_R ~ s(TMP_scaled_lag, k = 10, bs = 'cr') + s(PREC_scaled_lag, k = 10, bs = 'cr') + s(HUM_scaled_lag, k = 10, bs = 'cr') + s(WET_scaled_lag, k = 10, bs = 'cr') + s(PLS_Comp1, k = 10, bs = 'cr') + s(PLS_Comp2, k = 10, bs = 'cr') + s(PLS_Comp3, k = 10, bs = 'cr') + s(lat, lon, bs = 'sos', k = 20) + s(year, bs = 'cr', k = 8) + s(Region, bs = 're') + climate_zone",344.031662603464,69,FALSE
"C","Model C (TMP, PREC, HUM, WET)","CREC","CR-Ec",13,1,2,2,1,-935.161662050998,-737.507881126148,67.4828174306663,-417.418975917994,NA,1.58467937473894,693,72,"logit_R ~ s(TMP_scaled_lag, k = 10, bs = 'cr') + s(PREC_scaled_lag, k = 10, bs = 'cr') + s(HUM_scaled_lag, k = 10, bs = 'cr') + s(WET_scaled_lag, k = 10, bs = 'cr') + s(PLS_Comp1, k = 10, bs = 'cr') + s(PLS_Comp2, k = 10, bs = 'cr') + s(PLS_Comp3, k = 10, bs = 'cr') + s(lat, lon, bs = 'sos', k = 20) + s(year, bs = 'cr', k = 8) + s(Region, bs = 're') + climate_zone",386.045564904519,70,FALSE
"C","Model C (TMP, PREC, HUM, WET)","CREC","CR-Ec",10,1,1,2,1,-934.34531664821,-742.817670719686,67.3174913533695,-417.183197407066,NA,4.80506822233896,693,72,"logit_R ~ s(TMP_scaled_lag, k = 10, bs = 'cr') + s(PREC_scaled_lag, k = 10, bs = 'cr') + s(HUM_scaled_lag, k = 10, bs = 'cr') + s(WET_scaled_lag, k = 10, bs = 'cr') + s(PLS_Comp1, k = 10, bs = 'cr') + s(PLS_Comp2, k = 10, bs = 'cr') + s(PLS_Comp3, k = 10, bs = 'cr') + s(lat, lon, bs = 'sos', k = 20) + s(year, bs = 'cr', k = 8) + s(Region, bs = 're') + climate_zone",386.861910307308,71,FALSE
"C","Model C (TMP, PREC, HUM, WET)","CREC","CR-Ec",4,1,2,1,1,-934.345239700187,-742.81765407528,67.3174864718631,-417.183191088922,NA,1.61279426622875,693,72,"logit_R ~ s(TMP_scaled_lag, k = 10, bs = 'cr') + s(PREC_scaled_lag, k = 10, bs = 'cr') + s(HUM_scaled_lag, k = 10, bs = 'cr') + s(WET_scaled_lag, k = 10, bs = 'cr') + s(PLS_Comp1, k = 10, bs = 'cr') + s(PLS_Comp2, k = 10, bs = 'cr') + s(PLS_Comp3, k = 10, bs = 'cr') + s(lat, lon, bs = 'sos', k = 20) + s(year, bs = 'cr', k = 8) + s(Region, bs = 're') + climate_zone",386.861987255331,72,FALSE
"C","Model C (TMP, PREC, HUM, WET)","CREC","CR-Ec",31,1,2,1,2,-932.271036967145,-734.896445581517,67.3411049145859,-416.794910864245,NA,4.6131413978455,693,72,"logit_R ~ s(TMP_scaled_lag, k = 10, bs = 'cr') + s(PREC_scaled_lag, k = 10, bs = 'cr') + s(HUM_scaled_lag, k = 10, bs = 'cr') + s(WET_scaled_lag, k = 10, bs = 'cr') + s(PLS_Comp1, k = 10, bs = 'cr') + s(PLS_Comp2, k = 10, bs = 'cr') + s(PLS_Comp3, k = 10, bs = 'cr') + s(lat, lon, bs = 'sos', k = 20) + s(year, bs = 'cr', k = 8) + s(Region, bs = 're') + climate_zone",388.936189988372,73,FALSE
"C","Model C (TMP, PREC, HUM, WET)","CREC","CR-Ec",40,1,2,2,2,-932.270862915759,-734.895362298165,67.3411155841217,-416.794915878868,NA,4.75548079066205,693,72,"logit_R ~ s(TMP_scaled_lag, k = 10, bs = 'cr') + s(PREC_scaled_lag, k = 10, bs = 'cr') + s(HUM_scaled_lag, k = 10, bs = 'cr') + s(WET_scaled_lag, k = 10, bs = 'cr') + s(PLS_Comp1, k = 10, bs = 'cr') + s(PLS_Comp2, k = 10, bs = 'cr') + s(PLS_Comp3, k = 10, bs = 'cr') + s(lat, lon, bs = 'sos', k = 20) + s(year, bs = 'cr', k = 8) + s(Region, bs = 're') + climate_zone",388.936364039758,74,FALSE
"C","Model C (TMP, PREC, HUM, WET)","CREC","CR-Ec",28,1,1,1,2,-931.366170699045,-740.1615080914,67.1699514118242,-416.559963188393,NA,1.59561207722205,693,72,"logit_R ~ s(TMP_scaled_lag, k = 10, bs = 'cr') + s(PREC_scaled_lag, k = 10, bs = 'cr') + s(HUM_scaled_lag, k = 10, bs = 'cr') + s(WET_scaled_lag, k = 10, bs = 'cr') + s(PLS_Comp1, k = 10, bs = 'cr') + s(PLS_Comp2, k = 10, bs = 'cr') + s(PLS_Comp3, k = 10, bs = 'cr') + s(lat, lon, bs = 'sos', k = 20) + s(year, bs = 'cr', k = 8) + s(Region, bs = 're') + climate_zone",389.841056256473,75,FALSE
"C","Model C (TMP, PREC, HUM, WET)","CREC","CR-Ec",37,1,1,2,2,-931.366061063022,-740.161026928504,67.1699539697767,-416.55996219064,NA,1.57201967723794,693,72,"logit_R ~ s(TMP_scaled_lag, k = 10, bs = 'cr') + s(PREC_scaled_lag, k = 10, bs = 'cr') + s(HUM_scaled_lag, k = 10, bs = 'cr') + s(WET_scaled_lag, k = 10, bs = 'cr') + s(PLS_Comp1, k = 10, bs = 'cr') + s(PLS_Comp2, k = 10, bs = 'cr') + s(PLS_Comp3, k = 10, bs = 'cr') + s(lat, lon, bs = 'sos', k = 20) + s(year, bs = 'cr', k = 8) + s(Region, bs = 're') + climate_zone",389.841165892495,76,FALSE
"C","Model C (TMP, PREC, HUM, WET)","CREC","CR-Ec",29,2,1,1,2,-927.472691984183,-730.003684382049,67.1161626970932,-418.215002195299,NA,1.60949489142147,693,72,"logit_R ~ s(TMP_scaled_lag, k = 10, bs = 'cr') + s(PREC_scaled_lag, k = 10, bs = 'cr') + s(HUM_scaled_lag, k = 10, bs = 'cr') + s(WET_scaled_lag, k = 10, bs = 'cr') + s(PLS_Comp1, k = 10, bs = 'cr') + s(PLS_Comp2, k = 10, bs = 'cr') + s(PLS_Comp3, k = 10, bs = 'cr') + s(lat, lon, bs = 'sos', k = 20) + s(year, bs = 'cr', k = 8) + s(Region, bs = 're') + climate_zone",393.734534971334,77,FALSE
"C","Model C (TMP, PREC, HUM, WET)","CREC","CR-Ec",32,2,2,1,2,-927.472291918817,-730.002189005771,67.1161666042912,-418.214934813749,NA,4.6204519245173,693,72,"logit_R ~ s(TMP_scaled_lag, k = 10, bs = 'cr') + s(PREC_scaled_lag, k = 10, bs = 'cr') + s(HUM_scaled_lag, k = 10, bs = 'cr') + s(WET_scaled_lag, k = 10, bs = 'cr') + s(PLS_Comp1, k = 10, bs = 'cr') + s(PLS_Comp2, k = 10, bs = 'cr') + s(PLS_Comp3, k = 10, bs = 'cr') + s(lat, lon, bs = 'sos', k = 20) + s(year, bs = 'cr', k = 8) + s(Region, bs = 're') + climate_zone",393.734935036701,78,FALSE
"C","Model C (TMP, PREC, HUM, WET)","CREC","CR-Ec",41,2,2,2,2,-927.47225692975,-730.00170067644,67.1161744183527,-418.214945439634,NA,4.74733804076348,693,72,"logit_R ~ s(TMP_scaled_lag, k = 10, bs = 'cr') + s(PREC_scaled_lag, k = 10, bs = 'cr') + s(HUM_scaled_lag, k = 10, bs = 'cr') + s(WET_scaled_lag, k = 10, bs = 'cr') + s(PLS_Comp1, k = 10, bs = 'cr') + s(PLS_Comp2, k = 10, bs = 'cr') + s(PLS_Comp3, k = 10, bs = 'cr') + s(lat, lon, bs = 'sos', k = 20) + s(year, bs = 'cr', k = 8) + s(Region, bs = 're') + climate_zone",393.734970025768,79,FALSE
"C","Model C (TMP, PREC, HUM, WET)","CREC","CR-Ec",38,2,1,2,2,-927.448764114877,-729.85080684929,67.1177221637639,-418.215604443707,NA,1.62577954676071,693,72,"logit_R ~ s(TMP_scaled_lag, k = 10, bs = 'cr') + s(PREC_scaled_lag, k = 10, bs = 'cr') + s(HUM_scaled_lag, k = 10, bs = 'cr') + s(WET_scaled_lag, k = 10, bs = 'cr') + s(PLS_Comp1, k = 10, bs = 'cr') + s(PLS_Comp2, k = 10, bs = 'cr') + s(PLS_Comp3, k = 10, bs = 'cr') + s(lat, lon, bs = 'sos', k = 20) + s(year, bs = 'cr', k = 8) + s(Region, bs = 're') + climate_zone",393.758462840641,80,FALSE
"C","Model C (TMP, PREC, HUM, WET)","CREC","CR-Ec",1,1,1,1,1,-919.020282038045,-725.571395826418,65.9157902155283,-411.09207153749,NA,4.65439355226736,773,80,"logit_R ~ s(TMP_scaled_lag, k = 10, bs = 'cr') + s(PREC_scaled_lag, k = 10, bs = 'cr') + s(HUM_scaled_lag, k = 10, bs = 'cr') + s(WET_scaled_lag, k = 10, bs = 'cr') + s(PLS_Comp1, k = 10, bs = 'cr') + s(PLS_Comp2, k = 10, bs = 'cr') + s(PLS_Comp3, k = 10, bs = 'cr') + s(lat, lon, bs = 'sos', k = 20) + s(year, bs = 'cr', k = 8) + s(Region, bs = 're') + climate_zone",402.186944917473,81,FALSE
"C","Model C (TMP, PREC, HUM, WET)","CRKP","CR-Kp",23,2,2,3,1,331.59393536579,508.94436063982,75.7794094655847,211.924494580356,0.567755242598876,1.13662224040475,521,60,"logit_R ~ s(TMP_scaled_lag, k = 10, bs = 'cr') + s(PREC_scaled_lag, k = 10, bs = 'cr') + s(HUM_scaled_lag, k = 10, bs = 'cr') + s(WET_scaled_lag, k = 10, bs = 'cr') + s(PLS_Comp1, k = 10, bs = 'cr') + s(PLS_Comp2, k = 10, bs = 'cr') + s(PLS_Comp3, k = 10, bs = 'cr') + s(lat, lon, bs = 'sos', k = 20) + s(year, bs = 'cr', k = 8) + s(Region, bs = 're') + climate_zone",0,1,TRUE
"C","Model C (TMP, PREC, HUM, WET)","CRKP","CR-Kp",22,1,2,3,1,331.593995467108,508.944605979632,75.7794107185451,211.924492635094,NA,1.16998168083288,521,60,"logit_R ~ s(TMP_scaled_lag, k = 10, bs = 'cr') + s(PREC_scaled_lag, k = 10, bs = 'cr') + s(HUM_scaled_lag, k = 10, bs = 'cr') + s(WET_scaled_lag, k = 10, bs = 'cr') + s(PLS_Comp1, k = 10, bs = 'cr') + s(PLS_Comp2, k = 10, bs = 'cr') + s(PLS_Comp3, k = 10, bs = 'cr') + s(lat, lon, bs = 'sos', k = 20) + s(year, bs = 'cr', k = 8) + s(Region, bs = 're') + climate_zone",6.01013176151355e-05,2,FALSE
"C","Model C (TMP, PREC, HUM, WET)","CRKP","CR-Kp",20,2,1,3,1,331.593997157245,508.944601842767,75.7794105126677,211.924498755662,NA,4.46633249356925,521,60,"logit_R ~ s(TMP_scaled_lag, k = 10, bs = 'cr') + s(PREC_scaled_lag, k = 10, bs = 'cr') + s(HUM_scaled_lag, k = 10, bs = 'cr') + s(WET_scaled_lag, k = 10, bs = 'cr') + s(PLS_Comp1, k = 10, bs = 'cr') + s(PLS_Comp2, k = 10, bs = 'cr') + s(PLS_Comp3, k = 10, bs = 'cr') + s(lat, lon, bs = 'sos', k = 20) + s(year, bs = 'cr', k = 8) + s(Region, bs = 're') + climate_zone",6.17914546410248e-05,3,FALSE
"C","Model C (TMP, PREC, HUM, WET)","CRKP","CR-Kp",19,1,1,3,1,331.594001567071,508.944634758661,75.7794109304459,211.924494652867,NA,4.51935996333956,521,60,"logit_R ~ s(TMP_scaled_lag, k = 10, bs = 'cr') + s(PREC_scaled_lag, k = 10, bs = 'cr') + s(HUM_scaled_lag, k = 10, bs = 'cr') + s(WET_scaled_lag, k = 10, bs = 'cr') + s(PLS_Comp1, k = 10, bs = 'cr') + s(PLS_Comp2, k = 10, bs = 'cr') + s(PLS_Comp3, k = 10, bs = 'cr') + s(lat, lon, bs = 'sos', k = 20) + s(year, bs = 'cr', k = 8) + s(Region, bs = 're') + climate_zone",6.62012808447798e-05,4,FALSE
"C","Model C (TMP, PREC, HUM, WET)","CRKP","CR-Kp",17,2,3,2,1,331.626739255963,509.090484869003,75.7803601993148,211.932902327912,NA,1.11591275146822,521,60,"logit_R ~ s(TMP_scaled_lag, k = 10, bs = 'cr') + s(PREC_scaled_lag, k = 10, bs = 'cr') + s(HUM_scaled_lag, k = 10, bs = 'cr') + s(WET_scaled_lag, k = 10, bs = 'cr') + s(PLS_Comp1, k = 10, bs = 'cr') + s(PLS_Comp2, k = 10, bs = 'cr') + s(PLS_Comp3, k = 10, bs = 'cr') + s(lat, lon, bs = 'sos', k = 20) + s(year, bs = 'cr', k = 8) + s(Region, bs = 're') + climate_zone",0.0328038901726586,5,FALSE
"C","Model C (TMP, PREC, HUM, WET)","CRKP","CR-Kp",16,1,3,2,1,331.626778136862,509.090658737555,75.7803613408861,211.932901864265,NA,1.11719661426855,521,60,"logit_R ~ s(TMP_scaled_lag, k = 10, bs = 'cr') + s(PREC_scaled_lag, k = 10, bs = 'cr') + s(HUM_scaled_lag, k = 10, bs = 'cr') + s(WET_scaled_lag, k = 10, bs = 'cr') + s(PLS_Comp1, k = 10, bs = 'cr') + s(PLS_Comp2, k = 10, bs = 'cr') + s(PLS_Comp3, k = 10, bs = 'cr') + s(lat, lon, bs = 'sos', k = 20) + s(year, bs = 'cr', k = 8) + s(Region, bs = 're') + climate_zone",0.0328427710719552,6,FALSE
"C","Model C (TMP, PREC, HUM, WET)","CRKP","CR-Kp",24,3,2,3,1,331.722566173172,509.077671028487,75.7735311157679,211.923866839836,NA,1.12521862092808,521,60,"logit_R ~ s(TMP_scaled_lag, k = 10, bs = 'cr') + s(PREC_scaled_lag, k = 10, bs = 'cr') + s(HUM_scaled_lag, k = 10, bs = 'cr') + s(WET_scaled_lag, k = 10, bs = 'cr') + s(PLS_Comp1, k = 10, bs = 'cr') + s(PLS_Comp2, k = 10, bs = 'cr') + s(PLS_Comp3, k = 10, bs = 'cr') + s(lat, lon, bs = 'sos', k = 20) + s(year, bs = 'cr', k = 8) + s(Region, bs = 're') + climate_zone",0.128630807381171,7,FALSE
"C","Model C (TMP, PREC, HUM, WET)","CRKP","CR-Kp",21,3,1,3,1,331.722748948887,509.078260258155,75.7735314988484,211.923866219976,NA,4.4730484419452,521,60,"logit_R ~ s(TMP_scaled_lag, k = 10, bs = 'cr') + s(PREC_scaled_lag, k = 10, bs = 'cr') + s(HUM_scaled_lag, k = 10, bs = 'cr') + s(WET_scaled_lag, k = 10, bs = 'cr') + s(PLS_Comp1, k = 10, bs = 'cr') + s(PLS_Comp2, k = 10, bs = 'cr') + s(PLS_Comp3, k = 10, bs = 'cr') + s(lat, lon, bs = 'sos', k = 20) + s(year, bs = 'cr', k = 8) + s(Region, bs = 're') + climate_zone",0.128813583096417,8,FALSE
"C","Model C (TMP, PREC, HUM, WET)","CRKP","CR-Kp",18,3,3,2,1,331.769303855179,509.236278217561,75.7738024722174,211.934263698992,NA,1.06865476326084,521,60,"logit_R ~ s(TMP_scaled_lag, k = 10, bs = 'cr') + s(PREC_scaled_lag, k = 10, bs = 'cr') + s(HUM_scaled_lag, k = 10, bs = 'cr') + s(WET_scaled_lag, k = 10, bs = 'cr') + s(PLS_Comp1, k = 10, bs = 'cr') + s(PLS_Comp2, k = 10, bs = 'cr') + s(PLS_Comp3, k = 10, bs = 'cr') + s(lat, lon, bs = 'sos', k = 20) + s(year, bs = 'cr', k = 8) + s(Region, bs = 're') + climate_zone",0.175368489388802,9,FALSE
"C","Model C (TMP, PREC, HUM, WET)","CRKP","CR-Kp",3,3,1,1,1,332.105845489038,509.311875048235,75.7524417700302,211.907156499667,NA,4.58670497301846,521,60,"logit_R ~ s(TMP_scaled_lag, k = 10, bs = 'cr') + s(PREC_scaled_lag, k = 10, bs = 'cr') + s(HUM_scaled_lag, k = 10, bs = 'cr') + s(WET_scaled_lag, k = 10, bs = 'cr') + s(PLS_Comp1, k = 10, bs = 'cr') + s(PLS_Comp2, k = 10, bs = 'cr') + s(PLS_Comp3, k = 10, bs = 'cr') + s(lat, lon, bs = 'sos', k = 20) + s(year, bs = 'cr', k = 8) + s(Region, bs = 're') + climate_zone",0.511910123248015,10,FALSE
"C","Model C (TMP, PREC, HUM, WET)","CRKP","CR-Kp",49,1,2,3,2,332.416842223493,508.983523078292,75.7239674503098,211.946548498595,NA,4.72000281291696,521,60,"logit_R ~ s(TMP_scaled_lag, k = 10, bs = 'cr') + s(PREC_scaled_lag, k = 10, bs = 'cr') + s(HUM_scaled_lag, k = 10, bs = 'cr') + s(WET_scaled_lag, k = 10, bs = 'cr') + s(PLS_Comp1, k = 10, bs = 'cr') + s(PLS_Comp2, k = 10, bs = 'cr') + s(PLS_Comp3, k = 10, bs = 'cr') + s(lat, lon, bs = 'sos', k = 20) + s(year, bs = 'cr', k = 8) + s(Region, bs = 're') + climate_zone",0.822906857702264,11,FALSE
"C","Model C (TMP, PREC, HUM, WET)","CRKP","CR-Kp",46,1,1,3,2,332.416913094803,508.983783840397,75.7239683061834,211.946555250476,NA,1.16117544336419,521,60,"logit_R ~ s(TMP_scaled_lag, k = 10, bs = 'cr') + s(PREC_scaled_lag, k = 10, bs = 'cr') + s(HUM_scaled_lag, k = 10, bs = 'cr') + s(WET_scaled_lag, k = 10, bs = 'cr') + s(PLS_Comp1, k = 10, bs = 'cr') + s(PLS_Comp2, k = 10, bs = 'cr') + s(PLS_Comp3, k = 10, bs = 'cr') + s(lat, lon, bs = 'sos', k = 20) + s(year, bs = 'cr', k = 8) + s(Region, bs = 're') + climate_zone",0.822977729012166,12,FALSE
"C","Model C (TMP, PREC, HUM, WET)","CRKP","CR-Kp",39,3,1,2,2,332.730500063223,507.023138073431,75.6594712387071,211.753078371663,NA,1.62514822905457,521,60,"logit_R ~ s(TMP_scaled_lag, k = 10, bs = 'cr') + s(PREC_scaled_lag, k = 10, bs = 'cr') + s(HUM_scaled_lag, k = 10, bs = 'cr') + s(WET_scaled_lag, k = 10, bs = 'cr') + s(PLS_Comp1, k = 10, bs = 'cr') + s(PLS_Comp2, k = 10, bs = 'cr') + s(PLS_Comp3, k = 10, bs = 'cr') + s(lat, lon, bs = 'sos', k = 20) + s(year, bs = 'cr', k = 8) + s(Region, bs = 're') + climate_zone",1.1365646974329,13,FALSE
"C","Model C (TMP, PREC, HUM, WET)","CRKP","CR-Kp",69,3,2,2,3,332.788653072311,509.862850952511,75.7177554394321,211.989840417713,NA,1.59312813171835,521,60,"logit_R ~ s(TMP_scaled_lag, k = 10, bs = 'cr') + s(PREC_scaled_lag, k = 10, bs = 'cr') + s(HUM_scaled_lag, k = 10, bs = 'cr') + s(WET_scaled_lag, k = 10, bs = 'cr') + s(PLS_Comp1, k = 10, bs = 'cr') + s(PLS_Comp2, k = 10, bs = 'cr') + s(PLS_Comp3, k = 10, bs = 'cr') + s(lat, lon, bs = 'sos', k = 20) + s(year, bs = 'cr', k = 8) + s(Region, bs = 're') + climate_zone",1.19471770652081,14,FALSE
"C","Model C (TMP, PREC, HUM, WET)","CRKP","CR-Kp",44,2,3,2,2,333.620318933021,514.174619016158,75.7551900292549,211.586939392039,NA,1.5733787212223,521,60,"logit_R ~ s(TMP_scaled_lag, k = 10, bs = 'cr') + s(PREC_scaled_lag, k = 10, bs = 'cr') + s(HUM_scaled_lag, k = 10, bs = 'cr') + s(WET_scaled_lag, k = 10, bs = 'cr') + s(PLS_Comp1, k = 10, bs = 'cr') + s(PLS_Comp2, k = 10, bs = 'cr') + s(PLS_Comp3, k = 10, bs = 'cr') + s(lat, lon, bs = 'sos', k = 20) + s(year, bs = 'cr', k = 8) + s(Region, bs = 're') + climate_zone",2.0263835672302,15,FALSE
"C","Model C (TMP, PREC, HUM, WET)","CRKP","CR-Kp",43,1,3,2,2,333.620337239128,514.174685622219,75.7551902336638,211.586938084595,NA,1.57245696420563,521,60,"logit_R ~ s(TMP_scaled_lag, k = 10, bs = 'cr') + s(PREC_scaled_lag, k = 10, bs = 'cr') + s(HUM_scaled_lag, k = 10, bs = 'cr') + s(WET_scaled_lag, k = 10, bs = 'cr') + s(PLS_Comp1, k = 10, bs = 'cr') + s(PLS_Comp2, k = 10, bs = 'cr') + s(PLS_Comp3, k = 10, bs = 'cr') + s(lat, lon, bs = 'sos', k = 20) + s(year, bs = 'cr', k = 8) + s(Region, bs = 're') + climate_zone",2.02640187333787,16,FALSE
"C","Model C (TMP, PREC, HUM, WET)","CRKP","CR-Kp",34,1,3,1,2,333.620591760856,514.175590531489,75.7551926129808,211.586932242701,NA,1.1381911490886,521,60,"logit_R ~ s(TMP_scaled_lag, k = 10, bs = 'cr') + s(PREC_scaled_lag, k = 10, bs = 'cr') + s(HUM_scaled_lag, k = 10, bs = 'cr') + s(WET_scaled_lag, k = 10, bs = 'cr') + s(PLS_Comp1, k = 10, bs = 'cr') + s(PLS_Comp2, k = 10, bs = 'cr') + s(PLS_Comp3, k = 10, bs = 'cr') + s(lat, lon, bs = 'sos', k = 20) + s(year, bs = 'cr', k = 8) + s(Region, bs = 're') + climate_zone",2.02665639506586,17,FALSE
"C","Model C (TMP, PREC, HUM, WET)","CRKP","CR-Kp",70,1,3,2,3,333.620663737066,514.175703085957,75.7551901509758,211.586937330273,NA,4.64493969802042,521,60,"logit_R ~ s(TMP_scaled_lag, k = 10, bs = 'cr') + s(PREC_scaled_lag, k = 10, bs = 'cr') + s(HUM_scaled_lag, k = 10, bs = 'cr') + s(WET_scaled_lag, k = 10, bs = 'cr') + s(PLS_Comp1, k = 10, bs = 'cr') + s(PLS_Comp2, k = 10, bs = 'cr') + s(PLS_Comp3, k = 10, bs = 'cr') + s(lat, lon, bs = 'sos', k = 20) + s(year, bs = 'cr', k = 8) + s(Region, bs = 're') + climate_zone",2.02672837127596,18,FALSE
"C","Model C (TMP, PREC, HUM, WET)","CRKP","CR-Kp",71,2,3,2,3,333.620711428061,514.175885415926,75.7551908761291,211.586946666781,NA,4.65403780308807,521,60,"logit_R ~ s(TMP_scaled_lag, k = 10, bs = 'cr') + s(PREC_scaled_lag, k = 10, bs = 'cr') + s(HUM_scaled_lag, k = 10, bs = 'cr') + s(WET_scaled_lag, k = 10, bs = 'cr') + s(PLS_Comp1, k = 10, bs = 'cr') + s(PLS_Comp2, k = 10, bs = 'cr') + s(PLS_Comp3, k = 10, bs = 'cr') + s(lat, lon, bs = 'sos', k = 20) + s(year, bs = 'cr', k = 8) + s(Region, bs = 're') + climate_zone",2.02677606227036,19,FALSE
"C","Model C (TMP, PREC, HUM, WET)","CRKP","CR-Kp",45,3,3,2,2,333.620823846347,514.36442128357,75.7593059848475,211.583247575991,NA,1.67668265375108,521,60,"logit_R ~ s(TMP_scaled_lag, k = 10, bs = 'cr') + s(PREC_scaled_lag, k = 10, bs = 'cr') + s(HUM_scaled_lag, k = 10, bs = 'cr') + s(WET_scaled_lag, k = 10, bs = 'cr') + s(PLS_Comp1, k = 10, bs = 'cr') + s(PLS_Comp2, k = 10, bs = 'cr') + s(PLS_Comp3, k = 10, bs = 'cr') + s(lat, lon, bs = 'sos', k = 20) + s(year, bs = 'cr', k = 8) + s(Region, bs = 're') + climate_zone",2.02688848055692,20,FALSE
"C","Model C (TMP, PREC, HUM, WET)","CRKP","CR-Kp",62,2,3,1,3,333.620940182428,514.176739866582,75.7551939145533,211.586932603514,NA,4.62897137924296,521,60,"logit_R ~ s(TMP_scaled_lag, k = 10, bs = 'cr') + s(PREC_scaled_lag, k = 10, bs = 'cr') + s(HUM_scaled_lag, k = 10, bs = 'cr') + s(WET_scaled_lag, k = 10, bs = 'cr') + s(PLS_Comp1, k = 10, bs = 'cr') + s(PLS_Comp2, k = 10, bs = 'cr') + s(PLS_Comp3, k = 10, bs = 'cr') + s(lat, lon, bs = 'sos', k = 20) + s(year, bs = 'cr', k = 8) + s(Region, bs = 're') + climate_zone",2.02700481663715,21,FALSE
"C","Model C (TMP, PREC, HUM, WET)","CRKP","CR-Kp",72,3,3,2,3,333.620972812294,514.364919330251,75.7593066867289,211.5832486024,NA,4.70648935290613,521,60,"logit_R ~ s(TMP_scaled_lag, k = 10, bs = 'cr') + s(PREC_scaled_lag, k = 10, bs = 'cr') + s(HUM_scaled_lag, k = 10, bs = 'cr') + s(WET_scaled_lag, k = 10, bs = 'cr') + s(PLS_Comp1, k = 10, bs = 'cr') + s(PLS_Comp2, k = 10, bs = 'cr') + s(PLS_Comp3, k = 10, bs = 'cr') + s(lat, lon, bs = 'sos', k = 20) + s(year, bs = 'cr', k = 8) + s(Region, bs = 're') + climate_zone",2.0270374465033,22,FALSE
"C","Model C (TMP, PREC, HUM, WET)","CRKP","CR-Kp",66,3,1,2,3,334.051136571518,515.153167359102,75.7471190141653,211.639199828869,NA,1.05339459870457,521,60,"logit_R ~ s(TMP_scaled_lag, k = 10, bs = 'cr') + s(PREC_scaled_lag, k = 10, bs = 'cr') + s(HUM_scaled_lag, k = 10, bs = 'cr') + s(WET_scaled_lag, k = 10, bs = 'cr') + s(PLS_Comp1, k = 10, bs = 'cr') + s(PLS_Comp2, k = 10, bs = 'cr') + s(PLS_Comp3, k = 10, bs = 'cr') + s(lat, lon, bs = 'sos', k = 20) + s(year, bs = 'cr', k = 8) + s(Region, bs = 're') + climate_zone",2.45720120572781,23,FALSE
"C","Model C (TMP, PREC, HUM, WET)","CRKP","CR-Kp",57,3,1,1,3,334.051542959148,515.154568879552,75.7471218666689,211.639195629169,NA,1.48863176835795,521,60,"logit_R ~ s(TMP_scaled_lag, k = 10, bs = 'cr') + s(PREC_scaled_lag, k = 10, bs = 'cr') + s(HUM_scaled_lag, k = 10, bs = 'cr') + s(WET_scaled_lag, k = 10, bs = 'cr') + s(PLS_Comp1, k = 10, bs = 'cr') + s(PLS_Comp2, k = 10, bs = 'cr') + s(PLS_Comp3, k = 10, bs = 'cr') + s(lat, lon, bs = 'sos', k = 20) + s(year, bs = 'cr', k = 8) + s(Region, bs = 're') + climate_zone",2.45760759335809,24,FALSE
"C","Model C (TMP, PREC, HUM, WET)","CRKP","CR-Kp",67,1,2,2,3,334.052237474669,514.9655953517,75.7429398877464,211.643055403456,NA,1.50229103547321,521,60,"logit_R ~ s(TMP_scaled_lag, k = 10, bs = 'cr') + s(PREC_scaled_lag, k = 10, bs = 'cr') + s(HUM_scaled_lag, k = 10, bs = 'cr') + s(WET_scaled_lag, k = 10, bs = 'cr') + s(PLS_Comp1, k = 10, bs = 'cr') + s(PLS_Comp2, k = 10, bs = 'cr') + s(PLS_Comp3, k = 10, bs = 'cr') + s(lat, lon, bs = 'sos', k = 20) + s(year, bs = 'cr', k = 8) + s(Region, bs = 're') + climate_zone",2.45830210887863,25,FALSE
"C","Model C (TMP, PREC, HUM, WET)","CRKP","CR-Kp",65,2,1,2,3,334.052275803342,514.965724768572,75.7429400962568,211.64305442487,NA,1.09922465376599,521,60,"logit_R ~ s(TMP_scaled_lag, k = 10, bs = 'cr') + s(PREC_scaled_lag, k = 10, bs = 'cr') + s(HUM_scaled_lag, k = 10, bs = 'cr') + s(WET_scaled_lag, k = 10, bs = 'cr') + s(PLS_Comp1, k = 10, bs = 'cr') + s(PLS_Comp2, k = 10, bs = 'cr') + s(PLS_Comp3, k = 10, bs = 'cr') + s(lat, lon, bs = 'sos', k = 20) + s(year, bs = 'cr', k = 8) + s(Region, bs = 're') + climate_zone",2.4583404375519,26,FALSE
"C","Model C (TMP, PREC, HUM, WET)","CRKP","CR-Kp",64,1,1,2,3,334.052345740694,514.965968555315,75.7429406439537,211.643054180661,NA,1.11545736392951,521,60,"logit_R ~ s(TMP_scaled_lag, k = 10, bs = 'cr') + s(PREC_scaled_lag, k = 10, bs = 'cr') + s(HUM_scaled_lag, k = 10, bs = 'cr') + s(WET_scaled_lag, k = 10, bs = 'cr') + s(PLS_Comp1, k = 10, bs = 'cr') + s(PLS_Comp2, k = 10, bs = 'cr') + s(PLS_Comp3, k = 10, bs = 'cr') + s(lat, lon, bs = 'sos', k = 20) + s(year, bs = 'cr', k = 8) + s(Region, bs = 're') + climate_zone",2.45841037490328,27,FALSE
"C","Model C (TMP, PREC, HUM, WET)","CRKP","CR-Kp",68,2,2,2,3,334.052346104853,514.965979990781,75.7429408692431,211.643058104375,NA,1.5320166128247,521,60,"logit_R ~ s(TMP_scaled_lag, k = 10, bs = 'cr') + s(PREC_scaled_lag, k = 10, bs = 'cr') + s(HUM_scaled_lag, k = 10, bs = 'cr') + s(WET_scaled_lag, k = 10, bs = 'cr') + s(PLS_Comp1, k = 10, bs = 'cr') + s(PLS_Comp2, k = 10, bs = 'cr') + s(PLS_Comp3, k = 10, bs = 'cr') + s(lat, lon, bs = 'sos', k = 20) + s(year, bs = 'cr', k = 8) + s(Region, bs = 're') + climate_zone",2.45841073906229,28,FALSE
"C","Model C (TMP, PREC, HUM, WET)","CRKP","CR-Kp",59,2,2,1,3,334.052567481693,514.966764201254,75.7429428772332,211.643046565438,NA,1.07700995061905,521,60,"logit_R ~ s(TMP_scaled_lag, k = 10, bs = 'cr') + s(PREC_scaled_lag, k = 10, bs = 'cr') + s(HUM_scaled_lag, k = 10, bs = 'cr') + s(WET_scaled_lag, k = 10, bs = 'cr') + s(PLS_Comp1, k = 10, bs = 'cr') + s(PLS_Comp2, k = 10, bs = 'cr') + s(PLS_Comp3, k = 10, bs = 'cr') + s(lat, lon, bs = 'sos', k = 20) + s(year, bs = 'cr', k = 8) + s(Region, bs = 're') + climate_zone",2.45863211590273,29,FALSE
"C","Model C (TMP, PREC, HUM, WET)","CRKP","CR-Kp",7,1,3,1,1,334.059073616203,518.662629172194,75.8232312571151,211.823536649189,NA,1.59151980764671,521,60,"logit_R ~ s(TMP_scaled_lag, k = 10, bs = 'cr') + s(PREC_scaled_lag, k = 10, bs = 'cr') + s(HUM_scaled_lag, k = 10, bs = 'cr') + s(WET_scaled_lag, k = 10, bs = 'cr') + s(PLS_Comp1, k = 10, bs = 'cr') + s(PLS_Comp2, k = 10, bs = 'cr') + s(PLS_Comp3, k = 10, bs = 'cr') + s(lat, lon, bs = 'sos', k = 20) + s(year, bs = 'cr', k = 8) + s(Region, bs = 're') + climate_zone",2.46513825041251,30,FALSE
"C","Model C (TMP, PREC, HUM, WET)","CRKP","CR-Kp",8,2,3,1,1,334.059102380575,518.662731641696,75.8232315296737,211.823542072442,NA,1.59951178787866,521,60,"logit_R ~ s(TMP_scaled_lag, k = 10, bs = 'cr') + s(PREC_scaled_lag, k = 10, bs = 'cr') + s(HUM_scaled_lag, k = 10, bs = 'cr') + s(WET_scaled_lag, k = 10, bs = 'cr') + s(PLS_Comp1, k = 10, bs = 'cr') + s(PLS_Comp2, k = 10, bs = 'cr') + s(PLS_Comp3, k = 10, bs = 'cr') + s(lat, lon, bs = 'sos', k = 20) + s(year, bs = 'cr', k = 8) + s(Region, bs = 're') + climate_zone",2.46516701478419,31,FALSE
"C","Model C (TMP, PREC, HUM, WET)","CRKP","CR-Kp",6,3,2,1,1,334.097455091506,515.947053613294,75.7613129304023,211.714259713897,NA,1.60904072851186,521,60,"logit_R ~ s(TMP_scaled_lag, k = 10, bs = 'cr') + s(PREC_scaled_lag, k = 10, bs = 'cr') + s(HUM_scaled_lag, k = 10, bs = 'cr') + s(WET_scaled_lag, k = 10, bs = 'cr') + s(PLS_Comp1, k = 10, bs = 'cr') + s(PLS_Comp2, k = 10, bs = 'cr') + s(PLS_Comp3, k = 10, bs = 'cr') + s(lat, lon, bs = 'sos', k = 20) + s(year, bs = 'cr', k = 8) + s(Region, bs = 're') + climate_zone",2.50351972571582,32,FALSE
"C","Model C (TMP, PREC, HUM, WET)","CRKP","CR-Kp",30,3,1,1,2,334.108679637992,514.705564105952,75.7333855854142,211.566031695111,NA,1.54447603358819,521,60,"logit_R ~ s(TMP_scaled_lag, k = 10, bs = 'cr') + s(PREC_scaled_lag, k = 10, bs = 'cr') + s(HUM_scaled_lag, k = 10, bs = 'cr') + s(WET_scaled_lag, k = 10, bs = 'cr') + s(PLS_Comp1, k = 10, bs = 'cr') + s(PLS_Comp2, k = 10, bs = 'cr') + s(PLS_Comp3, k = 10, bs = 'cr') + s(lat, lon, bs = 'sos', k = 20) + s(year, bs = 'cr', k = 8) + s(Region, bs = 're') + climate_zone",2.51474427220199,33,FALSE
"C","Model C (TMP, PREC, HUM, WET)","CRKP","CR-Kp",33,3,2,1,2,334.10926551385,514.707457212039,75.7333869110021,211.566034975586,NA,4.64633909341776,521,60,"logit_R ~ s(TMP_scaled_lag, k = 10, bs = 'cr') + s(PREC_scaled_lag, k = 10, bs = 'cr') + s(HUM_scaled_lag, k = 10, bs = 'cr') + s(WET_scaled_lag, k = 10, bs = 'cr') + s(PLS_Comp1, k = 10, bs = 'cr') + s(PLS_Comp2, k = 10, bs = 'cr') + s(PLS_Comp3, k = 10, bs = 'cr') + s(lat, lon, bs = 'sos', k = 20) + s(year, bs = 'cr', k = 8) + s(Region, bs = 're') + climate_zone",2.51533014805926,34,FALSE
"C","Model C (TMP, PREC, HUM, WET)","CRKP","CR-Kp",47,2,1,3,2,334.180982611896,515.092893534021,75.736913278699,211.639961258635,NA,1.12090117292277,521,60,"logit_R ~ s(TMP_scaled_lag, k = 10, bs = 'cr') + s(PREC_scaled_lag, k = 10, bs = 'cr') + s(HUM_scaled_lag, k = 10, bs = 'cr') + s(WET_scaled_lag, k = 10, bs = 'cr') + s(PLS_Comp1, k = 10, bs = 'cr') + s(PLS_Comp2, k = 10, bs = 'cr') + s(PLS_Comp3, k = 10, bs = 'cr') + s(lat, lon, bs = 'sos', k = 20) + s(year, bs = 'cr', k = 8) + s(Region, bs = 're') + climate_zone",2.58704724610516,35,FALSE
"C","Model C (TMP, PREC, HUM, WET)","CRKP","CR-Kp",50,2,2,3,2,334.181030644287,515.093088997731,75.7369142684705,211.639966137487,NA,4.72061788351916,521,60,"logit_R ~ s(TMP_scaled_lag, k = 10, bs = 'cr') + s(PREC_scaled_lag, k = 10, bs = 'cr') + s(HUM_scaled_lag, k = 10, bs = 'cr') + s(WET_scaled_lag, k = 10, bs = 'cr') + s(PLS_Comp1, k = 10, bs = 'cr') + s(PLS_Comp2, k = 10, bs = 'cr') + s(PLS_Comp3, k = 10, bs = 'cr') + s(lat, lon, bs = 'sos', k = 20) + s(year, bs = 'cr', k = 8) + s(Region, bs = 're') + climate_zone",2.58709527849652,36,FALSE
"C","Model C (TMP, PREC, HUM, WET)","CRKP","CR-Kp",52,1,3,3,2,334.181156261298,515.093619107927,75.7369172711104,211.639964318683,NA,1.57532703255702,521,60,"logit_R ~ s(TMP_scaled_lag, k = 10, bs = 'cr') + s(PREC_scaled_lag, k = 10, bs = 'cr') + s(HUM_scaled_lag, k = 10, bs = 'cr') + s(WET_scaled_lag, k = 10, bs = 'cr') + s(PLS_Comp1, k = 10, bs = 'cr') + s(PLS_Comp2, k = 10, bs = 'cr') + s(PLS_Comp3, k = 10, bs = 'cr') + s(lat, lon, bs = 'sos', k = 20) + s(year, bs = 'cr', k = 8) + s(Region, bs = 're') + climate_zone",2.58722089550787,37,FALSE
"C","Model C (TMP, PREC, HUM, WET)","CRKP","CR-Kp",75,3,1,3,3,334.211122232726,515.343221328121,75.7403284213658,211.638197038302,NA,1.59016591131135,521,60,"logit_R ~ s(TMP_scaled_lag, k = 10, bs = 'cr') + s(PREC_scaled_lag, k = 10, bs = 'cr') + s(HUM_scaled_lag, k = 10, bs = 'cr') + s(WET_scaled_lag, k = 10, bs = 'cr') + s(PLS_Comp1, k = 10, bs = 'cr') + s(PLS_Comp2, k = 10, bs = 'cr') + s(PLS_Comp3, k = 10, bs = 'cr') + s(lat, lon, bs = 'sos', k = 20) + s(year, bs = 'cr', k = 8) + s(Region, bs = 're') + climate_zone",2.61718686693575,38,FALSE
"C","Model C (TMP, PREC, HUM, WET)","CRKP","CR-Kp",48,3,1,3,2,334.239313091415,515.431825652464,75.7403377618151,211.638202010248,NA,1.15573825407704,521,60,"logit_R ~ s(TMP_scaled_lag, k = 10, bs = 'cr') + s(PREC_scaled_lag, k = 10, bs = 'cr') + s(HUM_scaled_lag, k = 10, bs = 'cr') + s(WET_scaled_lag, k = 10, bs = 'cr') + s(PLS_Comp1, k = 10, bs = 'cr') + s(PLS_Comp2, k = 10, bs = 'cr') + s(PLS_Comp3, k = 10, bs = 'cr') + s(lat, lon, bs = 'sos', k = 20) + s(year, bs = 'cr', k = 8) + s(Region, bs = 're') + climate_zone",2.64537772562448,39,FALSE
"C","Model C (TMP, PREC, HUM, WET)","CRKP","CR-Kp",51,3,2,3,2,334.306234737846,515.642301152811,75.7403629915513,211.63820976569,NA,4.72654100808865,521,60,"logit_R ~ s(TMP_scaled_lag, k = 10, bs = 'cr') + s(PREC_scaled_lag, k = 10, bs = 'cr') + s(HUM_scaled_lag, k = 10, bs = 'cr') + s(WET_scaled_lag, k = 10, bs = 'cr') + s(PLS_Comp1, k = 10, bs = 'cr') + s(PLS_Comp2, k = 10, bs = 'cr') + s(PLS_Comp3, k = 10, bs = 'cr') + s(lat, lon, bs = 'sos', k = 20) + s(year, bs = 'cr', k = 8) + s(Region, bs = 're') + climate_zone",2.71229937205527,40,FALSE
"C","Model C (TMP, PREC, HUM, WET)","CRKP","CR-Kp",15,3,2,2,1,334.550516609638,513.717477703768,75.6814511004986,212.079178064319,NA,1.61459291682757,521,60,"logit_R ~ s(TMP_scaled_lag, k = 10, bs = 'cr') + s(PREC_scaled_lag, k = 10, bs = 'cr') + s(HUM_scaled_lag, k = 10, bs = 'cr') + s(WET_scaled_lag, k = 10, bs = 'cr') + s(PLS_Comp1, k = 10, bs = 'cr') + s(PLS_Comp2, k = 10, bs = 'cr') + s(PLS_Comp3, k = 10, bs = 'cr') + s(lat, lon, bs = 'sos', k = 20) + s(year, bs = 'cr', k = 8) + s(Region, bs = 're') + climate_zone",2.95658124384732,41,FALSE
"C","Model C (TMP, PREC, HUM, WET)","CRKP","CR-Kp",27,3,3,3,1,334.963129165624,519.854346637152,75.7875259401583,211.911945993394,NA,1.60413156788056,521,60,"logit_R ~ s(TMP_scaled_lag, k = 10, bs = 'cr') + s(PREC_scaled_lag, k = 10, bs = 'cr') + s(HUM_scaled_lag, k = 10, bs = 'cr') + s(WET_scaled_lag, k = 10, bs = 'cr') + s(PLS_Comp1, k = 10, bs = 'cr') + s(PLS_Comp2, k = 10, bs = 'cr') + s(PLS_Comp3, k = 10, bs = 'cr') + s(lat, lon, bs = 'sos', k = 20) + s(year, bs = 'cr', k = 8) + s(Region, bs = 're') + climate_zone",3.36919379983402,42,FALSE
"C","Model C (TMP, PREC, HUM, WET)","CRKP","CR-Kp",26,2,3,3,1,335.374222124591,521.707977083006,75.7999232239579,211.724676944553,NA,1.55627663779329,521,60,"logit_R ~ s(TMP_scaled_lag, k = 10, bs = 'cr') + s(PREC_scaled_lag, k = 10, bs = 'cr') + s(HUM_scaled_lag, k = 10, bs = 'cr') + s(WET_scaled_lag, k = 10, bs = 'cr') + s(PLS_Comp1, k = 10, bs = 'cr') + s(PLS_Comp2, k = 10, bs = 'cr') + s(PLS_Comp3, k = 10, bs = 'cr') + s(lat, lon, bs = 'sos', k = 20) + s(year, bs = 'cr', k = 8) + s(Region, bs = 're') + climate_zone",3.78028675880074,43,FALSE
"C","Model C (TMP, PREC, HUM, WET)","CRKP","CR-Kp",25,1,3,3,1,335.374264935362,521.70815916453,75.799924275563,211.72468140402,NA,1.5445675297763,521,60,"logit_R ~ s(TMP_scaled_lag, k = 10, bs = 'cr') + s(PREC_scaled_lag, k = 10, bs = 'cr') + s(HUM_scaled_lag, k = 10, bs = 'cr') + s(WET_scaled_lag, k = 10, bs = 'cr') + s(PLS_Comp1, k = 10, bs = 'cr') + s(PLS_Comp2, k = 10, bs = 'cr') + s(PLS_Comp3, k = 10, bs = 'cr') + s(lat, lon, bs = 'sos', k = 20) + s(year, bs = 'cr', k = 8) + s(Region, bs = 're') + climate_zone",3.78032956957117,44,FALSE
"C","Model C (TMP, PREC, HUM, WET)","CRKP","CR-Kp",77,2,2,3,3,335.456470112791,518.644932828017,75.7273357827611,211.946164860802,NA,1.51812889929378,521,60,"logit_R ~ s(TMP_scaled_lag, k = 10, bs = 'cr') + s(PREC_scaled_lag, k = 10, bs = 'cr') + s(HUM_scaled_lag, k = 10, bs = 'cr') + s(WET_scaled_lag, k = 10, bs = 'cr') + s(PLS_Comp1, k = 10, bs = 'cr') + s(PLS_Comp2, k = 10, bs = 'cr') + s(PLS_Comp3, k = 10, bs = 'cr') + s(lat, lon, bs = 'sos', k = 20) + s(year, bs = 'cr', k = 8) + s(Region, bs = 're') + climate_zone",3.86253474700101,45,FALSE
"C","Model C (TMP, PREC, HUM, WET)","CRKP","CR-Kp",76,1,2,3,3,335.45650737411,518.645111127221,75.727337134752,211.946166567805,NA,1.51239520991411,521,60,"logit_R ~ s(TMP_scaled_lag, k = 10, bs = 'cr') + s(PREC_scaled_lag, k = 10, bs = 'cr') + s(HUM_scaled_lag, k = 10, bs = 'cr') + s(WET_scaled_lag, k = 10, bs = 'cr') + s(PLS_Comp1, k = 10, bs = 'cr') + s(PLS_Comp2, k = 10, bs = 'cr') + s(PLS_Comp3, k = 10, bs = 'cr') + s(lat, lon, bs = 'sos', k = 20) + s(year, bs = 'cr', k = 8) + s(Region, bs = 're') + climate_zone",3.86257200831955,46,FALSE
"C","Model C (TMP, PREC, HUM, WET)","CRKP","CR-Kp",73,1,1,3,3,335.456570070931,518.645353287964,75.7273381430544,211.946172232482,NA,1.51817716882336,521,60,"logit_R ~ s(TMP_scaled_lag, k = 10, bs = 'cr') + s(PREC_scaled_lag, k = 10, bs = 'cr') + s(HUM_scaled_lag, k = 10, bs = 'cr') + s(WET_scaled_lag, k = 10, bs = 'cr') + s(PLS_Comp1, k = 10, bs = 'cr') + s(PLS_Comp2, k = 10, bs = 'cr') + s(PLS_Comp3, k = 10, bs = 'cr') + s(lat, lon, bs = 'sos', k = 20) + s(year, bs = 'cr', k = 8) + s(Region, bs = 're') + climate_zone",3.86263470514012,47,FALSE
"C","Model C (TMP, PREC, HUM, WET)","CRKP","CR-Kp",9,3,3,1,1,335.699400483399,524.185452123443,75.8317803182242,211.615263736699,NA,1.50095158881407,521,60,"logit_R ~ s(TMP_scaled_lag, k = 10, bs = 'cr') + s(PREC_scaled_lag, k = 10, bs = 'cr') + s(HUM_scaled_lag, k = 10, bs = 'cr') + s(WET_scaled_lag, k = 10, bs = 'cr') + s(PLS_Comp1, k = 10, bs = 'cr') + s(PLS_Comp2, k = 10, bs = 'cr') + s(PLS_Comp3, k = 10, bs = 'cr') + s(lat, lon, bs = 'sos', k = 20) + s(year, bs = 'cr', k = 8) + s(Region, bs = 're') + climate_zone",4.10546511760816,48,FALSE
"C","Model C (TMP, PREC, HUM, WET)","CRKP","CR-Kp",54,3,3,3,2,335.769617712375,521.142702977798,75.7605549815738,211.583157283074,NA,1.59098809983714,521,60,"logit_R ~ s(TMP_scaled_lag, k = 10, bs = 'cr') + s(PREC_scaled_lag, k = 10, bs = 'cr') + s(HUM_scaled_lag, k = 10, bs = 'cr') + s(WET_scaled_lag, k = 10, bs = 'cr') + s(PLS_Comp1, k = 10, bs = 'cr') + s(PLS_Comp2, k = 10, bs = 'cr') + s(PLS_Comp3, k = 10, bs = 'cr') + s(lat, lon, bs = 'sos', k = 20) + s(year, bs = 'cr', k = 8) + s(Region, bs = 're') + climate_zone",4.17568234658489,49,FALSE
"C","Model C (TMP, PREC, HUM, WET)","CRKP","CR-Kp",53,2,3,3,2,335.814001398711,521.122093842716,75.7570687535073,211.586729598204,NA,1.57066357725629,521,60,"logit_R ~ s(TMP_scaled_lag, k = 10, bs = 'cr') + s(PREC_scaled_lag, k = 10, bs = 'cr') + s(HUM_scaled_lag, k = 10, bs = 'cr') + s(WET_scaled_lag, k = 10, bs = 'cr') + s(PLS_Comp1, k = 10, bs = 'cr') + s(PLS_Comp2, k = 10, bs = 'cr') + s(PLS_Comp3, k = 10, bs = 'cr') + s(lat, lon, bs = 'sos', k = 20) + s(year, bs = 'cr', k = 8) + s(Region, bs = 're') + climate_zone",4.22006603292067,50,FALSE
"C","Model C (TMP, PREC, HUM, WET)","CRKP","CR-Kp",80,2,3,3,3,335.814026256491,521.122189591759,75.7570691470589,211.586730321164,NA,4.82935281510557,521,60,"logit_R ~ s(TMP_scaled_lag, k = 10, bs = 'cr') + s(PREC_scaled_lag, k = 10, bs = 'cr') + s(HUM_scaled_lag, k = 10, bs = 'cr') + s(WET_scaled_lag, k = 10, bs = 'cr') + s(PLS_Comp1, k = 10, bs = 'cr') + s(PLS_Comp2, k = 10, bs = 'cr') + s(PLS_Comp3, k = 10, bs = 'cr') + s(lat, lon, bs = 'sos', k = 20) + s(year, bs = 'cr', k = 8) + s(Region, bs = 're') + climate_zone",4.22009089070093,51,FALSE
"C","Model C (TMP, PREC, HUM, WET)","CRKP","CR-Kp",79,1,3,3,3,335.814033393999,521.122224148351,75.7570694145294,211.58673116775,NA,4.82952637451525,521,60,"logit_R ~ s(TMP_scaled_lag, k = 10, bs = 'cr') + s(PREC_scaled_lag, k = 10, bs = 'cr') + s(HUM_scaled_lag, k = 10, bs = 'cr') + s(WET_scaled_lag, k = 10, bs = 'cr') + s(PLS_Comp1, k = 10, bs = 'cr') + s(PLS_Comp2, k = 10, bs = 'cr') + s(PLS_Comp3, k = 10, bs = 'cr') + s(lat, lon, bs = 'sos', k = 20) + s(year, bs = 'cr', k = 8) + s(Region, bs = 're') + climate_zone",4.22009802820884,52,FALSE
"C","Model C (TMP, PREC, HUM, WET)","CRKP","CR-Kp",36,3,3,1,2,335.999365388211,523.820654084728,75.8033568275094,211.466624807728,NA,1.10532443537217,521,60,"logit_R ~ s(TMP_scaled_lag, k = 10, bs = 'cr') + s(PREC_scaled_lag, k = 10, bs = 'cr') + s(HUM_scaled_lag, k = 10, bs = 'cr') + s(WET_scaled_lag, k = 10, bs = 'cr') + s(PLS_Comp1, k = 10, bs = 'cr') + s(PLS_Comp2, k = 10, bs = 'cr') + s(PLS_Comp3, k = 10, bs = 'cr') + s(lat, lon, bs = 'sos', k = 20) + s(year, bs = 'cr', k = 8) + s(Region, bs = 're') + climate_zone",4.40543002242038,53,FALSE
"C","Model C (TMP, PREC, HUM, WET)","CRKP","CR-Kp",63,3,3,1,3,335.999558675383,523.821235384215,75.8033563194333,211.466621240368,NA,4.67000443184775,521,60,"logit_R ~ s(TMP_scaled_lag, k = 10, bs = 'cr') + s(PREC_scaled_lag, k = 10, bs = 'cr') + s(HUM_scaled_lag, k = 10, bs = 'cr') + s(WET_scaled_lag, k = 10, bs = 'cr') + s(PLS_Comp1, k = 10, bs = 'cr') + s(PLS_Comp2, k = 10, bs = 'cr') + s(PLS_Comp3, k = 10, bs = 'cr') + s(lat, lon, bs = 'sos', k = 20) + s(year, bs = 'cr', k = 8) + s(Region, bs = 're') + climate_zone",4.40562330959239,54,FALSE
"C","Model C (TMP, PREC, HUM, WET)","CRKP","CR-Kp",35,2,3,1,2,336.020152420033,523.66564049689,75.7985539461965,211.473273389218,NA,1.10244061475604,521,60,"logit_R ~ s(TMP_scaled_lag, k = 10, bs = 'cr') + s(PREC_scaled_lag, k = 10, bs = 'cr') + s(HUM_scaled_lag, k = 10, bs = 'cr') + s(WET_scaled_lag, k = 10, bs = 'cr') + s(PLS_Comp1, k = 10, bs = 'cr') + s(PLS_Comp2, k = 10, bs = 'cr') + s(PLS_Comp3, k = 10, bs = 'cr') + s(lat, lon, bs = 'sos', k = 20) + s(year, bs = 'cr', k = 8) + s(Region, bs = 're') + climate_zone",4.42621705424295,55,FALSE
"C","Model C (TMP, PREC, HUM, WET)","CRKP","CR-Kp",61,1,3,1,3,336.020329460334,523.666173870664,75.7985535011628,211.473271929983,NA,4.63538990194597,521,60,"logit_R ~ s(TMP_scaled_lag, k = 10, bs = 'cr') + s(PREC_scaled_lag, k = 10, bs = 'cr') + s(HUM_scaled_lag, k = 10, bs = 'cr') + s(WET_scaled_lag, k = 10, bs = 'cr') + s(PLS_Comp1, k = 10, bs = 'cr') + s(PLS_Comp2, k = 10, bs = 'cr') + s(PLS_Comp3, k = 10, bs = 'cr') + s(lat, lon, bs = 'sos', k = 20) + s(year, bs = 'cr', k = 8) + s(Region, bs = 're') + climate_zone",4.42639409454324,56,FALSE
"C","Model C (TMP, PREC, HUM, WET)","CRKP","CR-Kp",12,3,1,2,1,336.053378755117,519.195754680509,75.6985004824859,211.891042288555,NA,4.4969040480484,521,60,"logit_R ~ s(TMP_scaled_lag, k = 10, bs = 'cr') + s(PREC_scaled_lag, k = 10, bs = 'cr') + s(HUM_scaled_lag, k = 10, bs = 'cr') + s(WET_scaled_lag, k = 10, bs = 'cr') + s(PLS_Comp1, k = 10, bs = 'cr') + s(PLS_Comp2, k = 10, bs = 'cr') + s(PLS_Comp3, k = 10, bs = 'cr') + s(lat, lon, bs = 'sos', k = 20) + s(year, bs = 'cr', k = 8) + s(Region, bs = 're') + climate_zone",4.45944338932628,57,FALSE
"C","Model C (TMP, PREC, HUM, WET)","CRKP","CR-Kp",78,3,2,3,3,336.093542678257,521.951549304242,75.756086556009,211.626134727584,NA,1.56623528869226,521,60,"logit_R ~ s(TMP_scaled_lag, k = 10, bs = 'cr') + s(PREC_scaled_lag, k = 10, bs = 'cr') + s(HUM_scaled_lag, k = 10, bs = 'cr') + s(WET_scaled_lag, k = 10, bs = 'cr') + s(PLS_Comp1, k = 10, bs = 'cr') + s(PLS_Comp2, k = 10, bs = 'cr') + s(PLS_Comp3, k = 10, bs = 'cr') + s(lat, lon, bs = 'sos', k = 20) + s(year, bs = 'cr', k = 8) + s(Region, bs = 're') + climate_zone",4.49960731246614,58,FALSE
"C","Model C (TMP, PREC, HUM, WET)","CRKP","CR-Kp",81,3,3,3,3,336.093639541167,521.952008262645,75.7560899671293,211.626129615489,NA,4.84779882187158,521,60,"logit_R ~ s(TMP_scaled_lag, k = 10, bs = 'cr') + s(PREC_scaled_lag, k = 10, bs = 'cr') + s(HUM_scaled_lag, k = 10, bs = 'cr') + s(WET_scaled_lag, k = 10, bs = 'cr') + s(PLS_Comp1, k = 10, bs = 'cr') + s(PLS_Comp2, k = 10, bs = 'cr') + s(PLS_Comp3, k = 10, bs = 'cr') + s(lat, lon, bs = 'sos', k = 20) + s(year, bs = 'cr', k = 8) + s(Region, bs = 're') + climate_zone",4.49970417537628,59,FALSE
"C","Model C (TMP, PREC, HUM, WET)","CRKP","CR-Kp",74,2,1,3,3,336.115748773635,521.843567277146,75.7522059015917,211.62880763963,NA,1.53075435074559,521,60,"logit_R ~ s(TMP_scaled_lag, k = 10, bs = 'cr') + s(PREC_scaled_lag, k = 10, bs = 'cr') + s(HUM_scaled_lag, k = 10, bs = 'cr') + s(WET_scaled_lag, k = 10, bs = 'cr') + s(PLS_Comp1, k = 10, bs = 'cr') + s(PLS_Comp2, k = 10, bs = 'cr') + s(PLS_Comp3, k = 10, bs = 'cr') + s(lat, lon, bs = 'sos', k = 20) + s(year, bs = 'cr', k = 8) + s(Region, bs = 're') + climate_zone",4.52181340784483,60,FALSE
"C","Model C (TMP, PREC, HUM, WET)","CRKP","CR-Kp",60,3,2,1,3,336.125789658043,523.661999292166,75.791260226727,211.509004793514,NA,1.06550037737327,521,60,"logit_R ~ s(TMP_scaled_lag, k = 10, bs = 'cr') + s(PREC_scaled_lag, k = 10, bs = 'cr') + s(HUM_scaled_lag, k = 10, bs = 'cr') + s(WET_scaled_lag, k = 10, bs = 'cr') + s(PLS_Comp1, k = 10, bs = 'cr') + s(PLS_Comp2, k = 10, bs = 'cr') + s(PLS_Comp3, k = 10, bs = 'cr') + s(lat, lon, bs = 'sos', k = 20) + s(year, bs = 'cr', k = 8) + s(Region, bs = 're') + climate_zone",4.53185429225249,61,FALSE
"C","Model C (TMP, PREC, HUM, WET)","CRKP","CR-Kp",58,1,2,1,3,336.15983938197,523.546082677377,75.7864028080142,211.515924735289,NA,1.14648323136894,521,60,"logit_R ~ s(TMP_scaled_lag, k = 10, bs = 'cr') + s(PREC_scaled_lag, k = 10, bs = 'cr') + s(HUM_scaled_lag, k = 10, bs = 'cr') + s(WET_scaled_lag, k = 10, bs = 'cr') + s(PLS_Comp1, k = 10, bs = 'cr') + s(PLS_Comp2, k = 10, bs = 'cr') + s(PLS_Comp3, k = 10, bs = 'cr') + s(lat, lon, bs = 'sos', k = 20) + s(year, bs = 'cr', k = 8) + s(Region, bs = 're') + climate_zone",4.56590401617956,62,FALSE
"C","Model C (TMP, PREC, HUM, WET)","CRKP","CR-Kp",56,2,1,1,3,336.159839616926,523.546112440452,75.7864034420226,211.515924611556,NA,1.56890913565731,521,60,"logit_R ~ s(TMP_scaled_lag, k = 10, bs = 'cr') + s(PREC_scaled_lag, k = 10, bs = 'cr') + s(HUM_scaled_lag, k = 10, bs = 'cr') + s(WET_scaled_lag, k = 10, bs = 'cr') + s(PLS_Comp1, k = 10, bs = 'cr') + s(PLS_Comp2, k = 10, bs = 'cr') + s(PLS_Comp3, k = 10, bs = 'cr') + s(lat, lon, bs = 'sos', k = 20) + s(year, bs = 'cr', k = 8) + s(Region, bs = 're') + climate_zone",4.56590425113575,63,FALSE
"C","Model C (TMP, PREC, HUM, WET)","CRKP","CR-Kp",55,1,1,1,3,336.159886114945,523.546273210718,75.7864037768534,211.515928833738,NA,1.56125593119915,521,60,"logit_R ~ s(TMP_scaled_lag, k = 10, bs = 'cr') + s(PREC_scaled_lag, k = 10, bs = 'cr') + s(HUM_scaled_lag, k = 10, bs = 'cr') + s(WET_scaled_lag, k = 10, bs = 'cr') + s(PLS_Comp1, k = 10, bs = 'cr') + s(PLS_Comp2, k = 10, bs = 'cr') + s(PLS_Comp3, k = 10, bs = 'cr') + s(lat, lon, bs = 'sos', k = 20) + s(year, bs = 'cr', k = 8) + s(Region, bs = 're') + climate_zone",4.5659507491543,64,FALSE
"C","Model C (TMP, PREC, HUM, WET)","CRKP","CR-Kp",42,3,2,2,2,336.354925301851,518.666527698949,75.6662027962243,211.75218655632,NA,4.83752447762483,521,60,"logit_R ~ s(TMP_scaled_lag, k = 10, bs = 'cr') + s(PREC_scaled_lag, k = 10, bs = 'cr') + s(HUM_scaled_lag, k = 10, bs = 'cr') + s(WET_scaled_lag, k = 10, bs = 'cr') + s(PLS_Comp1, k = 10, bs = 'cr') + s(PLS_Comp2, k = 10, bs = 'cr') + s(PLS_Comp3, k = 10, bs = 'cr') + s(lat, lon, bs = 'sos', k = 20) + s(year, bs = 'cr', k = 8) + s(Region, bs = 're') + climate_zone",4.7609899360607,65,FALSE
"C","Model C (TMP, PREC, HUM, WET)","CRKP","CR-Kp",10,1,1,2,1,393.812483281756,588.816627130854,75.8623431918511,246.890644763422,NA,4.6082575999789,592,71,"logit_R ~ s(TMP_scaled_lag, k = 10, bs = 'cr') + s(PREC_scaled_lag, k = 10, bs = 'cr') + s(HUM_scaled_lag, k = 10, bs = 'cr') + s(WET_scaled_lag, k = 10, bs = 'cr') + s(PLS_Comp1, k = 10, bs = 'cr') + s(PLS_Comp2, k = 10, bs = 'cr') + s(PLS_Comp3, k = 10, bs = 'cr') + s(lat, lon, bs = 'sos', k = 20) + s(year, bs = 'cr', k = 8) + s(Region, bs = 're') + climate_zone",62.2185479159652,66,FALSE
"C","Model C (TMP, PREC, HUM, WET)","CRKP","CR-Kp",14,2,2,2,1,393.812526826498,588.816816447363,75.8623441281826,246.890645077659,NA,1.5416580495925,592,71,"logit_R ~ s(TMP_scaled_lag, k = 10, bs = 'cr') + s(PREC_scaled_lag, k = 10, bs = 'cr') + s(HUM_scaled_lag, k = 10, bs = 'cr') + s(WET_scaled_lag, k = 10, bs = 'cr') + s(PLS_Comp1, k = 10, bs = 'cr') + s(PLS_Comp2, k = 10, bs = 'cr') + s(PLS_Comp3, k = 10, bs = 'cr') + s(lat, lon, bs = 'sos', k = 20) + s(year, bs = 'cr', k = 8) + s(Region, bs = 're') + climate_zone",62.2185914607071,67,FALSE
"C","Model C (TMP, PREC, HUM, WET)","CRKP","CR-Kp",11,2,1,2,1,393.812554242031,588.816876878068,75.8623436245467,246.890648192473,NA,4.60735251899186,592,71,"logit_R ~ s(TMP_scaled_lag, k = 10, bs = 'cr') + s(PREC_scaled_lag, k = 10, bs = 'cr') + s(HUM_scaled_lag, k = 10, bs = 'cr') + s(WET_scaled_lag, k = 10, bs = 'cr') + s(PLS_Comp1, k = 10, bs = 'cr') + s(PLS_Comp2, k = 10, bs = 'cr') + s(PLS_Comp3, k = 10, bs = 'cr') + s(lat, lon, bs = 'sos', k = 20) + s(year, bs = 'cr', k = 8) + s(Region, bs = 're') + climate_zone",62.2186188762403,68,FALSE
"C","Model C (TMP, PREC, HUM, WET)","CRKP","CR-Kp",13,1,2,2,1,393.812653637523,588.817238896349,75.862344457445,246.890650278151,NA,1.51871030634239,592,71,"logit_R ~ s(TMP_scaled_lag, k = 10, bs = 'cr') + s(PREC_scaled_lag, k = 10, bs = 'cr') + s(HUM_scaled_lag, k = 10, bs = 'cr') + s(WET_scaled_lag, k = 10, bs = 'cr') + s(PLS_Comp1, k = 10, bs = 'cr') + s(PLS_Comp2, k = 10, bs = 'cr') + s(PLS_Comp3, k = 10, bs = 'cr') + s(lat, lon, bs = 'sos', k = 20) + s(year, bs = 'cr', k = 8) + s(Region, bs = 're') + climate_zone",62.2187182717328,69,FALSE
"C","Model C (TMP, PREC, HUM, WET)","CRKP","CR-Kp",5,2,2,1,1,394.538938364985,595.570509705296,75.9447104423149,246.563060343699,NA,1.65464838338393,592,71,"logit_R ~ s(TMP_scaled_lag, k = 10, bs = 'cr') + s(PREC_scaled_lag, k = 10, bs = 'cr') + s(HUM_scaled_lag, k = 10, bs = 'cr') + s(WET_scaled_lag, k = 10, bs = 'cr') + s(PLS_Comp1, k = 10, bs = 'cr') + s(PLS_Comp2, k = 10, bs = 'cr') + s(PLS_Comp3, k = 10, bs = 'cr') + s(lat, lon, bs = 'sos', k = 20) + s(year, bs = 'cr', k = 8) + s(Region, bs = 're') + climate_zone",62.9450029991944,70,FALSE
"C","Model C (TMP, PREC, HUM, WET)","CRKP","CR-Kp",2,2,1,1,1,394.539039090196,595.570980597062,75.9447132121432,246.563069714046,NA,4.74062727553989,592,71,"logit_R ~ s(TMP_scaled_lag, k = 10, bs = 'cr') + s(PREC_scaled_lag, k = 10, bs = 'cr') + s(HUM_scaled_lag, k = 10, bs = 'cr') + s(WET_scaled_lag, k = 10, bs = 'cr') + s(PLS_Comp1, k = 10, bs = 'cr') + s(PLS_Comp2, k = 10, bs = 'cr') + s(PLS_Comp3, k = 10, bs = 'cr') + s(lat, lon, bs = 'sos', k = 20) + s(year, bs = 'cr', k = 8) + s(Region, bs = 're') + climate_zone",62.9451037244055,71,FALSE
"C","Model C (TMP, PREC, HUM, WET)","CRKP","CR-Kp",4,1,2,1,1,394.53912826172,595.571305641076,75.944713961703,246.563071545551,NA,1.58173460881556,592,71,"logit_R ~ s(TMP_scaled_lag, k = 10, bs = 'cr') + s(PREC_scaled_lag, k = 10, bs = 'cr') + s(HUM_scaled_lag, k = 10, bs = 'cr') + s(WET_scaled_lag, k = 10, bs = 'cr') + s(PLS_Comp1, k = 10, bs = 'cr') + s(PLS_Comp2, k = 10, bs = 'cr') + s(PLS_Comp3, k = 10, bs = 'cr') + s(lat, lon, bs = 'sos', k = 20) + s(year, bs = 'cr', k = 8) + s(Region, bs = 're') + climate_zone",62.94519289593,72,FALSE
"C","Model C (TMP, PREC, HUM, WET)","CRKP","CR-Kp",32,2,2,1,2,394.543224840206,595.584295888935,75.9447123854757,246.563064417508,NA,4.62687607247183,592,71,"logit_R ~ s(TMP_scaled_lag, k = 10, bs = 'cr') + s(PREC_scaled_lag, k = 10, bs = 'cr') + s(HUM_scaled_lag, k = 10, bs = 'cr') + s(WET_scaled_lag, k = 10, bs = 'cr') + s(PLS_Comp1, k = 10, bs = 'cr') + s(PLS_Comp2, k = 10, bs = 'cr') + s(PLS_Comp3, k = 10, bs = 'cr') + s(lat, lon, bs = 'sos', k = 20) + s(year, bs = 'cr', k = 8) + s(Region, bs = 're') + climate_zone",62.9492894744157,73,FALSE
"C","Model C (TMP, PREC, HUM, WET)","CRKP","CR-Kp",29,2,1,1,2,394.661384090176,595.963477525838,75.9447503256956,246.563057998683,NA,1.59758330764768,592,71,"logit_R ~ s(TMP_scaled_lag, k = 10, bs = 'cr') + s(PREC_scaled_lag, k = 10, bs = 'cr') + s(HUM_scaled_lag, k = 10, bs = 'cr') + s(WET_scaled_lag, k = 10, bs = 'cr') + s(PLS_Comp1, k = 10, bs = 'cr') + s(PLS_Comp2, k = 10, bs = 'cr') + s(PLS_Comp3, k = 10, bs = 'cr') + s(lat, lon, bs = 'sos', k = 20) + s(year, bs = 'cr', k = 8) + s(Region, bs = 're') + climate_zone",63.067448724386,74,FALSE
"C","Model C (TMP, PREC, HUM, WET)","CRKP","CR-Kp",31,1,2,1,2,394.705779851869,596.106005896551,75.9447656772891,246.563062177539,NA,4.57987016769313,592,71,"logit_R ~ s(TMP_scaled_lag, k = 10, bs = 'cr') + s(PREC_scaled_lag, k = 10, bs = 'cr') + s(HUM_scaled_lag, k = 10, bs = 'cr') + s(WET_scaled_lag, k = 10, bs = 'cr') + s(PLS_Comp1, k = 10, bs = 'cr') + s(PLS_Comp2, k = 10, bs = 'cr') + s(PLS_Comp3, k = 10, bs = 'cr') + s(lat, lon, bs = 'sos', k = 20) + s(year, bs = 'cr', k = 8) + s(Region, bs = 're') + climate_zone",63.1118444860786,75,FALSE
"C","Model C (TMP, PREC, HUM, WET)","CRKP","CR-Kp",28,1,1,1,2,394.71878496816,596.147757551735,75.9447701736942,246.563063467259,NA,1.54469560479642,592,71,"logit_R ~ s(TMP_scaled_lag, k = 10, bs = 'cr') + s(PREC_scaled_lag, k = 10, bs = 'cr') + s(HUM_scaled_lag, k = 10, bs = 'cr') + s(WET_scaled_lag, k = 10, bs = 'cr') + s(PLS_Comp1, k = 10, bs = 'cr') + s(PLS_Comp2, k = 10, bs = 'cr') + s(PLS_Comp3, k = 10, bs = 'cr') + s(lat, lon, bs = 'sos', k = 20) + s(year, bs = 'cr', k = 8) + s(Region, bs = 're') + climate_zone",63.12484960237,76,FALSE
"C","Model C (TMP, PREC, HUM, WET)","CRKP","CR-Kp",38,2,1,2,2,397.064990577419,601.967488793659,75.9138120890427,246.861125415031,NA,1.56562213683263,592,71,"logit_R ~ s(TMP_scaled_lag, k = 10, bs = 'cr') + s(PREC_scaled_lag, k = 10, bs = 'cr') + s(HUM_scaled_lag, k = 10, bs = 'cr') + s(WET_scaled_lag, k = 10, bs = 'cr') + s(PLS_Comp1, k = 10, bs = 'cr') + s(PLS_Comp2, k = 10, bs = 'cr') + s(PLS_Comp3, k = 10, bs = 'cr') + s(lat, lon, bs = 'sos', k = 20) + s(year, bs = 'cr', k = 8) + s(Region, bs = 're') + climate_zone",65.4710552116282,77,FALSE
"C","Model C (TMP, PREC, HUM, WET)","CRKP","CR-Kp",40,1,2,2,2,397.064999097695,601.967641645438,75.9138144216515,246.861124410289,NA,4.70675967511728,592,71,"logit_R ~ s(TMP_scaled_lag, k = 10, bs = 'cr') + s(PREC_scaled_lag, k = 10, bs = 'cr') + s(HUM_scaled_lag, k = 10, bs = 'cr') + s(WET_scaled_lag, k = 10, bs = 'cr') + s(PLS_Comp1, k = 10, bs = 'cr') + s(PLS_Comp2, k = 10, bs = 'cr') + s(PLS_Comp3, k = 10, bs = 'cr') + s(lat, lon, bs = 'sos', k = 20) + s(year, bs = 'cr', k = 8) + s(Region, bs = 're') + climate_zone",65.4710637319047,78,FALSE
"C","Model C (TMP, PREC, HUM, WET)","CRKP","CR-Kp",41,2,2,2,2,397.065007818055,601.967604283328,75.9138132114121,246.861126889446,NA,4.71971587743079,592,71,"logit_R ~ s(TMP_scaled_lag, k = 10, bs = 'cr') + s(PREC_scaled_lag, k = 10, bs = 'cr') + s(HUM_scaled_lag, k = 10, bs = 'cr') + s(WET_scaled_lag, k = 10, bs = 'cr') + s(PLS_Comp1, k = 10, bs = 'cr') + s(PLS_Comp2, k = 10, bs = 'cr') + s(PLS_Comp3, k = 10, bs = 'cr') + s(lat, lon, bs = 'sos', k = 20) + s(year, bs = 'cr', k = 8) + s(Region, bs = 're') + climate_zone",65.4710724522643,79,FALSE
"C","Model C (TMP, PREC, HUM, WET)","CRKP","CR-Kp",37,1,1,2,2,397.065057012198,601.967893900675,75.9138156729356,246.86112996558,NA,1.49972520501529,592,71,"logit_R ~ s(TMP_scaled_lag, k = 10, bs = 'cr') + s(PREC_scaled_lag, k = 10, bs = 'cr') + s(HUM_scaled_lag, k = 10, bs = 'cr') + s(WET_scaled_lag, k = 10, bs = 'cr') + s(PLS_Comp1, k = 10, bs = 'cr') + s(PLS_Comp2, k = 10, bs = 'cr') + s(PLS_Comp3, k = 10, bs = 'cr') + s(lat, lon, bs = 'sos', k = 20) + s(year, bs = 'cr', k = 8) + s(Region, bs = 're') + climate_zone",65.471121646408,80,FALSE
"C","Model C (TMP, PREC, HUM, WET)","CRKP","CR-Kp",1,1,1,1,1,492.822642284505,694.431624928788,73.9726613325999,293.639392025908,NA,4.53637267380959,674,82,"logit_R ~ s(TMP_scaled_lag, k = 10, bs = 'cr') + s(PREC_scaled_lag, k = 10, bs = 'cr') + s(HUM_scaled_lag, k = 10, bs = 'cr') + s(WET_scaled_lag, k = 10, bs = 'cr') + s(PLS_Comp1, k = 10, bs = 'cr') + s(PLS_Comp2, k = 10, bs = 'cr') + s(PLS_Comp3, k = 10, bs = 'cr') + s(lat, lon, bs = 'sos', k = 20) + s(year, bs = 'cr', k = 8) + s(Region, bs = 're') + climate_zone",161.228706918715,81,FALSE
"C","Model C (TMP, PREC, HUM, WET)","CRPA","CR-Pa",41,2,2,2,2,-226.890685068737,-69.0136921786232,83.9350197215735,-88.7260325570596,0.342258447260893,4.94795768752869,494,47,"logit_R ~ s(TMP_scaled_lag, k = 10, bs = 'cr') + s(PREC_scaled_lag, k = 10, bs = 'cr') + s(HUM_scaled_lag, k = 10, bs = 'cr') + s(WET_scaled_lag, k = 10, bs = 'cr') + s(PLS_Comp1, k = 10, bs = 'cr') + s(PLS_Comp2, k = 10, bs = 'cr') + s(PLS_Comp3, k = 10, bs = 'cr') + s(PLS_Comp4, k = 10, bs = 'cr') + s(lat, lon, bs = 'sos', k = 20) + s(year, bs = 'cr', k = 8) + s(Region, bs = 're') + climate_zone",0,1,TRUE
"C","Model C (TMP, PREC, HUM, WET)","CRPA","CR-Pa",5,2,2,1,1,-226.860938258006,-69.0186209764155,83.9335156229014,-88.7184718172165,NA,1.60321786473731,494,47,"logit_R ~ s(TMP_scaled_lag, k = 10, bs = 'cr') + s(PREC_scaled_lag, k = 10, bs = 'cr') + s(HUM_scaled_lag, k = 10, bs = 'cr') + s(WET_scaled_lag, k = 10, bs = 'cr') + s(PLS_Comp1, k = 10, bs = 'cr') + s(PLS_Comp2, k = 10, bs = 'cr') + s(PLS_Comp3, k = 10, bs = 'cr') + s(PLS_Comp4, k = 10, bs = 'cr') + s(lat, lon, bs = 'sos', k = 20) + s(year, bs = 'cr', k = 8) + s(Region, bs = 're') + climate_zone",0.0297468107306145,2,FALSE
"C","Model C (TMP, PREC, HUM, WET)","CRPA","CR-Pa",14,2,2,2,1,-226.827982307468,-68.8204847778067,83.9350003659006,-88.7185266774394,NA,1.52488202635774,494,47,"logit_R ~ s(TMP_scaled_lag, k = 10, bs = 'cr') + s(PREC_scaled_lag, k = 10, bs = 'cr') + s(HUM_scaled_lag, k = 10, bs = 'cr') + s(WET_scaled_lag, k = 10, bs = 'cr') + s(PLS_Comp1, k = 10, bs = 'cr') + s(PLS_Comp2, k = 10, bs = 'cr') + s(PLS_Comp3, k = 10, bs = 'cr') + s(PLS_Comp4, k = 10, bs = 'cr') + s(lat, lon, bs = 'sos', k = 20) + s(year, bs = 'cr', k = 8) + s(Region, bs = 're') + climate_zone",0.0627027612685822,3,FALSE
"C","Model C (TMP, PREC, HUM, WET)","CRPA","CR-Pa",38,2,1,2,2,-226.346446813539,-64.7067606668455,83.9755030899821,-88.7493862136557,NA,1.56467768374739,494,47,"logit_R ~ s(TMP_scaled_lag, k = 10, bs = 'cr') + s(PREC_scaled_lag, k = 10, bs = 'cr') + s(HUM_scaled_lag, k = 10, bs = 'cr') + s(WET_scaled_lag, k = 10, bs = 'cr') + s(PLS_Comp1, k = 10, bs = 'cr') + s(PLS_Comp2, k = 10, bs = 'cr') + s(PLS_Comp3, k = 10, bs = 'cr') + s(PLS_Comp4, k = 10, bs = 'cr') + s(lat, lon, bs = 'sos', k = 20) + s(year, bs = 'cr', k = 8) + s(Region, bs = 're') + climate_zone",0.544238255197456,4,FALSE
"C","Model C (TMP, PREC, HUM, WET)","CRPA","CR-Pa",29,2,1,1,2,-226.346437529727,-64.706630498564,83.9755046549814,-88.7493910193973,NA,1.51108446018231,494,47,"logit_R ~ s(TMP_scaled_lag, k = 10, bs = 'cr') + s(PREC_scaled_lag, k = 10, bs = 'cr') + s(HUM_scaled_lag, k = 10, bs = 'cr') + s(WET_scaled_lag, k = 10, bs = 'cr') + s(PLS_Comp1, k = 10, bs = 'cr') + s(PLS_Comp2, k = 10, bs = 'cr') + s(PLS_Comp3, k = 10, bs = 'cr') + s(PLS_Comp4, k = 10, bs = 'cr') + s(lat, lon, bs = 'sos', k = 20) + s(year, bs = 'cr', k = 8) + s(Region, bs = 're') + climate_zone",0.544247539009717,5,FALSE
"C","Model C (TMP, PREC, HUM, WET)","CRPA","CR-Pa",11,2,1,2,1,-226.316650075482,-64.7114897948028,83.9740034737575,-88.7418523450229,NA,4.60323050709926,494,47,"logit_R ~ s(TMP_scaled_lag, k = 10, bs = 'cr') + s(PREC_scaled_lag, k = 10, bs = 'cr') + s(HUM_scaled_lag, k = 10, bs = 'cr') + s(WET_scaled_lag, k = 10, bs = 'cr') + s(PLS_Comp1, k = 10, bs = 'cr') + s(PLS_Comp2, k = 10, bs = 'cr') + s(PLS_Comp3, k = 10, bs = 'cr') + s(PLS_Comp4, k = 10, bs = 'cr') + s(lat, lon, bs = 'sos', k = 20) + s(year, bs = 'cr', k = 8) + s(Region, bs = 're') + climate_zone",0.574034993254685,6,FALSE
"C","Model C (TMP, PREC, HUM, WET)","CRPA","CR-Pa",32,2,2,1,2,-225.994403705788,-66.1575373633447,83.9362043445851,-88.7583062047395,NA,4.81242566012068,494,47,"logit_R ~ s(TMP_scaled_lag, k = 10, bs = 'cr') + s(PREC_scaled_lag, k = 10, bs = 'cr') + s(HUM_scaled_lag, k = 10, bs = 'cr') + s(WET_scaled_lag, k = 10, bs = 'cr') + s(PLS_Comp1, k = 10, bs = 'cr') + s(PLS_Comp2, k = 10, bs = 'cr') + s(PLS_Comp3, k = 10, bs = 'cr') + s(PLS_Comp4, k = 10, bs = 'cr') + s(lat, lon, bs = 'sos', k = 20) + s(year, bs = 'cr', k = 8) + s(Region, bs = 're') + climate_zone",0.896281362948116,7,FALSE
"C","Model C (TMP, PREC, HUM, WET)","CRPA","CR-Pa",2,2,1,1,1,-225.609978013597,-63.591411873524,83.9574521172055,-88.7824699183014,NA,4.7734686242032,494,47,"logit_R ~ s(TMP_scaled_lag, k = 10, bs = 'cr') + s(PREC_scaled_lag, k = 10, bs = 'cr') + s(HUM_scaled_lag, k = 10, bs = 'cr') + s(WET_scaled_lag, k = 10, bs = 'cr') + s(PLS_Comp1, k = 10, bs = 'cr') + s(PLS_Comp2, k = 10, bs = 'cr') + s(PLS_Comp3, k = 10, bs = 'cr') + s(PLS_Comp4, k = 10, bs = 'cr') + s(lat, lon, bs = 'sos', k = 20) + s(year, bs = 'cr', k = 8) + s(Region, bs = 're') + climate_zone",1.28070705513983,8,FALSE
"C","Model C (TMP, PREC, HUM, WET)","CRPA","CR-Pa",25,1,3,3,1,-219.95406653622,-84.5763653910452,84.2424214010014,-90.993723258758,NA,1.50696918601405,447,44,"logit_R ~ s(TMP_scaled_lag, k = 10, bs = 'cr') + s(PREC_scaled_lag, k = 10, bs = 'cr') + s(HUM_scaled_lag, k = 10, bs = 'cr') + s(WET_scaled_lag, k = 10, bs = 'cr') + s(PLS_Comp1, k = 10, bs = 'cr') + s(PLS_Comp2, k = 10, bs = 'cr') + s(PLS_Comp3, k = 10, bs = 'cr') + s(PLS_Comp4, k = 10, bs = 'cr') + s(lat, lon, bs = 'sos', k = 20) + s(year, bs = 'cr', k = 8) + s(Region, bs = 're') + climate_zone",6.93661853251695,9,FALSE
"C","Model C (TMP, PREC, HUM, WET)","CRPA","CR-Pa",79,1,3,3,3,-219.926713725288,-84.5852292332731,84.2408346897179,-90.9883453945036,NA,5.03623280707109,447,44,"logit_R ~ s(TMP_scaled_lag, k = 10, bs = 'cr') + s(PREC_scaled_lag, k = 10, bs = 'cr') + s(HUM_scaled_lag, k = 10, bs = 'cr') + s(WET_scaled_lag, k = 10, bs = 'cr') + s(PLS_Comp1, k = 10, bs = 'cr') + s(PLS_Comp2, k = 10, bs = 'cr') + s(PLS_Comp3, k = 10, bs = 'cr') + s(PLS_Comp4, k = 10, bs = 'cr') + s(lat, lon, bs = 'sos', k = 20) + s(year, bs = 'cr', k = 8) + s(Region, bs = 're') + climate_zone",6.96397134344872,10,FALSE
"C","Model C (TMP, PREC, HUM, WET)","CRPA","CR-Pa",52,1,3,3,2,-219.872824180114,-84.5957072618508,84.2378282177558,-90.987085634544,NA,1.528156327275,447,44,"logit_R ~ s(TMP_scaled_lag, k = 10, bs = 'cr') + s(PREC_scaled_lag, k = 10, bs = 'cr') + s(HUM_scaled_lag, k = 10, bs = 'cr') + s(WET_scaled_lag, k = 10, bs = 'cr') + s(PLS_Comp1, k = 10, bs = 'cr') + s(PLS_Comp2, k = 10, bs = 'cr') + s(PLS_Comp3, k = 10, bs = 'cr') + s(PLS_Comp4, k = 10, bs = 'cr') + s(lat, lon, bs = 'sos', k = 20) + s(year, bs = 'cr', k = 8) + s(Region, bs = 're') + climate_zone",7.01786088862218,11,FALSE
"C","Model C (TMP, PREC, HUM, WET)","CRPA","CR-Pa",80,2,3,3,3,-219.837239662339,-85.0496178918798,84.2281558915612,-90.9916670890801,NA,5.01388793435091,447,44,"logit_R ~ s(TMP_scaled_lag, k = 10, bs = 'cr') + s(PREC_scaled_lag, k = 10, bs = 'cr') + s(HUM_scaled_lag, k = 10, bs = 'cr') + s(WET_scaled_lag, k = 10, bs = 'cr') + s(PLS_Comp1, k = 10, bs = 'cr') + s(PLS_Comp2, k = 10, bs = 'cr') + s(PLS_Comp3, k = 10, bs = 'cr') + s(PLS_Comp4, k = 10, bs = 'cr') + s(lat, lon, bs = 'sos', k = 20) + s(year, bs = 'cr', k = 8) + s(Region, bs = 're') + climate_zone",7.05344540639726,12,FALSE
"C","Model C (TMP, PREC, HUM, WET)","CRPA","CR-Pa",26,2,3,3,1,-219.837201061229,-85.0494211180425,84.2281572502754,-90.9916643759818,NA,1.50307764035193,447,44,"logit_R ~ s(TMP_scaled_lag, k = 10, bs = 'cr') + s(PREC_scaled_lag, k = 10, bs = 'cr') + s(HUM_scaled_lag, k = 10, bs = 'cr') + s(WET_scaled_lag, k = 10, bs = 'cr') + s(PLS_Comp1, k = 10, bs = 'cr') + s(PLS_Comp2, k = 10, bs = 'cr') + s(PLS_Comp3, k = 10, bs = 'cr') + s(PLS_Comp4, k = 10, bs = 'cr') + s(lat, lon, bs = 'sos', k = 20) + s(year, bs = 'cr', k = 8) + s(Region, bs = 're') + climate_zone",7.05348400750728,13,FALSE
"C","Model C (TMP, PREC, HUM, WET)","CRPA","CR-Pa",81,3,3,3,3,-219.812774787374,-85.0275685194161,84.2272511039276,-90.9901626889215,NA,5.02820387221738,447,44,"logit_R ~ s(TMP_scaled_lag, k = 10, bs = 'cr') + s(PREC_scaled_lag, k = 10, bs = 'cr') + s(HUM_scaled_lag, k = 10, bs = 'cr') + s(WET_scaled_lag, k = 10, bs = 'cr') + s(PLS_Comp1, k = 10, bs = 'cr') + s(PLS_Comp2, k = 10, bs = 'cr') + s(PLS_Comp3, k = 10, bs = 'cr') + s(PLS_Comp4, k = 10, bs = 'cr') + s(lat, lon, bs = 'sos', k = 20) + s(year, bs = 'cr', k = 8) + s(Region, bs = 're') + climate_zone",7.07791028136268,14,FALSE
"C","Model C (TMP, PREC, HUM, WET)","CRPA","CR-Pa",54,3,3,3,2,-219.80976112415,-85.0210661328382,84.2272047768505,-90.9899266423176,NA,1.56316873575356,447,44,"logit_R ~ s(TMP_scaled_lag, k = 10, bs = 'cr') + s(PREC_scaled_lag, k = 10, bs = 'cr') + s(HUM_scaled_lag, k = 10, bs = 'cr') + s(WET_scaled_lag, k = 10, bs = 'cr') + s(PLS_Comp1, k = 10, bs = 'cr') + s(PLS_Comp2, k = 10, bs = 'cr') + s(PLS_Comp3, k = 10, bs = 'cr') + s(PLS_Comp4, k = 10, bs = 'cr') + s(lat, lon, bs = 'sos', k = 20) + s(year, bs = 'cr', k = 8) + s(Region, bs = 're') + climate_zone",7.0809239445864,15,FALSE
"C","Model C (TMP, PREC, HUM, WET)","CRPA","CR-Pa",53,2,3,3,2,-219.768980388931,-85.0634587810901,84.2243347910362,-90.9822874783549,NA,1.51816803011085,447,44,"logit_R ~ s(TMP_scaled_lag, k = 10, bs = 'cr') + s(PREC_scaled_lag, k = 10, bs = 'cr') + s(HUM_scaled_lag, k = 10, bs = 'cr') + s(WET_scaled_lag, k = 10, bs = 'cr') + s(PLS_Comp1, k = 10, bs = 'cr') + s(PLS_Comp2, k = 10, bs = 'cr') + s(PLS_Comp3, k = 10, bs = 'cr') + s(PLS_Comp4, k = 10, bs = 'cr') + s(lat, lon, bs = 'sos', k = 20) + s(year, bs = 'cr', k = 8) + s(Region, bs = 're') + climate_zone",7.12170467980582,16,FALSE
"C","Model C (TMP, PREC, HUM, WET)","CRPA","CR-Pa",19,1,1,3,1,-219.742585034633,-90.3905298878487,84.1310218128577,-90.6578124316123,NA,4.64626908898481,447,44,"logit_R ~ s(TMP_scaled_lag, k = 10, bs = 'cr') + s(PREC_scaled_lag, k = 10, bs = 'cr') + s(HUM_scaled_lag, k = 10, bs = 'cr') + s(WET_scaled_lag, k = 10, bs = 'cr') + s(PLS_Comp1, k = 10, bs = 'cr') + s(PLS_Comp2, k = 10, bs = 'cr') + s(PLS_Comp3, k = 10, bs = 'cr') + s(PLS_Comp4, k = 10, bs = 'cr') + s(lat, lon, bs = 'sos', k = 20) + s(year, bs = 'cr', k = 8) + s(Region, bs = 're') + climate_zone",7.14810003410346,17,FALSE
"C","Model C (TMP, PREC, HUM, WET)","CRPA","CR-Pa",22,1,2,3,1,-219.740521383424,-90.3761783132635,84.1311612149875,-90.6578090874646,NA,1.13827023517907,447,44,"logit_R ~ s(TMP_scaled_lag, k = 10, bs = 'cr') + s(PREC_scaled_lag, k = 10, bs = 'cr') + s(HUM_scaled_lag, k = 10, bs = 'cr') + s(WET_scaled_lag, k = 10, bs = 'cr') + s(PLS_Comp1, k = 10, bs = 'cr') + s(PLS_Comp2, k = 10, bs = 'cr') + s(PLS_Comp3, k = 10, bs = 'cr') + s(PLS_Comp4, k = 10, bs = 'cr') + s(lat, lon, bs = 'sos', k = 20) + s(year, bs = 'cr', k = 8) + s(Region, bs = 're') + climate_zone",7.15016368531298,18,FALSE
"C","Model C (TMP, PREC, HUM, WET)","CRPA","CR-Pa",73,1,1,3,3,-219.721224200373,-90.4016219315628,84.1297017701921,-90.6532517126101,NA,1.50338497517695,447,44,"logit_R ~ s(TMP_scaled_lag, k = 10, bs = 'cr') + s(PREC_scaled_lag, k = 10, bs = 'cr') + s(HUM_scaled_lag, k = 10, bs = 'cr') + s(WET_scaled_lag, k = 10, bs = 'cr') + s(PLS_Comp1, k = 10, bs = 'cr') + s(PLS_Comp2, k = 10, bs = 'cr') + s(PLS_Comp3, k = 10, bs = 'cr') + s(PLS_Comp4, k = 10, bs = 'cr') + s(lat, lon, bs = 'sos', k = 20) + s(year, bs = 'cr', k = 8) + s(Region, bs = 're') + climate_zone",7.16946086836364,19,FALSE
"C","Model C (TMP, PREC, HUM, WET)","CRPA","CR-Pa",46,1,1,3,2,-219.675519114569,-90.4139579117846,84.1270742499195,-90.6520712323536,NA,1.1190723987157,447,44,"logit_R ~ s(TMP_scaled_lag, k = 10, bs = 'cr') + s(PREC_scaled_lag, k = 10, bs = 'cr') + s(HUM_scaled_lag, k = 10, bs = 'cr') + s(WET_scaled_lag, k = 10, bs = 'cr') + s(PLS_Comp1, k = 10, bs = 'cr') + s(PLS_Comp2, k = 10, bs = 'cr') + s(PLS_Comp3, k = 10, bs = 'cr') + s(PLS_Comp4, k = 10, bs = 'cr') + s(lat, lon, bs = 'sos', k = 20) + s(year, bs = 'cr', k = 8) + s(Region, bs = 're') + climate_zone",7.21516595416779,20,FALSE
"C","Model C (TMP, PREC, HUM, WET)","CRPA","CR-Pa",49,1,2,3,2,-219.674085943238,-90.4038148395747,84.1271741357981,-90.6520747973444,NA,4.79256395163148,447,44,"logit_R ~ s(TMP_scaled_lag, k = 10, bs = 'cr') + s(PREC_scaled_lag, k = 10, bs = 'cr') + s(HUM_scaled_lag, k = 10, bs = 'cr') + s(WET_scaled_lag, k = 10, bs = 'cr') + s(PLS_Comp1, k = 10, bs = 'cr') + s(PLS_Comp2, k = 10, bs = 'cr') + s(PLS_Comp3, k = 10, bs = 'cr') + s(PLS_Comp4, k = 10, bs = 'cr') + s(lat, lon, bs = 'sos', k = 20) + s(year, bs = 'cr', k = 8) + s(Region, bs = 're') + climate_zone",7.21659912549873,21,FALSE
"C","Model C (TMP, PREC, HUM, WET)","CRPA","CR-Pa",20,2,1,3,1,-219.668733993122,-90.8282685477527,84.1195418935286,-90.6588938185482,NA,4.61492670263684,447,44,"logit_R ~ s(TMP_scaled_lag, k = 10, bs = 'cr') + s(PREC_scaled_lag, k = 10, bs = 'cr') + s(HUM_scaled_lag, k = 10, bs = 'cr') + s(WET_scaled_lag, k = 10, bs = 'cr') + s(PLS_Comp1, k = 10, bs = 'cr') + s(PLS_Comp2, k = 10, bs = 'cr') + s(PLS_Comp3, k = 10, bs = 'cr') + s(PLS_Comp4, k = 10, bs = 'cr') + s(lat, lon, bs = 'sos', k = 20) + s(year, bs = 'cr', k = 8) + s(Region, bs = 're') + climate_zone",7.22195107561481,22,FALSE
"C","Model C (TMP, PREC, HUM, WET)","CRPA","CR-Pa",23,2,2,3,1,-219.668663063636,-90.8276931661361,84.1195481103985,-90.6588926369401,NA,1.12602058848384,447,44,"logit_R ~ s(TMP_scaled_lag, k = 10, bs = 'cr') + s(PREC_scaled_lag, k = 10, bs = 'cr') + s(HUM_scaled_lag, k = 10, bs = 'cr') + s(WET_scaled_lag, k = 10, bs = 'cr') + s(PLS_Comp1, k = 10, bs = 'cr') + s(PLS_Comp2, k = 10, bs = 'cr') + s(PLS_Comp3, k = 10, bs = 'cr') + s(PLS_Comp4, k = 10, bs = 'cr') + s(lat, lon, bs = 'sos', k = 20) + s(year, bs = 'cr', k = 8) + s(Region, bs = 're') + climate_zone",7.22202200510046,23,FALSE
"C","Model C (TMP, PREC, HUM, WET)","CRPA","CR-Pa",77,2,2,3,3,-219.668595956404,-90.8270978379126,84.119554874718,-90.6588966664242,NA,1.50984987101726,447,44,"logit_R ~ s(TMP_scaled_lag, k = 10, bs = 'cr') + s(PREC_scaled_lag, k = 10, bs = 'cr') + s(HUM_scaled_lag, k = 10, bs = 'cr') + s(WET_scaled_lag, k = 10, bs = 'cr') + s(PLS_Comp1, k = 10, bs = 'cr') + s(PLS_Comp2, k = 10, bs = 'cr') + s(PLS_Comp3, k = 10, bs = 'cr') + s(PLS_Comp4, k = 10, bs = 'cr') + s(lat, lon, bs = 'sos', k = 20) + s(year, bs = 'cr', k = 8) + s(Region, bs = 're') + climate_zone",7.22208911233213,24,FALSE
"C","Model C (TMP, PREC, HUM, WET)","CRPA","CR-Pa",27,3,3,3,1,-219.658367531427,-84.0698342074265,84.2356192098054,-90.9930942042043,NA,1.56738033816187,447,44,"logit_R ~ s(TMP_scaled_lag, k = 10, bs = 'cr') + s(PREC_scaled_lag, k = 10, bs = 'cr') + s(HUM_scaled_lag, k = 10, bs = 'cr') + s(WET_scaled_lag, k = 10, bs = 'cr') + s(PLS_Comp1, k = 10, bs = 'cr') + s(PLS_Comp2, k = 10, bs = 'cr') + s(PLS_Comp3, k = 10, bs = 'cr') + s(PLS_Comp4, k = 10, bs = 'cr') + s(lat, lon, bs = 'sos', k = 20) + s(year, bs = 'cr', k = 8) + s(Region, bs = 're') + climate_zone",7.23231753730971,25,FALSE
"C","Model C (TMP, PREC, HUM, WET)","CRPA","CR-Pa",48,3,1,3,2,-219.647823430103,-90.8042242114953,84.1188532690191,-90.6584164607967,NA,1.1448597457074,447,44,"logit_R ~ s(TMP_scaled_lag, k = 10, bs = 'cr') + s(PREC_scaled_lag, k = 10, bs = 'cr') + s(HUM_scaled_lag, k = 10, bs = 'cr') + s(WET_scaled_lag, k = 10, bs = 'cr') + s(PLS_Comp1, k = 10, bs = 'cr') + s(PLS_Comp2, k = 10, bs = 'cr') + s(PLS_Comp3, k = 10, bs = 'cr') + s(PLS_Comp4, k = 10, bs = 'cr') + s(lat, lon, bs = 'sos', k = 20) + s(year, bs = 'cr', k = 8) + s(Region, bs = 're') + climate_zone",7.24286163863405,26,FALSE
"C","Model C (TMP, PREC, HUM, WET)","CRPA","CR-Pa",24,3,2,3,1,-219.642234166837,-90.7559607171173,84.1193938033322,-90.6585571677173,NA,1.12335069414645,447,44,"logit_R ~ s(TMP_scaled_lag, k = 10, bs = 'cr') + s(PREC_scaled_lag, k = 10, bs = 'cr') + s(HUM_scaled_lag, k = 10, bs = 'cr') + s(WET_scaled_lag, k = 10, bs = 'cr') + s(PLS_Comp1, k = 10, bs = 'cr') + s(PLS_Comp2, k = 10, bs = 'cr') + s(PLS_Comp3, k = 10, bs = 'cr') + s(PLS_Comp4, k = 10, bs = 'cr') + s(lat, lon, bs = 'sos', k = 20) + s(year, bs = 'cr', k = 8) + s(Region, bs = 're') + climate_zone",7.24845090189928,27,FALSE
"C","Model C (TMP, PREC, HUM, WET)","CRPA","CR-Pa",51,3,2,3,2,-219.640398070695,-90.7516341733115,84.1193717054256,-90.6584221375813,NA,4.81624253485891,447,44,"logit_R ~ s(TMP_scaled_lag, k = 10, bs = 'cr') + s(PREC_scaled_lag, k = 10, bs = 'cr') + s(HUM_scaled_lag, k = 10, bs = 'cr') + s(WET_scaled_lag, k = 10, bs = 'cr') + s(PLS_Comp1, k = 10, bs = 'cr') + s(PLS_Comp2, k = 10, bs = 'cr') + s(PLS_Comp3, k = 10, bs = 'cr') + s(PLS_Comp4, k = 10, bs = 'cr') + s(lat, lon, bs = 'sos', k = 20) + s(year, bs = 'cr', k = 8) + s(Region, bs = 're') + climate_zone",7.25028699804204,28,FALSE
"C","Model C (TMP, PREC, HUM, WET)","CRPA","CR-Pa",47,2,1,3,2,-219.612598483201,-90.8496005076495,84.116205547277,-90.6506655109385,NA,1.11081802589339,447,44,"logit_R ~ s(TMP_scaled_lag, k = 10, bs = 'cr') + s(PREC_scaled_lag, k = 10, bs = 'cr') + s(HUM_scaled_lag, k = 10, bs = 'cr') + s(WET_scaled_lag, k = 10, bs = 'cr') + s(PLS_Comp1, k = 10, bs = 'cr') + s(PLS_Comp2, k = 10, bs = 'cr') + s(PLS_Comp3, k = 10, bs = 'cr') + s(PLS_Comp4, k = 10, bs = 'cr') + s(lat, lon, bs = 'sos', k = 20) + s(year, bs = 'cr', k = 8) + s(Region, bs = 're') + climate_zone",7.27808658553593,29,FALSE
"C","Model C (TMP, PREC, HUM, WET)","CRPA","CR-Pa",50,2,2,3,2,-219.606055600347,-90.8032947482677,84.1166618549704,-90.6506718221946,NA,4.7915779514242,447,44,"logit_R ~ s(TMP_scaled_lag, k = 10, bs = 'cr') + s(PREC_scaled_lag, k = 10, bs = 'cr') + s(HUM_scaled_lag, k = 10, bs = 'cr') + s(WET_scaled_lag, k = 10, bs = 'cr') + s(PLS_Comp1, k = 10, bs = 'cr') + s(PLS_Comp2, k = 10, bs = 'cr') + s(PLS_Comp3, k = 10, bs = 'cr') + s(PLS_Comp4, k = 10, bs = 'cr') + s(lat, lon, bs = 'sos', k = 20) + s(year, bs = 'cr', k = 8) + s(Region, bs = 're') + climate_zone",7.28462946838977,30,FALSE
"C","Model C (TMP, PREC, HUM, WET)","CRPA","CR-Pa",16,1,3,2,1,-219.520886728942,-84.6619476880749,84.2182173565147,-90.7112882140998,NA,1.10240378706751,447,44,"logit_R ~ s(TMP_scaled_lag, k = 10, bs = 'cr') + s(PREC_scaled_lag, k = 10, bs = 'cr') + s(HUM_scaled_lag, k = 10, bs = 'cr') + s(WET_scaled_lag, k = 10, bs = 'cr') + s(PLS_Comp1, k = 10, bs = 'cr') + s(PLS_Comp2, k = 10, bs = 'cr') + s(PLS_Comp3, k = 10, bs = 'cr') + s(PLS_Comp4, k = 10, bs = 'cr') + s(lat, lon, bs = 'sos', k = 20) + s(year, bs = 'cr', k = 8) + s(Region, bs = 're') + climate_zone",7.36979833979433,31,FALSE
"C","Model C (TMP, PREC, HUM, WET)","CRPA","CR-Pa",7,1,3,1,1,-219.520798721189,-84.661426419148,84.2182217064731,-90.7112900798339,NA,1.54337311091351,447,44,"logit_R ~ s(TMP_scaled_lag, k = 10, bs = 'cr') + s(PREC_scaled_lag, k = 10, bs = 'cr') + s(HUM_scaled_lag, k = 10, bs = 'cr') + s(WET_scaled_lag, k = 10, bs = 'cr') + s(PLS_Comp1, k = 10, bs = 'cr') + s(PLS_Comp2, k = 10, bs = 'cr') + s(PLS_Comp3, k = 10, bs = 'cr') + s(PLS_Comp4, k = 10, bs = 'cr') + s(lat, lon, bs = 'sos', k = 20) + s(year, bs = 'cr', k = 8) + s(Region, bs = 're') + climate_zone",7.36988634754746,32,FALSE
"C","Model C (TMP, PREC, HUM, WET)","CRPA","CR-Pa",70,1,3,2,3,-219.497771291359,-84.6770064860893,84.2167441306384,-90.7062818128065,NA,4.91769495332714,447,44,"logit_R ~ s(TMP_scaled_lag, k = 10, bs = 'cr') + s(PREC_scaled_lag, k = 10, bs = 'cr') + s(HUM_scaled_lag, k = 10, bs = 'cr') + s(WET_scaled_lag, k = 10, bs = 'cr') + s(PLS_Comp1, k = 10, bs = 'cr') + s(PLS_Comp2, k = 10, bs = 'cr') + s(PLS_Comp3, k = 10, bs = 'cr') + s(PLS_Comp4, k = 10, bs = 'cr') + s(lat, lon, bs = 'sos', k = 20) + s(year, bs = 'cr', k = 8) + s(Region, bs = 're') + climate_zone",7.39291377737709,33,FALSE
"C","Model C (TMP, PREC, HUM, WET)","CRPA","CR-Pa",61,1,3,1,3,-219.49773302042,-84.67672782304,84.2167469172609,-90.7062850884013,NA,4.91966626408315,447,44,"logit_R ~ s(TMP_scaled_lag, k = 10, bs = 'cr') + s(PREC_scaled_lag, k = 10, bs = 'cr') + s(HUM_scaled_lag, k = 10, bs = 'cr') + s(WET_scaled_lag, k = 10, bs = 'cr') + s(PLS_Comp1, k = 10, bs = 'cr') + s(PLS_Comp2, k = 10, bs = 'cr') + s(PLS_Comp3, k = 10, bs = 'cr') + s(PLS_Comp4, k = 10, bs = 'cr') + s(lat, lon, bs = 'sos', k = 20) + s(year, bs = 'cr', k = 8) + s(Region, bs = 're') + climate_zone",7.39295204831703,34,FALSE
"C","Model C (TMP, PREC, HUM, WET)","CRPA","CR-Pa",76,1,2,3,3,-219.465428096456,-88.4931370035804,84.1492131013197,-90.658558734856,NA,1.49932661154693,447,44,"logit_R ~ s(TMP_scaled_lag, k = 10, bs = 'cr') + s(PREC_scaled_lag, k = 10, bs = 'cr') + s(HUM_scaled_lag, k = 10, bs = 'cr') + s(WET_scaled_lag, k = 10, bs = 'cr') + s(PLS_Comp1, k = 10, bs = 'cr') + s(PLS_Comp2, k = 10, bs = 'cr') + s(PLS_Comp3, k = 10, bs = 'cr') + s(PLS_Comp4, k = 10, bs = 'cr') + s(lat, lon, bs = 'sos', k = 20) + s(year, bs = 'cr', k = 8) + s(Region, bs = 're') + climate_zone",7.42525697228066,35,FALSE
"C","Model C (TMP, PREC, HUM, WET)","CRPA","CR-Pa",74,2,1,3,3,-219.462299783367,-89.2449298582815,84.1360464162183,-90.6648041740767,NA,1.50417469262451,447,44,"logit_R ~ s(TMP_scaled_lag, k = 10, bs = 'cr') + s(PREC_scaled_lag, k = 10, bs = 'cr') + s(HUM_scaled_lag, k = 10, bs = 'cr') + s(WET_scaled_lag, k = 10, bs = 'cr') + s(PLS_Comp1, k = 10, bs = 'cr') + s(PLS_Comp2, k = 10, bs = 'cr') + s(PLS_Comp3, k = 10, bs = 'cr') + s(PLS_Comp4, k = 10, bs = 'cr') + s(lat, lon, bs = 'sos', k = 20) + s(year, bs = 'cr', k = 8) + s(Region, bs = 're') + climate_zone",7.42838528536907,36,FALSE
"C","Model C (TMP, PREC, HUM, WET)","CRPA","CR-Pa",43,1,3,2,2,-219.449959876497,-84.6905014864838,84.2140004186716,-90.7051859762745,NA,1.52649611868859,447,44,"logit_R ~ s(TMP_scaled_lag, k = 10, bs = 'cr') + s(PREC_scaled_lag, k = 10, bs = 'cr') + s(HUM_scaled_lag, k = 10, bs = 'cr') + s(WET_scaled_lag, k = 10, bs = 'cr') + s(PLS_Comp1, k = 10, bs = 'cr') + s(PLS_Comp2, k = 10, bs = 'cr') + s(PLS_Comp3, k = 10, bs = 'cr') + s(PLS_Comp4, k = 10, bs = 'cr') + s(lat, lon, bs = 'sos', k = 20) + s(year, bs = 'cr', k = 8) + s(Region, bs = 're') + climate_zone",7.4407251922396,37,FALSE
"C","Model C (TMP, PREC, HUM, WET)","CRPA","CR-Pa",34,1,3,1,2,-219.449783995465,-84.6896688211426,84.2140055147499,-90.705176821615,NA,1.0932427911369,447,44,"logit_R ~ s(TMP_scaled_lag, k = 10, bs = 'cr') + s(PREC_scaled_lag, k = 10, bs = 'cr') + s(HUM_scaled_lag, k = 10, bs = 'cr') + s(WET_scaled_lag, k = 10, bs = 'cr') + s(PLS_Comp1, k = 10, bs = 'cr') + s(PLS_Comp2, k = 10, bs = 'cr') + s(PLS_Comp3, k = 10, bs = 'cr') + s(PLS_Comp4, k = 10, bs = 'cr') + s(lat, lon, bs = 'sos', k = 20) + s(year, bs = 'cr', k = 8) + s(Region, bs = 're') + climate_zone",7.44090107327182,38,FALSE
"C","Model C (TMP, PREC, HUM, WET)","CRPA","CR-Pa",78,3,2,3,3,-219.442370519924,-89.2189189180486,84.135444339646,-90.6645015904619,NA,1.5741114762297,447,44,"logit_R ~ s(TMP_scaled_lag, k = 10, bs = 'cr') + s(PREC_scaled_lag, k = 10, bs = 'cr') + s(HUM_scaled_lag, k = 10, bs = 'cr') + s(WET_scaled_lag, k = 10, bs = 'cr') + s(PLS_Comp1, k = 10, bs = 'cr') + s(PLS_Comp2, k = 10, bs = 'cr') + s(PLS_Comp3, k = 10, bs = 'cr') + s(PLS_Comp4, k = 10, bs = 'cr') + s(lat, lon, bs = 'sos', k = 20) + s(year, bs = 'cr', k = 8) + s(Region, bs = 're') + climate_zone",7.44831454881287,39,FALSE
"C","Model C (TMP, PREC, HUM, WET)","CRPA","CR-Pa",17,2,3,2,1,-219.341385889374,-84.9374659287109,84.2040418857363,-90.7025645166499,NA,1.11491462282376,447,44,"logit_R ~ s(TMP_scaled_lag, k = 10, bs = 'cr') + s(PREC_scaled_lag, k = 10, bs = 'cr') + s(HUM_scaled_lag, k = 10, bs = 'cr') + s(WET_scaled_lag, k = 10, bs = 'cr') + s(PLS_Comp1, k = 10, bs = 'cr') + s(PLS_Comp2, k = 10, bs = 'cr') + s(PLS_Comp3, k = 10, bs = 'cr') + s(PLS_Comp4, k = 10, bs = 'cr') + s(lat, lon, bs = 'sos', k = 20) + s(year, bs = 'cr', k = 8) + s(Region, bs = 're') + climate_zone",7.54929917936244,40,FALSE
"C","Model C (TMP, PREC, HUM, WET)","CRPA","CR-Pa",71,2,3,2,3,-219.341383341757,-84.9374984290282,84.204041191933,-90.7025614409652,NA,4.90368779538964,447,44,"logit_R ~ s(TMP_scaled_lag, k = 10, bs = 'cr') + s(PREC_scaled_lag, k = 10, bs = 'cr') + s(HUM_scaled_lag, k = 10, bs = 'cr') + s(WET_scaled_lag, k = 10, bs = 'cr') + s(PLS_Comp1, k = 10, bs = 'cr') + s(PLS_Comp2, k = 10, bs = 'cr') + s(PLS_Comp3, k = 10, bs = 'cr') + s(PLS_Comp4, k = 10, bs = 'cr') + s(lat, lon, bs = 'sos', k = 20) + s(year, bs = 'cr', k = 8) + s(Region, bs = 're') + climate_zone",7.54930172697971,41,FALSE
"C","Model C (TMP, PREC, HUM, WET)","CRPA","CR-Pa",62,2,3,1,3,-219.341362976391,-84.9373161192401,84.2040432621097,-90.7025660112417,NA,4.92033522111587,447,44,"logit_R ~ s(TMP_scaled_lag, k = 10, bs = 'cr') + s(PREC_scaled_lag, k = 10, bs = 'cr') + s(HUM_scaled_lag, k = 10, bs = 'cr') + s(WET_scaled_lag, k = 10, bs = 'cr') + s(PLS_Comp1, k = 10, bs = 'cr') + s(PLS_Comp2, k = 10, bs = 'cr') + s(PLS_Comp3, k = 10, bs = 'cr') + s(PLS_Comp4, k = 10, bs = 'cr') + s(lat, lon, bs = 'sos', k = 20) + s(year, bs = 'cr', k = 8) + s(Region, bs = 're') + climate_zone",7.54932209234548,42,FALSE
"C","Model C (TMP, PREC, HUM, WET)","CRPA","CR-Pa",8,2,3,1,1,-219.341274708907,-84.9368858210478,84.2040460351554,-90.7025614293639,NA,1.56670188568001,447,44,"logit_R ~ s(TMP_scaled_lag, k = 10, bs = 'cr') + s(PREC_scaled_lag, k = 10, bs = 'cr') + s(HUM_scaled_lag, k = 10, bs = 'cr') + s(WET_scaled_lag, k = 10, bs = 'cr') + s(PLS_Comp1, k = 10, bs = 'cr') + s(PLS_Comp2, k = 10, bs = 'cr') + s(PLS_Comp3, k = 10, bs = 'cr') + s(PLS_Comp4, k = 10, bs = 'cr') + s(lat, lon, bs = 'sos', k = 20) + s(year, bs = 'cr', k = 8) + s(Region, bs = 're') + climate_zone",7.54941035982952,43,FALSE
"C","Model C (TMP, PREC, HUM, WET)","CRPA","CR-Pa",63,3,3,1,3,-219.31938872017,-84.9167377490175,84.2032426747629,-90.7011334891204,NA,4.9257351489953,447,44,"logit_R ~ s(TMP_scaled_lag, k = 10, bs = 'cr') + s(PREC_scaled_lag, k = 10, bs = 'cr') + s(HUM_scaled_lag, k = 10, bs = 'cr') + s(WET_scaled_lag, k = 10, bs = 'cr') + s(PLS_Comp1, k = 10, bs = 'cr') + s(PLS_Comp2, k = 10, bs = 'cr') + s(PLS_Comp3, k = 10, bs = 'cr') + s(PLS_Comp4, k = 10, bs = 'cr') + s(lat, lon, bs = 'sos', k = 20) + s(year, bs = 'cr', k = 8) + s(Region, bs = 're') + climate_zone",7.57129634856642,44,FALSE
"C","Model C (TMP, PREC, HUM, WET)","CRPA","CR-Pa",72,3,3,2,3,-219.31938204866,-84.9167418031114,84.203242254214,-90.7011318288827,NA,4.94470442015272,447,44,"logit_R ~ s(TMP_scaled_lag, k = 10, bs = 'cr') + s(PREC_scaled_lag, k = 10, bs = 'cr') + s(HUM_scaled_lag, k = 10, bs = 'cr') + s(WET_scaled_lag, k = 10, bs = 'cr') + s(PLS_Comp1, k = 10, bs = 'cr') + s(PLS_Comp2, k = 10, bs = 'cr') + s(PLS_Comp3, k = 10, bs = 'cr') + s(PLS_Comp4, k = 10, bs = 'cr') + s(lat, lon, bs = 'sos', k = 20) + s(year, bs = 'cr', k = 8) + s(Region, bs = 're') + climate_zone",7.5713030200767,45,FALSE
"C","Model C (TMP, PREC, HUM, WET)","CRPA","CR-Pa",18,3,3,2,1,-219.319367550902,-84.9166268244523,84.2032434729585,-90.7011327001729,NA,1.06494018108352,447,44,"logit_R ~ s(TMP_scaled_lag, k = 10, bs = 'cr') + s(PREC_scaled_lag, k = 10, bs = 'cr') + s(HUM_scaled_lag, k = 10, bs = 'cr') + s(WET_scaled_lag, k = 10, bs = 'cr') + s(PLS_Comp1, k = 10, bs = 'cr') + s(PLS_Comp2, k = 10, bs = 'cr') + s(PLS_Comp3, k = 10, bs = 'cr') + s(PLS_Comp4, k = 10, bs = 'cr') + s(lat, lon, bs = 'sos', k = 20) + s(year, bs = 'cr', k = 8) + s(Region, bs = 're') + climate_zone",7.57131751783407,46,FALSE
"C","Model C (TMP, PREC, HUM, WET)","CRPA","CR-Pa",9,3,3,1,1,-219.319220436877,-84.9158332025452,84.2032494120781,-90.7011311353064,NA,1.4888121209551,447,44,"logit_R ~ s(TMP_scaled_lag, k = 10, bs = 'cr') + s(PREC_scaled_lag, k = 10, bs = 'cr') + s(HUM_scaled_lag, k = 10, bs = 'cr') + s(WET_scaled_lag, k = 10, bs = 'cr') + s(PLS_Comp1, k = 10, bs = 'cr') + s(PLS_Comp2, k = 10, bs = 'cr') + s(PLS_Comp3, k = 10, bs = 'cr') + s(PLS_Comp4, k = 10, bs = 'cr') + s(lat, lon, bs = 'sos', k = 20) + s(year, bs = 'cr', k = 8) + s(Region, bs = 're') + climate_zone",7.5714646318595,47,FALSE
"C","Model C (TMP, PREC, HUM, WET)","CRPA","CR-Pa",45,3,3,2,2,-219.317469268906,-84.9118597763323,84.203225811799,-90.7009827559691,NA,1.64047239331021,447,44,"logit_R ~ s(TMP_scaled_lag, k = 10, bs = 'cr') + s(PREC_scaled_lag, k = 10, bs = 'cr') + s(HUM_scaled_lag, k = 10, bs = 'cr') + s(WET_scaled_lag, k = 10, bs = 'cr') + s(PLS_Comp1, k = 10, bs = 'cr') + s(PLS_Comp2, k = 10, bs = 'cr') + s(PLS_Comp3, k = 10, bs = 'cr') + s(PLS_Comp4, k = 10, bs = 'cr') + s(lat, lon, bs = 'sos', k = 20) + s(year, bs = 'cr', k = 8) + s(Region, bs = 're') + climate_zone",7.57321579983102,48,FALSE
"C","Model C (TMP, PREC, HUM, WET)","CRPA","CR-Pa",36,3,3,1,2,-219.317350040132,-84.9111982934443,84.2032309402885,-90.7009822029092,NA,1.08637637908219,447,44,"logit_R ~ s(TMP_scaled_lag, k = 10, bs = 'cr') + s(PREC_scaled_lag, k = 10, bs = 'cr') + s(HUM_scaled_lag, k = 10, bs = 'cr') + s(WET_scaled_lag, k = 10, bs = 'cr') + s(PLS_Comp1, k = 10, bs = 'cr') + s(PLS_Comp2, k = 10, bs = 'cr') + s(PLS_Comp3, k = 10, bs = 'cr') + s(PLS_Comp4, k = 10, bs = 'cr') + s(lat, lon, bs = 'sos', k = 20) + s(year, bs = 'cr', k = 8) + s(Region, bs = 're') + climate_zone",7.5733350286049,49,FALSE
"C","Model C (TMP, PREC, HUM, WET)","CRPA","CR-Pa",75,3,1,3,3,-219.295362182592,-88.3094435107608,84.1434170204087,-90.6671029438972,NA,1.57954996749075,447,44,"logit_R ~ s(TMP_scaled_lag, k = 10, bs = 'cr') + s(PREC_scaled_lag, k = 10, bs = 'cr') + s(HUM_scaled_lag, k = 10, bs = 'cr') + s(WET_scaled_lag, k = 10, bs = 'cr') + s(PLS_Comp1, k = 10, bs = 'cr') + s(PLS_Comp2, k = 10, bs = 'cr') + s(PLS_Comp3, k = 10, bs = 'cr') + s(PLS_Comp4, k = 10, bs = 'cr') + s(lat, lon, bs = 'sos', k = 20) + s(year, bs = 'cr', k = 8) + s(Region, bs = 're') + climate_zone",7.59532288614494,50,FALSE
"C","Model C (TMP, PREC, HUM, WET)","CRPA","CR-Pa",44,2,3,2,2,-219.280408029943,-84.965098733499,84.2003601286048,-90.6935180050221,NA,1.5300173840934,447,44,"logit_R ~ s(TMP_scaled_lag, k = 10, bs = 'cr') + s(PREC_scaled_lag, k = 10, bs = 'cr') + s(HUM_scaled_lag, k = 10, bs = 'cr') + s(WET_scaled_lag, k = 10, bs = 'cr') + s(PLS_Comp1, k = 10, bs = 'cr') + s(PLS_Comp2, k = 10, bs = 'cr') + s(PLS_Comp3, k = 10, bs = 'cr') + s(PLS_Comp4, k = 10, bs = 'cr') + s(lat, lon, bs = 'sos', k = 20) + s(year, bs = 'cr', k = 8) + s(Region, bs = 're') + climate_zone",7.61027703879395,51,FALSE
"C","Model C (TMP, PREC, HUM, WET)","CRPA","CR-Pa",35,2,3,1,2,-219.28038952383,-84.9649104260972,84.200362400364,-90.6935222204292,NA,1.08133288560432,447,44,"logit_R ~ s(TMP_scaled_lag, k = 10, bs = 'cr') + s(PREC_scaled_lag, k = 10, bs = 'cr') + s(HUM_scaled_lag, k = 10, bs = 'cr') + s(WET_scaled_lag, k = 10, bs = 'cr') + s(PLS_Comp1, k = 10, bs = 'cr') + s(PLS_Comp2, k = 10, bs = 'cr') + s(PLS_Comp3, k = 10, bs = 'cr') + s(PLS_Comp4, k = 10, bs = 'cr') + s(lat, lon, bs = 'sos', k = 20) + s(year, bs = 'cr', k = 8) + s(Region, bs = 're') + climate_zone",7.61029554490682,52,FALSE
"C","Model C (TMP, PREC, HUM, WET)","CRPA","CR-Pa",65,2,1,2,3,-219.048528538133,-91.256743466169,84.0792946676541,-90.2902942879384,NA,1.09772742422965,447,44,"logit_R ~ s(TMP_scaled_lag, k = 10, bs = 'cr') + s(PREC_scaled_lag, k = 10, bs = 'cr') + s(HUM_scaled_lag, k = 10, bs = 'cr') + s(WET_scaled_lag, k = 10, bs = 'cr') + s(PLS_Comp1, k = 10, bs = 'cr') + s(PLS_Comp2, k = 10, bs = 'cr') + s(PLS_Comp3, k = 10, bs = 'cr') + s(PLS_Comp4, k = 10, bs = 'cr') + s(lat, lon, bs = 'sos', k = 20) + s(year, bs = 'cr', k = 8) + s(Region, bs = 're') + climate_zone",7.84215653060403,53,FALSE
"C","Model C (TMP, PREC, HUM, WET)","CRPA","CR-Pa",21,3,1,3,1,-218.912750798387,-93.2918058052479,84.036709097359,-90.2220895986219,NA,4.63692657110173,447,44,"logit_R ~ s(TMP_scaled_lag, k = 10, bs = 'cr') + s(PREC_scaled_lag, k = 10, bs = 'cr') + s(HUM_scaled_lag, k = 10, bs = 'cr') + s(WET_scaled_lag, k = 10, bs = 'cr') + s(PLS_Comp1, k = 10, bs = 'cr') + s(PLS_Comp2, k = 10, bs = 'cr') + s(PLS_Comp3, k = 10, bs = 'cr') + s(PLS_Comp4, k = 10, bs = 'cr') + s(lat, lon, bs = 'sos', k = 20) + s(year, bs = 'cr', k = 8) + s(Region, bs = 're') + climate_zone",7.97793427034995,54,FALSE
"C","Model C (TMP, PREC, HUM, WET)","CRPA","CR-Pa",3,3,1,1,1,-218.912741487533,-93.2916456133532,84.0367113916356,-90.2220914572191,NA,4.8049207420081,447,44,"logit_R ~ s(TMP_scaled_lag, k = 10, bs = 'cr') + s(PREC_scaled_lag, k = 10, bs = 'cr') + s(HUM_scaled_lag, k = 10, bs = 'cr') + s(WET_scaled_lag, k = 10, bs = 'cr') + s(PLS_Comp1, k = 10, bs = 'cr') + s(PLS_Comp2, k = 10, bs = 'cr') + s(PLS_Comp3, k = 10, bs = 'cr') + s(PLS_Comp4, k = 10, bs = 'cr') + s(lat, lon, bs = 'sos', k = 20) + s(year, bs = 'cr', k = 8) + s(Region, bs = 're') + climate_zone",7.97794358120345,55,FALSE
"C","Model C (TMP, PREC, HUM, WET)","CRPA","CR-Pa",39,3,1,2,2,-218.911290239795,-93.2876088830116,84.0367045769428,-90.222012974315,NA,1.58570116117993,447,44,"logit_R ~ s(TMP_scaled_lag, k = 10, bs = 'cr') + s(PREC_scaled_lag, k = 10, bs = 'cr') + s(HUM_scaled_lag, k = 10, bs = 'cr') + s(WET_scaled_lag, k = 10, bs = 'cr') + s(PLS_Comp1, k = 10, bs = 'cr') + s(PLS_Comp2, k = 10, bs = 'cr') + s(PLS_Comp3, k = 10, bs = 'cr') + s(PLS_Comp4, k = 10, bs = 'cr') + s(lat, lon, bs = 'sos', k = 20) + s(year, bs = 'cr', k = 8) + s(Region, bs = 're') + climate_zone",7.97939482894125,56,FALSE
"C","Model C (TMP, PREC, HUM, WET)","CRPA","CR-Pa",66,3,1,2,3,-218.895697017698,-90.2210309412705,84.0891778776104,-90.3299331944588,NA,1.05994556234011,447,44,"logit_R ~ s(TMP_scaled_lag, k = 10, bs = 'cr') + s(PREC_scaled_lag, k = 10, bs = 'cr') + s(HUM_scaled_lag, k = 10, bs = 'cr') + s(WET_scaled_lag, k = 10, bs = 'cr') + s(PLS_Comp1, k = 10, bs = 'cr') + s(PLS_Comp2, k = 10, bs = 'cr') + s(PLS_Comp3, k = 10, bs = 'cr') + s(PLS_Comp4, k = 10, bs = 'cr') + s(lat, lon, bs = 'sos', k = 20) + s(year, bs = 'cr', k = 8) + s(Region, bs = 're') + climate_zone",7.99498805103826,57,FALSE
"C","Model C (TMP, PREC, HUM, WET)","CRPA","CR-Pa",6,3,2,1,1,-218.888704937345,-82.6780886598951,84.2191621784709,-90.3270127517495,NA,1.58019027133331,447,44,"logit_R ~ s(TMP_scaled_lag, k = 10, bs = 'cr') + s(PREC_scaled_lag, k = 10, bs = 'cr') + s(HUM_scaled_lag, k = 10, bs = 'cr') + s(WET_scaled_lag, k = 10, bs = 'cr') + s(PLS_Comp1, k = 10, bs = 'cr') + s(PLS_Comp2, k = 10, bs = 'cr') + s(PLS_Comp3, k = 10, bs = 'cr') + s(PLS_Comp4, k = 10, bs = 'cr') + s(lat, lon, bs = 'sos', k = 20) + s(year, bs = 'cr', k = 8) + s(Region, bs = 're') + climate_zone",8.00198013139158,58,FALSE
"C","Model C (TMP, PREC, HUM, WET)","CRPA","CR-Pa",33,3,2,1,2,-218.886937977078,-82.6747671465594,84.2191265527612,-90.326915144862,NA,4.73659937113332,447,44,"logit_R ~ s(TMP_scaled_lag, k = 10, bs = 'cr') + s(PREC_scaled_lag, k = 10, bs = 'cr') + s(HUM_scaled_lag, k = 10, bs = 'cr') + s(WET_scaled_lag, k = 10, bs = 'cr') + s(PLS_Comp1, k = 10, bs = 'cr') + s(PLS_Comp2, k = 10, bs = 'cr') + s(PLS_Comp3, k = 10, bs = 'cr') + s(PLS_Comp4, k = 10, bs = 'cr') + s(lat, lon, bs = 'sos', k = 20) + s(year, bs = 'cr', k = 8) + s(Region, bs = 're') + climate_zone",8.00374709165874,59,FALSE
"C","Model C (TMP, PREC, HUM, WET)","CRPA","CR-Pa",60,3,2,1,3,-218.886769243876,-90.0473710745831,84.0917183956139,-90.2953529819843,NA,1.04565785147984,447,44,"logit_R ~ s(TMP_scaled_lag, k = 10, bs = 'cr') + s(PREC_scaled_lag, k = 10, bs = 'cr') + s(HUM_scaled_lag, k = 10, bs = 'cr') + s(WET_scaled_lag, k = 10, bs = 'cr') + s(PLS_Comp1, k = 10, bs = 'cr') + s(PLS_Comp2, k = 10, bs = 'cr') + s(PLS_Comp3, k = 10, bs = 'cr') + s(PLS_Comp4, k = 10, bs = 'cr') + s(lat, lon, bs = 'sos', k = 20) + s(year, bs = 'cr', k = 8) + s(Region, bs = 're') + climate_zone",8.00391582486046,60,FALSE
"C","Model C (TMP, PREC, HUM, WET)","CRPA","CR-Pa",64,1,1,2,3,-218.84456222365,-88.7914506519119,84.1112617896741,-90.33144731065,NA,1.10241345356029,447,44,"logit_R ~ s(TMP_scaled_lag, k = 10, bs = 'cr') + s(PREC_scaled_lag, k = 10, bs = 'cr') + s(HUM_scaled_lag, k = 10, bs = 'cr') + s(WET_scaled_lag, k = 10, bs = 'cr') + s(PLS_Comp1, k = 10, bs = 'cr') + s(PLS_Comp2, k = 10, bs = 'cr') + s(PLS_Comp3, k = 10, bs = 'cr') + s(PLS_Comp4, k = 10, bs = 'cr') + s(lat, lon, bs = 'sos', k = 20) + s(year, bs = 'cr', k = 8) + s(Region, bs = 're') + climate_zone",8.04612284508613,61,FALSE
"C","Model C (TMP, PREC, HUM, WET)","CRPA","CR-Pa",55,1,1,1,3,-218.844421459918,-88.790403567497,84.1112724912225,-90.3314641338473,NA,1.48542643858289,447,44,"logit_R ~ s(TMP_scaled_lag, k = 10, bs = 'cr') + s(PREC_scaled_lag, k = 10, bs = 'cr') + s(HUM_scaled_lag, k = 10, bs = 'cr') + s(WET_scaled_lag, k = 10, bs = 'cr') + s(PLS_Comp1, k = 10, bs = 'cr') + s(PLS_Comp2, k = 10, bs = 'cr') + s(PLS_Comp3, k = 10, bs = 'cr') + s(PLS_Comp4, k = 10, bs = 'cr') + s(lat, lon, bs = 'sos', k = 20) + s(year, bs = 'cr', k = 8) + s(Region, bs = 're') + climate_zone",8.04626360881807,62,FALSE
"C","Model C (TMP, PREC, HUM, WET)","CRPA","CR-Pa",15,3,2,2,1,-218.838672414127,-90.9623688696322,84.0732866445904,-90.2533629820312,NA,1.53934478837014,447,44,"logit_R ~ s(TMP_scaled_lag, k = 10, bs = 'cr') + s(PREC_scaled_lag, k = 10, bs = 'cr') + s(HUM_scaled_lag, k = 10, bs = 'cr') + s(WET_scaled_lag, k = 10, bs = 'cr') + s(PLS_Comp1, k = 10, bs = 'cr') + s(PLS_Comp2, k = 10, bs = 'cr') + s(PLS_Comp3, k = 10, bs = 'cr') + s(PLS_Comp4, k = 10, bs = 'cr') + s(lat, lon, bs = 'sos', k = 20) + s(year, bs = 'cr', k = 8) + s(Region, bs = 're') + climate_zone",8.05201265460971,63,FALSE
"C","Model C (TMP, PREC, HUM, WET)","CRPA","CR-Pa",42,3,2,2,2,-218.837242799834,-90.9594450359865,84.073261661316,-90.2532944670858,NA,4.97240440778741,447,44,"logit_R ~ s(TMP_scaled_lag, k = 10, bs = 'cr') + s(PREC_scaled_lag, k = 10, bs = 'cr') + s(HUM_scaled_lag, k = 10, bs = 'cr') + s(WET_scaled_lag, k = 10, bs = 'cr') + s(PLS_Comp1, k = 10, bs = 'cr') + s(PLS_Comp2, k = 10, bs = 'cr') + s(PLS_Comp3, k = 10, bs = 'cr') + s(PLS_Comp4, k = 10, bs = 'cr') + s(lat, lon, bs = 'sos', k = 20) + s(year, bs = 'cr', k = 8) + s(Region, bs = 're') + climate_zone",8.05344226890304,64,FALSE
"C","Model C (TMP, PREC, HUM, WET)","CRPA","CR-Pa",12,3,1,2,1,-218.778724185457,-92.4522687577515,84.0442036626902,-90.2240712082811,NA,4.66532688148125,447,44,"logit_R ~ s(TMP_scaled_lag, k = 10, bs = 'cr') + s(PREC_scaled_lag, k = 10, bs = 'cr') + s(HUM_scaled_lag, k = 10, bs = 'cr') + s(WET_scaled_lag, k = 10, bs = 'cr') + s(PLS_Comp1, k = 10, bs = 'cr') + s(PLS_Comp2, k = 10, bs = 'cr') + s(PLS_Comp3, k = 10, bs = 'cr') + s(PLS_Comp4, k = 10, bs = 'cr') + s(lat, lon, bs = 'sos', k = 20) + s(year, bs = 'cr', k = 8) + s(Region, bs = 're') + climate_zone",8.11196088327961,65,FALSE
"C","Model C (TMP, PREC, HUM, WET)","CRPA","CR-Pa",68,2,2,2,3,-218.767349729328,-88.7300350451726,84.1082432296622,-90.3400694321833,NA,1.47859182178075,447,44,"logit_R ~ s(TMP_scaled_lag, k = 10, bs = 'cr') + s(PREC_scaled_lag, k = 10, bs = 'cr') + s(HUM_scaled_lag, k = 10, bs = 'cr') + s(WET_scaled_lag, k = 10, bs = 'cr') + s(PLS_Comp1, k = 10, bs = 'cr') + s(PLS_Comp2, k = 10, bs = 'cr') + s(PLS_Comp3, k = 10, bs = 'cr') + s(PLS_Comp4, k = 10, bs = 'cr') + s(lat, lon, bs = 'sos', k = 20) + s(year, bs = 'cr', k = 8) + s(Region, bs = 're') + climate_zone",8.12333533940833,66,FALSE
"C","Model C (TMP, PREC, HUM, WET)","CRPA","CR-Pa",56,2,1,1,3,-218.760237164355,-88.9959625736003,84.1032573497388,-90.3337309496416,NA,1.50912222423485,447,44,"logit_R ~ s(TMP_scaled_lag, k = 10, bs = 'cr') + s(PREC_scaled_lag, k = 10, bs = 'cr') + s(HUM_scaled_lag, k = 10, bs = 'cr') + s(WET_scaled_lag, k = 10, bs = 'cr') + s(PLS_Comp1, k = 10, bs = 'cr') + s(PLS_Comp2, k = 10, bs = 'cr') + s(PLS_Comp3, k = 10, bs = 'cr') + s(PLS_Comp4, k = 10, bs = 'cr') + s(lat, lon, bs = 'sos', k = 20) + s(year, bs = 'cr', k = 8) + s(Region, bs = 're') + climate_zone",8.13044790438198,67,FALSE
"C","Model C (TMP, PREC, HUM, WET)","CRPA","CR-Pa",69,3,2,2,3,-218.734443802121,-88.8727268501449,84.1040294024451,-90.2977555574194,NA,1.5183095491932,447,44,"logit_R ~ s(TMP_scaled_lag, k = 10, bs = 'cr') + s(PREC_scaled_lag, k = 10, bs = 'cr') + s(HUM_scaled_lag, k = 10, bs = 'cr') + s(WET_scaled_lag, k = 10, bs = 'cr') + s(PLS_Comp1, k = 10, bs = 'cr') + s(PLS_Comp2, k = 10, bs = 'cr') + s(PLS_Comp3, k = 10, bs = 'cr') + s(PLS_Comp4, k = 10, bs = 'cr') + s(lat, lon, bs = 'sos', k = 20) + s(year, bs = 'cr', k = 8) + s(Region, bs = 're') + climate_zone",8.1562412666153,68,FALSE
"C","Model C (TMP, PREC, HUM, WET)","CRPA","CR-Pa",67,1,2,2,3,-218.638354908761,-86.6512446053563,84.1374235292551,-90.3435555169614,NA,1.4349909504819,447,44,"logit_R ~ s(TMP_scaled_lag, k = 10, bs = 'cr') + s(PREC_scaled_lag, k = 10, bs = 'cr') + s(HUM_scaled_lag, k = 10, bs = 'cr') + s(WET_scaled_lag, k = 10, bs = 'cr') + s(PLS_Comp1, k = 10, bs = 'cr') + s(PLS_Comp2, k = 10, bs = 'cr') + s(PLS_Comp3, k = 10, bs = 'cr') + s(PLS_Comp4, k = 10, bs = 'cr') + s(lat, lon, bs = 'sos', k = 20) + s(year, bs = 'cr', k = 8) + s(Region, bs = 're') + climate_zone",8.25233015997514,69,FALSE
"C","Model C (TMP, PREC, HUM, WET)","CRPA","CR-Pa",30,3,1,1,2,-218.478910209433,-86.7861827622709,84.1266689429091,-90.2512627637029,NA,1.49087571041187,447,44,"logit_R ~ s(TMP_scaled_lag, k = 10, bs = 'cr') + s(PREC_scaled_lag, k = 10, bs = 'cr') + s(HUM_scaled_lag, k = 10, bs = 'cr') + s(WET_scaled_lag, k = 10, bs = 'cr') + s(PLS_Comp1, k = 10, bs = 'cr') + s(PLS_Comp2, k = 10, bs = 'cr') + s(PLS_Comp3, k = 10, bs = 'cr') + s(PLS_Comp4, k = 10, bs = 'cr') + s(lat, lon, bs = 'sos', k = 20) + s(year, bs = 'cr', k = 8) + s(Region, bs = 're') + climate_zone",8.41177485930379,70,FALSE
"C","Model C (TMP, PREC, HUM, WET)","CRPA","CR-Pa",57,3,1,1,3,-218.389567728045,-86.5971325476862,84.1252223479296,-90.3301252196581,NA,1.45225831036399,447,44,"logit_R ~ s(TMP_scaled_lag, k = 10, bs = 'cr') + s(PREC_scaled_lag, k = 10, bs = 'cr') + s(HUM_scaled_lag, k = 10, bs = 'cr') + s(WET_scaled_lag, k = 10, bs = 'cr') + s(PLS_Comp1, k = 10, bs = 'cr') + s(PLS_Comp2, k = 10, bs = 'cr') + s(PLS_Comp3, k = 10, bs = 'cr') + s(PLS_Comp4, k = 10, bs = 'cr') + s(lat, lon, bs = 'sos', k = 20) + s(year, bs = 'cr', k = 8) + s(Region, bs = 're') + climate_zone",8.50111734069122,71,FALSE
"C","Model C (TMP, PREC, HUM, WET)","CRPA","CR-Pa",59,2,2,1,3,-218.218252086327,-79.7505398388731,84.2343314211755,-90.3692924396792,NA,1.0534104259221,447,44,"logit_R ~ s(TMP_scaled_lag, k = 10, bs = 'cr') + s(PREC_scaled_lag, k = 10, bs = 'cr') + s(HUM_scaled_lag, k = 10, bs = 'cr') + s(WET_scaled_lag, k = 10, bs = 'cr') + s(PLS_Comp1, k = 10, bs = 'cr') + s(PLS_Comp2, k = 10, bs = 'cr') + s(PLS_Comp3, k = 10, bs = 'cr') + s(PLS_Comp4, k = 10, bs = 'cr') + s(lat, lon, bs = 'sos', k = 20) + s(year, bs = 'cr', k = 8) + s(Region, bs = 're') + climate_zone",8.67243298240987,72,FALSE
"C","Model C (TMP, PREC, HUM, WET)","CRPA","CR-Pa",58,1,2,1,3,-218.162754835698,-79.6323883228063,84.233451296494,-90.3598183116263,NA,1.10550837813277,447,44,"logit_R ~ s(TMP_scaled_lag, k = 10, bs = 'cr') + s(PREC_scaled_lag, k = 10, bs = 'cr') + s(HUM_scaled_lag, k = 10, bs = 'cr') + s(WET_scaled_lag, k = 10, bs = 'cr') + s(PLS_Comp1, k = 10, bs = 'cr') + s(PLS_Comp2, k = 10, bs = 'cr') + s(PLS_Comp3, k = 10, bs = 'cr') + s(PLS_Comp4, k = 10, bs = 'cr') + s(lat, lon, bs = 'sos', k = 20) + s(year, bs = 'cr', k = 8) + s(Region, bs = 're') + climate_zone",8.72793023303819,73,FALSE
"C","Model C (TMP, PREC, HUM, WET)","CRPA","CR-Pa",1,1,1,1,1,-215.193365764089,-36.2451356723333,83.3226536869448,-76.6905181489899,NA,4.82722405395837,543,49,"logit_R ~ s(TMP_scaled_lag, k = 10, bs = 'cr') + s(PREC_scaled_lag, k = 10, bs = 'cr') + s(HUM_scaled_lag, k = 10, bs = 'cr') + s(WET_scaled_lag, k = 10, bs = 'cr') + s(PLS_Comp1, k = 10, bs = 'cr') + s(PLS_Comp2, k = 10, bs = 'cr') + s(PLS_Comp3, k = 10, bs = 'cr') + s(PLS_Comp4, k = 10, bs = 'cr') + s(lat, lon, bs = 'sos', k = 20) + s(year, bs = 'cr', k = 8) + s(Region, bs = 're') + climate_zone",11.6973193046473,74,FALSE
"C","Model C (TMP, PREC, HUM, WET)","CRPA","CR-Pa",40,1,2,2,2,-215.073031400324,-79.121499280521,83.1948329645587,-86.4139745176623,NA,4.9308359698979,494,47,"logit_R ~ s(TMP_scaled_lag, k = 10, bs = 'cr') + s(PREC_scaled_lag, k = 10, bs = 'cr') + s(HUM_scaled_lag, k = 10, bs = 'cr') + s(WET_scaled_lag, k = 10, bs = 'cr') + s(PLS_Comp1, k = 10, bs = 'cr') + s(PLS_Comp2, k = 10, bs = 'cr') + s(PLS_Comp3, k = 10, bs = 'cr') + s(PLS_Comp4, k = 10, bs = 'cr') + s(lat, lon, bs = 'sos', k = 20) + s(year, bs = 'cr', k = 8) + s(Region, bs = 're') + climate_zone",11.8176536684124,75,FALSE
"C","Model C (TMP, PREC, HUM, WET)","CRPA","CR-Pa",31,1,2,1,2,-215.072988066346,-79.1213151753906,83.1948337694193,-86.4139707906092,NA,4.79206165445148,494,47,"logit_R ~ s(TMP_scaled_lag, k = 10, bs = 'cr') + s(PREC_scaled_lag, k = 10, bs = 'cr') + s(HUM_scaled_lag, k = 10, bs = 'cr') + s(WET_scaled_lag, k = 10, bs = 'cr') + s(PLS_Comp1, k = 10, bs = 'cr') + s(PLS_Comp2, k = 10, bs = 'cr') + s(PLS_Comp3, k = 10, bs = 'cr') + s(PLS_Comp4, k = 10, bs = 'cr') + s(lat, lon, bs = 'sos', k = 20) + s(year, bs = 'cr', k = 8) + s(Region, bs = 're') + climate_zone",11.8176970023907,76,FALSE
"C","Model C (TMP, PREC, HUM, WET)","CRPA","CR-Pa",4,1,2,1,1,-214.906788034492,-75.4109605297453,83.2464785926414,-86.4122618712712,NA,1.53007788407839,494,47,"logit_R ~ s(TMP_scaled_lag, k = 10, bs = 'cr') + s(PREC_scaled_lag, k = 10, bs = 'cr') + s(HUM_scaled_lag, k = 10, bs = 'cr') + s(WET_scaled_lag, k = 10, bs = 'cr') + s(PLS_Comp1, k = 10, bs = 'cr') + s(PLS_Comp2, k = 10, bs = 'cr') + s(PLS_Comp3, k = 10, bs = 'cr') + s(PLS_Comp4, k = 10, bs = 'cr') + s(lat, lon, bs = 'sos', k = 20) + s(year, bs = 'cr', k = 8) + s(Region, bs = 're') + climate_zone",11.9838970342444,77,FALSE
"C","Model C (TMP, PREC, HUM, WET)","CRPA","CR-Pa",13,1,2,2,1,-214.701187874518,-74.1070482494312,83.2572289380234,-86.4743104614205,NA,1.47259730314828,494,47,"logit_R ~ s(TMP_scaled_lag, k = 10, bs = 'cr') + s(PREC_scaled_lag, k = 10, bs = 'cr') + s(HUM_scaled_lag, k = 10, bs = 'cr') + s(WET_scaled_lag, k = 10, bs = 'cr') + s(PLS_Comp1, k = 10, bs = 'cr') + s(PLS_Comp2, k = 10, bs = 'cr') + s(PLS_Comp3, k = 10, bs = 'cr') + s(PLS_Comp4, k = 10, bs = 'cr') + s(lat, lon, bs = 'sos', k = 20) + s(year, bs = 'cr', k = 8) + s(Region, bs = 're') + climate_zone",12.1894971942186,78,FALSE
"C","Model C (TMP, PREC, HUM, WET)","CRPA","CR-Pa",28,1,1,1,2,-214.690795962895,-70.7288227204085,83.3111110768582,-86.517990339607,NA,1.47991104506965,494,47,"logit_R ~ s(TMP_scaled_lag, k = 10, bs = 'cr') + s(PREC_scaled_lag, k = 10, bs = 'cr') + s(HUM_scaled_lag, k = 10, bs = 'cr') + s(WET_scaled_lag, k = 10, bs = 'cr') + s(PLS_Comp1, k = 10, bs = 'cr') + s(PLS_Comp2, k = 10, bs = 'cr') + s(PLS_Comp3, k = 10, bs = 'cr') + s(PLS_Comp4, k = 10, bs = 'cr') + s(lat, lon, bs = 'sos', k = 20) + s(year, bs = 'cr', k = 8) + s(Region, bs = 're') + climate_zone",12.1998891058415,79,FALSE
"C","Model C (TMP, PREC, HUM, WET)","CRPA","CR-Pa",10,1,1,2,1,-214.690759151704,-70.728736699114,83.3111106244357,-86.5179954539707,NA,4.60203878272644,494,47,"logit_R ~ s(TMP_scaled_lag, k = 10, bs = 'cr') + s(PREC_scaled_lag, k = 10, bs = 'cr') + s(HUM_scaled_lag, k = 10, bs = 'cr') + s(WET_scaled_lag, k = 10, bs = 'cr') + s(PLS_Comp1, k = 10, bs = 'cr') + s(PLS_Comp2, k = 10, bs = 'cr') + s(PLS_Comp3, k = 10, bs = 'cr') + s(PLS_Comp4, k = 10, bs = 'cr') + s(lat, lon, bs = 'sos', k = 20) + s(year, bs = 'cr', k = 8) + s(Region, bs = 're') + climate_zone",12.1999259170323,80,FALSE
"C","Model C (TMP, PREC, HUM, WET)","CRPA","CR-Pa",37,1,1,2,2,-214.690753361455,-70.7282335344024,83.3111184253693,-86.5179914567614,NA,1.47913204077896,494,47,"logit_R ~ s(TMP_scaled_lag, k = 10, bs = 'cr') + s(PREC_scaled_lag, k = 10, bs = 'cr') + s(HUM_scaled_lag, k = 10, bs = 'cr') + s(WET_scaled_lag, k = 10, bs = 'cr') + s(PLS_Comp1, k = 10, bs = 'cr') + s(PLS_Comp2, k = 10, bs = 'cr') + s(PLS_Comp3, k = 10, bs = 'cr') + s(PLS_Comp4, k = 10, bs = 'cr') + s(lat, lon, bs = 'sos', k = 20) + s(year, bs = 'cr', k = 8) + s(Region, bs = 're') + climate_zone",12.1999317072818,81,FALSE
