"Bacteria","Model","Climate_Variable","x_value","Density","Scaled_Density"
"3GCR-Ec","Model B","Temperature",-6.54658904421483,5.48984014547878e-06,2.30017536154302e-05
"3GCR-Ec","Model B","Temperature",-6.47086853914941,6.57445369685561e-06,2.75461507227435e-05
"3GCR-Ec","Model B","Temperature",-6.39514803408399,7.83079462088043e-06,3.28100643569502e-05
"3GCR-Ec","Model B","Temperature",-6.31942752901857,9.35157127975563e-06,3.91819311298567e-05
"3GCR-Ec","Model B","Temperature",-6.24370702395315,1.1119284610065e-05,4.65884321224172e-05
"3GCR-Ec","Model B","Temperature",-6.16798651888773,1.31522145442468e-05,5.5106157998642e-05
"3GCR-Ec","Model B","Temperature",-6.09226601382231,1.54778532686141e-05,6.48502976309144e-05
"3GCR-Ec","Model B","Temperature",-6.01654550875689,1.81269227015903e-05,7.59495720711128e-05
"3GCR-Ec","Model B","Temperature",-5.94082500369147,2.1273219569939e-05,8.91321681848368e-05
"3GCR-Ec","Model B","Temperature",-5.86510449862605,2.48420920911976e-05,0.000104085304204011
"3GCR-Ec","Model B","Temperature",-5.78938399356063,2.88702544311731e-05,0.000120962807958538
"3GCR-Ec","Model B","Temperature",-5.71366348849521,3.33954127630276e-05,0.000139922663666878
"3GCR-Ec","Model B","Temperature",-5.63794298342979,3.84860069790044e-05,0.000161251626042671
"3GCR-Ec","Model B","Temperature",-5.56222247836437,4.43570507575916e-05,0.000185850575899468
"3GCR-Ec","Model B","Temperature",-5.48650197329895,5.08897572023687e-05,0.000213221810781134
"3GCR-Ec","Model B","Temperature",-5.41078146823353,5.81261051629851e-05,0.000243541216894024
"3GCR-Ec","Model B","Temperature",-5.33506096316811,6.61079236748782e-05,0.000276984052741411
"3GCR-Ec","Model B","Temperature",-5.25934045810269,7.49570372747763e-05,0.00031406074811795
"3GCR-Ec","Model B","Temperature",-5.18361995303727,8.4878075435489e-05,0.000355628675295197
"3GCR-Ec","Model B","Temperature",-5.10789944797185,9.57059519063955e-05,0.000400996143229072
"3GCR-Ec","Model B","Temperature",-5.03217894290643,0.000107475135209836,0.000450307570780112
"3GCR-Ec","Model B","Temperature",-4.95645843784101,0.000120217978494049,0.000503698513652085
"3GCR-Ec","Model B","Temperature",-4.88073793277559,0.000134108818961893,0.000561899423238812
"3GCR-Ec","Model B","Temperature",-4.80501742771017,0.000149262803140653,0.000625392749298409
"3GCR-Ec","Model B","Temperature",-4.72929692264475,0.00016548086472947,0.000693344428564163
"3GCR-Ec","Model B","Temperature",-4.65357641757933,0.000182771444923145,0.00076578982860196
"3GCR-Ec","Model B","Temperature",-4.57785591251391,0.000201138620390645,0.000842746030152335
"3GCR-Ec","Model B","Temperature",-4.50213540744849,0.00022077358483123,0.000925014111251566
"3GCR-Ec","Model B","Temperature",-4.42641490238307,0.000241633367791397,0.00101241403099536
"3GCR-Ec","Model B","Temperature",-4.35069439731765,0.000263511129535376,0.00110407915638276
"3GCR-Ec","Model B","Temperature",-4.27497389225223,0.000286371970086783,0.00119986326081395
"3GCR-Ec","Model B","Temperature",-4.19925338718681,0.000310175155272183,0.00129959567312252
"3GCR-Ec","Model B","Temperature",-4.12353288212139,0.000335049691541991,0.00140381691443634
"3GCR-Ec","Model B","Temperature",-4.04781237705597,0.0003607941243886,0.00151168291519674
"3GCR-Ec","Model B","Temperature",-3.97209187199055,0.000387223640496914,0.00162241933039075
"3GCR-Ec","Model B","Temperature",-3.89637136692513,0.000414254302101321,0.00173567447112535
"3GCR-Ec","Model B","Temperature",-3.82065086185971,0.000441796827589836,0.0018510742584498
"3GCR-Ec","Model B","Temperature",-3.74493035679429,0.000469812337023382,0.00196845579021114
"3GCR-Ec","Model B","Temperature",-3.66920985172887,0.000498050617572568,0.00208677070549163
"3GCR-Ec","Model B","Temperature",-3.59348934666345,0.000526366887828816,0.00220541238803289
"3GCR-Ec","Model B","Temperature",-3.51776884159803,0.000554643084158531,0.00232388616576088
"3GCR-Ec","Model B","Temperature",-3.44204833653261,0.000582758939434629,0.00244168813423541
"3GCR-Ec","Model B","Temperature",-3.36632783146719,0.000610424965293347,0.00255760537289024
"3GCR-Ec","Model B","Temperature",-3.29060732640177,0.000637544378707809,0.00267123237277077
"3GCR-Ec","Model B","Temperature",-3.21488682133635,0.0006640106136525,0.0027821226353638
"3GCR-Ec","Model B","Temperature",-3.13916631627093,0.00068970940634259,0.00288979740949329
"3GCR-Ec","Model B","Temperature",-3.06344581120551,0.000714518311484518,0.00299374366446998
"3GCR-Ec","Model B","Temperature",-2.98772530614009,0.000737946430347655,0.00309190459511324
"3GCR-Ec","Model B","Temperature",-2.91200480107466,0.00076021334853865,0.00318520023805213
"3GCR-Ec","Model B","Temperature",-2.83628429600925,0.000781253042488152,0.00327335396266815
"3GCR-Ec","Model B","Temperature",-2.76056379094382,0.00080101011600257,0.00335613366573744
"3GCR-Ec","Model B","Temperature",-2.6848432858784,0.000819364491071637,0.00343303623519596
"3GCR-Ec","Model B","Temperature",-2.60912278081298,0.000835969643411454,0.0035026097770015
"3GCR-Ec","Model B","Temperature",-2.53340227574756,0.000851243502617181,0.00356660536465012
"3GCR-Ec","Model B","Temperature",-2.45768177068214,0.000865233033060256,0.00362521977307003
"3GCR-Ec","Model B","Temperature",-2.38196126561672,0.000878002838730545,0.00367872368501669
"3GCR-Ec","Model B","Temperature",-2.3062407605513,0.000889543451477752,0.00372707743010724
"3GCR-Ec","Model B","Temperature",-2.23052025548588,0.000899938750393706,0.00377063245139879
"3GCR-Ec","Model B","Temperature",-2.15479975042046,0.000909659802154555,0.00381136246020788
"3GCR-Ec","Model B","Temperature",-2.07907924535504,0.00091892399618531,0.00385017829143322
"3GCR-Ec","Model B","Temperature",-2.00335874028962,0.000927972378939684,0.00388808990000813
"3GCR-Ec","Model B","Temperature",-1.9276382352242,0.000937160173383958,0.00392658562638196
"3GCR-Ec","Model B","Temperature",-1.85191773015878,0.000947106311411346,0.00396825871890715
"3GCR-Ec","Model B","Temperature",-1.77619722509336,0.0009581920134923,0.00401470644437146
"3GCR-Ec","Model B","Temperature",-1.70047672002794,0.00097085179128549,0.00406774935307343
"3GCR-Ec","Model B","Temperature",-1.62475621496252,0.000985548353099714,0.00412932613580055
"3GCR-Ec","Model B","Temperature",-1.5490357098971,0.00100344472601841,0.00420430973269539
"3GCR-Ec","Model B","Temperature",-1.47331520483168,0.00102548280145886,0.00429664655271317
"3GCR-Ec","Model B","Temperature",-1.39759469976626,0.00105188509126221,0.0044072688930449
"3GCR-Ec","Model B","Temperature",-1.32187419470084,0.00108333549696358,0.0045390422168354
"3GCR-Ec","Model B","Temperature",-1.24615368963542,0.0011205486967645,0.00469496093766872
"3GCR-Ec","Model B","Temperature",-1.17043318457,0.00116615090297617,0.00488602856146185
"3GCR-Ec","Model B","Temperature",-1.09471267950458,0.00122077657381139,0.00511490338993281
"3GCR-Ec","Model B","Temperature",-1.01899217443916,0.00128455222254855,0.00538211549812589
"3GCR-Ec","Model B","Temperature",-0.943271669373743,0.00135842077006667,0.00569161560831413
"3GCR-Ec","Model B","Temperature",-0.867551164308323,0.00144335479401268,0.00604747870097302
"3GCR-Ec","Model B","Temperature",-0.791830659242903,0.00154428555712782,0.00647036615923604
"3GCR-Ec","Model B","Temperature",-0.716110154177483,0.00166042230795354,0.00695696483194781
"3GCR-Ec","Model B","Temperature",-0.640389649112064,0.00179201436601133,0.00750831933717609
"3GCR-Ec","Model B","Temperature",-0.564669144046643,0.00194022470123444,0.00812930237561115
"3GCR-Ec","Model B","Temperature",-0.488948638981223,0.00210623672387676,0.00882487229036772
"3GCR-Ec","Model B","Temperature",-0.413228133915803,0.0022981648015694,0.00962902728176671
"3GCR-Ec","Model B","Temperature",-0.337507628850383,0.00251219577695194,0.0105257906904197
"3GCR-Ec","Model B","Temperature",-0.261787123784963,0.00274904769314213,0.0115181710284949
"3GCR-Ec","Model B","Temperature",-0.186066618719543,0.00300996441077263,0.0126113799187439
"3GCR-Ec","Model B","Temperature",-0.110346113654122,0.00329665374312286,0.0138125728883285
"3GCR-Ec","Model B","Temperature",-0.0346256085887022,0.00361953203732374,0.0151653931479667
"3GCR-Ec","Model B","Temperature",0.041094896476717,0.00397134346370748,0.0166394396655937
"3GCR-Ec","Model B","Temperature",0.116815401542137,0.00435316424328241,0.0182392216745958
"3GCR-Ec","Model B","Temperature",0.192535906607557,0.00476601960598939,0.0199690347620708
"3GCR-Ec","Model B","Temperature",0.268256411672978,0.00521293560053799,0.0218415576991672
"3GCR-Ec","Model B","Temperature",0.343976916738398,0.00570275406483348,0.0238938366969978
"3GCR-Ec","Model B","Temperature",0.419697421803818,0.00622684004293004,0.0260896923543628
"3GCR-Ec","Model B","Temperature",0.495417926869238,0.00678563994155937,0.0284309950604506
"3GCR-Ec","Model B","Temperature",0.571138431934658,0.00737948651390966,0.0309191390101098
"3GCR-Ec","Model B","Temperature",0.646858937000078,0.00801230987517633,0.0335705909016429
"3GCR-Ec","Model B","Temperature",0.722579442065499,0.00868871180324567,0.0364046316172485
"3GCR-Ec","Model B","Temperature",0.798299947130918,0.00939959486555426,0.0393831440356968
"3GCR-Ec","Model B","Temperature",0.874020452196338,0.0101442284109645,0.0425030668187703
"3GCR-Ec","Model B","Temperature",0.949740957261758,0.010921708857228,0.0457606140682098
"3GCR-Ec","Model B","Temperature",1.02546146232718,0.0117353100578888,0.04916950282688
"3GCR-Ec","Model B","Temperature",1.1011819673926,0.0125836575927606,0.0527239744435897
"3GCR-Ec","Model B","Temperature",1.17690247245802,0.013458417463531,0.0563891104925323
"3GCR-Ec","Model B","Temperature",1.25262297752344,0.0143572801902062,0.0601552345371651
"3GCR-Ec","Model B","Temperature",1.32834348258886,0.0152777412955946,0.0640118531267184
"3GCR-Ec","Model B","Temperature",1.40406398765428,0.0162196212630894,0.067958214108735
"3GCR-Ec","Model B","Temperature",1.4797844927197,0.0171764904167349,0.0719673779333837
"3GCR-Ec","Model B","Temperature",1.55550499778512,0.0181419043386942,0.0760123432841693
"3GCR-Ec","Model B","Temperature",1.63122550285054,0.0191120304707972,0.0800770522147017
"3GCR-Ec","Model B","Temperature",1.70694600791596,0.0200828884355163,0.0841448274337013
"3GCR-Ec","Model B","Temperature",1.78266651298138,0.0210475183313353,0.0881865078115864
"3GCR-Ec","Model B","Temperature",1.8583870180468,0.0219990102179337,0.0921731415500279
"3GCR-Ec","Model B","Temperature",1.93410752311222,0.0229332975614908,0.0960876903734965
"3GCR-Ec","Model B","Temperature",2.00982802817764,0.0238457437182188,0.0999107273159635
"3GCR-Ec","Model B","Temperature",2.08554853324306,0.0247316881679775,0.103622725372426
"3GCR-Ec","Model B","Temperature",2.16126903830848,0.0255750952640976,0.10715649715965
"3GCR-Ec","Model B","Temperature",2.2369895433739,0.0263757698800826,0.110511225121662
"3GCR-Ec","Model B","Temperature",2.31271004843932,0.0271315746330719,0.113677953887699
"3GCR-Ec","Model B","Temperature",2.38843055350474,0.0278383583588429,0.116639290591277
"3GCR-Ec","Model B","Temperature",2.46415105857016,0.0284921151664279,0.119378451042946
"3GCR-Ec","Model B","Temperature",2.53987156363558,0.0290682908018698,0.121792555944809
"3GCR-Ec","Model B","Temperature",2.615592068701,0.0295798709865822,0.123936013869168
"3GCR-Ec","Model B","Temperature",2.69131257376642,0.0300255440868247,0.125803329232302
"3GCR-Ec","Model B","Temperature",2.76703307883184,0.0304030690318329,0.127385112223909
"3GCR-Ec","Model B","Temperature",2.84275358389726,0.0307088297484389,0.128666211943077
"3GCR-Ec","Model B","Temperature",2.91847408896268,0.0309191897130823,0.129547594269166
"3GCR-Ec","Model B","Temperature",2.9941945940281,0.0310568281436976,0.130124282330226
"3GCR-Ec","Model B","Temperature",3.06991509909352,0.0311220127729843,0.130397397893272
"3GCR-Ec","Model B","Temperature",3.14563560415894,0.0311153759913497,0.130369590596172
"3GCR-Ec","Model B","Temperature",3.22135610922436,0.0310333419346061,0.130025878008685
"3GCR-Ec","Model B","Temperature",3.29707661428978,0.030864503371771,0.129318465238877
"3GCR-Ec","Model B","Temperature",3.3727971193552,0.0306316168223389,0.128342699298808
"3GCR-Ec","Model B","Temperature",3.44851762442062,0.0303379362006475,0.127112213688523
"3GCR-Ec","Model B","Temperature",3.52423812948604,0.0299870297657839,0.12564195897383
"3GCR-Ec","Model B","Temperature",3.59995863455146,0.0295776999909679,0.123926917665108
"3GCR-Ec","Model B","Temperature",3.67567913961688,0.0291120950286402,0.121976090256335
"3GCR-Ec","Model B","Temperature",3.7513996446823,0.0286079234441138,0.119863673453684
"3GCR-Ec","Model B","Temperature",3.82712014974772,0.0280706404188016,0.117612523794953
"3GCR-Ec","Model B","Temperature",3.90284065481314,0.0275058720476995,0.115246213924787
"3GCR-Ec","Model B","Temperature",3.97856115987856,0.026917725741761,0.112781953388865
"3GCR-Ec","Model B","Temperature",4.05428166494398,0.0263166108694539,0.110263356158167
"3GCR-Ec","Model B","Temperature",4.1300021700094,0.025712671589693,0.107732925008331
"3GCR-Ec","Model B","Temperature",4.20572267507482,0.0251121510740579,0.105216818058837
"3GCR-Ec","Model B","Temperature",4.28144318014024,0.0245212836010005,0.102741156168057
"3GCR-Ec","Model B","Temperature",4.35716368520566,0.0239516995628503,0.100354669246465
"3GCR-Ec","Model B","Temperature",4.43288419027108,0.0234130652632675,0.0980978579150776
"3GCR-Ec","Model B","Temperature",4.5086046953365,0.0229084732362444,0.0959836795101825
"3GCR-Ec","Model B","Temperature",4.58432520040192,0.0224434681302079,0.0940353654253406
"3GCR-Ec","Model B","Temperature",4.66004570546734,0.0220234323085481,0.092275467099807
"3GCR-Ec","Model B","Temperature",4.73576621053276,0.0216680081124683,0.0907862835224087
"3GCR-Ec","Model B","Temperature",4.81148671559818,0.0213776695494104,0.0895698007259077
"3GCR-Ec","Model B","Temperature",4.8872072206636,0.0211510714433965,0.0886203825887425
"3GCR-Ec","Model B","Temperature",4.96292772572902,0.0209919942037248,0.0879538685599569
"3GCR-Ec","Model B","Temperature",5.03864823079444,0.0209039706985803,0.0875850609218389
"3GCR-Ec","Model B","Temperature",5.11436873585986,0.02091316337551,0.087623577105225
"3GCR-Ec","Model B","Temperature",5.19008924092528,0.0210062830748802,0.0880137371690694
"3GCR-Ec","Model B","Temperature",5.2658097459907,0.0211807226564454,0.0887446175170601
"3GCR-Ec","Model B","Temperature",5.34153025105612,0.0214380930071012,0.0898229675667567
"3GCR-Ec","Model B","Temperature",5.41725075612154,0.0217797497030137,0.0912544670152264
"3GCR-Ec","Model B","Temperature",5.49297126118696,0.0222354520129171,0.0931638035307921
"3GCR-Ec","Model B","Temperature",5.56869176625238,0.022778512891311,0.0954391616818457
"3GCR-Ec","Model B","Temperature",5.6444122713178,0.0234074983991484,0.0980745334405052
"3GCR-Ec","Model B","Temperature",5.72013277638322,0.0241220596817653,0.101068457148724
"3GCR-Ec","Model B","Temperature",5.79585328144864,0.0249240847761305,0.10442884344871
"3GCR-Ec","Model B","Temperature",5.87157378651406,0.0258362395898201,0.108250659699753
"3GCR-Ec","Model B","Temperature",5.94729429157948,0.0268299461865518,0.11241416787091
"3GCR-Ec","Model B","Temperature",6.0230147966449,0.0279036032707748,0.116912658731177
"3GCR-Ec","Model B","Temperature",6.09873530171032,0.0290554864047004,0.121738907098744
"3GCR-Ec","Model B","Temperature",6.17445580677574,0.0302891049304829,0.126907616684733
"3GCR-Ec","Model B","Temperature",6.25017631184116,0.0316156799675737,0.132465802596698
"3GCR-Ec","Model B","Temperature",6.32589681690658,0.0330119589716766,0.138316039539795
"3GCR-Ec","Model B","Temperature",6.401617321972,0.0344755463945102,0.144448290461961
"3GCR-Ec","Model B","Temperature",6.47733782703742,0.0360039919519926,0.15085228897488
"3GCR-Ec","Model B","Temperature",6.55305833210284,0.0376016057403105,0.157546093850377
"3GCR-Ec","Model B","Temperature",6.62877883716826,0.0392704389259666,0.164538299223302
"3GCR-Ec","Model B","Temperature",6.70449934223368,0.0409935492855803,0.171757919265731
"3GCR-Ec","Model B","Temperature",6.7802198472991,0.0427682312260173,0.179193617875881
"3GCR-Ec","Model B","Temperature",6.85594035236452,0.0445917596868117,0.186833977386251
"3GCR-Ec","Model B","Temperature",6.93166085742994,0.0464680554067333,0.194695425209074
"3GCR-Ec","Model B","Temperature",7.00738136249536,0.0483931392321062,0.20276128918086
"3GCR-Ec","Model B","Temperature",7.08310186756078,0.0503557261667502,0.210984286558428
"3GCR-Ec","Model B","Temperature",7.1588223726262,0.0523529578757376,0.219352441270708
"3GCR-Ec","Model B","Temperature",7.23454287769162,0.0543819527763494,0.227853679841247
"3GCR-Ec","Model B","Temperature",7.31026338275704,0.0564446175646289,0.236495991091476
"3GCR-Ec","Model B","Temperature",7.38598388782246,0.0585339054469942,0.245249849824767
"3GCR-Ec","Model B","Temperature",7.46170439288788,0.0606427560482854,0.254085673939354
"3GCR-Ec","Model B","Temperature",7.5374248979533,0.0627680144041895,0.2629902445236
"3GCR-Ec","Model B","Temperature",7.61314540301872,0.0649064740356463,0.271950126825423
"3GCR-Ec","Model B","Temperature",7.68886590808414,0.0670557114879248,0.280955166868179
"3GCR-Ec","Model B","Temperature",7.76458641314956,0.0692086024436435,0.289975514640074
"3GCR-Ec","Model B","Temperature",7.84030691821498,0.071360684561951,0.298992473482901
"3GCR-Ec","Model B","Temperature",7.9160274232804,0.0735082607451099,0.307990553012788
"3GCR-Ec","Model B","Temperature",7.99174792834583,0.0756475594499822,0.316953950928811
"3GCR-Ec","Model B","Temperature",8.06746843341124,0.0777687682825401,0.325841554509318
"3GCR-Ec","Model B","Temperature",8.14318893847666,0.0798686695048626,0.334639881828991
"3GCR-Ec","Model B","Temperature",8.21890944354208,0.0819437658111112,0.343334279607391
"3GCR-Ec","Model B","Temperature",8.2946299486075,0.0839897552959225,0.351906723391232
"3GCR-Ec","Model B","Temperature",8.37035045367293,0.08600227480669,0.360338932108829
"3GCR-Ec","Model B","Temperature",8.44607095873834,0.0879608790181984,0.368545242367309
"3GCR-Ec","Model B","Temperature",8.52179146380377,0.089871823462458,0.376551864074834
"3GCR-Ec","Model B","Temperature",8.59751196886918,0.091730890798614,0.384341127092988
"3GCR-Ec","Model B","Temperature",8.67323247393461,0.093533505466099,0.391893860386907
"3GCR-Ec","Model B","Temperature",8.74895297900003,0.0952726903468473,0.39918083069179
"3GCR-Ec","Model B","Temperature",8.82467348406544,0.0969223520760074,0.406092710024778
"3GCR-Ec","Model B","Temperature",8.90039398913087,0.0984973161971491,0.412691615586259
"3GCR-Ec","Model B","Temperature",8.97611449419628,0.0999933464483204,0.418959797960752
"3GCR-Ec","Model B","Temperature",9.05183499926171,0.101406309362319,0.424879938430105
"3GCR-Ec","Model B","Temperature",9.12755550432713,0.102724756184434,0.430404068123085
"3GCR-Ec","Model B","Temperature",9.20327600939255,0.10392489948951,0.435432520659956
"3GCR-Ec","Model B","Temperature",9.27899651445797,0.105027012794521,0.440050239578244
"3GCR-Ec","Model B","Temperature",9.35471701952339,0.106028053149301,0.444244475291777
"3GCR-Ec","Model B","Temperature",9.43043752458881,0.106925171543137,0.448003290796792
"3GCR-Ec","Model B","Temperature",9.50615802965422,0.107702071077195,0.451258404095686
"3GCR-Ec","Model B","Temperature",9.58187853471964,0.108344039408415,0.453948172284255
"3GCR-Ec","Model B","Temperature",9.65759903978507,0.108873626007364,0.456167074865069
"3GCR-Ec","Model B","Temperature",9.73331954485049,0.109289625865847,0.457910063002301
"3GCR-Ec","Model B","Temperature",9.80904004991591,0.109591073091058,0.459173089724142
"3GCR-Ec","Model B","Temperature",9.88476055498132,0.109757849780541,0.459871863498718
"3GCR-Ec","Model B","Temperature",9.96048106004675,0.109788432183979,0.46
"3GCR-Ec","Model B","Temperature",10.0362015651122,0.109704151530901,0.459646874450754
"3GCR-Ec","Model B","Temperature",10.1119220701776,0.109505802141952,0.458815814956587
"3GCR-Ec","Model B","Temperature",10.187642575243,0.109194401214916,0.45751108345084
"3GCR-Ec","Model B","Temperature",10.2633630803084,0.10874817444875,0.455641448295725
"3GCR-Ec","Model B","Temperature",10.3390835853738,0.10817879834203,0.453255832581201
"3GCR-Ec","Model B","Temperature",10.4148040904393,0.107503675623335,0.450427151595218
"3GCR-Ec","Model B","Temperature",10.4905245955047,0.106725266400873,0.447165712887973
"3GCR-Ec","Model B","Temperature",10.5662451005701,0.10584619303915,0.443482503843552
"3GCR-Ec","Model B","Temperature",10.6419656056355,0.104845703666604,0.439290576677677
"3GCR-Ec","Model B","Temperature",10.7176861107009,0.103745065215462,0.434679037215331
"3GCR-Ec","Model B","Temperature",10.7934066157664,0.102556576143987,0.429699414480923
"3GCR-Ec","Model B","Temperature",10.8691271208318,0.101283781447639,0.424366561568524
"3GCR-Ec","Model B","Temperature",10.9448476258972,0.0999303197345547,0.418695723797787
"3GCR-Ec","Model B","Temperature",11.0205681309626,0.0984791477851991,0.412615492179351
"3GCR-Ec","Model B","Temperature",11.096288636028,0.0969556469283637,0.406232211352734
"3GCR-Ec","Model B","Temperature",11.1720091410935,0.0953674413123709,0.399577825559772
"3GCR-Ec","Model B","Temperature",11.2477296461589,0.0937186499869685,0.392669593111255
"3GCR-Ec","Model B","Temperature",11.3234501512243,0.0920134388861019,0.385524968756987
"3GCR-Ec","Model B","Temperature",11.3991706562897,0.0902410821785241,0.378099012585943
"3GCR-Ec","Model B","Temperature",11.4748911613551,0.0884253071294654,0.370491138915179
"3GCR-Ec","Model B","Temperature",11.5506116664206,0.0865706497263734,0.362720352973062
"3GCR-Ec","Model B","Temperature",11.626332171486,0.0846815211306951,0.354805136982403
"3GCR-Ec","Model B","Temperature",11.7020526765514,0.0827614148518656,0.346760128317178
"3GCR-Ec","Model B","Temperature",11.7777731816168,0.0808114231359494,0.338589903353783
"3GCR-Ec","Model B","Temperature",11.8534936866822,0.0788452158464395,0.330351737135517
"3GCR-Ec","Model B","Temperature",11.9292141917477,0.0768673419489309,0.322064689267583
"3GCR-Ec","Model B","Temperature",12.0049346968131,0.0748823573516178,0.313747848443826
"3GCR-Ec","Model B","Temperature",12.0806552018785,0.0728952577891702,0.305422146176813
"3GCR-Ec","Model B","Temperature",12.1563757069439,0.0709145277271326,0.297123131331511
"3GCR-Ec","Model B","Temperature",12.2320962120093,0.0689451997409099,0.288871889778627
"3GCR-Ec","Model B","Temperature",12.3078167170748,0.0669917584638076,0.280687211579004
"3GCR-Ec","Model B","Temperature",12.3835372221402,0.0650586523176411,0.272587735071803
"3GCR-Ec","Model B","Temperature",12.4592577272056,0.0631544684423827,0.264609439315187
"3GCR-Ec","Model B","Temperature",12.534978232271,0.0612894465498771,0.256795227439797
"3GCR-Ec","Model B","Temperature",12.6106987373364,0.0594620434823378,0.249138633804691
"3GCR-Ec","Model B","Temperature",12.6864192424019,0.0576761914448676,0.241656133864627
"3GCR-Ec","Model B","Temperature",12.7621397474673,0.0559357118144272,0.234363738718106
"3GCR-Ec","Model B","Temperature",12.8378602525327,0.0542539042566653,0.227317172325082
"3GCR-Ec","Model B","Temperature",12.9135807575981,0.0526367582570476,0.220541529891483
"3GCR-Ec","Model B","Temperature",12.9893012626635,0.0510784528330197,0.21401242221781
"3GCR-Ec","Model B","Temperature",13.065021767729,0.0495816658201389,0.207741069105022
"3GCR-Ec","Model B","Temperature",13.1407422727944,0.0481488799749904,0.201737872997222
"3GCR-Ec","Model B","Temperature",13.2164627778598,0.0467975279216671,0.19607587444088
"3GCR-Ec","Model B","Temperature",13.2921832829252,0.0455245479222811,0.190742245131589
"3GCR-Ec","Model B","Temperature",13.3679037879907,0.0443222996637545,0.185704973099182
"3GCR-Ec","Model B","Temperature",13.4436242930561,0.0431915637474474,0.180967328967151
"3GCR-Ec","Model B","Temperature",13.5193447981215,0.042132869601552,0.176531530974373
"3GCR-Ec","Model B","Temperature",13.5950653031869,0.0411652251721856,0.17247722007245
"3GCR-Ec","Model B","Temperature",13.6707858082523,0.0402750247834878,0.168747390156355
"3GCR-Ec","Model B","Temperature",13.7465063133178,0.0394549751484178,0.165311483252246
"3GCR-Ec","Model B","Temperature",13.8222268183832,0.0387037018749811,0.162163740827054
"3GCR-Ec","Model B","Temperature",13.8979473234486,0.0380195819863982,0.159297362808095
"3GCR-Ec","Model B","Temperature",13.973667828514,0.0374191780159055,0.156781744168384
"3GCR-Ec","Model B","Temperature",14.0493883335794,0.0368813519441785,0.154528319212102
"3GCR-Ec","Model B","Temperature",14.1251088386449,0.0364004130455694,0.152513244500138
"3GCR-Ec","Model B","Temperature",14.2008293437103,0.0359731359469566,0.150723006116621
"3GCR-Ec","Model B","Temperature",14.2765498487757,0.0355962481645351,0.149143892757726
"3GCR-Ec","Model B","Temperature",14.3522703538411,0.0352792207685042,0.147815587040327
"3GCR-Ec","Model B","Temperature",14.4279908589065,0.0350005680956387,0.146648066683507
"3GCR-Ec","Model B","Temperature",14.503711363972,0.0347560822469262,0.145623701109006
"3GCR-Ec","Model B","Temperature",14.5794318690374,0.0345414937934416,0.144724601935812
"3GCR-Ec","Model B","Temperature",14.6551523741028,0.0343533410780763,0.14393626524727
"3GCR-Ec","Model B","Temperature",14.7308728791682,0.0341892460931285,0.143248727484189
"3GCR-Ec","Model B","Temperature",14.8065933842336,0.0340372364587163,0.142611825850395
"3GCR-Ec","Model B","Temperature",14.8823138892991,0.0338930069266028,0.142007521886376
"3GCR-Ec","Model B","Temperature",14.9580343943645,0.033752320392191,0.141418062646072
"3GCR-Ec","Model B","Temperature",15.0337548994299,0.0336103455520888,0.140823205563701
"3GCR-Ec","Model B","Temperature",15.1094754044953,0.0334593387089169,0.140190505501615
"3GCR-Ec","Model B","Temperature",15.1851959095607,0.0332960896218285,0.139506511946313
"3GCR-Ec","Model B","Temperature",15.2609164146262,0.033117271117723,0.138757284452557
"3GCR-Ec","Model B","Temperature",15.3366369196916,0.0329197359575338,0.137929636476541
"3GCR-Ec","Model B","Temperature",15.412357424757,0.0326969954990023,0.136996381406892
"3GCR-Ec","Model B","Temperature",15.4880779298224,0.0324428384056272,0.135931494509185
"3GCR-Ec","Model B","Temperature",15.5637984348878,0.0321601951442466,0.134747254078306
"3GCR-Ec","Model B","Temperature",15.6395189399533,0.0318475364995699,0.133437252890656
"3GCR-Ec","Model B","Temperature",15.7152394450187,0.0315035803039021,0.131996118821612
"3GCR-Ec","Model B","Temperature",15.7909599500841,0.031121363503223,0.130394677532991
"3GCR-Ec","Model B","Temperature",15.8666804551495,0.0307006842776925,0.128632083424536
"3GCR-Ec","Model B","Temperature",15.9424009602149,0.0302473556857785,0.126732692494798
"3GCR-Ec","Model B","Temperature",16.0181214652804,0.0297619940132118,0.124699086905035
"3GCR-Ec","Model B","Temperature",16.0938419703458,0.0292454653677379,0.122534895539957
"3GCR-Ec","Model B","Temperature",16.1695624754112,0.0286929029332066,0.120219727039705
"3GCR-Ec","Model B","Temperature",16.2452829804766,0.0281103444429684,0.117778878762898
"3GCR-Ec","Model B","Temperature",16.321003485542,0.0275037596036358,0.115237363044508
"3GCR-Ec","Model B","Temperature",16.3967239906074,0.026875655162205,0.112605682845505
"3GCR-Ec","Model B","Temperature",16.4724444956729,0.0262287198987544,0.109895103823039
"3GCR-Ec","Model B","Temperature",16.5481650007383,0.0255632597072257,0.107106907635027
"3GCR-Ec","Model B","Temperature",16.6238855058037,0.0248874625227868,0.104275400720701
"3GCR-Ec","Model B","Temperature",16.6996060108691,0.0242060044323994,0.101420175308129
"3GCR-Ec","Model B","Temperature",16.7753265159346,0.0235224550018177,0.0985561874378887
"3GCR-Ec","Model B","Temperature",16.851047021,0.0228404432501393,0.0956986422527429
"3GCR-Ec","Model B","Temperature",16.9267675260654,0.0221676087361133,0.0928795485623135
"3GCR-Ec","Model B","Temperature",17.0024880311308,0.0215078301761828,0.0901151577104666
"3GCR-Ec","Model B","Temperature",17.0782085361962,0.0208644229679134,0.0874193608043959
"3GCR-Ec","Model B","Temperature",17.1539290412617,0.0202408647649284,0.0848067287841805
"3GCR-Ec","Model B","Temperature",17.2296495463271,0.0196408078359613,0.0822925642056908
"3GCR-Ec","Model B","Temperature",17.3053700513925,0.0190784178052863,0.0799362192887969
"3GCR-Ec","Model B","Temperature",17.3810905564579,0.0185484892747158,0.0777158840566299
"3GCR-Ec","Model B","Temperature",17.4568110615233,0.0180535185583215,0.0756420177574936
"3GCR-Ec","Model B","Temperature",17.5325315665888,0.0175958143380074,0.0737242934840321
"3GCR-Ec","Model B","Temperature",17.6082520716542,0.0171797406155606,0.0719809958658933
"3GCR-Ec","Model B","Temperature",17.6839725767196,0.0168181174001505,0.0704658391614975
"3GCR-Ec","Model B","Temperature",17.759693081785,0.0165002683563895,0.0691340908413735
"3GCR-Ec","Model B","Temperature",17.8354135868504,0.0162269411817342,0.0679888836657148
"3GCR-Ec","Model B","Temperature",17.9111340919159,0.0159986607123219,0.0670324166332529
"3GCR-Ec","Model B","Temperature",17.9868545969813,0.0158201115021393,0.0662843174478453
"3GCR-Ec","Model B","Temperature",18.0625751020467,0.015697765637102,0.0657717033518278
"3GCR-Ec","Model B","Temperature",18.1382956071121,0.0156194050836475,0.0654433822903824
"3GCR-Ec","Model B","Temperature",18.2140161121775,0.0155839766309788,0.0652949414400725
"3GCR-Ec","Model B","Temperature",18.289736617243,0.0155902401070548,0.0653211846328903
"3GCR-Ec","Model B","Temperature",18.3654571223084,0.0156420131211742,0.0655381071812969
"3GCR-Ec","Model B","Temperature",18.4411776273738,0.0157384321114255,0.0659420908673127
"3GCR-Ec","Model B","Temperature",18.5168981324392,0.0158690219168801,0.0664892460576559
"3GCR-Ec","Model B","Temperature",18.5926186375046,0.0160314273692067,0.0671697048872806
"3GCR-Ec","Model B","Temperature",18.6683391425701,0.0162231887023151,0.0679731612394221
"3GCR-Ec","Model B","Temperature",18.7440596476355,0.0164457888493689,0.068905828421272
"3GCR-Ec","Model B","Temperature",18.8197801527009,0.0166936883607898,0.0699444968218056
"3GCR-Ec","Model B","Temperature",18.8955006577663,0.0169598008008089,0.0710594751485172
"3GCR-Ec","Model B","Temperature",18.9712211628317,0.0172412456176838,0.0722386942446193
"3GCR-Ec","Model B","Temperature",19.0469416678972,0.017535131670138,0.0734700405844813
"3GCR-Ec","Model B","Temperature",19.1226621729626,0.0178395211871238,0.0747453951462334
"3GCR-Ec","Model B","Temperature",19.198382678028,0.0181485999009681,0.0760403968649039
"3GCR-Ec","Model B","Temperature",19.2741031830934,0.0184586470972221,0.0773394564055106
"3GCR-Ec","Model B","Temperature",19.3498236881588,0.0187670180929938,0.0786314928726793
"3GCR-Ec","Model B","Temperature",19.4255441932243,0.0190711358121633,0.0799057086350791
"3GCR-Ec","Model B","Temperature",19.5012646982897,0.0193654395777547,0.0811388051415049
"3GCR-Ec","Model B","Temperature",19.5769852033551,0.0196478167769744,0.0823219308047202
"3GCR-Ec","Model B","Temperature",19.6527057084205,0.0199168626528017,0.0834491998659378
"3GCR-Ec","Model B","Temperature",19.7284262134859,0.020170724284052,0.0845128488137564
"3GCR-Ec","Model B","Temperature",19.8041467185514,0.0204076648272443,0.0855056004880478
"3GCR-Ec","Model B","Temperature",19.8798672236168,0.0206193712802123,0.0863926244342687
"3GCR-Ec","Model B","Temperature",19.9555877286822,0.020809471577502,0.0871891212510439
"3GCR-Ec","Model B","Temperature",20.0313082337476,0.0209776041524756,0.0878935760187215
"3GCR-Ec","Model B","Temperature",20.107028738813,0.0211229782341265,0.0885026755042427
"3GCR-Ec","Model B","Temperature",20.1827492438785,0.0212445722111267,0.0890121392820507
"3GCR-Ec","Model B","Temperature",20.2584697489439,0.0213341582004934,0.0893874935364919
"3GCR-Ec","Model B","Temperature",20.3341902540093,0.0213995582314796,0.0896615116061118
"3GCR-Ec","Model B","Temperature",20.4099107590747,0.0214409006041045,0.0898347310521788
"3GCR-Ec","Model B","Temperature",20.4856312641401,0.0214584216453394,0.0899081420555762
"3GCR-Ec","Model B","Temperature",20.5613517692056,0.0214511305443383,0.0898775932409714
"3GCR-Ec","Model B","Temperature",20.637072274271,0.0214147840362816,0.0897253058517314
"3GCR-Ec","Model B","Temperature",20.7127927793364,0.0213569807819684,0.0894831173401082
"3GCR-Ec","Model B","Temperature",20.7885132844018,0.0212786127243959,0.089154764837333
"3GCR-Ec","Model B","Temperature",20.8642337894672,0.0211806307169832,0.0887442323020448
"3GCR-Ec","Model B","Temperature",20.9399542945327,0.0210623156652458,0.0882485068169773
"3GCR-Ec","Model B","Temperature",21.0156747995981,0.0209231958863072,0.0876656120890105
"3GCR-Ec","Model B","Temperature",21.0913953046635,0.0207689651432783,0.0870194042838529
"3GCR-Ec","Model B","Temperature",21.1671158097289,0.0206008099669967,0.0863148548194805
"3GCR-Ec","Model B","Temperature",21.2428363147943,0.0204199178080363,0.0855569389674503
"3GCR-Ec","Model B","Temperature",21.3185568198598,0.0202260696580155,0.084744739109635
"3GCR-Ec","Model B","Temperature",21.3942773249252,0.0200207821269025,0.0838846096548877
"3GCR-Ec","Model B","Temperature",21.4699978299906,0.0198073816122079,0.0829904877988162
"3GCR-Ec","Model B","Temperature",21.545718335056,0.0195868902175105,0.0820666560294469
"3GCR-Ec","Model B","Temperature",21.6214388401214,0.0193602887644141,0.0811172238684185
"3GCR-Ec","Model B","Temperature",21.6971593451869,0.0191278046490402,0.0801431440774549
"3GCR-Ec","Model B","Temperature",21.7728798502523,0.0188910377058046,0.079151119765587
"3GCR-Ec","Model B","Temperature",21.8486003553177,0.0186514223679002,0.0781471610311067
"3GCR-Ec","Model B","Temperature",21.9243208603831,0.0184095720110042,0.0771338378425057
"3GCR-Ec","Model B","Temperature",22.0000413654485,0.0181660495975146,0.07611350894285
"3GCR-Ec","Model B","Temperature",22.075761870514,0.0179212621103306,0.0750878795403282
"3GCR-Ec","Model B","Temperature",22.1514823755794,0.0176759872599177,0.0740602081459423
"3GCR-Ec","Model B","Temperature",22.2272028806448,0.0174306252852782,0.0730321717117849
"3GCR-Ec","Model B","Temperature",22.3029233857102,0.0171854345439614,0.0720048527241458
"3GCR-Ec","Model B","Temperature",22.3786438907756,0.0169406449362429,0.0709792144368459
"3GCR-Ec","Model B","Temperature",22.4543643958411,0.0166967131401399,0.0699571702744941
"3GCR-Ec","Model B","Temperature",22.5300849009065,0.0164537584743909,0.0689392201678996
"3GCR-Ec","Model B","Temperature",22.6058054059719,0.0162118861247906,0.0679258048325783
"3GCR-Ec","Model B","Temperature",22.6815259110373,0.0159712526684367,0.0669175803072721
"3GCR-Ec","Model B","Temperature",22.7572464161027,0.0157320195842166,0.0659152231686181
"3GCR-Ec","Model B","Temperature",22.8329669211682,0.0154950111842219,0.0649221871826876
"3GCR-Ec","Model B","Temperature",22.9086874262336,0.0152600745131808,0.0639378314857434
"3GCR-Ec","Model B","Temperature",22.984407931299,0.0150274474707221,0.0629631528479092
"3GCR-Ec","Model B","Temperature",23.0601284363644,0.0147974337666749,0.0619994237759394
"3GCR-Ec","Model B","Temperature",23.1358489414298,0.0145704384670058,0.0610483414463107
"3GCR-Ec","Model B","Temperature",23.2115694464953,0.0143481654279941,0.060117044806843
"3GCR-Ec","Model B","Temperature",23.2872899515607,0.0141301310919876,0.059203507810569
"3GCR-Ec","Model B","Temperature",23.3630104566261,0.0139168430967359,0.0583098573970959
"3GCR-Ec","Model B","Temperature",23.4387309616915,0.0137088322716848,0.0574383176763797
"3GCR-Ec","Model B","Temperature",23.5144514667569,0.0135070981124087,0.0565930764116941
"3GCR-Ec","Model B","Temperature",23.5901719718224,0.0133140980015737,0.0557844297335512
"3GCR-Ec","Model B","Temperature",23.6658924768878,0.0131288008854785,0.0550080576540143
"3GCR-Ec","Model B","Temperature",23.7416129819532,0.0129518403517844,0.0542666148272972
"3GCR-Ec","Model B","Temperature",23.8173334870186,0.0127838489640837,0.0535627516168927
"3GCR-Ec","Model B","Temperature",23.893053992084,0.0126266245781327,0.0529040008168425
"3GCR-Ec","Model B","Temperature",23.9687744971495,0.012482568244922,0.0523004225348801
"3GCR-Ec","Model B","Temperature",24.0444950022149,0.0123499132174023,0.0517446143186122
"3GCR-Ec","Model B","Temperature",24.1202155072803,0.0122291722317335,0.0512387244693556
"3GCR-Ec","Model B","Temperature",24.1959360123457,0.0121208244137379,0.0507847604652566
"3GCR-Ec","Model B","Temperature",24.2716565174111,0.0120273808445764,0.0503932434269019
"3GCR-Ec","Model B","Temperature",24.3473770224766,0.0119499648543454,0.0500688799689503
"3GCR-Ec","Model B","Temperature",24.423097527542,0.0118862508609447,0.0498019261890185
"3GCR-Ec","Model B","Temperature",24.4988180326074,0.0118363599396422,0.0495928893775565
"3GCR-Ec","Model B","Temperature",24.5745385376728,0.0118003520937581,0.0494420209410811
"3GCR-Ec","Model B","Temperature",24.6502590427382,0.0117809065613936,0.049360546557034
"3GCR-Ec","Model B","Temperature",24.7259795478037,0.0117770205676897,0.0493442647223431
"3GCR-Ec","Model B","Temperature",24.8017000528691,0.0117862419860723,0.0493829013288747
"3GCR-Ec","Model B","Temperature",24.8774205579345,0.0118081190556332,0.0494745635541001
"3GCR-Ec","Model B","Temperature",24.9531410629999,0.0118421277004356,0.0496170555844345
"3GCR-Ec","Model B","Temperature",25.0288615680653,0.0118900937172765,0.0498180272834367
"3GCR-Ec","Model B","Temperature",25.1045820731308,0.0119491165311674,0.050065325599386
"3GCR-Ec","Model B","Temperature",25.1803025781962,0.0120170360519289,0.0503499000206506
"3GCR-Ec","Model B","Temperature",25.2560230832616,0.0120928197485177,0.0506674243694129
"3GCR-Ec","Model B","Temperature",25.331743588327,0.0121753744388342,0.0510133183474047
"3GCR-Ec","Model B","Temperature",25.4074640933924,0.0122644166731567,0.0513863943352256
"3GCR-Ec","Model B","Temperature",25.4831845984579,0.0123566910128132,0.0517730124460559
"3GCR-Ec","Model B","Temperature",25.5589051035233,0.0124504967800889,0.05216604704987
"3GCR-Ec","Model B","Temperature",25.6346256085887,0.0125444182419511,0.052559566399743
"3GCR-Ec","Model B","Temperature",25.7103461136541,0.0126370131929576,0.0529475278326161
"3GCR-Ec","Model B","Temperature",25.7860666187195,0.0127248838636783,0.0533156951133348
"3GCR-Ec","Model B","Temperature",25.861787123785,0.0128068316247726,0.0536590461326862
"3GCR-Ec","Model B","Temperature",25.9375076288504,0.0128814562810988,0.053971714245594
"3GCR-Ec","Model B","Temperature",26.0132281339158,0.012947319369281,0.0542476724677956
"3GCR-Ec","Model B","Temperature",26.0889486389812,0.0130026707884573,0.054479588092371
"3GCR-Ec","Model B","Temperature",26.1646691440466,0.0130417861158285,0.0546434764932967
"3GCR-Ec","Model B","Temperature",26.2403896491121,0.0130667599257047,0.0547481136787863
"3GCR-Ec","Model B","Temperature",26.3161101541775,0.0130764707129773,0.0547888006806544
"3GCR-Ec","Model B","Temperature",26.3918306592429,0.0130698638680474,0.0547611188146575
"3GCR-Ec","Model B","Temperature",26.4675511643083,0.0130446216040397,0.0546553568394421
"3GCR-Ec","Model B","Temperature",26.5432716693737,0.0129955902148437,0.0544499213615735
"3GCR-Ec","Model B","Temperature",26.6189921744392,0.0129270326351311,0.0541626735519414
"3GCR-Ec","Model B","Temperature",26.6947126795046,0.0128384913959337,0.05379169667195
"3GCR-Ec","Model B","Temperature",26.77043318457,0.0127296006528499,0.053335457878644
"3GCR-Ec","Model B","Temperature",26.8461536896354,0.0125976953933152,0.052782791097828
"3GCR-Ec","Model B","Temperature",26.9218741947008,0.0124402945641047,0.0521233010222661
"3GCR-Ec","Model B","Temperature",26.9975946997663,0.0122624305185228,0.0513780725920928
"3GCR-Ec","Model B","Temperature",27.0733152048317,0.0120644285668133,0.0505484688171362
"3GCR-Ec","Model B","Temperature",27.1490357098971,0.0118467026697505,0.0496362241420227
"3GCR-Ec","Model B","Temperature",27.2247562149625,0.0116068897227108,0.0486314374496197
"3GCR-Ec","Model B","Temperature",27.3004767200279,0.0113457632328981,0.0475373496397806
"3GCR-Ec","Model B","Temperature",27.3761972250934,0.0110678327239295,0.0463728550606856
"3GCR-Ec","Model B","Temperature",27.4519177301588,0.0107740826489425,0.0451420784496526
"3GCR-Ec","Model B","Temperature",27.5276382352242,0.0104655577876017,0.0438493973047126
"3GCR-Ec","Model B","Temperature",27.6033587402896,0.0101410401365649,0.0424897083419743
"3GCR-Ec","Model B","Temperature",27.679079245355,0.00980349113104166,0.0410754196099838
"3GCR-Ec","Model B","Temperature",27.7547997504205,0.00945614272805629,0.0396200726103516
"3GCR-Ec","Model B","Temperature",27.8305202554859,0.0091003310336251,0.0381292654626179
"3GCR-Ec","Model B","Temperature",27.9062407605513,0.00873741024003531,0.0366086720655691
"3GCR-Ec","Model B","Temperature",27.9819612656167,0.00836798183814576,0.035060812591773
"3GCR-Ec","Model B","Temperature",28.0576817706821,0.00799513430907931,0.0334986273964952
"3GCR-Ec","Model B","Temperature",28.1334022757476,0.00762073075119694,0.0319299226322512
"3GCR-Ec","Model B","Temperature",28.209122780813,0.00724608997927701,0.0303602239704252
"3GCR-Ec","Model B","Temperature",28.2848432858784,0.0068725079275293,0.028794961215639
"3GCR-Ec","Model B","Temperature",28.3605637909438,0.00650261061381734,0.027245137059098
"3GCR-Ec","Model B","Temperature",28.4362842960092,0.00613759217412934,0.0257157547834215
"3GCR-Ec","Model B","Temperature",28.5120048010747,0.00577834592833587,0.0242105572887704
"3GCR-Ec","Model B","Temperature",28.5877253061401,0.00542587242313145,0.0227337367424825
"3GCR-Ec","Model B","Temperature",28.6634458112055,0.0050811221866967,0.0212892757404871
"3GCR-Ec","Model B","Temperature",28.7391663162709,0.00474839449921409,0.0198951877368846
"3GCR-Ec","Model B","Temperature",28.8148868213363,0.00442587080359411,0.018543853201598
"3GCR-Ec","Model B","Temperature",28.8906073264018,0.00411404045263315,0.0172373224625337
"3GCR-Ec","Model B","Temperature",28.9663278314672,0.00381343562422812,0.0159778252794917
"3GCR-Ec","Model B","Temperature",29.0420483365326,0.00352493571705218,0.0147690462245313
"3GCR-Ec","Model B","Temperature",29.117768841598,0.00325254312939538,0.0136277548532131
"3GCR-Ec","Model B","Temperature",29.1934893466634,0.00299273942608097,0.0125392093557753
"3GCR-Ec","Model B","Temperature",29.2692098517289,0.00274564879971704,0.0115039300839397
"3GCR-Ec","Model B","Temperature",29.3449303567943,0.00251134716807111,0.0105222351237956
"3GCR-Ec","Model B","Temperature",29.4206508618597,0.00229084271568752,0.00959834864433049
"3GCR-Ec","Model B","Temperature",29.4963713669251,0.00208646119830846,0.00874201527546679
"3GCR-Ec","Model B","Temperature",29.5720918719905,0.00189453974395495,0.00793788803504247
"3GCR-Ec","Model B","Temperature",29.647812377056,0.00171485359199062,0.00718502520369173
"3GCR-Ec","Model B","Temperature",29.7235328821214,0.0015471480308358,0.00648235957128756
"3GCR-Ec","Model B","Temperature",29.7992533871868,0.00139248755748248,0.00583435124903273
"3GCR-Ec","Model B","Temperature",29.8749738922522,0.00125144261894044,0.00524339033959361
"3GCR-Ec","Model B","Temperature",29.9506943973176,0.00112098039893576,0.00469676971656127
"3GCR-Ec","Model B","Temperature",30.0264149023831,0.00100069224652006,0.00419277718282604
"3GCR-Ec","Model B","Temperature",30.1021354074485,0.000890158562946085,0.00372965467135028
"3GCR-Ec","Model B","Temperature",30.1778559125139,0.000790362916311808,0.0033115232112449
"3GCR-Ec","Model B","Temperature",30.2535764175793,0.000700649946741429,0.00293563692539996
"3GCR-Ec","Model B","Temperature",30.3292969226447,0.000618893247156429,0.00259308643022504
"3GCR-Ec","Model B","Temperature",30.4050174277102,0.000544648697773301,0.00228201091856269
"3GCR-Ec","Model B","Temperature",30.4807379327756,0.00047747541711745,0.00200056315137069
"3GCR-Ec","Model B","Temperature",30.556458437841,0.000418166669434887,0.00175206680807415
"3GCR-Ec","Model B","Temperature",30.6321789429064,0.000365524531161085,0.00153150273657552
"3GCR-Ec","Model B","Temperature",30.7078994479718,0.000318258119147986,0.00133346229557906
"3GCR-Ec","Model B","Temperature",30.7836199530373,0.00027598422326168,0.00115633988185232
"3GCR-Ec","Model B","Temperature",30.8593404581027,0.000238330362279683,0.000998574844979457
"3GCR-Ec","Model B","Temperature",30.9350609631681,0.000205858925408713,0.000862523526425096
"3GCR-Ec","Model B","Temperature",31.0107814682335,0.000177360008922065,0.000743116578688658
"3GCR-Ec","Model B","Temperature",31.0865019732989,0.000152151580511671,0.000637496370456251
"3GCR-Ec","Model B","Temperature",31.1622224783644,0.000129951240388457,0.000544479681415958
"3GCR-Ec","Model B","Temperature",31.2379429834298,0.000110489059663026,0.000462935542788531
"3GCR-Ec","Model B","Temperature",31.3136634884952,9.41178921703289e-05,0.000394342368655021
"3GCR-Ec","Model B","Temperature",31.3893839935606,7.98905364296759e-05,0.000334731501548975
"3GCR-Ec","Model B","Temperature",31.465104498626,6.74956714233799e-05,0.000282798544774971
"3GCR-Ec","Model B","Temperature",31.5408250036915,5.67502556490884e-05,0.000237776576997063
"3GCR-Ec","Model B","Temperature",31.6165455087569,4.74819533515598e-05,0.000198943532640271
"3GCR-Ec","Model B","Temperature",31.6922660138223,3.98876210494718e-05,0.000167124216256315
"3GCR-Ec","Model B","Temperature",31.7679865188877,3.33436235476938e-05,0.00013970567323738
"3GCR-Ec","Model B","Temperature",31.8437070239531,2.77301536152182e-05,0.000116185926051158
"3GCR-Ec","Model B","Temperature",31.9194275290186,2.29413688907118e-05,9.61215082481834e-05
"3GCR-Ec","Model B","Temperature",31.995148034084,1.89022899449521e-05,7.91982652608352e-05
"3GCR-Ec","Model B","Temperature",32.0708685391494,1.56411585932295e-05,6.55345268145249e-05
"3GCR-Ec","Model B","Temperature",32.1465890442148,1.28709216542411e-05,5.3927575457398e-05
"3GCR-Ec","Model B","Wet Days",0,9.85970928211745e-05,0.00476416215771488
"3GCR-Ec","Model B","Wet Days",0.610567514677104,0.00010374673537825,0.00501299030765508
"3GCR-Ec","Model B","Wet Days",1.22113502935421,0.000108984796553208,0.00526609080094036
"3GCR-Ec","Model B","Wet Days",1.83170254403131,0.000114281944889927,0.00552204635629706
"3GCR-Ec","Model B","Wet Days",2.44227005870841,0.000119631756770743,0.00578054658773596
"3GCR-Ec","Model B","Wet Days",3.05283757338552,0.000125033677003004,0.00604156466862613
"3GCR-Ec","Model B","Wet Days",3.66340508806262,0.000130477139047534,0.00630459002908521
"3GCR-Ec","Model B","Wet Days",4.27397260273973,0.000135943377321532,0.00656871592554816
"3GCR-Ec","Model B","Wet Days",4.88454011741683,0.000141427069705683,0.00683368519587445
"3GCR-Ec","Model B","Wet Days",5.49510763209393,0.000146923252223021,0.00709925798318256
"3GCR-Ec","Model B","Wet Days",6.10567514677104,0.000152422643455686,0.00736498581400868
"3GCR-Ec","Model B","Wet Days",6.71624266144814,0.000157919206614688,0.00763057699373139
"3GCR-Ec","Model B","Wet Days",7.32681017612524,0.000163410581478684,0.00789591747763721
"3GCR-Ec","Model B","Wet Days",7.93737769080235,0.000168893184754096,0.00816083412277459
"3GCR-Ec","Model B","Wet Days",8.54794520547945,0.0001743640435533,0.00842518328070201
"3GCR-Ec","Model B","Wet Days",9.15851272015655,0.000179828039641658,0.00868920083587746
"3GCR-Ec","Model B","Wet Days",9.76908023483366,0.000185287572866001,0.00895300274769831
"3GCR-Ec","Model B","Wet Days",10.3796477495108,0.000190746096301346,0.00921675586702034
"3GCR-Ec","Model B","Wet Days",10.9902152641879,0.00019621634679995,0.00948107563216735
"3GCR-Ec","Model B","Wet Days",11.600782778865,0.000201707077409245,0.0097463849860086
"3GCR-Ec","Model B","Wet Days",12.2113502935421,0.000207226883436782,0.0100130992495013
"3GCR-Ec","Model B","Wet Days",12.8219178082192,0.000212790353854026,0.0102819233544419
"3GCR-Ec","Model B","Wet Days",13.4324853228963,0.000218440371951443,0.0105549293999542
"3GCR-Ec","Model B","Wet Days",14.0430528375734,0.00022417675843093,0.0108321087224436
"3GCR-Ec","Model B","Wet Days",14.6536203522505,0.000230015154624696,0.0111142171032509
"3GCR-Ec","Model B","Wet Days",15.2641878669276,0.000235982650276086,0.0114025635052107
"3GCR-Ec","Model B","Wet Days",15.8747553816047,0.000242171761199975,0.0117016182461752
"3GCR-Ec","Model B","Wet Days",16.4853228962818,0.000248555165266955,0.0120100611345316
"3GCR-Ec","Model B","Wet Days",17.0958904109589,0.000255155705986536,0.0123289959572218
"3GCR-Ec","Model B","Wet Days",17.706457925636,0.000262010891715861,0.0126602350992824
"3GCR-Ec","Model B","Wet Days",18.3170254403131,0.000269286691116989,0.013011798083364
"3GCR-Ec","Model B","Wet Days",18.9275929549902,0.000276906146709675,0.0133799663625535
"3GCR-Ec","Model B","Wet Days",19.5381604696673,0.000284898747782451,0.0137661648445076
"3GCR-Ec","Model B","Wet Days",20.1487279843444,0.000293306711743322,0.014172433453243
"3GCR-Ec","Model B","Wet Days",20.7592954990215,0.000302396117241431,0.0146116289758611
"3GCR-Ec","Model B","Wet Days",21.3698630136986,0.000312015280133008,0.0150764221104829
"3GCR-Ec","Model B","Wet Days",21.9804305283757,0.000322199073994799,0.0155684979308755
"3GCR-Ec","Model B","Wet Days",22.5909980430528,0.000332985384761105,0.0160896870664152
"3GCR-Ec","Model B","Wet Days",23.2015655577299,0.000344767492562719,0.0166589926161069
"3GCR-Ec","Model B","Wet Days",23.812133072407,0.000357293368002515,0.0172642366456723
"3GCR-Ec","Model B","Wet Days",24.4227005870841,0.000370601260688202,0.0179072673570045
"3GCR-Ec","Model B","Wet Days",25.0332681017613,0.000384729446097235,0.0185899342020095
"3GCR-Ec","Model B","Wet Days",25.6438356164384,0.000400173193118629,0.0193361683254242
"3GCR-Ec","Model B","Wet Days",26.2544031311155,0.000416605653135141,0.020130176565716
"3GCR-Ec","Model B","Wet Days",26.8649706457926,0.000434049178593453,0.0209730389819168
"3GCR-Ec","Model B","Wet Days",27.4755381604697,0.000452542471316345,0.0218666256267253
"3GCR-Ec","Model B","Wet Days",28.0861056751468,0.000472658937049274,0.0228386431786587
"3GCR-Ec","Model B","Wet Days",28.6966731898239,0.000494018072368569,0.0238707059028026
"3GCR-Ec","Model B","Wet Days",29.307240704501,0.000516609198573647,0.0249622978096918
"3GCR-Ec","Model B","Wet Days",29.9178082191781,0.000540467498276079,0.0261151189055014
"3GCR-Ec","Model B","Wet Days",30.5283757338552,0.00056621834206233,0.0273593867838474
"3GCR-Ec","Model B","Wet Days",31.1389432485323,0.000593445671821387,0.0286749977251252
"3GCR-Ec","Model B","Wet Days",31.7495107632094,0.000622091713378098,0.030059160110119
"3GCR-Ec","Model B","Wet Days",32.3600782778865,0.000652183078844458,0.0315131598227557
"3GCR-Ec","Model B","Wet Days",32.9706457925636,0.000684359513586969,0.0330679090388252
"3GCR-Ec","Model B","Wet Days",33.5812133072407,0.000718191159998148,0.0347026372539629
"3GCR-Ec","Model B","Wet Days",34.1917808219178,0.000753561986917203,0.0364117379005761
"3GCR-Ec","Model B","Wet Days",34.8023483365949,0.000790484106926376,0.0381957962525738
"3GCR-Ec","Model B","Wet Days",35.412915851272,0.000829564071306226,0.0400841205641334
"3GCR-Ec","Model B","Wet Days",36.0234833659491,0.000870380646274749,0.0420563570298196
"3GCR-Ec","Model B","Wet Days",36.6340508806262,0.000912755088655019,0.0441038688688198
"3GCR-Ec","Model B","Wet Days",37.2446183953033,0.000956678894038521,0.0462262451523726
"3GCR-Ec","Model B","Wet Days",37.8551859099804,0.00100267188889528,0.0484486036352335
"3GCR-Ec","Model B","Wet Days",38.4657534246575,0.00105034077713727,0.0507519404473513
"3GCR-Ec","Model B","Wet Days",39.0763209393346,0.00109945076079446,0.0531249102683776
"3GCR-Ec","Model B","Wet Days",39.6868884540117,0.00114996761464207,0.0555658593525875
"3GCR-Ec","Model B","Wet Days",40.2974559686888,0.00120227186378484,0.0580931744825134
"3GCR-Ec","Model B","Wet Days",40.9080234833659,0.0012560102867579,0.0606897881738307
"3GCR-Ec","Model B","Wet Days",41.5185909980431,0.00131091374193114,0.063342695637731
"3GCR-Ec","Model B","Wet Days",42.1291585127202,0.00136691976099574,0.0660488784368094
"3GCR-Ec","Model B","Wet Days",42.7397260273973,0.00142422710825311,0.0688179407625901
"3GCR-Ec","Model B","Wet Days",43.3502935420744,0.00148252423990972,0.071634828974958
"3GCR-Ec","Model B","Wet Days",43.9608610567515,0.00154154630464765,0.0744867455908431
"3GCR-Ec","Model B","Wet Days",44.5714285714286,0.00160120421597699,0.0773693859956572
"3GCR-Ec","Model B","Wet Days",45.1819960861057,0.00166149227155888,0.0802824746552427
"3GCR-Ec","Model B","Wet Days",45.7925636007828,0.00172213035946611,0.0832124767015278
"3GCR-Ec","Model B","Wet Days",46.4031311154599,0.00178291154416282,0.0861493931130324
"3GCR-Ec","Model B","Wet Days",47.013698630137,0.00184372693268144,0.0890879622360861
"3GCR-Ec","Model B","Wet Days",47.6242661448141,0.00190437091706353,0.0920182491970839
"3GCR-Ec","Model B","Wet Days",48.2348336594912,0.00196457466030277,0.0949272639264878
"3GCR-Ec","Model B","Wet Days",48.8454011741683,0.00202425087024153,0.097810788510947
"3GCR-Ec","Model B","Wet Days",49.4559686888454,0.00208328283630903,0.100663183554119
"3GCR-Ec","Model B","Wet Days",50.0665362035225,0.0021412995867323,0.103466523885679
"3GCR-Ec","Model B","Wet Days",50.6771037181996,0.00219801916544832,0.106207185529836
"3GCR-Ec","Model B","Wet Days",51.2876712328767,0.00225353205020234,0.108889540325939
"3GCR-Ec","Model B","Wet Days",51.8982387475538,0.00230772950271498,0.111508334094773
"3GCR-Ec","Model B","Wet Days",52.5088062622309,0.00236013585227543,0.11404058266576
"3GCR-Ec","Model B","Wet Days",53.119373776908,0.00241043605559282,0.116471063304826
"3GCR-Ec","Model B","Wet Days",53.7299412915851,0.00245893826205966,0.118814665636328
"3GCR-Ec","Model B","Wet Days",54.3405088062622,0.00250555862117706,0.121067338046142
"3GCR-Ec","Model B","Wet Days",54.9510763209393,0.00254979310447985,0.123204726131199
"3GCR-Ec","Model B","Wet Days",55.5616438356164,0.00259128759535752,0.125209719154184
"3GCR-Ec","Model B","Wet Days",56.1722113502935,0.00263057554868455,0.127108093387532
"3GCR-Ec","Model B","Wet Days",56.7827788649706,0.00266761258543498,0.128897704458928
"3GCR-Ec","Model B","Wet Days",57.3933463796477,0.00270194336371389,0.130556550476001
"3GCR-Ec","Model B","Wet Days",58.0039138943249,0.0027331901405054,0.132066379085356
"3GCR-Ec","Model B","Wet Days",58.614481409002,0.00276207784414089,0.133462218460996
"3GCR-Ec","Model B","Wet Days",59.2250489236791,0.00278861044567488,0.134744260482288
"3GCR-Ec","Model B","Wet Days",59.8356164383562,0.00281244325002188,0.135895849655289
"3GCR-Ec","Model B","Wet Days",60.4461839530333,0.00283321415419563,0.136899489345007
"3GCR-Ec","Model B","Wet Days",61.0567514677104,0.00285176357707844,0.137795788171038
"3GCR-Ec","Model B","Wet Days",61.6673189823875,0.00286814468319859,0.13858731501677
"3GCR-Ec","Model B","Wet Days",62.2778864970646,0.00288215795003545,0.139264429053908
"3GCR-Ec","Model B","Wet Days",62.8884540117417,0.00289351552900613,0.139813221583049
"3GCR-Ec","Model B","Wet Days",63.4990215264188,0.00290306468725688,0.140274632128478
"3GCR-Ec","Model B","Wet Days",64.1095890410959,0.00291090003098837,0.140653232014439
"3GCR-Ec","Model B","Wet Days",64.720156555773,0.00291696877157783,0.140946470521114
"3GCR-Ec","Model B","Wet Days",65.3307240704501,0.00292112416613813,0.141147257105668
"3GCR-Ec","Model B","Wet Days",65.9412915851272,0.00292409748126937,0.141290926204075
"3GCR-Ec","Model B","Wet Days",66.5518590998043,0.00292600985596753,0.141383331191967
"3GCR-Ec","Model B","Wet Days",67.1624266144814,0.00292692648647248,0.141427622319011
"3GCR-Ec","Model B","Wet Days",67.7729941291585,0.00292690147262813,0.141426413662577
"3GCR-Ec","Model B","Wet Days",68.3835616438356,0.00292643643337132,0.141403943198532
"3GCR-Ec","Model B","Wet Days",68.9941291585127,0.00292566004401127,0.141366428453391
"3GCR-Ec","Model B","Wet Days",69.6046966731898,0.0029247061734223,0.141320337904134
"3GCR-Ec","Model B","Wet Days",70.2152641878669,0.00292386672847456,0.141279776344567
"3GCR-Ec","Model B","Wet Days",70.825831702544,0.00292333191042218,0.141253934204059
"3GCR-Ec","Model B","Wet Days",71.4363992172211,0.00292321870671564,0.14124846425764
"3GCR-Ec","Model B","Wet Days",72.0469667318982,0.00292367353013242,0.141270441097409
"3GCR-Ec","Model B","Wet Days",72.6575342465753,0.0029252285396642,0.141345578379394
"3GCR-Ec","Model B","Wet Days",73.2681017612524,0.00292772895369282,0.141466397133304
"3GCR-Ec","Model B","Wet Days",73.8786692759295,0.00293126424525873,0.141637220651654
"3GCR-Ec","Model B","Wet Days",74.4892367906067,0.00293594420670339,0.141863354045411
"3GCR-Ec","Model B","Wet Days",75.0998043052838,0.00294250448500144,0.142180343408052
"3GCR-Ec","Model B","Wet Days",75.7103718199609,0.00295046613552063,0.142565046374754
"3GCR-Ec","Model B","Wet Days",76.320939334638,0.00295988121131192,0.143019978122876
"3GCR-Ec","Model B","Wet Days",76.9315068493151,0.00297080118501609,0.143547625784648
"3GCR-Ec","Model B","Wet Days",77.5420743639922,0.00298406214669984,0.144188388813465
"3GCR-Ec","Model B","Wet Days",78.1526418786693,0.002998961879206,0.144908336427891
"3GCR-Ec","Model B","Wet Days",78.7632093933464,0.00301550181198398,0.145707537698205
"3GCR-Ec","Model B","Wet Days",79.3737769080235,0.00303369299961452,0.146586526776215
"3GCR-Ec","Model B","Wet Days",79.9843444227006,0.00305429130345054,0.147581826504034
"3GCR-Ec","Model B","Wet Days",80.5949119373777,0.00307656021835087,0.148657849322008
"3GCR-Ec","Model B","Wet Days",81.2054794520548,0.00310042619086145,0.149811041164066
"3GCR-Ec","Model B","Wet Days",81.8160469667319,0.00312586333173753,0.151040151074863
"3GCR-Ec","Model B","Wet Days",82.426614481409,0.00315346349367266,0.152373777080213
"3GCR-Ec","Model B","Wet Days",83.0371819960861,0.00318255449374752,0.153779439638013
"3GCR-Ec","Model B","Wet Days",83.6477495107632,0.00321300382688482,0.155250736169276
"3GCR-Ec","Model B","Wet Days",84.2583170254403,0.00324475685433146,0.156785026556808
"3GCR-Ec","Model B","Wet Days",84.8688845401174,0.0032781975672509,0.158400865061365
"3GCR-Ec","Model B","Wet Days",85.4794520547945,0.00331277997575601,0.160071869724976
"3GCR-Ec","Model B","Wet Days",86.0900195694716,0.00334834256616882,0.161790236287592
"3GCR-Ec","Model B","Wet Days",86.7005870841487,0.00338481284244937,0.16355246177686
"3GCR-Ec","Model B","Wet Days",87.3111545988258,0.00342236091249869,0.165366765721385
"3GCR-Ec","Model B","Wet Days",87.9217221135029,0.00346059230217436,0.167214087328119
"3GCR-Ec","Model B","Wet Days",88.53228962818,0.00349935276361481,0.169086973417621
"3GCR-Ec","Model B","Wet Days",89.1428571428571,0.00353856363054865,0.170981622875047
"3GCR-Ec","Model B","Wet Days",89.7534246575342,0.00357820595485372,0.17289712013662
"3GCR-Ec","Model B","Wet Days",90.3639921722113,0.00361803220228983,0.174821504471796
"3GCR-Ec","Model B","Wet Days",90.9745596868885,0.00365793031395362,0.17674936125047
"3GCR-Ec","Model B","Wet Days",91.5851272015656,0.00369782644344068,0.178677122251358
"3GCR-Ec","Model B","Wet Days",92.1956947162427,0.00373755885866886,0.180596972661228
"3GCR-Ec","Model B","Wet Days",92.8062622309198,0.00377700261795366,0.182502875360443
"3GCR-Ec","Model B","Wet Days",93.4168297455969,0.00381611480895625,0.184392756846278
"3GCR-Ec","Model B","Wet Days",94.027397260274,0.00385483564610733,0.186263728309958
"3GCR-Ec","Model B","Wet Days",94.6379647749511,0.00389291827713516,0.188103861973311
"3GCR-Ec","Model B","Wet Days",95.2485322896282,0.00393032709100923,0.189911437129174
"3GCR-Ec","Model B","Wet Days",95.8590998043053,0.0039671023838222,0.191688400864567
"3GCR-Ec","Model B","Wet Days",96.4696673189824,0.00400320517500557,0.193432869657938
"3GCR-Ec","Model B","Wet Days",97.0802348336595,0.00403836286104603,0.195131671444017
"3GCR-Ec","Model B","Wet Days",97.6908023483366,0.00407259648513622,0.196785823019335
"3GCR-Ec","Model B","Wet Days",98.3013698630137,0.0041060278182368,0.198401208295741
"3GCR-Ec","Model B","Wet Days",98.9119373776908,0.0041386423483252,0.19997712605957
"3GCR-Ec","Model B","Wet Days",99.5225048923679,0.00417019408647393,0.201501690249013
"3GCR-Ec","Model B","Wet Days",100.133072407045,0.00420073542330748,0.202977432352812
"3GCR-Ec","Model B","Wet Days",100.743639921722,0.00423045156348171,0.204413301367208
"3GCR-Ec","Model B","Wet Days",101.354207436399,0.00425935261120532,0.205809785522505
"3GCR-Ec","Model B","Wet Days",101.964774951076,0.00428725747162814,0.207158134406217
"3GCR-Ec","Model B","Wet Days",102.575342465753,0.00431423529644713,0.208461689393718
"3GCR-Ec","Model B","Wet Days",103.185909980431,0.00434050266141208,0.209730915316797
"3GCR-Ec","Model B","Wet Days",103.796477495108,0.00436609077952711,0.210967320372186
"3GCR-Ec","Model B","Wet Days",104.407045009785,0.00439090306870704,0.212166237761888
"3GCR-Ec","Model B","Wet Days",105.017612524462,0.00441502137030738,0.213331622019222
"3GCR-Ec","Model B","Wet Days",105.628180039139,0.00443865283523286,0.214473482572185
"3GCR-Ec","Model B","Wet Days",106.238747553816,0.0044618430140471,0.215594020401204
"3GCR-Ec","Model B","Wet Days",106.849315068493,0.00448457966512688,0.216692643997175
"3GCR-Ec","Model B","Wet Days",107.45988258317,0.00450696052551602,0.217774075965118
"3GCR-Ec","Model B","Wet Days",108.070450097847,0.00452914165119118,0.218845856851687
"3GCR-Ec","Model B","Wet Days",108.681017612524,0.00455117398792019,0.219910448330878
"3GCR-Ec","Model B","Wet Days",109.291585127202,0.00457311249511959,0.220970506014178
"3GCR-Ec","Model B","Wet Days",109.902152641879,0.00459507624632999,0.22203178347545
"3GCR-Ec","Model B","Wet Days",110.512720156556,0.00461713671031271,0.223097734049457
"3GCR-Ec","Model B","Wet Days",111.123287671233,0.00463934086625807,0.224170627747152
"3GCR-Ec","Model B","Wet Days",111.73385518591,0.00466178314092346,0.225255027222173
"3GCR-Ec","Model B","Wet Days",112.344422700587,0.00468460658747913,0.22635784473208
"3GCR-Ec","Model B","Wet Days",112.954990215264,0.00470778076472989,0.227477609373564
"3GCR-Ec","Model B","Wet Days",113.565557729941,0.00473134099311416,0.228616027812524
"3GCR-Ec","Model B","Wet Days",114.176125244618,0.00475539125605901,0.229778124476091
"3GCR-Ec","Model B","Wet Days",114.786692759295,0.00478009541407681,0.23097181702218
"3GCR-Ec","Model B","Wet Days",115.397260273973,0.00480532433035378,0.232190865624605
"3GCR-Ec","Model B","Wet Days",116.00782778865,0.00483109753141864,0.23343621379546
"3GCR-Ec","Model B","Wet Days",116.618395303327,0.00485750462517506,0.234712191343781
"3GCR-Ec","Model B","Wet Days",117.228962818004,0.00488472184264695,0.236027313664406
"3GCR-Ec","Model B","Wet Days",117.839530332681,0.00491254387561457,0.237371660366955
"3GCR-Ec","Model B","Wet Days",118.450097847358,0.00494097498250004,0.238745437216252
"3GCR-Ec","Model B","Wet Days",119.060665362035,0.00497007794277802,0.240151677685078
"3GCR-Ec","Model B","Wet Days",119.671232876712,0.00500003221603866,0.241599053170977
"3GCR-Ec","Model B","Wet Days",120.281800391389,0.00503059084474165,0.243075630809249
"3GCR-Ec","Model B","Wet Days",120.892367906067,0.00506174791682379,0.244581124931963
"3GCR-Ec","Model B","Wet Days",121.502935420744,0.00509353962617957,0.246117284409977
"3GCR-Ec","Model B","Wet Days",122.113502935421,0.0051261463143985,0.2476928232586
"3GCR-Ec","Model B","Wet Days",122.724070450098,0.00515931395236819,0.249295466918313
"3GCR-Ec","Model B","Wet Days",123.334637964775,0.00519303476981631,0.250924839933447
"3GCR-Ec","Model B","Wet Days",123.945205479452,0.00522732799952659,0.252581871622484
"3GCR-Ec","Model B","Wet Days",124.555772994129,0.00526238727936963,0.254275918470375
"3GCR-Ec","Model B","Wet Days",125.166340508806,0.00529797275922201,0.25599539103925
"3GCR-Ec","Model B","Wet Days",125.776908023483,0.00533408401330755,0.257740268755817
"3GCR-Ec","Model B","Wet Days",126.38747553816,0.00537073573884103,0.259511261782135
"3GCR-Ec","Model B","Wet Days",126.998043052838,0.00540816721588756,0.261319932011144
"3GCR-Ec","Model B","Wet Days",127.608610567515,0.00544614994525294,0.263155238476188
"3GCR-Ec","Model B","Wet Days",128.219178082192,0.00548469823299247,0.265017872438697
"3GCR-Ec","Model B","Wet Days",128.829745596869,0.00552382998443538,0.266908699075214
"3GCR-Ec","Model B","Wet Days",129.440313111546,0.00556388170916931,0.268843978360524
"3GCR-Ec","Model B","Wet Days",130.050880626223,0.00560460498817344,0.270811706811924
"3GCR-Ec","Model B","Wet Days",130.6614481409,0.00564603203671228,0.272813441054865
"3GCR-Ec","Model B","Wet Days",131.272015655577,0.00568819532274339,0.274850749924799
"3GCR-Ec","Model B","Wet Days",131.882583170254,0.00573154905902715,0.276945580754885
"3GCR-Ec","Model B","Wet Days",132.493150684931,0.0057758114834741,0.279084318942038
"3GCR-Ec","Model B","Wet Days",133.103718199609,0.00582101622973383,0.281268589647365
"3GCR-Ec","Model B","Wet Days",133.714285714286,0.00586721104334434,0.283500699911357
"3GCR-Ec","Model B","Wet Days",134.324853228963,0.00591497881440116,0.285808814691577
"3GCR-Ec","Model B","Wet Days",134.93542074364,0.00596398446061296,0.288176742979483
"3GCR-Ec","Model B","Wet Days",135.545988258317,0.00601423923808363,0.290605028664381
"3GCR-Ec","Model B","Wet Days",136.156555772994,0.0060657977035049,0.293096307898297
"3GCR-Ec","Model B","Wet Days",136.767123287671,0.00611935720910098,0.295684276391542
"3GCR-Ec","Model B","Wet Days",137.377690802348,0.0061745172614985,0.298349582504841
"3GCR-Ec","Model B","Wet Days",137.988258317025,0.0062312386814225,0.301090333115246
"3GCR-Ec","Model B","Wet Days",138.598825831703,0.00628956984337867,0.30390886565465
"3GCR-Ec","Model B","Wet Days",139.20939334638,0.00635027080655374,0.306841905802396
"3GCR-Ec","Model B","Wet Days",139.819960861057,0.00641288444536001,0.309867365478968
"3GCR-Ec","Model B","Wet Days",140.430528375734,0.00647729439935605,0.312979622206096
"3GCR-Ec","Model B","Wet Days",141.041095890411,0.00654352783227699,0.316179988521864
"3GCR-Ec","Model B","Wet Days",141.651663405088,0.00661232539710535,0.319504252407541
"3GCR-Ec","Model B","Wet Days",142.262230919765,0.00668319871247437,0.322928815520019
"3GCR-Ec","Model B","Wet Days",142.872798434442,0.00675593993365462,0.326443634906037
"3GCR-Ec","Model B","Wet Days",143.483365949119,0.00683054115830018,0.330048328728198
"3GCR-Ec","Model B","Wet Days",144.093933463796,0.00690762629403011,0.333773043890266
"3GCR-Ec","Model B","Wet Days",144.704500978474,0.00698670795932022,0.337594230361023
"3GCR-Ec","Model B","Wet Days",145.315068493151,0.00706749524762901,0.34149783168204
"3GCR-Ec","Model B","Wet Days",145.925636007828,0.00714993575222286,0.345481315586188
"3GCR-Ec","Model B","Wet Days",146.536203522505,0.00723444368748778,0.349564696705203
"3GCR-Ec","Model B","Wet Days",147.146771037182,0.00732055986162486,0.353725787121278
"3GCR-Ec","Model B","Wet Days",147.757338551859,0.00740794766310654,0.357948321933942
"3GCR-Ec","Model B","Wet Days",148.367906066536,0.0074965076748186,0.362227497358015
"3GCR-Ec","Model B","Wet Days",148.978473581213,0.00758637529069292,0.366569855560493
"3GCR-Ec","Model B","Wet Days",149.58904109589,0.00767713120169403,0.370955135738729
"3GCR-Ec","Model B","Wet Days",150.199608610568,0.00776845902417089,0.375368050393119
"3GCR-Ec","Model B","Wet Days",150.810176125245,0.00786021787540064,0.379801792141033
"3GCR-Ec","Model B","Wet Days",151.420743639922,0.00795223352618655,0.384247942314921
"3GCR-Ec","Model B","Wet Days",152.031311154599,0.00804411699146733,0.388687705351386
"3GCR-Ec","Model B","Wet Days",152.641878669276,0.0081356588053715,0.393110959964398
"3GCR-Ec","Model B","Wet Days",153.252446183953,0.0082266895679227,0.397509520831917
"3GCR-Ec","Model B","Wet Days",153.86301369863,0.00831673901891216,0.401860665216114
"3GCR-Ec","Model B","Wet Days",154.473581213307,0.00840541826784118,0.406145602122808
"3GCR-Ec","Model B","Wet Days",155.084148727984,0.00849271814219074,0.410363888340474
"3GCR-Ec","Model B","Wet Days",155.694716242661,0.00857845875362212,0.414506831754653
"3GCR-Ec","Model B","Wet Days",156.305283757339,0.0086619282005481,0.4185400336371
"3GCR-Ec","Model B","Wet Days",156.915851272016,0.00874269340966531,0.422442568102634
"3GCR-Ec","Model B","Wet Days",157.526418786693,0.0088210284073688,0.426227675969461
"3GCR-Ec","Model B","Wet Days",158.13698630137,0.00889676250385182,0.429887109591581
"3GCR-Ec","Model B","Wet Days",158.747553816047,0.00896902550030899,0.433378821398426
"3GCR-Ec","Model B","Wet Days",159.358121330724,0.00903729242492092,0.436677445014537
"3GCR-Ec","Model B","Wet Days",159.968688845401,0.00910217695807415,0.43981263316892
"3GCR-Ec","Model B","Wet Days",160.579256360078,0.00916353534477974,0.44277743969249
"3GCR-Ec","Model B","Wet Days",161.189823874755,0.00922043487641729,0.445526796571713
"3GCR-Ec","Model B","Wet Days",161.800391389432,0.00927221909888286,0.448028984272974
"3GCR-Ec","Model B","Wet Days",162.41095890411,0.00931986053533573,0.450330994628386
"3GCR-Ec","Model B","Wet Days",163.021526418787,0.00936325531112647,0.452427808466901
"3GCR-Ec","Model B","Wet Days",163.632093933464,0.00940149974665022,0.454275760442482
"3GCR-Ec","Model B","Wet Days",164.242661448141,0.00943378406123016,0.455835722358281
"3GCR-Ec","Model B","Wet Days",164.853228962818,0.00946141826432098,0.457170993215229
"3GCR-Ec","Model B","Wet Days",165.463796477495,0.00948434510773745,0.458278806809679
"3GCR-Ec","Model B","Wet Days",166.074363992172,0.00950176424260562,0.459120490684776
"3GCR-Ec","Model B","Wet Days",166.684931506849,0.00951271419639645,0.459649586969325
"3GCR-Ec","Model B","Wet Days",167.295499021526,0.00951878481704687,0.459942916319604
"3GCR-Ec","Model B","Wet Days",167.906066536204,0.00951996619684636,0.46
"3GCR-Ec","Model B","Wet Days",168.516634050881,0.0095156112077731,0.459789569108516
"3GCR-Ec","Model B","Wet Days",169.127201565558,0.00950463316421032,0.459259115540251
"3GCR-Ec","Model B","Wet Days",169.737769080235,0.00948881740573481,0.458494906009639
"3GCR-Ec","Model B","Wet Days",170.348336594912,0.00946819739866751,0.457498557592551
"3GCR-Ec","Model B","Wet Days",170.958904109589,0.00944230332735022,0.456247369031619
"3GCR-Ec","Model B","Wet Days",171.569471624266,0.00940997223608918,0.454685146890011
"3GCR-Ec","Model B","Wet Days",172.180039138943,0.00937308551885115,0.452902799182188
"3GCR-Ec","Model B","Wet Days",172.79060665362,0.00933171318119975,0.450903708541935
"3GCR-Ec","Model B","Wet Days",173.401174168297,0.00928556376864267,0.448673792034113
"3GCR-Ec","Model B","Wet Days",174.011741682975,0.00923346442002856,0.446156377595138
"3GCR-Ec","Model B","Wet Days",174.622309197652,0.00917728868167309,0.443441994044903
"3GCR-Ec","Model B","Wet Days",175.232876712329,0.00911713494268817,0.440535395496031
"3GCR-Ec","Model B","Wet Days",175.843444227006,0.00905287282248909,0.437430282023951
"3GCR-Ec","Model B","Wet Days",176.454011741683,0.0089833964973021,0.434073220777599
"3GCR-Ec","Model B","Wet Days",177.06457925636,0.00891047141604109,0.430549517364537
"3GCR-Ec","Model B","Wet Days",177.675146771037,0.00883421573642042,0.426864881106361
"3GCR-Ec","Model B","Wet Days",178.285714285714,0.00875462950350429,0.423019314180551
"3GCR-Ec","Model B","Wet Days",178.896281800391,0.00867075318766246,0.418966452595809
"3GCR-Ec","Model B","Wet Days",179.506849315068,0.00858415341196844,0.414781994794641
"3GCR-Ec","Model B","Wet Days",180.117416829746,0.00849495922770494,0.410472176470412
"3GCR-Ec","Model B","Wet Days",180.727984344423,0.0084032617124041,0.406041398443872
"3GCR-Ec","Model B","Wet Days",181.3385518591,0.00830831969328503,0.401453847617353
"3GCR-Ec","Model B","Wet Days",181.949119373777,0.0082114247884895,0.396771934332755
"3GCR-Ec","Model B","Wet Days",182.559686888454,0.00811270773205179,0.392001975593155
"3GCR-Ec","Model B","Wet Days",183.170254403131,0.00801229922393712,0.387150286755431
"3GCR-Ec","Model B","Wet Days",183.780821917808,0.00790975455210781,0.382195379556589
"3GCR-Ec","Model B","Wet Days",184.391389432485,0.00780601081853309,0.377182534294578
"3GCR-Ec","Model B","Wet Days",185.001956947162,0.007701198848798,0.372118072396161
"3GCR-Ec","Model B","Wet Days",185.61252446184,0.00759544145538935,0.36700792809921
"3GCR-Ec","Model B","Wet Days",186.223091976517,0.00748863230001343,0.361846963190617
"3GCR-Ec","Model B","Wet Days",186.833659491194,0.00738131016513515,0.356661211369317
"3GCR-Ec","Model B","Wet Days",187.444227005871,0.00727360175458192,0.351456794900811
"3GCR-Ec","Model B","Wet Days",188.054794520548,0.00716561316444731,0.346238840295218
"3GCR-Ec","Model B","Wet Days",188.665362035225,0.00705748787402647,0.341014280400241
"3GCR-Ec","Model B","Wet Days",189.275929549902,0.00694945166443351,0.335794024846264
"3GCR-Ec","Model B","Wet Days",189.886497064579,0.00684159218330214,0.330582308723063
"3GCR-Ec","Model B","Wet Days",190.497064579256,0.00673399181408443,0.325383112757793
"3GCR-Ec","Model B","Wet Days",191.107632093933,0.00662695012000683,0.320210911695566
"3GCR-Ec","Model B","Wet Days",191.718199608611,0.0065204704619876,0.315065867934269
"3GCR-Ec","Model B","Wet Days",192.328767123288,0.00641457914100861,0.309949252324176
"3GCR-Ec","Model B","Wet Days",192.939334637965,0.00630933108270904,0.304863718844673
"3GCR-Ec","Model B","Wet Days",193.549902152642,0.00620509557444309,0.299827111275812
"3GCR-Ec","Model B","Wet Days",194.160469667319,0.00610173978342052,0.294833011203678
"3GCR-Ec","Model B","Wet Days",194.771037181996,0.00599922197662854,0.289879402109989
"3GCR-Ec","Model B","Wet Days",195.381604696673,0.00589757013309217,0.284967635927225
"3GCR-Ec","Model B","Wet Days",195.99217221135,0.00579715570752153,0.280115661160991
"3GCR-Ec","Model B","Wet Days",196.602739726027,0.00569778331436948,0.27531403687948
"3GCR-Ec","Model B","Wet Days",197.213307240704,0.00559935146553569,0.270557859228498
"3GCR-Ec","Model B","Wet Days",197.823874755382,0.0055018660672518,0.265847413594201
"3GCR-Ec","Model B","Wet Days",198.434442270059,0.00540565935373912,0.261198753367814
"3GCR-Ec","Model B","Wet Days",199.045009784736,0.00531052925725373,0.256602114737125
"3GCR-Ec","Model B","Wet Days",199.655577299413,0.00521633322839194,0.252050609786322
"3GCR-Ec","Model B","Wet Days",200.26614481409,0.00512306334480458,0.24754385571146
"3GCR-Ec","Model B","Wet Days",200.876712328767,0.00503099873414097,0.243095339820795
"3GCR-Ec","Model B","Wet Days",201.487279843444,0.0049399675929911,0.238696760659578
"3GCR-Ec","Model B","Wet Days",202.097847358121,0.00484980796109681,0.234340292389227
"3GCR-Ec","Model B","Wet Days",202.708414872798,0.00476050778545163,0.230025352614505
"3GCR-Ec","Model B","Wet Days",203.318982387476,0.0046723017780478,0.225763282501357
"3GCR-Ec","Model B","Wet Days",203.929549902153,0.0045850690678157,0.221548241620218
"3GCR-Ec","Model B","Wet Days",204.54011741683,0.00449864465761594,0.217372257391927
"3GCR-Ec","Model B","Wet Days",205.150684931507,0.00441302116405393,0.213234973054555
"3GCR-Ec","Model B","Wet Days",205.761252446184,0.00432841058633486,0.209146632303549
"3GCR-Ec","Model B","Wet Days",206.371819960861,0.00424475237579584,0.205104309457833
"3GCR-Ec","Model B","Wet Days",206.982387475538,0.00416188318114339,0.201100111464698
"3GCR-Ec","Model B","Wet Days",207.592954990215,0.00407980604638263,0.197134185408946
"3GCR-Ec","Model B","Wet Days",208.203522504892,0.00399873367232719,0.193216808887394
"3GCR-Ec","Model B","Wet Days",208.814090019569,0.00391866918050218,0.18934813273057
"3GCR-Ec","Model B","Wet Days",209.424657534247,0.00383944144862498,0.18551988839546
"3GCR-Ec","Model B","Wet Days",210.035225048924,0.00376106531609493,0.181732792914411
"3GCR-Ec","Model B","Wet Days",210.645792563601,0.00368376952074157,0.177997898784815
"3GCR-Ec","Model B","Wet Days",211.256360078278,0.00360762165346889,0.174318471965313
"3GCR-Ec","Model B","Wet Days",211.866927592955,0.00353242192863553,0.170684858913745
"3GCR-Ec","Model B","Wet Days",212.477495107632,0.00345819377835572,0.167098191858139
"3GCR-Ec","Model B","Wet Days",213.088062622309,0.00338518354853983,0.163570374109539
"3GCR-Ec","Model B","Wet Days",213.698630136986,0.00331352222505571,0.160107734839494
"3GCR-Ec","Model B","Wet Days",214.309197651663,0.00324295611549478,0.156698015757847
"3GCR-Ec","Model B","Wet Days",214.91976516634,0.00317351050614324,0.153342438685284
"3GCR-Ec","Model B","Wet Days",215.530332681018,0.00310543679794135,0.150053151189364
"3GCR-Ec","Model B","Wet Days",216.140900195695,0.00303892450345436,0.14683931042235
"3GCR-Ec","Model B","Wet Days",216.751467710372,0.0029736460512981,0.143685088298975
"3GCR-Ec","Model B","Wet Days",217.362035225049,0.00290962028058897,0.140591395115909
"3GCR-Ec","Model B","Wet Days",217.972602739726,0.0028470815105836,0.13756955306231
"3GCR-Ec","Model B","Wet Days",218.583170254403,0.00278626602423113,0.134630979211974
"3GCR-Ec","Model B","Wet Days",219.19373776908,0.00272676686075999,0.131756009424184
"3GCR-Ec","Model B","Wet Days",219.804305283757,0.00266858893242348,0.128944881056558
"3GCR-Ec","Model B","Wet Days",220.414872798434,0.00261192535084324,0.126206925165964
"3GCR-Ec","Model B","Wet Days",221.025440313112,0.00255703831318927,0.123554810988374
"3GCR-Ec","Model B","Wet Days",221.636007827789,0.00250345617422392,0.120965748862059
"3GCR-Ec","Model B","Wet Days",222.246575342466,0.00245116542063545,0.118439085830559
"3GCR-Ec","Model B","Wet Days",222.857142857143,0.00240029985047986,0.115981286948949
"3GCR-Ec","Model B","Wet Days",223.46771037182,0.00235111816232347,0.113604852402424
"3GCR-Ec","Model B","Wet Days",224.078277886497,0.00230311910186185,0.11128556183397
"3GCR-Ec","Model B","Wet Days",224.688845401174,0.00225627057001335,0.109021864232035
"3GCR-Ec","Model B","Wet Days",225.299412915851,0.00221064079289715,0.106817056248535
"3GCR-Ec","Model B","Wet Days",225.909980430528,0.0021664512085485,0.104681837658461
"3GCR-Ec","Model B","Wet Days",226.520547945205,0.00212322035869097,0.102592944638962
"3GCR-Ec","Model B","Wet Days",227.131115459883,0.00208090193300005,0.100548139498344
"3GCR-Ec","Model B","Wet Days",227.74168297456,0.00203950605880269,0.0985479115839742
"3GCR-Ec","Model B","Wet Days",228.352250489237,0.0019991861694047,0.0965996747163666
"3GCR-Ec","Model B","Wet Days",228.962818003914,0.00195953335128316,0.0946836703988351
"3GCR-Ec","Model B","Wet Days",229.573385518591,0.00192049498718156,0.0927973561918914
"3GCR-Ec","Model B","Wet Days",230.183953033268,0.00188204183118097,0.0909393189473756
"3GCR-Ec","Model B","Wet Days",230.794520547945,0.00184424025088995,0.0891127655149037
"3GCR-Ec","Model B","Wet Days",231.405088062622,0.00180679686202828,0.0873035197129516
"3GCR-Ec","Model B","Wet Days",232.015655577299,0.00176966226109174,0.0855091943889326
"3GCR-Ec","Model B","Wet Days",232.626223091976,0.00173279195308642,0.0837276395670187
"3GCR-Ec","Model B","Wet Days",233.236790606654,0.00169616518249615,0.0819578523510613
"3GCR-Ec","Model B","Wet Days",233.847358121331,0.00165962569164643,0.0801922824484668
"3GCR-Ec","Model B","Wet Days",234.457925636008,0.00162313614537649,0.0784291258429598
"3GCR-Ec","Model B","Wet Days",235.068493150685,0.00158665909818176,0.0766665731865086
"3GCR-Ec","Model B","Wet Days",235.679060665362,0.00155010906189637,0.0749004937337427
"3GCR-Ec","Model B","Wet Days",236.289628180039,0.00151346029003935,0.0731296434275917
"3GCR-Ec","Model B","Wet Days",236.900195694716,0.00147669367653607,0.0713530990720971
"3GCR-Ec","Model B","Wet Days",237.510763209393,0.00143979040908748,0.0695699516663873
"3GCR-Ec","Model B","Wet Days",238.12133072407,0.00140265097593243,0.0677753928519889
"3GCR-Ec","Model B","Wet Days",238.731898238748,0.00136533746313932,0.0659724225966414
"3GCR-Ec","Model B","Wet Days",239.342465753425,0.00132785381531178,0.0641612315016161
"3GCR-Ec","Model B","Wet Days",239.953033268102,0.00129020165145036,0.0623418977962095
"3GCR-Ec","Model B","Wet Days",240.563600782779,0.00125232592591163,0.0605117617024923
"3GCR-Ec","Model B","Wet Days",241.174168297456,0.00121431790990459,0.0586752333995842
"3GCR-Ec","Model B","Wet Days",241.784735812133,0.0011762034543921,0.0568335619930667
"3GCR-Ec","Model B","Wet Days",242.39530332681,0.00113800258470135,0.0549877150967231
"3GCR-Ec","Model B","Wet Days",243.005870841487,0.00109974255581829,0.053139009657828
"3GCR-Ec","Model B","Wet Days",243.616438356164,0.00106149855793724,0.0512910788289233
"3GCR-Ec","Model B","Wet Days",244.227005870841,0.00102330619868541,0.0494456431527269
"3GCR-Ec","Model B","Wet Days",244.837573385519,0.000985198563827214,0.0476043013168099
"3GCR-Ec","Model B","Wet Days",245.448140900196,0.000947299196122178,0.0457730228454544
"3GCR-Ec","Model B","Wet Days",246.058708414873,0.000909640383776269,0.0439533678886063
"3GCR-Ec","Model B","Wet Days",246.66927592955,0.00087224869778951,0.0421466203436825
"3GCR-Ec","Model B","Wet Days",247.279843444227,0.00083516310848736,0.040354663237297
"3GCR-Ec","Model B","Wet Days",247.890410958904,0.000798595321724231,0.0385877260903341
"3GCR-Ec","Model B","Wet Days",248.500978473581,0.000762526944254651,0.0368449201503819
"3GCR-Ec","Model B","Wet Days",249.111545988258,0.000726955614113139,0.0351261312884513
"3GCR-Ec","Model B","Wet Days",249.722113502935,0.000691918880496234,0.0334331738629181
"3GCR-Ec","Model B","Wet Days",250.332681017613,0.000657692476181885,0.0317793711435538
"3GCR-Ec","Model B","Wet Days",250.94324853229,0.000624214806378254,0.0301617469008573
"3GCR-Ec","Model B","Wet Days",251.553816046967,0.000591438894266452,0.028578031238461
"3GCR-Ec","Model B","Wet Days",252.164383561644,0.000559394893928761,0.0270296811865227
"3GCR-Ec","Model B","Wet Days",252.774951076321,0.000528390562567187,0.0255315674189498
"3GCR-Ec","Model B","Wet Days",253.385518590998,0.000498337641837642,0.0240794253367468
"3GCR-Ec","Model B","Wet Days",253.996086105675,0.00046913674911362,0.0226684528211616
"3GCR-Ec","Model B","Wet Days",254.606653620352,0.000440806915809682,0.0212995694606169
"3GCR-Ec","Model B","Wet Days",255.217221135029,0.000413655924136895,0.0199876471374453
"3GCR-Ec","Model B","Wet Days",255.827788649706,0.000387587943477362,0.0187280553641722
"3GCR-Ec","Model B","Wet Days",256.438356164384,0.000362452587057105,0.0175135275271775
"3GCR-Ec","Model B","Wet Days",257.048923679061,0.000338256542906982,0.0163443867887636
"3GCR-Ec","Model B","Wet Days",257.659491193738,0.000315281518859005,0.0152342451303226
"3GCR-Ec","Model B","Wet Days",258.270058708415,0.000293440592256108,0.0141789024925871
"3GCR-Ec","Model B","Wet Days",258.880626223092,0.000272541941252802,0.013169090140028
"3GCR-Ec","Model B","Wet Days",259.491193737769,0.000252580884021327,0.012204581849072
"3GCR-Ec","Model B","Wet Days",260.101761252446,0.000233795999579698,0.0112969056384136
"3GCR-Ec","Model B","Wet Days",260.712328767123,0.000216120162351417,0.0104428180338061
"3GCR-Ec","Model B","Wet Days",261.3228962818,0.000199335164007537,0.00963177531805126
"3GCR-Ec","Model B","Wet Days",261.933463796477,0.000183427440032605,0.00886312206055413
"3GCR-Ec","Model B","Wet Days",262.544031311155,0.000168584917780078,0.00814593881693881
"3GCR-Ec","Model B","Wet Days",263.154598825832,0.000154764810068402,0.00747815813201608
"3GCR-Ec","Model B","Wet Days",263.765166340509,0.000141739661362903,0.0068487894682372
"3GCR-Ec","Model B","Wet Days",264.375733855186,0.00012949021993269,0.00625690259160472
"3GCR-Ec","Model B","Wet Days",264.986301369863,0.000118154289828746,0.00570915612486394
"3GCR-Ec","Model B","Wet Days",265.59686888454,0.00010771254746845,0.00520461636217791
"3GCR-Ec","Model B","Wet Days",266.207436399217,9.79443556186694e-05,0.00473262222291429
"3GCR-Ec","Model B","Wet Days",266.818003913894,8.88279565059399e-05,0.00429212238235344
"3GCR-Ec","Model B","Wet Days",267.428571428571,8.04570942550898e-05,0.00388764650966949
"3GCR-Ec","Model B","Wet Days",268.039138943249,7.2831453831986e-05,0.0035191793825709
"3GCR-Ec","Model B","Wet Days",268.649706457926,6.57499161522911e-05,0.00317700302760245
"3GCR-Ec","Model B","Wet Days",269.260273972603,5.91908729510745e-05,0.00286007334422195
"3GCR-Ec","Model B","Wet Days",269.87084148728,5.3212916385125e-05,0.00257122147610842
"3GCR-Ec","Model B","Wet Days",270.481409001957,4.78287021857726e-05,0.00231105894186302
"3GCR-Ec","Model B","Wet Days",271.091976516634,4.28648176584335e-05,0.00207120652691091
"3GCR-Ec","Model B","Wet Days",271.702544031311,3.83016749089708e-05,0.00185071775401504
"3GCR-Ec","Model B","Wet Days",272.313111545988,3.41722061547676e-05,0.00165118389143024
"3GCR-Ec","Model B","Wet Days",272.923679060665,3.0496056712174e-05,0.00147355419100617
"3GCR-Ec","Model B","Wet Days",273.534246575342,2.71311296605497e-05,0.0013109626006852
"3GCR-Ec","Model B","Wet Days",274.14481409002,2.40609079642702e-05,0.00116261102557599
"3GCR-Ec","Model B","Wet Days",274.755381604697,2.13012013740737e-05,0.0010292633849183
"3GCR-Ec","Model B","Wet Days",275.365949119374,1.88737593760826e-05,0.000911970602991642
"3GCR-Ec","Model B","Wet Days",275.976516634051,1.66675517780185e-05,0.000805367756497743
"3GCR-Ec","Model B","Wet Days",276.587084148728,1.46694817847906e-05,0.000708822014855372
"3GCR-Ec","Model B","Wet Days",277.197651663405,1.28850285097074e-05,0.000622598126076208
"3GCR-Ec","Model B","Wet Days",277.808219178082,1.13346894068948e-05,0.000547686516880576
"3GCR-Ec","Model B","Wet Days",278.418786692759,9.93552688362786e-06,0.000480079684314721
"3GCR-Ec","Model B","Wet Days",279.029354207436,8.67770897099842e-06,0.000419302552563853
"3GCR-Ec","Model B","Wet Days",279.639921722114,7.56124249285656e-06,0.000365355451352991
"3GCR-Ec","Model B","Wet Days",280.250489236791,6.60351454447604e-06,0.000319078516420073
"3GCR-Ec","Model B","Wet Days",280.861056751468,5.74518489978381e-06,0.000277604457752803
"3GCR-Ec","Model B","Wet Days",281.471624266145,4.97923380486086e-06,0.000240594084356596
"3GCR-Ec","Model B","Wet Days",282.082191780822,4.30332308079888e-06,0.000207934416597323
"3GCR-Ec","Model B","Wet Days",282.692759295499,3.73106628313137e-06,0.000180283254662078
"3GCR-Ec","Model B","Wet Days",283.303326810176,3.22173746073074e-06,0.000155672740983794
"3GCR-Ec","Model B","Wet Days",283.913894324853,2.77055508788559e-06,0.000133871834634198
"3GCR-Ec","Model B","Wet Days",284.52446183953,2.37462032232311e-06,0.000114740465006113
"3GCR-Ec","Model B","Wet Days",285.135029354207,2.04390707697673e-06,9.87605665785609e-05
"3GCR-Ec","Model B","Wet Days",285.745596868885,1.75157385466728e-06,8.46351716473382e-05
"3GCR-Ec","Model B","Wet Days",286.356164383562,1.49450652024457e-06,7.22138067612298e-05
"3GCR-Ec","Model B","Wet Days",286.966731898239,1.27010728057686e-06,6.13709478568209e-05
"3GCR-Ec","Model B","Wet Days",287.577299412916,1.08527064145567e-06,5.24397340018901e-05
"3GCR-Ec","Model B","Wet Days",288.187866927593,9.22993335547671e-07,4.45985758323991e-05
"3GCR-Ec","Model B","Wet Days",288.79843444227,7.8133300344765e-07,3.77536195144244e-05
"3GCR-Ec","Model B","Wet Days",289.409001956947,6.583617765417e-07,3.18117114018225e-05
"3GCR-Ec","Model B","Wet Days",290.019569471624,5.5839678751608e-07,2.69814531844122e-05
"3GCR-Ec","Model B","Wet Days",290.630136986301,4.71282362669251e-07,2.27721277938645e-05
"3GCR-Ec","Model B","Wet Days",291.240704500978,3.95788985578512e-07,1.91243256122513e-05
"3GCR-Ec","Model B","Wet Days",291.851272015656,3.30763222051119e-07,1.59823132769019e-05
"3GCR-Ec","Model B","Wet Days",292.461839530333,2.78327718569327e-07,1.34486560030331e-05
"3GCR-Ec","Model B","Wet Days",293.07240704501,2.3310885733492e-07,1.1263703269197e-05
"3GCR-Ec","Model B","Wet Days",293.682974559687,1.94206708560217e-07,9.38397091864607e-06
"3GCR-Ec","Model B","Wet Days",294.293542074364,1.60958755600444e-07,7.77744647882588e-06
"3GCR-Ec","Model B","Wet Days",294.904109589041,1.34357418685586e-07,6.49208319834615e-06
"3GCR-Ec","Model B","Wet Days",295.514677103718,1.11664782416071e-07,5.3955863759693e-06
"3GCR-Ec","Model B","Wet Days",296.125244618395,9.22835282583641e-08,4.45909387923141e-06
"3GCR-Ec","Model B","Wet Days",296.735812133072,7.58480803367967e-08,3.66494126486336e-06
"3GCR-Ec","Model B","Wet Days",297.346379647749,6.27977807643213e-08,3.03435732378515e-06
"3GCR-Ec","Model B","Wet Days",297.956947162427,5.1789473877051e-08,2.50244144683363e-06
"3GCR-Ec","Model B","Wet Days",298.567514677104,4.24554355401423e-08,2.05142538793204e-06
"3GCR-Ec","Model B","Wet Days",299.178082191781,3.46017779859022e-08,1.67194058722475e-06
"3GCR-Ec","Model B","Wet Days",299.788649706458,2.84114654790812e-08,1.37282778637457e-06
"3GCR-Ec","Model B","Wet Days",300.399217221135,2.32501731313196e-08,1.12343672438143e-06
"3GCR-Ec","Model B","Wet Days",301.009784735812,1.89053643256152e-08,9.13497738328507e-07
"3GCR-Ec","Model B","Wet Days",301.620352250489,1.52781664185625e-08,7.38233351591822e-07
"3GCR-Ec","Model B","Wet Days",302.230919765166,1.24394967425754e-08,6.01070254165425e-07
"3GCR-Ec","Model B","Wet Days",302.841487279843,1.01010369433904e-08,4.88077047531828e-07
"3GCR-Ec","Model B","Wet Days",303.452054794521,8.14661395556543e-09,3.93640307336543e-07
"3GCR-Ec","Model B","Wet Days",304.062622309198,6.52773534152598e-09,3.1541690327605e-07
"3GCR-Ec","Model B","Wet Days",304.673189823875,5.26949774299618e-09,2.54619492512612e-07
"3GCR-Ec","Model B","Wet Days",305.283757338552,4.24581303274413e-09,2.05155559870506e-07
"3GCR-Ec","Model B","Wet Days",305.894324853229,3.39634470296351e-09,1.64109675502919e-07
"3GCR-Ec","Model B","Wet Days",306.504892367906,2.69821403532067e-09,1.30376351195309e-07
"3GCR-Ec","Model B","Wet Days",307.115459882583,2.15920948860207e-09,1.04331921376567e-07
"3GCR-Ec","Model B","Wet Days",307.72602739726,1.72629733839606e-09,8.34138230370233e-08
"3GCR-Ec","Model B","Wet Days",308.336594911937,1.3696065937699e-09,6.61787048511641e-08
"3GCR-Ec","Model B","Wet Days",308.947162426614,1.07875211012849e-09,5.21247618319789e-08
"3GCR-Ec","Model B","Wet Days",309.557729941292,8.55630081755883e-10,4.13436171378517e-08
"3GCR-Ec","Model B","Wet Days",310.168297455969,6.78796528108794e-10,3.27991083658976e-08
"3GCR-Ec","Model B","Wet Days",310.778864970646,5.34122774162988e-10,2.58085450131499e-08
"3GCR-Ec","Model B","Wet Days",311.389432485323,4.17072945078722e-10,2.01527558784575e-08
"3GCR-Ec","Model B","Wet Days",312,3.27834223469705e-10,1.58407855319928e-08
"3GCR-Ec","Model B","Precipitation",0,1.89573349791415e-05,0.00515450151912079
"3GCR-Ec","Model B","Precipitation",6.51272015655577,2.03139032200349e-05,0.0055233525768338
"3GCR-Ec","Model B","Precipitation",13.0254403131115,2.16769542085799e-05,0.00589396629436451
"3GCR-Ec","Model B","Precipitation",19.5381604696673,2.30401956856406e-05,0.00626463180574411
"3GCR-Ec","Model B","Precipitation",26.0508806262231,2.4397728246344e-05,0.00663374506212222
"3GCR-Ec","Model B","Precipitation",32.5636007827789,2.5740900431719e-05,0.00699895373082877
"3GCR-Ec","Model B","Precipitation",39.0763209393346,2.7065494437091e-05,0.00735911099029696
"3GCR-Ec","Model B","Precipitation",45.5890410958904,2.83706368546268e-05,0.00771397936083845
"3GCR-Ec","Model B","Precipitation",52.1017612524462,2.96557927020818e-05,0.0080634133807206
"3GCR-Ec","Model B","Precipitation",58.614481409002,3.09218056222623e-05,0.00840764243651758
"3GCR-Ec","Model B","Precipitation",65.1272015655577,3.2170968680231e-05,0.00874729001287859
"3GCR-Ec","Model B","Precipitation",71.6399217221135,3.34070507416337e-05,0.00908338086479783
"3GCR-Ec","Model B","Precipitation",78.1526418786693,3.46429178021792e-05,0.00941941325795978
"3GCR-Ec","Model B","Precipitation",84.665362035225,3.58886010172182e-05,0.00975811466463567
"3GCR-Ec","Model B","Precipitation",91.1780821917808,3.71557012402964e-05,0.0101026393582132
"3GCR-Ec","Model B","Precipitation",97.6908023483366,3.84573626559356e-05,0.0104565612439464
"3GCR-Ec","Model B","Precipitation",104.203522504892,3.98138730432785e-05,0.0108253965712725
"3GCR-Ec","Model B","Precipitation",110.716242661448,4.12588456522373e-05,0.011218284786634
"3GCR-Ec","Model B","Precipitation",117.228962818004,4.28014406865652e-05,0.0116377165504648
"3GCR-Ec","Model B","Precipitation",123.74168297456,4.44613361420163e-05,0.0120890423120298
"3GCR-Ec","Model B","Precipitation",130.254403131115,4.62587187930803e-05,0.0125777508575898
"3GCR-Ec","Model B","Precipitation",136.767123287671,4.82141474655075e-05,0.0131094321341853
"3GCR-Ec","Model B","Precipitation",143.279843444227,5.03810227104464e-05,0.0136986057576969
"3GCR-Ec","Model B","Precipitation",149.792563600783,5.27831970262694e-05,0.0143517572251223
"3GCR-Ec","Model B","Precipitation",156.305283757339,5.54189061197936e-05,0.0150684068249463
"3GCR-Ec","Model B","Precipitation",162.818003913894,5.83064917521095e-05,0.0158535416840782
"3GCR-Ec","Model B","Precipitation",169.33072407045,6.14632122051986e-05,0.0167118543313353
"3GCR-Ec","Model B","Precipitation",175.843444227006,6.49051249852488e-05,0.0176477108044615
"3GCR-Ec","Model B","Precipitation",182.356164383562,6.8721278346403e-05,0.0186853233338022
"3GCR-Ec","Model B","Precipitation",188.868884540117,7.28681596766029e-05,0.019812860835231
"3GCR-Ec","Model B","Precipitation",195.381604696673,7.73430206290511e-05,0.0210295760329435
"3GCR-Ec","Model B","Precipitation",201.894324853229,8.2152383067876e-05,0.0223372422225319
"3GCR-Ec","Model B","Precipitation",208.407045009785,8.73009131633083e-05,0.0237371281362083
"3GCR-Ec","Model B","Precipitation",214.91976516634,9.28056814137222e-05,0.0252338752444061
"3GCR-Ec","Model B","Precipitation",221.432485322896,9.87299161536512e-05,0.0268446753384167
"3GCR-Ec","Model B","Precipitation",227.945205479452,0.000104991958574234,0.0285473253789002
"3GCR-Ec","Model B","Precipitation",234.457925636008,0.000111586641409947,0.0303404203857778
"3GCR-Ec","Model B","Precipitation",240.970645792564,0.000118507514260823,0.0322222064945706
"3GCR-Ec","Model B","Precipitation",247.483365949119,0.000125746964889426,0.0341906139370613
"3GCR-Ec","Model B","Precipitation",253.996086105675,0.000133331785103274,0.0362529274087363
"3GCR-Ec","Model B","Precipitation",260.508806262231,0.000141255615651346,0.0384074178285254
"3GCR-Ec","Model B","Precipitation",267.021526418787,0.000149462274471442,0.0406388092873794
"3GCR-Ec","Model B","Precipitation",273.534246575342,0.000157942051215546,0.0429444615405777
"3GCR-Ec","Model B","Precipitation",280.046966731898,0.000166685856660557,0.0453219032273334
"3GCR-Ec","Model B","Precipitation",286.559686888454,0.000175685427328391,0.047768887507024
"3GCR-Ec","Model B","Precipitation",293.07240704501,0.000184981707428857,0.0502965471149143
"3GCR-Ec","Model B","Precipitation",299.585127201566,0.000194537741988166,0.0528948339894633
"3GCR-Ec","Model B","Precipitation",306.097847358121,0.000204336299389495,0.0555590628521127
"3GCR-Ec","Model B","Precipitation",312.610567514677,0.000214380588558523,0.0582901062101167
"3GCR-Ec","Model B","Precipitation",319.123287671233,0.000224676877290408,0.0610896682776859
"3GCR-Ec","Model B","Precipitation",325.636007827789,0.000235236793557927,0.06396091070193
"3GCR-Ec","Model B","Precipitation",332.148727984344,0.000246153593531974,0.0669291898462334
"3GCR-Ec","Model B","Precipitation",338.6614481409,0.000257382704556526,0.0699823864003965
"3GCR-Ec","Model B","Precipitation",345.174168297456,0.000268952540400784,0.0731282260714698
"3GCR-Ec","Model B","Precipitation",351.686888454012,0.00028089589107392,0.0763756244666455
"3GCR-Ec","Model B","Precipitation",358.199608610568,0.000293249924673364,0.0797346875958072
"3GCR-Ec","Model B","Precipitation",364.712328767123,0.000306101319988409,0.0832289834315409
"3GCR-Ec","Model B","Precipitation",371.225048923679,0.000319574419559415,0.0868923207245954
"3GCR-Ec","Model B","Precipitation",377.737769080235,0.000333641944247494,0.0907172822740301
"3GCR-Ec","Model B","Precipitation",384.250489236791,0.000348364051946434,0.0947202250179519
"3GCR-Ec","Model B","Precipitation",390.763209393346,0.000363803862208642,0.0989183111697794
"3GCR-Ec","Model B","Precipitation",397.275929549902,0.000380027160395375,0.103329427776659
"3GCR-Ec","Model B","Precipitation",403.788649706458,0.000397260493270421,0.108015172929217
"3GCR-Ec","Model B","Precipitation",410.301369863014,0.000415559147084742,0.112990578965327
"3GCR-Ec","Model B","Precipitation",416.814090019569,0.000434902233679122,0.118249966392142
"3GCR-Ec","Model B","Precipitation",423.326810176125,0.000455358796168692,0.123812108040454
"3GCR-Ec","Model B","Precipitation",429.839530332681,0.000476995906674337,0.129695240827496
"3GCR-Ec","Model B","Precipitation",436.352250489237,0.000499878126879705,0.135916919082335
"3GCR-Ec","Model B","Precipitation",442.864970645793,0.000524405001291441,0.142585779001395
"3GCR-Ec","Model B","Precipitation",449.377690802348,0.000550361882601553,0.14964345795742
"3GCR-Ec","Model B","Precipitation",455.890410958904,0.000577752859257285,0.157091067599678
"3GCR-Ec","Model B","Precipitation",462.40313111546,0.00060660947247044,0.164937183987216
"3GCR-Ec","Model B","Precipitation",468.915851272016,0.000636954600452006,0.173188027708182
"3GCR-Ec","Model B","Precipitation",475.428571428571,0.000668879011813826,0.181868278758374
"3GCR-Ec","Model B","Precipitation",481.941291585127,0.000702625394059824,0.191043923897484
"3GCR-Ec","Model B","Precipitation",488.454011741683,0.000737837622437196,0.200618132765054
"3GCR-Ec","Model B","Precipitation",494.966731898239,0.000774473829763138,0.210579521669358
"3GCR-Ec","Model B","Precipitation",501.479452054794,0.000812478706672376,0.220913051987739
"3GCR-Ec","Model B","Precipitation",507.99217221135,0.000851783253648631,0.231599962743938
"3GCR-Ec","Model B","Precipitation",514.504892367906,0.000892440570812772,0.24265469186681
"3GCR-Ec","Model B","Precipitation",521.017612524462,0.000934291003507007,0.254033829236891
"3GCR-Ec","Model B","Precipitation",527.530332681018,0.000977030797308637,0.265654783992388
"3GCR-Ec","Model B","Precipitation",534.043052837573,0.00102050964531706,0.277476687670075
"3GCR-Ec","Model B","Precipitation",540.555772994129,0.0010645639885175,0.289455068555384
"3GCR-Ec","Model B","Precipitation",547.068493150685,0.00110901739955877,0.301541956031625
"3GCR-Ec","Model B","Precipitation",553.581213307241,0.00115365232609062,0.313678197590232
"3GCR-Ec","Model B","Precipitation",560.093933463796,0.00119814178193012,0.325774885651178
"3GCR-Ec","Model B","Precipitation",566.606653620352,0.00124225257650869,0.337768615672569
"3GCR-Ec","Model B","Precipitation",573.119373776908,0.00128575513977569,0.349596967531736
"3GCR-Ec","Model B","Precipitation",579.632093933464,0.00132841548871856,0.361196321221177
"3GCR-Ec","Model B","Precipitation",586.14481409002,0.00136997201747363,0.372495546077047
"3GCR-Ec","Model B","Precipitation",592.657534246575,0.00140976202339436,0.383314453175008
"3GCR-Ec","Model B","Precipitation",599.170254403131,0.00144782782988215,0.393664550252669
"3GCR-Ec","Model B","Precipitation",605.682974559687,0.00148394579621602,0.403485029372774
"3GCR-Ec","Model B","Precipitation",612.195694716243,0.00151790148990025,0.412717586315546
"3GCR-Ec","Model B","Precipitation",618.708414872798,0.00154949096832137,0.421306769061385
"3GCR-Ec","Model B","Precipitation",625.221135029354,0.00157825370830585,0.429127361307456
"3GCR-Ec","Model B","Precipitation",631.73385518591,0.00160372285627195,0.43605242551223
"3GCR-Ec","Model B","Precipitation",638.246575342466,0.00162621706385012,0.442168603089969
"3GCR-Ec","Model B","Precipitation",644.759295499022,0.00164562665255457,0.447446072448015
"3GCR-Ec","Model B","Precipitation",651.272015655577,0.0016618627487683,0.451860668839876
"3GCR-Ec","Model B","Precipitation",657.784735812133,0.00167485774533477,0.45539400987207
"3GCR-Ec","Model B","Precipitation",664.297455968689,0.00168399295881893,0.457877875448819
"3GCR-Ec","Model B","Precipitation",670.810176125245,0.00168952296001225,0.459381483397041
"3GCR-Ec","Model B","Precipitation",677.3228962818,0.00169179775348917,0.46
"3GCR-Ec","Model B","Precipitation",683.835616438356,0.00169087340097919,0.459748668448274
"3GCR-Ec","Model B","Precipitation",690.348336594912,0.00168682514886873,0.458647948242818
"3GCR-Ec","Model B","Precipitation",696.861056751468,0.00167974666679675,0.45672330816903
"3GCR-Ec","Model B","Precipitation",703.373776908024,0.00166907292776606,0.45382111732264
"3GCR-Ec","Model B","Precipitation",709.886497064579,0.00165567491454797,0.450178196017413
"3GCR-Ec","Model B","Precipitation",716.399217221135,0.00163975889782953,0.445850629276421
"3GCR-Ec","Model B","Precipitation",722.911937377691,0.00162148940263987,0.440883151473645
"3GCR-Ec","Model B","Precipitation",729.424657534247,0.00160103695890655,0.435322129715623
"3GCR-Ec","Model B","Precipitation",735.937377690802,0.00157846945684273,0.42918602335897
"3GCR-Ec","Model B","Precipitation",742.450097847358,0.00155378780527801,0.422475079514555
"3GCR-Ec","Model B","Precipitation",748.962818003914,0.00152758183327365,0.415349672770669
"3GCR-Ec","Model B","Precipitation",755.47553816047,0.00150002164688327,0.407856054982473
"3GCR-Ec","Model B","Precipitation",761.988258317025,0.00147127209711247,0.400039049156988
"3GCR-Ec","Model B","Precipitation",768.500978473581,0.00144149215510853,0.39194187956709
"3GCR-Ec","Model B","Precipitation",775.013698630137,0.00141074155180506,0.383580787060363
"3GCR-Ec","Model B","Precipitation",781.526418786693,0.00137924207257681,0.375016075105216
"3GCR-Ec","Model B","Precipitation",788.039138943249,0.00134722731327563,0.366311258440122
"3GCR-Ec","Model B","Precipitation",794.551859099804,0.0013148125341598,0.357497676342303
"3GCR-Ec","Model B","Precipitation",801.06457925636,0.00128210557483534,0.348604650412801
"3GCR-Ec","Model B","Precipitation",807.577299412916,0.00124920712079665,0.339659557048902
"3GCR-Ec","Model B","Precipitation",814.090019569472,0.00121621980814357,0.330690303017726
"3GCR-Ec","Model B","Precipitation",820.602739726027,0.00118327510841176,0.32173263544465
"3GCR-Ec","Model B","Precipitation",827.115459882583,0.00115045266693283,0.312808209904323
"3GCR-Ec","Model B","Precipitation",833.628180039139,0.00111782558306377,0.303936902120153
"3GCR-Ec","Model B","Precipitation",840.140900195695,0.00108546460404512,0.295137948274826
"3GCR-Ec","Model B","Precipitation",846.65362035225,0.0010534502005174,0.286433228344576
"3GCR-Ec","Model B","Precipitation",853.166340508806,0.00102196971999586,0.277873682139928
"3GCR-Ec","Model B","Precipitation",859.679060665362,0.000991008206443484,0.269455243112735
"3GCR-Ec","Model B","Precipitation",866.191780821918,0.00096063299240351,0.261196218989094
"3GCR-Ec","Model B","Precipitation",872.704500978474,0.000930911741913061,0.253115007628333
"3GCR-Ec","Model B","Precipitation",879.217221135029,0.000901912405974095,0.245230084915549
"3GCR-Ec","Model B","Precipitation",885.729941291585,0.000873797371014793,0.23758560373888
"3GCR-Ec","Model B","Precipitation",892.242661448141,0.000846721743174498,0.230223737475108
"3GCR-Ec","Model B","Precipitation",898.755381604697,0.000820620433120243,0.22312678832726
"3GCR-Ec","Model B","Precipitation",905.268101761252,0.000795557761118125,0.21631224498294
"3GCR-Ec","Model B","Precipitation",911.780821917808,0.000771595729257807,0.209796965817323
"3GCR-Ec","Model B","Precipitation",918.293542074364,0.000748793639890016,0.203597075146259
"3GCR-Ec","Model B","Precipitation",924.80626223092,0.000727445469510973,0.197792505212231
"3GCR-Ec","Model B","Precipitation",931.318982387475,0.000707501236644291,0.192369666046171
"3GCR-Ec","Model B","Precipitation",937.831702544031,0.000688893778216125,0.187310296000725
"3GCR-Ec","Model B","Precipitation",944.344422700587,0.00067165503333341,0.182623079322671
"3GCR-Ec","Model B","Precipitation",950.857142857143,0.000655810531244339,0.178314957417472
"3GCR-Ec","Model B","Precipitation",957.369863013699,0.000641379137787728,0.174391059908831
"3GCR-Ec","Model B","Precipitation",963.882583170254,0.000628744760934734,0.170955771417407
"3GCR-Ec","Model B","Precipitation",970.39530332681,0.000617538905601107,0.16790889808823
"3GCR-Ec","Model B","Precipitation",976.908023483366,0.000607735293042695,0.165243294727799
"3GCR-Ec","Model B","Precipitation",983.420743639922,0.00059931069678684,0.16295264605558
"3GCR-Ec","Model B","Precipitation",989.933463796477,0.000592234667879195,0.161028672997451
"3GCR-Ec","Model B","Precipitation",996.446183953033,0.000586557750351162,0.159485118481251
"3GCR-Ec","Model B","Precipitation",1002.95890410959,0.000582365686538548,0.158345295857758
"3GCR-Ec","Model B","Precipitation",1009.47162426614,0.000579337859382492,0.157522029312502
"3GCR-Ec","Model B","Precipitation",1015.9843444227,0.000577407793326486,0.156997244134172
"3GCR-Ec","Model B","Precipitation",1022.49706457926,0.000576504251129315,0.156751570908847
"3GCR-Ec","Model B","Precipitation",1029.00978473581,0.000576551563404962,0.156764435121932
"3GCR-Ec","Model B","Precipitation",1035.52250489237,0.000577580116637091,0.157044098861763
"3GCR-Ec","Model B","Precipitation",1042.03522504892,0.000579433682150348,0.157548083533891
"3GCR-Ec","Model B","Precipitation",1048.54794520548,0.000581920451888619,0.158224236506222
"3GCR-Ec","Model B","Precipitation",1055.06066536204,0.000584950081130248,0.159047993038748
"3GCR-Ec","Model B","Precipitation",1061.57338551859,0.000588431562328475,0.159994608169239
"3GCR-Ec","Model B","Precipitation",1068.08610567515,0.000592273573775685,0.161039251515095
"3GCR-Ec","Model B","Precipitation",1074.5988258317,0.000596412191223855,0.162164542066068
"3GCR-Ec","Model B","Precipitation",1081.11154598826,0.000600675771333482,0.163323809978786
"3GCR-Ec","Model B","Precipitation",1087.62426614481,0.000604968659097642,0.164491046646077
"3GCR-Ec","Model B","Precipitation",1094.13698630137,0.000609207865030001,0.165643687217246
"3GCR-Ec","Model B","Precipitation",1100.64970645793,0.000613313246367347,0.166759940865937
"3GCR-Ec","Model B","Precipitation",1107.16242661448,0.000617196283146683,0.167815739004226
"3GCR-Ec","Model B","Precipitation",1113.67514677104,0.000620695129378954,0.168767075689433
"3GCR-Ec","Model B","Precipitation",1120.18786692759,0.000623797241602456,0.169610540352906
"3GCR-Ec","Model B","Precipitation",1126.70058708415,0.000626444765227967,0.170330402325309
"3GCR-Ec","Model B","Precipitation",1133.2133072407,0.000628584536794512,0.170912206455608
"3GCR-Ec","Model B","Precipitation",1139.72602739726,0.000630168174716091,0.171342797785112
"3GCR-Ec","Model B","Precipitation",1146.23874755382,0.000631077060607565,0.171589923961522
"3GCR-Ec","Model B","Precipitation",1152.75146771037,0.000631233400875674,0.171632432898055
"3GCR-Ec","Model B","Precipitation",1159.26418786693,0.00063070613549497,0.171489069381568
"3GCR-Ec","Model B","Precipitation",1165.77690802348,0.000629475858369753,0.171154556892453
"3GCR-Ec","Model B","Precipitation",1172.28962818004,0.000627528146715023,0.17062497387384
"3GCR-Ec","Model B","Precipitation",1178.80234833659,0.00062485350374532,0.169897738148691
"3GCR-Ec","Model B","Precipitation",1185.31506849315,0.000621307042225962,0.168933454861555
"3GCR-Ec","Model B","Precipitation",1191.82778864971,0.000616981266325088,0.167757275906181
"3GCR-Ec","Model B","Precipitation",1198.34050880626,0.000611943381172448,0.16638747436493
"3GCR-Ec","Model B","Precipitation",1204.85322896282,0.000606208833050077,0.164828250083629
"3GCR-Ec","Model B","Precipitation",1211.36594911937,0.000599796575698748,0.163084756586533
"3GCR-Ec","Model B","Precipitation",1217.87866927593,0.000592727342074956,0.16116263116685
"3GCR-Ec","Model B","Precipitation",1224.39138943249,0.000584874076726393,0.159027327432766
"3GCR-Ec","Model B","Precipitation",1230.90410958904,0.000576443466918459,0.156735043675059
"3GCR-Ec","Model B","Precipitation",1237.4168297456,0.000567468522124356,0.154294755173213
"3GCR-Ec","Model B","Precipitation",1243.92954990215,0.000557983404687668,0.151715750672304
"3GCR-Ec","Model B","Precipitation",1250.44227005871,0.000548023210226447,0.149007572674838
"3GCR-Ec","Model B","Precipitation",1256.95499021526,0.000537592513130566,0.146171464957938
"3GCR-Ec","Model B","Precipitation",1263.46771037182,0.000526703061148868,0.143210621735839
"3GCR-Ec","Model B","Precipitation",1269.98043052838,0.000515472483710761,0.140157026463665
"3GCR-Ec","Model B","Precipitation",1276.49315068493,0.00050393553154717,0.137020127869074
"3GCR-Ec","Model B","Precipitation",1283.00587084149,0.000492126154300359,0.133809156863627
"3GCR-Ec","Model B","Precipitation",1289.51859099804,0.000480077427950749,0.130533106810133
"3GCR-Ec","Model B","Precipitation",1296.0313111546,0.000467796076126921,0.127193805863959
"3GCR-Ec","Model B","Precipitation",1302.54403131115,0.000455337820739292,0.123806404818834
"3GCR-Ec","Model B","Precipitation",1309.05675146771,0.000442753263822771,0.120384662373757
"3GCR-Ec","Model B","Precipitation",1315.56947162427,0.000430070134895989,0.116936118187972
"3GCR-Ec","Model B","Precipitation",1322.08219178082,0.000417315518015832,0.113468136419601
"3GCR-Ec","Model B","Precipitation",1328.59491193738,0.000404515941510842,0.109987930124166
"3GCR-Ec","Model B","Precipitation",1335.10763209393,0.000391703426271443,0.106504205785386
"3GCR-Ec","Model B","Precipitation",1341.62035225049,0.000378916729783403,0.103027501568012
"3GCR-Ec","Model B","Precipitation",1348.13307240704,0.000366182344756004,0.0995650208426878
"3GCR-Ec","Model B","Precipitation",1354.6457925636,0.000353526767823211,0.0961239680471759
"3GCR-Ec","Model B","Precipitation",1361.15851272016,0.000340976867256658,0.0927116486675645
"3GCR-Ec","Model B","Precipitation",1367.67123287671,0.000328567997390291,0.0893376755512411
"3GCR-Ec","Model B","Precipitation",1374.18395303327,0.000316370821883997,0.0860212621552994
"3GCR-Ec","Model B","Precipitation",1380.69667318982,0.000304383948516374,0.0827620299345837
"3GCR-Ec","Model B","Precipitation",1387.20939334638,0.000292636036570132,0.0795677713512949
"3GCR-Ec","Model B","Precipitation",1393.72211350294,0.000281155564409293,0.0764462296758233
"3GCR-Ec","Model B","Precipitation",1400.23483365949,0.000269970671300614,0.0734050559779735
"3GCR-Ec","Model B","Precipitation",1406.74755381605,0.000259154355805477,0.0704640985748196
"3GCR-Ec","Model B","Precipitation",1413.2602739726,0.000248753216758279,0.0676360276946903
"3GCR-Ec","Model B","Precipitation",1419.77299412916,0.000238742530568374,0.0649141209905001
"3GCR-Ec","Model B","Precipitation",1426.28571428571,0.00022914270730601,0.0623039279626515
"3GCR-Ec","Model B","Precipitation",1432.79843444227,0.000219971737476275,0.0598103402315071
"3GCR-Ec","Model B","Precipitation",1439.31115459883,0.000211245007606853,0.0574375413956799
"3GCR-Ec","Model B","Precipitation",1445.82387475538,0.000203070033146402,0.055214764917787
"3GCR-Ec","Model B","Precipitation",1452.33659491194,0.000195392594207569,0.053127268404342
"3GCR-Ec","Model B","Precipitation",1458.84931506849,0.000188182376894688,0.0511668095036931
"3GCR-Ec","Model B","Precipitation",1465.36203522505,0.00018143588718045,0.0493324381894216
"3GCR-Ec","Model B","Precipitation",1471.8747553816,0.000175146171861921,0.0476222638848653
"3GCR-Ec","Model B","Precipitation",1478.38747553816,0.000169308060935073,0.0460348808653457
"3GCR-Ec","Model B","Precipitation",1484.90019569472,0.000164004124414419,0.0445927399271225
"3GCR-Ec","Model B","Precipitation",1491.41291585127,0.000159097884127877,0.0432587326398126
"3GCR-Ec","Model B","Precipitation",1497.92563600783,0.000154565524198972,0.0420263834639158
"3GCR-Ec","Model B","Precipitation",1504.43835616438,0.000150381359247359,0.0408887085416195
"3GCR-Ec","Model B","Precipitation",1510.95107632094,0.000146518083596124,0.0398382834562905
"3GCR-Ec","Model B","Precipitation",1517.46379647749,0.000142969485432968,0.0388734192154644
"3GCR-Ec","Model B","Precipitation",1523.97651663405,0.000139712949381979,0.0379879666958795
"3GCR-Ec","Model B","Precipitation",1530.48923679061,0.000136667114170655,0.0371598037583655
"3GCR-Ec","Model B","Precipitation",1537.00195694716,0.000133803093557083,0.0363810762304881
"3GCR-Ec","Model B","Precipitation",1543.51467710372,0.000131093066043209,0.0356442194437884
"3GCR-Ec","Model B","Precipitation",1550.02739726027,0.000128510486615436,0.0349420158060748
"3GCR-Ec","Model B","Precipitation",1556.54011741683,0.000126041931897109,0.0342708154997212
"3GCR-Ec","Model B","Precipitation",1563.05283757339,0.000123648951774662,0.0336201639345117
"3GCR-Ec","Model B","Precipitation",1569.56555772994,0.000121304833609629,0.0329827979410344
"3GCR-Ec","Model B","Precipitation",1576.0782778865,0.00011899518292374,0.0323548036590242
"3GCR-Ec","Model B","Precipitation",1582.59099804305,0.000116708126869695,0.031732952859961
"3GCR-Ec","Model B","Precipitation",1589.10371819961,0.000114434336152271,0.0311147089074211
"3GCR-Ec","Model B","Precipitation",1595.61643835616,0.00011216795089778,0.0304984785010881
"3GCR-Ec","Model B","Precipitation",1602.12915851272,0.000109905246236714,0.0298832488485226
"3GCR-Ec","Model B","Precipitation",1608.64187866928,0.000107647923759036,0.0292694826122273
"3GCR-Ec","Model B","Precipitation",1615.15459882583,0.00010539969169942,0.0286581880616286
"3GCR-Ec","Model B","Precipitation",1621.66731898239,0.000103165995338577,0.0280508457691655
"3GCR-Ec","Model B","Precipitation",1628.18003913894,0.000100955843480002,0.027449905229525
"3GCR-Ec","Model B","Precipitation",1634.6927592955,9.87878387346374e-05,0.0268604244947202
"3GCR-Ec","Model B","Precipitation",1641.20547945205,9.66679908209408e-05,0.0262840376078779
"3GCR-Ec","Model B","Precipitation",1647.71819960861,9.4607309616607e-05,0.0257237381559851
"3GCR-Ec","Model B","Precipitation",1654.23091976517,9.26168997372769e-05,0.025182545485287
"3GCR-Ec","Model B","Precipitation",1660.74363992172,9.07078096459017e-05,0.0246634636741063
"3GCR-Ec","Model B","Precipitation",1667.25636007828,8.8905316411794e-05,0.0241733655604402
"3GCR-Ec","Model B","Precipitation",1673.76908023483,8.72244013423122e-05,0.0237163245634493
"3GCR-Ec","Model B","Precipitation",1680.28180039139,8.56603154976569e-05,0.0232910494458665
"3GCR-Ec","Model B","Precipitation",1686.79452054795,8.42197441807994e-05,0.0228993579423238
"3GCR-Ec","Model B","Precipitation",1693.3072407045,8.29080830668726e-05,0.0225427171374983
"3GCR-Ec","Model B","Precipitation",1699.81996086106,8.1729368444409e-05,0.0222222244986973
"3GCR-Ec","Model B","Precipitation",1706.33268101761,8.07149013037221e-05,0.0219463907687178
"3GCR-Ec","Model B","Precipitation",1712.84540117417,7.98426405332995e-05,0.0217092229668532
"3GCR-Ec","Model B","Precipitation",1719.35812133072,7.91017542605405e-05,0.0215077759057218
"3GCR-Ec","Model B","Precipitation",1725.87084148728,7.84875531929975e-05,0.0213407745661781
"3GCR-Ec","Model B","Precipitation",1732.38356164384,7.79939108265947e-05,0.0212065531510728
"3GCR-Ec","Model B","Precipitation",1738.89628180039,7.76155052286644e-05,0.0211036646263133
"3GCR-Ec","Model B","Precipitation",1745.40900195695,7.73615001335984e-05,0.0210346006123143
"3GCR-Ec","Model B","Precipitation",1751.9217221135,7.71923090442162e-05,0.0209885975360274
"3GCR-Ec","Model B","Precipitation",1758.43444227006,7.70956248539551e-05,0.0209623090937899
"3GCR-Ec","Model B","Precipitation",1764.94716242661,7.70586400530867e-05,0.0209522529222621
"3GCR-Ec","Model B","Precipitation",1771.45988258317,7.70681695955831e-05,0.0209548440059417
"3GCR-Ec","Model B","Precipitation",1777.97260273973,7.71120935440266e-05,0.0209667869324779
"3GCR-Ec","Model B","Precipitation",1784.48532289628,7.71713811001202e-05,0.0209829072256671
"3GCR-Ec","Model B","Precipitation",1790.99804305284,7.72283310118934e-05,0.0209983919131019
"3GCR-Ec","Model B","Precipitation",1797.51076320939,7.72713295856443e-05,0.0210100832301548
"3GCR-Ec","Model B","Precipitation",1804.02348336595,7.72896569910559e-05,0.0210150664537535
"3GCR-Ec","Model B","Precipitation",1810.5362035225,7.7273582434689e-05,0.0210106957800642
"3GCR-Ec","Model B","Precipitation",1817.04892367906,7.72050226831374e-05,0.0209920543758841
"3GCR-Ec","Model B","Precipitation",1823.56164383562,7.70788646991079e-05,0.0209577520057965
"3GCR-Ec","Model B","Precipitation",1830.07436399217,7.68955866457464e-05,0.0209079186824146
"3GCR-Ec","Model B","Precipitation",1836.58708414873,7.66530584725424e-05,0.0208419752447645
"3GCR-Ec","Model B","Precipitation",1843.09980430528,7.63505482257967e-05,0.0207597226745527
"3GCR-Ec","Model B","Precipitation",1849.61252446184,7.59887022148805e-05,0.0206613367033702
"3GCR-Ec","Model B","Precipitation",1856.1252446184,7.55567175507009e-05,0.0205438800244541
"3GCR-Ec","Model B","Precipitation",1862.63796477495,7.50743192668878e-05,0.0204127158766732
"3GCR-Ec","Model B","Precipitation",1869.15068493151,7.45479679439317e-05,0.0202696008925916
"3GCR-Ec","Model B","Precipitation",1875.66340508806,7.39840394770383e-05,0.020116268678835
"3GCR-Ec","Model B","Precipitation",1882.17612524462,7.33893867405419e-05,0.0199545825327078
"3GCR-Ec","Model B","Precipitation",1888.68884540117,7.27703609581673e-05,0.0197862693526571
"3GCR-Ec","Model B","Precipitation",1895.20156555773,7.21357227321304e-05,0.0196137111474137
"3GCR-Ec","Model B","Precipitation",1901.71428571429,7.14967496366942e-05,0.0194399742906916
"3GCR-Ec","Model B","Precipitation",1908.22700587084,7.08593718925996e-05,0.0192666712101793
"3GCR-Ec","Model B","Precipitation",1914.7397260274,7.02287386866022e-05,0.0190952019703363
"3GCR-Ec","Model B","Precipitation",1921.25244618395,6.96091309096064e-05,0.0189267305458826
"3GCR-Ec","Model B","Precipitation",1927.76516634051,6.90061948752647e-05,0.0187627921701369
"3GCR-Ec","Model B","Precipitation",1934.27788649706,6.84214091458317e-05,0.0186037888643431
"3GCR-Ec","Model B","Precipitation",1940.79060665362,6.78518547652882e-05,0.0184489269640305
"3GCR-Ec","Model B","Precipitation",1947.30332681018,6.72952303794196e-05,0.0182975807307284
"3GCR-Ec","Model B","Precipitation",1953.81604696673,6.6748080123937e-05,0.0181488105145469
"3GCR-Ec","Model B","Precipitation",1960.32876712329,6.62058302815404e-05,0.0180013727212362
"3GCR-Ec","Model B","Precipitation",1966.84148727984,6.56599150838733e-05,0.017852938317414
"3GCR-Ec","Model B","Precipitation",1973.3542074364,6.51003718000611e-05,0.0177007984354318
"3GCR-Ec","Model B","Precipitation",1979.86692759295,6.45190652122301e-05,0.0175427411086321
"3GCR-Ec","Model B","Precipitation",1986.37964774951,6.39074504628057e-05,0.0173764429892765
"3GCR-Ec","Model B","Precipitation",1992.89236790607,6.32568323303913e-05,0.0171995398456866
"3GCR-Ec","Model B","Precipitation",1999.40508806262,6.25565912582713e-05,0.0170091442191935
"3GCR-Ec","Model B","Precipitation",2005.91780821918,6.17827980081837e-05,0.0167987497472146
"3GCR-Ec","Model B","Precipitation",2012.43052837573,6.09397559661732e-05,0.0165695265209011
"3GCR-Ec","Model B","Precipitation",2018.94324853229,6.00212505417897e-05,0.0163197847924084
"3GCR-Ec","Model B","Precipitation",2025.45596868885,5.90220502327573e-05,0.0160481021156777
"3GCR-Ec","Model B","Precipitation",2031.9686888454,5.79379763636991e-05,0.0157533423084027
"3GCR-Ec","Model B","Precipitation",2038.48140900196,5.67561638148487e-05,0.0154320073430678
"3GCR-Ec","Model B","Precipitation",2044.99412915851,5.54711198974e-05,0.0150826037569669
"3GCR-Ec","Model B","Precipitation",2051.50684931507,5.40986752271503e-05,0.0147094358963212
"3GCR-Ec","Model B","Precipitation",2058.01956947162,5.26419438725009e-05,0.01431335047668
"3GCR-Ec","Model B","Precipitation",2064.53228962818,5.11053078881636e-05,0.0138955389792139
"3GCR-Ec","Model B","Precipitation",2071.04500978474,4.94943847095474e-05,0.0134575287852441
"3GCR-Ec","Model B","Precipitation",2077.55772994129,4.7805978453173e-05,0.0129984509336922
"3GCR-Ec","Model B","Precipitation",2084.07045009785,4.60601642829498e-05,0.0125237638638894
"3GCR-Ec","Model B","Precipitation",2090.5831702544,4.42724708372739e-05,0.0120376898143672
"3GCR-Ec","Model B","Precipitation",2097.09589041096,4.24537238453009e-05,0.0115431723021043
"3GCR-Ec","Model B","Precipitation",2103.60861056751,4.06152243744807e-05,0.0110432840886147
"3GCR-Ec","Model B","Precipitation",2110.12133072407,3.87686557168979e-05,0.0105412018623343
"3GCR-Ec","Model B","Precipitation",2116.63405088063,3.69324962475934e-05,0.0100419498955208
"3GCR-Ec","Model B","Precipitation",2123.14677103718,3.51207671726372e-05,0.00954934055568631
"3GCR-Ec","Model B","Precipitation",2129.65949119374,3.33447722517205e-05,0.00906644733636573
"3GCR-Ec","Model B","Precipitation",2136.17221135029,3.16153313161674e-05,0.0085962121509166
"3GCR-Ec","Model B","Precipitation",2142.68493150685,2.99426844903994e-05,0.00814141929032412
"3GCR-Ec","Model B","Precipitation",2149.1976516634,2.83423603242845e-05,0.00770629096904893
"3GCR-Ec","Model B","Precipitation",2155.71037181996,2.68355271956126e-05,0.00729658287139982
"3GCR-Ec","Model B","Precipitation",2162.22309197652,2.5415347330718e-05,0.00691043580594584
"3GCR-Ec","Model B","Precipitation",2168.73581213307,2.40869110951935e-05,0.00654923384366578
"3GCR-Ec","Model B","Precipitation",2175.24853228963,2.28542123864071e-05,0.00621406292570453
"3GCR-Ec","Model B","Precipitation",2181.76125244618,2.17201357181114e-05,0.00590570735167678
"3GCR-Ec","Model B","Precipitation",2188.27397260274,2.07018449149477e-05,0.00562883396743848
"3GCR-Ec","Model B","Precipitation",2194.7866927593,1.97948644546015e-05,0.00538222587796749
"3GCR-Ec","Model B","Precipitation",2201.29941291585,1.89853533133084e-05,0.00516211970734112
"3GCR-Ec","Model B","Precipitation",2207.81213307241,1.82700899503858e-05,0.00496763951828434
"3GCR-Ec","Model B","Precipitation",2214.32485322896,1.76449695045958e-05,0.00479766919856358
"3GCR-Ec","Model B","Precipitation",2220.83757338552,1.71050539746747e-05,0.0046508661050783
"3GCR-Ec","Model B","Precipitation",2227.35029354207,1.66604299342592e-05,0.00452997277833795
"3GCR-Ec","Model B","Precipitation",2233.86301369863,1.62862139806046e-05,0.00442822341832959
"3GCR-Ec","Model B","Precipitation",2240.37573385519,1.59720910850053e-05,0.00434281336758464
"3GCR-Ec","Model B","Precipitation",2246.88845401174,1.5710419631915e-05,0.00427166486997417
"3GCR-Ec","Model B","Precipitation",2253.4011741683,1.5493462275645e-05,0.00421267414033264
"3GCR-Ec","Model B","Precipitation",2259.91389432485,1.53145573559386e-05,0.00416402987248491
"3GCR-Ec","Model B","Precipitation",2266.42661448141,1.51679599273841e-05,0.00412417001512548
"3GCR-Ec","Model B","Precipitation",2272.93933463796,1.50385758097621e-05,0.00408899045895019
"3GCR-Ec","Model B","Precipitation",2279.45205479452,1.49201930609362e-05,0.00405680217619144
"3GCR-Ec","Model B","Precipitation",2285.96477495108,1.48071909735694e-05,0.00402607689589033
"3GCR-Ec","Model B","Precipitation",2292.47749510763,1.46945805044554e-05,0.00399545809663636
"3GCR-Ec","Model B","Precipitation",2298.99021526419,1.45770417861242e-05,0.00396349930586433
"3GCR-Ec","Model B","Precipitation",2305.50293542074,1.44498435808292e-05,0.00392891409949729
"3GCR-Ec","Model B","Precipitation",2312.0156555773,1.4312201932906e-05,0.00389148931990169
"3GCR-Ec","Model B","Precipitation",2318.52837573386,1.41634360482073e-05,0.00385103985907206
"3GCR-Ec","Model B","Precipitation",2325.04109589041,1.40035965472935e-05,0.0038075794807445
"3GCR-Ec","Model B","Precipitation",2331.55381604697,1.3833441851849e-05,0.00376131439986056
"3GCR-Ec","Model B","Precipitation",2338.06653620352,1.36534824611559e-05,0.00371238342123257
"3GCR-Ec","Model B","Precipitation",2344.57925636008,1.34684726947805e-05,0.00366207924488693
"3GCR-Ec","Model B","Precipitation",2351.09197651663,1.32822410699132e-05,0.00361144284507951
"3GCR-Ec","Model B","Precipitation",2357.60469667319,1.30982793633057e-05,0.00356142363630299
"3GCR-Ec","Model B","Precipitation",2364.11741682975,1.29202593357656e-05,0.00351301997073508
"3GCR-Ec","Model B","Precipitation",2370.6301369863,1.27520775813875e-05,0.0034672913327496
"3GCR-Ec","Model B","Precipitation",2377.14285714286,1.26026552421754e-05,0.00342666338186375
"3GCR-Ec","Model B","Precipitation",2383.65557729941,1.24727351892295e-05,0.00339133810481342
"3GCR-Ec","Model B","Precipitation",2390.16829745597,1.23652108995519e-05,0.0033621022383219
"3GCR-Ec","Model B","Precipitation",2396.68101761252,1.22825249425706e-05,0.00333961991729212
"3GCR-Ec","Model B","Precipitation",2403.19373776908,1.22266284999157e-05,0.00332442166822941
"3GCR-Ec","Model B","Precipitation",2409.70645792564,1.2201394677324e-05,0.00331756058902047
"3GCR-Ec","Model B","Precipitation",2416.21917808219,1.22101146207861e-05,0.00331993154263137
"3GCR-Ec","Model B","Precipitation",2422.73189823875,1.22466169152499e-05,0.00332985652061336
"3GCR-Ec","Model B","Precipitation",2429.2446183953,1.23092631266805e-05,0.00334689003256752
"3GCR-Ec","Model B","Precipitation",2435.75733855186,1.239577985945e-05,0.0033704139419662
"3GCR-Ec","Model B","Precipitation",2442.27005870841,1.25032778601159e-05,0.00339964266047251
"3GCR-Ec","Model B","Precipitation",2448.78277886497,1.26299803903934e-05,0.00343409309274635
"3GCR-Ec","Model B","Precipitation",2455.29549902153,1.27682213363287e-05,0.00347168082153905
"3GCR-Ec","Model B","Precipitation",2461.80821917808,1.29111639871264e-05,0.00351054694441416
"3GCR-Ec","Model B","Precipitation",2468.32093933464,1.30534993860494e-05,0.00354924795543603
"3GCR-Ec","Model B","Precipitation",2474.83365949119,1.31897675865622e-05,0.00358629929452584
"3GCR-Ec","Model B","Precipitation",2481.34637964775,1.33144161433037e-05,0.00362019125116359
"3GCR-Ec","Model B","Precipitation",2487.85909980431,1.34155460184516e-05,0.00364768847562324
"3GCR-Ec","Model B","Precipitation",2494.37181996086,1.34899380941699e-05,0.00366791568940209
"3GCR-Ec","Model B","Precipitation",2500.88454011742,1.3533436672426e-05,0.00367974295773634
"3GCR-Ec","Model B","Precipitation",2507.39726027397,1.35418173873077e-05,0.00368202167505798
"3GCR-Ec","Model B","Precipitation",2513.90998043053,1.35113374826255e-05,0.00367373418553691
"3GCR-Ec","Model B","Precipitation",2520.42270058708,1.343645318989e-05,0.00365337313789557
"3GCR-Ec","Model B","Precipitation",2526.93542074364,1.33064621020288e-05,0.00361802854644376
"3GCR-Ec","Model B","Precipitation",2533.4481409002,1.31297212790048e-05,0.00356997269672806
"3GCR-Ec","Model B","Precipitation",2539.96086105675,1.2906044106417e-05,0.00350915484827179
"3GCR-Ec","Model B","Precipitation",2546.47358121331,1.26358970607838e-05,0.00343570183609289
"3GCR-Ec","Model B","Precipitation",2552.98630136986,1.23203864698253e-05,0.00334991447082326
"3GCR-Ec","Model B","Precipitation",2559.49902152642,1.1956139686983e-05,0.00325087572948323
"3GCR-Ec","Model B","Precipitation",2566.01174168297,1.15470406371761e-05,0.0031396416516964
"3GCR-Ec","Model B","Precipitation",2572.52446183953,1.11027662558419e-05,0.00301884339729972
"3GCR-Ec","Model B","Precipitation",2579.03718199609,1.06273067008232e-05,0.00288956589066069
"3GCR-Ec","Model B","Precipitation",2585.54990215264,1.01249478407765e-05,0.00275297445995043
"3GCR-Ec","Model B","Precipitation",2592.0626223092,9.60022686436226e-06,0.0026103027672775
"3GCR-Ec","Model B","Precipitation",2598.57534246575,9.05588430375655e-06,0.0024622959636497
"3GCR-Ec","Model B","Precipitation",2605.08806262231,8.50133996994576e-06,0.00231151529673673
"3GCR-Ec","Model B","Precipitation",2611.60078277886,7.94233850284389e-06,0.00215952273477917
"3GCR-Ec","Model B","Precipitation",2618.11350293542,7.38347113497399e-06,0.00200756663441791
"3GCR-Ec","Model B","Precipitation",2624.62622309198,6.82914146541215e-06,0.00185684433473844
"3GCR-Ec","Model B","Precipitation",2631.13894324853,6.28377014778512e-06,0.00170855781196051
"3GCR-Ec","Model B","Precipitation",2637.65166340509,5.75581299244652e-06,0.00156500620187302
"3GCR-Ec","Model B","Precipitation",2644.16438356164,5.24606582176198e-06,0.00142640588866697
"3GCR-Ec","Model B","Precipitation",2650.6771037182,4.75717819298239e-06,0.00129347728725773
"3GCR-Ec","Model B","Precipitation",2657.18982387476,4.29143445964891e-06,0.0011668415136308
"3GCR-Ec","Model B","Precipitation",2663.70254403131,3.85075561287505e-06,0.00104702088548663
"3GCR-Ec","Model B","Precipitation",2670.21526418787,3.43937734093778e-06,0.000935167086945483
"3GCR-Ec","Model B","Precipitation",2676.72798434442,3.06092436108623e-06,0.000832265679036251
"3GCR-Ec","Model B","Precipitation",2683.24070450098,2.71108040854983e-06,0.000737143068880962
"3GCR-Ec","Model B","Precipitation",2689.75342465753,2.38993043335294e-06,0.000649822354400822
"3GCR-Ec","Model B","Precipitation",2696.26614481409,2.09732527460716e-06,0.000570262978733449
"3GCR-Ec","Model B","Precipitation",2702.77886497065,1.83290110798323e-06,0.000498366018002686
"3GCR-Ec","Model B","Precipitation",2709.2915851272,1.60067803108393e-06,0.000435224537200168
"3GCR-Ec","Model B","Precipitation",2715.80430528376,1.39729672249969e-06,0.000379925136455723
"3GCR-Ec","Model B","Precipitation",2722.31702544031,1.21918243170817e-06,0.000331495840699111
"3GCR-Ec","Model B","Precipitation",2728.82974559687,1.06535835773908e-06,0.00028967105763633
"3GCR-Ec","Model B","Precipitation",2735.34246575342,9.34836770210807e-07,0.000254182223265214
"3GCR-Ec","Model B","Precipitation",2741.85518590998,8.26635044176032e-07,0.000224762161751747
"3GCR-Ec","Model B","Precipitation",2748.36790606654,7.4482651908846e-07,0.000202518414552845
"3GCR-Ec","Model B","Precipitation",2754.88062622309,6.83306069442638e-07,0.000185790997354948
"3GCR-Ec","Model B","Precipitation",2761.39334637965,6.41017266943356e-07,0.000174292667185429
"3GCR-Ec","Model B","Precipitation",2767.9060665362,6.17359898995496e-07,0.000167860226171973
"3GCR-Ec","Model B","Precipitation",2774.41878669276,6.11827741642382e-07,0.000166356031963662
"3GCR-Ec","Model B","Precipitation",2780.93150684931,6.25072435263715e-07,0.000169957265653237
"3GCR-Ec","Model B","Precipitation",2787.44422700587,6.59281041103861e-07,0.000179258589439732
"3GCR-Ec","Model B","Precipitation",2793.95694716243,7.1067693470688e-07,0.000193233138707592
"3GCR-Ec","Model B","Precipitation",2800.46966731898,7.79226188204367e-07,0.00021187168846557
"3GCR-Ec","Model B","Precipitation",2806.98238747554,8.64937793007019e-07,0.00023517668347925
"3GCR-Ec","Model B","Precipitation",2813.49510763209,9.67852855994424e-07,0.000263159300713828
"3GCR-Ec","Model B","Precipitation",2820.00782778865,1.09045103187039e-06,0.000296493758562963
"3GCR-Ec","Model B","Precipitation",2826.52054794521,1.23260962256498e-06,0.000335146695407597
"3GCR-Ec","Model B","Precipitation",2833.03326810176,1.39201670366206e-06,0.000378489498738212
"3GCR-Ec","Model B","Precipitation",2839.54598825832,1.56851247172016e-06,0.000426478717981046
"3GCR-Ec","Model B","Precipitation",2846.05870841487,1.7618315215039e-06,0.000479042189422662
"3GCR-Ec","Model B","Precipitation",2852.57142857143,1.97159018940021e-06,0.000536075594883394
"3GCR-Ec","Model B","Precipitation",2859.08414872798,2.20043250325117e-06,0.000598297845831735
"3GCR-Ec","Model B","Precipitation",2865.59686888454,2.44451444734836e-06,0.000664663753962979
"3GCR-Ec","Model B","Precipitation",2872.1095890411,2.70186045249892e-06,0.000734636161790754
"3GCR-Ec","Model B","Precipitation",2878.62230919765,2.97111181623337e-06,0.000807845637960353
"3GCR-Ec","Model B","Precipitation",2885.13502935421,3.25072087635649e-06,0.000883871372946328
"3GCR-Ec","Model B","Precipitation",2891.64774951076,3.53910645194576e-06,0.000962283443477494
"3GCR-Ec","Model B","Precipitation",2898.16046966732,3.83466960509499e-06,0.00104264709815681
"3GCR-Ec","Model B","Precipitation",2904.67318982387,4.13299253266077e-06,0.00112376113581127
"3GCR-Ec","Model B","Precipitation",2911.18590998043,4.43163447802412e-06,0.00120496191444088
"3GCR-Ec","Model B","Precipitation",2917.69863013699,4.72808119181534e-06,0.00128556580935842
"3GCR-Ec","Model B","Precipitation",2924.21135029354,5.01976678604882e-06,0.00136487515533117
"3GCR-Ec","Model B","Precipitation",2930.7240704501,5.30291864820514e-06,0.00144186417858958
"3GCR-Ec","Model B","Precipitation",2937.23679060665,5.57306762699635e-06,0.00151531771639436
"3GCR-Ec","Model B","Precipitation",2943.74951076321,5.82917398860054e-06,0.00158495306500205
"3GCR-Ec","Model B","Precipitation",2950.26223091976,6.06912553726112e-06,0.0016501959181482
"3GCR-Ec","Model B","Precipitation",2956.77495107632,6.29103112042765e-06,0.00171053207124101
"3GCR-Ec","Model B","Precipitation",2963.28767123288,6.49324533805343e-06,0.00176551413982221
"3GCR-Ec","Model B","Precipitation",2969.80039138943,6.67031660433571e-06,0.00181365983709711
"3GCR-Ec","Model B","Precipitation",2976.31311154599,6.82327911182807e-06,0.00185525036013769
"3GCR-Ec","Model B","Precipitation",2982.82583170254,6.95391300583477e-06,0.00189076973065296
"3GCR-Ec","Model B","Precipitation",2989.3385518591,7.06256772346665e-06,0.00192031296063277
"3GCR-Ec","Model B","Precipitation",2995.85127201566,7.14998357314817e-06,0.00194408134002125
"3GCR-Ec","Model B","Precipitation",3002.36399217221,7.21729202775553e-06,0.00196238251642104
"3GCR-Ec","Model B","Precipitation",3008.87671232877,7.26217131770301e-06,0.00197458520041992
"3GCR-Ec","Model B","Precipitation",3015.38943248532,7.29226384300463e-06,0.00198276736144372
"3GCR-Ec","Model B","Precipitation",3021.90215264188,7.31042421899373e-06,0.00198770516972355
"3GCR-Ec","Model B","Precipitation",3028.41487279843,7.31959644481988e-06,0.00199019909896026
"3GCR-Ec","Model B","Precipitation",3034.92759295499,7.32291370455974e-06,0.0019911010622577
"3GCR-Ec","Model B","Precipitation",3041.44031311155,7.3238382699712e-06,0.00199135245169737
"3GCR-Ec","Model B","Precipitation",3047.9530332681,7.32765152703027e-06,0.00199238927672184
"3GCR-Ec","Model B","Precipitation",3054.46575342466,7.33812229531504e-06,0.00199523627979952
"3GCR-Ec","Model B","Precipitation",3060.97847358121,7.35841164467415e-06,0.0020007529561788
"3GCR-Ec","Model B","Precipitation",3067.49119373777,7.39148223064498e-06,0.00200974485223446
"3GCR-Ec","Model B","Precipitation",3074.00391389432,7.44006422091661e-06,0.00202295430086913
"3GCR-Ec","Model B","Precipitation",3080.51663405088,7.50972160254433e-06,0.00204189415079071
"3GCR-Ec","Model B","Precipitation",3087.02935420744,7.6026443636274e-06,0.00206715986001041
"3GCR-Ec","Model B","Precipitation",3093.54207436399,7.71764707061909e-06,0.00209842910901318
"3GCR-Ec","Model B","Precipitation",3100.05479452055,7.8552925431782e-06,0.00213585492852772
"3GCR-Ec","Model B","Precipitation",3106.5675146771,8.01568531990198e-06,0.00217946574261042
"3GCR-Ec","Model B","Precipitation",3113.08023483366,8.19846610746129e-06,0.00222916385936455
"3GCR-Ec","Model B","Precipitation",3119.59295499022,8.40704280348735e-06,0.00228587588654044
"3GCR-Ec","Model B","Precipitation",3126.10567514677,8.63500486115118e-06,0.00234785879573221
"3GCR-Ec","Model B","Precipitation",3132.61839530333,8.87903791076449e-06,0.00241421140944777
"3GCR-Ec","Model B","Precipitation",3139.13111545988,9.13635326117643e-06,0.00248417548224866
"3GCR-Ec","Model B","Precipitation",3145.64383561644,9.40383751110849e-06,0.00255690447997607
"3GCR-Ec","Model B","Precipitation",3152.15655577299,9.67812893541237e-06,0.00263148434918299
"3GCR-Ec","Model B","Precipitation",3158.66927592955,9.95413431374533e-06,0.00270653024268374
"3GCR-Ec","Model B","Precipitation",3165.18199608611,1.02262450539026e-05,0.00278051718362524
"3GCR-Ec","Model B","Precipitation",3171.69471624266,1.04903623741952e-05,0.0028523307128039
"3GCR-Ec","Model B","Precipitation",3178.20743639922,1.07424013245308e-05,0.00292086013182887
"3GCR-Ec","Model B","Precipitation",3184.72015655577,1.09783235631267e-05,0.00298500741511394
"3GCR-Ec","Model B","Precipitation",3191.23287671233,1.11912210463521e-05,0.00304289426481669
"3GCR-Ec","Model B","Precipitation",3197.74559686888,1.13745211674653e-05,0.00309273358842271
"3GCR-Ec","Model B","Precipitation",3204.25831702544,1.15282270678579e-05,0.0031345262400767
"3GCR-Ec","Model B","Precipitation",3210.771037182,1.16494630365521e-05,0.00316749031363947
"3GCR-Ec","Model B","Precipitation",3217.28375733855,1.1735680559889e-05,0.00319093286795967
"3GCR-Ec","Model B","Precipitation",3223.79647749511,1.1784675306916e-05,0.00320425454520267
"3GCR-Ec","Model B","Precipitation",3230.30919765166,1.17867152108749e-05,0.0032048091953192
"3GCR-Ec","Model B","Precipitation",3236.82191780822,1.17448735133026e-05,0.00319343243302976
"3GCR-Ec","Model B","Precipitation",3243.33463796477,1.16618038426266e-05,0.00317084578020312
"3GCR-Ec","Model B","Precipitation",3249.84735812133,1.15375695741888e-05,0.00313706646860188
"3GCR-Ec","Model B","Precipitation",3256.36007827789,1.13726305948326e-05,0.00309221954151063
"3GCR-Ec","Model B","Precipitation",3262.87279843444,1.11677498519654e-05,0.00303651244441551
"3GCR-Ec","Model B","Precipitation",3269.385518591,1.09148628036968e-05,0.0029677524274669
"3GCR-Ec","Model B","Precipitation",3275.89823874755,1.06267847035733e-05,0.00288942395954956
"3GCR-Ec","Model B","Precipitation",3282.41095890411,1.0305952370157e-05,0.00280218961190537
"3GCR-Ec","Model B","Precipitation",3288.92367906067,9.95505136478654e-06,0.00270677958896529
"3GCR-Ec","Model B","Precipitation",3295.43639921722,9.57699430393937e-06,0.002603985831478
"3GCR-Ec","Model B","Precipitation",3301.94911937378,9.17336069472316e-06,0.00249423780760427
"3GCR-Ec","Model B","Precipitation",3308.46183953033,8.74707073816898e-06,0.00237832952033382
"3GCR-Ec","Model B","Precipitation",3314.97455968689,8.30612433386286e-06,0.00225843614326645
"3GCR-Ec","Model B","Precipitation",3321.48727984344,7.85405399049447e-06,0.00213551816591331
"3GCR-Ec","Model B","Precipitation",3328,7.3943716803333e-06,0.00201053049393063
"3GCR-Kp","Model B","Temperature",-7.4858809374325,7.61543352622664e-06,3.32660565233593e-05
"3GCR-Kp","Model B","Temperature",-7.40765831145429,9.08821755814348e-06,3.96995335780429e-05
"3GCR-Kp","Model B","Temperature",-7.32943568547608,1.07899213810165e-05,4.71329876765859e-05
"3GCR-Kp","Model B","Temperature",-7.25121305949787,1.27455703097056e-05,5.56757354502445e-05
"3GCR-Kp","Model B","Temperature",-7.17299043351967,1.50586314134642e-05,6.57797460958135e-05
"3GCR-Kp","Model B","Temperature",-7.09476780754146,1.77635129809214e-05,7.75953233445861e-05
"3GCR-Kp","Model B","Temperature",-7.01654518156325,2.08525132477702e-05,9.10888240262972e-05
"3GCR-Kp","Model B","Temperature",-6.93832255558504,2.43627235940064e-05,0.000106422272264619
"3GCR-Kp","Model B","Temperature",-6.86009992960683,2.83327266650214e-05,0.000123764206391346
"3GCR-Kp","Model B","Temperature",-6.78187730362862,3.3012467605724e-05,0.000144206447284391
"3GCR-Kp","Model B","Temperature",-6.70365467765041,3.83055167884807e-05,0.000167327766994964
"3GCR-Kp","Model B","Temperature",-6.6254320516722,4.42483725578474e-05,0.000193287599124427
"3GCR-Kp","Model B","Temperature",-6.54720942569399,5.08915110517259e-05,0.000222306435658
"3GCR-Kp","Model B","Temperature",-6.46898679971578,5.83714287555236e-05,0.000254980526275124
"3GCR-Kp","Model B","Temperature",-6.39076417373757,6.69327849007239e-05,0.000292378601704712
"3GCR-Kp","Model B","Temperature",-6.31254154775936,7.64238888671895e-05,0.000333838040609955
"3GCR-Kp","Model B","Temperature",-6.23431892178115,8.69022219780391e-05,0.000379609935320304
"3GCR-Kp","Model B","Temperature",-6.15609629580294,9.84254556827321e-05,0.00042994620868308
"3GCR-Kp","Model B","Temperature",-6.07787366982473,0.000111323717913757,0.000486288939396009
"3GCR-Kp","Model B","Temperature",-5.99965104384652,0.000125618847159673,0.000548733523261869
"3GCR-Kp","Model B","Temperature",-5.92142841786831,0.000141195363286132,0.000616775515108468
"3GCR-Kp","Model B","Temperature",-5.84320579189011,0.000158105169145859,0.000690641639156617
"3GCR-Kp","Model B","Temperature",-5.7649831659119,0.000176398588779224,0.000770551722992722
"3GCR-Kp","Model B","Temperature",-5.68676053993369,0.000196652434416792,0.00085902542202435
"3GCR-Kp","Model B","Temperature",-5.60853791395548,0.000218461687811802,0.000954293518538106
"3GCR-Kp","Model B","Temperature",-5.53031528797727,0.000241817210144906,0.00105631609195956
"3GCR-Kp","Model B","Temperature",-5.45209266199906,0.000266744178153337,0.00116520312036952
"3GCR-Kp","Model B","Temperature",-5.37387003602085,0.00029342087102495,0.00128173337040285
"3GCR-Kp","Model B","Temperature",-5.29564741004264,0.000322148667636956,0.00140722333792674
"3GCR-Kp","Model B","Temperature",-5.21742478406443,0.000352474438678209,0.00153969364445604
"3GCR-Kp","Model B","Temperature",-5.13920215808622,0.000384380147604863,0.00167906550200252
"3GCR-Kp","Model B","Temperature",-5.06097953210801,0.000417841624142888,0.00182523332896018
"3GCR-Kp","Model B","Temperature",-4.9827569061298,0.000453144410814851,0.00197944444416684
"3GCR-Kp","Model B","Temperature",-4.90453428015159,0.000490087397439185,0.00214082034968219
"3GCR-Kp","Model B","Temperature",-4.82631165417338,0.000528366492729711,0.00230803270118028
"3GCR-Kp","Model B","Temperature",-4.74808902819517,0.000567900995078721,0.0024807289745094
"3GCR-Kp","Model B","Temperature",-4.66986640221696,0.000608603347737756,0.0026585267006042
"3GCR-Kp","Model B","Temperature",-4.59164377623876,0.000650661041589082,0.00284224488500986
"3GCR-Kp","Model B","Temperature",-4.51342115026055,0.000693557460841438,0.00302962682493281
"3GCR-Kp","Model B","Temperature",-4.43519852428234,0.000737128455064826,0.00321995547157157
"3GCR-Kp","Model B","Temperature",-4.35697589830413,0.000781233455247906,0.00341261678546792
"3GCR-Kp","Model B","Temperature",-4.27875327232592,0.000825736672592911,0.00360701760829327
"3GCR-Kp","Model B","Temperature",-4.20053064634771,0.000870379324164189,0.00380202751356109
"3GCR-Kp","Model B","Temperature",-4.1223080203695,0.000914888210031919,0.00399645309786545
"3GCR-Kp","Model B","Temperature",-4.04408539439129,0.000959090526596348,0.0041895395132654
"3GCR-Kp","Model B","Temperature",-3.96586276841308,0.00100281190558874,0.00438052507696722
"3GCR-Kp","Model B","Temperature",-3.88764014243487,0.00104565588259154,0.00456767793645347
"3GCR-Kp","Model B","Temperature",-3.80941751645666,0.0010873445596828,0.00474978416635172
"3GCR-Kp","Model B","Temperature",-3.73119489047845,0.00112781915702429,0.00492658700210428
"3GCR-Kp","Model B","Temperature",-3.65297226450024,0.00116691356208119,0.00509736082396108
"3GCR-Kp","Model B","Temperature",-3.57474963852203,0.00120446507334827,0.00526139491237457
"3GCR-Kp","Model B","Temperature",-3.49652701254382,0.00123962745920078,0.00541499272282588
"3GCR-Kp","Model B","Temperature",-3.41830438656561,0.00127273325080906,0.00555960683193718
"3GCR-Kp","Model B","Temperature",-3.34008176058741,0.00130372123545294,0.00569496984773376
"3GCR-Kp","Model B","Temperature",-3.2618591346092,0.00133248464556129,0.00582061538362789
"3GCR-Kp","Model B","Temperature",-3.18363650863099,0.00135869706761155,0.00593511758636329
"3GCR-Kp","Model B","Temperature",-3.10541388265278,0.00138177914007357,0.00603594566457493
"3GCR-Kp","Model B","Temperature",-3.02719125667457,0.00140235974785902,0.00612584673974262
"3GCR-Kp","Model B","Temperature",-2.94896863069636,0.00142042495540136,0.00620475993793942
"3GCR-Kp","Model B","Temperature",-2.87074600471815,0.00143597377491346,0.00627268094427211
"3GCR-Kp","Model B","Temperature",-2.79252337873994,0.00144849772071865,0.0063273885702551
"3GCR-Kp","Model B","Temperature",-2.71430075276173,0.00145825550054058,0.00637001291383065
"3GCR-Kp","Model B","Temperature",-2.63607812678352,0.0014657413951508,0.00640271311302139
"3GCR-Kp","Model B","Temperature",-2.55785550080531,0.00147107440807649,0.00642600900403207
"3GCR-Kp","Model B","Temperature",-2.4796328748271,0.00147438843836276,0.00644048549029424
"3GCR-Kp","Model B","Temperature",-2.40141024884889,0.0014753453066409,0.00644466532248847
"3GCR-Kp","Model B","Temperature",-2.32318762287068,0.00147483013521456,0.00644241492903041
"3GCR-Kp","Model B","Temperature",-2.24496499689247,0.00147314779090645,0.00643506604197721
"3GCR-Kp","Model B","Temperature",-2.16674237091426,0.00147056011249435,0.00642376243647336
"3GCR-Kp","Model B","Temperature",-2.08851974493605,0.00146733730024583,0.00640968441267418
"3GCR-Kp","Model B","Temperature",-2.01029711895785,0.00146402119836795,0.00639519887719852
"3GCR-Kp","Model B","Temperature",-1.93207449297964,0.00146114657847404,0.00638264184186431
"3GCR-Kp","Model B","Temperature",-1.85385186700143,0.0014590962707934,0.0063736856017554
"3GCR-Kp","Model B","Temperature",-1.77562924102322,0.0014582663643219,0.00637006036945642
"3GCR-Kp","Model B","Temperature",-1.69740661504501,0.00145960671244582,0.00637591533441643
"3GCR-Kp","Model B","Temperature",-1.6191839890668,0.0014638537625453,0.00639446747700691
"3GCR-Kp","Model B","Temperature",-1.54096136308859,0.00147121089589886,0.00642660521586925
"3GCR-Kp","Model B","Temperature",-1.46273873711038,0.00148217634170409,0.00647450493670646
"3GCR-Kp","Model B","Temperature",-1.38451611113217,0.00149725911458417,0.00654039013857049
"3GCR-Kp","Model B","Temperature",-1.30629348515396,0.00151895889052081,0.00663518001105333
"3GCR-Kp","Model B","Temperature",-1.22807085917575,0.00154669146588887,0.0067563226113472
"3GCR-Kp","Model B","Temperature",-1.14984823319754,0.00158086089593695,0.00690558295055651
"3GCR-Kp","Model B","Temperature",-1.07162560721933,0.00162205173560752,0.00708551450612805
"3GCR-Kp","Model B","Temperature",-0.993402981241124,0.00167162901581445,0.00730208006342146
"3GCR-Kp","Model B","Temperature",-0.915180355262914,0.00173235987233015,0.00756736714111779
"3GCR-Kp","Model B","Temperature",-0.836957729284705,0.00180267211931322,0.00787450805100399
"3GCR-Kp","Model B","Temperature",-0.758735103306496,0.0018831951012345,0.00822625192202561
"3GCR-Kp","Model B","Temperature",-0.680512477328286,0.00197456065213146,0.00862535875815766
"3GCR-Kp","Model B","Temperature",-0.602289851350077,0.0020801150903898,0.0090864460878941
"3GCR-Kp","Model B","Temperature",-0.524067225371867,0.00220043327643254,0.00961202504067491
"3GCR-Kp","Model B","Temperature",-0.445844599393658,0.00233425659617453,0.0101965976856004
"3GCR-Kp","Model B","Temperature",-0.367621973415448,0.00248220869497287,0.0108428882565082
"3GCR-Kp","Model B","Temperature",-0.289399347437239,0.0026449084370078,0.0115536001018983
"3GCR-Kp","Model B","Temperature",-0.211176721459029,0.00282857251366899,0.0123558892341558
"3GCR-Kp","Model B","Temperature",-0.13295409548082,0.00302945138633321,0.013233376761213
"3GCR-Kp","Model B","Temperature",-0.0547314695026104,0.00324750021644266,0.0141858668173986
"3GCR-Kp","Model B","Temperature",0.0234911564755986,0.00348323957732216,0.0152156333929705
"3GCR-Kp","Model B","Temperature",0.101713782453808,0.00373882151412956,0.0163320771419579
"3GCR-Kp","Model B","Temperature",0.179936408432018,0.00401881855536883,0.0175551719753854
"3GCR-Kp","Model B","Temperature",0.258159034410227,0.00431831506154451,0.0188634451903872
"3GCR-Kp","Model B","Temperature",0.336381660388437,0.00463760998296464,0.0202582026742526
"3GCR-Kp","Model B","Temperature",0.414604286366646,0.00497696525522155,0.0217405886250353
"3GCR-Kp","Model B","Temperature",0.492826912344855,0.00534092374504359,0.0233304473839464
"3GCR-Kp","Model B","Temperature",0.571049538323065,0.00572866464408494,0.0250241934615015
"3GCR-Kp","Model B","Temperature",0.649272164301275,0.00613678017033499,0.0268069408412192
"3GCR-Kp","Model B","Temperature",0.727494790279483,0.00656512489140198,0.0286780542392186
"3GCR-Kp","Model B","Temperature",0.805717416257693,0.00701349504221937,0.0306366435603796
"3GCR-Kp","Model B","Temperature",0.883940042235903,0.0074878837114005,0.0327088880660499
"3GCR-Kp","Model B","Temperature",0.962162668214111,0.00798165600352739,0.0348658049274463
"3GCR-Kp","Model B","Temperature",1.04038529419232,0.00849332600918813,0.0371009033326781
"3GCR-Kp","Model B","Temperature",1.11860792017053,0.00902209840936791,0.0394107091358269
"3GCR-Kp","Model B","Temperature",1.19683054614874,0.00956831622953761,0.0417967207551595
"3GCR-Kp","Model B","Temperature",1.27505317212695,0.0101330170243231,0.0442634704803626
"3GCR-Kp","Model B","Temperature",1.35327579810516,0.0107101473231174,0.0467845152869272
"3GCR-Kp","Model B","Temperature",1.43149842408337,0.0112982384059756,0.0493534394507152
"3GCR-Kp","Model B","Temperature",1.50972105006158,0.0118957439198481,0.0519634881273989
"3GCR-Kp","Model B","Temperature",1.58794367603979,0.0125019100126775,0.0546113683087651
"3GCR-Kp","Model B","Temperature",1.666166302018,0.0131129483859978,0.057280531790373
"3GCR-Kp","Model B","Temperature",1.74438892799621,0.0137256018942168,0.0599567505720694
"3GCR-Kp","Model B","Temperature",1.82261155397441,0.0143377522775868,0.0626307715826726
"3GCR-Kp","Model B","Temperature",1.90083417995262,0.0149472282664454,0.0652931101908655
"3GCR-Kp","Model B","Temperature",1.97905680593083,0.0155484965297506,0.0679195954676298
"3GCR-Kp","Model B","Temperature",2.05727943190904,0.0161394463888569,0.0705010074578733
"3GCR-Kp","Model B","Temperature",2.13550205788725,0.0167179541086788,0.0730280691728128
"3GCR-Kp","Model B","Temperature",2.21372468386546,0.0172816473937488,0.0754904178517679
"3GCR-Kp","Model B","Temperature",2.29194730984367,0.017826402270393,0.0778700389797596
"3GCR-Kp","Model B","Temperature",2.37016993582188,0.0183437854057754,0.0801300937181522
"3GCR-Kp","Model B","Temperature",2.44839256180009,0.018836759565628,0.0822835241446321
"3GCR-Kp","Model B","Temperature",2.5266151877783,0.0193032654972517,0.0843213349450852
"3GCR-Kp","Model B","Temperature",2.60483781375651,0.0197413219397943,0.0862348714926576
"3GCR-Kp","Model B","Temperature",2.68306043973472,0.0201421123476693,0.0879856209826864
"3GCR-Kp","Model B","Temperature",2.76128306571293,0.0205039132517257,0.0895660548848528
"3GCR-Kp","Model B","Temperature",2.83950569169114,0.0208307364182896,0.0909936975652879
"3GCR-Kp","Model B","Temperature",2.91772831766935,0.0211215600071961,0.0922640853788736
"3GCR-Kp","Model B","Temperature",2.99595094364756,0.0213755054839977,0.0933733806745441
"3GCR-Kp","Model B","Temperature",3.07417356962577,0.0215793137219497,0.0942636643780639
"3GCR-Kp","Model B","Temperature",3.15239619560398,0.0217436410251477,0.0949814858044724
"3GCR-Kp","Model B","Temperature",3.23061882158218,0.0218705098097952,0.0955356793571571
"3GCR-Kp","Model B","Temperature",3.30884144756039,0.0219604786011374,0.0959286848095479
"3GCR-Kp","Model B","Temperature",3.3870640735386,0.02201155457618,0.096151797028557
"3GCR-Kp","Model B","Temperature",3.46528669951681,0.0220186520829448,0.0961828006556519
"3GCR-Kp","Model B","Temperature",3.54350932549502,0.0219942989296419,0.0960764201887348
"3GCR-Kp","Model B","Temperature",3.62173195147323,0.021940601023228,0.0958418547390069
"3GCR-Kp","Model B","Temperature",3.69995457745144,0.0218598358274155,0.0954890528190946
"3GCR-Kp","Model B","Temperature",3.77817720342965,0.0217505955072957,0.0950118646654299
"3GCR-Kp","Model B","Temperature",3.85639982940786,0.0216192594382917,0.0944381569336251
"3GCR-Kp","Model B","Temperature",3.93462245538607,0.0214732645331456,0.0938004158582174
"3GCR-Kp","Model B","Temperature",4.01284508136428,0.0213161349864368,0.0931140359739595
"3GCR-Kp","Model B","Temperature",4.09106770734249,0.0211515118511162,0.0923949222812501
"3GCR-Kp","Model B","Temperature",4.1692903333207,0.0209847796717921,0.0916665957739598
"3GCR-Kp","Model B","Temperature",4.24751295929891,0.0208231793153286,0.0909606863107891
"3GCR-Kp","Model B","Temperature",4.32573558527712,0.020670980946236,0.0902958470036688
"3GCR-Kp","Model B","Temperature",4.40395821125532,0.0205324026298917,0.0896905033829089
"3GCR-Kp","Model B","Temperature",4.48218083723353,0.0204136689679154,0.0891718460146938
"3GCR-Kp","Model B","Temperature",4.56040346321174,0.0203276073674282,0.0887959081174702
"3GCR-Kp","Model B","Temperature",4.63862608918995,0.020272916285999,0.0885570042389342
"3GCR-Kp","Model B","Temperature",4.71684871516816,0.0202536695541305,0.0884729298565603
"3GCR-Kp","Model B","Temperature",4.79507134114637,0.0202738739261688,0.0885611874429379
"3GCR-Kp","Model B","Temperature",4.87329396712458,0.0203476814768104,0.0888835966850433
"3GCR-Kp","Model B","Temperature",4.95151659310279,0.0204805547454773,0.0894640192769674
"3GCR-Kp","Model B","Temperature",5.029739219081,0.0206680796645005,0.0902831735029586
"3GCR-Kp","Model B","Temperature",5.10796184505921,0.0209133763272183,0.0913546886857592
"3GCR-Kp","Model B","Temperature",5.18618447103742,0.0212194294587823,0.0926916028271139
"3GCR-Kp","Model B","Temperature",5.26440709701563,0.0216114310991183,0.0944039608537133
"3GCR-Kp","Model B","Temperature",5.34262972299384,0.0220751046196046,0.0964293989968947
"3GCR-Kp","Model B","Temperature",5.42085234897205,0.0226091389405386,0.0987621901432455
"3GCR-Kp","Model B","Temperature",5.49907497495026,0.0232151631544937,0.101409450563355
"3GCR-Kp","Model B","Temperature",5.57729760092847,0.023900353006434,0.104402525647706
"3GCR-Kp","Model B","Temperature",5.65552022690668,0.0246830836104665,0.107821682341364
"3GCR-Kp","Model B","Temperature",5.73374285288488,0.0255417100123973,0.111572370246486
"3GCR-Kp","Model B","Temperature",5.81196547886309,0.0264763842830791,0.115655253645356
"3GCR-Kp","Model B","Temperature",5.8901881048413,0.0274870892090524,0.120070257345418
"3GCR-Kp","Model B","Temperature",5.96841073081951,0.0285885492396105,0.124881701304397
"3GCR-Kp","Model B","Temperature",6.04663335679772,0.0297774501994842,0.13007510840271
"3GCR-Kp","Model B","Temperature",6.12485598277593,0.0310393953957376,0.135587590401715
"3GCR-Kp","Model B","Temperature",6.20307860875414,0.0323730383053999,0.141413265363228
"3GCR-Kp","Model B","Temperature",6.28130123473235,0.033776891029561,0.147545633784748
"3GCR-Kp","Model B","Temperature",6.35952386071056,0.0352701292170263,0.154068459540627
"3GCR-Kp","Model B","Temperature",6.43774648668877,0.0368307177364679,0.160885487844881
"3GCR-Kp","Model B","Temperature",6.51596911266698,0.0384528694362321,0.167971439018636
"3GCR-Kp","Model B","Temperature",6.59419173864519,0.0401340883340631,0.175315410007389
"3GCR-Kp","Model B","Temperature",6.6724143646234,0.0418755900894847,0.182922711106121
"3GCR-Kp","Model B","Temperature",6.75063699060161,0.0436841772208128,0.190823057360997
"3GCR-Kp","Model B","Temperature",6.82885961657982,0.0455398245160939,0.198928973800245
"3GCR-Kp","Model B","Temperature",6.90708224255802,0.0474393295542372,0.207226471473577
"3GCR-Kp","Model B","Temperature",6.98530486853623,0.0493794256136192,0.215701280550419
"3GCR-Kp","Model B","Temperature",7.06352749451444,0.0513628270893082,0.224365258165292
"3GCR-Kp","Model B","Temperature",7.14175012049265,0.0533821438785166,0.233186122560869
"3GCR-Kp","Model B","Temperature",7.21997274647086,0.0554273298646808,0.242119989868911
"3GCR-Kp","Model B","Temperature",7.29819537244907,0.0574946836890512,0.251150691658696
"3GCR-Kp","Model B","Temperature",7.37641799842728,0.0595804638217604,0.260261884022341
"3GCR-Kp","Model B","Temperature",7.45464062440549,0.0616829475227916,0.269446041614562
"3GCR-Kp","Model B","Temperature",7.5328632503837,0.0637921603653687,0.27865959372546
"3GCR-Kp","Model B","Temperature",7.61108587636191,0.0659034708289385,0.287882308752462
"3GCR-Kp","Model B","Temperature",7.68930850234012,0.0680128892843011,0.297096759029764
"3GCR-Kp","Model B","Temperature",7.76753112831833,0.0701154806622473,0.306281386980806
"3GCR-Kp","Model B","Temperature",7.84575375429654,0.0722013231074215,0.315392851540378
"3GCR-Kp","Model B","Temperature",7.92397638027475,0.0742682553057582,0.324421711565618
"3GCR-Kp","Model B","Temperature",8.00219900625296,0.0763121913115437,0.333350118656879
"3GCR-Kp","Model B","Temperature",8.08042163223117,0.0783290474203692,0.342160234205076
"3GCR-Kp","Model B","Temperature",8.15864425820938,0.0803071130729343,0.350800903653313
"3GCR-Kp","Model B","Temperature",8.23686688418758,0.0822393252310527,0.359241273941587
"3GCR-Kp","Model B","Temperature",8.31508951016579,0.0841275085653818,0.367489315672887
"3GCR-Kp","Model B","Temperature",8.393312136144,0.0859677313378873,0.375527854064026
"3GCR-Kp","Model B","Temperature",8.47153476212221,0.0877560971733067,0.383339868804963
"3GCR-Kp","Model B","Temperature",8.54975738810042,0.0894684253001359,0.390819732434193
"3GCR-Kp","Model B","Temperature",8.62798001407863,0.0911138529666915,0.398007358663511
"3GCR-Kp","Model B","Temperature",8.70620264005684,0.0926920546841399,0.404901325678927
"3GCR-Kp","Model B","Temperature",8.78442526603505,0.0941996487001278,0.411486861167802
"3GCR-Kp","Model B","Temperature",8.86264789201326,0.0956278215511404,0.417725465788707
"3GCR-Kp","Model B","Temperature",8.94087051799147,0.0969527479044951,0.423513064722923
"3GCR-Kp","Model B","Temperature",9.01909314396968,0.0981944378674222,0.428937066961137
"3GCR-Kp","Model B","Temperature",9.09731576994789,0.0993503822515852,0.433986511761488
"3GCR-Kp","Model B","Temperature",9.1755383959261,0.100418197914951,0.438650988982874
"3GCR-Kp","Model B","Temperature",9.25376102190431,0.101377432192363,0.442841156434487
"3GCR-Kp","Model B","Temperature",9.33198364788251,0.102225842472251,0.446547217846299
"3GCR-Kp","Model B","Temperature",9.41020627386072,0.102978533698227,0.449835155267289
"3GCR-Kp","Model B","Temperature",9.48842889983893,0.10363431116912,0.452699749953639
"3GCR-Kp","Model B","Temperature",9.56665152581714,0.104192129674153,0.455136436171735
"3GCR-Kp","Model B","Temperature",9.64487415179535,0.10461943963328,0.457003029479177
"3GCR-Kp","Model B","Temperature",9.72309677777356,0.104941570294097,0.458410174158956
"3GCR-Kp","Model B","Temperature",9.80131940375177,0.105164217455199,0.45938275083768
"3GCR-Kp","Model B","Temperature",9.87954202972998,0.105287606377317,0.459921743508735
"3GCR-Kp","Model B","Temperature",9.95776465570819,0.105305521248194,0.46
"3GCR-Kp","Model B","Temperature",10.0359872816864,0.105195848447126,0.459520922664894
"3GCR-Kp","Model B","Temperature",10.1142099076646,0.104990180256368,0.458622514237424
"3GCR-Kp","Model B","Temperature",10.1924325336428,0.104689860219633,0.457310643641651
"3GCR-Kp","Model B","Temperature",10.270655159621,0.104296343913838,0.455591669189788
"3GCR-Kp","Model B","Temperature",10.3488777855992,0.103794333440639,0.453398765959887
"3GCR-Kp","Model B","Temperature",10.4271004115774,0.103188195231748,0.45075100758231
"3GCR-Kp","Model B","Temperature",10.5053230375557,0.102496764808645,0.447730672172945
"3GCR-Kp","Model B","Temperature",10.5835456635339,0.101722279331988,0.444347532190929
"3GCR-Kp","Model B","Temperature",10.6617682895121,0.100867048437007,0.44061167668185
"3GCR-Kp","Model B","Temperature",10.7399909154903,0.0999104294555586,0.436432933475888
"3GCR-Kp","Model B","Temperature",10.8182135414685,0.0988766144442878,0.43191697933077
"3GCR-Kp","Model B","Temperature",10.8964361674467,0.0977728565772221,0.427095497865866
"3GCR-Kp","Model B","Temperature",10.9746587934249,0.0966019119251596,0.421980528265372
"3GCR-Kp","Model B","Temperature",11.0528814194031,0.0953626923297786,0.416567317190411
"3GCR-Kp","Model B","Temperature",11.1311040453813,0.0940456097604899,0.410813981803135
"3GCR-Kp","Model B","Temperature",11.2093266713595,0.0926734957467359,0.404820255749215
"3GCR-Kp","Model B","Temperature",11.2875492973377,0.091249377796752,0.398599363917261
"3GCR-Kp","Model B","Temperature",11.365771923316,0.089776310059637,0.392164647569617
"3GCR-Kp","Model B","Temperature",11.4439945492942,0.0882498211419877,0.385496574577853
"3GCR-Kp","Model B","Temperature",11.5222171752724,0.0866761042010114,0.378622198151352
"3GCR-Kp","Model B","Temperature",11.6004398012506,0.0850667259821149,0.371592044633118
"3GCR-Kp","Model B","Temperature",11.6786624272288,0.0834249622351143,0.364420423291058
"3GCR-Kp","Model B","Temperature",11.756885053207,0.0817541150460606,0.357121758436125
"3GCR-Kp","Model B","Temperature",11.8351076791852,0.0800516920709797,0.349685162906708
"3GCR-Kp","Model B","Temperature",11.9133303051634,0.0783295796790698,0.342162559239883
"3GCR-Kp","Model B","Temperature",11.9915529311416,0.0765927351968448,0.334575602237501
"3GCR-Kp","Model B","Temperature",12.0697755571198,0.0748446691845903,0.326939626876419
"3GCR-Kp","Model B","Temperature",12.1479981830981,0.0730888123196773,0.319269619185594
"3GCR-Kp","Model B","Temperature",12.2262208090763,0.0713308435168382,0.311590386038834
"3GCR-Kp","Model B","Temperature",12.3044434350545,0.0695766527528427,0.303927656280001
"3GCR-Kp","Model B","Temperature",12.3826660610327,0.0678298350709919,0.29629713392821
"3GCR-Kp","Model B","Temperature",12.4608886870109,0.0660939765860845,0.288714484000716
"3GCR-Kp","Model B","Temperature",12.5391113129891,0.0643766329556263,0.281212711437918
"3GCR-Kp","Model B","Temperature",12.6173339389673,0.0626844572042435,0.27382087826137
"3GCR-Kp","Model B","Temperature",12.6955565649455,0.0610179022874113,0.266540963090199
"3GCR-Kp","Model B","Temperature",12.7737791909237,0.059380274582836,0.259387408982346
"3GCR-Kp","Model B","Temperature",12.8520018169019,0.0577748200843638,0.252374395224439
"3GCR-Kp","Model B","Temperature",12.9302244428801,0.0562176179602588,0.245572159514499
"3GCR-Kp","Model B","Temperature",13.0084470688584,0.0547043834210509,0.238961984855233
"3GCR-Kp","Model B","Temperature",13.0866696948366,0.0532353474936114,0.232544880427921
"3GCR-Kp","Model B","Temperature",13.1648923208148,0.051812935172334,0.226331439194906
"3GCR-Kp","Model B","Temperature",13.243114946793,0.050442632896258,0.220345627249592
"3GCR-Kp","Model B","Temperature",13.3213375727712,0.0491408737860862,0.214659228439907
"3GCR-Kp","Model B","Temperature",13.3995601987494,0.0478935800154657,0.209210747413607
"3GCR-Kp","Model B","Temperature",13.4777828247276,0.0467018986004603,0.204005194614429
"3GCR-Kp","Model B","Temperature",13.5560054507058,0.0455668017862032,0.19904681704439
"3GCR-Kp","Model B","Temperature",13.634228076684,0.0444997900936811,0.194385851762206
"3GCR-Kp","Model B","Temperature",13.7124507026622,0.0435015067585361,0.190025108576818
"3GCR-Kp","Model B","Temperature",13.7906733286405,0.0425606686114001,0.185915299873982
"3GCR-Kp","Model B","Temperature",13.8688959546187,0.0416766960639778,0.182053893871766
"3GCR-Kp","Model B","Temperature",13.9471185805969,0.0408488261949419,0.178437557945191
"3GCR-Kp","Model B","Temperature",14.0253412065751,0.0400921369048021,0.175132156012429
"3GCR-Kp","Model B","Temperature",14.1035638325533,0.0393906465957344,0.172067876586751
"3GCR-Kp","Model B","Temperature",14.1817864585315,0.0387387706678892,0.169220324784581
"3GCR-Kp","Model B","Temperature",14.2600090845097,0.0381343356350951,0.166580006292353
"3GCR-Kp","Model B","Temperature",14.3382317104879,0.0375774089621895,0.164147215812804
"3GCR-Kp","Model B","Temperature",14.4164543364661,0.0370739092899586,0.161947807401156
"3GCR-Kp","Model B","Temperature",14.4946769624443,0.0366066001872409,0.159906488155003
"3GCR-Kp","Model B","Temperature",14.5728995884225,0.0361723637849639,0.158009638467733
"3GCR-Kp","Model B","Temperature",14.6511222144008,0.0357680182071134,0.156243359134925
"3GCR-Kp","Model B","Temperature",14.729344840379,0.035394014394419,0.154609619974811
"3GCR-Kp","Model B","Temperature",14.8075674663572,0.0350441622468592,0.153081381132536
"3GCR-Kp","Model B","Temperature",14.8857900923354,0.0347101604767157,0.151622380574494
"3GCR-Kp","Model B","Temperature",14.9640127183136,0.0343886637286863,0.150218004979173
"3GCR-Kp","Model B","Temperature",15.0422353442918,0.0340763533224196,0.148853757547701
"3GCR-Kp","Model B","Temperature",15.12045797027,0.0337697788605725,0.147514566109512
"3GCR-Kp","Model B","Temperature",15.1986805962482,0.0334626938289681,0.146173144379068
"3GCR-Kp","Model B","Temperature",15.2769032222264,0.0331520170202603,0.144816032897052
"3GCR-Kp","Model B","Temperature",15.3551258482046,0.0328350832737119,0.143431589596414
"3GCR-Kp","Model B","Temperature",15.4333484741828,0.0325086276338316,0.142005552361472
"3GCR-Kp","Model B","Temperature",15.5115711001611,0.0321656713585009,0.140507436357845
"3GCR-Kp","Model B","Temperature",15.5897937261393,0.0318074463961878,0.138942623034566
"3GCR-Kp","Model B","Temperature",15.6680163521175,0.0314324962895296,0.137304750233422
"3GCR-Kp","Model B","Temperature",15.7462389780957,0.0310395330507436,0.135588191712093
"3GCR-Kp","Model B","Temperature",15.8244616040739,0.0306237845192835,0.133772101518485
"3GCR-Kp","Model B","Temperature",15.9026842300521,0.0301839419281213,0.131850762641507
"3GCR-Kp","Model B","Temperature",15.9809068560303,0.0297237731719917,0.129840634157163
"3GCR-Kp","Model B","Temperature",16.0591294820085,0.0292434806520198,0.127742600202549
"3GCR-Kp","Model B","Temperature",16.1373521079867,0.0287434413705821,0.125558307615276
"3GCR-Kp","Model B","Temperature",16.2155747339649,0.0282190973368715,0.123267845988497
"3GCR-Kp","Model B","Temperature",16.2937973599431,0.027676812723661,0.120899015568971
"3GCR-Kp","Model B","Temperature",16.3720199859214,0.0271194533684186,0.118464335028269
"3GCR-Kp","Model B","Temperature",16.4502426118996,0.0265487158067624,0.11597121524452
"3GCR-Kp","Model B","Temperature",16.5284652378778,0.0259660002246087,0.113425772568642
"3GCR-Kp","Model B","Temperature",16.606687863856,0.0253728090935808,0.110834570160273
"3GCR-Kp","Model B","Temperature",16.6849104898342,0.0247752678159417,0.108224365258803
"3GCR-Kp","Model B","Temperature",16.7631331158124,0.0241759042259474,0.105606200055977
"3GCR-Kp","Model B","Temperature",16.8413557417906,0.0235772959369893,0.102991334190856
"3GCR-Kp","Model B","Temperature",16.9195783677688,0.022983600128524,0.100397927229312
"3GCR-Kp","Model B","Temperature",16.997800993747,0.0224000562434158,0.097848866325686
"3GCR-Kp","Model B","Temperature",17.0760236197252,0.0218285284307872,0.0953522945344547
"3GCR-Kp","Model B","Temperature",17.1542462457035,0.0212716470215503,0.0929197017775639
"3GCR-Kp","Model B","Temperature",17.2324688716817,0.0207320043425075,0.0905624119658112
"3GCR-Kp","Model B","Temperature",17.3106914976599,0.0202196013232536,0.08832411157982
"3GCR-Kp","Model B","Temperature",17.3889141236381,0.0197335120099256,0.0862007558290436
"3GCR-Kp","Model B","Temperature",17.4671367496163,0.0192742439054901,0.0841945616092514
"3GCR-Kp","Model B","Temperature",17.5453593755945,0.0188436868534905,0.08231378421437
"3GCR-Kp","Model B","Temperature",17.6235820015727,0.0184453428479224,0.0805737212016296
"3GCR-Kp","Model B","Temperature",17.7018046275509,0.018090504431884,0.0790237011319983
"3GCR-Kp","Model B","Temperature",17.7800272535291,0.0177702116919683,0.0776245849354796
"3GCR-Kp","Model B","Temperature",17.8582498795073,0.0174852167444917,0.0763796580381493
"3GCR-Kp","Model B","Temperature",17.9364725054855,0.0172361230692271,0.0752915565856942
"3GCR-Kp","Model B","Temperature",18.0146951314638,0.0170297961047649,0.0743902704752639
"3GCR-Kp","Model B","Temperature",18.092917757442,0.0168669756872678,0.0736790314902528
"3GCR-Kp","Model B","Temperature",18.1711403834202,0.0167399572148036,0.0731241840649611
"3GCR-Kp","Model B","Temperature",18.2493630093984,0.0166481058697377,0.0727229551623405
"3GCR-Kp","Model B","Temperature",18.3275856353766,0.0165906511862252,0.0724719792011329
"3GCR-Kp","Model B","Temperature",18.4058082613548,0.0165759086529018,0.0724075802479879
"3GCR-Kp","Model B","Temperature",18.484030887333,0.0165941238168323,0.0724871484919766
"3GCR-Kp","Model B","Temperature",18.5622535133112,0.0166412411399409,0.0726929683613723
"3GCR-Kp","Model B","Temperature",18.6404761392894,0.016715553753152,0.0730175838390028
"3GCR-Kp","Model B","Temperature",18.7186987652676,0.0168163749673841,0.0734579953007859
"3GCR-Kp","Model B","Temperature",18.7969213912459,0.0169464394293614,0.0740261483453785
"3GCR-Kp","Model B","Temperature",18.8751440172241,0.0170953925255668,0.0746768115151945
"3GCR-Kp","Model B","Temperature",18.9533666432023,0.0172610641115797,0.0754005050942453
"3GCR-Kp","Model B","Temperature",19.0315892691805,0.0174412681764513,0.0761876800577077
"3GCR-Kp","Model B","Temperature",19.1098118951587,0.0176352249156492,0.0770349300306771
"3GCR-Kp","Model B","Temperature",19.1880345211369,0.0178390281875748,0.0779251920413917
"3GCR-Kp","Model B","Temperature",19.2662571471151,0.0180482126945694,0.0788389605891086
"3GCR-Kp","Model B","Temperature",19.3444797730933,0.0182607088127259,0.0797671950557668
"3GCR-Kp","Model B","Temperature",19.4227023990715,0.0184744886850499,0.080701037271288
"3GCR-Kp","Model B","Temperature",19.5009250250497,0.0186862604544602,0.0816261076073355
"3GCR-Kp","Model B","Temperature",19.5791476510279,0.0188933427822374,0.0825306933275182
"3GCR-Kp","Model B","Temperature",19.6573702770062,0.0190942996555232,0.083408521580166
"3GCR-Kp","Model B","Temperature",19.7355929029844,0.0192876601540214,0.0842531670294731
"3GCR-Kp","Model B","Temperature",19.8138155289626,0.0194715073697929,0.0850562561576826
"3GCR-Kp","Model B","Temperature",19.8920381549408,0.0196408496855859,0.0857959843727039
"3GCR-Kp","Model B","Temperature",19.970260780919,0.0197978296094294,0.0864817106680784
"3GCR-Kp","Model B","Temperature",20.0484834068972,0.0199417154231703,0.0871102387218432
"3GCR-Kp","Model B","Temperature",20.1267060328754,0.0200718642015216,0.0876787600807611
"3GCR-Kp","Model B","Temperature",20.2049286588536,0.0201851718468829,0.0881737152953443
"3GCR-Kp","Model B","Temperature",20.2831512848318,0.0202806641636957,0.0885908488436448
"3GCR-Kp","Model B","Temperature",20.36137391081,0.0203612338914986,0.0889427969119894
"3GCR-Kp","Model B","Temperature",20.4395965367883,0.0204269326363163,0.0892297849279824
"3GCR-Kp","Model B","Temperature",20.5178191627665,0.0204778827142651,0.08945234719802
"3GCR-Kp","Model B","Temperature",20.5960417887447,0.0205102172255564,0.0895935921680621
"3GCR-Kp","Model B","Temperature",20.6742644147229,0.0205277643315596,0.0896702421733592
"3GCR-Kp","Model B","Temperature",20.7524870407011,0.020532179494041,0.0896895286715157
"3GCR-Kp","Model B","Temperature",20.8307096666793,0.0205240255611973,0.0896539103196608
"3GCR-Kp","Model B","Temperature",20.9089322926575,0.0205034038009994,0.0895638294807967
"3GCR-Kp","Model B","Temperature",20.9871549186357,0.020468352730204,0.0894107179214525
"3GCR-Kp","Model B","Temperature",21.0653775446139,0.020423506918968,0.0892148205656059
"3GCR-Kp","Model B","Temperature",21.1436001705921,0.0203695708119806,0.0889792145981304
"3GCR-Kp","Model B","Temperature",21.2218227965703,0.0203072442861689,0.0887069572508087
"3GCR-Kp","Model B","Temperature",21.3000454225485,0.0202361261694274,0.0883962961068028
"3GCR-Kp","Model B","Temperature",21.3782680485268,0.0201572146998118,0.0880515917115068
"3GCR-Kp","Model B","Temperature",21.456490674505,0.0200726287794981,0.0876820999423849
"3GCR-Kp","Model B","Temperature",21.5347133004832,0.0199829182313264,0.0872902225586558
"3GCR-Kp","Model B","Temperature",21.6129359264614,0.0198886046046469,0.086878237814092
"3GCR-Kp","Model B","Temperature",21.6911585524396,0.0197891983281888,0.0864440071429108
"3GCR-Kp","Model B","Temperature",21.7693811784178,0.0196861841570122,0.0859940163145139
"3GCR-Kp","Model B","Temperature",21.847603804396,0.0195801573898422,0.085530865737791
"3GCR-Kp","Model B","Temperature",21.9258264303742,0.0194713653926825,0.0850556359673072
"3GCR-Kp","Model B","Temperature",22.0040490563524,0.0193599216932438,0.0845688229195754
"3GCR-Kp","Model B","Temperature",22.0822716823306,0.0192453900021244,0.0840685207769104
"3GCR-Kp","Model B","Temperature",22.1604943083089,0.0191286553305264,0.0835585954824092
"3GCR-Kp","Model B","Temperature",22.2387169342871,0.0190097499228741,0.0830391878875203
"3GCR-Kp","Model B","Temperature",22.3169395602653,0.0188886921525728,0.0825103782517241
"3GCR-Kp","Model B","Temperature",22.3951621862435,0.0187651161964953,0.0819705685710742
"3GCR-Kp","Model B","Temperature",22.4733848122217,0.0186389041981592,0.0814192440199353
"3GCR-Kp","Model B","Temperature",22.5516074381999,0.0185104883823832,0.0808582926609106
"3GCR-Kp","Model B","Temperature",22.6298300641781,0.0183798690358364,0.0802877157462407
"3GCR-Kp","Model B","Temperature",22.7080526901563,0.0182470567792536,0.0797075596698647
"3GCR-Kp","Model B","Temperature",22.7862753161345,0.0181114915657856,0.0791153780116179
"3GCR-Kp","Model B","Temperature",22.8644979421127,0.0179737819594264,0.0785138291262949
"3GCR-Kp","Model B","Temperature",22.9427205680909,0.017834269070382,0.077904403065821
"3GCR-Kp","Model B","Temperature",23.0209431940692,0.0176931480184743,0.0772879521607963
"3GCR-Kp","Model B","Temperature",23.0991658200474,0.0175506060316745,0.0766652942683068
"3GCR-Kp","Model B","Temperature",23.1773884460256,0.0174068979593594,0.076037542632102
"3GCR-Kp","Model B","Temperature",23.2556110720038,0.0172629053510054,0.0754085480736239
"3GCR-Kp","Model B","Temperature",23.333833697982,0.0171190847503979,0.0747803048866066
"3GCR-Kp","Model B","Temperature",23.4120563239602,0.0169759213382694,0.0741549324579011
"3GCR-Kp","Model B","Temperature",23.4902789499384,0.016834308800662,0.0735363346244039
"3GCR-Kp","Model B","Temperature",23.5685015759166,0.0166954504381541,0.0729297676942326
"3GCR-Kp","Model B","Temperature",23.6467242018948,0.016559723949461,0.072336881546775
"3GCR-Kp","Model B","Temperature",23.724946827873,0.0164277919903119,0.0717605708226151
"3GCR-Kp","Model B","Temperature",23.8031694538513,0.0163003270911935,0.071203773297666
"3GCR-Kp","Model B","Temperature",23.8813920798295,0.0161799143960857,0.0706777815064187
"3GCR-Kp","Model B","Temperature",23.9596147058077,0.0160666027918955,0.0701828089987131
"3GCR-Kp","Model B","Temperature",24.0378373317859,0.0159605695341917,0.0697196300697676
"3GCR-Kp","Model B","Temperature",24.1160599577641,0.0158624313332434,0.0692909386592784
"3GCR-Kp","Model B","Temperature",24.1942825837423,0.0157731541039587,0.0689009541173075
"3GCR-Kp","Model B","Temperature",24.2725052097205,0.0156963669175911,0.0685655291053004
"3GCR-Kp","Model B","Temperature",24.3507278356987,0.0156295832736002,0.0682738019871808
"3GCR-Kp","Model B","Temperature",24.4289504616769,0.0155731188324639,0.068027151644304
"3GCR-Kp","Model B","Temperature",24.5071730876551,0.0155272375911149,0.067826731279157
"3GCR-Kp","Model B","Temperature",24.5853957136333,0.0154939307049285,0.067681238740265
"3GCR-Kp","Model B","Temperature",24.6636183396116,0.0154737715426784,0.0675931786411828
"3GCR-Kp","Model B","Temperature",24.7418409655898,0.0154643002257359,0.0675518056367862
"3GCR-Kp","Model B","Temperature",24.820063591568,0.0154652702629652,0.0675560429941462
"3GCR-Kp","Model B","Temperature",24.8982862175462,0.0154763691482822,0.0676045256110621
"3GCR-Kp","Model B","Temperature",24.9765088435244,0.0154996543804131,0.0677062411398705
"3GCR-Kp","Model B","Temperature",25.0547314695026,0.0155321445794633,0.0678481661917194
"3GCR-Kp","Model B","Temperature",25.1329540954808,0.0155722134034558,0.0680231965112893
"3GCR-Kp","Model B","Temperature",25.211176721459,0.0156189982382751,0.0682275639913774
"3GCR-Kp","Model B","Temperature",25.2893993474372,0.0156717252798813,0.0684578884686829
"3GCR-Kp","Model B","Temperature",25.3676219734154,0.0157298295477062,0.0687117019713619
"3GCR-Kp","Model B","Temperature",25.4458445993937,0.0157901268626644,0.0689750952346212
"3GCR-Kp","Model B","Temperature",25.5240672253719,0.0158513384856439,0.0692424824165734
"3GCR-Kp","Model B","Temperature",25.6022898513501,0.0159121546889394,0.069508142309657
"3GCR-Kp","Model B","Temperature",25.6805124773283,0.0159705265977678,0.0697631249330067
"3GCR-Kp","Model B","Temperature",25.7587351033065,0.0160236172039265,0.0699950375482574
"3GCR-Kp","Model B","Temperature",25.8369577292847,0.0160704431775308,0.0701995847325141
"3GCR-Kp","Model B","Temperature",25.9151803552629,0.0161095859344864,0.070370569767165
"3GCR-Kp","Model B","Temperature",25.9934029812411,0.0161396347693895,0.0705018303496261
"3GCR-Kp","Model B","Temperature",26.0716256072193,0.0161554115782653,0.0705707472686713
"3GCR-Kp","Model B","Temperature",26.1498482331975,0.0161568156170482,0.0705768804498427
"3GCR-Kp","Model B","Temperature",26.2280708591757,0.0161436332701631,0.0705192967686139
"3GCR-Kp","Model B","Temperature",26.306293485154,0.0161147137858876,0.0703929694629888
"3GCR-Kp","Model B","Temperature",26.3845161111322,0.0160683066704308,0.0701902519524816
"3GCR-Kp","Model B","Temperature",26.4627387371104,0.0159972261835759,0.0698797551849266
"3GCR-Kp","Model B","Temperature",26.5409613630886,0.0159065091617699,0.0694834812808033
"3GCR-Kp","Model B","Temperature",26.6191839890668,0.0157955354569696,0.0689987212833874
"3GCR-Kp","Model B","Temperature",26.697406615045,0.015663761106368,0.0684230990315031
"3GCR-Kp","Model B","Temperature",26.7756292410232,0.0155072643027593,0.0677394831222259
"3GCR-Kp","Model B","Temperature",26.8538518670014,0.015324423856458,0.066940791806693
"3GCR-Kp","Model B","Temperature",26.9320744929796,0.0151198899037844,0.0660473380056515
"3GCR-Kp","Model B","Temperature",27.0102971189578,0.0148937996209357,0.0650597209379265
"3GCR-Kp","Model B","Temperature",27.088519744936,0.014646370912548,0.0639788924636999
"3GCR-Kp","Model B","Temperature",27.1667423709143,0.0143722771075559,0.0627815843947409
"3GCR-Kp","Model B","Temperature",27.2449649968925,0.0140765185856239,0.0614896395994811
"3GCR-Kp","Model B","Temperature",27.3231876228707,0.0137617699293002,0.060114741301721
"3GCR-Kp","Model B","Temperature",27.4014102488489,0.0134288719815261,0.0586605625069059
"3GCR-Kp","Model B","Temperature",27.4796328748271,0.0130782201292134,0.0571288303607473
"3GCR-Kp","Model B","Temperature",27.5578555008053,0.0127067696425608,0.0555062447466703
"3GCR-Kp","Model B","Temperature",27.6360781267835,0.0123216348640134,0.0538238828340956
"3GCR-Kp","Model B","Temperature",27.7143007527617,0.0119240816208358,0.0520872740628358
"3GCR-Kp","Model B","Temperature",27.7925233787399,0.0115154058730519,0.0503020794998884
"3GCR-Kp","Model B","Temperature",27.8707460047181,0.011095804287989,0.0484691582357317
"3GCR-Kp","Model B","Temperature",27.9489686306963,0.0106674125631179,0.0465978395137413
"3GCR-Kp","Model B","Temperature",28.0271912566746,0.0102337048169176,0.0447032991241456
"3GCR-Kp","Model B","Temperature",28.1054138826528,0.00979609126556189,0.0427916972324538
"3GCR-Kp","Model B","Temperature",28.183636508631,0.00935597776101123,0.0408691749402357
"3GCR-Kp","Model B","Temperature",28.2618591346092,0.00891523270187206,0.0389438938647432
"3GCR-Kp","Model B","Temperature",28.3400817605874,0.00847628736568838,0.0370264744146405
"3GCR-Kp","Model B","Temperature",28.4183043865656,0.00804044897975434,0.0351226268750881
"3GCR-Kp","Model B","Temperature",28.4965270125438,0.00760894281764579,0.0332377035375728
"3GCR-Kp","Model B","Temperature",28.574749638522,0.00718318691548023,0.0313778987270106
"3GCR-Kp","Model B","Temperature",28.6529722645002,0.00676727132090861,0.0295610787613032
"3GCR-Kp","Model B","Temperature",28.7311948904784,0.006360198202214,0.0277828848700429
"3GCR-Kp","Model B","Temperature",28.8094175164567,0.00596283641569685,0.0260471124278071
"3GCR-Kp","Model B","Temperature",28.8876401424349,0.00557600555948015,0.024357341637534
"3GCR-Kp","Model B","Temperature",28.9658627684131,0.00520240337692422,0.0227253568950562
"3GCR-Kp","Model B","Temperature",29.0440853943913,0.00484396720190842,0.0211596209435797
"3GCR-Kp","Model B","Temperature",29.1223080203695,0.00449862142014227,0.0196510669975998
"3GCR-Kp","Model B","Temperature",29.2005306463477,0.0041667581627607,0.0182014079808069
"3GCR-Kp","Model B","Temperature",29.2787532723259,0.00384872026362828,0.0168121414744848
"3GCR-Kp","Model B","Temperature",29.3569758983041,0.0035488130820396,0.0155020743298985
"3GCR-Kp","Model B","Temperature",29.4351985242823,0.00326465656103335,0.0142608098822842
"3GCR-Kp","Model B","Temperature",29.5134211502605,0.002994900867066,0.0130824517320737
"3GCR-Kp","Model B","Temperature",29.5916437762387,0.00273951323493198,0.0119668567529199
"3GCR-Kp","Model B","Temperature",29.669866402217,0.00249882324653055,0.0109154646383156
"3GCR-Kp","Model B","Temperature",29.7480890281952,0.00227701687811418,0.00994656074550776
"3GCR-Kp","Model B","Temperature",29.8263116541734,0.00206886827023319,0.00903731725579948
"3GCR-Kp","Model B","Temperature",29.9045342801516,0.00187407706827051,0.00818642214753974
"3GCR-Kp","Model B","Temperature",29.9827569061298,0.00169232093780772,0.00739246738598615
"3GCR-Kp","Model B","Temperature",30.060979532108,0.00152507989541615,0.00666191804167587
"3GCR-Kp","Model B","Temperature",30.1392021580862,0.0013724431272492,0.00599516370130929
"3GCR-Kp","Model B","Temperature",30.2174247840644,0.00123117357726264,0.00537806412074072
"3GCR-Kp","Model B","Temperature",30.2956474100426,0.00110082288672444,0.00480866076052898
"3GCR-Kp","Model B","Temperature",30.3738700360208,0.000980935241142557,0.00428496251266894
"3GCR-Kp","Model B","Temperature",30.4520926619991,0.000873548797962036,0.00381587254210022
"3GCR-Kp","Model B","Temperature",30.5303152879773,0.000776080551160083,0.00339010765344613
"3GCR-Kp","Model B","Temperature",30.6085379139555,0.000687105295085196,0.00300144220353128
"3GCR-Kp","Model B","Temperature",30.6867605399337,0.000606159013028566,0.00264784925508283
"3GCR-Kp","Model B","Temperature",30.7649831659119,0.000532961994900993,0.00232810696674331
"3GCR-Kp","Model B","Temperature",30.8432057918901,0.00046898227368435,0.00204862806183109
"3GCR-Kp","Model B","Temperature",30.9214284178683,0.000411173854000913,0.00179610689542703
"3GCR-Kp","Model B","Temperature",30.9996510438465,0.000359130636840955,0.00156876952878358
"3GCR-Kp","Model B","Temperature",31.0778736698247,0.000312456258946614,0.0013648845512733
"3GCR-Kp","Model B","Temperature",31.1560962958029,0.000271416125480595,0.00118561131687304
"3GCR-Kp","Model B","Temperature",31.2343189217811,0.000235676058299405,0.0010294900545833
"3GCR-Kp","Model B","Temperature",31.3125415477594,0.000203821633380328,0.000890342217992282
"3GCR-Kp","Model B","Temperature",31.3907641737376,0.000175546788437142,0.000766830852968876
"3GCR-Kp","Model B","Temperature",31.4689867997158,0.000150556500877309,0.000657667229435511
"3GCR-Kp","Model B","Temperature",31.547209425694,0.000129254400023975,0.000564614497951101
"3GCR-Kp","Model B","Temperature",31.6254320516722,0.000110702976156038,0.000483577389183196
"3GCR-Kp","Model B","Temperature",31.7036546776504,9.43979404648993e-05,0.000412353047581522
"3GCR-Kp","Model B","Temperature",31.7818773036286,8.01335394002859e-05,0.00035004269184759
"3GCR-Kp","Model B","Temperature",31.8600999296068,6.77518623653931e-05,0.000295956530281314
"3GCR-Kp","Model B","Temperature",31.938322555585,5.74806115733837e-05,0.000251089221252108
"3GCR-Kp","Model B","Temperature",32.0165451815632,4.8536748502151e-05,0.000212020263005652
"3GCR-Kp","Model B","Temperature",32.0947678075414,4.07881518496418e-05,0.00017817251772216
"3GCR-Kp","Model B","Temperature",32.1729904335197,3.41098698499487e-05,0.00014900016585071
"3GCR-Kp","Model B","Temperature",32.2512130594979,2.84993287667238e-05,0.000124491964688107
"3GCR-Kp","Model B","Temperature",32.3294356854761,2.38372225441828e-05,0.000104126756511469
"3GCR-Kp","Model B","Temperature",32.4076583114543,1.98349512130277e-05,8.66438668157601e-05
"3GCR-Kp","Model B","Temperature",32.4858809374325,1.64186991594819e-05,7.17208511371496e-05
"3GCR-Kp","Model B","Wet Days",0,0.000214172566778769,0.0104333586292072
"3GCR-Kp","Model B","Wet Days",0.610567514677104,0.000222390482659215,0.0108336921773124
"3GCR-Kp","Model B","Wet Days",1.22113502935421,0.000230539168010909,0.0112306531789453
"3GCR-Kp","Model B","Wet Days",1.83170254403131,0.000238604510776623,0.0116235541690571
"3GCR-Kp","Model B","Wet Days",2.44227005870841,0.000246539184523198,0.0120100896532645
"3GCR-Kp","Model B","Wet Days",3.05283757338552,0.000254302257643793,0.0123882656594175
"3GCR-Kp","Model B","Wet Days",3.66340508806262,0.000261911591528247,0.0127589523002882
"3GCR-Kp","Model B","Wet Days",4.27397260273973,0.000269355151207817,0.0131215632956315
"3GCR-Kp","Model B","Wet Days",4.88454011741683,0.000276555908941808,0.0134723462599052
"3GCR-Kp","Model B","Wet Days",5.49510763209393,0.000283505018714573,0.0138108702618511
"3GCR-Kp","Model B","Wet Days",6.10567514677104,0.000290235546303482,0.0141387460918653
"3GCR-Kp","Model B","Wet Days",6.71624266144814,0.000296739799659059,0.0144555990338392
"3GCR-Kp","Model B","Wet Days",7.32681017612524,0.000302916018559279,0.0147564718660963
"3GCR-Kp","Model B","Wet Days",7.93737769080235,0.000308807460615618,0.0150434718714726
"3GCR-Kp","Model B","Wet Days",8.54794520547945,0.000314449706726516,0.0153183323638066
"3GCR-Kp","Model B","Wet Days",9.15851272015655,0.000319841466333509,0.015580990473892
"3GCR-Kp","Model B","Wet Days",9.76908023483366,0.000324873594667618,0.0158261292438456
"3GCR-Kp","Model B","Wet Days",10.3796477495108,0.000329643403644655,0.0160584891973107
"3GCR-Kp","Model B","Wet Days",10.9902152641879,0.00033417984193137,0.0162794805607539
"3GCR-Kp","Model B","Wet Days",11.600782778865,0.00033848958515441,0.0164894285355206
"3GCR-Kp","Model B","Wet Days",12.2113502935421,0.000342487050726594,0.0166841639890373
"3GCR-Kp","Model B","Wet Days",12.8219178082192,0.000346301003816232,0.0168699596816307
"3GCR-Kp","Model B","Wet Days",13.4324853228963,0.000349951930887976,0.017047813605882
"3GCR-Kp","Model B","Wet Days",14.0430528375734,0.000353450714466267,0.0172182559010243
"3GCR-Kp","Model B","Wet Days",14.6536203522505,0.000356792841443179,0.0173810667122263
"3GCR-Kp","Model B","Wet Days",15.2641878669276,0.000360074863979738,0.0175409495518826
"3GCR-Kp","Model B","Wet Days",15.8747553816047,0.000363321557733015,0.0176991113594223
"3GCR-Kp","Model B","Wet Days",16.4853228962818,0.000366563393533785,0.0178570365131203
"3GCR-Kp","Model B","Wet Days",17.0958904109589,0.000369884255377558,0.0180188113991164
"3GCR-Kp","Model B","Wet Days",17.706457925636,0.000373319267552627,0.0181861470876092
"3GCR-Kp","Model B","Wet Days",18.3170254403131,0.000376901175248582,0.0183606387516477
"3GCR-Kp","Model B","Wet Days",18.9275929549902,0.000380709753009591,0.0185461725865616
"3GCR-Kp","Model B","Wet Days",19.5381604696673,0.000384883888579198,0.0187495144711907
"3GCR-Kp","Model B","Wet Days",20.1487279843444,0.000389394241050853,0.0189692350712128
"3GCR-Kp","Model B","Wet Days",20.7592954990215,0.000394279875571523,0.0192072374346903
"3GCR-Kp","Model B","Wet Days",21.3698630136986,0.000399706364934662,0.0194715873954474
"3GCR-Kp","Model B","Wet Days",21.9804305283757,0.000405809714113624,0.019768910398954
"3GCR-Kp","Model B","Wet Days",22.5909980430528,0.000412506346026736,0.0200951350102949
"3GCR-Kp","Model B","Wet Days",23.2015655577299,0.000419839263248705,0.0204523560882592
"3GCR-Kp","Model B","Wet Days",23.812133072407,0.000428098310282671,0.0208546933293768
"3GCR-Kp","Model B","Wet Days",24.4227005870841,0.000437340715368459,0.0213049345918633
"3GCR-Kp","Model B","Wet Days",25.0332681017613,0.000447450786504768,0.0217974439711848
"3GCR-Kp","Model B","Wet Days",25.6438356164384,0.000458472394287917,0.0223343586115684
"3GCR-Kp","Model B","Wet Days",26.2544031311155,0.000470853636941359,0.022937507496701
"3GCR-Kp","Model B","Wet Days",26.8649706457926,0.000484489077843998,0.0236017543101201
"3GCR-Kp","Model B","Wet Days",27.4755381604697,0.000499261651315345,0.0243213962288822
"3GCR-Kp","Model B","Wet Days",28.0861056751468,0.000515212388742711,0.0250984320859158
"3GCR-Kp","Model B","Wet Days",28.6966731898239,0.00053296917613985,0.0259634491784564
"3GCR-Kp","Model B","Wet Days",29.307240704501,0.000552185371302129,0.026899560925317
"3GCR-Kp","Model B","Wet Days",29.9178082191781,0.000572776931882696,0.0279026732263151
"3GCR-Kp","Model B","Wet Days",30.5283757338552,0.000594777803475491,0.0289744397318726
"3GCR-Kp","Model B","Wet Days",31.1389432485323,0.000618995793125929,0.0301542125435905
"3GCR-Kp","Model B","Wet Days",31.7495107632094,0.000644786215962782,0.0314105860124379
"3GCR-Kp","Model B","Wet Days",32.3600782778865,0.000672129660899145,0.0327426145325692
"3GCR-Kp","Model B","Wet Days",32.9706457925636,0.000701109773012004,0.0341543728512731
"3GCR-Kp","Model B","Wet Days",33.5812133072407,0.000732500098129905,0.0356835440442428
"3GCR-Kp","Model B","Wet Days",34.1917808219178,0.000765525156523577,0.0372923508263346
"3GCR-Kp","Model B","Wet Days",34.8023483365949,0.000800190090361568,0.0389810436968976
"3GCR-Kp","Model B","Wet Days",35.412915851272,0.000836671601989172,0.0407582306628621
"3GCR-Kp","Model B","Wet Days",36.0234833659491,0.00087549820125926,0.0426496579386802
"3GCR-Kp","Model B","Wet Days",36.6340508806262,0.000915948181424383,0.0446201677754652
"3GCR-Kp","Model B","Wet Days",37.2446183953033,0.000958006513542929,0.0466690280423936
"3GCR-Kp","Model B","Wet Days",37.8551859099804,0.0010019197123938,0.0488082476402057
"3GCR-Kp","Model B","Wet Days",38.4657534246575,0.0010479229509155,0.0510492829549553
"3GCR-Kp","Model B","Wet Days",39.0763209393346,0.00109540197627667,0.0533622108261984
"3GCR-Kp","Model B","Wet Days",39.6868884540117,0.00114431935779387,0.055745207828321
"3GCR-Kp","Model B","Wet Days",40.2974559686888,0.00119493913691648,0.0582111366690723
"3GCR-Kp","Model B","Wet Days",40.9080234833659,0.00124721194602326,0.0607575924181432
"3GCR-Kp","Model B","Wet Days",41.5185909980431,0.00130066726093465,0.0633616536174649
"3GCR-Kp","Model B","Wet Days",42.1291585127202,0.00135524528121066,0.0660204071047873
"3GCR-Kp","Model B","Wet Days",42.7397260273973,0.00141114839873734,0.0687437123460648
"3GCR-Kp","Model B","Wet Days",43.3502935420744,0.00146811875140159,0.0715190076582445
"3GCR-Kp","Model B","Wet Days",43.9608610567515,0.00152584036561526,0.0743309004734899
"3GCR-Kp","Model B","Wet Days",44.5714285714286,0.00158423395364511,0.0771755283113349
"3GCR-Kp","Model B","Wet Days",45.1819960861057,0.00164334349296649,0.0800550335225892
"3GCR-Kp","Model B","Wet Days",45.7925636007828,0.00170284338569349,0.0829535546943572
"3GCR-Kp","Model B","Wet Days",46.4031311154599,0.001762553374026,0.0858623106166895
"3GCR-Kp","Model B","Wet Days",47.013698630137,0.00182238062784825,0.0887767790956189
"3GCR-Kp","Model B","Wet Days",47.6242661448141,0.00188211284924284,0.0916866180955535
"3GCR-Kp","Model B","Wet Days",48.2348336594912,0.00194154358654278,0.094581770379408
"3GCR-Kp","Model B","Wet Days",48.8454011741683,0.0020005815745376,0.0974577899871526
"3GCR-Kp","Model B","Wet Days",49.4559686888454,0.00205912913038648,0.100309918325633
"3GCR-Kp","Model B","Wet Days",50.0665362035225,0.00211664031910907,0.103111560320029
"3GCR-Kp","Model B","Wet Days",50.6771037181996,0.00217322659959242,0.105868145659857
"3GCR-Kp","Model B","Wet Days",51.2876712328767,0.0022288198246637,0.108576354574036
"3GCR-Kp","Model B","Wet Days",51.8982387475538,0.00228328686550424,0.111229701728193
"3GCR-Kp","Model B","Wet Days",52.5088062622309,0.00233583715734583,0.113789674973596
"3GCR-Kp","Model B","Wet Days",53.119373776908,0.0023869426470249,0.116279265072657
"3GCR-Kp","Model B","Wet Days",53.7299412915851,0.00243652926745721,0.118694863867413
"3GCR-Kp","Model B","Wet Days",54.3405088062622,0.00248435029614099,0.121024452337961
"3GCR-Kp","Model B","Wet Days",54.9510763209393,0.00252966436581102,0.123231914978611
"3GCR-Kp","Model B","Wet Days",55.5616438356164,0.00257312408216159,0.125349043299147
"3GCR-Kp","Model B","Wet Days",56.1722113502935,0.0026146822401469,0.127373537718537
"3GCR-Kp","Model B","Wet Days",56.7827788649706,0.00265395626770495,0.129286761342316
"3GCR-Kp","Model B","Wet Days",57.3933463796477,0.00269044502776024,0.131064301413473
"3GCR-Kp","Model B","Wet Days",58.0039138943249,0.00272486010144177,0.132740822414134
"3GCR-Kp","Model B","Wet Days",58.614481409002,0.00275718761204184,0.134315648344237
"3GCR-Kp","Model B","Wet Days",59.2250489236791,0.00278693016807489,0.135764548912174
"3GCR-Kp","Model B","Wet Days",59.8356164383562,0.00281394208057058,0.13708042691918
"3GCR-Kp","Model B","Wet Days",60.4461839530333,0.00283888397408772,0.138295464511855
"3GCR-Kp","Model B","Wet Days",61.0567514677104,0.00286177757732237,0.139410720197746
"3GCR-Kp","Model B","Wet Days",61.6673189823875,0.00288207594282168,0.140399549579707
"3GCR-Kp","Model B","Wet Days",62.2778864970646,0.00290000157809298,0.141272792050742
"3GCR-Kp","Model B","Wet Days",62.8884540117417,0.00291608640475474,0.142056360028541
"3GCR-Kp","Model B","Wet Days",63.4990215264188,0.00293038537751742,0.142752930616951
"3GCR-Kp","Model B","Wet Days",64.1095890410959,0.00294240161555548,0.143338298401026
"3GCR-Kp","Model B","Wet Days",64.720156555773,0.00295263294263308,0.143836714730712
"3GCR-Kp","Model B","Wet Days",65.3307240704501,0.00296144951130446,0.144266211487515
"3GCR-Kp","Model B","Wet Days",65.9412915851272,0.00296893279413889,0.144630757585596
"3GCR-Kp","Model B","Wet Days",66.5518590998043,0.00297475104848872,0.144914192271657
"3GCR-Kp","Model B","Wet Days",67.1624266144814,0.00297950039491521,0.14514555539751
"3GCR-Kp","Model B","Wet Days",67.7729941291585,0.00298340257316014,0.145335648954667
"3GCR-Kp","Model B","Wet Days",68.3835616438356,0.00298655558433769,0.145489247040884
"3GCR-Kp","Model B","Wet Days",68.9941291585127,0.00298889958652719,0.145603434473189
"3GCR-Kp","Model B","Wet Days",69.6046966731898,0.00299090867390825,0.145701306621239
"3GCR-Kp","Model B","Wet Days",70.2152641878669,0.0029927070070331,0.145788911932734
"3GCR-Kp","Model B","Wet Days",70.825831702544,0.00299440041211367,0.145871405702948
"3GCR-Kp","Model B","Wet Days",71.4363992172211,0.00299626706539801,0.145962339212524
"3GCR-Kp","Model B","Wet Days",72.0469667318982,0.00299845465161792,0.146068906883201
"3GCR-Kp","Model B","Wet Days",72.6575342465753,0.00300105818549594,0.146195737331476
"3GCR-Kp","Model B","Wet Days",73.2681017612524,0.00300424000727733,0.146350738918461
"3GCR-Kp","Model B","Wet Days",73.8786692759295,0.00300846085773776,0.146556356506354
"3GCR-Kp","Model B","Wet Days",74.4892367906067,0.00301356457711035,0.146804982814373
"3GCR-Kp","Model B","Wet Days",75.0998043052838,0.0030196284325844,0.147100381892733
"3GCR-Kp","Model B","Wet Days",75.7103718199609,0.00302692176032317,0.147455674379737
"3GCR-Kp","Model B","Wet Days",76.320939334638,0.00303587350128201,0.147891756017942
"3GCR-Kp","Model B","Wet Days",76.9315068493151,0.00304613711930598,0.148391745392341
"3GCR-Kp","Model B","Wet Days",77.5420743639922,0.00305776487813578,0.14895818851692
"3GCR-Kp","Model B","Wet Days",78.1526418786693,0.00307115114149594,0.149610296713792
"3GCR-Kp","Model B","Wet Days",78.7632093933464,0.00308652733234255,0.150359343689633
"3GCR-Kp","Model B","Wet Days",79.3737769080235,0.00310347157211147,0.151184777744365
"3GCR-Kp","Model B","Wet Days",79.9843444227006,0.00312200721025123,0.152087736340052
"3GCR-Kp","Model B","Wet Days",80.5949119373777,0.00314263395851082,0.153092562799311
"3GCR-Kp","Model B","Wet Days",81.2054794520548,0.00316529710199717,0.154196591700933
"3GCR-Kp","Model B","Wet Days",81.8160469667319,0.00318959502700234,0.155380258541824
"3GCR-Kp","Model B","Wet Days",82.426614481409,0.00321552169931014,0.156643269366775
"3GCR-Kp","Model B","Wet Days",83.0371819960861,0.00324362743304323,0.158012432579341
"3GCR-Kp","Model B","Wet Days",83.6477495107632,0.00327357037744498,0.159471095012428
"3GCR-Kp","Model B","Wet Days",84.2583170254403,0.00330503163637548,0.161003721726881
"3GCR-Kp","Model B","Wet Days",84.8688845401174,0.00333797848556191,0.162608718568608
"3GCR-Kp","Model B","Wet Days",85.4794520547945,0.00337293159601151,0.164311449884816
"3GCR-Kp","Model B","Wet Days",86.0900195694716,0.00340934181278983,0.166085163741493
"3GCR-Kp","Model B","Wet Days",86.7005870841487,0.00344699696635313,0.167919524356732
"3GCR-Kp","Model B","Wet Days",87.3111545988258,0.00348584297391031,0.169811897102003
"3GCR-Kp","Model B","Wet Days",87.9217221135029,0.00352627981048986,0.171781766652574
"3GCR-Kp","Model B","Wet Days",88.53228962818,0.00356769060121094,0.173799082115569
"3GCR-Kp","Model B","Wet Days",89.1428571428571,0.00360995814851754,0.175858134243764
"3GCR-Kp","Model B","Wet Days",89.7534246575342,0.00365302728330992,0.177956235489395
"3GCR-Kp","Model B","Wet Days",90.3639921722113,0.00369705406321749,0.180100988157645
"3GCR-Kp","Model B","Wet Days",90.9745596868885,0.00374156105889719,0.182269134407275
"3GCR-Kp","Model B","Wet Days",91.5851272015656,0.00378647466293194,0.18445708847288
"3GCR-Kp","Model B","Wet Days",92.1956947162427,0.00383173520311653,0.186661943439134
"3GCR-Kp","Model B","Wet Days",92.8062622309198,0.00387723082520503,0.188878250356717
"3GCR-Kp","Model B","Wet Days",93.4168297455969,0.00392274851282542,0.191095632190713
"3GCR-Kp","Model B","Wet Days",94.027397260274,0.0039682185038035,0.193310690495688
"3GCR-Kp","Model B","Wet Days",94.6379647749511,0.00401352765109551,0.195517913344025
"3GCR-Kp","Model B","Wet Days",95.2485322896282,0.00405844953129385,0.197706270580701
"3GCR-Kp","Model B","Wet Days",95.8590998043053,0.00410297950682038,0.199875536287349
"3GCR-Kp","Model B","Wet Days",96.4696673189824,0.00414705975533735,0.202022893664437
"3GCR-Kp","Model B","Wet Days",97.0802348336595,0.00419049191231023,0.204138679437346
"3GCR-Kp","Model B","Wet Days",97.6908023483366,0.00423308367163581,0.206213525466304
"3GCR-Kp","Model B","Wet Days",98.3013698630137,0.00427496370917352,0.208253700160979
"3GCR-Kp","Model B","Wet Days",98.9119373776908,0.00431609256692775,0.210257281335793
"3GCR-Kp","Model B","Wet Days",99.5225048923679,0.00435618241526916,0.212210247448248
"3GCR-Kp","Model B","Wet Days",100.133072407045,0.00439518581368981,0.214110287446839
"3GCR-Kp","Model B","Wet Days",100.743639921722,0.00443328803781906,0.215966426983708
"3GCR-Kp","Model B","Wet Days",101.354207436399,0.00447047188633544,0.217777828101136
"3GCR-Kp","Model B","Wet Days",101.964774951076,0.00450638706221019,0.219527426174167
"3GCR-Kp","Model B","Wet Days",102.575342465753,0.00454117999769531,0.221222354610329
"3GCR-Kp","Model B","Wet Days",103.185909980431,0.00457502972273457,0.222871334804882
"3GCR-Kp","Model B","Wet Days",103.796477495108,0.00460794206238079,0.224474650523697
"3GCR-Kp","Model B","Wet Days",104.407045009785,0.00463955832005165,0.22601482795984
"3GCR-Kp","Model B","Wet Days",105.017612524462,0.00467019716345175,0.2275073909243
"3GCR-Kp","Model B","Wet Days",105.628180039139,0.00469999320395169,0.228958896973566
"3GCR-Kp","Model B","Wet Days",106.238747553816,0.00472897279628425,0.230370629971314
"3GCR-Kp","Model B","Wet Days",106.849315068493,0.00475683835131354,0.231728092943323
"3GCR-Kp","Model B","Wet Days",107.45988258317,0.00478399710593521,0.233051124324757
"3GCR-Kp","Model B","Wet Days",108.070450097847,0.00481052974144323,0.234343654483016
"3GCR-Kp","Model B","Wet Days",108.681017612524,0.00483647068118603,0.235607360342202
"3GCR-Kp","Model B","Wet Days",109.291585127202,0.00486167334829833,0.236835101449991
"3GCR-Kp","Model B","Wet Days",109.902152641879,0.0048864908955194,0.238044081546505
"3GCR-Kp","Model B","Wet Days",110.512720156556,0.00491097291679521,0.239236716587398
"3GCR-Kp","Model B","Wet Days",111.123287671233,0.00493515528880337,0.240414754295312
"3GCR-Kp","Model B","Wet Days",111.73385518591,0.00495909164759939,0.241580807536175
"3GCR-Kp","Model B","Wet Days",112.344422700587,0.00498295757238492,0.242743429603277
"3GCR-Kp","Model B","Wet Days",112.954990215264,0.00500680248579531,0.243905028106927
"3GCR-Kp","Model B","Wet Days",113.565557729941,0.00503069746783594,0.245069065690348
"3GCR-Kp","Model B","Wet Days",114.176125244618,0.00505479386679198,0.246242915244295
"3GCR-Kp","Model B","Wet Days",114.786692759295,0.00507911770381663,0.247427844382202
"3GCR-Kp","Model B","Wet Days",115.397260273973,0.0051037118370403,0.248625940926295
"3GCR-Kp","Model B","Wet Days",116.00782778865,0.00512870752826482,0.249843599259725
"3GCR-Kp","Model B","Wet Days",116.618395303327,0.00515424920229372,0.251087854997712
"3GCR-Kp","Model B","Wet Days",117.228962818004,0.00518026257623957,0.252355089469497
"3GCR-Kp","Model B","Wet Days",117.839530332681,0.00520678002384186,0.253646879753038
"3GCR-Kp","Model B","Wet Days",118.450097847358,0.00523400408529336,0.254973092539013
"3GCR-Kp","Model B","Wet Days",119.060665362035,0.00526199307211301,0.256336568457286
"3GCR-Kp","Model B","Wet Days",119.671232876712,0.00529062660629658,0.257731443325959
"3GCR-Kp","Model B","Wet Days",120.281800391389,0.00531992579960304,0.259158745598656
"3GCR-Kp","Model B","Wet Days",120.892367906067,0.00535016384123519,0.260631783613459
"3GCR-Kp","Model B","Wet Days",121.502935420744,0.00538127201775818,0.262147210013985
"3GCR-Kp","Model B","Wet Days",122.113502935421,0.0054131299648851,0.263699161286572
"3GCR-Kp","Model B","Wet Days",122.724070450098,0.00544574979808626,0.265288227633077
"3GCR-Kp","Model B","Wet Days",123.334637964775,0.00547947140206737,0.266930966444955
"3GCR-Kp","Model B","Wet Days",123.945205479452,0.00551409142327953,0.268617471409105
"3GCR-Kp","Model B","Wet Days",124.555772994129,0.00554952107728998,0.270343417415914
"3GCR-Kp","Model B","Wet Days",125.166340508806,0.00558576791860165,0.272109172480946
"3GCR-Kp","Model B","Wet Days",125.776908023483,0.0056232421771383,0.273934720843918
"3GCR-Kp","Model B","Wet Days",126.38747553816,0.00566161229389122,0.27580391069745
"3GCR-Kp","Model B","Wet Days",126.998043052838,0.00570083903190651,0.277714830623952
"3GCR-Kp","Model B","Wet Days",127.608610567515,0.00574093829957807,0.279668255596526
"3GCR-Kp","Model B","Wet Days",128.219178082192,0.00578238672971269,0.281687404653364
"3GCR-Kp","Model B","Wet Days",128.829745596869,0.00582474406166058,0.283750830616061
"3GCR-Kp","Model B","Wet Days",129.440313111546,0.0058680234542941,0.285859174515522
"3GCR-Kp","Model B","Wet Days",130.050880626223,0.00591231020560084,0.288016591620127
"3GCR-Kp","Model B","Wet Days",130.6614481409,0.00595801193570568,0.290242939033947
"3GCR-Kp","Model B","Wet Days",131.272015655577,0.0060047188342103,0.292518252954333
"3GCR-Kp","Model B","Wet Days",131.882583170254,0.00605245023419782,0.294843475187199
"3GCR-Kp","Model B","Wet Days",132.493150684931,0.00610137931053606,0.297227041899363
"3GCR-Kp","Model B","Wet Days",133.103718199609,0.00615183439944859,0.299684947901101
"3GCR-Kp","Model B","Wet Days",133.714285714286,0.00620342728469514,0.302198281343328
"3GCR-Kp","Model B","Wet Days",134.324853228963,0.00625618117215482,0.304768172694167
"3GCR-Kp","Model B","Wet Days",134.93542074364,0.00631037646541122,0.307408281738306
"3GCR-Kp","Model B","Wet Days",135.545988258317,0.00636622284137789,0.310128822829844
"3GCR-Kp","Model B","Wet Days",136.156555772994,0.00642335184632583,0.312911846845087
"3GCR-Kp","Model B","Wet Days",136.767123287671,0.00648178469610732,0.315758387308538
"3GCR-Kp","Model B","Wet Days",137.377690802348,0.00654191741618425,0.318687736493396
"3GCR-Kp","Model B","Wet Days",137.988258317025,0.00660378090453963,0.321701399586542
"3GCR-Kp","Model B","Wet Days",138.598825831703,0.00666703761112493,0.324782932928712
"3GCR-Kp","Model B","Wet Days",139.20939334638,0.00673169828803389,0.327932860305243
"3GCR-Kp","Model B","Wet Days",139.819960861057,0.00679825530741425,0.331175167492063
"3GCR-Kp","Model B","Wet Days",140.430528375734,0.00686650797709548,0.334500077824396
"3GCR-Kp","Model B","Wet Days",141.041095890411,0.00693617048452873,0.337893668021275
"3GCR-Kp","Model B","Wet Days",141.651663405088,0.00700723376238846,0.341355496370391
"3GCR-Kp","Model B","Wet Days",142.262230919765,0.007080223560633,0.344911174638679
"3GCR-Kp","Model B","Wet Days",142.872798434442,0.00715470168320141,0.34853935622362
"3GCR-Kp","Model B","Wet Days",143.483365949119,0.00723045298014334,0.352229560153608
"3GCR-Kp","Model B","Wet Days",144.093933463796,0.00730744047565168,0.355979985162207
"3GCR-Kp","Model B","Wet Days",144.704500978474,0.00738610790425906,0.359812247657087
"3GCR-Kp","Model B","Wet Days",145.315068493151,0.00746585806932538,0.363697255365543
"3GCR-Kp","Model B","Wet Days",145.925636007828,0.00754654774954616,0.367628031300488
"3GCR-Kp","Model B","Wet Days",146.536203522505,0.00762810935687193,0.371601282928384
"3GCR-Kp","Model B","Wet Days",147.146771037182,0.00771073463702368,0.375626351090136
"3GCR-Kp","Model B","Wet Days",147.757338551859,0.00779385712981131,0.379675640830885
"3GCR-Kp","Model B","Wet Days",148.367906066536,0.00787737326578048,0.383744106792691
"3GCR-Kp","Model B","Wet Days",148.978473581213,0.00796118304335971,0.387826877426062
"3GCR-Kp","Model B","Wet Days",149.58904109589,0.00804503834301459,0.391911865655029
"3GCR-Kp","Model B","Wet Days",150.199608610568,0.00812867951423185,0.395986422675108
"3GCR-Kp","Model B","Wet Days",150.810176125245,0.0082119767111767,0.400044223081595
"3GCR-Kp","Model B","Wet Days",151.420743639922,0.00829469204246708,0.404073678060195
"3GCR-Kp","Model B","Wet Days",152.031311154599,0.00837627808675939,0.408048120128302
"3GCR-Kp","Model B","Wet Days",152.641878669276,0.00845679175574125,0.411970321723377
"3GCR-Kp","Model B","Wet Days",153.252446183953,0.00853608763696911,0.415833199117586
"3GCR-Kp","Model B","Wet Days",153.86301369863,0.00861367014942684,0.419612610215845
"3GCR-Kp","Model B","Wet Days",154.473581213307,0.00868892831966765,0.423278791612043
"3GCR-Kp","Model B","Wet Days",155.084148727984,0.00876218813408925,0.426847623645322
"3GCR-Kp","Model B","Wet Days",155.694716242661,0.00883330229804935,0.430311930897046
"3GCR-Kp","Model B","Wet Days",156.305283757339,0.00890140758101118,0.433629661325231
"3GCR-Kp","Model B","Wet Days",156.915851272016,0.00896611618971691,0.43678192368627
"3GCR-Kp","Model B","Wet Days",157.526418786693,0.00902792643221056,0.439792992921672
"3GCR-Kp","Model B","Wet Days",158.13698630137,0.00908670349196856,0.442656301480975
"3GCR-Kp","Model B","Wet Days",158.747553816047,0.00914114076305476,0.445308198409606
"3GCR-Kp","Model B","Wet Days",159.358121330724,0.00919135250659061,0.447754249907175
"3GCR-Kp","Model B","Wet Days",159.968688845401,0.00923788345435985,0.450020992435105
"3GCR-Kp","Model B","Wet Days",160.579256360078,0.00928062395464356,0.452103084339584
"3GCR-Kp","Model B","Wet Days",161.189823874755,0.00931780054110988,0.453914131688209
"3GCR-Kp","Model B","Wet Days",161.800391389432,0.00935024328108447,0.455494570986108
"3GCR-Kp","Model B","Wet Days",162.41095890411,0.00937841453018117,0.456866925761882
"3GCR-Kp","Model B","Wet Days",163.021526418787,0.00940223894190658,0.458027525531496
"3GCR-Kp","Model B","Wet Days",163.632093933464,0.0094195121160973,0.458868983537566
"3GCR-Kp","Model B","Wet Days",164.242661448141,0.00943188760867084,0.459471852309112
"3GCR-Kp","Model B","Wet Days",164.853228962818,0.00943963880905398,0.459849449938073
"3GCR-Kp","Model B","Wet Days",165.463796477495,0.0094427292513878,0.46
"3GCR-Kp","Model B","Wet Days",166.074363992172,0.00943861436564812,0.459799544454801
"3GCR-Kp","Model B","Wet Days",166.684931506849,0.00942975675486327,0.459368048342548
"3GCR-Kp","Model B","Wet Days",167.295499021526,0.00941617439611905,0.458706387412111
"3GCR-Kp","Model B","Wet Days",167.906066536204,0.00939757478100878,0.457800312195619
"3GCR-Kp","Model B","Wet Days",168.516634050881,0.009372089749771,0.456558815795873
"3GCR-Kp","Model B","Wet Days",169.127201565558,0.00934197882949105,0.455091970463339
"3GCR-Kp","Model B","Wet Days",169.737769080235,0.00930728084467872,0.453401667523506
"3GCR-Kp","Model B","Wet Days",170.348336594912,0.00926746290488067,0.451461947362154
"3GCR-Kp","Model B","Wet Days",170.958904109589,0.00922142975030864,0.449219454695108
"3GCR-Kp","Model B","Wet Days",171.569471624266,0.00917108330392233,0.446766841184634
"3GCR-Kp","Model B","Wet Days",172.180039138943,0.00911649065432298,0.444107375033785
"3GCR-Kp","Model B","Wet Days",172.79060665362,0.00905694263566889,0.441206509420503
"3GCR-Kp","Model B","Wet Days",173.401174168297,0.00899206608342863,0.43804606573563
"3GCR-Kp","Model B","Wet Days",174.011741682975,0.00892335338018424,0.434698744992765
"3GCR-Kp","Model B","Wet Days",174.622309197652,0.00885089259798537,0.431168837597975
"3GCR-Kp","Model B","Wet Days",175.232876712329,0.0087738849261278,0.427417429703983
"3GCR-Kp","Model B","Wet Days",175.843444227006,0.00869254937082232,0.42345519013908
"3GCR-Kp","Model B","Wet Days",176.454011741683,0.0086079710921305,0.419334982181987
"3GCR-Kp","Model B","Wet Days",177.06457925636,0.00852025202483721,0.415061771558164
"3GCR-Kp","Model B","Wet Days",177.675146771037,0.00842860100166476,0.410597016767792
"3GCR-Kp","Model B","Wet Days",178.285714285714,0.00833364986485124,0.405971497834502
"3GCR-Kp","Model B","Wet Days",178.896281800391,0.00823612047142486,0.401220379828069
"3GCR-Kp","Model B","Wet Days",179.506849315068,0.00813612225016363,0.3963489935418
"3GCR-Kp","Model B","Wet Days",180.117416829746,0.00803296947247494,0.391323933892883
"3GCR-Kp","Model B","Wet Days",180.727984344423,0.00792750444658173,0.386186233698445
"3GCR-Kp","Model B","Wet Days",181.3385518591,0.00782015717321906,0.380956840327925
"3GCR-Kp","Model B","Wet Days",181.949119373777,0.00771103909433764,0.375641182645791
"3GCR-Kp","Model B","Wet Days",182.559686888454,0.00759965977325738,0.370215369161899
"3GCR-Kp","Model B","Wet Days",183.170254403131,0.00748686762570998,0.364720730219013
"3GCR-Kp","Model B","Wet Days",183.780821917808,0.00737288695006604,0.359168192451555
"3GCR-Kp","Model B","Wet Days",184.391389432485,0.00725782645861847,0.353563051749453
"3GCR-Kp","Model B","Wet Days",185.001956947162,0.00714146553491999,0.347894560842183
"3GCR-Kp","Model B","Wet Days",185.61252446184,0.00702446918865478,0.342195115496539
"3GCR-Kp","Model B","Wet Days",186.223091976517,0.00690694621247134,0.336470015516951
"3GCR-Kp","Model B","Wet Days",186.833659491194,0.00678898677636306,0.330723653510242
"3GCR-Kp","Model B","Wet Days",187.444227005871,0.00667072750117164,0.324962684923744
"3GCR-Kp","Model B","Wet Days",188.054794520548,0.00655245505268805,0.319201074603883
"3GCR-Kp","Model B","Wet Days",188.665362035225,0.00643425981590227,0.313443225630985
"3GCR-Kp","Model B","Wet Days",189.275929549902,0.00631627878057127,0.307695811423987
"3GCR-Kp","Model B","Wet Days",189.886497064579,0.00619882402497378,0.30197403479178
"3GCR-Kp","Model B","Wet Days",190.497064579256,0.00608189329462889,0.296277785907937
"3GCR-Kp","Model B","Wet Days",191.107632093933,0.00596556301392744,0.290610787765975
"3GCR-Kp","Model B","Wet Days",191.718199608611,0.00585007188823135,0.284984668832999
"3GCR-Kp","Model B","Wet Days",192.328767123288,0.00573572960783377,0.279414515587828
"3GCR-Kp","Model B","Wet Days",192.939334637965,0.00562235300803209,0.273891405211545
"3GCR-Kp","Model B","Wet Days",193.549902152642,0.00551000250565348,0.268418280893534
"3GCR-Kp","Model B","Wet Days",194.160469667319,0.00539905211974363,0.263013362870386
"3GCR-Kp","Model B","Wet Days",194.771037181996,0.00528967084758587,0.257684883799023
"3GCR-Kp","Model B","Wet Days",195.381604696673,0.00518159113787366,0.252419809989953
"3GCR-Kp","Model B","Wet Days",195.99217221135,0.00507485670532328,0.247220270993751
"3GCR-Kp","Model B","Wet Days",196.602739726027,0.00496998924783613,0.242111681182495
"3GCR-Kp","Model B","Wet Days",197.213307240704,0.00486692621172127,0.23709099327006
"3GCR-Kp","Model B","Wet Days",197.823874755382,0.00476539448362952,0.232144902613554
"3GCR-Kp","Model B","Wet Days",198.434442270059,0.00466542191769418,0.227274766119542
"3GCR-Kp","Model B","Wet Days",199.045009784736,0.004567672767547,0.222512942723929
"3GCR-Kp","Model B","Wet Days",199.655577299413,0.00447180971121183,0.217842999877935
"3GCR-Kp","Model B","Wet Days",200.26614481409,0.00437761152259783,0.213254160612415
"3GCR-Kp","Model B","Wet Days",200.876712328767,0.00428509245549205,0.208747119296748
"3GCR-Kp","Model B","Wet Days",201.487279843444,0.00419504325431381,0.204360396831323
"3GCR-Kp","Model B","Wet Days",202.097847358121,0.00410684815777162,0.200063996571467
"3GCR-Kp","Model B","Wet Days",202.708414872798,0.00402037364512696,0.19585141409054
"3GCR-Kp","Model B","Wet Days",203.318982387476,0.00393562359547756,0.191722838357735
"3GCR-Kp","Model B","Wet Days",203.929549902153,0.00385349554914807,0.187721992807068
"3GCR-Kp","Model B","Wet Days",204.54011741683,0.00377311707495481,0.183806377189532
"3GCR-Kp","Model B","Wet Days",205.150684931507,0.00369445964040133,0.179974601552284
"3GCR-Kp","Model B","Wet Days",205.761252446184,0.00361760772166965,0.176230781129668
"3GCR-Kp","Model B","Wet Days",206.371819960861,0.0035432853165935,0.172610185280221
"3GCR-Kp","Model B","Wet Days",206.982387475538,0.00347065763085262,0.16907214722455
"3GCR-Kp","Model B","Wet Days",207.592954990215,0.00339971758900067,0.165616322284203
"3GCR-Kp","Model B","Wet Days",208.203522504892,0.00333065282517394,0.162251851005348
"3GCR-Kp","Model B","Wet Days",208.814090019569,0.00326394027928133,0.159001967386574
"3GCR-Kp","Model B","Wet Days",209.424657534247,0.00319887249965229,0.155832208111208
"3GCR-Kp","Model B","Wet Days",210.035225048924,0.00313544017630912,0.152742119646205
"3GCR-Kp","Model B","Wet Days",210.645792563601,0.00307392702094385,0.149745522929862
"3GCR-Kp","Model B","Wet Days",211.256360078278,0.00301457437567679,0.146854174878255
"3GCR-Kp","Model B","Wet Days",211.866927592955,0.00295680305016422,0.144039860390537
"3GCR-Kp","Model B","Wet Days",212.477495107632,0.00290060154330998,0.14130201919392
"3GCR-Kp","Model B","Wet Days",213.088062622309,0.00284633789458336,0.138658580231548
"3GCR-Kp","Model B","Wet Days",213.698630136986,0.00279403099635999,0.136110463840388
"3GCR-Kp","Model B","Wet Days",214.309197651663,0.00274322503952707,0.133635465402865
"3GCR-Kp","Model B","Wet Days",214.91976516634,0.00269390500235379,0.131232853139427
"3GCR-Kp","Model B","Wet Days",215.530332681018,0.00264650372016448,0.128923712505761
"3GCR-Kp","Model B","Wet Days",216.140900195695,0.00260083391438172,0.126698920276652
"3GCR-Kp","Model B","Wet Days",216.751467710372,0.00255655635870842,0.124541951134841
"3GCR-Kp","Model B","Wet Days",217.362035225049,0.00251365040041056,0.12245179898798
"3GCR-Kp","Model B","Wet Days",217.972602739726,0.00247258236118654,0.120451180571406
"3GCR-Kp","Model B","Wet Days",218.583170254403,0.00243298671218262,0.118522289245932
"3GCR-Kp","Model B","Wet Days",219.19373776908,0.00239463208750586,0.116653854084697
"3GCR-Kp","Model B","Wet Days",219.804305283757,0.00235749018385942,0.114844496300257
"3GCR-Kp","Model B","Wet Days",220.414872798434,0.00232201560439848,0.113116361762286
"3GCR-Kp","Model B","Wet Days",221.025440313112,0.00228771461603001,0.111445398396776
"3GCR-Kp","Model B","Wet Days",221.636007827789,0.00225445026480847,0.109824934529335
"3GCR-Kp","Model B","Wet Days",222.246575342466,0.00222218558986051,0.108253169621018
"3GCR-Kp","Model B","Wet Days",222.857142857143,0.00219130665458464,0.106748910645806
"3GCR-Kp","Model B","Wet Days",223.46771037182,0.00216126967361185,0.10528566724661
"3GCR-Kp","Model B","Wet Days",224.078277886497,0.00213201065407661,0.103860322028306
"3GCR-Kp","Model B","Wet Days",224.688845401174,0.00210351317295812,0.102472074947879
"3GCR-Kp","Model B","Wet Days",225.299412915851,0.00207594874288791,0.101129281196757
"3GCR-Kp","Model B","Wet Days",225.909980430528,0.0020489113748059,0.099812163127752
"3GCR-Kp","Model B","Wet Days",226.520547945205,0.00202235095315265,0.0985182793749481
"3GCR-Kp","Model B","Wet Days",227.131115459883,0.00199625142806141,0.0972468480734307
"3GCR-Kp","Model B","Wet Days",227.74168297456,0.00197058668144204,0.0959965968875063
"3GCR-Kp","Model B","Wet Days",228.352250489237,0.0019451309606137,0.0947565283364234
"3GCR-Kp","Model B","Wet Days",228.962818003914,0.00191983391163097,0.0935241894413579
"3GCR-Kp","Model B","Wet Days",229.573385518591,0.0018946421490894,0.0922969795467802
"3GCR-Kp","Model B","Wet Days",230.183953033268,0.00186942996512896,0.0910687748283092
"3GCR-Kp","Model B","Wet Days",230.794520547945,0.00184412042163974,0.0898358272667413
"3GCR-Kp","Model B","Wet Days",231.405088062622,0.00181866854183715,0.0885959458301883
"3GCR-Kp","Model B","Wet Days",232.015655577299,0.00179295673347774,0.0873434020443341
"3GCR-Kp","Model B","Wet Days",232.626223091976,0.00176686351256346,0.086072277849091
"3GCR-Kp","Model B","Wet Days",233.236790606654,0.00174041570651309,0.0847838801349045
"3GCR-Kp","Model B","Wet Days",233.847358121331,0.00171357921982233,0.0834765479485102
"3GCR-Kp","Model B","Wet Days",234.457925636008,0.00168616511520241,0.082141077261017
"3GCR-Kp","Model B","Wet Days",235.068493150685,0.00165814144356655,0.0807759116813088
"3GCR-Kp","Model B","Wet Days",235.679060665362,0.00162958881315835,0.0793849780181584
"3GCR-Kp","Model B","Wet Days",236.289628180039,0.00160048829992916,0.0779673543916567
"3GCR-Kp","Model B","Wet Days",236.900195694716,0.00157059729398706,0.076511222126576
"3GCR-Kp","Model B","Wet Days",237.510763209393,0.0015400182205072,0.0750215708376046
"3GCR-Kp","Model B","Wet Days",238.12133072407,0.00150884132100763,0.0735027966158728
"3GCR-Kp","Model B","Wet Days",238.731898238748,0.00147706504688919,0.0719548240217908
"3GCR-Kp","Model B","Wet Days",239.342465753425,0.00144443474737797,0.0703652478118242
"3GCR-Kp","Model B","Wet Days",239.953033268102,0.00141117901426247,0.0687452037730864
"3GCR-Kp","Model B","Wet Days",240.563600782779,0.00137736885981806,0.0670981512493528
"3GCR-Kp","Model B","Wet Days",241.174168297456,0.00134301978811568,0.0654248455172444
"3GCR-Kp","Model B","Wet Days",241.784735812133,0.00130792359289651,0.0637151438652095
"3GCR-Kp","Model B","Wet Days",242.39530332681,0.00127237476321227,0.0619833922477046
"3GCR-Kp","Model B","Wet Days",243.005870841487,0.00123641673313403,0.0602317065437477
"3GCR-Kp","Model B","Wet Days",243.616438356164,0.00120006728034209,0.0584609527882239
"3GCR-Kp","Model B","Wet Days",244.227005870841,0.0011632642567456,0.0566681034537057
"3GCR-Kp","Model B","Wet Days",244.837573385519,0.00112623414205739,0.0548641914381117
"3GCR-Kp","Model B","Wet Days",245.448140900196,0.00108901654977247,0.0530511465021316
"3GCR-Kp","Model B","Wet Days",246.058708414873,0.00105164568378405,0.0512306348791656
"3GCR-Kp","Model B","Wet Days",246.66927592955,0.00101420431846215,0.0494066889002478
"3GCR-Kp","Model B","Wet Days",247.279843444227,0.000976795624665101,0.047584334505822
"3GCR-Kp","Model B","Wet Days",247.890410958904,0.000939462785166167,0.0457656753330001
"3GCR-Kp","Model B","Wet Days",248.500978473581,0.000902288086668418,0.0439547199562533
"3GCR-Kp","Model B","Wet Days",249.111545988258,0.000865422684335163,0.0421588318584552
"3GCR-Kp","Model B","Wet Days",249.722113502935,0.000828859189281135,0.0403776510920596
"3GCR-Kp","Model B","Wet Days",250.332681017613,0.000792638779368498,0.0386131836254779
"3GCR-Kp","Model B","Wet Days",250.94324853229,0.000756918619485487,0.0368730857037071
"3GCR-Kp","Model B","Wet Days",251.553816046967,0.000721829368814201,0.0351637223534427
"3GCR-Kp","Model B","Wet Days",252.164383561644,0.000687285847123315,0.0334809440427681
"3GCR-Kp","Model B","Wet Days",252.774951076321,0.000653322609874458,0.0318264341316449
"3GCR-Kp","Model B","Wet Days",253.385518590998,0.000620186544361862,0.0302122196677966
"3GCR-Kp","Model B","Wet Days",253.996086105675,0.000587909479514733,0.0286398511888955
"3GCR-Kp","Model B","Wet Days",254.606653620352,0.000556369910171215,0.0271034096038648
"3GCR-Kp","Model B","Wet Days",255.217221135029,0.000525592678747365,0.0256041051042795
"3GCR-Kp","Model B","Wet Days",255.827788649706,0.000495913953557638,0.0241583140386014
"3GCR-Kp","Model B","Wet Days",256.438356164384,0.00046721539396993,0.0227602714749638
"3GCR-Kp","Model B","Wet Days",257.048923679061,0.000439378648186983,0.0214042119375929
"3GCR-Kp","Model B","Wet Days",257.659491193738,0.000412417499937943,0.0200908068971237
"3GCR-Kp","Model B","Wet Days",258.270058708415,0.000386742380210124,0.0188400503880286
"3GCR-Kp","Model B","Wet Days",258.880626223092,0.000362067686404806,0.0176380293570032
"3GCR-Kp","Model B","Wet Days",259.491193737769,0.00033830798653479,0.0164805820079117
"3GCR-Kp","Model B","Wet Days",260.101761252446,0.000315466290587492,0.0153678549714765
"3GCR-Kp","Model B","Wet Days",260.712328767123,0.000294001615591823,0.0143222091380373
"3GCR-Kp","Model B","Wet Days",261.3228962818,0.00027347643827649,0.0133223306798399
"3GCR-Kp","Model B","Wet Days",261.933463796477,0.00025385460587931,0.0123664584248585
"3GCR-Kp","Model B","Wet Days",262.544031311155,0.000235159452256724,0.0114557290755948
"3GCR-Kp","Model B","Wet Days",263.154598825832,0.000217779237256843,0.010609056605475
"3GCR-Kp","Model B","Wet Days",263.765166340509,0.000201252437620621,0.00980395803383643
"3GCR-Kp","Model B","Wet Days",264.375733855186,0.000185565733551857,0.0090397844904119
"3GCR-Kp","Model B","Wet Days",264.986301369863,0.000170784810140685,0.00831973580659096
"3GCR-Kp","Model B","Wet Days",265.59686888454,0.000157138041228104,0.00765493715223323
"3GCR-Kp","Model B","Wet Days",266.207436399217,0.000144250555842299,0.00702712678939782
"3GCR-Kp","Model B","Wet Days",266.818003913894,0.000132104916777208,0.00643545526931045
"3GCR-Kp","Model B","Wet Days",267.428571428571,0.000120795980384398,0.00588454349346686
"3GCR-Kp","Model B","Wet Days",268.039138943249,0.000110414731978573,0.00537882378684941
"3GCR-Kp","Model B","Wet Days",268.649706457926,0.000100677965686454,0.00490449985198529
"3GCR-Kp","Model B","Wet Days",269.260273972603,9.15665383600754e-05,0.00446063913560205
"3GCR-Kp","Model B","Wet Days",269.87084148728,8.31897025767334e-05,0.00405256384743566
"3GCR-Kp","Model B","Wet Days",270.481409001957,7.55357003642601e-05,0.00367970120105402
"3GCR-Kp","Model B","Wet Days",271.091976516634,6.84056488655661e-05,0.00333236267189762
"3GCR-Kp","Model B","Wet Days",271.702544031311,6.17806587826381e-05,0.00300962807292571
"3GCR-Kp","Model B","Wet Days",272.313111545988,5.57711377816228e-05,0.00271687588371508
"3GCR-Kp","Model B","Wet Days",272.923679060665,5.0299790808465e-05,0.00245034069662575
"3GCR-Kp","Model B","Wet Days",273.534246575342,4.52375865163528e-05,0.00220373678451746
"3GCR-Kp","Model B","Wet Days",274.14481409002,4.05672736720663e-05,0.0019762237582326
"3GCR-Kp","Model B","Wet Days",274.755381604697,3.63905309512658e-05,0.00177275486693871
"3GCR-Kp","Model B","Wet Days",275.365949119374,3.25974906059432e-05,0.00158797793302504
"3GCR-Kp","Model B","Wet Days",275.976516634051,2.91119719707566e-05,0.00141818183599619
"3GCR-Kp","Model B","Wet Days",276.587084148728,2.59191683885279e-05,0.00126264527355484
"3GCR-Kp","Model B","Wet Days",277.197651663405,2.31060771310162e-05,0.00112560629425072
"3GCR-Kp","Model B","Wet Days",277.808219178082,2.05553515184896e-05,0.00100134838633815
"3GCR-Kp","Model B","Wet Days",278.418786692759,1.82274593813165e-05,0.000887945750872111
"3GCR-Kp","Model B","Wet Days",279.029354207436,1.61103496127267e-05,0.000784811321447674
"3GCR-Kp","Model B","Wet Days",279.639921722114,1.42739637593175e-05,0.000695352281579083
"3GCR-Kp","Model B","Wet Days",280.250489236791,1.26098035080062e-05,0.000614283165307355
"3GCR-Kp","Model B","Wet Days",280.861056751468,1.1101495144387e-05,0.000540806331566427
"3GCR-Kp","Model B","Wet Days",281.471624266145,9.74324556769787e-06,0.000474639571020456
"3GCR-Kp","Model B","Wet Days",282.082191780822,8.57758941466454e-06,0.000417854946986412
"3GCR-Kp","Model B","Wet Days",282.692759295499,7.52409478537772e-06,0.000366534241227458
"3GCR-Kp","Model B","Wet Days",283.303326810176,6.57591057444986e-06,0.000320343703998753
"3GCR-Kp","Model B","Wet Days",283.913894324853,5.7339709142386e-06,0.000279328841305293
"3GCR-Kp","Model B","Wet Days",284.52446183953,5.01313299762386e-06,0.000244213417277431
"3GCR-Kp","Model B","Wet Days",285.135029354207,4.36598023787131e-06,0.000212687545724732
"3GCR-Kp","Model B","Wet Days",285.745596868885,3.78762374549385e-06,0.000184513065718908
"3GCR-Kp","Model B","Wet Days",286.356164383562,3.28163281737706e-06,0.000159863854591784
"3GCR-Kp","Model B","Wet Days",286.966731898239,2.8490257174084e-06,0.000138789516793066
"3GCR-Kp","Model B","Wet Days",287.577299412916,2.46325145695842e-06,0.000119996628097151
"3GCR-Kp","Model B","Wet Days",288.187866927593,2.12095083380015e-06,0.000103321545876652
"3GCR-Kp","Model B","Wet Days",288.79843444227,1.82611473406471e-06,8.89586850693947e-05
"3GCR-Kp","Model B","Wet Days",289.409001956947,1.57414708104496e-06,7.66841490424242e-05
"3GCR-Kp","Model B","Wet Days",290.019569471624,1.35098948522677e-06,6.58130871551759e-05
"3GCR-Kp","Model B","Wet Days",290.630136986301,1.15441648373666e-06,5.6237086586044e-05
"3GCR-Kp","Model B","Wet Days",291.240704500978,9.87846411170001e-07,4.8122670579739e-05
"3GCR-Kp","Model B","Wet Days",291.851272015656,8.45422082896715e-07,4.11845079721346e-05
"3GCR-Kp","Model B","Wet Days",292.461839530333,7.20157116065712e-07,3.50822590133611e-05
"3GCR-Kp","Model B","Wet Days",293.07240704501,6.10628584115065e-07,2.97466062210401e-05
"3GCR-Kp","Model B","Wet Days",293.682974559687,5.193891568781e-07,2.53019022152745e-05
"3GCR-Kp","Model B","Wet Days",294.293542074364,4.41263479203068e-07,2.14960309704506e-05
"3GCR-Kp","Model B","Wet Days",294.904109589041,3.73035237997558e-07,1.81723106647008e-05
"3GCR-Kp","Model B","Wet Days",295.514677103718,3.13825767375984e-07,1.52879373272019e-05
"3GCR-Kp","Model B","Wet Days",296.125244618395,2.65372960662584e-07,1.29275719609188e-05
"3GCR-Kp","Model B","Wet Days",296.735812133072,2.23787033710712e-07,1.09017247838381e-05
"3GCR-Kp","Model B","Wet Days",297.346379647749,1.87730516358874e-07,9.14524129900158e-06
"3GCR-Kp","Model B","Wet Days",297.956947162427,1.56679135487969e-07,7.63258168329597e-06
"3GCR-Kp","Model B","Wet Days",298.567514677104,1.3173432252667e-07,6.41740187068925e-06
"3GCR-Kp","Model B","Wet Days",299.178082191781,1.10255663631554e-07,5.371074815373e-06
"3GCR-Kp","Model B","Wet Days",299.788649706458,9.17693646114848e-08,4.47051976154869e-06
"3GCR-Kp","Model B","Wet Days",300.399217221135,7.60203690340001e-08,3.70331170413475e-06
"3GCR-Kp","Model B","Wet Days",301.009784735812,6.35240502045576e-08,3.09455691423132e-06
"3GCR-Kp","Model B","Wet Days",301.620352250489,5.27610003469945e-08,2.57023785321924e-06
"3GCR-Kp","Model B","Wet Days",302.230919765166,4.35666950198521e-08,2.122339757458e-06
"3GCR-Kp","Model B","Wet Days",302.841487279843,3.58686018472277e-08,1.74732923188492e-06
"3GCR-Kp","Model B","Wet Days",303.452054794521,2.97504572114083e-08,1.44928547170157e-06
"3GCR-Kp","Model B","Wet Days",304.062622309198,2.45182422733129e-08,1.19439953698411e-06
"3GCR-Kp","Model B","Wet Days",304.673189823875,2.00827407552599e-08,9.78325280909843e-07
"3GCR-Kp","Model B","Wet Days",305.283757338552,1.64356630534767e-08,8.00658877674391e-07
"3GCR-Kp","Model B","Wet Days",305.894324853229,1.35296255063577e-08,6.59092045026056e-07
"3GCR-Kp","Model B","Wet Days",306.504892367906,1.10623989172973e-08,5.38901769444344e-07
"3GCR-Kp","Model B","Wet Days",307.115459882583,8.98714784898928e-09,4.37806475275936e-07
"3GCR-Kp","Model B","Wet Days",307.72602739726,7.31259827192855e-09,3.56231245811984e-07
"3GCR-Kp","Model B","Wet Days",308.336594911937,5.97360570182656e-09,2.91002585130392e-07
"3GCR-Kp","Model B","Wet Days",308.947162426614,4.84522783584434e-09,2.36033962761437e-07
"3GCR-Kp","Model B","Wet Days",309.557729941292,3.90366340355825e-09,1.90165906257757e-07
"3GCR-Kp","Model B","Wet Days",310.168297455969,3.15858768352704e-09,1.53869744195927e-07
"3GCR-Kp","Model B","Wet Days",310.778864970646,2.56017585798508e-09,1.2471827406256e-07
"3GCR-Kp","Model B","Wet Days",311.389432485323,2.05971573855724e-09,1.00338494783918e-07
"3GCR-Kp","Model B","Wet Days",312,1.64549932540133e-09,8.01600543162207e-08
"3GCR-Kp","Model B","Precipitation",0,3.85319946913711e-05,0.0107800291476232
"3GCR-Kp","Model B","Precipitation",6.51272015655577,4.03531110586624e-05,0.0112895197067769
"3GCR-Kp","Model B","Precipitation",13.0254403131115,4.21016114578724e-05,0.0117786946228197
"3GCR-Kp","Model B","Precipitation",19.5381604696673,4.37668860059846e-05,0.0122445855872308
"3GCR-Kp","Model B","Precipitation",26.0508806262231,4.53376189119737e-05,0.0126840268008331
"3GCR-Kp","Model B","Precipitation",32.5636007827789,4.67759632017871e-05,0.0130864298815118
"3GCR-Kp","Model B","Precipitation",39.0763209393346,4.81028645525974e-05,0.0134576547649451
"3GCR-Kp","Model B","Precipitation",45.5890410958904,4.93155936570956e-05,0.0137969378775733
"3GCR-Kp","Model B","Precipitation",52.1017612524462,5.04131983839655e-05,0.0141040128432738
"3GCR-Kp","Model B","Precipitation",58.614481409002,5.13965440051068e-05,0.0143791217376614
"3GCR-Kp","Model B","Precipitation",65.1272015655577,5.22514752204157e-05,0.0146183043570421
"3GCR-Kp","Model B","Precipitation",71.6399217221135,5.29940994263401e-05,0.0148260670397092
"3GCR-Kp","Model B","Precipitation",78.1526418786693,5.36483016590064e-05,0.0150090920606838
"3GCR-Kp","Model B","Precipitation",84.665362035225,5.42267085819295e-05,0.0151709119596598
"3GCR-Kp","Model B","Precipitation",91.1780821917808,5.47438037641225e-05,0.0153155787795528
"3GCR-Kp","Model B","Precipitation",97.6908023483366,5.52153250039069e-05,0.0154474954568313
"3GCR-Kp","Model B","Precipitation",104.203522504892,5.56653748481226e-05,0.0155734051191104
"3GCR-Kp","Model B","Precipitation",110.716242661448,5.61276759672088e-05,0.0157027422992549
"3GCR-Kp","Model B","Precipitation",117.228962818004,5.66257340717323e-05,0.0158420831490339
"3GCR-Kp","Model B","Precipitation",123.74168297456,5.71839671652282e-05,0.0159982590508333
"3GCR-Kp","Model B","Precipitation",130.254403131115,5.78276079161748e-05,0.0161783293044336
"3GCR-Kp","Model B","Precipitation",136.767123287671,5.86116366665465e-05,0.0163976756644982
"3GCR-Kp","Model B","Precipitation",143.279843444227,5.95670070683788e-05,0.0166649579804287
"3GCR-Kp","Model B","Precipitation",149.792563600783,6.07080336777796e-05,0.0169841810106942
"3GCR-Kp","Model B","Precipitation",156.305283757339,6.20605838608053e-05,0.017362581623313
"3GCR-Kp","Model B","Precipitation",162.818003913894,6.36499547424461e-05,0.0178072371509519
"3GCR-Kp","Model B","Precipitation",169.33072407045,6.55159893563302e-05,0.018329294409842
"3GCR-Kp","Model B","Precipitation",175.843444227006,6.77471138137381e-05,0.0189534922193631
"3GCR-Kp","Model B","Precipitation",182.356164383562,7.03011036888031e-05,0.0196680175253188
"3GCR-Kp","Model B","Precipitation",188.868884540117,7.31964547552935e-05,0.020478044858172
"3GCR-Kp","Model B","Precipitation",195.381604696673,7.64500636372209e-05,0.0213883013570394
"3GCR-Kp","Model B","Precipitation",201.894324853229,8.00771843763443e-05,0.0224030546186569
"3GCR-Kp","Model B","Precipitation",208.407045009785,8.41739696806105e-05,0.0235492051189173
"3GCR-Kp","Model B","Precipitation",214.91976516634,8.87078577545496e-05,0.0248176431009268
"3GCR-Kp","Model B","Precipitation",221.432485322896,9.36525569842698e-05,0.0262010130055882
"3GCR-Kp","Model B","Precipitation",227.945205479452,9.90126114948769e-05,0.0277005861348799
"3GCR-Kp","Model B","Precipitation",234.457925636008,0.000104790887934645,0.0293171644860047
"3GCR-Kp","Model B","Precipitation",240.970645792564,0.000111017684759083,0.0310592246051711
"3GCR-Kp","Model B","Precipitation",247.483365949119,0.000117753014691402,0.0329435561475898
"3GCR-Kp","Model B","Precipitation",253.996086105675,0.000124901196724018,0.0349433906041582
"3GCR-Kp","Model B","Precipitation",260.508806262231,0.000132457507606363,0.0370574065592787
"3GCR-Kp","Model B","Precipitation",267.021526418787,0.000140416659229515,0.0392841245679145
"3GCR-Kp","Model B","Precipitation",273.534246575342,0.00014877292207398,0.0416219416923601
"3GCR-Kp","Model B","Precipitation",280.046966731898,0.00015760538379567,0.0440929841485765
"3GCR-Kp","Model B","Precipitation",286.559686888454,0.000166844802969412,0.046677880383454
"3GCR-Kp","Model B","Precipitation",293.07240704501,0.000176461937725038,0.0493684494498274
"3GCR-Kp","Model B","Precipitation",299.585127201566,0.000186454378626479,0.0521640172639578
"3GCR-Kp","Model B","Precipitation",306.097847358121,0.000196821228736098,0.0550643328911619
"3GCR-Kp","Model B","Precipitation",312.610567514677,0.00020759686503072,0.0580790139184647
"3GCR-Kp","Model B","Precipitation",319.123287671233,0.000218831879946983,0.0612222145038844
"3GCR-Kp","Model B","Precipitation",325.636007827789,0.000230461353455157,0.0644757720835988
"3GCR-Kp","Model B","Precipitation",332.148727984344,0.000242498713431794,0.06784344335128
"3GCR-Kp","Model B","Precipitation",338.6614481409,0.000254960422651674,0.0713298340687997
"3GCR-Kp","Model B","Precipitation",345.174168297456,0.000267866034233081,0.0749404145780571
"3GCR-Kp","Model B","Precipitation",351.686888454012,0.000281363330012115,0.078716529546345
"3GCR-Kp","Model B","Precipitation",358.199608610568,0.000295403856048012,0.0826446230989174
"3GCR-Kp","Model B","Precipitation",364.712328767123,0.000310000329897778,0.086728253204582
"3GCR-Kp","Model B","Precipitation",371.225048923679,0.000325190681043637,0.0909780313286214
"3GCR-Kp","Model B","Precipitation",377.737769080235,0.00034101536698917,0.0954052761964569
"3GCR-Kp","Model B","Precipitation",384.250489236791,0.000357596636956526,0.100044189260377
"3GCR-Kp","Model B","Precipitation",390.763209393346,0.000375063491489939,0.10493086077831
"3GCR-Kp","Model B","Precipitation",397.275929549902,0.000393339569021385,0.110043927207164
"3GCR-Kp","Model B","Precipitation",403.788649706458,0.000412473143185819,0.115396893977841
"3GCR-Kp","Model B","Precipitation",410.301369863014,0.000432512065674615,0.121003148474823
"3GCR-Kp","Model B","Precipitation",416.814090019569,0.000453503480980274,0.126875880230792
"3GCR-Kp","Model B","Precipitation",423.326810176125,0.000475770851521349,0.133105583764087
"3GCR-Kp","Model B","Precipitation",429.839530332681,0.000499139275623194,0.139643327137344
"3GCR-Kp","Model B","Precipitation",436.352250489237,0.000523613279220375,0.146490376563408
"3GCR-Kp","Model B","Precipitation",442.864970645793,0.000549222284778942,0.153654963514439
"3GCR-Kp","Model B","Precipitation",449.377690802348,0.000575990807253835,0.16114394649675
"3GCR-Kp","Model B","Precipitation",455.890410958904,0.000604085749649391,0.169004019673618
"3GCR-Kp","Model B","Precipitation",462.40313111546,0.000633565457835965,0.177251506367731
"3GCR-Kp","Model B","Precipitation",468.915851272016,0.000664228142612812,0.185829952365306
"3GCR-Kp","Model B","Precipitation",475.428571428571,0.000696057689219386,0.19473484926781
"3GCR-Kp","Model B","Precipitation",481.941291585127,0.000729029773957751,0.203959392076571
"3GCR-Kp","Model B","Precipitation",488.454011741683,0.0007631116919557,0.213494431006363
"3GCR-Kp","Model B","Precipitation",494.966731898239,0.000798527380688785,0.223402616655296
"3GCR-Kp","Model B","Precipitation",501.479452054794,0.000834910054444861,0.233581334022523
"3GCR-Kp","Model B","Precipitation",507.99217221135,0.000872170256353654,0.244005555915014
"3GCR-Kp","Model B","Precipitation",514.504892367906,0.000910220966785479,0.254650937002298
"3GCR-Kp","Model B","Precipitation",521.017612524462,0.000948966229654279,0.265490631817046
"3GCR-Kp","Model B","Precipitation",527.530332681018,0.00098835729507157,0.276511001687735
"3GCR-Kp","Model B","Precipitation",534.043052837573,0.0010282005224912,0.28765787213551
"3GCR-Kp","Model B","Precipitation",540.555772994129,0.00106827627725258,0.298869796353316
"3GCR-Kp","Model B","Precipitation",547.068493150685,0.00110844102264844,0.310106617326179
"3GCR-Kp","Model B","Precipitation",553.581213307241,0.00114854513590864,0.32132647535189
"3GCR-Kp","Model B","Precipitation",560.093933463796,0.00118843004025564,0.332485005681155
"3GCR-Kp","Model B","Precipitation",566.606653620352,0.00122774260600382,0.343483413835929
"3GCR-Kp","Model B","Precipitation",573.119373776908,0.00126637365969778,0.354291156548441
"3GCR-Kp","Model B","Precipitation",579.632093933464,0.00130415226225391,0.364860410488538
"3GCR-Kp","Model B","Precipitation",586.14481409002,0.00134090750324646,0.375143360343619
"3GCR-Kp","Model B","Precipitation",592.657534246575,0.00137646905063771,0.385092352615698
"3GCR-Kp","Model B","Precipitation",599.170254403131,0.0014104067671092,0.394587048535202
"3GCR-Kp","Model B","Precipitation",605.682974559687,0.00144250946945114,0.403568365742769
"3GCR-Kp","Model B","Precipitation",612.195694716243,0.00147280478490203,0.412044033462879
"3GCR-Kp","Model B","Precipitation",618.708414872798,0.00150114882948113,0.419973797524449
"3GCR-Kp","Model B","Precipitation",625.221135029354,0.00152740569586676,0.427319635372435
"3GCR-Kp","Model B","Precipitation",631.73385518591,0.00155138793611442,0.434029105021381
"3GCR-Kp","Model B","Precipitation",638.246575342466,0.00157237290986953,0.439900034635954
"3GCR-Kp","Model B","Precipitation",644.759295499022,0.00159085981226888,0.445072083171477
"3GCR-Kp","Model B","Precipitation",651.272015655577,0.00160677705106892,0.44952522139047
"3GCR-Kp","Model B","Precipitation",657.784735812133,0.00162006575806679,0.453242979838187
"3GCR-Kp","Model B","Precipitation",664.297455968689,0.00163067991279055,0.456212483447227
"3GCR-Kp","Model B","Precipitation",670.810176125245,0.00163810165339115,0.458288850908641
"3GCR-Kp","Model B","Precipitation",677.3228962818,0.00164250874196069,0.459521814413808
"3GCR-Kp","Model B","Precipitation",683.835616438356,0.00164421796224352,0.46
"3GCR-Kp","Model B","Precipitation",690.348336594912,0.00164326069265086,0.459732186350754
"3GCR-Kp","Model B","Precipitation",696.861056751468,0.00163967994503966,0.458730406818494
"3GCR-Kp","Model B","Precipitation",703.373776908024,0.00163342312764352,0.456979947896188
"3GCR-Kp","Model B","Precipitation",709.886497064579,0.00162410034405039,0.454371728942668
"3GCR-Kp","Model B","Precipitation",716.399217221135,0.00161243198514762,0.451107292463731
"3GCR-Kp","Model B","Precipitation",722.911937377691,0.00159851699814839,0.447214320749134
"3GCR-Kp","Model B","Precipitation",729.424657534247,0.00158246039192406,0.442722191948208
"3GCR-Kp","Model B","Precipitation",735.937377690802,0.00156437276345007,0.437661847584446
"3GCR-Kp","Model B","Precipitation",742.450097847358,0.00154403351426798,0.431971571210752
"3GCR-Kp","Model B","Precipitation",748.962818003914,0.00152182754897643,0.425759046917332
"3GCR-Kp","Model B","Precipitation",755.47553816047,0.00149805263674722,0.419107581067565
"3GCR-Kp","Model B","Precipitation",761.988258317025,0.0014728343707378,0.412052310640701
"3GCR-Kp","Model B","Precipitation",768.500978473581,0.00144629833751014,0.40462837077079
"3GCR-Kp","Model B","Precipitation",775.013698630137,0.00141850763738011,0.396853414923471
"3GCR-Kp","Model B","Precipitation",781.526418786693,0.00138947898345699,0.38873211889626
"3GCR-Kp","Model B","Precipitation",788.039138943249,0.00135959919137784,0.38037270142727
"3GCR-Kp","Model B","Precipitation",794.551859099804,0.00132898463275835,0.371807719601045
"3GCR-Kp","Model B","Precipitation",801.06457925636,0.00129774922442608,0.363069043730336
"3GCR-Kp","Model B","Precipitation",807.577299412916,0.00126600437811924,0.354187843283396
"3GCR-Kp","Model B","Precipitation",814.090019569472,0.00123381070400842,0.345181075062247
"3GCR-Kp","Model B","Precipitation",820.602739726027,0.00120137607414613,0.336106895069531
"3GCR-Kp","Model B","Precipitation",827.115459882583,0.0011688262493903,0.327000487201775
"3GCR-Kp","Model B","Precipitation",833.628180039139,0.00113625748910954,0.317888781775136
"3GCR-Kp","Model B","Precipitation",840.140900195695,0.00110376374854398,0.308798064483761
"3GCR-Kp","Model B","Precipitation",846.65362035225,0.00107146061297632,0.299760672421184
"3GCR-Kp","Model B","Precipitation",853.166340508806,0.00103951970693281,0.290824620682663
"3GCR-Kp","Model B","Precipitation",859.679060665362,0.00100798726230571,0.282002843484297
"3GCR-Kp","Model B","Precipitation",866.191780821918,0.00097694416260307,0.273317969464473
"3GCR-Kp","Model B","Precipitation",872.704500978474,0.000946469045972916,0.264791999081117
"3GCR-Kp","Model B","Precipitation",879.217221135029,0.000916638259714808,0.256446291885456
"3GCR-Kp","Model B","Precipitation",885.729941291585,0.000887720604521746,0.248356049779928
"3GCR-Kp","Model B","Precipitation",892.242661448141,0.000859685389511823,0.240512686429872
"3GCR-Kp","Model B","Precipitation",898.755381604697,0.000832554107999009,0.232922214982361
"3GCR-Kp","Model B","Precipitation",905.268101761252,0.000806385835221856,0.225601162814152
"3GCR-Kp","Model B","Precipitation",911.780821917808,0.000781236096820945,0.218565064237153
"3GCR-Kp","Model B","Precipitation",918.293542074364,0.000757268122315111,0.21185958568999
"3GCR-Kp","Model B","Precipitation",924.80626223092,0.000734655119613567,0.205533185248216
"3GCR-Kp","Model B","Precipitation",931.318982387475,0.000713226468424018,0.199538128769364
"3GCR-Kp","Model B","Precipitation",937.831702544031,0.000693011609342619,0.193882652797823
"3GCR-Kp","Model B","Precipitation",944.344422700587,0.000674034970196219,0.188573591464232
"3GCR-Kp","Model B","Precipitation",950.857142857143,0.000656315886685005,0.183616354283805
"3GCR-Kp","Model B","Precipitation",957.369863013699,0.000640188596291584,0.179104450295814
"3GCR-Kp","Model B","Precipitation",963.882583170254,0.000625383714476365,0.174962514256076
"3GCR-Kp","Model B","Precipitation",970.39530332681,0.000611846073067066,0.17117511186097
"3GCR-Kp","Model B","Precipitation",976.908023483366,0.000599562464373519,0.167738548017986
"3GCR-Kp","Model B","Precipitation",983.420743639922,0.000588514313671314,0.164647626108776
"3GCR-Kp","Model B","Precipitation",989.933463796477,0.000578812056361888,0.161933242453554
"3GCR-Kp","Model B","Precipitation",996.446183953033,0.000570467810404013,0.159598787272573
"3GCR-Kp","Model B","Precipitation",1002.95890410959,0.000563229834615199,0.157573831372984
"3GCR-Kp","Model B","Precipitation",1009.47162426614,0.000557049901303171,0.155844882177189
"3GCR-Kp","Model B","Precipitation",1015.9843444227,0.000551875649569124,0.154397290767584
"3GCR-Kp","Model B","Precipitation",1022.49706457926,0.000547650727043375,0.1532152915397
"3GCR-Kp","Model B","Precipitation",1029.00978473581,0.000544522078624682,0.152339995012326
"3GCR-Kp","Model B","Precipitation",1035.52250489237,0.000542177662074355,0.151684101670984
"3GCR-Kp","Model B","Precipitation",1042.03522504892,0.000540529929155477,0.151223118297679
"3GCR-Kp","Model B","Precipitation",1048.54794520548,0.000539506201683462,0.150936711843096
"3GCR-Kp","Model B","Precipitation",1055.06066536204,0.000539032406477387,0.150804158982223
"3GCR-Kp","Model B","Precipitation",1061.57338551859,0.000539080786909274,0.150817694291518
"3GCR-Kp","Model B","Precipitation",1068.08610567515,0.000539537856035702,0.150945567726175
"3GCR-Kp","Model B","Precipitation",1074.5988258317,0.000540258052071686,0.151147055718741
"3GCR-Kp","Model B","Precipitation",1081.11154598826,0.000541168349230205,0.151401727971772
"3GCR-Kp","Model B","Precipitation",1087.62426614481,0.000542197493475794,0.151689649867677
"3GCR-Kp","Model B","Precipitation",1094.13698630137,0.000543276232622922,0.151991446842941
"3GCR-Kp","Model B","Precipitation",1100.64970645793,0.000544301804419451,0.152278369280985
"3GCR-Kp","Model B","Precipitation",1107.16242661448,0.000545202774167195,0.152530432020524
"3GCR-Kp","Model B","Precipitation",1113.67514677104,0.00054592644740207,0.152732892822977
"3GCR-Kp","Model B","Precipitation",1120.18786692759,0.000546424374686352,0.152872197073404
"3GCR-Kp","Model B","Precipitation",1126.70058708415,0.000546652494741327,0.152936017824483
"3GCR-Kp","Model B","Precipitation",1133.2133072407,0.000546516858493882,0.152898071107407
"3GCR-Kp","Model B","Precipitation",1139.72602739726,0.000545975154050042,0.152746519397179
"3GCR-Kp","Model B","Precipitation",1146.23874755382,0.000545050348862636,0.152487788258135
"3GCR-Kp","Model B","Precipitation",1152.75146771037,0.000543727214897718,0.152117617369702
"3GCR-Kp","Model B","Precipitation",1159.26418786693,0.00054199515623055,0.15163304232844
"3GCR-Kp","Model B","Precipitation",1165.77690802348,0.000539841040720653,0.151030389178245
"3GCR-Kp","Model B","Precipitation",1172.28962818004,0.000537161605281095,0.150280768184862
"3GCR-Kp","Model B","Precipitation",1178.80234833659,0.000534079118753773,0.14941838628956
"3GCR-Kp","Model B","Precipitation",1185.31506849315,0.000530606092135374,0.148446743672128
"3GCR-Kp","Model B","Precipitation",1191.82778864971,0.000526757511653008,0.147370033003262
"3GCR-Kp","Model B","Precipitation",1198.34050880626,0.000522550612083088,0.146193076026389
"3GCR-Kp","Model B","Precipitation",1204.85322896282,0.000517952857925797,0.144906770341303
"3GCR-Kp","Model B","Precipitation",1211.36594911937,0.00051301529767339,0.14352539769591
"3GCR-Kp","Model B","Precipitation",1217.87866927593,0.000507799179182465,0.14206609329654
"3GCR-Kp","Model B","Precipitation",1224.39138943249,0.000502325791610139,0.140534813173657
"3GCR-Kp","Model B","Precipitation",1230.90410958904,0.00049661567059045,0.138937302545886
"3GCR-Kp","Model B","Precipitation",1237.4168297456,0.000490681601811602,0.13727713844298
"3GCR-Kp","Model B","Precipitation",1243.92954990215,0.00048450638426583,0.135549508568909
"3GCR-Kp","Model B","Precipitation",1250.44227005871,0.00047815752579111,0.133773299474108
"3GCR-Kp","Model B","Precipitation",1256.95499021526,0.0004716456355365,0.131951479261761
"3GCR-Kp","Model B","Precipitation",1263.46771037182,0.000464979219970003,0.130086427771626
"3GCR-Kp","Model B","Precipitation",1269.98043052838,0.000458164700761029,0.128179941582988
"3GCR-Kp","Model B","Precipitation",1276.49315068493,0.000451179438374594,0.126225686872514
"3GCR-Kp","Model B","Precipitation",1283.00587084149,0.000444037023651857,0.124227465926201
"3GCR-Kp","Model B","Precipitation",1289.51859099804,0.000436749651110554,0.12218869038307
"3GCR-Kp","Model B","Precipitation",1296.0313111546,0.000429314374693169,0.120108536029732
"3GCR-Kp","Model B","Precipitation",1302.54403131115,0.00042172763274021,0.117986006426905
"3GCR-Kp","Model B","Precipitation",1309.05675146771,0.000413976821748173,0.115817575514332
"3GCR-Kp","Model B","Precipitation",1315.56947162427,0.000406027432398591,0.113593588679996
"3GCR-Kp","Model B","Precipitation",1322.08219178082,0.000397914252417553,0.11132377842553
"3GCR-Kp","Model B","Precipitation",1328.59491193738,0.000389637176221867,0.109008115212108
"3GCR-Kp","Model B","Precipitation",1335.10763209393,0.000381197897035954,0.106647072750181
"3GCR-Kp","Model B","Precipitation",1341.62035225049,0.00037260004291799,0.104241666055276
"3GCR-Kp","Model B","Precipitation",1348.13307240704,0.000363821694094563,0.101785762670504
"3GCR-Kp","Model B","Precipitation",1354.6457925636,0.000354898551524062,0.09928935059091
"3GCR-Kp","Model B","Precipitation",1361.15851272016,0.000345858914795562,0.0967603471433161
"3GCR-Kp","Model B","Precipitation",1367.67123287671,0.000336721446522368,0.094203973534592
"3GCR-Kp","Model B","Precipitation",1374.18395303327,0.000327507290487375,0.0916261451241098
"3GCR-Kp","Model B","Precipitation",1380.69667318982,0.000318239184429295,0.0890332232094875
"3GCR-Kp","Model B","Precipitation",1387.20939334638,0.000308956633768332,0.0864362601534358
"3GCR-Kp","Model B","Precipitation",1393.72211350294,0.000299701412918837,0.0838469431112119
"3GCR-Kp","Model B","Precipitation",1400.23483365949,0.000290505123762071,0.0812741132861804
"3GCR-Kp","Model B","Precipitation",1406.74755381605,0.000281399868521081,0.0787267518614578
"3GCR-Kp","Model B","Precipitation",1413.2602739726,0.000272418042785001,0.0762139220946798
"3GCR-Kp","Model B","Precipitation",1419.77299412916,0.000263638933297336,0.0737578059001968
"3GCR-Kp","Model B","Precipitation",1426.28571428571,0.000255081257963879,0.0713636399539625
"3GCR-Kp","Model B","Precipitation",1432.79843444227,0.000246762028949326,0.0690361837197094
"3GCR-Kp","Model B","Precipitation",1439.31115459883,0.000238706548097506,0.066782515850286
"3GCR-Kp","Model B","Precipitation",1445.82387475538,0.000230937765257005,0.0646090569849212
"3GCR-Kp","Model B","Precipitation",1452.33659491194,0.000223505704199768,0.0625298021873003
"3GCR-Kp","Model B","Precipitation",1458.84931506849,0.00021646898881845,0.060561152561925
"3GCR-Kp","Model B","Precipitation",1465.36203522505,0.000209774296693718,0.0586881901882658
"3GCR-Kp","Model B","Precipitation",1471.8747553816,0.000203426378306842,0.0569122441002066
"3GCR-Kp","Model B","Precipitation",1478.38747553816,0.00019742678338679,0.055233747862726
"3GCR-Kp","Model B","Precipitation",1484.90019569472,0.000191773893124114,0.0536522485843195
"3GCR-Kp","Model B","Precipitation",1491.41291585127,0.000186541366562178,0.052188353727456
"3GCR-Kp","Model B","Precipitation",1497.92563600783,0.000181646387064783,0.0508188938258447
"3GCR-Kp","Model B","Precipitation",1504.43835616438,0.000177058615657325,0.0495353809973197
"3GCR-Kp","Model B","Precipitation",1510.95107632094,0.000172761263421779,0.0483331182354816
"3GCR-Kp","Model B","Precipitation",1517.46379647749,0.000168735924767682,0.0472069562402931
"3GCR-Kp","Model B","Precipitation",1523.97651663405,0.000164986346290851,0.0461579431903513
"3GCR-Kp","Model B","Precipitation",1530.48923679061,0.000161495119169381,0.0451812086498254
"3GCR-Kp","Model B","Precipitation",1537.00195694716,0.000158195412320799,0.0442580554029917
"3GCR-Kp","Model B","Precipitation",1543.51467710372,0.000155065769334442,0.043382480627151
"3GCR-Kp","Model B","Precipitation",1550.02739726027,0.000152085323343799,0.0425486464353477
"3GCR-Kp","Model B","Precipitation",1556.54011741683,0.000149233938601078,0.0417509194844379
"3GCR-Kp","Model B","Precipitation",1563.05283757339,0.000146513665952044,0.0409898735359749
"3GCR-Kp","Model B","Precipitation",1569.56555772994,0.000143877126719926,0.04025225353995
"3GCR-Kp","Model B","Precipitation",1576.0782778865,0.000141308394795953,0.0395336038766078
"3GCR-Kp","Model B","Precipitation",1582.59099804305,0.000138796180854664,0.0388307661509961
"3GCR-Kp","Model B","Precipitation",1589.10371819961,0.00013633101784184,0.0381410917818196
"3GCR-Kp","Model B","Precipitation",1595.61643835616,0.000133909486946195,0.0374636242941898
"3GCR-Kp","Model B","Precipitation",1602.12915851272,0.000131526527380425,0.0367969478404437
"3GCR-Kp","Model B","Precipitation",1608.64187866928,0.000129175493355707,0.0361392031397992
"3GCR-Kp","Model B","Precipitation",1615.15459882583,0.000126857550425465,0.0354907162771107
"3GCR-Kp","Model B","Precipitation",1621.66731898239,0.000124575297092809,0.0348522142310746
"3GCR-Kp","Model B","Precipitation",1628.18003913894,0.000122332695132348,0.0342248053804837
"3GCR-Kp","Model B","Precipitation",1634.6927592955,0.00012015115605455,0.033614479986387
"3GCR-Kp","Model B","Precipitation",1641.20547945205,0.000118027974410882,0.0330204811501535
"3GCR-Kp","Model B","Precipitation",1647.71819960861,0.000115970784955013,0.0324449448335396
"3GCR-Kp","Model B","Precipitation",1654.23091976517,0.000113987855476162,0.0318901841015582
"3GCR-Kp","Model B","Precipitation",1660.74363992172,0.000112087557247748,0.0313585409708154
"3GCR-Kp","Model B","Precipitation",1667.25636007828,0.000110293141676698,0.0308565204469935
"3GCR-Kp","Model B","Precipitation",1673.76908023483,0.000108616825941184,0.0303875405087838
"3GCR-Kp","Model B","Precipitation",1680.28180039139,0.000107051575186379,0.0299496330270848
"3GCR-Kp","Model B","Precipitation",1686.79452054795,0.000105602757075274,0.029544299703637
"3GCR-Kp","Model B","Precipitation",1693.3072407045,0.000104274759110914,0.0291727680225381
"3GCR-Kp","Model B","Precipitation",1699.81996086106,0.000103072074055978,0.0288362949161894
"3GCR-Kp","Model B","Precipitation",1706.33268101761,0.000102030688323448,0.0285449482407702
"3GCR-Kp","Model B","Precipitation",1712.84540117417,0.000101114354517852,0.0282885871254841
"3GCR-Kp","Model B","Precipitation",1719.35812133072,0.000100320213271664,0.0280664116100508
"3GCR-Kp","Model B","Precipitation",1725.87084148728,9.96441613943622e-05,0.027877273751993
"3GCR-Kp","Model B","Precipitation",1732.38356164384,9.90808772152329e-05,0.0277196847167498
"3GCR-Kp","Model B","Precipitation",1738.89628180039,9.86387753624124e-05,0.0275959986502018
"3GCR-Kp","Model B","Precipitation",1745.40900195695,9.83003792443736e-05,0.0275013261567293
"3GCR-Kp","Model B","Precipitation",1751.9217221135,9.80422060329921e-05,0.0274290974863446
"3GCR-Kp","Model B","Precipitation",1758.43444227006,9.78533309800582e-05,0.0273762562412392
"3GCR-Kp","Model B","Precipitation",1764.94716242661,9.77223326597009e-05,0.0273396070689591
"3GCR-Kp","Model B","Precipitation",1771.45988258317,9.76381445966946e-05,0.027316053920975
"3GCR-Kp","Model B","Precipitation",1777.97260273973,9.75899693304238e-05,0.0273025760105072
"3GCR-Kp","Model B","Precipitation",1784.48532289628,9.75540463002241e-05,0.0272925258868184
"3GCR-Kp","Model B","Precipitation",1790.99804305284,9.75190290600078e-05,0.0272827291744181
"3GCR-Kp","Model B","Precipitation",1797.51076320939,9.74741507748924e-05,0.0272701736546348
"3GCR-Kp","Model B","Precipitation",1804.02348336595,9.74092917350167e-05,0.0272520281538387
"3GCR-Kp","Model B","Precipitation",1810.5362035225,9.73075619377654e-05,0.02722356738537
"3GCR-Kp","Model B","Precipitation",1817.04892367906,9.71597829129977e-05,0.0271822235045986
"3GCR-Kp","Model B","Precipitation",1823.56164383562,9.69640767333829e-05,0.027127471127061
"3GCR-Kp","Model B","Precipitation",1830.07436399217,9.67163670825299e-05,0.0270581698288092
"3GCR-Kp","Model B","Precipitation",1836.58708414873,9.6413737686989e-05,0.0269735037290916
"3GCR-Kp","Model B","Precipitation",1843.09980430528,9.60518888963088e-05,0.0268722699221785
"3GCR-Kp","Model B","Precipitation",1849.61252446184,9.56200658793506e-05,0.0267514595476648
"3GCR-Kp","Model B","Precipitation",1856.1252446184,9.51345764632037e-05,0.026615635017976
"3GCR-Kp","Model B","Precipitation",1862.63796477495,9.45987441831231e-05,0.0264657261527908
"3GCR-Kp","Model B","Precipitation",1869.15068493151,9.40165870128773e-05,0.0263028570536431
"3GCR-Kp","Model B","Precipitation",1875.66340508806,9.33927494990407e-05,0.0261283271172511
"3GCR-Kp","Model B","Precipitation",1882.17612524462,9.27270902148134e-05,0.0259420967768851
"3GCR-Kp","Model B","Precipitation",1888.68884540117,9.20320686936786e-05,0.0257476518145604
"3GCR-Kp","Model B","Precipitation",1895.20156555773,9.13163981305566e-05,0.0255474299056677
"3GCR-Kp","Model B","Precipitation",1901.71428571429,9.05853292885187e-05,0.0253429000470603
"3GCR-Kp","Model B","Precipitation",1908.22700587084,8.98437159532218e-05,0.0251354201739107
"3GCR-Kp","Model B","Precipitation",1914.7397260274,8.90958449630791e-05,0.0249261896075469
"3GCR-Kp","Model B","Precipitation",1921.25244618395,8.83461425619879e-05,0.0247164466705269
"3GCR-Kp","Model B","Precipitation",1927.76516634051,8.75972158054274e-05,0.0245069207342285
"3GCR-Kp","Model B","Precipitation",1934.27788649706,8.68493737636438e-05,0.0242976982666968
"3GCR-Kp","Model B","Precipitation",1940.79060665362,8.61019675568201e-05,0.024088597731954
"3GCR-Kp","Model B","Precipitation",1947.30332681018,8.5353387771731e-05,0.0238791688672607
"3GCR-Kp","Model B","Precipitation",1953.81604696673,8.45985581738228e-05,0.0236679915033035
"3GCR-Kp","Model B","Precipitation",1960.32876712329,8.38314466107856e-05,0.0234533780353204
"3GCR-Kp","Model B","Precipitation",1966.84148727984,8.30465417816466e-05,0.0232337865762225
"3GCR-Kp","Model B","Precipitation",1973.3542074364,8.2237418350044e-05,0.0230074195208296
"3GCR-Kp","Model B","Precipitation",1979.86692759295,8.13971757878782e-05,0.0227723463203953
"3GCR-Kp","Model B","Precipitation",1986.37964774951,8.05144213271499e-05,0.0225253796400283
"3GCR-Kp","Model B","Precipitation",1992.89236790607,7.95713837558535e-05,0.0222615476586501
"3GCR-Kp","Model B","Precipitation",1999.40508806262,7.8568813719529e-05,0.021981060383058
"3GCR-Kp","Model B","Precipitation",2005.91780821918,7.74997898287894e-05,0.0216819814281795
"3GCR-Kp","Model B","Precipitation",2012.43052837573,7.63579076500795e-05,0.0213625190367762
"3GCR-Kp","Model B","Precipitation",2018.94324853229,7.51373486143692e-05,0.0210210453579091
"3GCR-Kp","Model B","Precipitation",2025.45596868885,7.38120253959923e-05,0.0206502619858423
"3GCR-Kp","Model B","Precipitation",2031.9686888454,7.23927823706624e-05,0.020253202832711
"3GCR-Kp","Model B","Precipitation",2038.48140900196,7.08829973192233e-05,0.0198308128943878
"3GCR-Kp","Model B","Precipitation",2044.99412915851,6.92826632179798e-05,0.0193830902058656
"3GCR-Kp","Model B","Precipitation",2051.50684931507,6.75929284783005e-05,0.0189103560561962
"3GCR-Kp","Model B","Precipitation",2058.01956947162,6.58081336388467e-05,0.0184110271077224
"3GCR-Kp","Model B","Precipitation",2064.53228962818,6.3928200513946e-05,0.0178850814865747
"3GCR-Kp","Model B","Precipitation",2071.04500978474,6.19763092498024e-05,0.0173390042619463
"3GCR-Kp","Model B","Precipitation",2077.55772994129,5.9960290269326e-05,0.0167749861376377
"3GCR-Kp","Model B","Precipitation",2084.07045009785,5.78888597005057e-05,0.0161954656096189
"3GCR-Kp","Model B","Precipitation",2090.5831702544,5.57715717232989e-05,0.0156031156342019
"3GCR-Kp","Model B","Precipitation",2097.09589041096,5.36148984023304e-05,0.0149997468896519
"3GCR-Kp","Model B","Precipitation",2103.60861056751,5.1442351058692e-05,0.0143919370973844
"3GCR-Kp","Model B","Precipitation",2110.12133072407,4.92669884047828e-05,0.0137833396706583
"3GCR-Kp","Model B","Precipitation",2116.63405088063,4.71008036921166e-05,0.0131773099405933
"3GCR-Kp","Model B","Precipitation",2123.14677103718,4.49557672863879e-05,0.0125771968355833
"3GCR-Kp","Model B","Precipitation",2129.65949119374,4.28497212450852e-05,0.0119879919970245
"3GCR-Kp","Model B","Precipitation",2136.17221135029,4.08028913767257e-05,0.011415353964193
"3GCR-Kp","Model B","Precipitation",2142.68493150685,3.8819395738806e-05,0.0108604348388733
"3GCR-Kp","Model B","Precipitation",2149.1976516634,3.69085265581417e-05,0.0103258342912025
"3GCR-Kp","Model B","Precipitation",2155.71037181996,3.50787743530059e-05,0.00981392769871276
"3GCR-Kp","Model B","Precipitation",2162.22309197652,3.33377856805078e-05,0.00932685432538922
"3GCR-Kp","Model B","Precipitation",2168.73581213307,3.17203282414395e-05,0.00887434107042135
"3GCR-Kp","Model B","Precipitation",2175.24853228963,3.02079959405116e-05,0.00845123849253832
"3GCR-Kp","Model B","Precipitation",2181.76125244618,2.88016964782384e-05,0.00805780053753449
"3GCR-Kp","Model B","Precipitation",2188.27397260274,2.75029549379974e-05,0.00769445387533424
"3GCR-Kp","Model B","Precipitation",2194.7866927593,2.63122562181056e-05,0.0073613341650965
"3GCR-Kp","Model B","Precipitation",2201.29941291585,2.52431338154854e-05,0.00706222764972052
"3GCR-Kp","Model B","Precipitation",2207.81213307241,2.4293341016348e-05,0.00679650576999658
"3GCR-Kp","Model B","Precipitation",2214.32485322896,2.3442376545654e-05,0.00655843291985866
"3GCR-Kp","Model B","Precipitation",2220.83757338552,2.26853438862009e-05,0.00634663920920411
"3GCR-Kp","Model B","Precipitation",2227.35029354207,2.20167087486027e-05,0.00615957631951554
"3GCR-Kp","Model B","Precipitation",2233.86301369863,2.14304137365492e-05,0.005995549583561
"3GCR-Kp","Model B","Precipitation",2240.37573385519,2.09376102339553e-05,0.00585767880462614
"3GCR-Kp","Model B","Precipitation",2246.88845401174,2.05071649692816e-05,0.00573725388147318
"3GCR-Kp","Model B","Precipitation",2253.4011741683,2.01315955707416e-05,0.00563218148395924
"3GCR-Kp","Model B","Precipitation",2259.91389432485,1.98034826424015e-05,0.00554038590058628
"3GCR-Kp","Model B","Precipitation",2266.42661448141,1.95155190704025e-05,0.00545982283281709
"3GCR-Kp","Model B","Precipitation",2272.93933463796,1.92640514902473e-05,0.00538947018521949
"3GCR-Kp","Model B","Precipitation",2279.45205479452,1.90382298231821e-05,0.00532629245012877
"3GCR-Kp","Model B","Precipitation",2285.96477495108,1.88283489430666e-05,0.00526757444128194
"3GCR-Kp","Model B","Precipitation",2292.47749510763,1.86295404534929e-05,0.00521195413588209
"3GCR-Kp","Model B","Precipitation",2298.99021526419,1.8437542753623e-05,0.00515823927327371
"3GCR-Kp","Model B","Precipitation",2305.50293542074,1.82487153840985e-05,0.00510541136847284
"3GCR-Kp","Model B","Precipitation",2312.0156555773,1.80593985658887e-05,0.00505244653146444
"3GCR-Kp","Model B","Precipitation",2318.52837573386,1.78678069467349e-05,0.00499884527735183
"3GCR-Kp","Model B","Precipitation",2325.04109589041,1.76736104882969e-05,0.00494451527188249
"3GCR-Kp","Model B","Precipitation",2331.55381604697,1.74770603525633e-05,0.00488952678220919
"3GCR-Kp","Model B","Precipitation",2338.06653620352,1.72789635563646e-05,0.00483410558602723
"3GCR-Kp","Model B","Precipitation",2344.57925636008,1.70812440380562e-05,0.00477878994022455
"3GCR-Kp","Model B","Precipitation",2351.09197651663,1.68872739996275e-05,0.00472452327988748
"3GCR-Kp","Model B","Precipitation",2357.60469667319,1.66997083960682e-05,0.00467204837715648
"3GCR-Kp","Model B","Precipitation",2364.11741682975,1.65213449385603e-05,0.00462214794282374
"3GCR-Kp","Model B","Precipitation",2370.6301369863,1.63550430818252e-05,0.0045756219615641
"3GCR-Kp","Model B","Precipitation",2377.14285714286,1.62043816627104e-05,0.00453347167833873
"3GCR-Kp","Model B","Precipitation",2383.65557729941,1.60772601985187e-05,0.00449790712736617
"3GCR-Kp","Model B","Precipitation",2390.16829745597,1.59719937049373e-05,0.00446845690351546
"3GCR-Kp","Model B","Precipitation",2396.68101761252,1.58902668825539e-05,0.00444559233254028
"3GCR-Kp","Model B","Precipitation",2403.19373776908,1.58333321135424e-05,0.00442966379122355
"3GCR-Kp","Model B","Precipitation",2409.70645792564,1.58019871301492e-05,0.00442089445972862
"3GCR-Kp","Model B","Precipitation",2416.21917808219,1.58012080477335e-05,0.00442067649719601
"3GCR-Kp","Model B","Precipitation",2422.73189823875,1.582732121265e-05,0.00442798213193387
"3GCR-Kp","Model B","Precipitation",2429.2446183953,1.58759248843623e-05,0.00444157989664697
"3GCR-Kp","Model B","Precipitation",2435.75733855186,1.59446052411206e-05,0.00446079448062204
"3GCR-Kp","Model B","Precipitation",2442.27005870841,1.60304451502378e-05,0.00448480976272005
"3GCR-Kp","Model B","Precipitation",2448.78277886497,1.61304562430983e-05,0.00451278969225022
"3GCR-Kp","Model B","Precipitation",2455.29549902153,1.62398273263394e-05,0.00454338825001214
"3GCR-Kp","Model B","Precipitation",2461.80821917808,1.63505651933594e-05,0.00457436919049505
"3GCR-Kp","Model B","Precipitation",2468.32093933464,1.64576527221476e-05,0.00460432888219881
"3GCR-Kp","Model B","Precipitation",2474.83365949119,1.65559648333949e-05,0.00463183349059758
"3GCR-Kp","Model B","Precipitation",2481.34637964775,1.66403072578447e-05,0.00465542982401433
"3GCR-Kp","Model B","Precipitation",2487.85909980431,1.66997206964358e-05,0.00467205181840895
"3GCR-Kp","Model B","Precipitation",2494.37181996086,1.67294447921893e-05,0.00468036767698766
"3GCR-Kp","Model B","Precipitation",2500.88454011742,1.6726736206135e-05,0.00467960990057749
"3GCR-Kp","Model B","Precipitation",2507.39726027397,1.66875990024365e-05,0.0046686605531584
"3GCR-Kp","Model B","Precipitation",2513.90998043053,1.66084532840648e-05,0.00464651809316404
"3GCR-Kp","Model B","Precipitation",2520.42270058708,1.64827555948704e-05,0.00461135186924654
"3GCR-Kp","Model B","Precipitation",2526.93542074364,1.63006935520306e-05,0.00456041668812733
"3GCR-Kp","Model B","Precipitation",2533.4481409002,1.60706659945513e-05,0.00449606227838954
"3GCR-Kp","Model B","Precipitation",2539.96086105675,1.57923548407705e-05,0.00441819965087969
"3GCR-Kp","Model B","Precipitation",2546.47358121331,1.54660258064064e-05,0.00432690314442219
"3GCR-Kp","Model B","Precipitation",2552.98630136986,1.50925235636159e-05,0.00422240907147752
"3GCR-Kp","Model B","Precipitation",2559.49902152642,1.4663898023085e-05,0.00410249324938348
"3GCR-Kp","Model B","Precipitation",2566.01174168297,1.41913735635583e-05,0.00397029590306227
"3GCR-Kp","Model B","Precipitation",2572.52446183953,1.3681072027564e-05,0.00382752972975208
"3GCR-Kp","Model B","Precipitation",2579.03718199609,1.313669820555e-05,0.00367523121223389
"3GCR-Kp","Model B","Precipitation",2585.54990215264,1.25622768197363e-05,0.00351452634004424
"3GCR-Kp","Model B","Precipitation",2592.0626223092,1.19604214203113e-05,0.0033461463015743
"3GCR-Kp","Model B","Precipitation",2598.57534246575,1.1336320301811e-05,0.00317154261696403
"3GCR-Kp","Model B","Precipitation",2605.08806262231,1.06997496264006e-05,0.00299345034610158
"3GCR-Kp","Model B","Precipitation",2611.60078277886,1.00554934223164e-05,0.00281320790824718
"3GCR-Kp","Model B","Precipitation",2618.11350293542,9.40826239007624e-06,0.00263213320789285
"3GCR-Kp","Model B","Precipitation",2624.62622309198,8.76266823593607e-06,0.002451516454078
"3GCR-Kp","Model B","Precipitation",2631.13894324853,8.12639258796685e-06,0.00227350672252972
"3GCR-Kp","Model B","Precipitation",2637.65166340509,7.50375122758533e-06,0.0020993114319098
"3GCR-Kp","Model B","Precipitation",2644.16438356164,6.89790552145789e-06,0.00192981503227288
"3GCR-Kp","Model B","Precipitation",2650.6771037182,6.31203468146849e-06,0.00176590696619909
"3GCR-Kp","Model B","Precipitation",2657.18982387476,5.7490067435642e-06,0.00160838961911782
"3GCR-Kp","Model B","Precipitation",2663.70254403131,5.21448569108077e-06,0.00145884759379724
"3GCR-Kp","Model B","Precipitation",2670.21526418787,4.71341540911243e-06,0.00131866403237274
"3GCR-Kp","Model B","Precipitation",2676.72798434442,4.24246938717056e-06,0.00118690828278971
"3GCR-Kp","Model B","Precipitation",2683.24070450098,3.80262208910408e-06,0.0010638529691046
"3GCR-Kp","Model B","Precipitation",2689.75342465753,3.39457653052419e-06,0.000949694772772381
"3GCR-Kp","Model B","Precipitation",2696.26614481409,3.01877409442209e-06,0.000844557178744952
"3GCR-Kp","Model B","Precipitation",2702.77886497065,2.68381989825088e-06,0.000750847625767854
"3GCR-Kp","Model B","Precipitation",2709.2915851272,2.38167578009078e-06,0.000666317291259161
"3GCR-Kp","Model B","Precipitation",2715.80430528376,2.11102753987319e-06,0.000590598503751077
"3GCR-Kp","Model B","Precipitation",2722.31702544031,1.87127805031138e-06,0.000523524205980999
"3GCR-Kp","Model B","Precipitation",2728.82974559687,1.66174164819901e-06,0.00046490257114606
"3GCR-Kp","Model B","Precipitation",2735.34246575342,1.48526025286845e-06,0.000415528678075772
"3GCR-Kp","Model B","Precipitation",2741.85518590998,1.34145443525765e-06,0.000375296374561273
"3GCR-Kp","Model B","Precipitation",2748.36790606654,1.22481345498506e-06,0.000342663930349206
"3GCR-Kp","Model B","Precipitation",2754.88062622309,1.13456310495683e-06,0.000317414746867268
"3GCR-Kp","Model B","Precipitation",2761.39334637965,1.06996867981377e-06,0.00029934327687477
"3GCR-Kp","Model B","Precipitation",2767.9060665362,1.03034050083129e-06,0.000288256570154292
"3GCR-Kp","Model B","Precipitation",2774.41878669276,1.02162977583887e-06,0.000285819585771123
"3GCR-Kp","Model B","Precipitation",2780.93150684931,1.03651820727249e-06,0.000289984896342307
"3GCR-Kp","Model B","Precipitation",2787.44422700587,1.07442722736179e-06,0.000300590636968862
"3GCR-Kp","Model B","Precipitation",2793.95694716243,1.13499549435605e-06,0.000317535715697563
"3GCR-Kp","Model B","Precipitation",2800.46966731898,1.21790097647023e-06,0.000340730038255922
"3GCR-Kp","Model B","Precipitation",2806.98238747554,1.32601489423044e-06,0.000370976881017471
"3GCR-Kp","Model B","Precipitation",2813.49510763209,1.45882006466472e-06,0.00040813155260153
"3GCR-Kp","Model B","Precipitation",2820.00782778865,1.61288546714821e-06,0.000451234162334431
"3GCR-Kp","Model B","Precipitation",2826.52054794521,1.78785753002343e-06,0.000500185792088417
"3GCR-Kp","Model B","Precipitation",2833.03326810176,1.98332266685491e-06,0.00055487073350567
"3GCR-Kp","Model B","Precipitation",2839.54598825832,2.19900835385596e-06,0.000615212743080303
"3GCR-Kp","Model B","Precipitation",2846.05870841487,2.4390848088559e-06,0.000682378515402414
"3GCR-Kp","Model B","Precipitation",2852.57142857143,2.69708438665899e-06,0.000754558608622831
"3GCR-Kp","Model B","Precipitation",2859.08414872798,2.97193680891737e-06,0.000831453592829388
"3GCR-Kp","Model B","Precipitation",2865.59686888454,3.2624221581723e-06,0.000912722173836094
"3GCR-Kp","Model B","Precipitation",2872.1095890411,3.56716888453232e-06,0.00099798063551494
"3GCR-Kp","Model B","Precipitation",2878.62230919765,3.88624410413829e-06,0.00108724775483194
"3GCR-Kp","Model B","Precipitation",2885.13502935421,4.21624066051047e-06,0.0011795703175438
"3GCR-Kp","Model B","Precipitation",2891.64774951076,4.5535076053971e-06,0.00127392690420715
"3GCR-Kp","Model B","Precipitation",2898.16046966732,4.89580731976239e-06,0.00136969150003554
"3GCR-Kp","Model B","Precipitation",2904.67318982387,5.24080041262841e-06,0.00146620961768329
"3GCR-Kp","Model B","Precipitation",2911.18590998043,5.58595616892086e-06,0.00156277324339498
"3GCR-Kp","Model B","Precipitation",2917.69863013699,5.92684838181923e-06,0.00165814406498562
"3GCR-Kp","Model B","Precipitation",2924.21135029354,6.26090049694568e-06,0.00175160124431755
"3GCR-Kp","Model B","Precipitation",2930.7240704501,6.58565345223893e-06,0.00184245681387419
"3GCR-Kp","Model B","Precipitation",2937.23679060665,6.89874394907842e-06,0.00193004959771025
"3GCR-Kp","Model B","Precipitation",2943.74951076321,7.19792190479145e-06,0.00201375009410929
"3GCR-Kp","Model B","Precipitation",2950.26223091976,7.47763643831401e-06,0.00209200534272901
"3GCR-Kp","Model B","Precipitation",2956.77495107632,7.73653195510467e-06,0.00216443609124194
"3GCR-Kp","Model B","Precipitation",2963.28767123288,7.97516291430991e-06,0.00223119745971929
"3GCR-Kp","Model B","Precipitation",2969.80039138943,8.19264357296856e-06,0.00229204164539311
"3GCR-Kp","Model B","Precipitation",2976.31311154599,8.38839908891603e-06,0.00234680782567067
"3GCR-Kp","Model B","Precipitation",2982.82583170254,8.56116242979414e-06,0.0023951415251125
"3GCR-Kp","Model B","Precipitation",2989.3385518591,8.70730128117381e-06,0.00243602653742736
"3GCR-Kp","Model B","Precipitation",2995.85127201566,8.83323652787294e-06,0.00247125922239485
"3GCR-Kp","Model B","Precipitation",3002.36399217221,8.94042078493349e-06,0.00250124597559913
"3GCR-Kp","Model B","Precipitation",3008.87671232877,9.03061320673578e-06,0.00252647895260204
"3GCR-Kp","Model B","Precipitation",3015.38943248532,9.1058677803409e-06,0.00254753279379175
"3GCR-Kp","Model B","Precipitation",3021.90215264188,9.16694357875839e-06,0.00256461986370413
"3GCR-Kp","Model B","Precipitation",3028.41487279843,9.2194321291225e-06,0.00257930449416185
"3GCR-Kp","Model B","Precipitation",3034.92759295499,9.26742552254637e-06,0.00259273152237948
"3GCR-Kp","Model B","Precipitation",3041.44031311155,9.3140310435485e-06,0.0026057702679432
"3GCR-Kp","Model B","Precipitation",3047.9530332681,9.36238238773821e-06,0.00261929743942411
"3GCR-Kp","Model B","Precipitation",3054.46575342466,9.41622464459917e-06,0.00263436079399436
"3GCR-Kp","Model B","Precipitation",3060.97847358121,9.48147072326768e-06,0.00265261457596044
"3GCR-Kp","Model B","Precipitation",3067.49119373777,9.55956847771184e-06,0.0026744638489092
"3GCR-Kp","Model B","Precipitation",3074.00391389432,9.65283608258021e-06,0.00270055716453076
"3GCR-Kp","Model B","Precipitation",3080.51663405088,9.76329774068016e-06,0.00273146083052443
"3GCR-Kp","Model B","Precipitation",3087.02935420744,9.89266546214032e-06,0.00276765381298673
"3GCR-Kp","Model B","Precipitation",3093.54207436399,1.00469417097917e-05,0.00281081541050558
"3GCR-Kp","Model B","Precipitation",3100.05479452055,1.02238538223886e-05,0.00286030980459647
"3GCR-Kp","Model B","Precipitation",3106.5675146771,1.04217250742047e-05,0.00291566790061872
"3GCR-Kp","Model B","Precipitation",3113.08023483366,1.06398813764059e-05,0.0029767011099115
"3GCR-Kp","Model B","Precipitation",3119.59295499022,1.08772328443148e-05,0.00304310451733392
"3GCR-Kp","Model B","Precipitation",3126.10567514677,1.11334683959672e-05,0.00311479109202579
"3GCR-Kp","Model B","Precipitation",3132.61839530333,1.14069296512389e-05,0.00319129687186373
"3GCR-Kp","Model B","Precipitation",3139.13111545988,1.1691074362395e-05,0.0032707915435759
"3GCR-Kp","Model B","Precipitation",3145.64383561644,1.1982662422516e-05,0.00335236862808398
"3GCR-Kp","Model B","Precipitation",3152.15655577299,1.22782118672563e-05,0.00343505398227817
"3GCR-Kp","Model B","Precipitation",3158.66927592955,1.25740197104832e-05,0.0035178116281676
"3GCR-Kp","Model B","Precipitation",3165.18199608611,1.28636336361373e-05,0.0035988364125089
"3GCR-Kp","Model B","Precipitation",3171.69471624266,1.31419305595832e-05,0.0036766950588227
"3GCR-Kp","Model B","Precipitation",3178.20743639922,1.34050573572657e-05,0.00375030958543255
"3GCR-Kp","Model B","Precipitation",3184.72015655577,1.36489781458565e-05,0.00381855088027806
"3GCR-Kp","Model B","Precipitation",3191.23287671233,1.38697548725838e-05,0.00388031720118359
"3GCR-Kp","Model B","Precipitation",3197.74559686888,1.40602914627169e-05,0.00393362329166178
"3GCR-Kp","Model B","Precipitation",3204.25831702544,1.42125458645324e-05,0.00397621924088713
"3GCR-Kp","Model B","Precipitation",3210.771037182,1.43287715645806e-05,0.00400873550287299
"3GCR-Kp","Model B","Precipitation",3217.28375733855,1.44064308546105e-05,0.00403046210739507
"3GCR-Kp","Model B","Precipitation",3223.79647749511,1.44433252220791e-05,0.00404078398042242
"3GCR-Kp","Model B","Precipitation",3230.30919765166,1.44376065956992e-05,0.0040391840902648
"3GCR-Kp","Model B","Precipitation",3236.82191780822,1.43762874184489e-05,0.00402202893067961
"3GCR-Kp","Model B","Precipitation",3243.33463796477,1.42683221667219e-05,0.00399182367995565
"3GCR-Kp","Model B","Precipitation",3249.84735812133,1.41152920037133e-05,0.00394901069737034
"3GCR-Kp","Model B","Precipitation",3256.36007827789,1.39176826372227e-05,0.00389372586855018
"3GCR-Kp","Model B","Precipitation",3262.87279843444,1.36763578203743e-05,0.00382621084420463
"3GCR-Kp","Model B","Precipitation",3269.385518591,1.33878257362208e-05,0.00374548872477861
"3GCR-Kp","Model B","Precipitation",3275.89823874755,1.30531593713397e-05,0.00365185969786102
"3GCR-Kp","Model B","Precipitation",3282.41095890411,1.26819926295623e-05,0.00354801902397333
"3GCR-Kp","Model B","Precipitation",3288.92367906067,1.22770968844523e-05,0.00343474204547805
"3GCR-Kp","Model B","Precipitation",3295.43639921722,1.18414661488671e-05,0.00331286639214572
"3GCR-Kp","Model B","Precipitation",3301.94911937378,1.13783012169179e-05,0.00318328754457862
"3GCR-Kp","Model B","Precipitation",3308.46183953033,1.08861731962928e-05,0.00304560574405952
"3GCR-Kp","Model B","Precipitation",3314.97455968689,1.03761189885859e-05,0.00290290876535419
"3GCR-Kp","Model B","Precipitation",3321.48727984344,9.85218953793013e-06,0.00275632993405812
"3GCR-Kp","Model B","Precipitation",3328,9.3180777513236e-06,0.00260690240834021
"CR-Ab","Model B","Temperature",-8.2004942927511,1.27208376266137e-05,5.74088028326842e-05
"CR-Ab","Model B","Temperature",-8.11947474561705,1.48238070614079e-05,6.68994481179191e-05
"CR-Ab","Model B","Temperature",-8.03845519848299,1.72772273822502e-05,7.79716689573912e-05
"CR-Ab","Model B","Temperature",-7.95743565134894,2.01254334014806e-05,9.08255471833641e-05
"CR-Ab","Model B","Temperature",-7.87641610421488,2.33415071613728e-05,0.000105339602766524
"CR-Ab","Model B","Temperature",-7.79539655708083,2.69562795462202e-05,0.000121652974670004
"CR-Ab","Model B","Temperature",-7.71437700994677,3.10717848793608e-05,0.000140226141088922
"CR-Ab","Model B","Temperature",-7.63335746281272,3.58461342146684e-05,0.000161772653016061
"CR-Ab","Model B","Temperature",-7.55233791567866,4.11854825217067e-05,0.000185868990317977
"CR-Ab","Model B","Temperature",-7.47131836854461,4.71317021354946e-05,0.000212704121732091
"CR-Ab","Model B","Temperature",-7.39029882141055,5.37533337483736e-05,0.000242587369585136
"CR-Ab","Model B","Temperature",-7.3092792742765,6.14144302703806e-05,0.000277161695004864
"CR-Ab","Model B","Temperature",-7.22825972714244,6.98979808685154e-05,0.000315447733857407
"CR-Ab","Model B","Temperature",-7.14724018000839,7.92563203476745e-05,0.000357681671729262
"CR-Ab","Model B","Temperature",-7.06622063287433,8.95423132891002e-05,0.000404102085073528
"CR-Ab","Model B","Temperature",-6.98520108574028,0.000101234880701287,0.000456870331699816
"CR-Ab","Model B","Temperature",-6.90418153860622,0.000114130095534379,0.000515066094240582
"CR-Ab","Model B","Temperature",-6.82316199147217,0.000128216220521783,0.000578636402722986
"CR-Ab","Model B","Temperature",-6.74214244433811,0.000143552490260759,0.00064784858131347
"CR-Ab","Model B","Temperature",-6.66112289720406,0.000160594467423122,0.000724758572267708
"CR-Ab","Model B","Temperature",-6.58010335007,0.000179336525870064,0.000809340984970478
"CR-Ab","Model B","Temperature",-6.49908380293595,0.000199603670420809,0.000900806070812072
"CR-Ab","Model B","Temperature",-6.41806425580189,0.000221453580310425,0.000999414134650617
"CR-Ab","Model B","Temperature",-6.33704470866783,0.000245239374276533,0.00110675879198374
"CR-Ab","Model B","Temperature",-6.25602516153378,0.00027126739935942,0.00122422257887946
"CR-Ab","Model B","Temperature",-6.17500561439972,0.000299121505437541,0.00134992742087619
"CR-Ab","Model B","Temperature",-6.09398606726567,0.000328845972366567,0.0014840731517882
"CR-Ab","Model B","Temperature",-6.01296652013161,0.000360610370352156,0.00162742503745636
"CR-Ab","Model B","Temperature",-5.93194697299756,0.000395115817351391,0.00178314720462626
"CR-Ab","Model B","Temperature",-5.8509274258635,0.000431645720941818,0.00194800569070051
"CR-Ab","Model B","Temperature",-5.76990787872945,0.000470216571356864,0.0021220749156652
"CR-Ab","Model B","Temperature",-5.68888833159539,0.000510842759083949,0.00230541982340841
"CR-Ab","Model B","Temperature",-5.60786878446134,0.000554368089595956,0.00250184848565023
"CR-Ab","Model B","Temperature",-5.52684923732728,0.00060002048843371,0.00270787655083302
"CR-Ab","Model B","Temperature",-5.44582969019323,0.00064768994980149,0.00292300756571821
"CR-Ab","Model B","Temperature",-5.36481014305917,0.000697348043794925,0.00314711322690138
"CR-Ab","Model B","Temperature",-5.28379059592512,0.000749514753134119,0.00338254020260762
"CR-Ab","Model B","Temperature",-5.20277104879106,0.000803773250425378,0.00362740736186408
"CR-Ab","Model B","Temperature",-5.12175150165701,0.000859765184569418,0.00388009747566372
"CR-Ab","Model B","Temperature",-5.04073195452295,0.000917409922546561,0.00414024664932726
"CR-Ab","Model B","Temperature",-4.9597124073889,0.000976886956157075,0.00440866492458889
"CR-Ab","Model B","Temperature",-4.87869286025484,0.00103803620660884,0.00468462987010533
"CR-Ab","Model B","Temperature",-4.79767331312079,0.00110034290165865,0.00496581833239552
"CR-Ab","Model B","Temperature",-4.71665376598673,0.00116367325056539,0.00525162651739316
"CR-Ab","Model B","Temperature",-4.63563421885268,0.00122794390574941,0.00554167827968176
"CR-Ab","Model B","Temperature",-4.55461467171862,0.00129300319770215,0.00583528913879178
"CR-Ab","Model B","Temperature",-4.47359512458457,0.00135836921520777,0.00613028424218711
"CR-Ab","Model B","Temperature",-4.39257557745051,0.00142386506871699,0.00642586529202322
"CR-Ab","Model B","Temperature",-4.31155603031645,0.00148931175909491,0.00672122446995165
"CR-Ab","Model B","Temperature",-4.2305364831824,0.00155420571443816,0.007014089169328
"CR-Ab","Model B","Temperature",-4.14951693604834,0.00161835275942794,0.00730358308208836
"CR-Ab","Model B","Temperature",-4.06849738891429,0.00168155905161544,0.00758883140240225
"CR-Ab","Model B","Temperature",-3.98747784178023,0.00174362578675848,0.00786893693199728
"CR-Ab","Model B","Temperature",-3.90645829464618,0.00180375259686017,0.00814028763133053
"CR-Ab","Model B","Temperature",-3.82543874751212,0.00186185078618982,0.00840248321892169
"CR-Ab","Model B","Temperature",-3.74441920037807,0.00191790103660779,0.00865543651251893
"CR-Ab","Model B","Temperature",-3.66339965324401,0.001971715236461,0.00889829856922096
"CR-Ab","Model B","Temperature",-3.58238010610996,0.00202247399180556,0.0091273714858905
"CR-Ab","Model B","Temperature",-3.5013605589759,0.00206980824452949,0.00934098971305626
"CR-Ab","Model B","Temperature",-3.42034101184185,0.00211412352984784,0.00954098342038827
"CR-Ab","Model B","Temperature",-3.33932146470779,0.00215527626065725,0.00972670460309727
"CR-Ab","Model B","Temperature",-3.25830191757374,0.00219269945062061,0.00989559446688124
"CR-Ab","Model B","Temperature",-3.17728237043968,0.00222543268174046,0.0100433186707894
"CR-Ab","Model B","Temperature",-3.09626282330563,0.00225448981421095,0.0101744527389888
"CR-Ab","Model B","Temperature",-3.01524327617157,0.00227980323556356,0.0102886915382021
"CR-Ab","Model B","Temperature",-2.93422372903752,0.00230124930018962,0.0103854770590769
"CR-Ab","Model B","Temperature",-2.85320418190346,0.00231716195287778,0.0104572904386304
"CR-Ab","Model B","Temperature",-2.77218463476941,0.00232920983013723,0.010511662189174
"CR-Ab","Model B","Temperature",-2.69116508763535,0.00233742542990923,0.0105487389730547
"CR-Ab","Model B","Temperature",-2.6101455405013,0.00234184781784201,0.0105686970925068
"CR-Ab","Model B","Temperature",-2.52912599336724,0.00234126959283741,0.0105660875783965
"CR-Ab","Model B","Temperature",-2.44810644623319,0.00233688850155236,0.0105463158296203
"CR-Ab","Model B","Temperature",-2.36708689909913,0.00232917834414492,0.0105115200937258
"CR-Ab","Model B","Temperature",-2.28606735196507,0.00231829247923672,0.010462392474105
"CR-Ab","Model B","Temperature",-2.20504780483102,0.00230374898720353,0.0103967580802751
"CR-Ab","Model B","Temperature",-2.12402825769696,0.00228618507112972,0.0103174925928561
"CR-Ab","Model B","Temperature",-2.04300871056291,0.00226642848218266,0.0102283316309132
"CR-Ab","Model B","Temperature",-1.96198916342885,0.00224474818360457,0.0101304890184252
"CR-Ab","Model B","Temperature",-1.8809696162948,0.00222127357290699,0.0100245487229299
"CR-Ab","Model B","Temperature",-1.79995006916074,0.00219652201354094,0.00991284559196042
"CR-Ab","Model B","Temperature",-1.71893052202669,0.00217132948166395,0.00979915236374434
"CR-Ab","Model B","Temperature",-1.63791097489263,0.00214607062137522,0.00968515979716525
"CR-Ab","Model B","Temperature",-1.55689142775858,0.00212117446936325,0.00957280412341953
"CR-Ab","Model B","Temperature",-1.47587188062452,0.00209781157101855,0.00946736798281
"CR-Ab","Model B","Temperature",-1.39485233349047,0.00207629871477818,0.00937028103315131
"CR-Ab","Model B","Temperature",-1.31383278635641,0.00205709503078659,0.00928361531660858
"CR-Ab","Model B","Temperature",-1.23281323922236,0.0020406636799381,0.00920946106601408
"CR-Ab","Model B","Temperature",-1.1517936920883,0.00202921201429075,0.00915778000266344
"CR-Ab","Model B","Temperature",-1.07077414495425,0.00202252161455226,0.00912758640608331
"CR-Ab","Model B","Temperature",-0.989754597820192,0.00202088508988614,0.00912020081366829
"CR-Ab","Model B","Temperature",-0.908735050686136,0.00202481317182868,0.00913792814329618
"CR-Ab","Model B","Temperature",-0.827715503552081,0.0020368757492819,0.0091923662354244
"CR-Ab","Model B","Temperature",-0.746695956418026,0.00205742244301477,0.00928509291931087
"CR-Ab","Model B","Temperature",-0.665676409283971,0.00208591672569948,0.00941368686135467
"CR-Ab","Model B","Temperature",-0.584656862149916,0.00212286700506712,0.00958044249216245
"CR-Ab","Model B","Temperature",-0.503637315015861,0.00217055692739062,0.00979566584679816
"CR-Ab","Model B","Temperature",-0.422617767881805,0.00223094889377019,0.0100682131893811
"CR-Ab","Model B","Temperature",-0.34159822074775,0.00230202895932694,0.0103889956400858
"CR-Ab","Model B","Temperature",-0.260578673613695,0.00238423698417446,0.0107599982759391
"CR-Ab","Model B","Temperature",-0.17955912647964,0.00247890332330544,0.01118722495374
"CR-Ab","Model B","Temperature",-0.0985395793455854,0.00259050695764791,0.0116908891956271
"CR-Ab","Model B","Temperature",-0.0175200322115288,0.00271500154226538,0.0122527299542175
"CR-Ab","Model B","Temperature",0.0634995149225261,0.00285267835060892,0.0128740617388707
"CR-Ab","Model B","Temperature",0.144519062056581,0.0030038173448501,0.013556148011442
"CR-Ab","Model B","Temperature",0.225538609190636,0.00317455349688314,0.0143266757373812
"CR-Ab","Model B","Temperature",0.306558156324691,0.00335984858491612,0.0151629075553626
"CR-Ab","Model B","Temperature",0.387577703458746,0.00355931626992787,0.0160630999276302
"CR-Ab","Model B","Temperature",0.468597250592802,0.00377299728223341,0.0170274366690152
"CR-Ab","Model B","Temperature",0.549616797726857,0.00400525423201948,0.0180756061235874
"CR-Ab","Model B","Temperature",0.630636344860912,0.00425337325362541,0.019195360687596
"CR-Ab","Model B","Temperature",0.711655891994967,0.00451516684068663,0.0203768282028338
"CR-Ab","Model B","Temperature",0.792675439129022,0.0047903666471441,0.0216187976306533
"CR-Ab","Model B","Temperature",0.873694986263077,0.00508119141591677,0.0229312820990032
"CR-Ab","Model B","Temperature",0.954714533397134,0.00538712745104065,0.024311963311622
"CR-Ab","Model B","Temperature",1.03573408053119,0.0057044533623316,0.0257440467333057
"CR-Ab","Model B","Temperature",1.11675362766524,0.00603255954709966,0.0272247812432821
"CR-Ab","Model B","Temperature",1.1977731747993,0.00637169024853355,0.0287552691045843
"CR-Ab","Model B","Temperature",1.27879272193335,0.00672246748376506,0.0303383174640311
"CR-Ab","Model B","Temperature",1.35981226906741,0.00708051130470885,0.0319541597320763
"CR-Ab","Model B","Temperature",1.44083181620146,0.00744489890453788,0.0335986313059839
"CR-Ab","Model B","Temperature",1.52185136333552,0.00781469062875029,0.0352674915499079
"CR-Ab","Model B","Temperature",1.60287091046957,0.00818963514645804,0.0369596062142164
"CR-Ab","Model B","Temperature",1.68389045760363,0.00856619319730451,0.0386590027107865
"CR-Ab","Model B","Temperature",1.76491000473768,0.00894321798214412,0.0403605055654892
"CR-Ab","Model B","Temperature",1.84592955187174,0.00931956969090234,0.0420589708456875
"CR-Ab","Model B","Temperature",1.9269490990058,0.00969249976342451,0.0437419943722997
"CR-Ab","Model B","Temperature",2.00796864613985,0.0100602310969185,0.0454015561275562
"CR-Ab","Model B","Temperature",2.08898819327391,0.0104218707826487,0.0470336264380146
"CR-Ab","Model B","Temperature",2.17000774040796,0.0107762589165493,0.0486329706873883
"CR-Ab","Model B","Temperature",2.25102728754202,0.0111196894982918,0.0501828637944839
"CR-Ab","Model B","Temperature",2.33204683467607,0.0114499605199767,0.0516733681560512
"CR-Ab","Model B","Temperature",2.41306638181013,0.011767984260718,0.053108600863537
"CR-Ab","Model B","Temperature",2.49408592894418,0.0120728083295772,0.0544842638018942
"CR-Ab","Model B","Temperature",2.57510547607824,0.0123614542633631,0.055786915245735
"CR-Ab","Model B","Temperature",2.65612502321229,0.0126293494483145,0.0569959191104273
"CR-Ab","Model B","Temperature",2.73714457034635,0.0128804954695053,0.0581293344432818
"CR-Ab","Model B","Temperature",2.8181641174804,0.0131143826937136,0.0591848612830841
"CR-Ab","Model B","Temperature",2.89918366461446,0.0133300801200556,0.0601582980475371
"CR-Ab","Model B","Temperature",2.98020321174851,0.0135197923595268,0.0610144643528096
"CR-Ab","Model B","Temperature",3.06122275888257,0.0136911011723864,0.0617875764818712
"CR-Ab","Model B","Temperature",3.14224230601662,0.0138441349936349,0.0624782140584731
"CR-Ab","Model B","Temperature",3.22326185315068,0.0139790651543453,0.0630871502952029
"CR-Ab","Model B","Temperature",3.30428140028473,0.0140900727759068,0.0635881247472171
"CR-Ab","Model B","Temperature",3.38530094741879,0.0141833673413116,0.064009160646573
"CR-Ab","Model B","Temperature",3.46632049455284,0.0142612269968988,0.0643605392072799
"CR-Ab","Model B","Temperature",3.5473400416869,0.0143245757529333,0.0646464304631572
"CR-Ab","Model B","Temperature",3.62835958882095,0.0143716205813883,0.0648587425262729
"CR-Ab","Model B","Temperature",3.70937913595501,0.0144062019013073,0.0650148071059174
"CR-Ab","Model B","Temperature",3.79039868308906,0.0144323336185251,0.0651327388526681
"CR-Ab","Model B","Temperature",3.87141823022312,0.0144516812268599,0.0652200540959548
"CR-Ab","Model B","Temperature",3.95243777735718,0.0144658080043279,0.0652838078680038
"CR-Ab","Model B","Temperature",4.03345732449123,0.0144787275752124,0.0653421135487587
"CR-Ab","Model B","Temperature",4.11447687162529,0.0144940021290495,0.0654110472051207
"CR-Ab","Model B","Temperature",4.19549641875934,0.0145139081394441,0.0655008825020934
"CR-Ab","Model B","Temperature",4.2765159658934,0.0145413747996413,0.0656248388111055
"CR-Ab","Model B","Temperature",4.35753551302745,0.0145850702984721,0.0658220354384567
"CR-Ab","Model B","Temperature",4.43855506016151,0.0146448210985398,0.066091689214479
"CR-Ab","Model B","Temperature",4.51957460729556,0.0147232801906431,0.0664457730162852
"CR-Ab","Model B","Temperature",4.60059415442962,0.0148231136569059,0.0668963188017918
"CR-Ab","Model B","Temperature",4.68161370156367,0.0149592920153279,0.06751088812169
"CR-Ab","Model B","Temperature",4.76263324869773,0.0151280556264152,0.0682725138226561
"CR-Ab","Model B","Temperature",4.84365279583178,0.0153307831694811,0.0691874178478657
"CR-Ab","Model B","Temperature",4.92467234296584,0.0155701844701599,0.0702678295685372
"CR-Ab","Model B","Temperature",5.00569189009989,0.0158622176491058,0.0715857675599501
"CR-Ab","Model B","Temperature",5.08671143723395,0.0162068205185864,0.0731409511705167
"CR-Ab","Model B","Temperature",5.167730984368,0.0166000671006141,0.074915662565702
"CR-Ab","Model B","Temperature",5.24875053150206,0.0170443681099674,0.076920781237366
"CR-Ab","Model B","Temperature",5.32977007863611,0.0175529427398394,0.0792159650537951
"CR-Ab","Model B","Temperature",5.41078962577017,0.0181347519233704,0.0818416544685943
"CR-Ab","Model B","Temperature",5.49180917290422,0.0187774848951855,0.0847422913241266
"CR-Ab","Model B","Temperature",5.57282872003828,0.0194829197285155,0.0879259000177257
"CR-Ab","Model B","Temperature",5.65384826717233,0.020258281010901,0.0914250849213548
"CR-Ab","Model B","Temperature",5.73486781430639,0.0211254765918133,0.0953387155786482
"CR-Ab","Model B","Temperature",5.81588736144044,0.0220617810508451,0.0995642327700215
"CR-Ab","Model B","Temperature",5.8969069085745,0.0230680525763923,0.104105509476944
"CR-Ab","Model B","Temperature",5.97792645570856,0.024145087998436,0.108966141771987
"CR-Ab","Model B","Temperature",6.05894600284261,0.0253241114677261,0.114287043419374
"CR-Ab","Model B","Temperature",6.13996554997667,0.0265766055372176,0.119939515936915
"CR-Ab","Model B","Temperature",6.22098509711072,0.0279006425314316,0.125914859776301
"CR-Ab","Model B","Temperature",6.30200464424478,0.0292958803042405,0.132211530841131
"CR-Ab","Model B","Temperature",6.38302419137883,0.0307837577090537,0.13892628210825
"CR-Ab","Model B","Temperature",6.46404373851289,0.0323487346189131,0.145988981396846
"CR-Ab","Model B","Temperature",6.54506328564694,0.0339803314312099,0.153352334538279
"CR-Ab","Model B","Temperature",6.626082832781,0.0356769779878444,0.161009255450688
"CR-Ab","Model B","Temperature",6.70710237991505,0.0374496250319664,0.169009164547478
"CR-Ab","Model B","Temperature",6.78812192704911,0.0392945438924828,0.177335234434897
"CR-Ab","Model B","Temperature",6.86914147418316,0.0411944799499772,0.185909595473136
"CR-Ab","Model B","Temperature",6.95016102131722,0.0431466786382599,0.194719816378037
"CR-Ab","Model B","Temperature",7.03118056845127,0.0451530432770311,0.203774486780929
"CR-Ab","Model B","Temperature",7.11220011558533,0.0472168698274543,0.213088481267127
"CR-Ab","Model B","Temperature",7.19321966271938,0.049317971844292,0.222570698944651
"CR-Ab","Model B","Temperature",7.27423920985344,0.0514525982377166,0.232204211244593
"CR-Ab","Model B","Temperature",7.35525875698749,0.053617062943204,0.241972383055517
"CR-Ab","Model B","Temperature",7.43627830412155,0.0558137635062333,0.251886034436583
"CR-Ab","Model B","Temperature",7.5172978512556,0.0580251490145479,0.261865958586254
"CR-Ab","Model B","Temperature",7.59831739838966,0.0602467987697721,0.271892205010005
"CR-Ab","Model B","Temperature",7.67933694552371,0.0624742685140749,0.281944716890112
"CR-Ab","Model B","Temperature",7.76035649265777,0.0646995977552347,0.291987568736305
"CR-Ab","Model B","Temperature",7.84137603979182,0.0669139852068532,0.30198104057649
"CR-Ab","Model B","Temperature",7.92239558692588,0.069112936087739,0.311904847582361
"CR-Ab","Model B","Temperature",8.00341513405993,0.0712918105242393,0.321738050127178
"CR-Ab","Model B","Temperature",8.08443468119399,0.0734374387109472,0.331421213228423
"CR-Ab","Model B","Temperature",8.16545422832805,0.0755409316191742,0.340914220935377
"CR-Ab","Model B","Temperature",8.2464737754621,0.0776033615874669,0.35022191268346
"CR-Ab","Model B","Temperature",8.32749332259616,0.079620387179231,0.359324695684463
"CR-Ab","Model B","Temperature",8.40851286973021,0.0815796430513903,0.368166765473032
"CR-Ab","Model B","Temperature",8.48953241686427,0.0834628654645885,0.376665698277834
"CR-Ab","Model B","Temperature",8.57055196399832,0.0852820846657368,0.384875786284119
"CR-Ab","Model B","Temperature",8.65157151113238,0.0870337243615325,0.39278088977506
"CR-Ab","Model B","Temperature",8.73259105826643,0.088711665249439,0.400353392500603
"CR-Ab","Model B","Temperature",8.81361060540049,0.0902806818946675,0.407434323007779
"CR-Ab","Model B","Temperature",8.89463015253454,0.0917677389541709,0.414145372078272
"CR-Ab","Model B","Temperature",8.9756496996686,0.0931703826214436,0.420475465748402
"CR-Ab","Model B","Temperature",9.05666924680265,0.0944862339558449,0.426413867922149
"CR-Ab","Model B","Temperature",9.13768879393671,0.0956779144344654,0.43179189031696
"CR-Ab","Model B","Temperature",9.21870834107076,0.0967698374558981,0.436719709953204
"CR-Ab","Model B","Temperature",9.29972788820482,0.0977672655137216,0.441221076324832
"CR-Ab","Model B","Temperature",9.38074743533887,0.0986691271617865,0.445291154023787
"CR-Ab","Model B","Temperature",9.46176698247293,0.0994479564254122,0.448805989834778
"CR-Ab","Model B","Temperature",9.54278652960698,0.100112208473544,0.451803741711008
"CR-Ab","Model B","Temperature",9.62380607674104,0.100679029243231,0.454361788811645
"CR-Ab","Model B","Temperature",9.70482562387509,0.101148613755734,0.456481011262467
"CR-Ab","Model B","Temperature",9.78584517100915,0.101505303477693,0.458090742517706
"CR-Ab","Model B","Temperature",9.8668647181432,0.10173977342217,0.459148899158627
"CR-Ab","Model B","Temperature",9.94788426527726,0.101880379663365,0.459783451396044
"CR-Ab","Model B","Temperature",10.0289038124113,0.101928363238936,0.46
"CR-Ab","Model B","Temperature",10.1099233595454,0.101879536882675,0.459779647949143
"CR-Ab","Model B","Temperature",10.1909429066794,0.101708393157749,0.459007280857546
"CR-Ab","Model B","Temperature",10.2719624538135,0.101452013400682,0.457850245813491
"CR-Ab","Model B","Temperature",10.3529820009475,0.101112355774691,0.456317379955637
"CR-Ab","Model B","Temperature",10.4340015480816,0.100691410313515,0.454417664253473
"CR-Ab","Model B","Temperature",10.5150210952156,0.10016143649183,0.452025906451931
"CR-Ab","Model B","Temperature",10.5960406423497,0.0995547806135775,0.449288084562826
"CR-Ab","Model B","Temperature",10.6770601894838,0.0988770852260164,0.446229663252289
"CR-Ab","Model B","Temperature",10.7580797366178,0.098130692041737,0.442861210607134
"CR-Ab","Model B","Temperature",10.8390992837519,0.0972997648886297,0.439111258402629
"CR-Ab","Model B","Temperature",10.9201188308859,0.0963992577010696,0.435047293348009
"CR-Ab","Model B","Temperature",11.00113837802,0.0954411951523541,0.430723582474952
"CR-Ab","Model B","Temperature",11.082157925154,0.0944280114490227,0.426151111293011
"CR-Ab","Model B","Temperature",11.1631774722881,0.0933528766207649,0.421299056327317
"CR-Ab","Model B","Temperature",11.2441970194221,0.092218336736962,0.416178907921461
"CR-Ab","Model B","Temperature",11.3252165665562,0.0910398606480556,0.410860476587229
"CR-Ab","Model B","Temperature",11.4062361136903,0.0898198389328901,0.405354550943543
"CR-Ab","Model B","Temperature",11.4872556608243,0.0885575332052467,0.399657798672983
"CR-Ab","Model B","Temperature",11.5682752079584,0.0872484094407378,0.393749757843734
"CR-Ab","Model B","Temperature",11.6492947550924,0.0859086344005096,0.387703388620084
"CR-Ab","Model B","Temperature",11.7303143022265,0.0845405304066103,0.381529171579843
"CR-Ab","Model B","Temperature",11.8113338493605,0.0831464163104272,0.375237571637824
"CR-Ab","Model B","Temperature",11.8923533964946,0.0817209133911549,0.368804314769682
"CR-Ab","Model B","Temperature",11.9733729436286,0.0802774097394738,0.362289821073588
"CR-Ab","Model B","Temperature",12.0543924907627,0.0788184998490466,0.355705799430629
"CR-Ab","Model B","Temperature",12.1354120378968,0.0773464654070274,0.349062547034419
"CR-Ab","Model B","Temperature",12.2164315850308,0.0758618151985984,0.342362360018991
"CR-Ab","Model B","Temperature",12.2974511321649,0.0743711302041292,0.335634938174216
"CR-Ab","Model B","Temperature",12.3784706792989,0.0728777908225755,0.328895537150927
"CR-Ab","Model B","Temperature",12.459490226433,0.0713840420639385,0.322154288619717
"CR-Ab","Model B","Temperature",12.540509773567,0.0698936322983525,0.315428108875592
"CR-Ab","Model B","Temperature",12.6215293207011,0.0684114413537359,0.308739020452526
"CR-Ab","Model B","Temperature",12.7025488678351,0.0669389995028049,0.302093929430703
"CR-Ab","Model B","Temperature",12.7835684149692,0.0654784294008768,0.295502415297272
"CR-Ab","Model B","Temperature",12.8645879621032,0.0640339975146464,0.288983732503274
"CR-Ab","Model B","Temperature",12.9456075092373,0.0626135804239392,0.282573427844564
"CR-Ab","Model B","Temperature",13.0266270563714,0.0612142954089174,0.276258491682966
"CR-Ab","Model B","Temperature",13.1076466035054,0.0598379612873723,0.270047132294935
"CR-Ab","Model B","Temperature",13.1886661506395,0.0584867685523158,0.263949235317339
"CR-Ab","Model B","Temperature",13.2696856977735,0.0571753723248142,0.258030938922874
"CR-Ab","Model B","Temperature",13.3507052449076,0.0558943650506423,0.252249787068824
"CR-Ab","Model B","Temperature",13.4317247920416,0.0546450274023283,0.246611559396343
"CR-Ab","Model B","Temperature",13.5127443391757,0.0534285995619632,0.241121852814317
"CR-Ab","Model B","Temperature",13.5937638863097,0.0522591979700622,0.235844374444401
"CR-Ab","Model B","Temperature",13.6747834334438,0.0511292175351206,0.230744802710332
"CR-Ab","Model B","Temperature",13.7558029805779,0.0500360543262585,0.225811386141111
"CR-Ab","Model B","Temperature",13.8368225277119,0.0489801923085562,0.221046308858309
"CR-Ab","Model B","Temperature",13.917842074846,0.0479716170445829,0.216494635440968
"CR-Ab","Model B","Temperature",13.99886162198,0.0470082923790424,0.212147176774239
"CR-Ab","Model B","Temperature",14.0798811691141,0.0460825335661014,0.207969251803987
"CR-Ab","Model B","Temperature",14.1609007162481,0.0451939860885307,0.20395926060336
"CR-Ab","Model B","Temperature",14.2419202633822,0.0443474489087798,0.200138860762615
"CR-Ab","Model B","Temperature",14.3229398105162,0.0435468159819246,0.196525625597736
"CR-Ab","Model B","Temperature",14.4039593576503,0.0427800194967927,0.193065093396961
"CR-Ab","Model B","Temperature",14.4849789047844,0.0420459535060519,0.18975227304931
"CR-Ab","Model B","Temperature",14.5659984519184,0.0413447090833012,0.186587575567519
"CR-Ab","Model B","Temperature",14.6470179990525,0.0406842726679397,0.183607043540784
"CR-Ab","Model B","Temperature",14.7280375461865,0.0400502907426217,0.180745899926002
"CR-Ab","Model B","Temperature",14.8090570933206,0.0394411606073949,0.177996911780794
"CR-Ab","Model B","Temperature",14.8900766404546,0.0388552616446411,0.17535276530083
"CR-Ab","Model B","Temperature",14.9710961875887,0.0382975709043214,0.172835921780585
"CR-Ab","Model B","Temperature",15.0521157347227,0.0377581761149112,0.170401647401558
"CR-Ab","Model B","Temperature",15.1331352818568,0.037234079079976,0.168036411382757
"CR-Ab","Model B","Temperature",15.2141548289908,0.0367235583380783,0.165732444814369
"CR-Ab","Model B","Temperature",15.2951743761249,0.0362271502035287,0.163492168068656
"CR-Ab","Model B","Temperature",15.376193923259,0.0357401783837253,0.161294477161126
"CR-Ab","Model B","Temperature",15.457213470393,0.0352593257563015,0.159124402006516
"CR-Ab","Model B","Temperature",15.5382330175271,0.034783151007516,0.156975437994135
"CR-Ab","Model B","Temperature",15.6192525646611,0.0343103535317465,0.154841715525306
"CR-Ab","Model B","Temperature",15.7002721117952,0.0338384424655137,0.152711993399206
"CR-Ab","Model B","Temperature",15.7812916589292,0.0333657197803331,0.15057860845832
"CR-Ab","Model B","Temperature",15.8623112060633,0.0328913153967609,0.148437634057194
"CR-Ab","Model B","Temperature",15.9433307531973,0.0324141376203224,0.146284143407617
"CR-Ab","Model B","Temperature",16.0243503003314,0.0319319348234591,0.144107974974135
"CR-Ab","Model B","Temperature",16.1053698474655,0.0314454704909351,0.141912574343238
"CR-Ab","Model B","Temperature",16.1863893945995,0.0309545744422889,0.139697173495018
"CR-Ab","Model B","Temperature",16.2674089417336,0.0304591181251051,0.137461192275833
"CR-Ab","Model B","Temperature",16.3484284888676,0.0299573946545227,0.135196927559574
"CR-Ab","Model B","Temperature",16.4294480360017,0.0294516040090232,0.132914307790783
"CR-Ab","Model B","Temperature",16.5104675831357,0.0289423663865401,0.130616131906283
"CR-Ab","Model B","Temperature",16.5914871302698,0.0284301820117692,0.128304657406861
"CR-Ab","Model B","Temperature",16.6725066774038,0.0279154096304552,0.125981503302548
"CR-Ab","Model B","Temperature",16.7535262245379,0.0273999495335485,0.123655245556004
"CR-Ab","Model B","Temperature",16.8345457716719,0.0268849687886657,0.121331151112432
"CR-Ab","Model B","Temperature",16.915565318806,0.0263713676139225,0.119013282632311
"CR-Ab","Model B","Temperature",16.9965848659401,0.0258609842501627,0.116709936047816
"CR-Ab","Model B","Temperature",17.0776044130741,0.0253561486738529,0.114431626480948
"CR-Ab","Model B","Temperature",17.1586239602082,0.0248572195454021,0.112179972556619
"CR-Ab","Model B","Temperature",17.2396435073422,0.0243651886993092,0.109959450397618
"CR-Ab","Model B","Temperature",17.3206630544763,0.0238820213771303,0.107778929086967
"CR-Ab","Model B","Temperature",17.4016826016103,0.0234120130547263,0.105657793993303
"CR-Ab","Model B","Temperature",17.4827021487444,0.0229531774602906,0.103587081124642
"CR-Ab","Model B","Temperature",17.5637216958784,0.022506301168476,0.101570340271531
"CR-Ab","Model B","Temperature",17.6447412430125,0.0220721522164536,0.0996110375653531
"CR-Ab","Model B","Temperature",17.7257607901466,0.0216580553381505,0.0977422293360589
"CR-Ab","Model B","Temperature",17.8067803372806,0.0212588817166508,0.0959407693689306
"CR-Ab","Model B","Temperature",17.8877998844147,0.0208749340000567,0.0942080235068266
"CR-Ab","Model B","Temperature",17.9688194315487,0.0205065597438535,0.0925455602584349
"CR-Ab","Model B","Temperature",18.0498389786828,0.0201595062762426,0.0909793171634995
"CR-Ab","Model B","Temperature",18.1308585258168,0.0198303010502336,0.089493622709551
"CR-Ab","Model B","Temperature",18.2118780729509,0.0195170874404558,0.0880800979955317
"CR-Ab","Model B","Temperature",18.2928976200849,0.0192197378225713,0.086738167056189
"CR-Ab","Model B","Temperature",18.373917167219,0.0189415689255527,0.0854827982014121
"CR-Ab","Model B","Temperature",18.4549367143531,0.0186815428020693,0.0843093072024252
"CR-Ab","Model B","Temperature",18.5359562614871,0.0184358082183398,0.0832003135433141
"CR-Ab","Model B","Temperature",18.6169758086212,0.0182038445468152,0.0821534676457574
"CR-Ab","Model B","Temperature",18.6979953557552,0.0179866317779259,0.0811731921805775
"CR-Ab","Model B","Temperature",18.7790149028893,0.0177851376329774,0.0802638544483602
"CR-Ab","Model B","Temperature",18.8600344500233,0.0175944410016435,0.0794032456087191
"CR-Ab","Model B","Temperature",18.9410539971574,0.0174138057433268,0.0785880434786613
"CR-Ab","Model B","Temperature",19.0220735442914,0.0172426702210711,0.0778157134054992
"CR-Ab","Model B","Temperature",19.1030930914255,0.0170827900055368,0.0770941782330627
"CR-Ab","Model B","Temperature",19.1841126385596,0.0169294638902547,0.0764022215412397
"CR-Ab","Model B","Temperature",19.2651321856936,0.0167819508732616,0.0757364992078224
"CR-Ab","Model B","Temperature",19.3461517328277,0.0166395167962006,0.0750936979956175
"CR-Ab","Model B","Temperature",19.4271712799617,0.0165024307751247,0.0744750324182346
"CR-Ab","Model B","Temperature",19.5081908270958,0.0163683193944165,0.0738697913139388
"CR-Ab","Model B","Temperature",19.5892103742298,0.016236300285336,0.0732739925760088
"CR-Ab","Model B","Temperature",19.6702299213639,0.0161058279600925,0.0726851744325123
"CR-Ab","Model B","Temperature",19.7512494684979,0.0159763940635867,0.0721010426903678
"CR-Ab","Model B","Temperature",19.832269015632,0.0158470773878895,0.0715174399626239
"CR-Ab","Model B","Temperature",19.913288562766,0.015717454165254,0.0709324537966778
"CR-Ab","Model B","Temperature",19.9943081099001,0.0155872744874098,0.0703449563631326
"CR-Ab","Model B","Temperature",20.0753276570342,0.0154561512682345,0.0697532007525844
"CR-Ab","Model B","Temperature",20.1563472041682,0.0153237400828614,0.0691556325847444
"CR-Ab","Model B","Temperature",20.2373667513023,0.0151903320934732,0.068553565866821
"CR-Ab","Model B","Temperature",20.3183862984363,0.0150559975357604,0.0679473175706227
"CR-Ab","Model B","Temperature",20.3994058455704,0.0149208010546224,0.0673371794368658
"CR-Ab","Model B","Temperature",20.4804253927044,0.0147849402532394,0.0667240432434624
"CR-Ab","Model B","Temperature",20.5614449398385,0.0146490759520378,0.0661108912554702
"CR-Ab","Model B","Temperature",20.6424644869725,0.0145135531220121,0.0654992803178386
"CR-Ab","Model B","Temperature",20.7234840341066,0.0143787304582961,0.0648908292121931
"CR-Ab","Model B","Temperature",20.8045035812407,0.0142458878037865,0.0642913138355831
"CR-Ab","Model B","Temperature",20.8855231283747,0.0141154515310839,0.0637026583962476
"CR-Ab","Model B","Temperature",20.9665426755088,0.013987875640202,0.0631269117842069
"CR-Ab","Model B","Temperature",21.0475622226428,0.0138636955504931,0.0625664903327978
"CR-Ab","Model B","Temperature",21.1285817697769,0.0137449983532919,0.0620308130298613
"CR-Ab","Model B","Temperature",21.2096013169109,0.0136324550467944,0.0615229080724604
"CR-Ab","Model B","Temperature",21.290620864045,0.0135259999662655,0.0610424791173862
"CR-Ab","Model B","Temperature",21.371640411179,0.0134262370004499,0.060592251498528
"CR-Ab","Model B","Temperature",21.4526599583131,0.0133353614307631,0.0601821324626919
"CR-Ab","Model B","Temperature",21.5336795054472,0.0132553306774561,0.059820955795556
"CR-Ab","Model B","Temperature",21.6146990525812,0.0131847513665725,0.0595024332374104
"CR-Ab","Model B","Temperature",21.6957185997153,0.0131241924499748,0.0592291324529211
"CR-Ab","Model B","Temperature",21.7767381468493,0.0130751492533207,0.0590078018071222
"CR-Ab","Model B","Temperature",21.8577576939834,0.0130419957312361,0.0588581808412369
"CR-Ab","Model B","Temperature",21.9387772411174,0.0130212740785704,0.0587646645723267
"CR-Ab","Model B","Temperature",22.0197967882515,0.0130134324080291,0.0587292753211469
"CR-Ab","Model B","Temperature",22.1008163353855,0.0130189096740234,0.058753994077314
"CR-Ab","Model B","Temperature",22.1818358825196,0.0130443134555019,0.058868640669379
"CR-Ab","Model B","Temperature",22.2628554296536,0.0130846820928701,0.0590508232591831
"CR-Ab","Model B","Temperature",22.3438749767877,0.0131399341601136,0.059300174373283
"CR-Ab","Model B","Temperature",22.4248945239218,0.0132103224927114,0.0596178350514896
"CR-Ab","Model B","Temperature",22.5059140710558,0.0133010816635145,0.0600274287822512
"CR-Ab","Model B","Temperature",22.5869336181899,0.013409572914377,0.0605170469200383
"CR-Ab","Model B","Temperature",22.6679531653239,0.0135338412261782,0.06107786651541
"CR-Ab","Model B","Temperature",22.748972712458,0.0136739202102952,0.0617100392556195
"CR-Ab","Model B","Temperature",22.829992259592,0.0138331689171738,0.0624287244462414
"CR-Ab","Model B","Temperature",22.9110118067261,0.0140117437445454,0.0632346279060895
"CR-Ab","Model B","Temperature",22.9920313538601,0.0142057606518583,0.0641102210631652
"CR-Ab","Model B","Temperature",23.0730509009942,0.0144150253582073,0.0650546271328959
"CR-Ab","Model B","Temperature",23.1540704481283,0.0146408977042587,0.0660739830401428
"CR-Ab","Model B","Temperature",23.2350899952623,0.0148861280455023,0.0671807010662886
"CR-Ab","Model B","Temperature",23.3161095423964,0.0151452340039098,0.068350039384692
"CR-Ab","Model B","Temperature",23.3971290895304,0.0154178030832645,0.0695801364108676
"CR-Ab","Model B","Temperature",23.4781486366645,0.0157034547219968,0.0708692746805448
"CR-Ab","Model B","Temperature",23.5591681837985,0.0160066476633154,0.0722375763835716
"CR-Ab","Model B","Temperature",23.6401877309326,0.0163209933593854,0.073656210173003
"CR-Ab","Model B","Temperature",23.7212072780666,0.0166458801987348,0.075122415862487
"CR-Ab","Model B","Temperature",23.8022268252007,0.016980685544534,0.076633383508525
"CR-Ab","Model B","Temperature",23.8832463723348,0.0173273778086942,0.0781979965018666
"CR-Ab","Model B","Temperature",23.9642659194688,0.0176823436268473,0.079799947824951
"CR-Ab","Model B","Temperature",24.0452854666029,0.0180439001025101,0.081431642610582
"CR-Ab","Model B","Temperature",24.1263050137369,0.0184112475833213,0.0830894720488616
"CR-Ab","Model B","Temperature",24.207324560871,0.0187842999356234,0.0847730474208773
"CR-Ab","Model B","Temperature",24.288344108005,0.0191609663086296,0.0864729327724816
"CR-Ab","Model B","Temperature",24.3693636551391,0.0195393523171353,0.0881805787934873
"CR-Ab","Model B","Temperature",24.4503832022731,0.019918501997012,0.0898916712431368
"CR-Ab","Model B","Temperature",24.5314027494072,0.0202971355476606,0.0916004344152685
"CR-Ab","Model B","Temperature",24.6124222965413,0.0206727579429305,0.0932956083230369
"CR-Ab","Model B","Temperature",24.6934418436753,0.021044431330805,0.094972960465163
"CR-Ab","Model B","Temperature",24.7744613908094,0.0214110727620932,0.096627603520671
"CR-Ab","Model B","Temperature",24.8554809379434,0.0217713287628322,0.0982534292974613
"CR-Ab","Model B","Temperature",24.9365004850775,0.0221199560330011,0.099826774921601
"CR-Ab","Model B","Temperature",25.0175200322115,0.0224583653423772,0.101354007159679
"CR-Ab","Model B","Temperature",25.0985395793456,0.0227853997981856,0.102829904985284
"CR-Ab","Model B","Temperature",25.1795591264796,0.0230999008944088,0.104249240091486
"CR-Ab","Model B","Temperature",25.2605786736137,0.0233944843806174,0.105578687551937
"CR-Ab","Model B","Temperature",25.3415982207477,0.0236712778763047,0.106827849256984
"CR-Ab","Model B","Temperature",25.4226177678818,0.0239301940442231,0.107996331055943
"CR-Ab","Model B","Temperature",25.5036373150159,0.0241700996652371,0.109079018760913
"CR-Ab","Model B","Temperature",25.5846568621499,0.0243837539596007,0.110043234924934
"CR-Ab","Model B","Temperature",25.665676409284,0.0245707897104684,0.110887322308124
"CR-Ab","Model B","Temperature",25.746695956418,0.0247338812036594,0.111623349891457
"CR-Ab","Model B","Temperature",25.8277155035521,0.024872053067016,0.112246915846255
"CR-Ab","Model B","Temperature",25.9087350506861,0.0249797627499937,0.112733006788906
"CR-Ab","Model B","Temperature",25.9897545978202,0.0250519768952233,0.113058907311097
"CR-Ab","Model B","Temperature",26.0707741449542,0.0250953798871137,0.113254783862384
"CR-Ab","Model B","Temperature",26.1517936920883,0.0251093070944521,0.113317636979731
"CR-Ab","Model B","Temperature",26.2328132392224,0.0250912339186204,0.113236073216531
"CR-Ab","Model B","Temperature",26.3138327863564,0.0250300588534489,0.112959991769869
"CR-Ab","Model B","Temperature",26.3948523334905,0.0249372095917203,0.112540965514194
"CR-Ab","Model B","Temperature",26.4758718806245,0.0248124709341187,0.111978023260699
"CR-Ab","Model B","Temperature",26.5568914277586,0.0246556576795253,0.111270329201648
"CR-Ab","Model B","Temperature",26.6379109748926,0.0244537468964113,0.11035911119244
"CR-Ab","Model B","Temperature",26.7189305220267,0.0242185296244108,0.109297581882227
"CR-Ab","Model B","Temperature",26.7999500691607,0.0239517465952255,0.10809359714701
"CR-Ab","Model B","Temperature",26.8809696162948,0.0236537486430384,0.106748740292155
"CR-Ab","Model B","Temperature",26.9619891634289,0.0233161686691822,0.105225250823283
"CR-Ab","Model B","Temperature",27.0430087105629,0.0229449034626117,0.103549740792556
"CR-Ab","Model B","Temperature",27.124028257697,0.022545346310618,0.10174654996248
"CR-Ab","Model B","Temperature",27.205047804831,0.0221183735274547,0.0998196331160408
"CR-Ab","Model B","Temperature",27.2860673519651,0.0216602192820492,0.0977519951574824
"CR-Ab","Model B","Temperature",27.3670868990991,0.021171809545976,0.0955478149719634
"CR-Ab","Model B","Temperature",27.4481064462332,0.0206610581053636,0.0932428072663949
"CR-Ab","Model B","Temperature",27.5291259933672,0.0201292609675558,0.0908428208875485
"CR-Ab","Model B","Temperature",27.6101455405013,0.0195762327013456,0.0883470189893041
"CR-Ab","Model B","Temperature",27.6911650876353,0.0190002181989172,0.0857474808166371
"CR-Ab","Model B","Temperature",27.7721846347694,0.0184097484999639,0.0830827067254276
"CR-Ab","Model B","Temperature",27.8532041819035,0.0178063575901712,0.0803596195523902
"CR-Ab","Model B","Temperature",27.9342237290375,0.0171915879510684,0.0775851804757577
"CR-Ab","Model B","Temperature",28.0152432761716,0.0165645260834341,0.0747552668977714
"CR-Ab","Model B","Temperature",28.0962628233056,0.015931634018041,0.0718990417919256
"CR-Ab","Model B","Temperature",28.1772823704397,0.0152946019616581,0.0690241330165417
"CR-Ab","Model B","Temperature",28.2583019175737,0.0146549764534514,0.0661375200618592
"CR-Ab","Model B","Temperature",28.3393214647078,0.0140151139807653,0.0632498376927662
"CR-Ab","Model B","Temperature",28.4203410118418,0.0133780129471466,0.0603746176249463
"CR-Ab","Model B","Temperature",28.5013605589759,0.0127450638696841,0.0575181352251436
"CR-Ab","Model B","Temperature",28.58238010611,0.0121176152570755,0.0546864762773455
"CR-Ab","Model B","Temperature",28.663399653244,0.0114991089370558,0.0518951736588375
"CR-Ab","Model B","Temperature",28.7444192003781,0.0108922125757551,0.0491562664761143
"CR-Ab","Model B","Temperature",28.8254387475121,0.0102963082243031,0.0464669659423138
"CR-Ab","Model B","Temperature",28.9064582946462,0.00971240065947505,0.0438318065883733
"CR-Ab","Model B","Temperature",28.9874778417802,0.00914319298347125,0.0412629874428332
"CR-Ab","Model B","Temperature",29.0684973889143,0.0085934780113142,0.0387821383527769
"CR-Ab","Model B","Temperature",29.1495169360483,0.00805953018935433,0.0363724459933914
"CR-Ab","Model B","Temperature",29.2305364831824,0.00754194265299854,0.034036587169037
"CR-Ab","Model B","Temperature",29.3115560303165,0.00704150696502087,0.0317781341815197
"CR-Ab","Model B","Temperature",29.3925755774505,0.00656650849274286,0.0296344786738207
"CR-Ab","Model B","Temperature",29.4735951245846,0.00610978884345455,0.0275733150094918
"CR-Ab","Model B","Temperature",29.5546146717186,0.00567153937488644,0.0255955067808954
"CR-Ab","Model B","Temperature",29.6356342188527,0.005251929792183,0.0237018198628477
"CR-Ab","Model B","Temperature",29.7166537659867,0.00485775281976987,0.0219229096405282
"CR-Ab","Model B","Temperature",29.7976733131208,0.00448401126952331,0.0202362239364675
"CR-Ab","Model B","Temperature",29.8786928602548,0.00412883497317871,0.0186333227308873
"CR-Ab","Model B","Temperature",29.9597124073889,0.00379206918974593,0.0171135076818028
"CR-Ab","Model B","Temperature",30.0407319545229,0.00347794748866689,0.0156958847758249
"CR-Ab","Model B","Temperature",30.121751501657,0.00318488466381217,0.0143733000197334
"CR-Ab","Model B","Temperature",30.2027710487911,0.00290894525671692,0.013127992793851
"CR-Ab","Model B","Temperature",30.2837905959251,0.00264975439667349,0.0119582713166161
"CR-Ab","Model B","Temperature",30.3648101430592,0.00240917733498661,0.0108725534176978
"CR-Ab","Model B","Temperature",30.4458296901932,0.00218871042349923,0.00987759209327761
"CR-Ab","Model B","Temperature",30.5268492373273,0.00198296302379114,0.00894905953513321
"CR-Ab","Model B","Temperature",30.6078687844613,0.001791447871055,0.00808475673011209
"CR-Ab","Model B","Temperature",30.6888883315954,0.00161419766982695,0.00728483127291849
"CR-Ab","Model B","Temperature",30.7699078787294,0.00145493308763551,0.00656607443743072
"CR-Ab","Model B","Temperature",30.8509274258635,0.00130756886847644,0.00590102362469211
"CR-Ab","Model B","Temperature",30.9319469729976,0.00117159646621579,0.00528738377948752
"CR-Ab","Model B","Temperature",31.0129665201316,0.00104650848791072,0.00472286505092275
"CR-Ab","Model B","Temperature",31.0939860672657,0.000935310494497255,0.00422103145578998
"CR-Ab","Model B","Temperature",31.1750056143997,0.000833853600140778,0.00376315918235244
"CR-Ab","Model B","Temperature",31.2560251615338,0.000741032060718038,0.00334425803670792
"CR-Ab","Model B","Temperature",31.3370447086678,0.000656384563608698,0.00296224612723558
"CR-Ab","Model B","Temperature",31.4180642558019,0.000581332961145243,0.0026235402358022
"CR-Ab","Model B","Temperature",31.4990838029359,0.000514155546686867,0.00232037034600014
"CR-Ab","Model B","Temperature",31.58010335007,0.00045320004659051,0.00204527979069911
"CR-Ab","Model B","Temperature",31.6611228972041,0.000398084250999814,0.00179654366695416
"CR-Ab","Model B","Temperature",31.7421424443381,0.000349256786797016,0.00157618661598655
"CR-Ab","Model B","Temperature",31.8231619914722,0.000306463601125752,0.00138306210399339
"CR-Ab","Model B","Temperature",31.9041815386062,0.000267942447384034,0.0012092171587974
"CR-Ab","Model B","Temperature",31.9852010857403,0.000233399891477419,0.00105332752011268
"CR-Ab","Model B","Temperature",32.0662206328743,0.000202769537803931,0.000915093546348418
"CR-Ab","Model B","Temperature",32.1472401800084,0.000176537147561723,0.000796707464908765
"CR-Ab","Model B","Temperature",32.2282597271424,0.000153105003654669,0.000690958820912806
"CR-Ab","Model B","Temperature",32.3092792742765,0.000132262360413998,0.000596896524746685
"CR-Ab","Model B","Temperature",32.3902988214106,0.000113803013589337,0.000513589982097325
"CR-Ab","Model B","Temperature",32.4713183685446,9.82539728359189e-05,0.00044341757356168
"CR-Ab","Model B","Temperature",32.5523379156787,8.45322436077585e-05,0.000381491773476404
"CR-Ab","Model B","Temperature",32.6333574628127,7.2422618855082e-05,0.000326841358133491
"CR-Ab","Model B","Temperature",32.7143770099468,6.17859876853314e-05,0.000278838523764262
"CR-Ab","Model B","Temperature",32.7953965570808,5.28194990670236e-05,0.000238372998434939
"CR-Ab","Model B","Temperature",32.8764161042149,4.50836937395934e-05,0.000203461514157729
"CR-Ab","Model B","Temperature",32.9574356513489,3.83087067123489e-05,0.000172886177386874
"CR-Ab","Model B","Temperature",33.038455198483,3.24057519939384e-05,0.000146246299298146
"CR-Ab","Model B","Temperature",33.119474745617,2.74176640688998e-05,0.000123735190784228
"CR-Ab","Model B","Temperature",33.2004942927511,2.32193048182776e-05,0.000104788106833129
"CR-Ab","Model B","Wet Days",0,0.00020112862597077,0.0104387226946713
"CR-Ab","Model B","Wet Days",0.610567514677104,0.000208305856130308,0.0108112261858558
"CR-Ab","Model B","Wet Days",1.22113502935421,0.000215365262950079,0.0111776145595882
"CR-Ab","Model B","Wet Days",1.83170254403131,0.000222319522808511,0.0115385457291742
"CR-Ab","Model B","Wet Days",2.44227005870841,0.000229157940246273,0.0118934645924571
"CR-Ab","Model B","Wet Days",3.05283757338552,0.000235813627337914,0.012238899617217
"CR-Ab","Model B","Wet Days",3.66340508806262,0.000242271761088152,0.0125740814791646
"CR-Ab","Model B","Wet Days",4.27397260273973,0.000248556624876937,0.0129002705034681
"CR-Ab","Model B","Wet Days",4.88454011741683,0.000254659559320768,0.0132170172617946
"CR-Ab","Model B","Wet Days",5.49510763209393,0.000260456895351509,0.013517903239117
"CR-Ab","Model B","Wet Days",6.10567514677104,0.000266026967957851,0.0138069940786042
"CR-Ab","Model B","Wet Days",6.71624266144814,0.000271377252557127,0.0140846777598795
"CR-Ab","Model B","Wet Days",7.32681017612524,0.000276474177942178,0.0143492119127539
"CR-Ab","Model B","Wet Days",7.93737769080235,0.000281230441989068,0.0145960654931853
"CR-Ab","Model B","Wet Days",8.54794520547945,0.000285753588306812,0.014830820093086
"CR-Ab","Model B","Wet Days",9.15851272015655,0.000290044731493226,0.0150535335608975
"CR-Ab","Model B","Wet Days",9.76908023483366,0.000294037357507785,0.0152607537693007
"CR-Ab","Model B","Wet Days",10.3796477495108,0.000297749046495574,0.015453393140675
"CR-Ab","Model B","Wet Days",10.9902152641879,0.000301254082000251,0.0156353070452309
"CR-Ab","Model B","Wet Days",11.600782778865,0.000304560065816875,0.0158068900216881
"CR-Ab","Model B","Wet Days",12.2113502935421,0.00030760157489381,0.0159647465658483
"CR-Ab","Model B","Wet Days",12.8219178082192,0.000310480085656539,0.0161141433783644
"CR-Ab","Model B","Wet Days",13.4324853228963,0.000313230289439211,0.0162568809648346
"CR-Ab","Model B","Wet Days",14.0430528375734,0.000315861910359719,0.0163934640140853
"CR-Ab","Model B","Wet Days",14.6536203522505,0.000318394112644716,0.0165248871634869
"CR-Ab","Model B","Wet Days",15.2641878669276,0.000320908097178748,0.0166553647982979
"CR-Ab","Model B","Wet Days",15.8747553816047,0.000323427155096534,0.0167861057454339
"CR-Ab","Model B","Wet Days",16.4853228962818,0.000326001506147609,0.0169197164466019
"CR-Ab","Model B","Wet Days",17.0958904109589,0.000328720642508741,0.0170608416111868
"CR-Ab","Model B","Wet Days",17.706457925636,0.000331601045718115,0.0172103366430668
"CR-Ab","Model B","Wet Days",18.3170254403131,0.000334672604576966,0.0173697527928722
"CR-Ab","Model B","Wet Days",18.9275929549902,0.000338113263613204,0.0175483255116627
"CR-Ab","Model B","Wet Days",19.5381604696673,0.000341943037942688,0.0177470935985807
"CR-Ab","Model B","Wet Days",20.1487279843444,0.000346159402333015,0.0179659259922188
"CR-Ab","Model B","Wet Days",20.7592954990215,0.000350813602355619,0.0182074823751901
"CR-Ab","Model B","Wet Days",21.3698630136986,0.000356271148982047,0.0184907330340734
"CR-Ab","Model B","Wet Days",21.9804305283757,0.000362334302126516,0.0188054151138866
"CR-Ab","Model B","Wet Days",22.5909980430528,0.000369042159575651,0.0191535578183322
"CR-Ab","Model B","Wet Days",23.2015655577299,0.000376604023583084,0.0195460240873549
"CR-Ab","Model B","Wet Days",23.812133072407,0.000385270169428093,0.0199958033908777
"CR-Ab","Model B","Wet Days",24.4227005870841,0.000394814275632562,0.0204911494787659
"CR-Ab","Model B","Wet Days",25.0332681017613,0.000405276057411453,0.0210341235997042
"CR-Ab","Model B","Wet Days",25.6438356164384,0.000417125729020306,0.0216491302172391
"CR-Ab","Model B","Wet Days",26.2544031311155,0.000430279949271614,0.0223318438628242
"CR-Ab","Model B","Wet Days",26.8649706457926,0.000444580231448833,0.0230740389600315
"CR-Ab","Model B","Wet Days",27.4755381604697,0.000460064179724569,0.0238776671929044
"CR-Ab","Model B","Wet Days",28.0861056751468,0.000477550237847222,0.0247852063901931
"CR-Ab","Model B","Wet Days",28.6966731898239,0.000496409593686037,0.0257640207427066
"CR-Ab","Model B","Wet Days",29.307240704501,0.000516654600067836,0.0268147513711859
"CR-Ab","Model B","Wet Days",29.9178082191781,0.000538567812169012,0.027952063095808
"CR-Ab","Model B","Wet Days",30.5283757338552,0.000562615164268357,0.0292001382461979
"CR-Ab","Model B","Wet Days",31.1389432485323,0.000588211462117474,0.0305286048131399
"CR-Ab","Model B","Wet Days",31.7495107632094,0.000615379023834189,0.0319386211232616
"CR-Ab","Model B","Wet Days",32.3600782778865,0.000644717051055297,0.0334612861794748
"CR-Ab","Model B","Wet Days",32.9706457925636,0.000676104112732478,0.0350902976216166
"CR-Ab","Model B","Wet Days",33.5812133072407,0.000709158674175114,0.0368058535203766
"CR-Ab","Model B","Wet Days",34.1917808219178,0.000743891382162186,0.0386085064513658
"CR-Ab","Model B","Wet Days",34.8023483365949,0.000781213653832529,0.040545559630253
"CR-Ab","Model B","Wet Days",35.412915851272,0.000820332709699484,0.0425758672222307
"CR-Ab","Model B","Wet Days",36.0234833659491,0.000861139743257369,0.0446937820901263
"CR-Ab","Model B","Wet Days",36.6340508806262,0.000903831356749344,0.0469095080340582
"CR-Ab","Model B","Wet Days",37.2446183953033,0.000948953555159792,0.0492513831117961
"CR-Ab","Model B","Wet Days",37.8551859099804,0.000995691582482147,0.0516771208910864
"CR-Ab","Model B","Wet Days",38.4657534246575,0.00104402335275756,0.0541855750945217
"CR-Ab","Model B","Wet Days",39.0763209393346,0.00109437681726984,0.0567989567065259
"CR-Ab","Model B","Wet Days",39.6868884540117,0.001146633890778,0.0595111370167819
"CR-Ab","Model B","Wet Days",40.2974559686888,0.0012003059223112,0.0622967546827431
"CR-Ab","Model B","Wet Days",40.9080234833659,0.00125535445977179,0.0651538140124375
"CR-Ab","Model B","Wet Days",41.5185909980431,0.00131230641312802,0.0681096620183394
"CR-Ab","Model B","Wet Days",42.1291585127202,0.00137054442747217,0.0711322575295084
"CR-Ab","Model B","Wet Days",42.7397260273973,0.0014298753802647,0.0742115773449878
"CR-Ab","Model B","Wet Days",43.3502935420744,0.00149031141148839,0.077348251538756
"CR-Ab","Model B","Wet Days",43.9608610567515,0.0015520818848255,0.0805541842535668
"CR-Ab","Model B","Wet Days",44.5714285714286,0.00161458521189942,0.0837981526129679
"CR-Ab","Model B","Wet Days",45.1819960861057,0.00167775257290935,0.0870765848189968
"CR-Ab","Model B","Wet Days",45.7925636007828,0.0017416120647754,0.0903909391223428
"CR-Ab","Model B","Wet Days",46.4031311154599,0.00180596724890973,0.0937310202167188
"CR-Ab","Model B","Wet Days",47.013698630137,0.00187055544405828,0.0970831947530427
"CR-Ab","Model B","Wet Days",47.6242661448141,0.0019352995739159,0.100443462414741
"CR-Ab","Model B","Wet Days",48.2348336594912,0.00200003431913654,0.103803243006922
"CR-Ab","Model B","Wet Days",48.8454011741683,0.00206453703326147,0.107150981015641
"CR-Ab","Model B","Wet Days",49.4559686888454,0.00212872849880438,0.110482564995459
"CR-Ab","Model B","Wet Days",50.0665362035225,0.00219251131463363,0.113792939756451
"CR-Ab","Model B","Wet Days",50.6771037181996,0.00225537078023978,0.11705539196598
"CR-Ab","Model B","Wet Days",51.2876712328767,0.00231745416576308,0.120277565051965
"CR-Ab","Model B","Wet Days",51.8982387475538,0.00237868598410638,0.123455541178889
"CR-Ab","Model B","Wet Days",52.5088062622309,0.00243874847904949,0.126572828566675
"CR-Ab","Model B","Wet Days",53.119373776908,0.00249723651271364,0.129608400263293
"CR-Ab","Model B","Wet Days",53.7299412915851,0.00255445405871283,0.132578032721489
"CR-Ab","Model B","Wet Days",54.3405088062622,0.00261033661616087,0.135478378298124
"CR-Ab","Model B","Wet Days",54.9510763209393,0.00266419189031646,0.138273506390121
"CR-Ab","Model B","Wet Days",55.5616438356164,0.00271614073712629,0.140969689509449
"CR-Ab","Model B","Wet Days",56.1722113502935,0.00276642721246043,0.143579594334144
"CR-Ab","Model B","Wet Days",56.7827788649706,0.00281500353417162,0.146100740935841
"CR-Ab","Model B","Wet Days",57.3933463796477,0.00286073571384073,0.148474274486745
"CR-Ab","Model B","Wet Days",58.0039138943249,0.00290455249827298,0.150748397624875
"CR-Ab","Model B","Wet Days",58.614481409002,0.00294646174561682,0.15292351819388
"CR-Ab","Model B","Wet Days",59.2250489236791,0.00298611178177564,0.154981384051104
"CR-Ab","Model B","Wet Days",59.8356164383562,0.00302295123834058,0.156893378773127
"CR-Ab","Model B","Wet Days",60.4461839530333,0.00305781262648963,0.158702710298576
"CR-Ab","Model B","Wet Days",61.0567514677104,0.00309069848348403,0.160409510313165
"CR-Ab","Model B","Wet Days",61.6673189823875,0.00312094016799063,0.161979075842987
"CR-Ab","Model B","Wet Days",62.2778864970646,0.00314878883709077,0.163424442124136
"CR-Ab","Model B","Wet Days",62.8884540117417,0.00317475583054317,0.164772148063833
"CR-Ab","Model B","Wet Days",63.4990215264188,0.00319886872959534,0.166023625148984
"CR-Ab","Model B","Wet Days",64.1095890410959,0.00322027261305733,0.167134502344959
"CR-Ab","Model B","Wet Days",64.720156555773,0.00323990910785451,0.16815365077743
"CR-Ab","Model B","Wet Days",65.3307240704501,0.00325794345035274,0.169089646334557
"CR-Ab","Model B","Wet Days",65.9412915851272,0.00327426154683797,0.169936567469189
"CR-Ab","Model B","Wet Days",66.5518590998043,0.00328854221802446,0.170677744741644
"CR-Ab","Model B","Wet Days",67.1624266144814,0.00330158502866421,0.171354676146959
"CR-Ab","Model B","Wet Days",67.7729941291585,0.00331346246694845,0.171971123875241
"CR-Ab","Model B","Wet Days",68.3835616438356,0.00332399167598323,0.172517597520043
"CR-Ab","Model B","Wet Days",68.9941291585127,0.0033334346692861,0.173007695774434
"CR-Ab","Model B","Wet Days",69.6046966731898,0.00334217883697556,0.173461524468711
"CR-Ab","Model B","Wet Days",70.2152641878669,0.00335030881231437,0.17388347613107
"CR-Ab","Model B","Wet Days",70.825831702544,0.00335780917822027,0.174272750603674
"CR-Ab","Model B","Wet Days",71.4363992172211,0.00336507989221907,0.174650105974444
"CR-Ab","Model B","Wet Days",72.0469667318982,0.00337225711108578,0.175022608879522
"CR-Ab","Model B","Wet Days",72.6575342465753,0.00337944775010895,0.17539580830053
"CR-Ab","Model B","Wet Days",73.2681017612524,0.00338698984208186,0.175787248386509
"CR-Ab","Model B","Wet Days",73.8786692759295,0.00339496340955647,0.176201082366396
"CR-Ab","Model B","Wet Days",74.4892367906067,0.00340345464674655,0.176641783782886
"CR-Ab","Model B","Wet Days",75.0998043052838,0.00341277018308825,0.177125266927833
"CR-Ab","Model B","Wet Days",75.7103718199609,0.00342323140688451,0.177668212089065
"CR-Ab","Model B","Wet Days",76.320939334638,0.0034346914529098,0.178262996854032
"CR-Ab","Model B","Wet Days",76.9315068493151,0.00344722576269098,0.178913536693119
"CR-Ab","Model B","Wet Days",77.5420743639922,0.00346151707210744,0.179655266097484
"CR-Ab","Model B","Wet Days",78.1526418786693,0.00347740483560702,0.180479852635627
"CR-Ab","Model B","Wet Days",78.7632093933464,0.00349475596655695,0.181380389014032
"CR-Ab","Model B","Wet Days",79.3737769080235,0.00351367448134219,0.182362273759105
"CR-Ab","Model B","Wet Days",79.9843444227006,0.00353517032530011,0.183477923772033
"CR-Ab","Model B","Wet Days",80.5949119373777,0.00355841408366941,0.18468429182048
"CR-Ab","Model B","Wet Days",81.2054794520548,0.00358343917634118,0.185983112421219
"CR-Ab","Model B","Wet Days",81.8160469667319,0.00361067800454439,0.187396827514079
"CR-Ab","Model B","Wet Days",82.426614481409,0.00364052599125009,0.188945959840276
"CR-Ab","Model B","Wet Days",83.0371819960861,0.00367228920232912,0.190594493711305
"CR-Ab","Model B","Wet Days",83.6477495107632,0.00370597684506376,0.192342906991845
"CR-Ab","Model B","Wet Days",84.2583170254403,0.0037423524975286,0.194230829942074
"CR-Ab","Model B","Wet Days",84.8688845401174,0.00378103204150644,0.196238326545763
"CR-Ab","Model B","Wet Days",85.4794520547945,0.00382160936011122,0.198344319039692
"CR-Ab","Model B","Wet Days",86.0900195694716,0.00386406927213458,0.20054801950805
"CR-Ab","Model B","Wet Days",86.7005870841487,0.00390939916849488,0.202900674261193
"CR-Ab","Model B","Wet Days",87.3111545988258,0.00395650673027713,0.205345591149049
"CR-Ab","Model B","Wet Days",87.9217221135029,0.00400531713214178,0.207878886681802
"CR-Ab","Model B","Wet Days",88.53228962818,0.00405604190582097,0.210511539510962
"CR-Ab","Model B","Wet Days",89.1428571428571,0.00410894752511617,0.213257379821593
"CR-Ab","Model B","Wet Days",89.7534246575342,0.00416326806914864,0.216076655760271
"CR-Ab","Model B","Wet Days",90.3639921722113,0.00421894486827943,0.21896632232985
"CR-Ab","Model B","Wet Days",90.9745596868885,0.00427629439397984,0.221942804631005
"CR-Ab","Model B","Wet Days",91.5851272015656,0.00433499253130424,0.224989280861157
"CR-Ab","Model B","Wet Days",92.1956947162427,0.00439466091299938,0.228086113483311
"CR-Ab","Model B","Wet Days",92.8062622309198,0.0044552290268506,0.231229642861989
"CR-Ab","Model B","Wet Days",93.4168297455969,0.00451691571520517,0.234431227074967
"CR-Ab","Model B","Wet Days",94.027397260274,0.00457918741292395,0.237663173701536
"CR-Ab","Model B","Wet Days",94.6379647749511,0.00464192115143149,0.240919100582752
"CR-Ab","Model B","Wet Days",95.2485322896282,0.00470506227278403,0.244196170931383
"CR-Ab","Model B","Wet Days",95.8590998043053,0.00476846890625745,0.247487021553154
"CR-Ab","Model B","Wet Days",96.4696673189824,0.0048318958642195,0.250778927030739
"CR-Ab","Model B","Wet Days",97.0802348336595,0.00489527072119546,0.254068128429065
"CR-Ab","Model B","Wet Days",97.6908023483366,0.00495841659006633,0.257345445177368
"CR-Ab","Model B","Wet Days",98.3013698630137,0.00502111874989236,0.260599733101932
"CR-Ab","Model B","Wet Days",98.9119373776908,0.00508336747605183,0.263830487487783
"CR-Ab","Model B","Wet Days",99.5225048923679,0.00514509994228768,0.267034447606259
"CR-Ab","Model B","Wet Days",100.133072407045,0.00520587755168926,0.270188849957122
"CR-Ab","Model B","Wet Days",100.743639921722,0.00526579434921344,0.273298575542374
"CR-Ab","Model B","Wet Days",101.354207436399,0.00532487601703376,0.27636495728559
"CR-Ab","Model B","Wet Days",101.964774951076,0.00538300360786141,0.279381821735543
"CR-Ab","Model B","Wet Days",102.575342465753,0.00543962886719109,0.282320714082684
"CR-Ab","Model B","Wet Days",103.185909980431,0.00549519018107793,0.285204386883693
"CR-Ab","Model B","Wet Days",103.796477495108,0.00554966051075631,0.288031436806873
"CR-Ab","Model B","Wet Days",104.407045009785,0.00560271143706265,0.290784818657589
"CR-Ab","Model B","Wet Days",105.017612524462,0.00565418732865755,0.293456455055573
"CR-Ab","Model B","Wet Days",105.628180039139,0.00570446582499489,0.296065945764503
"CR-Ab","Model B","Wet Days",106.238747553816,0.00575353874087307,0.298612865966433
"CR-Ab","Model B","Wet Days",106.849315068493,0.00580087086132587,0.301069437613421
"CR-Ab","Model B","Wet Days",107.45988258317,0.00584680943563267,0.303453683196876
"CR-Ab","Model B","Wet Days",108.070450097847,0.00589155596511558,0.305776060782695
"CR-Ab","Model B","Wet Days",108.681017612524,0.0059350904856392,0.308035534217658
"CR-Ab","Model B","Wet Days",109.291585127202,0.00597683563107402,0.310202137777641
"CR-Ab","Model B","Wet Days",109.902152641879,0.00601748809659218,0.3123120304513
"CR-Ab","Model B","Wet Days",110.512720156556,0.00605707365835618,0.314366550040308
"CR-Ab","Model B","Wet Days",111.123287671233,0.00609541860080781,0.316356680580223
"CR-Ab","Model B","Wet Days",111.73385518591,0.00613244415536046,0.318278333923829
"CR-Ab","Model B","Wet Days",112.344422700587,0.00616858151452217,0.320153889277454
"CR-Ab","Model B","Wet Days",112.954990215264,0.00620386583970099,0.321985171543878
"CR-Ab","Model B","Wet Days",113.565557729941,0.00623806446805184,0.323760105351383
"CR-Ab","Model B","Wet Days",114.176125244618,0.00627143731842758,0.325492180678412
"CR-Ab","Model B","Wet Days",114.786692759295,0.0063041831017082,0.327191710764874
"CR-Ab","Model B","Wet Days",115.397260273973,0.00633634203639686,0.328860782980481
"CR-Ab","Model B","Wet Days",116.00782778865,0.00636773354799589,0.330490025376819
"CR-Ab","Model B","Wet Days",116.618395303327,0.00639872952644128,0.332098739313385
"CR-Ab","Model B","Wet Days",117.228962818004,0.00642938090895372,0.333689568469161
"CR-Ab","Model B","Wet Days",117.839530332681,0.00645969857542318,0.335263077518391
"CR-Ab","Model B","Wet Days",118.450097847358,0.00648974658900111,0.33682259138546
"CR-Ab","Model B","Wet Days",119.060665362035,0.00651968654038348,0.338376496745594
"CR-Ab","Model B","Wet Days",119.671232876712,0.00654955692050719,0.339926791306554
"CR-Ab","Model B","Wet Days",120.281800391389,0.00657942756878691,0.341477099785007
"CR-Ab","Model B","Wet Days",120.892367906067,0.00660940927766253,0.343033172389562
"CR-Ab","Model B","Wet Days",121.502935420744,0.00663953545464913,0.344596742994671
"CR-Ab","Model B","Wet Days",122.113502935421,0.00666984033267996,0.346169588314589
"CR-Ab","Model B","Wet Days",122.724070450098,0.00670053120314865,0.347762466924157
"CR-Ab","Model B","Wet Days",123.334637964775,0.00673157172227139,0.349373492554432
"CR-Ab","Model B","Wet Days",123.945205479452,0.00676297337808237,0.351003261442785
"CR-Ab","Model B","Wet Days",124.555772994129,0.00679481875158041,0.352656059603414
"CR-Ab","Model B","Wet Days",125.166340508806,0.00682734633278848,0.354344264842825
"CR-Ab","Model B","Wet Days",125.776908023483,0.00686038897743364,0.356059202251086
"CR-Ab","Model B","Wet Days",126.38747553816,0.00689396950021471,0.357802055927741
"CR-Ab","Model B","Wet Days",126.998043052838,0.00692829750456706,0.359583704444286
"CR-Ab","Model B","Wet Days",127.608610567515,0.00696343423241701,0.361407326301461
"CR-Ab","Model B","Wet Days",128.219178082192,0.00699922665062479,0.363264978967457
"CR-Ab","Model B","Wet Days",128.829745596869,0.00703569188485047,0.365157551276549
"CR-Ab","Model B","Wet Days",129.440313111546,0.00707320158477445,0.367104332118793
"CR-Ab","Model B","Wet Days",130.050880626223,0.00711153166736096,0.369093691420848
"CR-Ab","Model B","Wet Days",130.6614481409,0.00715061250251204,0.371122015329735
"CR-Ab","Model B","Wet Days",131.272015655577,0.00719050916415314,0.373192681229751
"CR-Ab","Model B","Wet Days",131.882583170254,0.0072315928084348,0.375324952396388
"CR-Ab","Model B","Wet Days",132.493150684931,0.00727346579613818,0.37749819106355
"CR-Ab","Model B","Wet Days",133.103718199609,0.00731612910416564,0.379712447933185
"CR-Ab","Model B","Wet Days",133.714285714286,0.00735978211286341,0.381978070990991
"CR-Ab","Model B","Wet Days",134.324853228963,0.00740448267623463,0.384298062902016
"CR-Ab","Model B","Wet Days",134.93542074364,0.00744995064390997,0.386657883657328
"CR-Ab","Model B","Wet Days",135.545988258317,0.007496176147038,0.389057021056323
"CR-Ab","Model B","Wet Days",136.156555772994,0.00754344936628144,0.391510535687495
"CR-Ab","Model B","Wet Days",136.767123287671,0.00759151797282954,0.394005331501134
"CR-Ab","Model B","Wet Days",137.377690802348,0.00764024066804907,0.3965340749949
"CR-Ab","Model B","Wet Days",137.988258317025,0.00768960733220752,0.399096240947279
"CR-Ab","Model B","Wet Days",138.598825831703,0.00773984562027541,0.401703644817635
"CR-Ab","Model B","Wet Days",139.20939334638,0.00779055394707187,0.40433544404156
"CR-Ab","Model B","Wet Days",139.819960861057,0.00784168993464057,0.406989439172146
"CR-Ab","Model B","Wet Days",140.430528375734,0.00789326402030663,0.409666171914195
"CR-Ab","Model B","Wet Days",141.041095890411,0.00794517371282331,0.412360322897089
"CR-Ab","Model B","Wet Days",141.651663405088,0.00799721600752389,0.415061356030248
"CR-Ab","Model B","Wet Days",142.262230919765,0.008049331017537,0.417766163141275
"CR-Ab","Model B","Wet Days",142.872798434442,0.00810137592173241,0.420467331709122
"CR-Ab","Model B","Wet Days",143.483365949119,0.00815315396007241,0.423154649744019
"CR-Ab","Model B","Wet Days",144.093933463796,0.00820459578284307,0.425824517945125
"CR-Ab","Model B","Wet Days",144.704500978474,0.00825562461666763,0.42847295171807
"CR-Ab","Model B","Wet Days",145.315068493151,0.00830569645028785,0.431071716480929
"CR-Ab","Model B","Wet Days",145.925636007828,0.0083549253758137,0.433626733697602
"CR-Ab","Model B","Wet Days",146.536203522505,0.00840323201033913,0.436133883337241
"CR-Ab","Model B","Wet Days",147.146771037182,0.00845031991367272,0.438577779937242
"CR-Ab","Model B","Wet Days",147.757338551859,0.00849556630416769,0.44092610067494
"CR-Ab","Model B","Wet Days",148.367906066536,0.00853932191559901,0.44319704888961
"CR-Ab","Model B","Wet Days",148.978473581213,0.0085814862429969,0.44538540829986
"CR-Ab","Model B","Wet Days",149.58904109589,0.00862126719160842,0.447450068609065
"CR-Ab","Model B","Wet Days",150.199608610568,0.008658516454,0.449383332553021
"CR-Ab","Model B","Wet Days",150.810176125245,0.0086935763620508,0.451202967406471
"CR-Ab","Model B","Wet Days",151.420743639922,0.00872634579151599,0.452903724747196
"CR-Ab","Model B","Wet Days",152.031311154599,0.00875528132429167,0.454405500047505
"CR-Ab","Model B","Wet Days",152.641878669276,0.00878127650412148,0.455754668880791
"CR-Ab","Model B","Wet Days",153.252446183953,0.00880441080898459,0.456955356212266
"CR-Ab","Model B","Wet Days",153.86301369863,0.0088242275901464,0.457983861638834
"CR-Ab","Model B","Wet Days",154.473581213307,0.00883933231744549,0.458767808025843
"CR-Ab","Model B","Wet Days",155.084148727984,0.00885107435694782,0.45937722845838
"CR-Ab","Model B","Wet Days",155.694716242661,0.0088593798207189,0.45980828809864
"CR-Ab","Model B","Wet Days",156.305283757339,0.00886307363963053,0.46
"CR-Ab","Model B","Wet Days",156.915851272016,0.00886195755699396,0.459942074495407
"CR-Ab","Model B","Wet Days",157.526418786693,0.00885703777129871,0.459686734021906
"CR-Ab","Model B","Wet Days",158.13698630137,0.00884826460958603,0.459231400516632
"CR-Ab","Model B","Wet Days",158.747553816047,0.00883366564919521,0.458473703801832
"CR-Ab","Model B","Wet Days",159.358121330724,0.00881459070492904,0.457483700252364
"CR-Ab","Model B","Wet Days",159.968688845401,0.00879147304769252,0.456283876944877
"CR-Ab","Model B","Wet Days",160.579256360078,0.00876401490597484,0.454858779320318
"CR-Ab","Model B","Wet Days",161.189823874755,0.00873034231014903,0.453111146985344
"CR-Ab","Model B","Wet Days",161.800391389432,0.0086926020547337,0.451152400144583
"CR-Ab","Model B","Wet Days",162.41095890411,0.00865080998063264,0.448983360952522
"CR-Ab","Model B","Wet Days",163.021526418787,0.0086039908900231,0.446553415929377
"CR-Ab","Model B","Wet Days",163.632093933464,0.00855187351541874,0.443848486094335
"CR-Ab","Model B","Wet Days",164.242661448141,0.00849588186087916,0.440942478298909
"CR-Ab","Model B","Wet Days",164.853228962818,0.00843606160481399,0.437837763285943
"CR-Ab","Model B","Wet Days",165.463796477495,0.00837091584606656,0.434456650791309
"CR-Ab","Model B","Wet Days",166.074363992172,0.00830163287651814,0.430860814032177
"CR-Ab","Model B","Wet Days",166.684931506849,0.00822888257393666,0.427085020154324
"CR-Ab","Model B","Wet Days",167.295499021526,0.00815266632728799,0.423129341246093
"CR-Ab","Model B","Wet Days",167.906066536204,0.00807143971757441,0.418913620832671
"CR-Ab","Model B","Wet Days",168.516634050881,0.00798723053995393,0.414543102964895
"CR-Ab","Model B","Wet Days",169.127201565558,0.00790013329459091,0.410022692270366
"CR-Ab","Model B","Wet Days",169.737769080235,0.00780973072229514,0.405330732692132
"CR-Ab","Model B","Wet Days",170.348336594912,0.00771585877404159,0.400458709965891
"CR-Ab","Model B","Wet Days",170.958904109589,0.00761968892341951,0.395467424427164
"CR-Ab","Model B","Wet Days",171.569471624266,0.00752132710575705,0.390362374196912
"CR-Ab","Model B","Wet Days",172.180039138943,0.00742021769913817,0.385114722091585
"CR-Ab","Model B","Wet Days",172.79060665362,0.00731703952837807,0.379759699615248
"CR-Ab","Model B","Wet Days",173.401174168297,0.00721231061361796,0.374324192391858
"CR-Ab","Model B","Wet Days",174.011741682975,0.0071061410288129,0.368813913340136
"CR-Ab","Model B","Wet Days",174.622309197652,0.00699812428842122,0.363207765563365
"CR-Ab","Model B","Wet Days",175.232876712329,0.00688917197155326,0.357553060683653
"CR-Ab","Model B","Wet Days",175.843444227006,0.00677941816185311,0.351856757740132
"CR-Ab","Model B","Wet Days",176.454011741683,0.00666890663448133,0.346121128695631
"CR-Ab","Model B","Wet Days",177.06457925636,0.00655781785636544,0.340355539915592
"CR-Ab","Model B","Wet Days",177.675146771037,0.0064465299921136,0.334579618419584
"CR-Ab","Model B","Wet Days",178.285714285714,0.00633513916678936,0.328798353168663
"CR-Ab","Model B","Wet Days",178.896281800391,0.00622384160651613,0.323021928442058
"CR-Ab","Model B","Wet Days",179.506849315068,0.0061129035704898,0.317264163286646
"CR-Ab","Model B","Wet Days",180.117416829746,0.00600238732936919,0.311528289595135
"CR-Ab","Model B","Wet Days",180.727984344423,0.00589237514321013,0.305818576724547
"CR-Ab","Model B","Wet Days",181.3385518591,0.0057833965056263,0.300162505780444
"CR-Ab","Model B","Wet Days",181.949119373777,0.00567532946156077,0.294553747206232
"CR-Ab","Model B","Wet Days",182.559686888454,0.00556818952281658,0.288993106075829
"CR-Ab","Model B","Wet Days",183.170254403131,0.00546217113166727,0.283490674085349
"CR-Ab","Model B","Wet Days",183.780821917808,0.00535785112453115,0.278076389466518
"CR-Ab","Model B","Wet Days",184.391389432485,0.0052547888960165,0.272727384477464
"CR-Ab","Model B","Wet Days",185.001956947162,0.00515302990375189,0.267446018402334
"CR-Ab","Model B","Wet Days",185.61252446184,0.00505305367867633,0.262257179247357
"CR-Ab","Model B","Wet Days",186.223091976517,0.00495498232501873,0.257167204311261
"CR-Ab","Model B","Wet Days",186.833659491194,0.00485843204852281,0.252156174391626
"CR-Ab","Model B","Wet Days",187.444227005871,0.0047634315911673,0.247225581218154
"CR-Ab","Model B","Wet Days",188.054794520548,0.00467079499972948,0.242417674413583
"CR-Ab","Model B","Wet Days",188.665362035225,0.00457999607324558,0.237705143763286
"CR-Ab","Model B","Wet Days",189.275929549902,0.00449086096418118,0.233078966453161
"CR-Ab","Model B","Wet Days",189.886497064579,0.00440351558930165,0.228545677655365
"CR-Ab","Model B","Wet Days",190.497064579256,0.00431875875907935,0.22414673621727
"CR-Ab","Model B","Wet Days",191.107632093933,0.0042357066034323,0.219836268635593
"CR-Ab","Model B","Wet Days",191.718199608611,0.00415435862412639,0.215614249051619
"CR-Ab","Model B","Wet Days",192.328767123288,0.00407513466492176,0.211502467663368
"CR-Ab","Model B","Wet Days",192.939334637965,0.0039981807757474,0.207508504568904
"CR-Ab","Model B","Wet Days",193.549902152642,0.00392290199104467,0.203601480620867
"CR-Ab","Model B","Wet Days",194.160469667319,0.00384928900120152,0.199780912643586
"CR-Ab","Model B","Wet Days",194.771037181996,0.00377802490292023,0.196082253855193
"CR-Ab","Model B","Wet Days",195.381604696673,0.00370863160441937,0.19248069094279
"CR-Ab","Model B","Wet Days",195.99217221135,0.00364082801906036,0.188961635304384
"CR-Ab","Model B","Wet Days",196.602739726027,0.00357463013365071,0.185525916666972
"CR-Ab","Model B","Wet Days",197.213307240704,0.00351084089355033,0.182215208481611
"CR-Ab","Model B","Wet Days",197.823874755382,0.00344854355615286,0.178981931136978
"CR-Ab","Model B","Wet Days",198.434442270059,0.00338772020666192,0.175825154842045
"CR-Ab","Model B","Wet Days",199.045009784736,0.00332863622331747,0.172758652921434
"CR-Ab","Model B","Wet Days",199.655577299413,0.00327150083923208,0.169793284726617
"CR-Ab","Model B","Wet Days",200.26614481409,0.003215733386074,0.166898913146761
"CR-Ab","Model B","Wet Days",200.876712328767,0.00316131613762858,0.164074618178369
"CR-Ab","Model B","Wet Days",201.487279843444,0.00310872002243716,0.161344841356943
"CR-Ab","Model B","Wet Days",202.097847358121,0.00305766335382513,0.158694962938184
"CR-Ab","Model B","Wet Days",202.708414872798,0.00300785773573188,0.156110014955753
"CR-Ab","Model B","Wet Days",203.318982387476,0.00295928724597686,0.153589171036844
"CR-Ab","Model B","Wet Days",203.929549902153,0.00291259406917238,0.151165761032213
"CR-Ab","Model B","Wet Days",204.54011741683,0.00286709610683922,0.148804383532237
"CR-Ab","Model B","Wet Days",205.150684931507,0.00282274983686902,0.146502779707681
"CR-Ab","Model B","Wet Days",205.761252446184,0.0027797144331025,0.144269210797221
"CR-Ab","Model B","Wet Days",206.371819960861,0.00273826468169841,0.142117938403339
"CR-Ab","Model B","Wet Days",206.982387475538,0.00269789779584126,0.140022867522819
"CR-Ab","Model B","Wet Days",207.592954990215,0.00265860351730097,0.137983465746024
"CR-Ab","Model B","Wet Days",208.203522504892,0.00262071980801457,0.136017273544503
"CR-Ab","Model B","Wet Days",208.814090019569,0.00258412931146099,0.134118200029037
"CR-Ab","Model B","Wet Days",209.424657534247,0.00254855670968013,0.132271955996265
"CR-Ab","Model B","Wet Days",210.035225048924,0.0025139933574395,0.130478092752299
"CR-Ab","Model B","Wet Days",210.645792563601,0.00248093441940543,0.128762309705245
"CR-Ab","Model B","Wet Days",211.256360078278,0.0024489145634651,0.127100455778331
"CR-Ab","Model B","Wet Days",211.866927592955,0.00241785438213447,0.125488409665095
"CR-Ab","Model B","Wet Days",212.477495107632,0.00238784750766436,0.123931030947791
"CR-Ab","Model B","Wet Days",213.088062622309,0.00235921264571034,0.12244486068289
"CR-Ab","Model B","Wet Days",213.698630136986,0.00233148300840612,0.12100567223895
"CR-Ab","Model B","Wet Days",214.309197651663,0.00230464800214129,0.119612915799849
"CR-Ab","Model B","Wet Days",214.91976516634,0.00227894463337764,0.118278892174184
"CR-Ab","Model B","Wet Days",215.530332681018,0.00225434059992589,0.117001924854721
"CR-Ab","Model B","Wet Days",216.140900195695,0.00223055917678237,0.115767651611508
"CR-Ab","Model B","Wet Days",216.751467710372,0.00220758619064906,0.11457533684002
"CR-Ab","Model B","Wet Days",217.362035225049,0.00218575546022852,0.113442305974909
"CR-Ab","Model B","Wet Days",217.972602739726,0.00216474370588602,0.112351780566846
"CR-Ab","Model B","Wet Days",218.583170254403,0.00214444006989057,0.111298007018566
"CR-Ab","Model B","Wet Days",219.19373776908,0.00212486630959366,0.110282114552512
"CR-Ab","Model B","Wet Days",219.804305283757,0.00210625958941442,0.109316412175384
"CR-Ab","Model B","Wet Days",220.414872798434,0.00208823257956247,0.108380797187958
"CR-Ab","Model B","Wet Days",221.025440313112,0.002070759996979,0.107473957381003
"CR-Ab","Model B","Wet Days",221.636007827789,0.00205392711083898,0.106600318287022
"CR-Ab","Model B","Wet Days",222.246575342466,0.0020376939054931,0.10575780306457
"CR-Ab","Model B","Wet Days",222.857142857143,0.00202185222865105,0.104935608457638
"CR-Ab","Model B","Wet Days",223.46771037182,0.00200637190340288,0.104132168262544
"CR-Ab","Model B","Wet Days",224.078277886497,0.00199131638531798,0.103350775869719
"CR-Ab","Model B","Wet Days",224.688845401174,0.00197651423547168,0.102582533473667
"CR-Ab","Model B","Wet Days",225.299412915851,0.00196188264998358,0.101823143492472
"CR-Ab","Model B","Wet Days",225.909980430528,0.00194738882272606,0.101070903264133
"CR-Ab","Model B","Wet Days",226.520547945205,0.00193297477914626,0.100322803866983
"CR-Ab","Model B","Wet Days",227.131115459883,0.0019185274815639,0.0995729785627937
"CR-Ab","Model B","Wet Days",227.74168297456,0.00190401189936048,0.0988196092368621
"CR-Ab","Model B","Wet Days",228.352250489237,0.00188935177026542,0.0980587378216034
"CR-Ab","Model B","Wet Days",228.962818003914,0.00187440648210939,0.0972830664426546
"CR-Ab","Model B","Wet Days",229.573385518591,0.00185919018249091,0.0964933293707202
"CR-Ab","Model B","Wet Days",230.183953033268,0.00184366980427815,0.0956878103974891
"CR-Ab","Model B","Wet Days",230.794520547945,0.00182764268232893,0.0948559910539516
"CR-Ab","Model B","Wet Days",231.405088062622,0.00181108161083421,0.0939964593387341
"CR-Ab","Model B","Wet Days",232.015655577299,0.00179403599599746,0.0931117794699079
"CR-Ab","Model B","Wet Days",232.626223091976,0.00177647760468593,0.0922004861272474
"CR-Ab","Model B","Wet Days",233.236790606654,0.0017580217999774,0.091242616373355
"CR-Ab","Model B","Wet Days",233.847358121331,0.00173891917262747,0.0902511760516051
"CR-Ab","Model B","Wet Days",234.457925636008,0.00171916635779549,0.089225990524309
"CR-Ab","Model B","Wet Days",235.068493150685,0.00169863234863918,0.0881602604405977
"CR-Ab","Model B","Wet Days",235.679060665362,0.00167707110899405,0.0870412163437042
"CR-Ab","Model B","Wet Days",236.289628180039,0.00165477064581769,0.0858838060052348
"CR-Ab","Model B","Wet Days",236.900195694716,0.00163172183707208,0.0846875559847483
"CR-Ab","Model B","Wet Days",237.510763209393,0.00160765492997693,0.0834384659157832
"CR-Ab","Model B","Wet Days",238.12133072407,0.00158262148130816,0.0821392116326931
"CR-Ab","Model B","Wet Days",238.731898238748,0.00155681950506589,0.0808000702068141
"CR-Ab","Model B","Wet Days",239.342465753425,0.00153025079558459,0.079421134765417
"CR-Ab","Model B","Wet Days",239.953033268102,0.00150253688156255,0.0779827623713147
"CR-Ab","Model B","Wet Days",240.563600782779,0.00147403812613176,0.0765036561344511
"CR-Ab","Model B","Wet Days",241.174168297456,0.00144482424330101,0.0749874342628356
"CR-Ab","Model B","Wet Days",241.784735812133,0.00141483690491508,0.0734310694825803
"CR-Ab","Model B","Wet Days",242.39530332681,0.00138387867205933,0.0718243145697059
"CR-Ab","Model B","Wet Days",243.005870841487,0.001352311682949,0.0701859647622733
"CR-Ab","Model B","Wet Days",243.616438356164,0.00132015955096647,0.0685172456120869
"CR-Ab","Model B","Wet Days",244.227005870841,0.00128730655604298,0.0668121511629974
"CR-Ab","Model B","Wet Days",244.837573385519,0.00125383402542407,0.0650749023584908
"CR-Ab","Model B","Wet Days",245.448140900196,0.0012199372063629,0.0633156326737152
"CR-Ab","Model B","Wet Days",246.058708414873,0.00118564666574062,0.061535928552143
"CR-Ab","Model B","Wet Days",246.66927592955,0.00115087823705673,0.0597314216908801
"CR-Ab","Model B","Wet Days",247.279843444227,0.00111583852167012,0.0579128348514602
"CR-Ab","Model B","Wet Days",247.890410958904,0.0010806013919751,0.0560840020651421
"CR-Ab","Model B","Wet Days",248.500978473581,0.0010451971843321,0.0542464978112049
"CR-Ab","Model B","Wet Days",249.111545988258,0.00100968532782361,0.0524034065024674
"CR-Ab","Model B","Wet Days",249.722113502935,0.000974184892637191,0.050560907968693
"CR-Ab","Model B","Wet Days",250.332681017613,0.000938731386670276,0.048720845095712
"CR-Ab","Model B","Wet Days",250.94324853229,0.000903406727560125,0.0468874694687724
"CR-Ab","Model B","Wet Days",251.553816046967,0.000868335961269914,0.0450672710647602
"CR-Ab","Model B","Wet Days",252.164383561644,0.000833515893304931,0.0432600840870653
"CR-Ab","Model B","Wet Days",252.774951076321,0.000798979572679084,0.041467623803665
"CR-Ab","Model B","Wet Days",253.385518590998,0.000764941382011164,0.039701016829169
"CR-Ab","Model B","Wet Days",253.996086105675,0.000731396529612311,0.0379600144714231
"CR-Ab","Model B","Wet Days",254.606653620352,0.000698314679710808,0.0362430422817025
"CR-Ab","Model B","Wet Days",255.217221135029,0.000665733346964651,0.034552047298177
"CR-Ab","Model B","Wet Days",255.827788649706,0.000634026241096614,0.0329064253286065
"CR-Ab","Model B","Wet Days",256.438356164384,0.00060293022139032,0.031292519177479
"CR-Ab","Model B","Wet Days",257.048923679061,0.000572465840198996,0.029711395526949
"CR-Ab","Model B","Wet Days",257.659491193738,0.000542794709280061,0.02817144214535
"CR-Ab","Model B","Wet Days",258.270058708415,0.000514105257345175,0.0266824386205415
"CR-Ab","Model B","Wet Days",258.880626223092,0.000486149502214185,0.0252315144961209
"CR-Ab","Model B","Wet Days",259.491193737769,0.000458940602964938,0.0238193527378468
"CR-Ab","Model B","Wet Days",260.101761252446,0.000432793569041603,0.0224623025661148
"CR-Ab","Model B","Wet Days",260.712328767123,0.000407604478865419,0.02115497037503
"CR-Ab","Model B","Wet Days",261.3228962818,0.000383215621741209,0.0198891708642404
"CR-Ab","Model B","Wet Days",261.933463796477,0.000359632822114043,0.0186652063267023
"CR-Ab","Model B","Wet Days",262.544031311155,0.000337320988037876,0.0175072058302216
"CR-Ab","Model B","Wet Days",263.154598825832,0.000315848637463349,0.0163927751410624
"CR-Ab","Model B","Wet Days",263.765166340509,0.00029519011344301,0.0153205826448989
"CR-Ab","Model B","Wet Days",264.375733855186,0.000275466781684532,0.0142969273106668
"CR-Ab","Model B","Wet Days",264.986301369863,0.000256896905476577,0.0133331371625783
"CR-Ab","Model B","Wet Days",265.59686888454,0.000239116600616965,0.0124103263445738
"CR-Ab","Model B","Wet Days",266.207436399217,0.000222118778079204,0.0115281269309969
"CR-Ab","Model B","Wet Days",266.818003913894,0.000206146037241743,0.0106991300069075
"CR-Ab","Model B","Wet Days",267.428571428571,0.000191110230021781,0.00991876062237976
"CR-Ab","Model B","Wet Days",268.039138943249,0.000176802509066628,0.00917617944716064
"CR-Ab","Model B","Wet Days",268.649706457926,0.000163211950991849,0.00847081954961398
"CR-Ab","Model B","Wet Days",269.260273972603,0.000150667813866317,0.00781976966417206
"CR-Ab","Model B","Wet Days",269.87084148728,0.000138832334537558,0.00720549963634722
"CR-Ab","Model B","Wet Days",270.481409001957,0.000127640067137746,0.00662461277776437
"CR-Ab","Model B","Wet Days",271.091976516634,0.000117140759229281,0.00607969102327298
"CR-Ab","Model B","Wet Days",271.702544031311,0.00010752022316501,0.00558037816979781
"CR-Ab","Model B","Wet Days",272.313111545988,9.84605316625119e-05,0.00511017355900515
"CR-Ab","Model B","Wet Days",272.923679060665,8.99472845329557e-05,0.00466832981056946
"CR-Ab","Model B","Wet Days",273.534246575342,8.21062789429792e-05,0.00426137588938558
"CR-Ab","Model B","Wet Days",274.14481409002,7.48991167578171e-05,0.00388731890419362
"CR-Ab","Model B","Wet Days",274.755381604697,6.81537399440157e-05,0.00353722891729851
"CR-Ab","Model B","Wet Days",275.365949119374,6.18559696165218e-05,0.00321037003420251
"CR-Ab","Model B","Wet Days",275.976516634051,5.61719774641751e-05,0.00291536668701285
"CR-Ab","Model B","Wet Days",276.587084148728,5.0918829822354e-05,0.00264272448482773
"CR-Ab","Model B","Wet Days",277.197651663405,4.60330481139919e-05,0.00238914884310033
"CR-Ab","Model B","Wet Days",277.808219178082,4.1520959337895e-05,0.00215496813769313
"CR-Ab","Model B","Wet Days",278.418786692759,3.750097121353e-05,0.00194632781579178
"CR-Ab","Model B","Wet Days",279.029354207436,3.37751524919083e-05,0.00175295510090396
"CR-Ab","Model B","Wet Days",279.639921722114,3.03321055411484e-05,0.0015742584476044
"CR-Ab","Model B","Wet Days",280.250489236791,2.72180059581088e-05,0.00141263440312022
"CR-Ab","Model B","Wet Days",280.861056751468,2.44259508331704e-05,0.00126772470139679
"CR-Ab","Model B","Wet Days",281.471624266145,2.1854344098479e-05,0.00113425643225496
"CR-Ab","Model B","Wet Days",282.082191780822,1.94935497818561e-05,0.00101172948169565
"CR-Ab","Model B","Wet Days",282.692759295499,1.74062214096334e-05,0.000903395613529525
"CR-Ab","Model B","Wet Days",283.303326810176,1.55186720455243e-05,0.00080543042190483
"CR-Ab","Model B","Wet Days",283.913894324853,1.37913138930992e-05,0.000715779271251781
"CR-Ab","Model B","Wet Days",284.52446183953,1.22182867690943e-05,0.000634138013775736
"CR-Ab","Model B","Wet Days",285.135029354207,1.08573332611274e-05,0.00056350353197864
"CR-Ab","Model B","Wet Days",285.745596868885,9.61524473085117e-06,0.000499038229403216
"CR-Ab","Model B","Wet Days",286.356164383562,8.48609205909045e-06,0.000440434380430617
"CR-Ab","Model B","Wet Days",286.966731898239,7.48160480660485e-06,0.000388300757837514
"CR-Ab","Model B","Wet Days",287.577299412916,6.60424884826777e-06,0.000342765342332168
"CR-Ab","Model B","Wet Days",288.187866927593,5.80868428421557e-06,0.0003014749599723
"CR-Ab","Model B","Wet Days",288.79843444227,5.09039643415761e-06,0.000264195295551004
"CR-Ab","Model B","Wet Days",289.409001956947,4.46728392203508e-06,0.000231855300733098
"CR-Ab","Model B","Wet Days",290.019569471624,3.91666303158018e-06,0.000203277674064546
"CR-Ab","Model B","Wet Days",290.630136986301,3.42070818724898e-06,0.000177537255145736
"CR-Ab","Model B","Wet Days",291.240704500978,2.97608592074722e-06,0.000154461034535733
"CR-Ab","Model B","Wet Days",291.851272015656,2.60057614820762e-06,0.000134971802877334
"CR-Ab","Model B","Wet Days",292.461839530333,2.26418687676841e-06,0.000117512953819584
"CR-Ab","Model B","Wet Days",293.07240704501,1.96329075179073e-06,0.000101896225005458
"CR-Ab","Model B","Wet Days",293.682974559687,1.69964889173186e-06,8.82130197701085e-05
"CR-Ab","Model B","Wet Days",294.293542074364,1.47565612841848e-06,7.65876316357447e-05
"CR-Ab","Model B","Wet Days",294.904109589041,1.27562312946738e-06,6.62057727841982e-05
"CR-Ab","Model B","Wet Days",295.514677103718,1.09797788068266e-06,5.69858545297023e-05
"CR-Ab","Model B","Wet Days",296.125244618395,9.46572507942431e-07,4.91278050208855e-05
"CR-Ab","Model B","Wet Days",296.735812133072,8.16022956771252e-07,4.23521878952169e-05
"CR-Ab","Model B","Wet Days",297.346379647749,7.00257251430055e-07,3.63438631737752e-05
"CR-Ab","Model B","Wet Days",297.956947162427,5.98210135465607e-07,3.10475432680316e-05
"CR-Ab","Model B","Wet Days",298.567514677104,5.13738595237792e-07,2.66634085891715e-05
"CR-Ab","Model B","Wet Days",299.178082191781,4.39676533043295e-07,2.28195334286252e-05
"CR-Ab","Model B","Wet Days",299.788649706458,3.744808528719e-07,1.94358299755992e-05
"CR-Ab","Model B","Wet Days",300.399217221135,3.18146102095284e-07,1.65120152346981e-05
"CR-Ab","Model B","Wet Days",301.009784735812,2.71667231706155e-07,1.40997278896625e-05
"CR-Ab","Model B","Wet Days",301.620352250489,2.3077585509267e-07,1.19774355555342e-05
"CR-Ab","Model B","Wet Days",302.230919765166,1.95052267325388e-07,1.01233552397088e-05
"CR-Ab","Model B","Wet Days",302.841487279843,1.65102265818009e-07,8.56892827074043e-06
"CR-Ab","Model B","Wet Days",303.452054794521,1.39943376717675e-07,7.2631635375664e-06
"CR-Ab","Model B","Wet Days",304.062622309198,1.17974154697784e-07,6.12294485722483e-06
"CR-Ab","Model B","Wet Days",304.673189823875,9.89317489841835e-08,5.13463008241704e-06
"CR-Ab","Model B","Wet Days",305.283757338552,8.3463882128923e-08,4.33183648702089e-06
"CR-Ab","Model B","Wet Days",305.894324853229,7.02103767947384e-08,3.64396987306607e-06
"CR-Ab","Model B","Wet Days",306.504892367906,5.87269181832613e-08,3.04796997776342e-06
"CR-Ab","Model B","Wet Days",307.115459882583,4.89293431447062e-08,2.53946867212345e-06
"CR-Ab","Model B","Wet Days",307.72602739726,4.10939222941051e-08,2.13280460299508e-06
"CR-Ab","Model B","Wet Days",308.336594911937,3.43003796938492e-08,1.78021477657816e-06
"CR-Ab","Model B","Wet Days",308.947162426614,2.84614687737783e-08,1.47717103211204e-06
"CR-Ab","Model B","Wet Days",309.557729941292,2.3640481934255e-08,1.22695829143654e-06
"CR-Ab","Model B","Wet Days",310.168297455969,1.97017658007926e-08,1.02253604526549e-06
"CR-Ab","Model B","Wet Days",310.778864970646,1.63140347999537e-08,8.46710330197767e-07
"CR-Ab","Model B","Wet Days",311.389432485323,1.34265660808822e-08,6.96848593200144e-07
"CR-Ab","Model B","Wet Days",312,1.11223779393185e-08,5.77259544500388e-07
"CR-Ab","Model B","Precipitation",0,2.84129649602892e-05,0.00831909370700821
"CR-Ab","Model B","Precipitation",6.51272015655577,2.96017149418123e-05,0.00866715039536567
"CR-Ab","Model B","Precipitation",13.0254403131115,3.07634645984053e-05,0.009007301599958
"CR-Ab","Model B","Precipitation",19.5381604696673,3.18830653586477e-05,0.00933511193766516
"CR-Ab","Model B","Precipitation",26.0508806262231,3.29614553607897e-05,0.00965085608802253
"CR-Ab","Model B","Precipitation",32.5636007827789,3.39992171846928e-05,0.00995470462585276
"CR-Ab","Model B","Precipitation",39.0763209393346,3.49943384939513e-05,0.01024606835481
"CR-Ab","Model B","Precipitation",45.5890410958904,3.59423500520253e-05,0.0105236387174233
"CR-Ab","Model B","Precipitation",52.1017612524462,3.68304151474342e-05,0.0107836572250642
"CR-Ab","Model B","Precipitation",58.614481409002,3.76740281159167e-05,0.0110306604979385
"CR-Ab","Model B","Precipitation",65.1272015655577,3.84748870558014e-05,0.011265145725943
"CR-Ab","Model B","Precipitation",71.6399217221135,3.92351857718916e-05,0.0114877552379496
"CR-Ab","Model B","Precipitation",78.1526418786693,3.99514458372463e-05,0.0116974705777813
"CR-Ab","Model B","Precipitation",84.665362035225,4.06338633432031e-05,0.0118972770811608
"CR-Ab","Model B","Precipitation",91.1780821917808,4.12950484106759e-05,0.0120908668927721
"CR-Ab","Model B","Precipitation",97.6908023483366,4.19419560761145e-05,0.0122802763928396
"CR-Ab","Model B","Precipitation",104.203522504892,4.25820891339658e-05,0.0124677023408412
"CR-Ab","Model B","Precipitation",110.716242661448,4.3232312359371e-05,0.0126580826109109
"CR-Ab","Model B","Precipitation",117.228962818004,4.39071228393056e-05,0.0128556618366233
"CR-Ab","Model B","Precipitation",123.74168297456,4.46180748253639e-05,0.0130638230123917
"CR-Ab","Model B","Precipitation",130.254403131115,4.53773405253067e-05,0.0132861300653575
"CR-Ab","Model B","Precipitation",136.767123287671,4.62091026140972e-05,0.0135296634934336
"CR-Ab","Model B","Precipitation",143.279843444227,4.71496084004559e-05,0.0138050362248482
"CR-Ab","Model B","Precipitation",149.792563600783,4.8198356884024e-05,0.0141121015706183
"CR-Ab","Model B","Precipitation",156.305283757339,4.93712505923771e-05,0.0144555156663238
"CR-Ab","Model B","Precipitation",162.818003913894,5.0684528498836e-05,0.0148400331562248
"CR-Ab","Model B","Precipitation",169.33072407045,5.22098541455597e-05,0.0152866365644411
"CR-Ab","Model B","Precipitation",175.843444227006,5.39482275166561e-05,0.0157956186784912
"CR-Ab","Model B","Precipitation",182.356164383562,5.59014800872305e-05,0.016367515739948
"CR-Ab","Model B","Precipitation",188.868884540117,5.80880629183361e-05,0.0170077300750421
"CR-Ab","Model B","Precipitation",195.381604696673,6.05414026131135e-05,0.01772604873149
"CR-Ab","Model B","Precipitation",201.894324853229,6.33735882615026e-05,0.0185552905173269
"CR-Ab","Model B","Precipitation",208.407045009785,6.65198818489449e-05,0.0194765006486973
"CR-Ab","Model B","Precipitation",214.91976516634,6.99997293623688e-05,0.0204953727583393
"CR-Ab","Model B","Precipitation",221.432485322896,7.38326252261996e-05,0.0216176146611107
"CR-Ab","Model B","Precipitation",227.945205479452,7.81218479338724e-05,0.0228734654913647
"CR-Ab","Model B","Precipitation",234.457925636008,8.28960852569533e-05,0.0242713248040312
"CR-Ab","Model B","Precipitation",240.970645792564,8.81066914125255e-05,0.0257969494946998
"CR-Ab","Model B","Precipitation",247.483365949119,9.37733140965976e-05,0.0274560922549481
"CR-Ab","Model B","Precipitation",253.996086105675,9.9915596070132e-05,0.029254504331411
"CR-Ab","Model B","Precipitation",260.508806262231,0.000106744525104782,0.0312539612918923
"CR-Ab","Model B","Precipitation",267.021526418787,0.000114127113252332,0.0334155253062624
"CR-Ab","Model B","Precipitation",273.534246575342,0.000122068430348167,0.035740680782632
"CR-Ab","Model B","Precipitation",280.046966731898,0.00013058793029411,0.0382351236711588
"CR-Ab","Model B","Precipitation",286.559686888454,0.000139783028090703,0.0409273763213794
"CR-Ab","Model B","Precipitation",293.07240704501,0.000149775808864553,0.0438531843026101
"CR-Ab","Model B","Precipitation",299.585127201566,0.000160428529998681,0.0469722176549301
"CR-Ab","Model B","Precipitation",306.097847358121,0.000171760101722671,0.0502900131455206
"CR-Ab","Model B","Precipitation",312.610567514677,0.000183789326048183,0.0538120758562029
"CR-Ab","Model B","Precipitation",319.123287671233,0.000196742194990377,0.0576045744798175
"CR-Ab","Model B","Precipitation",325.636007827789,0.000210530929624462,0.0616418080343707
"CR-Ab","Model B","Precipitation",332.148727984344,0.000225093932005167,0.0659057411237119
"CR-Ab","Model B","Precipitation",338.6614481409,0.000240448172668586,0.0704013425879542
"CR-Ab","Model B","Precipitation",345.174168297456,0.000256646014658634,0.0751439439164272
"CR-Ab","Model B","Precipitation",351.686888454012,0.000273962606608153,0.0802141064748019
"CR-Ab","Model B","Precipitation",358.199608610568,0.00029213538765562,0.0855349544983049
"CR-Ab","Model B","Precipitation",364.712328767123,0.000311176939170305,0.0911101717133645
"CR-Ab","Model B","Precipitation",371.225048923679,0.00033109908785857,0.0969432208870171
"CR-Ab","Model B","Precipitation",377.737769080235,0.000352089441890625,0.103089032222793
"CR-Ab","Model B","Precipitation",384.250489236791,0.00037415870956797,0.10955074102754
"CR-Ab","Model B","Precipitation",390.763209393346,0.000397141581041595,0.116279945871612
"CR-Ab","Model B","Precipitation",397.275929549902,0.000421040695246264,0.123277419414447
"CR-Ab","Model B","Precipitation",403.788649706458,0.000445857375854016,0.130543549216857
"CR-Ab","Model B","Precipitation",410.301369863014,0.000471904377107042,0.138169907272531
"CR-Ab","Model B","Precipitation",416.814090019569,0.000498888367891065,0.146070608527577
"CR-Ab","Model B","Precipitation",423.326810176125,0.000526762955390806,0.154232069528871
"CR-Ab","Model B","Precipitation",429.839530332681,0.000555514133794951,0.162650189484507
"CR-Ab","Model B","Precipitation",436.352250489237,0.000585219377675592,0.171347652342676
"CR-Ab","Model B","Precipitation",442.864970645793,0.000615965053004589,0.180349745383816
"CR-Ab","Model B","Precipitation",449.377690802348,0.000647488242056624,0.189579488356228
"CR-Ab","Model B","Precipitation",455.890410958904,0.000679754543970725,0.19902680895713
"CR-Ab","Model B","Precipitation",462.40313111546,0.000712727045885506,0.208680899389682
"CR-Ab","Model B","Precipitation",468.915851272016,0.000746516608694231,0.218574218855549
"CR-Ab","Model B","Precipitation",475.428571428571,0.000780938446902295,0.228652663608519
"CR-Ab","Model B","Precipitation",481.941291585127,0.00081585867739901,0.238877033721899
"CR-Ab","Model B","Precipitation",488.454011741683,0.000851217127158933,0.249229711004909
"CR-Ab","Model B","Precipitation",494.966731898239,0.000886959700255903,0.259694856593863
"CR-Ab","Model B","Precipitation",501.479452054794,0.000923051265062077,0.270262184223161
"CR-Ab","Model B","Precipitation",507.99217221135,0.000959282090509365,0.280870286277962
"CR-Ab","Model B","Precipitation",514.504892367906,0.000995570804934444,0.291495337772272
"CR-Ab","Model B","Precipitation",521.017612524462,0.0010318341057815,0.302112948369888
"CR-Ab","Model B","Precipitation",527.530332681018,0.00106793360540452,0.312682599251441
"CR-Ab","Model B","Precipitation",534.043052837573,0.00110369058348257,0.323151962506085
"CR-Ab","Model B","Precipitation",540.555772994129,0.00113903727464486,0.33350119696376
"CR-Ab","Model B","Precipitation",547.068493150685,0.00117387798589737,0.34370228446496
"CR-Ab","Model B","Precipitation",553.581213307241,0.00120811629063804,0.353726992055486
"CR-Ab","Model B","Precipitation",560.093933463796,0.00124134780592648,0.363456919576136
"CR-Ab","Model B","Precipitation",566.606653620352,0.00127362591873869,0.372907698315543
"CR-Ab","Model B","Precipitation",573.119373776908,0.00130489047020798,0.382061714228494
"CR-Ab","Model B","Precipitation",579.632093933464,0.00133504714794547,0.390891353385857
"CR-Ab","Model B","Precipitation",586.14481409002,0.0013638599320038,0.399327510994755
"CR-Ab","Model B","Precipitation",592.657534246575,0.0013909328575599,0.40725425165483
"CR-Ab","Model B","Precipitation",599.170254403131,0.00141652470206936,0.414747343379224
"CR-Ab","Model B","Precipitation",605.682974559687,0.001440557778528,0.421784040021287
"CR-Ab","Model B","Precipitation",612.195694716243,0.00146295712080769,0.428342392085583
"CR-Ab","Model B","Precipitation",618.708414872798,0.00148318111301453,0.434263818678466
"CR-Ab","Model B","Precipitation",625.221135029354,0.00150134323339386,0.439581545341796
"CR-Ab","Model B","Precipitation",631.73385518591,0.00151761531696845,0.444345884025015
"CR-Ab","Model B","Precipitation",638.246575342466,0.00153195262702334,0.44854373616821
"CR-Ab","Model B","Precipitation",644.759295499022,0.00154426494845147,0.452148687494289
"CR-Ab","Model B","Precipitation",651.272015655577,0.00155382359816389,0.454947385299366
"CR-Ab","Model B","Precipitation",657.784735812133,0.0015613267822539,0.457144258861593
"CR-Ab","Model B","Precipitation",664.297455968689,0.00156676606959414,0.45873683961288
"CR-Ab","Model B","Precipitation",670.810176125245,0.00157013713859552,0.459723862225779
"CR-Ab","Model B","Precipitation",677.3228962818,0.00157108025730286,0.46
"CR-Ab","Model B","Precipitation",683.835616438356,0.00156955627332815,0.459553789422848
"CR-Ab","Model B","Precipitation",690.348336594912,0.00156602144603149,0.458518819663087
"CR-Ab","Model B","Precipitation",696.861056751468,0.00156050635008867,0.456904042746437
"CR-Ab","Model B","Precipitation",703.373776908024,0.00155304512011736,0.454719453021724
"CR-Ab","Model B","Precipitation",709.886497064579,0.00154308579974782,0.451803441984928
"CR-Ab","Model B","Precipitation",716.399217221135,0.00153122579359499,0.448330925030467
"CR-Ab","Model B","Precipitation",722.911937377691,0.00151762902674421,0.44434989814003
"CR-Ab","Model B","Precipitation",729.424657534247,0.00150235612641771,0.439878112489659
"CR-Ab","Model B","Precipitation",735.937377690802,0.00148532790331801,0.434892382072991
"CR-Ab","Model B","Precipitation",742.450097847358,0.00146638081033595,0.429344821576804
"CR-Ab","Model B","Precipitation",748.962818003914,0.00144605291967978,0.423392974331336
"CR-Ab","Model B","Precipitation",755.47553816047,0.00142442130422425,0.41705940667094
"CR-Ab","Model B","Precipitation",761.988258317025,0.00140156421676033,0.410367030400196
"CR-Ab","Model B","Precipitation",768.500978473581,0.00137731916093268,0.403268267858387
"CR-Ab","Model B","Precipitation",775.013698630137,0.00135196129079821,0.395843681999305
"CR-Ab","Model B","Precipitation",781.526418786693,0.00132572648025469,0.388162334853655
"CR-Ab","Model B","Precipitation",788.039138943249,0.00129869862844065,0.380248791432391
"CR-Ab","Model B","Precipitation",794.551859099804,0.00127095322307203,0.372125153947774
"CR-Ab","Model B","Precipitation",801.06457925636,0.00124242684016773,0.363772852354661
"CR-Ab","Model B","Precipitation",807.577299412916,0.00121346302722454,0.355292474670621
"CR-Ab","Model B","Precipitation",814.090019569472,0.00118414385449423,0.346708050422878
"CR-Ab","Model B","Precipitation",820.602739726027,0.00115455075294048,0.338043421960105
"CR-Ab","Model B","Precipitation",827.115459882583,0.00112475710857051,0.329320076130713
"CR-Ab","Model B","Precipitation",833.628180039139,0.00109490862276578,0.320580673158551
"CR-Ab","Model B","Precipitation",840.140900195695,0.00106511719555617,0.311857976496353
"CR-Ab","Model B","Precipitation",846.65362035225,0.00103545613191593,0.303173449266703
"CR-Ab","Model B","Precipitation",853.166340508806,0.0010059975538438,0.294548208226222
"CR-Ab","Model B","Precipitation",859.679060665362,0.000976944101551526,0.286041584842519
"CR-Ab","Model B","Precipitation",866.191780821918,0.000948330806192171,0.277663835962968
"CR-Ab","Model B","Precipitation",872.704500978474,0.000920198187503931,0.269426825449701
"CR-Ab","Model B","Precipitation",879.217221135029,0.000892605085175302,0.261347781102877
"CR-Ab","Model B","Precipitation",885.729941291585,0.000865668042974731,0.253460826025525
"CR-Ab","Model B","Precipitation",892.242661448141,0.000839623156730992,0.245835087228013
"CR-Ab","Model B","Precipitation",898.755381604697,0.00081433445058162,0.23843075204231
"CR-Ab","Model B","Precipitation",905.268101761252,0.000789843377680958,0.231259957627487
"CR-Ab","Model B","Precipitation",911.780821917808,0.000766189214222624,0.224334203745561
"CR-Ab","Model B","Precipitation",918.293542074364,0.000743630916570804,0.217729310792701
"CR-Ab","Model B","Precipitation",924.80626223092,0.000722140143458708,0.211436980667863
"CR-Ab","Model B","Precipitation",931.318982387475,0.000701608668233228,0.20542552545428
"CR-Ab","Model B","Precipitation",937.831702544031,0.000682054890006225,0.199700332267865
"CR-Ab","Model B","Precipitation",944.344422700587,0.00066350072121791,0.194267816899569
"CR-Ab","Model B","Precipitation",950.857142857143,0.000646337048266397,0.18924242782667
"CR-Ab","Model B","Precipitation",957.369863013699,0.000630187202585673,0.184513879441824
"CR-Ab","Model B","Precipitation",963.882583170254,0.00061504785165978,0.180081196010447
"CR-Ab","Model B","Precipitation",970.39530332681,0.000600913342070766,0.17594272225602
"CR-Ab","Model B","Precipitation",976.908023483366,0.000587928161869565,0.172140763148719
"CR-Ab","Model B","Precipitation",983.420743639922,0.000576129839504144,0.168686306724316
"CR-Ab","Model B","Precipitation",989.933463796477,0.000565270760972225,0.165506853541409
"CR-Ab","Model B","Precipitation",996.446183953033,0.000555326261870287,0.162595182055737
"CR-Ab","Model B","Precipitation",1002.95890410959,0.000546269839750372,0.159943532558013
"CR-Ab","Model B","Precipitation",1009.47162426614,0.000538316256251356,0.157614785574821
"CR-Ab","Model B","Precipitation",1015.9843444227,0.000531207769664158,0.155533476351494
"CR-Ab","Model B","Precipitation",1022.49706457926,0.000524843441313749,0.153670050834191
"CR-Ab","Model B","Precipitation",1029.00978473581,0.000519184245442675,0.152013082586648
"CR-Ab","Model B","Precipitation",1035.52250489237,0.000514235671162747,0.150564178777828
"CR-Ab","Model B","Precipitation",1042.03522504892,0.000510059533084432,0.149341438241757
"CR-Ab","Model B","Precipitation",1048.54794520548,0.000506409301357371,0.14827267896823
"CR-Ab","Model B","Precipitation",1055.06066536204,0.00050324097116241,0.147345016690694
"CR-Ab","Model B","Precipitation",1061.57338551859,0.000500510497569254,0.146545555398367
"CR-Ab","Model B","Precipitation",1068.08610567515,0.000498243998727995,0.14588194228113
"CR-Ab","Model B","Precipitation",1074.5988258317,0.000496332583834843,0.145322294964092
"CR-Ab","Model B","Precipitation",1081.11154598826,0.000494676132339422,0.144837298933908
"CR-Ab","Model B","Precipitation",1087.62426614481,0.00049323388363016,0.144415019802605
"CR-Ab","Model B","Precipitation",1094.13698630137,0.000491965766677225,0.144043725086349
"CR-Ab","Model B","Precipitation",1100.64970645793,0.000490853581338702,0.143718085926069
"CR-Ab","Model B","Precipitation",1107.16242661448,0.000489797395346327,0.143408842935946
"CR-Ab","Model B","Precipitation",1113.67514677104,0.0004887645451203,0.143106432475523
"CR-Ab","Model B","Precipitation",1120.18786692759,0.000487723909931542,0.142801742638957
"CR-Ab","Model B","Precipitation",1126.70058708415,0.00048663270937948,0.142482247659872
"CR-Ab","Model B","Precipitation",1133.2133072407,0.00048543494165758,0.142131550647728
"CR-Ab","Model B","Precipitation",1139.72602739726,0.000484119430708709,0.141746379340491
"CR-Ab","Model B","Precipitation",1146.23874755382,0.000482665814633574,0.141320771933451
"CR-Ab","Model B","Precipitation",1152.75146771037,0.000481054918140552,0.140849114051337
"CR-Ab","Model B","Precipitation",1159.26418786693,0.000479207613629717,0.140308237752348
"CR-Ab","Model B","Precipitation",1165.77690802348,0.000477139312010738,0.13970265523019
"CR-Ab","Model B","Precipitation",1172.28962818004,0.000474854738327175,0.139033749940627
"CR-Ab","Model B","Precipitation",1178.80234833659,0.000472344279145111,0.138298707145466
"CR-Ab","Model B","Precipitation",1185.31506849315,0.000469582627546548,0.137490117177236
"CR-Ab","Model B","Precipitation",1191.82778864971,0.00046649821847178,0.136587026346709
"CR-Ab","Model B","Precipitation",1198.34050880626,0.000463162166949362,0.135610256577513
"CR-Ab","Model B","Precipitation",1204.85322896282,0.000459571774156174,0.13455901767537
"CR-Ab","Model B","Precipitation",1211.36594911937,0.000455724923038352,0.13343268978348
"CR-Ab","Model B","Precipitation",1217.87866927593,0.00045156357558935,0.132214279827882
"CR-Ab","Model B","Precipitation",1224.39138943249,0.000447102437685415,0.130908093574016
"CR-Ab","Model B","Precipitation",1230.90410958904,0.00044238548128488,0.129527005667042
"CR-Ab","Model B","Precipitation",1237.4168297456,0.000437414638950619,0.128071581946241
"CR-Ab","Model B","Precipitation",1243.92954990215,0.000432192200280277,0.12654249278788
"CR-Ab","Model B","Precipitation",1250.44227005871,0.00042663161319544,0.124914396420979
"CR-Ab","Model B","Precipitation",1256.95499021526,0.000420827805846727,0.123215087064886
"CR-Ab","Model B","Precipitation",1263.46771037182,0.000414788607669451,0.121446857116967
"CR-Ab","Model B","Precipitation",1269.98043052838,0.000408519053424267,0.119611180715727
"CR-Ab","Model B","Precipitation",1276.49315068493,0.000401994794883857,0.11770092889082
"CR-Ab","Model B","Precipitation",1283.00587084149,0.000395205086312283,0.115712955374886
"CR-Ab","Model B","Precipitation",1289.51859099804,0.000388212294618078,0.1136655207105
"CR-Ab","Model B","Precipitation",1296.0313111546,0.000381024463944912,0.111560980159954
"CR-Ab","Model B","Precipitation",1302.54403131115,0.000373650021455094,0.109401801130399
"CR-Ab","Model B","Precipitation",1309.05675146771,0.000366052412156774,0.107177280606395
"CR-Ab","Model B","Precipitation",1315.56947162427,0.0003582843800116,0.104902861607003
"CR-Ab","Model B","Precipitation",1322.08219178082,0.000350373802465851,0.102586706430251
"CR-Ab","Model B","Precipitation",1328.59491193738,0.000342332920400393,0.100232399110229
"CR-Ab","Model B","Precipitation",1335.10763209393,0.000334168927061927,0.097842045773257
"CR-Ab","Model B","Precipitation",1341.62035225049,0.000325880850186089,0.0954153617479415
"CR-Ab","Model B","Precipitation",1348.13307240704,0.000317522141635747,0.0929679973212772
"CR-Ab","Model B","Precipitation",1354.6457925636,0.000309108750730845,0.0905046223292837
"CR-Ab","Model B","Precipitation",1361.15851272016,0.000300656957084783,0.0880300033153174
"CR-Ab","Model B","Precipitation",1367.67123287671,0.000292186092594591,0.0855498005074879
"CR-Ab","Model B","Precipitation",1374.18395303327,0.000283730120139207,0.0830739579708664
"CR-Ab","Model B","Precipitation",1380.69667318982,0.000275309825245622,0.0806085615450345
"CR-Ab","Model B","Precipitation",1387.20939334638,0.000266943239896815,0.078158890853444
"CR-Ab","Model B","Precipitation",1393.72211350294,0.000258648440698124,0.0757302385846234
"CR-Ab","Model B","Precipitation",1400.23483365949,0.000250490218047285,0.0733415748598127
"CR-Ab","Model B","Precipitation",1406.74755381605,0.000242463457194488,0.0709914021203081
"CR-Ab","Model B","Precipitation",1413.2602739726,0.000234582685580277,0.0686839738869726
"CR-Ab","Model B","Precipitation",1419.77299412916,0.000226864208505472,0.066424064224238
"CR-Ab","Model B","Precipitation",1426.28571428571,0.000219350577018676,0.0642241317460209
"CR-Ab","Model B","Precipitation",1432.79843444227,0.000212093502142822,0.062099317035012
"CR-Ab","Model B","Precipitation",1439.31115459883,0.000205059068529705,0.0600396899427659
"CR-Ab","Model B","Precipitation",1445.82387475538,0.000198258643895393,0.0580485788475544
"CR-Ab","Model B","Precipitation",1452.33659491194,0.000191702895141821,0.0561291069347571
"CR-Ab","Model B","Precipitation",1458.84931506849,0.000185477618091539,0.0543063945495568
"CR-Ab","Model B","Precipitation",1465.36203522505,0.000179549047553784,0.0525705555084315
"CR-Ab","Model B","Precipitation",1471.8747553816,0.00017389533665705,0.0509151932184346
"CR-Ab","Model B","Precipitation",1478.38747553816,0.000168520213680649,0.0493413992905615
"CR-Ab","Model B","Precipitation",1484.90019569472,0.000163440593685552,0.0478541263222438
"CR-Ab","Model B","Precipitation",1491.41291585127,0.000158738294288956,0.0464773298712797
"CR-Ab","Model B","Precipitation",1497.92563600783,0.000154316902330892,0.0451827809192095
"CR-Ab","Model B","Precipitation",1504.43835616438,0.000150173604426575,0.043969655728993
"CR-Ab","Model B","Precipitation",1510.95107632094,0.000146304986097507,0.0428369545680566
"CR-Ab","Model B","Precipitation",1517.46379647749,0.000142759127548884,0.0417987549440814
"CR-Ab","Model B","Precipitation",1523.97651663405,0.000139519901735716,0.0408503349845466
"CR-Ab","Model B","Precipitation",1530.48923679061,0.000136531024503771,0.0399752151297183
"CR-Ab","Model B","Precipitation",1537.00195694716,0.000133785096592447,0.0391712289340177
"CR-Ab","Model B","Precipitation",1543.51467710372,0.00013127443729195,0.0384361275457467
"CR-Ab","Model B","Precipitation",1550.02739726027,0.000129064693247728,0.0377891317887715
"CR-Ab","Model B","Precipitation",1556.54011741683,0.000127070181107361,0.0372051542482837
"CR-Ab","Model B","Precipitation",1563.05283757339,0.000125275572387543,0.0366797068643714
"CR-Ab","Model B","Precipitation",1569.56555772994,0.000123672522746226,0.036210346479007
"CR-Ab","Model B","Precipitation",1576.0782778865,0.000122273125303348,0.0358006138630367
"CR-Ab","Model B","Precipitation",1582.59099804305,0.000121087177673355,0.035453377681269
"CR-Ab","Model B","Precipitation",1589.10371819961,0.000120059738219349,0.0351525514525349
"CR-Ab","Model B","Precipitation",1595.61643835616,0.000119183963960735,0.0348961316056875
"CR-Ab","Model B","Precipitation",1602.12915851272,0.00011845325130589,0.0346821846607964
"CR-Ab","Model B","Precipitation",1608.64187866928,0.000117895994815935,0.0345190243230684
"CR-Ab","Model B","Precipitation",1615.15459882583,0.000117480526885876,0.034397378565674
"CR-Ab","Model B","Precipitation",1621.66731898239,0.000117187010854515,0.0343114393695073
"CR-Ab","Model B","Precipitation",1628.18003913894,0.00011701101000161,0.0342599076976148
"CR-Ab","Model B","Precipitation",1634.6927592955,0.000116952615397008,0.0342428102145345
"CR-Ab","Model B","Precipitation",1641.20547945205,0.000117038039985777,0.0342678218653723
"CR-Ab","Model B","Precipitation",1647.71819960861,0.000117225272892236,0.0343226421946144
"CR-Ab","Model B","Precipitation",1654.23091976517,0.000117511168148883,0.0344063500876048
"CR-Ab","Model B","Precipitation",1660.74363992172,0.000117892620999035,0.0345180364958925
"CR-Ab","Model B","Precipitation",1667.25636007828,0.000118383212205015,0.0346616777603676
"CR-Ab","Model B","Precipitation",1673.76908023483,0.00011897695155459,0.034835519993783
"CR-Ab","Model B","Precipitation",1680.28180039139,0.000119652936422191,0.0350334430710102
"CR-Ab","Model B","Precipitation",1686.79452054795,0.000120407698770492,0.0352544315778703
"CR-Ab","Model B","Precipitation",1693.3072407045,0.000121237657685028,0.0354974370506409
"CR-Ab","Model B","Precipitation",1699.81996086106,0.000122160435294794,0.0357676191107356
"CR-Ab","Model B","Precipitation",1706.33268101761,0.000123147714329302,0.0360566866830398
"CR-Ab","Model B","Precipitation",1712.84540117417,0.000124191869723455,0.0363624072081868
"CR-Ab","Model B","Precipitation",1719.35812133072,0.000125287883760611,0.036683311538025
"CR-Ab","Model B","Precipitation",1725.87084148728,0.000126434616962542,0.0370190660422498
"CR-Ab","Model B","Precipitation",1732.38356164384,0.000127627647305717,0.0373683759869899
"CR-Ab","Model B","Precipitation",1738.89628180039,0.000128848321988231,0.0377257799778721
"CR-Ab","Model B","Precipitation",1745.40900195695,0.000130090352452499,0.0380894367744663
"CR-Ab","Model B","Precipitation",1751.9217221135,0.00013134736598046,0.0384574804948138
"CR-Ab","Model B","Precipitation",1758.43444227006,0.000132611566775925,0.03882762859082
"CR-Ab","Model B","Precipitation",1764.94716242661,0.000133870202746513,0.0391961473496674
"CR-Ab","Model B","Precipitation",1771.45988258317,0.000135116111234701,0.0395609396013059
"CR-Ab","Model B","Precipitation",1777.97260273973,0.000136342917697823,0.0399201389295472
"CR-Ab","Model B","Precipitation",1784.48532289628,0.000137543220299626,0.0402715781346817
"CR-Ab","Model B","Precipitation",1790.99804305284,0.000138695648736777,0.0406090001591935
"CR-Ab","Model B","Precipitation",1797.51076320939,0.000139803994270176,0.0409335150545933
"CR-Ab","Model B","Precipitation",1804.02348336595,0.00014086322754972,0.0412436502665442
"CR-Ab","Model B","Precipitation",1810.5362035225,0.000141868540359464,0.0415379979870586
"CR-Ab","Model B","Precipitation",1817.04892367906,0.000142803321994292,0.0418116947317169
"CR-Ab","Model B","Precipitation",1823.56164383562,0.000143659128168145,0.0420622680796681
"CR-Ab","Model B","Precipitation",1830.07436399217,0.000144445059455237,0.0422923826077973
"CR-Ab","Model B","Precipitation",1836.58708414873,0.000145158458356631,0.0425012602212203
"CR-Ab","Model B","Precipitation",1843.09980430528,0.000145796907103064,0.0426881930160243
"CR-Ab","Model B","Precipitation",1849.61252446184,0.000146331507990132,0.0428447199705884
"CR-Ab","Model B","Precipitation",1856.1252446184,0.000146782194050123,0.0429766773207186
"CR-Ab","Model B","Precipitation",1862.63796477495,0.000147151992971111,0.043084951549781
"CR-Ab","Model B","Precipitation",1869.15068493151,0.000147440211705728,0.0431693397389316
"CR-Ab","Model B","Precipitation",1875.66340508806,0.000147637869386494,0.0432272123604796
"CR-Ab","Model B","Precipitation",1882.17612524462,0.000147729721024076,0.043254105800895
"CR-Ab","Model B","Precipitation",1888.68884540117,0.000147738871230209,0.0432567849096175
"CR-Ab","Model B","Precipitation",1895.20156555773,0.000147665248820243,0.043235228844339
"CR-Ab","Model B","Precipitation",1901.71428571429,0.000147508775390071,0.0431894146489503
"CR-Ab","Model B","Precipitation",1908.22700587084,0.000147248183205636,0.0431131152974162
"CR-Ab","Model B","Precipitation",1914.7397260274,0.000146893274124646,0.043009200696939
"CR-Ab","Model B","Precipitation",1921.25244618395,0.000146454316436659,0.0428806773223149
"CR-Ab","Model B","Precipitation",1927.76516634051,0.000145930691119179,0.042727363928603
"CR-Ab","Model B","Precipitation",1934.27788649706,0.000145319793013298,0.0425484977456698
"CR-Ab","Model B","Precipitation",1940.79060665362,0.000144590406876941,0.0423349391950072
"CR-Ab","Model B","Precipitation",1947.30332681018,0.000143772119249027,0.0420953509835898
"CR-Ab","Model B","Precipitation",1953.81604696673,0.000142863543268161,0.0418293270492583
"CR-Ab","Model B","Precipitation",1960.32876712329,0.000141863245471804,0.0415364476854033
"CR-Ab","Model B","Precipitation",1966.84148727984,0.000140753039980309,0.0412113882088336
"CR-Ab","Model B","Precipitation",1973.3542074364,0.000139526458359389,0.040852254712629
"CR-Ab","Model B","Precipitation",1979.86692759295,0.000138201792063261,0.0404644027913878
"CR-Ab","Model B","Precipitation",1986.37964774951,0.000136777749760681,0.0400474543534313
"CR-Ab","Model B","Precipitation",1992.89236790607,0.000135253132989162,0.0396010584983254
"CR-Ab","Model B","Precipitation",1999.40508806262,0.00013359343660956,0.0391151123914552
"CR-Ab","Model B","Precipitation",2005.91780821918,0.000131825120390821,0.0385973632460256
"CR-Ab","Model B","Precipitation",2012.43052837573,0.000129954409321707,0.0380496336900131
"CR-Ab","Model B","Precipitation",2018.94324853229,0.000127981824554753,0.0374720763128003
"CR-Ab","Model B","Precipitation",2025.45596868885,0.000125899015026988,0.0368622459885259
"CR-Ab","Model B","Precipitation",2031.9686888454,0.000123689584021033,0.0362153418867049
"CR-Ab","Model B","Precipitation",2038.48140900196,0.000121385838101037,0.035540823116405
"CR-Ab","Model B","Precipitation",2044.99412915851,0.000118991112092919,0.0348396660885486
"CR-Ab","Model B","Precipitation",2051.50684931507,0.000116509084847438,0.0341129479418377
"CR-Ab","Model B","Precipitation",2058.01956947162,0.000113926021500046,0.0333566472154572
"CR-Ab","Model B","Precipitation",2064.53228962818,0.000111260258446888,0.0325761326626501
"CR-Ab","Model B","Precipitation",2071.04500978474,0.00010852939925866,0.0317765584711054
"CR-Ab","Model B","Precipitation",2077.55772994129,0.000105740016400435,0.0309598490071431
"CR-Ab","Model B","Precipitation",2084.07045009785,0.000102898474065055,0.0301278676566048
"CR-Ab","Model B","Precipitation",2090.5831702544,0.000100003006037858,0.0292800972856645
"CR-Ab","Model B","Precipitation",2097.09589041096,9.70810533207668e-05,0.028424572404861
"CR-Ab","Model B","Precipitation",2103.60861056751,9.41409634143277e-05,0.0275637370970049
"CR-Ab","Model B","Precipitation",2110.12133072407,9.11911528436296e-05,0.0267000556547528
"CR-Ab","Model B","Precipitation",2116.63405088063,8.82426019022526e-05,0.0258367430221048
"CR-Ab","Model B","Precipitation",2123.14677103718,8.5312246375919e-05,0.0249787578645371
"CR-Ab","Model B","Precipitation",2129.65949119374,8.24081264249354e-05,0.0241284542780445
"CR-Ab","Model B","Precipitation",2136.17221135029,7.9538324080725e-05,0.0232881986181566
"CR-Ab","Model B","Precipitation",2142.68493150685,7.67107695526923e-05,0.0224603127881049
"CR-Ab","Model B","Precipitation",2149.1976516634,7.39536852012574e-05,0.0216530600740791
"CR-Ab","Model B","Precipitation",2155.71037181996,7.12655849997226e-05,0.0208660053790957
"CR-Ab","Model B","Precipitation",2162.22309197652,6.86487662109539e-05,0.0200998213237374
"CR-Ab","Model B","Precipitation",2168.73581213307,6.6108818011758e-05,0.0193561443752179
"CR-Ab","Model B","Precipitation",2175.24853228963,6.36585054978631e-05,0.0186387120536339
"CR-Ab","Model B","Precipitation",2181.76125244618,6.13245357576447e-05,0.0179553439853828
"CR-Ab","Model B","Precipitation",2188.27397260274,5.90847863139045e-05,0.0172995628823288
"CR-Ab","Model B","Precipitation",2194.7866927593,5.69415686575538e-05,0.0166720455309149
"CR-Ab","Model B","Precipitation",2201.29941291585,5.48968187644196e-05,0.0160733587697074
"CR-Ab","Model B","Precipitation",2207.81213307241,5.29757514402043e-05,0.0155108852964196
"CR-Ab","Model B","Precipitation",2214.32485322896,5.11700904866271e-05,0.0149822019049858
"CR-Ab","Model B","Precipitation",2220.83757338552,4.9464137922948e-05,0.0144827123495384
"CR-Ab","Model B","Precipitation",2227.35029354207,4.7856775997845e-05,0.0140120893612407
"CR-Ab","Model B","Precipitation",2233.86301369863,4.63469042693896e-05,0.013570010739311
"CR-Ab","Model B","Precipitation",2240.37573385519,4.49664866585316e-05,0.0131658352695709
"CR-Ab","Model B","Precipitation",2246.88845401174,4.36755518173313e-05,0.012787859654263
"CR-Ab","Model B","Precipitation",2253.4011741683,4.2471021786073e-05,0.0124351826908786
"CR-Ab","Model B","Precipitation",2259.91389432485,4.1349703441698e-05,0.0121068694579837
"CR-Ab","Model B","Precipitation",2266.42661448141,4.03196067629166e-05,0.0118052652146378
"CR-Ab","Model B","Precipitation",2272.93933463796,3.93794504513724e-05,0.011529994806713
"CR-Ab","Model B","Precipitation",2279.45205479452,3.85075076318683e-05,0.0112746967752424
"CR-Ab","Model B","Precipitation",2285.96477495108,3.77001777635507e-05,0.0110383169100509
"CR-Ab","Model B","Precipitation",2292.47749510763,3.69538856741297e-05,0.0108198084286809
"CR-Ab","Model B","Precipitation",2298.99021526419,3.62805732756325e-05,0.0106226678294856
"CR-Ab","Model B","Precipitation",2305.50293542074,3.56616989666825e-05,0.0104414662767363
"CR-Ab","Model B","Precipitation",2312.0156555773,3.5089961132507e-05,0.010274065914789
"CR-Ab","Model B","Precipitation",2318.52837573386,3.45624730653743e-05,0.0101196215382187
"CR-Ab","Model B","Precipitation",2325.04109589041,3.40792224500259e-05,0.00997812954121411
"CR-Ab","Model B","Precipitation",2331.55381604697,3.36446334610572e-05,0.00985088528746174
"CR-Ab","Model B","Precipitation",2338.06653620352,3.3243921227772e-05,0.00973355988256637
"CR-Ab","Model B","Precipitation",2344.57925636008,3.28751162869541e-05,0.0096255766831164
"CR-Ab","Model B","Precipitation",2351.09197651663,3.25363335157158e-05,0.00952638373988818
"CR-Ab","Model B","Precipitation",2357.60469667319,3.22314696996773e-05,0.00943712200120496
"CR-Ab","Model B","Precipitation",2364.11741682975,3.19556816628432e-05,0.00935637342305055
"CR-Ab","Model B","Precipitation",2370.6301369863,3.17031761734462e-05,0.00928244179251628
"CR-Ab","Model B","Precipitation",2377.14285714286,3.14725215142673e-05,0.00921490791400872
"CR-Ab","Model B","Precipitation",2383.65557729941,3.12623028282189e-05,0.00915335752844899
"CR-Ab","Model B","Precipitation",2390.16829745597,3.10770731715958e-05,0.00909912373507621
"CR-Ab","Model B","Precipitation",2396.68101761252,3.09076485041844e-05,0.00904951751881389
"CR-Ab","Model B","Precipitation",2403.19373776908,3.07523185971768e-05,0.00900403813805573
"CR-Ab","Model B","Precipitation",2409.70645792564,3.06094249432595e-05,0.00896219999484412
"CR-Ab","Model B","Precipitation",2416.21917808219,3.04783048031543e-05,0.00892380904430674
"CR-Ab","Model B","Precipitation",2422.73189823875,3.03560593517738e-05,0.00888801653315167
"CR-Ab","Model B","Precipitation",2429.2446183953,3.02380871726557e-05,0.00885347520266132
"CR-Ab","Model B","Precipitation",2435.75733855186,3.01221734785846e-05,0.00881953658047774
"CR-Ab","Model B","Precipitation",2442.27005870841,3.00060440435648e-05,0.0087855347910333
"CR-Ab","Model B","Precipitation",2448.78277886497,2.98850210314444e-05,0.00875010020052361
"CR-Ab","Model B","Precipitation",2455.29549902153,2.97554840035113e-05,0.00871217277283669
"CR-Ab","Model B","Precipitation",2461.80821917808,2.96151866736326e-05,0.00867109481297803
"CR-Ab","Model B","Precipitation",2468.32093933464,2.94615650646331e-05,0.0086261156085031
"CR-Ab","Model B","Precipitation",2474.83365949119,2.92907266629266e-05,0.00857609546190671
"CR-Ab","Model B","Precipitation",2481.34637964775,2.90932310735224e-05,0.00851827029944053
"CR-Ab","Model B","Precipitation",2487.85909980431,2.88719308550601e-05,0.00845347532794275
"CR-Ab","Model B","Precipitation",2494.37181996086,2.86246442195775e-05,0.00838107173697835
"CR-Ab","Model B","Precipitation",2500.88454011742,2.83492849125202e-05,0.00830044868754622
"CR-Ab","Model B","Precipitation",2507.39726027397,2.80366523400075e-05,0.00820891231778575
"CR-Ab","Model B","Precipitation",2513.90998043053,2.76853450519221e-05,0.00810605229407397
"CR-Ab","Model B","Precipitation",2520.42270058708,2.72994138508306e-05,0.00799305465969031
"CR-Ab","Model B","Precipitation",2526.93542074364,2.6877975061545e-05,0.00786966068145768
"CR-Ab","Model B","Precipitation",2533.4481409002,2.64203086709333e-05,0.00773565954516768
"CR-Ab","Model B","Precipitation",2539.96086105675,2.59124670130224e-05,0.00758696748341388
"CR-Ab","Model B","Precipitation",2546.47358121331,2.53677640395034e-05,0.00742748271702208
"CR-Ab","Model B","Precipitation",2552.98630136986,2.47874601629826e-05,0.00725757428493608
"CR-Ab","Model B","Precipitation",2559.49902152642,2.41724392373695e-05,0.00707750097266132
"CR-Ab","Model B","Precipitation",2566.01174168297,2.35195777062434e-05,0.00688634822733081
"CR-Ab","Model B","Precipitation",2572.52446183953,2.28284537411746e-05,0.00668399254088265
"CR-Ab","Model B","Precipitation",2579.03718199609,2.21094845221993e-05,0.00647348398207969
"CR-Ab","Model B","Precipitation",2585.54990215264,2.13649701231522e-05,0.00625549599453434
"CR-Ab","Model B","Precipitation",2592.0626223092,2.05973372999687e-05,0.00603073911338646
"CR-Ab","Model B","Precipitation",2598.57534246575,1.98049933134124e-05,0.0057987469970565
"CR-Ab","Model B","Precipitation",2605.08806262231,1.89968297082558e-05,0.00556212302024564
"CR-Ab","Model B","Precipitation",2611.60078277886,1.8177798749591e-05,0.00532231716740361
"CR-Ab","Model B","Precipitation",2618.11350293542,1.7351047207581e-05,0.00508025078819934
"CR-Ab","Model B","Precipitation",2624.62622309198,1.65198230494331e-05,0.00483687486200416
"CR-Ab","Model B","Precipitation",2631.13894324853,1.56899344074057e-05,0.00459388996447389
"CR-Ab","Model B","Precipitation",2637.65166340509,1.48659509741656e-05,0.00435263406584706
"CR-Ab","Model B","Precipitation",2644.16438356164,1.4050988357629e-05,0.0041140193917308
"CR-Ab","Model B","Precipitation",2650.6771037182,1.32481127808506e-05,0.00387894370823126
"CR-Ab","Model B","Precipitation",2657.18982387476,1.24646235766332e-05,0.00364954420284972
"CR-Ab","Model B","Precipitation",2663.70254403131,1.17053056067992e-05,0.00342722184566901
"CR-Ab","Model B","Precipitation",2670.21526418787,1.09698162035767e-05,0.00321187630624813
"CR-Ab","Model B","Precipitation",2676.72798434442,1.02605344430147e-05,0.00300420415942946
"CR-Ab","Model B","Precipitation",2683.24070450098,9.57974274087138e-06,0.00280487367867889
"CR-Ab","Model B","Precipitation",2689.75342465753,8.94203329873178e-06,0.00261815734638418
"CR-Ab","Model B","Precipitation",2696.26614481409,8.33966712640992e-06,0.00244178924680425
"CR-Ab","Model B","Precipitation",2702.77886497065,7.77330815299483e-06,0.00227596377317873
"CR-Ab","Model B","Precipitation",2709.2915851272,7.24428408468182e-06,0.00212106966748756
"CR-Ab","Model B","Precipitation",2715.80430528376,6.75893072023133e-06,0.00197896200200743
"CR-Ab","Model B","Precipitation",2722.31702544031,6.32405488307262e-06,0.00185163376135063
"CR-Ab","Model B","Precipitation",2728.82974559687,5.93023083540438e-06,0.00173632516327914
"CR-Ab","Model B","Precipitation",2735.34246575342,5.57788243138944e-06,0.00163316030897366
"CR-Ab","Model B","Precipitation",2741.85518590998,5.2673428356681e-06,0.00154223674643265
"CR-Ab","Model B","Precipitation",2748.36790606654,5.01054346900308e-06,0.00146704790224928
"CR-Ab","Model B","Precipitation",2754.88062622309,4.80003167864671e-06,0.00140541169804277
"CR-Ab","Model B","Precipitation",2761.39334637965,4.63110194227764e-06,0.00135595039371503
"CR-Ab","Model B","Precipitation",2767.9060665362,4.50338670292789e-06,0.00131855637146327
"CR-Ab","Model B","Precipitation",2774.41878669276,4.41831321649973e-06,0.00129364752064228
"CR-Ab","Model B","Precipitation",2780.93150684931,4.38636088768973e-06,0.00128429212890829
"CR-Ab","Model B","Precipitation",2787.44422700587,4.39294997498281e-06,0.00128622136208447
"CR-Ab","Model B","Precipitation",2793.95694716243,4.43717835888378e-06,0.00129917108664492
"CR-Ab","Model B","Precipitation",2800.46966731898,4.51809242011419e-06,0.00132286209033043
"CR-Ab","Model B","Precipitation",2806.98238747554,4.64131796086612e-06,0.00135894156398074
"CR-Ab","Model B","Precipitation",2813.49510763209,4.80412212798579e-06,0.00140660934958682
"CR-Ab","Model B","Precipitation",2820.00782778865,4.99863209488676e-06,0.00146356034515725
"CR-Ab","Model B","Precipitation",2826.52054794521,5.22347428211295e-06,0.00152939237738048
"CR-Ab","Model B","Precipitation",2833.03326810176,5.47723253406628e-06,0.0016036908069839
"CR-Ab","Model B","Precipitation",2839.54598825832,5.76682446689481e-06,0.00168848105782049
"CR-Ab","Model B","Precipitation",2846.05870841487,6.08113556176615e-06,0.00178050888578711
"CR-Ab","Model B","Precipitation",2852.57142857143,6.41757050366475e-06,0.00187901440296485
"CR-Ab","Model B","Precipitation",2859.08414872798,6.77439830551991e-06,0.00198349078989059
"CR-Ab","Model B","Precipitation",2865.59686888454,7.15166760726898e-06,0.00209395228795722
"CR-Ab","Model B","Precipitation",2872.1095890411,7.54832582538408e-06,0.002210090708948
"CR-Ab","Model B","Precipitation",2878.62230919765,7.95764220795898e-06,0.00232993534139707
"CR-Ab","Model B","Precipitation",2885.13502935421,8.37775177246283e-06,0.00245294013301958
"CR-Ab","Model B","Precipitation",2891.64774951076,8.806791613865e-06,0.00257855963980646
"CR-Ab","Model B","Precipitation",2898.16046966732,9.24379914700443e-06,0.00270651202435825
"CR-Ab","Model B","Precipitation",2904.67318982387,9.68454754591606e-06,0.00283555970512245
"CR-Ab","Model B","Precipitation",2911.18590998043,1.01266221012253e-05,0.00296499567409793
"CR-Ab","Model B","Precipitation",2917.69863013699,1.05683731117678e-05,0.00309433691169861
"CR-Ab","Model B","Precipitation",2924.21135029354,1.10080273918572e-05,0.00322306424303706
"CR-Ab","Model B","Precipitation",2930.7240704501,1.14417900230103e-05,0.00335006654569027
"CR-Ab","Model B","Precipitation",2937.23679060665,1.18691878164898e-05,0.00347520527370031
"CR-Ab","Model B","Precipitation",2943.74951076321,1.22891409921912e-05,0.00359816427590574
"CR-Ab","Model B","Precipitation",2950.26223091976,1.27006545175145e-05,0.00371865221455103
"CR-Ab","Model B","Precipitation",2956.77495107632,1.31008257520154e-05,0.00383581921923762
"CR-Ab","Model B","Precipitation",2963.28767123288,1.34884557806454e-05,0.00394931425702515
"CR-Ab","Model B","Precipitation",2969.80039138943,1.3865141438382e-05,0.00405960486869401
"CR-Ab","Model B","Precipitation",2976.31311154599,1.42307219089996e-05,0.00416664396851237
"CR-Ab","Model B","Precipitation",2982.82583170254,1.45851325159043e-05,0.00427041261967984
"CR-Ab","Model B","Precipitation",2989.3385518591,1.49249114409415e-05,0.00436989722894191
"CR-Ab","Model B","Precipitation",2995.85127201566,1.5253991071757e-05,0.00446624916861622
"CR-Ab","Model B","Precipitation",3002.36399217221,1.55734607723903e-05,0.00455978739596534
"CR-Ab","Model B","Precipitation",3008.87671232877,1.58840065272761e-05,0.00465071276186146
"CR-Ab","Model B","Precipitation",3015.38943248532,1.61856774022672e-05,0.00473903963240221
"CR-Ab","Model B","Precipitation",3021.90215264188,1.64790397062015e-05,0.00482493381838191
"CR-Ab","Model B","Precipitation",3028.41487279843,1.67673339134616e-05,0.00490934410533142
"CR-Ab","Model B","Precipitation",3034.92759295499,1.70515892863086e-05,0.00499257185318312
"CR-Ab","Model B","Precipitation",3041.44031311155,1.73328367491366e-05,0.00507491890852897
"CR-Ab","Model B","Precipitation",3047.9530332681,1.76121110107555e-05,0.00515668822600818
"CR-Ab","Model B","Precipitation",3054.46575342466,1.78913343856339e-05,0.00523844264424813
"CR-Ab","Model B","Precipitation",3060.97847358121,1.81714777428978e-05,0.00532046642612838
"CR-Ab","Model B","Precipitation",3067.49119373777,1.84532396998382e-05,0.00540296412132257
"CR-Ab","Model B","Precipitation",3074.00391389432,1.87373345866351e-05,0.0054861448801152
"CR-Ab","Model B","Precipitation",3080.51663405088,1.90253665715474e-05,0.00557047839041412
"CR-Ab","Model B","Precipitation",3087.02935420744,1.93164997474565e-05,0.00565571990515892
"CR-Ab","Model B","Precipitation",3093.54207436399,1.96105757775705e-05,0.00574182306457657
"CR-Ab","Model B","Precipitation",3100.05479452055,1.99073182696575e-05,0.00582870694318526
"CR-Ab","Model B","Precipitation",3106.5675146771,2.02064639011436e-05,0.00591629444219683
"CR-Ab","Model B","Precipitation",3113.08023483366,2.05064765599661e-05,0.00600413580002488
"CR-Ab","Model B","Precipitation",3119.59295499022,2.08057063198569e-05,0.00609174793117474
"CR-Ab","Model B","Precipitation",3126.10567514677,2.11028093179637e-05,0.00617873736312378
"CR-Ab","Model B","Precipitation",3132.61839530333,2.13963299193992e-05,0.00626467789737257
"CR-Ab","Model B","Precipitation",3139.13111545988,2.16815796260302e-05,0.00634819677837202
"CR-Ab","Model B","Precipitation",3145.64383561644,2.19569762576498e-05,0.00642883075614379
"CR-Ab","Model B","Precipitation",3152.15655577299,2.22206930431712e-05,0.0065060449664147
"CR-Ab","Model B","Precipitation",3158.66927592955,2.24705345015244e-05,0.00657919658951494
"CR-Ab","Model B","Precipitation",3165.18199608611,2.27022198451478e-05,0.00664703224435905
"CR-Ab","Model B","Precipitation",3171.69471624266,2.29078256541159e-05,0.00670723201562196
"CR-Ab","Model B","Precipitation",3178.20743639922,2.30896933308327e-05,0.00676048144759773
"CR-Ab","Model B","Precipitation",3184.72015655577,2.3245525553472e-05,0.00680610790244042
"CR-Ab","Model B","Precipitation",3191.23287671233,2.33730617120069e-05,0.00684344949123154
"CR-Ab","Model B","Precipitation",3197.74559686888,2.34613779663011e-05,0.00686930779909743
"CR-Ab","Model B","Precipitation",3204.25831702544,2.35105765142729e-05,0.00688371274878848
"CR-Ab","Model B","Precipitation",3210.771037182,2.35231379629861e-05,0.00688739064263329
"CR-Ab","Model B","Precipitation",3217.28375733855,2.34975152092484e-05,0.00687988850092886
"CR-Ab","Model B","Precipitation",3223.79647749511,2.34314760743088e-05,0.00686055275921165
"CR-Ab","Model B","Precipitation",3230.30919765166,2.33089279897448e-05,0.00682467163942963
"CR-Ab","Model B","Precipitation",3236.82191780822,2.31438505991783e-05,0.00677633827179446
"CR-Ab","Model B","Precipitation",3243.33463796477,2.29359282725018e-05,0.00671546024228157
"CR-Ab","Model B","Precipitation",3249.84735812133,2.26850007573294e-05,0.00664199063024695
"CR-Ab","Model B","Precipitation",3256.36007827789,2.23838808421427e-05,0.0065538250764237
"CR-Ab","Model B","Precipitation",3262.87279843444,2.20318017369155e-05,0.00645073907069504
"CR-Ab","Model B","Precipitation",3269.385518591,2.16389607994288e-05,0.00633571831958832
"CR-Ab","Model B","Precipitation",3275.89823874755,2.12065654571093e-05,0.00620911634840168
"CR-Ab","Model B","Precipitation",3282.41095890411,2.07359651307982e-05,0.00607132825699332
"CR-Ab","Model B","Precipitation",3288.92367906067,2.02181958264749e-05,0.00591972945808945
"CR-Ab","Model B","Precipitation",3295.43639921722,1.96660017231848e-05,0.00575805134754561
"CR-Ab","Model B","Precipitation",3301.94911937378,1.90838509458693e-05,0.00558760215736556
"CR-Ab","Model B","Precipitation",3308.46183953033,1.8474106354195e-05,0.00540907371436184
"CR-Ab","Model B","Precipitation",3314.97455968689,1.78373710569596e-05,0.00522264260406891
"CR-Ab","Model B","Precipitation",3321.48727984344,1.71741763514026e-05,0.00502846438615916
"CR-Ab","Model B","Precipitation",3328,1.64945933777795e-05,0.00482948781165666
"CR-Ec","Model B","Temperature",-6.47438433850488,6.20580831887811e-06,2.56476253840173e-05
"CR-Ec","Model B","Temperature",-6.39894643502737,7.47695463878102e-06,3.09010723075981e-05
"CR-Ec","Model B","Temperature",-6.32350853154985,8.95827375192763e-06,3.70231301824112e-05
"CR-Ec","Model B","Temperature",-6.24807062807234,1.0674665257958e-05,4.41167051201134e-05
"CR-Ec","Model B","Temperature",-6.17263272459482,1.26677899262536e-05,5.23539744989605e-05
"CR-Ec","Model B","Temperature",-6.09719482111731,1.50603055852776e-05,6.22418637464222e-05
"CR-Ec","Model B","Temperature",-6.02175691763979,1.78101913232815e-05,7.36067070727345e-05
"CR-Ec","Model B","Temperature",-5.94631901416228,2.09539378140384e-05,8.659931466778e-05
"CR-Ec","Model B","Temperature",-5.87088111068477,2.45296150261784e-05,0.000101377023697586
"CR-Ec","Model B","Temperature",-5.79544320720725,2.86157093618223e-05,0.000118264206062783
"CR-Ec","Model B","Temperature",-5.72000530372974,3.33890614120658e-05,0.000137991715988969
"CR-Ec","Model B","Temperature",-5.64456740025222,3.87682379269781e-05,0.000160223002719062
"CR-Ec","Model B","Temperature",-5.56912949677471,4.48008008951228e-05,0.000185154632437919
"CR-Ec","Model B","Temperature",-5.4936915932972,5.15350913238427e-05,0.000212986390891942
"CR-Ec","Model B","Temperature",-5.41825368981968,5.90987337189049e-05,0.000244245730001258
"CR-Ec","Model B","Temperature",-5.34281578634217,6.77017327466405e-05,0.000279800565875131
"CR-Ec","Model B","Temperature",-5.26737788286465,7.72064644296381e-05,0.000319082120356851
"CR-Ec","Model B","Temperature",-5.19193997938714,8.76611405335477e-05,0.000362289645057322
"CR-Ec","Model B","Temperature",-5.11650207590962,9.91127993797866e-05,0.000409617541927814
"CR-Ec","Model B","Temperature",-5.04106417243211,0.000111736989482635,0.000461791325244572
"CR-Ec","Model B","Temperature",-4.9656262689546,0.000125722930654157,0.000519593010597776
"CR-Ec","Model B","Temperature",-4.89018836547708,0.000140868391312769,0.000582186806809431
"CR-Ec","Model B","Temperature",-4.81475046199957,0.000157202620635787,0.00064969359610858
"CR-Ec","Model B","Temperature",-4.73931255852205,0.000174750876083656,0.000722217763589045
"CR-Ec","Model B","Temperature",-4.66387465504454,0.00019370823099252,0.000800565516531291
"CR-Ec","Model B","Temperature",-4.58843675156702,0.000214168496597552,0.000885124561949926
"CR-Ec","Model B","Temperature",-4.51299884808951,0.000235875340219767,0.000974835517378316
"CR-Ec","Model B","Temperature",-4.437560944612,0.000258815473168686,0.00106964346275807
"CR-Ec","Model B","Temperature",-4.36212304113448,0.000282969023874696,0.00116946627203131
"CR-Ec","Model B","Temperature",-4.28668513765697,0.000308488260789416,0.00127493324665308
"CR-Ec","Model B","Temperature",-4.21124723417945,0.000335313913275083,0.00138579943044115
"CR-Ec","Model B","Temperature",-4.13580933070194,0.00036317050933843,0.00150092634116658
"CR-Ec","Model B","Temperature",-4.06037142722442,0.000391986112539688,0.00162001667688838
"CR-Ec","Model B","Temperature",-3.98493352374691,0.000421681429063728,0.00174274272879552
"CR-Ec","Model B","Temperature",-3.9094956202694,0.000452280737070628,0.00186920483468811
"CR-Ec","Model B","Temperature",-3.83405771679188,0.000483579180108825,0.00199855635521523
"CR-Ec","Model B","Temperature",-3.75861981331437,0.000515335647360813,0.00212980081745896
"CR-Ec","Model B","Temperature",-3.68318190983685,0.000547423849519501,0.00226241628766436
"CR-Ec","Model B","Temperature",-3.60774400635934,0.000579712459281045,0.00239586001083184
"CR-Ec","Model B","Temperature",-3.53230610288183,0.000612023266781268,0.00252939547374647
"CR-Ec","Model B","Temperature",-3.45686819940431,0.000644105020629338,0.0026619842941028
"CR-Ec","Model B","Temperature",-3.3814302959268,0.000675805741441609,0.00279299836511803
"CR-Ec","Model B","Temperature",-3.30599239244928,0.000706976526055405,0.00292182229354466
"CR-Ec","Model B","Temperature",-3.23055448897177,0.000737469009022262,0.00304784290842305
"CR-Ec","Model B","Temperature",-3.15511658549425,0.000766887392232941,0.00316942443869619
"CR-Ec","Model B","Temperature",-3.07967868201674,0.000795100657315173,0.00328602540612985
"CR-Ec","Model B","Temperature",-3.00424077853923,0.000822082379996576,0.00339753660338082
"CR-Ec","Model B","Temperature",-2.92880287506171,0.000847716440739536,0.00350347812674476
"CR-Ec","Model B","Temperature",-2.8533649715842,0.000871894938878372,0.00360340403981665
"CR-Ec","Model B","Temperature",-2.77792706810668,0.000894096006978461,0.00369515754693417
"CR-Ec","Model B","Temperature",-2.70248916462917,0.000914465216310948,0.00377934027116351
"CR-Ec","Model B","Temperature",-2.62705126115166,0.000933110605221618,0.00385639871791982
"CR-Ec","Model B","Temperature",-2.55161335767414,0.00095001462490739,0.00392626036077235
"CR-Ec","Model B","Temperature",-2.47617545419663,0.000965175820693928,0.00398891918778188
"CR-Ec","Model B","Temperature",-2.40073755071911,0.000978173675526421,0.00404263726839445
"CR-Ec","Model B","Temperature",-2.3252996472416,0.000989473402067468,0.00408933725304995
"CR-Ec","Model B","Temperature",-2.24986174376408,0.000999307860452854,0.00412998151590219
"CR-Ec","Model B","Temperature",-2.17442384028657,0.00100781808720524,0.00416515293861826
"CR-Ec","Model B","Temperature",-2.09898593680906,0.00101516752424812,0.00419552700084733
"CR-Ec","Model B","Temperature",-2.02354803333154,0.00102140462258558,0.00422130394293494
"CR-Ec","Model B","Temperature",-1.94811012985403,0.00102715633367141,0.00424507485619335
"CR-Ec","Model B","Temperature",-1.87267222637651,0.00103277713704986,0.00426830474857805
"CR-Ec","Model B","Temperature",-1.797234322899,0.00103860932966512,0.0042924082792831
"CR-Ec","Model B","Temperature",-1.72179641942148,0.00104502149475446,0.00431890874459905
"CR-Ec","Model B","Temperature",-1.64635851594397,0.00105302383334836,0.00435198114579263
"CR-Ec","Model B","Temperature",-1.57092061246646,0.0010630022484885,0.0043932203591699
"CR-Ec","Model B","Temperature",-1.49548270898894,0.00107546776301834,0.00444473836141108
"CR-Ec","Model B","Temperature",-1.42004480551143,0.00109098641850305,0.0045088745128814
"CR-Ec","Model B","Temperature",-1.34460690203391,0.00111015215659602,0.00458808348060304
"CR-Ec","Model B","Temperature",-1.2691689985564,0.00113553367726729,0.00469298129574717
"CR-Ec","Model B","Temperature",-1.19373109507888,0.00116662837128819,0.00482149075377419
"CR-Ec","Model B","Temperature",-1.11829319160137,0.00120420354007304,0.00497678299021071
"CR-Ec","Model B","Temperature",-1.04285528812386,0.00124905421330129,0.00516214373712258
"CR-Ec","Model B","Temperature",-0.967417384646343,0.00130221472259683,0.00538184772370692
"CR-Ec","Model B","Temperature",-0.891979481168828,0.00136785207577399,0.0056531165349535
"CR-Ec","Model B","Temperature",-0.816541577691314,0.00144433863252722,0.00596922339061525
"CR-Ec","Model B","Temperature",-0.7411036742138,0.0015326586780233,0.00633423618578844
"CR-Ec","Model B","Temperature",-0.665665770736286,0.00163381985466891,0.00675231934735185
"CR-Ec","Model B","Temperature",-0.590227867258771,0.00174955133741203,0.00723061928218922
"CR-Ec","Model B","Temperature",-0.514789963781257,0.00188547478405763,0.00779236941389501
"CR-Ec","Model B","Temperature",-0.439352060303743,0.00203859323328285,0.00842518377478397
"CR-Ec","Model B","Temperature",-0.363914156826229,0.00221004786615227,0.00913377868591135
"CR-Ec","Model B","Temperature",-0.288476253348715,0.00240098933835727,0.0099229096254683
"CR-Ec","Model B","Temperature",-0.213038349871201,0.00261409328991198,0.0108036345909337
"CR-Ec","Model B","Temperature",-0.137600446393686,0.00285589842882968,0.0118029770295369
"CR-Ec","Model B","Temperature",-0.0621625429161723,0.00312187390642227,0.0129022116594365
"CR-Ec","Model B","Temperature",0.0132753605613418,0.0034131477155046,0.0141060002967352
"CR-Ec","Model B","Temperature",0.0887132640388568,0.00373082465307563,0.0154189088928932
"CR-Ec","Model B","Temperature",0.164151167516371,0.00407859871845536,0.0168562041635193
"CR-Ec","Model B","Temperature",0.239589070993885,0.00446281693277283,0.0184441173442332
"CR-Ec","Model B","Temperature",0.315026974471399,0.00487738666936915,0.0201574685715711
"CR-Ec","Model B","Temperature",0.390464877948913,0.00532307301726297,0.0219994198375776
"CR-Ec","Model B","Temperature",0.465902781426427,0.00580056162276525,0.0239728048101372
"CR-Ec","Model B","Temperature",0.541340684903941,0.00631416059040029,0.0260954282046514
"CR-Ec","Model B","Temperature",0.616778588381456,0.00686833228683607,0.0283857322775912
"CR-Ec","Model B","Temperature",0.69221649185897,0.00745567730954808,0.0308131364672856
"CR-Ec","Model B","Temperature",0.767654395336484,0.00807607369335,0.0333771367108875
"CR-Ec","Model B","Temperature",0.843092298813999,0.00872925113354616,0.0360766158817929
"CR-Ec","Model B","Temperature",0.918530202291513,0.00941894927439067,0.0389270293389122
"CR-Ec","Model B","Temperature",0.993968105769027,0.0101459403186503,0.0419315684742874
"CR-Ec","Model B","Temperature",1.06940600924654,0.0109022430323496,0.0450572481087788
"CR-Ec","Model B","Temperature",1.14484391272406,0.0116863175745809,0.0482977043231804
"CR-Ec","Model B","Temperature",1.22028181620157,0.0124964267640847,0.0516457576217875
"CR-Ec","Model B","Temperature",1.29571971967908,0.0133337397126334,0.0551062397588586
"CR-Ec","Model B","Temperature",1.3711576231566,0.0141944825294711,0.0586635538401009
"CR-Ec","Model B","Temperature",1.44659552663411,0.0150713490860332,0.0622875047903849
"CR-Ec","Model B","Temperature",1.52203343011163,0.015961171825303,0.065965001596973
"CR-Ec","Model B","Temperature",1.59747133358914,0.0168606000507658,0.0696821963605153
"CR-Ec","Model B","Temperature",1.67290923706665,0.0177659171025041,0.0734237287127336
"CR-Ec","Model B","Temperature",1.74834714054417,0.0186700790149089,0.0771604870565761
"CR-Ec","Model B","Temperature",1.82378504402168,0.0195680010777923,0.0808714570881224
"CR-Ec","Model B","Temperature",1.8992229474992,0.020455325277389,0.0845386278249625
"CR-Ec","Model B","Temperature",1.97466085097671,0.02132761398781,0.0881436592603567
"CR-Ec","Model B","Temperature",2.05009875445423,0.0221747186981701,0.0916446092020848
"CR-Ec","Model B","Temperature",2.12553665793174,0.0229900621319512,0.0950142948053802
"CR-Ec","Model B","Temperature",2.20097456140925,0.0237720642310581,0.0982461859397547
"CR-Ec","Model B","Temperature",2.27641246488677,0.0245163286425687,0.10132211317312
"CR-Ec","Model B","Temperature",2.35185036836428,0.0252185536060558,0.104224298009225
"CR-Ec","Model B","Temperature",2.4272882718418,0.025862608156312,0.106886073717249
"CR-Ec","Model B","Temperature",2.50272617531931,0.0264472865338492,0.109302457083714
"CR-Ec","Model B","Temperature",2.57816407879683,0.0269749367506006,0.111483152071
"CR-Ec","Model B","Temperature",2.65360198227434,0.0274426428858112,0.113416107639285
"CR-Ec","Model B","Temperature",2.72903988575185,0.0278477625010911,0.115090403008159
"CR-Ec","Model B","Temperature",2.80447778922937,0.0281712475359362,0.116427315552784
"CR-Ec","Model B","Temperature",2.87991569270688,0.0284207169279549,0.117458333138649
"CR-Ec","Model B","Temperature",2.9553535961844,0.0286017614568983,0.118206561575232
"CR-Ec","Model B","Temperature",3.03079149966191,0.0287141814636128,0.118671175702792
"CR-Ec","Model B","Temperature",3.10622940313942,0.0287581527401038,0.118852902041917
"CR-Ec","Model B","Temperature",3.18166730661694,0.0287168339425292,0.118682137979113
"CR-Ec","Model B","Temperature",3.25710521009445,0.0286061971748175,0.118224893696634
"CR-Ec","Model B","Temperature",3.33254311357197,0.0284335913280869,0.117511541000488
"CR-Ec","Model B","Temperature",3.40798101704948,0.0282018913592393,0.116553961633363
"CR-Ec","Model B","Temperature",3.483418920527,0.0279143226429446,0.115365485559222
"CR-Ec","Model B","Temperature",3.55885682400451,0.0275617818602167,0.113908490198846
"CR-Ec","Model B","Temperature",3.63429472748202,0.0271635600433926,0.112262702341271
"CR-Ec","Model B","Temperature",3.70973263095954,0.0267271791874008,0.110459209203207
"CR-Ec","Model B","Temperature",3.78517053443705,0.0262578839944724,0.108519686310414
"CR-Ec","Model B","Temperature",3.86060843791457,0.0257611278438818,0.106466671617905
"CR-Ec","Model B","Temperature",3.93604634139208,0.0252395034018866,0.10431088020573
"CR-Ec","Model B","Temperature",4.0114842448696,0.0247078176777758,0.10211350710406
"CR-Ec","Model B","Temperature",4.08692214834711,0.0241727358217527,0.0999020983257195
"CR-Ec","Model B","Temperature",4.16236005182462,0.0236404213468262,0.0977021266962587
"CR-Ec","Model B","Temperature",4.23779795530214,0.0231170495617685,0.095539113791253
"CR-Ec","Model B","Temperature",4.31323585877965,0.0226179361504846,0.0934763569126997
"CR-Ec","Model B","Temperature",4.38867376225717,0.0221460876223939,0.091526281489059
"CR-Ec","Model B","Temperature",4.46411166573468,0.0217070822942744,0.0897119418223073
"CR-Ec","Model B","Temperature",4.53954956921219,0.0213064137659648,0.0880560420926961
"CR-Ec","Model B","Temperature",4.61498747268971,0.0209503291555596,0.0865844006523853
"CR-Ec","Model B","Temperature",4.69042537616722,0.0206620291006053,0.085392902071102
"CR-Ec","Model B","Temperature",4.76586327964474,0.0204315718798032,0.0844404587853187
"CR-Ec","Model B","Temperature",4.84130118312225,0.0202628856298311,0.0837433051633547
"CR-Ec","Model B","Temperature",4.91673908659977,0.0201596328973836,0.0833165779320875
"CR-Ec","Model B","Temperature",4.99217699007728,0.0201281647220431,0.0831865249347696
"CR-Ec","Model B","Temperature",5.06761489355479,0.020191934492845,0.0834500753231012
"CR-Ec","Model B","Temperature",5.14305279703231,0.0203321518538776,0.0840295715246129
"CR-Ec","Model B","Temperature",5.21849070050982,0.0205504814952391,0.0849318934404918
"CR-Ec","Model B","Temperature",5.29392860398734,0.0208483144299392,0.0861627899077535
"CR-Ec","Model B","Temperature",5.36936650746485,0.0212318788321227,0.0877480009862075
"CR-Ec","Model B","Temperature",5.44480441094237,0.0217195567625138,0.0897634968288156
"CR-Ec","Model B","Temperature",5.52024231441988,0.0222887176908873,0.0921157490293451
"CR-Ec","Model B","Temperature",5.59568021789739,0.0229389514558387,0.0948030624555074
"CR-Ec","Model B","Temperature",5.67111812137491,0.0236696390578875,0.0978228788802408
"CR-Ec","Model B","Temperature",5.74655602485242,0.024486557299522,0.101199072915605
"CR-Ec","Model B","Temperature",5.82199392832994,0.025400867049449,0.104977770668765
"CR-Ec","Model B","Temperature",5.89743183180745,0.0263905601178467,0.109068015768054
"CR-Ec","Model B","Temperature",5.97286973528496,0.0274538341194634,0.113462359239971
"CR-Ec","Model B","Temperature",6.04830763876248,0.0285887777016716,0.118152901766063
"CR-Ec","Model B","Temperature",6.12374554223999,0.0298004642839395,0.123160610987489
"CR-Ec","Model B","Temperature",6.19918344571751,0.0310934693789975,0.128504396775521
"CR-Ec","Model B","Temperature",6.27462134919502,0.0324492808365119,0.134107751337393
"CR-Ec","Model B","Temperature",6.35005925267254,0.0338655296824503,0.13996088407768
"CR-Ec","Model B","Temperature",6.42549715615005,0.0353398284552648,0.146053927994979
"CR-Ec","Model B","Temperature",6.50093505962756,0.0368764719431873,0.152404632770558
"CR-Ec","Model B","Temperature",6.57637296310508,0.0384755126318014,0.159013215319042
"CR-Ec","Model B","Temperature",6.65181086658259,0.0401229664805977,0.165821881810215
"CR-Ec","Model B","Temperature",6.72724877006011,0.0418165074634548,0.172821019145583
"CR-Ec","Model B","Temperature",6.80268667353762,0.0435538354261686,0.180001121151202
"CR-Ec","Model B","Temperature",6.87812457701514,0.0453384194026962,0.187376524796375
"CR-Ec","Model B","Temperature",6.95356248049265,0.0471677609410773,0.194936904373858
"CR-Ec","Model B","Temperature",7.02900038397016,0.0490319957146145,0.202641492179783
"CR-Ec","Model B","Temperature",7.10443828744768,0.0509289943079772,0.210481487676997
"CR-Ec","Model B","Temperature",7.17987619092519,0.0528566373717732,0.218448131929277
"CR-Ec","Model B","Temperature",7.25531409440271,0.0548171444315542,0.226550597885085
"CR-Ec","Model B","Temperature",7.33075199788022,0.0568064989953749,0.234772286017741
"CR-Ec","Model B","Temperature",7.40618990135773,0.0588178676101826,0.243084954745332
"CR-Ec","Model B","Temperature",7.48162780483525,0.0608490092878769,0.25147934241807
"CR-Ec","Model B","Temperature",7.55706570831276,0.0628976348244476,0.259945988117432
"CR-Ec","Model B","Temperature",7.63250361179028,0.0649634875692014,0.268483831146649
"CR-Ec","Model B","Temperature",7.70794151526779,0.0670413955087038,0.277071496391274
"CR-Ec","Model B","Temperature",7.78337941874531,0.0691265340249549,0.28568904446731
"CR-Ec","Model B","Temperature",7.85881732222282,0.0712160359740008,0.294324625921748
"CR-Ec","Model B","Temperature",7.93425522570033,0.073306928763762,0.302965955501137
"CR-Ec","Model B","Temperature",8.00969312917785,0.0753943772902563,0.311593050484571
"CR-Ec","Model B","Temperature",8.08513103265536,0.0774728698567257,0.32018313190009
"CR-Ec","Model B","Temperature",8.16056893613288,0.0795390509354587,0.328722331881773
"CR-Ec","Model B","Temperature",8.23600683961039,0.0815891073020251,0.337194890975464
"CR-Ec","Model B","Temperature",8.31144474308791,0.0836191112847441,0.345584576734603
"CR-Ec","Model B","Temperature",8.38688264656542,0.0856172100367854,0.353842403215762
"CR-Ec","Model B","Temperature",8.46232055004293,0.0875798878285146,0.361953840463779
"CR-Ec","Model B","Temperature",8.53775845352045,0.0895051689461143,0.369910723165571
"CR-Ec","Model B","Temperature",8.61319635699796,0.0913884917323107,0.377694198712279
"CR-Ec","Model B","Temperature",8.68863426047548,0.0932252423931666,0.385285199022453
"CR-Ec","Model B","Temperature",8.76407216395299,0.0949948170782747,0.392598571637367
"CR-Ec","Model B","Temperature",8.8395100674305,0.096699573364716,0.399644060050648
"CR-Ec","Model B","Temperature",8.91494797090802,0.0983389394119493,0.406419300935677
"CR-Ec","Model B","Temperature",8.99038587438553,0.0999083592322228,0.412905465114835
"CR-Ec","Model B","Temperature",9.06582377786305,0.101403340872416,0.419083988055518
"CR-Ec","Model B","Temperature",9.14126168134056,0.102794543798102,0.424833609964172
"CR-Ec","Model B","Temperature",9.21669958481808,0.104094272065431,0.430205181561071
"CR-Ec","Model B","Temperature",9.29213748829559,0.105303144723914,0.435201261280037
"CR-Ec","Model B","Temperature",9.3675753917731,0.106417626002071,0.439807236336134
"CR-Ec","Model B","Temperature",9.44301329525062,0.107434363238862,0.444009250710936
"CR-Ec","Model B","Temperature",9.51845119872813,0.108317440197667,0.447658868272568
"CR-Ec","Model B","Temperature",9.59388910220565,0.109091348464098,0.450857308875162
"CR-Ec","Model B","Temperature",9.66932700568316,0.109757329203566,0.453609702059286
"CR-Ec","Model B","Temperature",9.74476490916068,0.110313668580338,0.455908964812601
"CR-Ec","Model B","Temperature",9.82020281263819,0.110758902263716,0.457749045287676
"CR-Ec","Model B","Temperature",9.8956407161157,0.111054268074554,0.458969745521773
"CR-Ec","Model B","Temperature",9.97107861959322,0.11123544940643,0.459718539343266
"CR-Ec","Model B","Temperature",10.0465165230707,0.111303552821809,0.46
"CR-Ec","Model B","Temperature",10.1219544265482,0.111258910838306,0.459815501734753
"CR-Ec","Model B","Temperature",10.1973923300258,0.111100606514637,0.459161254974056
"CR-Ec","Model B","Temperature",10.2728302335033,0.110795524756528,0.45790040026482
"CR-Ec","Model B","Temperature",10.3482681369808,0.110382054021593,0.456191591037729
"CR-Ec","Model B","Temperature",10.4237060404583,0.109862032026701,0.454042422286277
"CR-Ec","Model B","Temperature",10.4991439439358,0.109237461180123,0.451461169647505
"CR-Ec","Model B","Temperature",10.5745818474133,0.108506977772143,0.448442197124601
"CR-Ec","Model B","Temperature",10.6500197508908,0.107647978849132,0.444892090281042
"CR-Ec","Model B","Temperature",10.7254576543684,0.106694491186835,0.440951476405412
"CR-Ec","Model B","Temperature",10.8008955578459,0.105649446757228,0.436632472874689
"CR-Ec","Model B","Temperature",10.8763334613234,0.104515864766366,0.431947557590524
"CR-Ec","Model B","Temperature",10.9517713648009,0.103292178359624,0.426890254990291
"CR-Ec","Model B","Temperature",11.0272092682784,0.101965652749039,0.421407934207177
"CR-Ec","Model B","Temperature",11.1026471717559,0.100563785531164,0.415614238463656
"CR-Ec","Model B","Temperature",11.1780850752334,0.0990900648844276,0.409523583850106
"CR-Ec","Model B","Temperature",11.253522978711,0.0975480267156174,0.403150583710674
"CR-Ec","Model B","Temperature",11.3289608821885,0.0959365173473862,0.396490470079143
"CR-Ec","Model B","Temperature",11.404398785666,0.0942510546489421,0.38952471901704
"CR-Ec","Model B","Temperature",11.4798366891435,0.0925121767637754,0.382338211426782
"CR-Ec","Model B","Temperature",11.555274592621,0.0907237516278642,0.374946932876705
"CR-Ec","Model B","Temperature",11.6307124960985,0.088889697182883,0.367367075600792
"CR-Ec","Model B","Temperature",11.706150399576,0.0870103915064358,0.359600202134052
"CR-Ec","Model B","Temperature",11.7815883030536,0.0850880090868037,0.351655299293021
"CR-Ec","Model B","Temperature",11.8570262065311,0.0831365570510143,0.343590256320851
"CR-Ec","Model B","Temperature",11.9324641100086,0.0811603518023922,0.335422912230573
"CR-Ec","Model B","Temperature",12.0079020134861,0.0791637667731329,0.327171341726533
"CR-Ec","Model B","Temperature",12.0833399169636,0.0771502090231579,0.318849625649137
"CR-Ec","Model B","Temperature",12.1587778204411,0.0751267333809235,0.310486920489869
"CR-Ec","Model B","Temperature",12.2342157239186,0.0731012674808072,0.302115989909197
"CR-Ec","Model B","Temperature",12.3096536273962,0.0710785173566824,0.293756283201658
"CR-Ec","Model B","Temperature",12.3850915308737,0.0690632116587273,0.285427343131403
"CR-Ec","Model B","Temperature",12.4605294343512,0.0670631326410942,0.277161332525396
"CR-Ec","Model B","Temperature",12.5359673378287,0.0650874615792977,0.268996196144877
"CR-Ec","Model B","Temperature",12.6114052413062,0.063138313397139,0.260940674635798
"CR-Ec","Model B","Temperature",12.6868431447837,0.061220290741736,0.253013790011568
"CR-Ec","Model B","Temperature",12.7622810482612,0.0593379269440855,0.245234277813018
"CR-Ec","Model B","Temperature",12.8377189517388,0.0575037885358382,0.237654073530191
"CR-Ec","Model B","Temperature",12.9131568552163,0.0557252817930963,0.230303786132168
"CR-Ec","Model B","Temperature",12.9885947586938,0.0539991798779726,0.22317007960774
"CR-Ec","Model B","Temperature",13.0640326621713,0.0523290853893737,0.216267842929048
"CR-Ec","Model B","Temperature",13.1394705656488,0.0507184118799973,0.209611183770114
"CR-Ec","Model B","Temperature",13.2149084691263,0.049183373305127,0.203267111846635
"CR-Ec","Model B","Temperature",13.2903463726038,0.0477256631875061,0.197242626220564
"CR-Ec","Model B","Temperature",13.3657842760814,0.0463378569434984,0.191507042260674
"CR-Ec","Model B","Temperature",13.4412221795589,0.0450216299167955,0.18606728389777
"CR-Ec","Model B","Temperature",13.5166600830364,0.0437783774605022,0.180929117905796
"CR-Ec","Model B","Temperature",13.5920979865139,0.0426252766955988,0.176163534612109
"CR-Ec","Model B","Temperature",13.6675358899914,0.0415561781180551,0.171745119088057
"CR-Ec","Model B","Temperature",13.7429737934689,0.0405613210168571,0.167633531857021
"CR-Ec","Model B","Temperature",13.8184116969464,0.0396399618896685,0.163825700141305
"CR-Ec","Model B","Temperature",13.893849600424,0.0387910617752344,0.160317330078178
"CR-Ec","Model B","Temperature",13.9692875039015,0.0380292406119681,0.157168843563435
"CR-Ec","Model B","Temperature",14.044725407379,0.0373414925865511,0.154326489625297
"CR-Ec","Model B","Temperature",14.1201633108565,0.0367178325758565,0.151749001327337
"CR-Ec","Model B","Temperature",14.195601214334,0.0361553076685636,0.149424174753571
"CR-Ec","Model B","Temperature",14.2710391178115,0.035650740221543,0.14733887720695
"CR-Ec","Model B","Temperature",14.346477021289,0.0352129708598263,0.145529645594083
"CR-Ec","Model B","Temperature",14.4219149247666,0.0348260923623728,0.143930737883441
"CR-Ec","Model B","Temperature",14.4973528282441,0.0344816057250442,0.1425070290336
"CR-Ec","Model B","Temperature",14.5727907317216,0.0341752000375292,0.141240702733284
"CR-Ec","Model B","Temperature",14.6482286351991,0.0339024715262088,0.140113558881836
"CR-Ec","Model B","Temperature",14.7236665386766,0.0336646529906384,0.139130692445061
"CR-Ec","Model B","Temperature",14.7991044421541,0.0334483086672292,0.138236575534637
"CR-Ec","Model B","Temperature",14.8745423456316,0.0332473209035769,0.137405924859649
"CR-Ec","Model B","Temperature",14.9499802491092,0.0330572197877479,0.136620266980233
"CR-Ec","Model B","Temperature",15.0254181525867,0.032873593671682,0.135861369251914
"CR-Ec","Model B","Temperature",15.1008560560642,0.032690336446145,0.135103996089874
"CR-Ec","Model B","Temperature",15.1762939595417,0.0325011278243527,0.134322026747315
"CR-Ec","Model B","Temperature",15.2517318630192,0.0323023289520898,0.133500422414637
"CR-Ec","Model B","Temperature",15.3271697664967,0.0320905017917733,0.132624974225651
"CR-Ec","Model B","Temperature",15.4026076699742,0.0318623967698779,0.131682252206347
"CR-Ec","Model B","Temperature",15.4780455734518,0.0316070891824406,0.130627106281138
"CR-Ec","Model B","Temperature",15.5534834769293,0.0313274310650828,0.129471323462682
"CR-Ec","Model B","Temperature",15.6289213804068,0.0310219036402251,0.12820862688318
"CR-Ec","Model B","Temperature",15.7043592838843,0.0306889797833895,0.12683270517842
"CR-Ec","Model B","Temperature",15.7797971873618,0.0303271320555595,0.125337245684254
"CR-Ec","Model B","Temperature",15.8552350908393,0.0299257244668281,0.123678291534677
"CR-Ec","Model B","Temperature",15.9306729943168,0.0294944523419285,0.121895911975136
"CR-Ec","Model B","Temperature",16.0061108977944,0.029033773031876,0.119991997165126
"CR-Ec","Model B","Temperature",16.0815488012719,0.028544413229248,0.117969550410266
"CR-Ec","Model B","Temperature",16.1569867047494,0.0280265770375575,0.11582941523813
"CR-Ec","Model B","Temperature",16.2324246082269,0.0274756746808941,0.113552622829977
"CR-Ec","Model B","Temperature",16.3078625117044,0.0269025283448002,0.111183899568957
"CR-Ec","Model B","Temperature",16.3833004151819,0.0263096115241915,0.108733468018792
"CR-Ec","Model B","Temperature",16.4587383186594,0.0256995890494354,0.106212341502399
"CR-Ec","Model B","Temperature",16.534176222137,0.0250748291649788,0.10363030759994
"CR-Ec","Model B","Temperature",16.6096141256145,0.0244383403108382,0.100999799718728
"CR-Ec","Model B","Temperature",16.685052029092,0.0237977110953552,0.0983521803781852
"CR-Ec","Model B","Temperature",16.7604899325695,0.0231565682147709,0.0957024381409274
"CR-Ec","Model B","Temperature",16.835927836047,0.0225185909787215,0.093065779012422
"CR-Ec","Model B","Temperature",16.9113657395245,0.0218885070741099,0.0904617417757551
"CR-Ec","Model B","Temperature",16.986803643002,0.0212748888382134,0.0879257545466295
"CR-Ec","Model B","Temperature",17.0622415464796,0.0206794460762491,0.085464883679892
"CR-Ec","Model B","Temperature",17.1376794499571,0.020105723897605,0.0830937805525839
"CR-Ec","Model B","Temperature",17.2131173534346,0.0195571667029056,0.0808266803283377
"CR-Ec","Model B","Temperature",17.2885552569121,0.0190404270204669,0.078691076855712
"CR-Ec","Model B","Temperature",17.3639931603896,0.0185653208799671,0.0767275382346246
"CR-Ec","Model B","Temperature",17.4394310638671,0.0181273499347235,0.0749174735088865
"CR-Ec","Model B","Temperature",17.5148689673446,0.0177288101375908,0.0732703714889309
"CR-Ec","Model B","Temperature",17.5903068708222,0.0173717846950315,0.0717948417379608
"CR-Ec","Model B","Temperature",17.6657447742997,0.0170636638886413,0.0705214271222886
"CR-Ec","Model B","Temperature",17.7411826777772,0.0168111483825068,0.0694778204280099
"CR-Ec","Model B","Temperature",17.8166205812547,0.0166052781767115,0.0686269913909759
"CR-Ec","Model B","Temperature",17.8920584847322,0.0164464282242299,0.0679704896325952
"CR-Ec","Model B","Temperature",17.9674963882097,0.0163347276238307,0.0675088486976837
"CR-Ec","Model B","Temperature",18.0429342916872,0.0162766275607845,0.0672687303158019
"CR-Ec","Model B","Temperature",18.1183721951648,0.0162733419810267,0.0672551515337211
"CR-Ec","Model B","Temperature",18.1938100986423,0.0163142949590915,0.0674244037222833
"CR-Ec","Model B","Temperature",18.2692480021198,0.0163979579851066,0.0677701697916606
"CR-Ec","Model B","Temperature",18.3446859055973,0.016522602988656,0.0682853078998262
"CR-Ec","Model B","Temperature",18.4201238090748,0.0166920849040596,0.0689857498813186
"CR-Ec","Model B","Temperature",18.4955617125523,0.0169025284656281,0.0698554798752612
"CR-Ec","Model B","Temperature",18.5709996160298,0.0171444645046232,0.0708553633032045
"CR-Ec","Model B","Temperature",18.6464375195074,0.0174150443993111,0.0719736272615502
"CR-Ec","Model B","Temperature",18.7218754229849,0.0177113138607739,0.0731980621409204
"CR-Ec","Model B","Temperature",18.7973133264624,0.0180333743770267,0.0745290873752497
"CR-Ec","Model B","Temperature",18.8727512299399,0.0183747891650169,0.0759401007570679
"CR-Ec","Model B","Temperature",18.9481891334174,0.0187289133044745,0.0774036398806689
"CR-Ec","Model B","Temperature",19.0236270368949,0.0190924081890414,0.0789059068134097
"CR-Ec","Model B","Temperature",19.0990649403724,0.0194619306825922,0.0804330849018348
"CR-Ec","Model B","Temperature",19.17450284385,0.0198334346103115,0.0819684519446504
"CR-Ec","Model B","Temperature",19.2499407473275,0.020201197424435,0.0834883575559981
"CR-Ec","Model B","Temperature",19.325378650805,0.0205618755609011,0.0849789833138303
"CR-Ec","Model B","Temperature",19.4008165542825,0.0209124173977783,0.0864277173468011
"CR-Ec","Model B","Temperature",19.47625445776,0.021249848524488,0.0878222668858887
"CR-Ec","Model B","Temperature",19.5516923612375,0.021566401659262,0.0891305309826256
"CR-Ec","Model B","Temperature",19.627130264715,0.0218598238909392,0.0903431987110995
"CR-Ec","Model B","Temperature",19.7025681681925,0.0221296124305385,0.0914581921238826
"CR-Ec","Model B","Temperature",19.7780060716701,0.0223735753474109,0.0924664523178855
"CR-Ec","Model B","Temperature",19.8534439751476,0.022589651944535,0.0933594627578684
"CR-Ec","Model B","Temperature",19.9288818786251,0.0227675575220328,0.0940947184040201
"CR-Ec","Model B","Temperature",20.0043197821026,0.0229099907723665,0.0946833725259459
"CR-Ec","Model B","Temperature",20.0797576855801,0.023018389128532,0.0951313658071302
"CR-Ec","Model B","Temperature",20.1551955890576,0.0230917583335672,0.0954345891406225
"CR-Ec","Model B","Temperature",20.2306334925352,0.0231292611793731,0.0955895824776129
"CR-Ec","Model B","Temperature",20.3060713960127,0.0231199444011294,0.0955510777050027
"CR-Ec","Model B","Temperature",20.3815092994902,0.0230713561846929,0.095350270282471
"CR-Ec","Model B","Temperature",20.4569472029677,0.0229859419456925,0.094997266726483
"CR-Ec","Model B","Temperature",20.5323851064452,0.0228640007281498,0.094493302938737
"CR-Ec","Model B","Temperature",20.6078230099227,0.0227059841803186,0.0938402455101147
"CR-Ec","Model B","Temperature",20.6832609134002,0.0225024499044171,0.0929990705023
"CR-Ec","Model B","Temperature",20.7586988168778,0.0222641229225465,0.0920141027372909
"CR-Ec","Model B","Temperature",20.8341367203553,0.0219937251885273,0.0908965916202114
"CR-Ec","Model B","Temperature",20.9095746238328,0.0216926827825257,0.0896524309150948
"CR-Ec","Model B","Temperature",20.9850125273103,0.0213625383428127,0.0882879961022089
"CR-Ec","Model B","Temperature",21.0604504307878,0.0209973473358354,0.0867787193635005
"CR-Ec","Model B","Temperature",21.1358883342653,0.0206081787059495,0.0851703468973125
"CR-Ec","Model B","Temperature",21.2113262377428,0.0201975976879588,0.0834734804138308
"CR-Ec","Model B","Temperature",21.2867641412203,0.0197677502058674,0.0816969886779506
"CR-Ec","Model B","Temperature",21.3622020446979,0.019320777237603,0.0798497200132139
"CR-Ec","Model B","Temperature",21.4376399481754,0.0188556511939556,0.0779274275557544
"CR-Ec","Model B","Temperature",21.5130778516529,0.0183804564191578,0.0759635226231156
"CR-Ec","Model B","Temperature",21.5885157551304,0.0178975305423003,0.0739676662670287
"CR-Ec","Model B","Temperature",21.6639536586079,0.0174091995977423,0.0719494716200321
"CR-Ec","Model B","Temperature",21.7393915620854,0.0169177905774371,0.0699185557722488
"CR-Ec","Model B","Temperature",21.8148294655629,0.0164269410433331,0.0678899521925471
"CR-Ec","Model B","Temperature",21.8902673690405,0.0159397206236851,0.065876347169562
"CR-Ec","Model B","Temperature",21.965705272518,0.0154581904968744,0.0638862592279171
"CR-Ec","Model B","Temperature",22.0411431759955,0.0149843465030291,0.0619279368595573
"CR-Ec","Model B","Temperature",22.116581079473,0.0145207327965909,0.0600118946528634
"CR-Ec","Model B","Temperature",22.1920189829505,0.0140731608227007,0.0581621503925066
"CR-Ec","Model B","Temperature",22.267456886428,0.013640299516222,0.0563732029965599
"CR-Ec","Model B","Temperature",22.3428947899055,0.0132235631060772,0.0546508972497385
"CR-Ec","Model B","Temperature",22.4183326933831,0.0128242717586025,0.0530006891909496
"CR-Ec","Model B","Temperature",22.4937705968606,0.0124451087233196,0.051433668266565
"CR-Ec","Model B","Temperature",22.5692085003381,0.0120917087597535,0.0499731220475182
"CR-Ec","Model B","Temperature",22.6446464038156,0.0117597368380949,0.0486011345404576
"CR-Ec","Model B","Temperature",22.7200843072931,0.0114498144611018,0.0473202743180972
"CR-Ec","Model B","Temperature",22.7955222107706,0.0111624685087972,0.0461327188923356
"CR-Ec","Model B","Temperature",22.8709601142481,0.0109003323452929,0.0450493515410254
"CR-Ec","Model B","Temperature",22.9463980177257,0.0106673323252549,0.0440863992677131
"CR-Ec","Model B","Temperature",23.0218359212032,0.0104577679351833,0.043220302750675
"CR-Ec","Model B","Temperature",23.0972738246807,0.0102715489883644,0.0424506892624711
"CR-Ec","Model B","Temperature",23.1727117281582,0.0101085142620187,0.0417768924948234
"CR-Ec","Model B","Temperature",23.2481496316357,0.00997103253391339,0.041208702232023
"CR-Ec","Model B","Temperature",23.3235875351132,0.00986086187504077,0.0407533843037396
"CR-Ec","Model B","Temperature",23.3990254385907,0.00977235387229929,0.0403875947109648
"CR-Ec","Model B","Temperature",23.4744633420683,0.00970495641400619,0.0401090516633367
"CR-Ec","Model B","Temperature",23.5499012455458,0.00965808275660228,0.0399153302424192
"CR-Ec","Model B","Temperature",23.6253391490233,0.00963371569626171,0.0398146250315568
"CR-Ec","Model B","Temperature",23.7007770525008,0.0096318597399778,0.0398069546574406
"CR-Ec","Model B","Temperature",23.7762149559783,0.009647813887393,0.0398728906282604
"CR-Ec","Model B","Temperature",23.8516528594558,0.00968086171178854,0.0400094720655689
"CR-Ec","Model B","Temperature",23.9270907629333,0.00973028353135037,0.0402137246381246
"CR-Ec","Model B","Temperature",24.0025286664109,0.00979768113649069,0.0404922682926491
"CR-Ec","Model B","Temperature",24.0779665698884,0.00988205498054017,0.0408409720606672
"CR-Ec","Model B","Temperature",24.1534044733659,0.00997993273159564,0.0412454853429843
"CR-Ec","Model B","Temperature",24.2288423768434,0.0100906251657656,0.0417029596861412
"CR-Ec","Model B","Temperature",24.3042802803209,0.0102134497317196,0.042210574213319
"CR-Ec","Model B","Temperature",24.3797181837984,0.0103496188656337,0.0427733397316914
"CR-Ec","Model B","Temperature",24.4551560872759,0.0104976614941061,0.0433851765272908
"CR-Ec","Model B","Temperature",24.5305939907535,0.0106551438293116,0.0440360261395263
"CR-Ec","Model B","Temperature",24.606031894231,0.0108213932946071,0.0447231089153871
"CR-Ec","Model B","Temperature",24.6814697977085,0.0109957298806055,0.0454436144835034
"CR-Ec","Model B","Temperature",24.756907701186,0.0111787170732444,0.0461998716422365
"CR-Ec","Model B","Temperature",24.8323456046635,0.0113685794224861,0.0469845427370665
"CR-Ec","Model B","Temperature",24.907783508141,0.0115635636744164,0.047790381846547
"CR-Ec","Model B","Temperature",24.9832214116185,0.0117628507079307,0.0486140036725575
"CR-Ec","Model B","Temperature",25.0586593150961,0.0119655918134608,0.049451900632533
"CR-Ec","Model B","Temperature",25.1340972185736,0.0121710800720845,0.0503011511422469
"CR-Ec","Model B","Temperature",25.2095351220511,0.0123774046869781,0.0511538581802964
"CR-Ec","Model B","Temperature",25.2849730255286,0.0125832475693314,0.0520045742938609
"CR-Ec","Model B","Temperature",25.3604109290061,0.0127875048600534,0.0528487374077066
"CR-Ec","Model B","Temperature",25.4358488324836,0.0129890369151491,0.0536816375532432
"CR-Ec","Model B","Temperature",25.5112867359611,0.0131850850188198,0.0544918733938988
"CR-Ec","Model B","Temperature",25.5867246394387,0.0133742720689559,0.0552737535842097
"CR-Ec","Model B","Temperature",25.6621625429162,0.0135556758933889,0.056023466932289
"CR-Ec","Model B","Temperature",25.7376004463937,0.0137279693969355,0.0567355287634001
"CR-Ec","Model B","Temperature",25.8130383498712,0.0138898132275577,0.0574044037471608
"CR-Ec","Model B","Temperature",25.8884762533487,0.0140359203371402,0.0580082413489627
"CR-Ec","Model B","Temperature",25.9639141568262,0.014166682997635,0.0585486627668118
"CR-Ec","Model B","Temperature",26.0393520603037,0.0142816433799612,0.059023775865445
"CR-Ec","Model B","Temperature",26.1147899637813,0.0143795479955813,0.0594284001747639
"CR-Ec","Model B","Temperature",26.1902278672588,0.014459177407406,0.0597574959539256
"CR-Ec","Model B","Temperature",26.2656657707363,0.0145129955130122,0.059979917682174
"CR-Ec","Model B","Temperature",26.3411036742138,0.0145443999922751,0.0601097074336664
"CR-Ec","Model B","Temperature",26.4165415776913,0.0145534236342925,0.0601470007205629
"CR-Ec","Model B","Temperature",26.4919794811688,0.0145392884444602,0.0600885822140734
"CR-Ec","Model B","Temperature",26.5674173846463,0.0145012970047448,0.0599315695956436
"CR-Ec","Model B","Temperature",26.6428552881239,0.0144308368269641,0.0596403688122238
"CR-Ec","Model B","Temperature",26.7182931916014,0.0143347014235919,0.0592430563776242
"CR-Ec","Model B","Temperature",26.7937310950789,0.0142133375481535,0.0587414786535864
"CR-Ec","Model B","Temperature",26.8691689985564,0.0140667449945523,0.0581356347883463
"CR-Ec","Model B","Temperature",26.9446069020339,0.0138950262938837,0.0574259485267222
"CR-Ec","Model B","Temperature",27.0200448055114,0.0136902714438944,0.05657972907903
"CR-Ec","Model B","Temperature",27.0954827089889,0.0134616837847738,0.0556350123963214
"CR-Ec","Model B","Temperature",27.1709206124665,0.0132099990161749,0.0545948390090367
"CR-Ec","Model B","Temperature",27.246358515944,0.0129360449540991,0.0534626301499301
"CR-Ec","Model B","Temperature",27.3217964194215,0.012640300753395,0.0522403660902944
"CR-Ec","Model B","Temperature",27.397234322899,0.0123186613021521,0.0509110810511313
"CR-Ec","Model B","Temperature",27.4726722263765,0.0119792381221374,0.0495082986704402
"CR-Ec","Model B","Temperature",27.548110129854,0.0116234098969555,0.0480377168297533
"CR-Ec","Model B","Temperature",27.6235480333315,0.0112526064468017,0.0465052447500543
"CR-Ec","Model B","Temperature",27.6989859368091,0.0108678152539261,0.0449149635394789
"CR-Ec","Model B","Temperature",27.7744238402866,0.0104687505879752,0.0432656923196166
"CR-Ec","Model B","Temperature",27.8498617437641,0.0100610084180961,0.0415805583468977
"CR-Ec","Model B","Temperature",27.9252996472416,0.00964622066570991,0.0398663060947424
"CR-Ec","Model B","Temperature",28.0007375507191,0.0092260177637247,0.0381296738847837
"CR-Ec","Model B","Temperature",28.0761754541966,0.00880194828436818,0.0363770617213939
"CR-Ec","Model B","Temperature",28.1516133576741,0.00837634298822277,0.034618102269845
"CR-Ec","Model B","Temperature",28.2270512611517,0.0079517040685369,0.0328631366995346
"CR-Ec","Model B","Temperature",28.3024891646292,0.00752949520073037,0.0311182141497403
"CR-Ec","Model B","Temperature",28.3779270681067,0.00711113413227291,0.0293891939467776
"CR-Ec","Model B","Temperature",28.4533649715842,0.00669864542754515,0.0276844432953897
"CR-Ec","Model B","Temperature",28.5288028750617,0.00629525354759197,0.0260172883836724
"CR-Ec","Model B","Temperature",28.6042407785392,0.00590066910277244,0.0243865332099577
"CR-Ec","Model B","Temperature",28.6796786820167,0.0055158853656143,0.022796282812685
"CR-Ec","Model B","Temperature",28.7551165854943,0.00514182681567125,0.0212503579197998
"CR-Ec","Model B","Temperature",28.8305544889718,0.00478077696459283,0.0197581959241988
"CR-Ec","Model B","Temperature",28.9059923924493,0.00443537185721131,0.0183306911827295
"CR-Ec","Model B","Temperature",28.9814302959268,0.00410342265041832,0.0169587975526202
"CR-Ec","Model B","Temperature",29.0568681994043,0.00378534665352139,0.015644239707312
"CR-Ec","Model B","Temperature",29.1323061028818,0.00348149359498576,0.0143884630193013
"CR-Ec","Model B","Temperature",29.2077440063593,0.00319412598912272,0.0132008181028033
"CR-Ec","Model B","Temperature",29.2831819098369,0.00292451350691563,0.0120865523074084
"CR-Ec","Model B","Temperature",29.3586198133144,0.00266962694180728,0.0110331464009721
"CR-Ec","Model B","Temperature",29.4340577167919,0.00242938439199062,0.0100402618962646
"CR-Ec","Model B","Temperature",29.5094956202694,0.00220365474076006,0.00910735690865573
"CR-Ec","Model B","Temperature",29.5849335237469,0.00199442884759886,0.00824265934587232
"CR-Ec","Model B","Temperature",29.6603714272244,0.00180157767288784,0.00744563590755412
"CR-Ec","Model B","Temperature",29.7358093307019,0.00162210441781299,0.00670390129763918
"CR-Ec","Model B","Temperature",29.8112472341795,0.0014556099370078,0.00601580591138499
"CR-Ec","Model B","Temperature",29.886685137657,0.00130167042939946,0.00537959824590997
"CR-Ec","Model B","Temperature",29.9621230411345,0.00116185201478932,0.00480175082693646
"CR-Ec","Model B","Temperature",30.037560944612,0.00103507495005819,0.00427780124673141
"CR-Ec","Model B","Temperature",30.1129988480895,0.00091889043613779,0.00379762900560855
"CR-Ec","Model B","Temperature",30.188436751567,0.000812779106774873,0.00335908764489308
"CR-Ec","Model B","Temperature",30.2638746550445,0.000716218289523945,0.00296001704193993
"CR-Ec","Model B","Temperature",30.3393125585221,0.000630313233484451,0.00260498501666908
"CR-Ec","Model B","Temperature",30.4147504619996,0.000553612191420153,0.0022879917271012
"CR-Ec","Model B","Temperature",30.4901883654771,0.000484381878421563,0.00200187378053094
"CR-Ec","Model B","Temperature",30.5656262689546,0.000422131421554088,0.00174460247666805
"CR-Ec","Model B","Temperature",30.6410641724321,0.000366379962955637,0.00151419050593478
"CR-Ec","Model B","Temperature",30.7165020759096,0.000317827965261126,0.00131353276974166
"CR-Ec","Model B","Temperature",30.7919399793871,0.000275106118810031,0.00113697012758625
"CR-Ec","Model B","Temperature",30.8673778828647,0.000237129457502628,0.000980018585982066
"CR-Ec","Model B","Temperature",30.9428157863422,0.000203513519657522,0.000841089225537435
"CR-Ec","Model B","Temperature",31.0182536898197,0.000173888897840924,0.000718655343687756
"CR-Ec","Model B","Temperature",31.0936915932972,0.000148653825682703,0.000614362777112044
"CR-Ec","Model B","Temperature",31.1691294967747,0.000126755427820473,0.000523860158271541
"CR-Ec","Model B","Temperature",31.2445674002522,0.000107587113411656,0.000444640543043518
"CR-Ec","Model B","Temperature",31.3200053037297,9.08879301996133e-05,0.0003756254569767
"CR-Ec","Model B","Temperature",31.3954432072073,7.64112046947113e-05,0.000315795437508084
"CR-Ec","Model B","Temperature",31.4708811106848,6.43594425178039e-05,0.00026598740837668
"CR-Ec","Model B","Temperature",31.5463190141623,5.40388803265881e-05,0.000223334155289964
"CR-Ec","Model B","Temperature",31.6217569176398,4.51452449345671e-05,0.000186578165237434
"CR-Ec","Model B","Temperature",31.6971948211173,3.75219517382563e-05,0.000155072298790232
"CR-Ec","Model B","Temperature",31.7726327245948,3.10231953939991e-05,0.000128213965497456
"CR-Ec","Model B","Temperature",31.8480706280723,2.57406214513414e-05,0.000106381921937149
"CR-Ec","Model B","Temperature",31.9235085315499,2.12735997564504e-05,8.79204269753531e-05
"CR-Ec","Model B","Temperature",31.9989464350274,1.74850017617648e-05,7.22627499886584e-05
"CR-Ec","Model B","Temperature",32.0743843385049,1.42909245642525e-05,5.90621335338728e-05
"CR-Ec","Model B","Wet Days",0,0.00011130961974447,0.00538022025550125
"CR-Ec","Model B","Wet Days",0.610567514677104,0.000116875630782909,0.00564925688863414
"CR-Ec","Model B","Wet Days",1.22113502935421,0.000122516703088472,0.00592192165517282
"CR-Ec","Model B","Wet Days",1.83170254403131,0.00012822757334948,0.00619796014964754
"CR-Ec","Model B","Wet Days",2.44227005870841,0.000134018252850731,0.00647785627378548
"CR-Ec","Model B","Wet Days",3.05283757338552,0.000139870861500948,0.006760745782165
"CR-Ec","Model B","Wet Days",3.66340508806262,0.000145767842808621,0.00704578007076184
"CR-Ec","Model B","Wet Days",4.27397260273973,0.000151704818989789,0.00733274753664375
"CR-Ec","Model B","Wet Days",4.88454011741683,0.000157686071929224,0.00762185514739567
"CR-Ec","Model B","Wet Days",5.49510763209393,0.000163698655125167,0.00791247712573825
"CR-Ec","Model B","Wet Days",6.10567514677104,0.000169734550434934,0.00820422590971797
"CR-Ec","Model B","Wet Days",6.71624266144814,0.00017579180327082,0.00849700702311266
"CR-Ec","Model B","Wet Days",7.32681017612524,0.00018187538798444,0.0087910609043263
"CR-Ec","Model B","Wet Days",7.93737769080235,0.000187981506396597,0.00908620396598614
"CR-Ec","Model B","Wet Days",8.54794520547945,0.00019410932350586,0.00938239584777454
"CR-Ec","Model B","Wet Days",9.15851272015655,0.000200260863714984,0.0096797344004678
"CR-Ec","Model B","Wet Days",9.76908023483366,0.0002064538080023,0.00997907424523863
"CR-Ec","Model B","Wet Days",10.3796477495108,0.000212691638510811,0.0102805836936521
"CR-Ec","Model B","Wet Days",10.9902152641879,0.000218978260001575,0.0105844514847822
"CR-Ec","Model B","Wet Days",11.600782778865,0.000225321018607317,0.0108910326985596
"CR-Ec","Model B","Wet Days",12.2113502935421,0.000231768157457351,0.0112026591968858
"CR-Ec","Model B","Wet Days",12.8219178082192,0.000238319866163968,0.0115193401447896
"CR-Ec","Model B","Wet Days",13.4324853228963,0.000244983442518195,0.0118414282855755
"CR-Ec","Model B","Wet Days",14.0430528375734,0.000251772482135171,0.0121695807718252
"CR-Ec","Model B","Wet Days",14.6536203522505,0.000258788902539439,0.0125087238509842
"CR-Ec","Model B","Wet Days",15.2641878669276,0.000266008860871206,0.0128577050634762
"CR-Ec","Model B","Wet Days",15.8747553816047,0.000273443921226277,0.013217083367122
"CR-Ec","Model B","Wet Days",16.4853228962818,0.000281114298351645,0.0135878358543911
"CR-Ec","Model B","Wet Days",17.0958904109589,0.000289202535439904,0.0139787858649423
"CR-Ec","Model B","Wet Days",17.706457925636,0.000297629900440799,0.0143861278357657
"CR-Ec","Model B","Wet Days",18.3170254403131,0.000306416106836245,0.014810814630369
"CR-Ec","Model B","Wet Days",18.9275929549902,0.000315590669009425,0.0152542728449673
"CR-Ec","Model B","Wet Days",19.5381604696673,0.000325436486900295,0.0157301766255214
"CR-Ec","Model B","Wet Days",20.1487279843444,0.0003357894714525,0.0162305946246174
"CR-Ec","Model B","Wet Days",20.7592954990215,0.000346681673106484,0.0167570760203881
"CR-Ec","Model B","Wet Days",21.3698630136986,0.000358169607955552,0.0173123525536358
"CR-Ec","Model B","Wet Days",21.9804305283757,0.000370607771141448,0.0179135589692863
"CR-Ec","Model B","Wet Days",22.5909980430528,0.000383758125165213,0.0185491895755905
"CR-Ec","Model B","Wet Days",23.2015655577299,0.00039765636240055,0.0192209695858087
"CR-Ec","Model B","Wet Days",23.812133072407,0.000412398418028095,0.0199335360870431
"CR-Ec","Model B","Wet Days",24.4227005870841,0.0004283899976555,0.0207064991141951
"CR-Ec","Model B","Wet Days",25.0332681017613,0.000445316432821535,0.021524648969911
"CR-Ec","Model B","Wet Days",25.6438356164384,0.000463214558199856,0.0223897660812353
"CR-Ec","Model B","Wet Days",26.2544031311155,0.000482231856397412,0.0233089791124386
"CR-Ec","Model B","Wet Days",26.8649706457926,0.000502793070049342,0.0243028182650811
"CR-Ec","Model B","Wet Days",27.4755381604697,0.000524511930568755,0.0253526130048458
"CR-Ec","Model B","Wet Days",28.0861056751468,0.000547423064876915,0.0264600370456812
"CR-Ec","Model B","Wet Days",28.6966731898239,0.000571734471612738,0.0276351441322033
"CR-Ec","Model B","Wet Days",29.307240704501,0.000597848330648153,0.0288973738806669
"CR-Ec","Model B","Wet Days",29.9178082191781,0.000625319796118266,0.0302252243872979
"CR-Ec","Model B","Wet Days",30.5283757338552,0.0006541770904208,0.0316200597993844
"CR-Ec","Model B","Wet Days",31.1389432485323,0.00068469085066691,0.0330949615313686
"CR-Ec","Model B","Wet Days",31.7495107632094,0.0007171940711565,0.0346660250715062
"CR-Ec","Model B","Wet Days",32.3600782778865,0.000751203973530699,0.036309915025145
"CR-Ec","Model B","Wet Days",32.9706457925636,0.000786737501109764,0.0380274503582921
"CR-Ec","Model B","Wet Days",33.5812133072407,0.000824119050844418,0.0398343110009402
"CR-Ec","Model B","Wet Days",34.1917808219178,0.000863567687221911,0.0417410855724223
"CR-Ec","Model B","Wet Days",34.8023483365949,0.000904589725320394,0.0437239115025267
"CR-Ec","Model B","Wet Days",35.412915851272,0.000947185711163996,0.0457828151836722
"CR-Ec","Model B","Wet Days",36.0234833659491,0.000991710067192759,0.047934927846702
"CR-Ec","Model B","Wet Days",36.6340508806262,0.00103823443813412,0.0501837124844341
"CR-Ec","Model B","Wet Days",37.2446183953033,0.00108628524723383,0.0525062784675447
"CR-Ec","Model B","Wet Days",37.8551859099804,0.00113584203027083,0.0549016366450792
"CR-Ec","Model B","Wet Days",38.4657534246575,0.00118724830253644,0.0573863910440085
"CR-Ec","Model B","Wet Days",39.0763209393346,0.00124041687877428,0.0599563275103059
"CR-Ec","Model B","Wet Days",39.6868884540117,0.00129492561283834,0.0625910413453402
"CR-Ec","Model B","Wet Days",40.2974559686888,0.00135072993744155,0.0652883783613503
"CR-Ec","Model B","Wet Days",40.9080234833659,0.00140810496299499,0.068061636192535
"CR-Ec","Model B","Wet Days",41.5185909980431,0.00146682531769434,0.0708999213514361
"CR-Ec","Model B","Wet Days",42.1291585127202,0.00152654718945356,0.0737866154653234
"CR-Ec","Model B","Wet Days",42.7397260273973,0.00158720144316484,0.0767183768454168
"CR-Ec","Model B","Wet Days",43.3502935420744,0.00164892561476847,0.0797018533776184
"CR-Ec","Model B","Wet Days",43.9608610567515,0.00171141462885687,0.0827222990508364
"CR-Ec","Model B","Wet Days",44.5714285714286,0.00177442048890131,0.0857677267973739
"CR-Ec","Model B","Wet Days",45.1819960861057,0.00183785257515298,0.0888337564548591
"CR-Ec","Model B","Wet Days",45.7925636007828,0.00190163967890884,0.0919169461059862
"CR-Ec","Model B","Wet Days",46.4031311154599,0.00196549144248102,0.0950032611298733
"CR-Ec","Model B","Wet Days",47.013698630137,0.00202925970015219,0.0980855398436816
"CR-Ec","Model B","Wet Days",47.6242661448141,0.00209283938471644,0.101158703758141
"CR-Ec","Model B","Wet Days",48.2348336594912,0.00215589103153759,0.104206344637237
"CR-Ec","Model B","Wet Days",48.8454011741683,0.00221825745296475,0.107220864717315
"CR-Ec","Model B","Wet Days",49.4559686888454,0.00227987916552146,0.110199388827247
"CR-Ec","Model B","Wet Days",50.0665362035225,0.00234064726856662,0.113136653186271
"CR-Ec","Model B","Wet Days",50.6771037181996,0.00239992150467526,0.116001710550345
"CR-Ec","Model B","Wet Days",51.2876712328767,0.00245779864419584,0.118799238374929
"CR-Ec","Model B","Wet Days",51.8982387475538,0.0025142832668044,0.121529458021538
"CR-Ec","Model B","Wet Days",52.5088062622309,0.00256927556415459,0.124187545191176
"CR-Ec","Model B","Wet Days",53.119373776908,0.00262184230849964,0.126728391735619
"CR-Ec","Model B","Wet Days",53.7299412915851,0.00267242938785321,0.129173549931555
"CR-Ec","Model B","Wet Days",54.3405088062622,0.00272107263582259,0.131524751818858
"CR-Ec","Model B","Wet Days",54.9510763209393,0.00276769455596716,0.133778251558486
"CR-Ec","Model B","Wet Days",55.5616438356164,0.00281112460063497,0.135877469995809
"CR-Ec","Model B","Wet Days",56.1722113502935,0.00285219955061465,0.137862853454864
"CR-Ec","Model B","Wet Days",56.7827788649706,0.00289095342516333,0.139736046277773
"CR-Ec","Model B","Wet Days",57.3933463796477,0.00292734216340513,0.141494918754474
"CR-Ec","Model B","Wet Days",58.0039138943249,0.00296005977266976,0.143076344910463
"CR-Ec","Model B","Wet Days",58.614481409002,0.00299030261116358,0.144538151469698
"CR-Ec","Model B","Wet Days",59.2250489236791,0.00301807818002172,0.145880701004245
"CR-Ec","Model B","Wet Days",59.8356164383562,0.00304331591104839,0.147100582556121
"CR-Ec","Model B","Wet Days",60.4461839530333,0.00306491092175888,0.148144390937724
"CR-Ec","Model B","Wet Days",61.0567514677104,0.00308410958748949,0.149072370482345
"CR-Ec","Model B","Wet Days",61.6673189823875,0.00310095017703815,0.149886370936325
"CR-Ec","Model B","Wet Days",62.2778864970646,0.0031153403209418,0.150581927563755
"CR-Ec","Model B","Wet Days",62.8884540117417,0.00312651545291015,0.151122084573653
"CR-Ec","Model B","Wet Days",63.4990215264188,0.00313560891045819,0.151561622545347
"CR-Ec","Model B","Wet Days",64.1095890410959,0.00314269479169412,0.151904123057352
"CR-Ec","Model B","Wet Days",64.720156555773,0.00314768926809247,0.152145534205335
"CR-Ec","Model B","Wet Days",65.3307240704501,0.00315020098901426,0.152266939810804
"CR-Ec","Model B","Wet Days",65.9412915851272,0.0031511471392741,0.152312672576798
"CR-Ec","Model B","Wet Days",66.5518590998043,0.00315062718949189,0.152287540478095
"CR-Ec","Model B","Wet Days",67.1624266144814,0.00314860388975316,0.152189743016723
"CR-Ec","Model B","Wet Days",67.7729941291585,0.00314501832156425,0.152016432330353
"CR-Ec","Model B","Wet Days",68.3835616438356,0.00314051094756419,0.151798565582179
"CR-Ec","Model B","Wet Days",68.9941291585127,0.00313519300177764,0.15154151933852
"CR-Ec","Model B","Wet Days",69.6046966731898,0.00312910979950673,0.151247483942914
"CR-Ec","Model B","Wet Days",70.2152641878669,0.0031224379815767,0.150924997440395
"CR-Ec","Model B","Wet Days",70.825831702544,0.00311552758402426,0.15059097904225
"CR-Ec","Model B","Wet Days",71.4363992172211,0.00310848732466266,0.150250683692142
"CR-Ec","Model B","Wet Days",72.0469667318982,0.00310146974674041,0.149911484663626
"CR-Ec","Model B","Wet Days",72.6575342465753,0.00309476201384146,0.149587262188567
"CR-Ec","Model B","Wet Days",73.2681017612524,0.0030884517841473,0.149282253280125
"CR-Ec","Model B","Wet Days",73.8786692759295,0.00308263269424354,0.14900098392137
"CR-Ec","Model B","Wet Days",74.4892367906067,0.00307757142521554,0.148756344309758
"CR-Ec","Model B","Wet Days",75.0998043052838,0.00307354272995235,0.148561614798436
"CR-Ec","Model B","Wet Days",75.7103718199609,0.00307042952575268,0.148411136121633
"CR-Ec","Model B","Wet Days",76.320939334638,0.0030683012900601,0.148308266515142
"CR-Ec","Model B","Wet Days",76.9315068493151,0.00306752577549803,0.148270781532579
"CR-Ec","Model B","Wet Days",77.5420743639922,0.00306826958383222,0.14830673397474
"CR-Ec","Model B","Wet Days",78.1526418786693,0.00307028267579493,0.148404038036858
"CR-Ec","Model B","Wet Days",78.7632093933464,0.00307360564858275,0.148564656009882
"CR-Ec","Model B","Wet Days",79.3737769080235,0.0030786763462596,0.148809751361148
"CR-Ec","Model B","Wet Days",79.9843444227006,0.00308549969808935,0.149139562349714
"CR-Ec","Model B","Wet Days",80.5949119373777,0.00309376382817446,0.149539014258544
"CR-Ec","Model B","Wet Days",81.2054794520548,0.0031034800460666,0.150008653741907
"CR-Ec","Model B","Wet Days",81.8160469667319,0.00311511276170775,0.15057092834551
"CR-Ec","Model B","Wet Days",82.426614481409,0.00312849755435138,0.151217890689485
"CR-Ec","Model B","Wet Days",83.0371819960861,0.00314331992382817,0.151934339210975
"CR-Ec","Model B","Wet Days",83.6477495107632,0.00315956506772468,0.152719558426046
"CR-Ec","Model B","Wet Days",84.2583170254403,0.00317767507645469,0.153594917052014
"CR-Ec","Model B","Wet Days",84.8688845401174,0.00319734831681538,0.154545835458913
"CR-Ec","Model B","Wet Days",85.4794520547945,0.00321830869833257,0.155558968640579
"CR-Ec","Model B","Wet Days",86.0900195694716,0.00324052099018303,0.156632613693085
"CR-Ec","Model B","Wet Days",86.7005870841487,0.00326435830868221,0.157784805427461
"CR-Ec","Model B","Wet Days",87.3111545988258,0.00328944151153889,0.158997217763359
"CR-Ec","Model B","Wet Days",87.9217221135029,0.00331555438524502,0.160259399885314
"CR-Ec","Model B","Wet Days",88.53228962818,0.0033426483642366,0.161569004346342
"CR-Ec","Model B","Wet Days",89.1428571428571,0.00337099017315489,0.162938923449199
"CR-Ec","Model B","Wet Days",89.7534246575342,0.00340019551759764,0.164350582083022
"CR-Ec","Model B","Wet Days",90.3639921722113,0.0034301123594467,0.165796631390049
"CR-Ec","Model B","Wet Days",90.9745596868885,0.0034606863784462,0.167274445766657
"CR-Ec","Model B","Wet Days",91.5851272015656,0.00349205557174554,0.16879069539158
"CR-Ec","Model B","Wet Days",92.1956947162427,0.00352390059211115,0.170329944416069
"CR-Ec","Model B","Wet Days",92.8062622309198,0.0035561254159122,0.171887551477726
"CR-Ec","Model B","Wet Days",93.4168297455969,0.003588677322397,0.173460968285966
"CR-Ec","Model B","Wet Days",94.027397260274,0.00362156257123242,0.17505049740571
"CR-Ec","Model B","Wet Days",94.6379647749511,0.00365458130474041,0.176646478590791
"CR-Ec","Model B","Wet Days",95.2485322896282,0.00368767854763444,0.178246254576267
"CR-Ec","Model B","Wet Days",95.8590998043053,0.00372080972671265,0.179847670888482
"CR-Ec","Model B","Wet Days",96.4696673189824,0.00375386772442277,0.18144554993339
"CR-Ec","Model B","Wet Days",97.0802348336595,0.00378680054689569,0.183037378554729
"CR-Ec","Model B","Wet Days",97.6908023483366,0.00381957803799099,0.184621699136546
"CR-Ec","Model B","Wet Days",98.3013698630137,0.00385216502562307,0.186196811614034
"CR-Ec","Model B","Wet Days",98.9119373776908,0.00388439157392069,0.187754502030314
"CR-Ec","Model B","Wet Days",99.5225048923679,0.00391633723088293,0.189298615387795
"CR-Ec","Model B","Wet Days",100.133072407045,0.0039479877481689,0.190828462983986
"CR-Ec","Model B","Wet Days",100.743639921722,0.0039793128029933,0.19234257914805
"CR-Ec","Model B","Wet Days",101.354207436399,0.00401015749980986,0.193833476906646
"CR-Ec","Model B","Wet Days",101.964774951076,0.00404067078332781,0.195308355595676
"CR-Ec","Model B","Wet Days",102.575342465753,0.00407085578829564,0.196767366735173
"CR-Ec","Model B","Wet Days",103.185909980431,0.00410069108895147,0.198209474697503
"CR-Ec","Model B","Wet Days",103.796477495108,0.00413008868713996,0.199630426036659
"CR-Ec","Model B","Wet Days",104.407045009785,0.00415920921739199,0.201037985123399
"CR-Ec","Model B","Wet Days",105.017612524462,0.00418807126182969,0.202433050136247
"CR-Ec","Model B","Wet Days",105.628180039139,0.00421667257942759,0.203815512753831
"CR-Ec","Model B","Wet Days",106.238747553816,0.00424501287576876,0.205185358745325
"CR-Ec","Model B","Wet Days",106.849315068493,0.00427321754350576,0.206548649043204
"CR-Ec","Model B","Wet Days",107.45988258317,0.00430131623347764,0.207906816839364
"CR-Ec","Model B","Wet Days",108.070450097847,0.00432933870807694,0.209261300717708
"CR-Ec","Model B","Wet Days",108.681017612524,0.00435736209087818,0.210615828494561
"CR-Ec","Model B","Wet Days",109.291585127202,0.00438544659707634,0.211973310709126
"CR-Ec","Model B","Wet Days",109.902152641879,0.00441362690771977,0.213335423691618
"CR-Ec","Model B","Wet Days",110.512720156556,0.00444197542681985,0.214705667135319
"CR-Ec","Model B","Wet Days",111.123287671233,0.00447061286272612,0.216089875553982
"CR-Ec","Model B","Wet Days",111.73385518591,0.00449952393487713,0.21748731035209
"CR-Ec","Model B","Wet Days",112.344422700587,0.00452874191943026,0.218899579953572
"CR-Ec","Model B","Wet Days",112.954990215264,0.00455838624011985,0.220332456779501
"CR-Ec","Model B","Wet Days",113.565557729941,0.00458857701978163,0.22179174704245
"CR-Ec","Model B","Wet Days",114.176125244618,0.00461923120512332,0.223273436309468
"CR-Ec","Model B","Wet Days",114.786692759295,0.00465037531507186,0.224778806389515
"CR-Ec","Model B","Wet Days",115.397260273973,0.00468217215440885,0.226315726553778
"CR-Ec","Model B","Wet Days",116.00782778865,0.00471470161258425,0.227888058308909
"CR-Ec","Model B","Wet Days",116.618395303327,0.00474783334472225,0.229489501353616
"CR-Ec","Model B","Wet Days",117.228962818004,0.00478158414984435,0.231120867679134
"CR-Ec","Model B","Wet Days",117.839530332681,0.00481615021668641,0.232791640191012
"CR-Ec","Model B","Wet Days",118.450097847358,0.00485154764917218,0.234502597282501
"CR-Ec","Model B","Wet Days",119.060665362035,0.00488762464481941,0.236246401485448
"CR-Ec","Model B","Wet Days",119.671232876712,0.00492438845116873,0.238023403114274
"CR-Ec","Model B","Wet Days",120.281800391389,0.00496205729143262,0.239844150124769
"CR-Ec","Model B","Wet Days",120.892367906067,0.00500058023247458,0.241706180631846
"CR-Ec","Model B","Wet Days",121.502935420744,0.00503980789383637,0.243602274237405
"CR-Ec","Model B","Wet Days",122.113502935421,0.00507974118100851,0.245532474708896
"CR-Ec","Model B","Wet Days",122.724070450098,0.00512061456991286,0.247508115587007
"CR-Ec","Model B","Wet Days",123.334637964775,0.00516232239416838,0.249524089420963
"CR-Ec","Model B","Wet Days",123.945205479452,0.00520473450972918,0.251574105616712
"CR-Ec","Model B","Wet Days",124.555772994129,0.00524785076445164,0.253658156820298
"CR-Ec","Model B","Wet Days",125.166340508806,0.00529192799029838,0.255788657165653
"CR-Ec","Model B","Wet Days",125.776908023483,0.00533682169483541,0.257958622520392
"CR-Ec","Model B","Wet Days",126.38747553816,0.00538242903739667,0.260163082016444
"CR-Ec","Model B","Wet Days",126.998043052838,0.00542875452869471,0.26240225368193
"CR-Ec","Model B","Wet Days",127.608610567515,0.00547609818459648,0.26469063897187
"CR-Ec","Model B","Wet Days",128.219178082192,0.00552428173649238,0.267019621161258
"CR-Ec","Model B","Wet Days",128.829745596869,0.00557323065237487,0.269385597698779
"CR-Ec","Model B","Wet Days",129.440313111546,0.00562295835239868,0.271789217256026
"CR-Ec","Model B","Wet Days",130.050880626223,0.00567384067016364,0.274248645985676
"CR-Ec","Model B","Wet Days",130.6614481409,0.00572564896510216,0.276752832402547
"CR-Ec","Model B","Wet Days",131.272015655577,0.00577833471080338,0.279299430952147
"CR-Ec","Model B","Wet Days",131.882583170254,0.00583192132530954,0.281889573560232
"CR-Ec","Model B","Wet Days",132.493150684931,0.00588689542504974,0.284546781136982
"CR-Ec","Model B","Wet Days",133.103718199609,0.00594293822135794,0.287255644832361
"CR-Ec","Model B","Wet Days",133.714285714286,0.00600002536946792,0.290014987926832
"CR-Ec","Model B","Wet Days",134.324853228963,0.00605818722254931,0.292826277559879
"CR-Ec","Model B","Wet Days",134.93542074364,0.00611804366627865,0.295719476294312
"CR-Ec","Model B","Wet Days",135.545988258317,0.00617913349029614,0.298672291238235
"CR-Ec","Model B","Wet Days",136.156555772994,0.00624145700766968,0.301684737523983
"CR-Ec","Model B","Wet Days",136.767123287671,0.006305051516889,0.30475861799744
"CR-Ec","Model B","Wet Days",137.377690802348,0.00637064164229844,0.30792895783059
"CR-Ec","Model B","Wet Days",137.988258317025,0.0064376025355741,0.311165554587952
"CR-Ec","Model B","Wet Days",138.598825831703,0.00650595337807251,0.31446933541242
"CR-Ec","Model B","Wet Days",139.20939334638,0.00657576696059994,0.317843818693249
"CR-Ec","Model B","Wet Days",139.819960861057,0.00664770565194021,0.321321020440876
"CR-Ec","Model B","Wet Days",140.430528375734,0.00672109194512252,0.324868192931107
"CR-Ec","Model B","Wet Days",141.041095890411,0.00679592301409682,0.32848519956504
"CR-Ec","Model B","Wet Days",141.651663405088,0.00687229365137032,0.332176622197941
"CR-Ec","Model B","Wet Days",142.262230919765,0.0069507093360967,0.335966893481613
"CR-Ec","Model B","Wet Days",142.872798434442,0.00703049136329622,0.339823207785348
"CR-Ec","Model B","Wet Days",143.483365949119,0.00711160537262958,0.343743904280602
"CR-Ec","Model B","Wet Days",144.093933463796,0.00719413690114184,0.347733117454077
"CR-Ec","Model B","Wet Days",144.704500978474,0.00727835115350095,0.351803666139667
"CR-Ec","Model B","Wet Days",145.315068493151,0.00736364050951706,0.355926180634551
"CR-Ec","Model B","Wet Days",145.925636007828,0.00744993363059343,0.360097212742928
"CR-Ec","Model B","Wet Days",146.536203522505,0.0075372561579262,0.364318001848092
"CR-Ec","Model B","Wet Days",147.146771037182,0.00762558951046662,0.3685876498234
"CR-Ec","Model B","Wet Days",147.757338551859,0.00771447507263367,0.372883989197217
"CR-Ec","Model B","Wet Days",148.367906066536,0.00780380487133733,0.377201801022544
"CR-Ec","Model B","Wet Days",148.978473581213,0.00789347845506782,0.381536229912677
"CR-Ec","Model B","Wet Days",149.58904109589,0.00798321030941066,0.385873475349391
"CR-Ec","Model B","Wet Days",150.199608610568,0.00807275678087812,0.390201760188598
"CR-Ec","Model B","Wet Days",150.810176125245,0.00816197992113443,0.394514416611002
"CR-Ec","Model B","Wet Days",151.420743639922,0.00825058074449763,0.398796992956219
"CR-Ec","Model B","Wet Days",152.031311154599,0.00833808965827947,0.403026791167253
"CR-Ec","Model B","Wet Days",152.641878669276,0.00842451665428225,0.407204294204131
"CR-Ec","Model B","Wet Days",153.252446183953,0.00850970595375469,0.411321972403246
"CR-Ec","Model B","Wet Days",153.86301369863,0.00859309439185755,0.415352604839019
"CR-Ec","Model B","Wet Days",154.473581213307,0.00867416552817091,0.419271229039973
"CR-Ec","Model B","Wet Days",155.084148727984,0.00875318538044756,0.423090703140968
"CR-Ec","Model B","Wet Days",155.694716242661,0.00882999595030219,0.426803390190992
"CR-Ec","Model B","Wet Days",156.305283757339,0.0089037247059853,0.430367115820905
"CR-Ec","Model B","Wet Days",156.915851272016,0.00897397382527476,0.433762651044185
"CR-Ec","Model B","Wet Days",157.526418786693,0.00904123082646843,0.437013560363408
"CR-Ec","Model B","Wet Days",158.13698630137,0.00910535184378784,0.440112889935975
"CR-Ec","Model B","Wet Days",158.747553816047,0.00916514103774357,0.443002838110438
"CR-Ec","Model B","Wet Days",159.358121330724,0.00922047930160348,0.445677647788226
"CR-Ec","Model B","Wet Days",159.968688845401,0.00927201177230898,0.448168502067867
"CR-Ec","Model B","Wet Days",160.579256360078,0.00931962304830546,0.450469822942869
"CR-Ec","Model B","Wet Days",161.189823874755,0.00936181649013863,0.452509269406897
"CR-Ec","Model B","Wet Days",161.800391389432,0.00939887434615117,0.454300484110548
"CR-Ec","Model B","Wet Days",162.41095890411,0.00943151937959149,0.455878402268568
"CR-Ec","Model B","Wet Days",163.021526418787,0.00945967481511052,0.457239312896326
"CR-Ec","Model B","Wet Days",163.632093933464,0.00948160072360184,0.458299115429621
"CR-Ec","Model B","Wet Days",164.242661448141,0.00949804324140542,0.459093874836233
"CR-Ec","Model B","Wet Days",164.853228962818,0.00950972187406692,0.459658368867802
"CR-Ec","Model B","Wet Days",165.463796477495,0.00951660336745339,0.459990990164963
"CR-Ec","Model B","Wet Days",166.074363992172,0.00951678976898795,0.46
"CR-Ec","Model B","Wet Days",166.684931506849,0.00951148474524109,0.459743578351231
"CR-Ec","Model B","Wet Days",167.295499021526,0.00950133621703601,0.459253042877856
"CR-Ec","Model B","Wet Days",167.906066536204,0.00948635413979207,0.458528874781313
"CR-Ec","Model B","Wet Days",168.516634050881,0.00946458478782528,0.457476639505784
"CR-Ec","Model B","Wet Days",169.127201565558,0.00943761913819923,0.456173237925095
"CR-Ec","Model B","Wet Days",169.737769080235,0.00940598677532798,0.45464426783392
"CR-Ec","Model B","Wet Days",170.348336594912,0.00936973633554372,0.45289208009987
"CR-Ec","Model B","Wet Days",170.958904109589,0.00932696598587716,0.450824748434025
"CR-Ec","Model B","Wet Days",171.569471624266,0.00927953501741386,0.448532142836682
"CR-Ec","Model B","Wet Days",172.180039138943,0.00922783308095929,0.446033097323813
"CR-Ec","Model B","Wet Days",172.79060665362,0.00917194021932649,0.44333148081497
"CR-Ec","Model B","Wet Days",173.401174168297,0.00911010936682567,0.44034284779472
"CR-Ec","Model B","Wet Days",174.011741682975,0.00904432006363052,0.437162880578423
"CR-Ec","Model B","Wet Days",174.622309197652,0.0089748242714379,0.433803757892665
"CR-Ec","Model B","Wet Days",175.232876712329,0.00890172488531614,0.430270453235081
"CR-Ec","Model B","Wet Days",175.843444227006,0.00882351982448966,0.42649036258966
"CR-Ec","Model B","Wet Days",176.454011741683,0.00874215123344945,0.422557360727996
"CR-Ec","Model B","Wet Days",177.06457925636,0.00865775477136044,0.418478004820876
"CR-Ec","Model B","Wet Days",177.675146771037,0.00857037812731537,0.414254599950495
"CR-Ec","Model B","Wet Days",178.285714285714,0.00847904407288152,0.409839911167889
"CR-Ec","Model B","Wet Days",178.896281800391,0.00838529864076309,0.405308666933095
"CR-Ec","Model B","Wet Days",179.506849315068,0.00828926467185432,0.40066680483775
"CR-Ec","Model B","Wet Days",180.117416829746,0.00819095568101369,0.395914978131012
"CR-Ec","Model B","Wet Days",180.727984344423,0.00808988067779172,0.39102945448168
"CR-Ec","Model B","Wet Days",181.3385518591,0.00798714669952558,0.3860637432335
"CR-Ec","Model B","Wet Days",181.949119373777,0.00788287468706019,0.381023690138035
"CR-Ec","Model B","Wet Days",182.559686888454,0.00777708319948515,0.375910192260515
"CR-Ec","Model B","Wet Days",183.170254403131,0.0076696505704456,0.370717368781401
"CR-Ec","Model B","Wet Days",183.780821917808,0.00756128459516928,0.365479431426775
"CR-Ec","Model B","Wet Days",184.391389432485,0.0074520976196049,0.360201810508503
"CR-Ec","Model B","Wet Days",185.001956947162,0.00734214684701855,0.354887270982313
"CR-Ec","Model B","Wet Days",185.61252446184,0.00723155436758421,0.34954171415331
"CR-Ec","Model B","Wet Days",186.223091976517,0.00712068755016501,0.344182897025814
"CR-Ec","Model B","Wet Days",186.833659491194,0.00700964447500367,0.338815560369848
"CR-Ec","Model B","Wet Days",187.444227005871,0.00689854476734783,0.333445486346754
"CR-Ec","Model B","Wet Days",188.054794520548,0.00678763331217763,0.328084511625578
"CR-Ec","Model B","Wet Days",188.665362035225,0.00667700732190949,0.322737335029414
"CR-Ec","Model B","Wet Days",189.275929549902,0.0065667463331501,0.317407801010012
"CR-Ec","Model B","Wet Days",189.886497064579,0.00645704388112092,0.312105264213637
"CR-Ec","Model B","Wet Days",190.497064579256,0.00634816328955411,0.306842452557973
"CR-Ec","Model B","Wet Days",191.107632093933,0.00624000612776349,0.301614608334093
"CR-Ec","Model B","Wet Days",191.718199608611,0.00613263097820689,0.296424563161824
"CR-Ec","Model B","Wet Days",192.328767123288,0.00602630431255998,0.291285197116673
"CR-Ec","Model B","Wet Days",192.939334637965,0.00592122969521797,0.286206349611306
"CR-Ec","Model B","Wet Days",193.549902152642,0.00581718492259447,0.281177280296066
"CR-Ec","Model B","Wet Days",194.160469667319,0.00571420747433568,0.276199800773149
"CR-Ec","Model B","Wet Days",194.771037181996,0.00561262569454242,0.271289781760522
"CR-Ec","Model B","Wet Days",195.381604696673,0.00551253663110133,0.266451914128631
"CR-Ec","Model B","Wet Days",195.99217221135,0.00541365738626482,0.261672523837483
"CR-Ec","Model B","Wet Days",196.602739726027,0.00531600655105238,0.256952509495662
"CR-Ec","Model B","Wet Days",197.213307240704,0.00521995774807812,0.252309930386461
"CR-Ec","Model B","Wet Days",197.823874755382,0.00512548568867489,0.2477435641663
"CR-Ec","Model B","Wet Days",198.434442270059,0.00503229646585924,0.243239204656868
"CR-Ec","Model B","Wet Days",199.045009784736,0.0049403940218971,0.238797042410063
"CR-Ec","Model B","Wet Days",199.655577299413,0.00485018083211636,0.234436531323187
"CR-Ec","Model B","Wet Days",200.26614481409,0.00476151786153538,0.230150951053235
"CR-Ec","Model B","Wet Days",200.876712328767,0.00467413424156363,0.225927208997065
"CR-Ec","Model B","Wet Days",201.487279843444,0.00458802474449882,0.221765052470408
"CR-Ec","Model B","Wet Days",202.097847358121,0.0045036097034896,0.217684798539532
"CR-Ec","Model B","Wet Days",202.708414872798,0.00442065833283602,0.213675292032937
"CR-Ec","Model B","Wet Days",203.318982387476,0.00433894170493527,0.209725467591419
"CR-Ec","Model B","Wet Days",203.929549902153,0.00425845103872661,0.205834900776899
"CR-Ec","Model B","Wet Days",204.54011741683,0.00417962212161443,0.202024655646785
"CR-Ec","Model B","Wet Days",205.150684931507,0.00410215543024552,0.198280254552015
"CR-Ec","Model B","Wet Days",205.761252446184,0.00402587064020984,0.194592981399174
"CR-Ec","Model B","Wet Days",206.371819960861,0.0039507600020329,0.190962461612557
"CR-Ec","Model B","Wet Days",206.982387475538,0.00387728078048329,0.187410797371432
"CR-Ec","Model B","Wet Days",207.592954990215,0.00380507873071243,0.18392086602895
"CR-Ec","Model B","Wet Days",208.203522504892,0.00373402087808457,0.180486240172726
"CR-Ec","Model B","Wet Days",208.814090019569,0.00366410310750855,0.177106720897248
"CR-Ec","Model B","Wet Days",209.424657534247,0.0035958148145316,0.173805963443115
"CR-Ec","Model B","Wet Days",210.035225048924,0.0035287476076031,0.17056422794869
"CR-Ec","Model B","Wet Days",210.645792563601,0.00346281108242419,0.167377144665509
"CR-Ec","Model B","Wet Days",211.256360078278,0.00339800489689218,0.164244697057822
"CR-Ec","Model B","Wet Days",211.866927592955,0.00333485927878743,0.161192514017818
"CR-Ec","Model B","Wet Days",212.477495107632,0.0032729014597988,0.158197743992778
"CR-Ec","Model B","Wet Days",213.088062622309,0.00321207848919019,0.155257827575676
"CR-Ec","Model B","Wet Days",213.698630136986,0.00315239160119256,0.152372824423838
"CR-Ec","Model B","Wet Days",214.309197651663,0.00309441113047917,0.149570302021265
"CR-Ec","Model B","Wet Days",214.91976516634,0.00303758779818783,0.146823710629787
"CR-Ec","Model B","Wet Days",215.530332681018,0.00298190189200824,0.144132097442524
"CR-Ec","Model B","Wet Days",216.140900195695,0.00292736959397213,0.141496244628128
"CR-Ec","Model B","Wet Days",216.751467710372,0.00287453379668235,0.138942393240919
"CR-Ec","Model B","Wet Days",217.362035225049,0.00282281828761179,0.136442691687148
"CR-Ec","Model B","Wet Days",217.972602739726,0.00277221541548033,0.133996770137391
"CR-Ec","Model B","Wet Days",218.583170254403,0.00272276830816377,0.131606713204565
"CR-Ec","Model B","Wet Days",219.19373776908,0.00267491044656767,0.129293473460009
"CR-Ec","Model B","Wet Days",219.804305283757,0.00262810645626553,0.127031173245167
"CR-Ec","Model B","Wet Days",220.414872798434,0.00258233886209603,0.124818967887162
"CR-Ec","Model B","Wet Days",221.025440313112,0.00253766648127095,0.122659700352798
"CR-Ec","Model B","Wet Days",221.636007827789,0.00249439006141329,0.120567907466987
"CR-Ec","Model B","Wet Days",222.246575342466,0.00245203646202975,0.118520719687353
"CR-Ec","Model B","Wet Days",222.857142857143,0.0024105772008262,0.116516760304349
"CR-Ec","Model B","Wet Days",223.46771037182,0.00237007092178689,0.114558863911723
"CR-Ec","Model B","Wet Days",224.078277886497,0.00233067719829326,0.11265474358891
"CR-Ec","Model B","Wet Days",224.688845401174,0.00229200896216411,0.110785690152701
"CR-Ec","Model B","Wet Days",225.299412915851,0.00225402822191463,0.108949867260858
"CR-Ec","Model B","Wet Days",225.909980430528,0.00221677522512488,0.107149220305398
"CR-Ec","Model B","Wet Days",226.520547945205,0.00218028231915202,0.105385312816108
"CR-Ec","Model B","Wet Days",227.131115459883,0.00214426682590392,0.103644481370181
"CR-Ec","Model B","Wet Days",227.74168297456,0.00210868534196596,0.101924628036361
"CR-Ec","Model B","Wet Days",228.352250489237,0.00207354334627272,0.100226017642385
"CR-Ec","Model B","Wet Days",228.962818003914,0.00203878231485542,0.0985458213955298
"CR-Ec","Model B","Wet Days",229.573385518591,0.00200423044720224,0.0968757352103487
"CR-Ec","Model B","Wet Days",230.183953033268,0.00196984485976201,0.0952136862835086
"CR-Ec","Model B","Wet Days",230.794520547945,0.00193558681199583,0.0935578020667747
"CR-Ec","Model B","Wet Days",231.405088062622,0.00190135790055765,0.0919033261727214
"CR-Ec","Model B","Wet Days",232.015655577299,0.00186708908101153,0.090246921295251
"CR-Ec","Model B","Wet Days",232.626223091976,0.0018327444976973,0.0885868543285487
"CR-Ec","Model B","Wet Days",233.236790606654,0.0017982429769109,0.086919201690738
"CR-Ec","Model B","Wet Days",233.847358121331,0.00176349868671053,0.0852398146410995
"CR-Ec","Model B","Wet Days",234.457925636008,0.00172852402592583,0.0835492924848371
"CR-Ec","Model B","Wet Days",235.068493150685,0.00169329582280043,0.0818465152005802
"CR-Ec","Model B","Wet Days",235.679060665362,0.00165770549161648,0.0801262342295782
"CR-Ec","Model B","Wet Days",236.289628180039,0.00162171929867346,0.0783868190322675
"CR-Ec","Model B","Wet Days",236.900195694716,0.00158540152856575,0.0766313768448202
"CR-Ec","Model B","Wet Days",237.510763209393,0.00154874526492818,0.0748595733603899
"CR-Ec","Model B","Wet Days",238.12133072407,0.00151164149954347,0.0730661395984523
"CR-Ec","Model B","Wet Days",238.731898238748,0.00147412417968919,0.0712527164219516
"CR-Ec","Model B","Wet Days",239.342465753425,0.0014362784644471,0.0694234200484944
"CR-Ec","Model B","Wet Days",239.953033268102,0.0013981144463566,0.067578738307301
"CR-Ec","Model B","Wet Days",240.563600782779,0.00135955715438469,0.065715047426488
"CR-Ec","Model B","Wet Days",241.174168297456,0.00132069558050635,0.0638366488889589
"CR-Ec","Model B","Wet Days",241.784735812133,0.00128160984772056,0.061947415490103
"CR-Ec","Model B","Wet Days",242.39530332681,0.00124232491644596,0.0600485537074035
"CR-Ec","Model B","Wet Days",243.005870841487,0.00120283508259516,0.0581397878302207
"CR-Ec","Model B","Wet Days",243.616438356164,0.00116324712862823,0.0562262792557082
"CR-Ec","Model B","Wet Days",244.227005870841,0.0011236198644036,0.0543108705952449
"CR-Ec","Model B","Wet Days",244.837573385519,0.00108398863965915,0.052395270500573
"CR-Ec","Model B","Wet Days",245.448140900196,0.00104444581456682,0.0504839432585082
"CR-Ec","Model B","Wet Days",246.058708414873,0.00100506421436171,0.0485804089224461
"CR-Ec","Model B","Wet Days",246.66927592955,0.000965876232170011,0.0466862332344506
"CR-Ec","Model B","Wet Days",247.279843444227,0.000926921797792345,0.0448033462264683
"CR-Ec","Model B","Wet Days",247.890410958904,0.000888407820016435,0.0429417489644745
"CR-Ec","Model B","Wet Days",248.500978473581,0.000850320362257564,0.0411007678149095
"CR-Ec","Model B","Wet Days",249.111545988258,0.000812670048504159,0.0392809162949144
"CR-Ec","Model B","Wet Days",249.722113502935,0.00077549542729392,0.0374840576722269
"CR-Ec","Model B","Wet Days",250.332681017613,0.000739118961187043,0.0357257783768608
"CR-Ec","Model B","Wet Days",250.94324853229,0.000703398950528951,0.033999229267174
"CR-Ec","Model B","Wet Days",251.553816046967,0.000668335133826514,0.0323043977037322
"CR-Ec","Model B","Wet Days",252.164383561644,0.000633959629182042,0.0306428361351468
"CR-Ec","Model B","Wet Days",252.774951076321,0.000600696110690431,0.0290350231144155
"CR-Ec","Model B","Wet Days",253.385518590998,0.000568254899837391,0.0274669568489373
"CR-Ec","Model B","Wet Days",253.996086105675,0.000536637664825932,0.0259387179723505
"CR-Ec","Model B","Wet Days",254.606653620352,0.000505870471715174,0.0244515664039646
"CR-Ec","Model B","Wet Days",255.217221135029,0.00047644028595248,0.0230290399239793
"CR-Ec","Model B","Wet Days",255.827788649706,0.000447924662438755,0.0216507193836792
"CR-Ec","Model B","Wet Days",256.438356164384,0.0004203343377178,0.0203171237406403
"CR-Ec","Model B","Wet Days",257.048923679061,0.000393714371912929,0.0190304310041733
"CR-Ec","Model B","Wet Days",257.659491193738,0.000368501789409548,0.0178117650219375
"CR-Ec","Model B","Wet Days",258.270058708415,0.000344246429841914,0.0166393670104284
"CR-Ec","Model B","Wet Days",258.880626223092,0.000320948142121282,0.0155132296666768
"CR-Ec","Model B","Wet Days",259.491193737769,0.00029867091487634,0.0144364459211677
"CR-Ec","Model B","Wet Days",260.101761252446,0.000277767993354499,0.0134260901044005
"CR-Ec","Model B","Wet Days",260.712328767123,0.000257800752018378,0.0124609609760314
"CR-Ec","Model B","Wet Days",261.3228962818,0.000238759943823962,0.0115406115743904
"CR-Ec","Model B","Wet Days",261.933463796477,0.000220724475357537,0.0106688558987958
"CR-Ec","Model B","Wet Days",262.544031311155,0.000203949682214119,0.00985803575531455
"CR-Ec","Model B","Wet Days",263.154598825832,0.000188038063358892,0.00908893768221685
"CR-Ec","Model B","Wet Days",263.765166340509,0.000172973855421291,0.00836079974710375
"CR-Ec","Model B","Wet Days",264.375733855186,0.000158844476937551,0.00767784737973087
"CR-Ec","Model B","Wet Days",264.986301369863,0.000145810117853162,0.00704782346154395
"CR-Ec","Model B","Wet Days",265.59686888454,0.000133532386153371,0.00645437160235629
"CR-Ec","Model B","Wet Days",266.207436399217,0.000121991793557824,0.00589654982391891
"CR-Ec","Model B","Wet Days",266.818003913894,0.000111277198042461,0.00537865313220798
"CR-Ec","Model B","Wet Days",267.428571428571,0.000101468058978077,0.0049045222457277
"CR-Ec","Model B","Wet Days",268.039138943249,9.22920826658831e-05,0.0044609956778336
"CR-Ec","Model B","Wet Days",268.649706457926,8.37285977690331e-05,0.00404707426649933
"CR-Ec","Model B","Wet Days",269.260273972603,7.5861609279752e-05,0.00366681844569074
"CR-Ec","Model B","Wet Days",269.87084148728,6.87100802220839e-05,0.0033211448050638
"CR-Ec","Model B","Wet Days",270.481409001957,6.20660794860972e-05,0.00300000286405831
"CR-Ec","Model B","Wet Days",271.091976516634,5.59097532138204e-05,0.00270243297400194
"CR-Ec","Model B","Wet Days",271.702544031311,5.0315650885796e-05,0.00243203853077523
"CR-Ec","Model B","Wet Days",272.313111545988,4.52632656257968e-05,0.00218782832165901
"CR-Ec","Model B","Wet Days",272.923679060665,4.06015375602294e-05,0.00196250077295673
"CR-Ec","Model B","Wet Days",273.534246575342,3.6312771263407e-05,0.00175520056517373
"CR-Ec","Model B","Wet Days",274.14481409002,3.24594763531855e-05,0.00156894913987925
"CR-Ec","Model B","Wet Days",274.755381604697,2.90000233145447e-05,0.00140173430836533
"CR-Ec","Model B","Wet Days",275.365949119374,2.58298605185755e-05,0.00124850250210038
"CR-Ec","Model B","Wet Days",275.976516634051,2.29341552440869e-05,0.00110853677220631
"CR-Ec","Model B","Wet Days",276.587084148728,2.03626662540703e-05,0.000984242239688398
"CR-Ec","Model B","Wet Days",277.197651663405,1.80665401239046e-05,0.0008732575436391
"CR-Ec","Model B","Wet Days",277.808219178082,1.59768057379318e-05,0.000772248921941897
"CR-Ec","Model B","Wet Days",278.418786692759,1.40816748508868e-05,0.000680646582371311
"CR-Ec","Model B","Wet Days",279.029354207436,1.24188823332123e-05,0.000600274463547929
"CR-Ec","Model B","Wet Days",279.639921722114,1.0941456954766e-05,0.000528862181614378
"CR-Ec","Model B","Wet Days",280.250489236791,9.60605012618578e-06,0.000464314455326606
"CR-Ec","Model B","Wet Days",280.861056751468,8.40373195480592e-06,0.000406199652724053
"CR-Ec","Model B","Wet Days",281.471624266145,7.36183776415844e-06,0.000355839043807417
"CR-Ec","Model B","Wet Days",282.082191780822,6.44019508685813e-06,0.000311290867179656
"CR-Ec","Model B","Wet Days",282.692759295499,5.61288360799412e-06,0.000271302248168908
"CR-Ec","Model B","Wet Days",283.303326810176,4.8734320668832e-06,0.000235560394332917
"CR-Ec","Model B","Wet Days",283.913894324853,4.2407944488195e-06,0.000204981458434005
"CR-Ec","Model B","Wet Days",284.52446183953,3.68338316668446e-06,0.000178038634645077
"CR-Ec","Model B","Wet Days",285.135029354207,3.1864921496177e-06,0.000154021095811179
"CR-Ec","Model B","Wet Days",285.745596868885,2.74562364435988e-06,0.000132711440208672
"CR-Ec","Model B","Wet Days",286.356164383562,2.37337727190732e-06,0.000114718678417698
"CR-Ec","Model B","Wet Days",286.966731898239,2.04653416937399e-06,9.89205121436812e-05
"CR-Ec","Model B","Wet Days",287.577299412916,1.75721357874059e-06,8.49360200069473e-05
"CR-Ec","Model B","Wet Days",288.187866927593,1.50241164663998e-06,7.262000887174e-05
"CR-Ec","Model B","Wet Days",288.79843444227,1.29016785671869e-06,6.23610722204394e-05
"CR-Ec","Model B","Wet Days",289.409001956947,1.10437245666023e-06,5.33805350748783e-05
"CR-Ec","Model B","Wet Days",290.019569471624,9.41066869946272e-07,4.54870571572288e-05
"CR-Ec","Model B","Wet Days",290.630136986301,7.98320740230884e-07,3.85873334832801e-05
"CR-Ec","Model B","Wet Days",291.240704500978,6.81062720404777e-07,3.29195935805057e-05
"CR-Ec","Model B","Wet Days",291.851272015656,5.78678295578208e-07,2.79707782169789e-05
"CR-Ec","Model B","Wet Days",292.461839530333,4.89328471527992e-07,2.36519984539716e-05
"CR-Ec","Model B","Wet Days",293.07240704501,4.11818384516674e-07,1.99054998036187e-05
"CR-Ec","Model B","Wet Days",293.682974559687,3.49053273141705e-07,1.68717087949563e-05
"CR-Ec","Model B","Wet Days",294.293542074364,2.94364399432474e-07,1.42282877972346e-05
"CR-Ec","Model B","Wet Days",294.904109589041,2.46982021902792e-07,1.19380308731319e-05
"CR-Ec","Model B","Wet Days",295.514677103718,2.06326490709521e-07,9.97292028407104e-06
"CR-Ec","Model B","Wet Days",296.125244618395,1.73645480267356e-07,8.393263155111e-06
"CR-Ec","Model B","Wet Days",296.735812133072,1.4533243840418e-07,7.02473452589802e-06
"CR-Ec","Model B","Wet Days",297.346379647749,1.20981038872646e-07,5.84769436252194e-06
"CR-Ec","Model B","Wet Days",297.956947162427,1.00340846095047e-07,4.85003770432455e-06
"CR-Ec","Model B","Wet Days",298.567514677104,8.38315609565649e-08,4.05205105672107e-06
"CR-Ec","Model B","Wet Days",299.178082191781,6.96263388158879e-08,3.36543273864023e-06
"CR-Ec","Model B","Wet Days",299.788649706458,5.7499043874756e-08,2.77925233449814e-06
"CR-Ec","Model B","Wet Days",300.399217221135,4.73493176139877e-08,2.28865895235076e-06
"CR-Ec","Model B","Wet Days",301.009784735812,3.9267316511778e-08,1.8980103620949e-06
"CR-Ec","Model B","Wet Days",301.620352250489,3.2361236792799e-08,1.56420066913704e-06
"CR-Ec","Model B","Wet Days",302.230919765166,2.65095254143907e-08,1.28135453095299e-06
"CR-Ec","Model B","Wet Days",302.841487279843,2.16757156087447e-08,1.047709303458e-06
"CR-Ec","Model B","Wet Days",303.452054794521,1.78420346470054e-08,8.62405930660299e-07
"CR-Ec","Model B","Wet Days",304.062622309198,1.45890410378431e-08,7.05170445109189e-07
"CR-Ec","Model B","Wet Days",304.673189823875,1.18536146397254e-08,5.72951895190758e-07
"CR-Ec","Model B","Wet Days",305.283757338552,9.62432620393153e-09,4.65197841002566e-07
"CR-Ec","Model B","Wet Days",305.894324853229,7.86248512364775e-09,3.80038147807334e-07
"CR-Ec","Model B","Wet Days",306.504892367906,6.37809569249112e-09,3.08289254019942e-07
"CR-Ec","Model B","Wet Days",307.115459882583,5.13948782615233e-09,2.4842036625986e-07
"CR-Ec","Model B","Wet Days",307.72602739726,4.14401155034685e-09,2.00303396358651e-07
"CR-Ec","Model B","Wet Days",308.336594911937,3.35964682671896e-09,1.62390635687549e-07
"CR-Ec","Model B","Wet Days",308.947162426614,2.70354645091953e-09,1.30677612683592e-07
"CR-Ec","Model B","Wet Days",309.557729941292,2.1603550741232e-09,1.04422116934328e-07
"CR-Ec","Model B","Wet Days",310.168297455969,1.72999653314055e-09,8.36204670442438e-08
"CR-Ec","Model B","Wet Days",310.778864970646,1.39176267366792e-09,6.72717213921733e-08
"CR-Ec","Model B","Wet Days",311.389432485323,1.11089886338376e-09,5.36959930355667e-08
"CR-Ec","Model B","Wet Days",312,8.80210095630141e-10,4.25455068167302e-08
"CR-Ec","Model B","Precipitation",0,2.11469364090873e-05,0.00569466743019899
"CR-Ec","Model B","Precipitation",6.51272015655577,2.26292629668399e-05,0.00609384377451926
"CR-Ec","Model B","Precipitation",13.0254403131115,2.41220111708967e-05,0.00649582656837102
"CR-Ec","Model B","Precipitation",19.5381604696673,2.56174390308914e-05,0.00689853096790119
"CR-Ec","Model B","Precipitation",26.0508806262231,2.71073843383281e-05,0.0072997589685392
"CR-Ec","Model B","Precipitation",32.5636007827789,2.85876149620149e-05,0.00769837089789037
"CR-Ec","Model B","Precipitation",39.0763209393346,3.0054965621132e-05,0.00809351437614683
"CR-Ec","Model B","Precipitation",45.5890410958904,3.15073452933164e-05,0.00848462631101401
"CR-Ec","Model B","Precipitation",52.1017612524462,3.29429097895882e-05,0.00887121008006323
"CR-Ec","Model B","Precipitation",58.614481409002,3.43619303060744e-05,0.00925333871381397
"CR-Ec","Model B","Precipitation",65.1272015655577,3.57723617867893e-05,0.00963315440249702
"CR-Ec","Model B","Precipitation",71.6399217221135,3.71805381516335e-05,0.0100123628100756
"CR-Ec","Model B","Precipitation",78.1526418786693,3.8594446985157e-05,0.010393114916564
"CR-Ec","Model B","Precipitation",84.665362035225,4.00237296662598e-05,0.0107780070529552
"CR-Ec","Model B","Precipitation",91.1780821917808,4.14881125184706e-05,0.0111723513292374
"CR-Ec","Model B","Precipitation",97.6908023483366,4.30077153434216e-05,0.0115815658152832
"CR-Ec","Model B","Precipitation",104.203522504892,4.45963095893906e-05,0.0120093590302112
"CR-Ec","Model B","Precipitation",110.716242661448,4.62720140760951e-05,0.0124606101986298
"CR-Ec","Model B","Precipitation",117.228962818004,4.80539766280067e-05,0.0129404756462718
"CR-Ec","Model B","Precipitation",123.74168297456,4.99622736313928e-05,0.0134543617516681
"CR-Ec","Model B","Precipitation",130.254403131115,5.20678674550088e-05,0.0140213780010489
"CR-Ec","Model B","Precipitation",136.767123287671,5.43594630873767e-05,0.0146384827560064
"CR-Ec","Model B","Precipitation",143.279843444227,5.68577975112527e-05,0.0153112602873787
"CR-Ec","Model B","Precipitation",149.792563600783,5.95839883400201e-05,0.0160453973661859
"CR-Ec","Model B","Precipitation",156.305283757339,6.25586288672749e-05,0.0168464395691514
"CR-Ec","Model B","Precipitation",162.818003913894,6.58302684852996e-05,0.0177274607826123
"CR-Ec","Model B","Precipitation",169.33072407045,6.94504044611412e-05,0.0187023287273448
"CR-Ec","Model B","Precipitation",175.843444227006,7.33860269336004e-05,0.0197621541638956
"CR-Ec","Model B","Precipitation",182.356164383562,7.76508559223854e-05,0.0209106317621621
"CR-Ec","Model B","Precipitation",188.868884540117,8.22569130043426e-05,0.0221509988176467
"CR-Ec","Model B","Precipitation",195.381604696673,8.72144613896464e-05,0.0234860191145486
"CR-Ec","Model B","Precipitation",201.894324853229,9.26048683773238e-05,0.024937604087162
"CR-Ec","Model B","Precipitation",208.407045009785,9.83908665951794e-05,0.0264957179891007
"CR-Ec","Model B","Precipitation",214.91976516634,0.000104545770129173,0.0281531745593103
"CR-Ec","Model B","Precipitation",221.432485322896,0.000111068841533451,0.0299097752106863
"CR-Ec","Model B","Precipitation",227.945205479452,0.000117957589495333,0.0317648490565847
"CR-Ec","Model B","Precipitation",234.457925636008,0.000125216579416017,0.0337196255158218
"CR-Ec","Model B","Precipitation",240.970645792564,0.000132915824781338,0.0357929585495449
"CR-Ec","Model B","Precipitation",247.483365949119,0.000140955494803197,0.0379579646826957
"CR-Ec","Model B","Precipitation",253.996086105675,0.000149325562236064,0.0402119436740941
"CR-Ec","Model B","Precipitation",260.508806262231,0.000158015460401943,0.0425520500185625
"CR-Ec","Model B","Precipitation",267.021526418787,0.000167014242736416,0.0449753359111495
"CR-Ec","Model B","Precipitation",273.534246575342,0.000176346371717159,0.047488388862792
"CR-Ec","Model B","Precipitation",280.046966731898,0.000186001747813441,0.0500884891665973
"CR-Ec","Model B","Precipitation",286.559686888454,0.000195927472327728,0.0527613917099817
"CR-Ec","Model B","Precipitation",293.07240704501,0.000206116167455735,0.0555051097209157
"CR-Ec","Model B","Precipitation",299.585127201566,0.000216562146530927,0.058318111834568
"CR-Ec","Model B","Precipitation",306.097847358121,0.000227261605732078,0.0611993737183157
"CR-Ec","Model B","Precipitation",312.610567514677,0.000238271951720127,0.06416435443611
"CR-Ec","Model B","Precipitation",319.123287671233,0.000249553311719345,0.0672023166313473
"CR-Ec","Model B","Precipitation",325.636007827789,0.000261103447952333,0.0703126576920077
"CR-Ec","Model B","Precipitation",332.148727984344,0.00027293560507191,0.0734989442762383
"CR-Ec","Model B","Precipitation",338.6614481409,0.000285066707058731,0.0767657338499321
"CR-Ec","Model B","Precipitation",345.174168297456,0.000297537179346608,0.0801239125952208
"CR-Ec","Model B","Precipitation",351.686888454012,0.000310446998121551,0.0836004031414282
"CR-Ec","Model B","Precipitation",358.199608610568,0.000323761340312804,0.0871858279691339
"CR-Ec","Model B","Precipitation",364.712328767123,0.000337520353043163,0.0908909983139786
"CR-Ec","Model B","Precipitation",371.225048923679,0.000351767999528828,0.0947277530490067
"CR-Ec","Model B","Precipitation",377.737769080235,0.000366551943356202,0.0987089275215162
"CR-Ec","Model B","Precipitation",384.250489236791,0.000382029693980144,0.102876937519079
"CR-Ec","Model B","Precipitation",390.763209393346,0.000398266844268172,0.107249446572672
"CR-Ec","Model B","Precipitation",397.275929549902,0.000415253481778141,0.111823785356565
"CR-Ec","Model B","Precipitation",403.788649706458,0.000433052369724472,0.116616855403259
"CR-Ec","Model B","Precipitation",410.301369863014,0.000451727217152485,0.121645812948454
"CR-Ec","Model B","Precipitation",416.814090019569,0.000471342322715472,0.126927973003631
"CR-Ec","Model B","Precipitation",423.326810176125,0.000492249222331843,0.132558000824618
"CR-Ec","Model B","Precipitation",429.839530332681,0.000514286290001737,0.138492372077699
"CR-Ec","Model B","Precipitation",436.352250489237,0.000537492616612997,0.144741613564561
"CR-Ec","Model B","Precipitation",442.864970645793,0.000561920861556658,0.151319905954839
"CR-Ec","Model B","Precipitation",449.377690802348,0.000587619141549507,0.158240206619503
"CR-Ec","Model B","Precipitation",455.890410958904,0.000614745596492514,0.165545101119225
"CR-Ec","Model B","Precipitation",462.40313111546,0.000643491385313305,0.173286066722299
"CR-Ec","Model B","Precipitation",468.915851272016,0.000673620460165747,0.181399538004621
"CR-Ec","Model B","Precipitation",475.428571428571,0.000705138476744821,0.189887037990681
"CR-Ec","Model B","Precipitation",481.941291585127,0.000738041132558441,0.198747408060567
"CR-Ec","Model B","Precipitation",488.454011741683,0.000772313761939131,0.207976698890497
"CR-Ec","Model B","Precipitation",494.966731898239,0.000808166296700763,0.217631443107224
"CR-Ec","Model B","Precipitation",501.479452054794,0.000845394328586165,0.22765659552491
"CR-Ec","Model B","Precipitation",507.99217221135,0.000883806697524036,0.238000678567278
"CR-Ec","Model B","Precipitation",514.504892367906,0.000923317797712082,0.248640639411701
"CR-Ec","Model B","Precipitation",521.017612524462,0.000963828996951747,0.259549917351805
"CR-Ec","Model B","Precipitation",527.530332681018,0.00100523752288088,0.270700836774812
"CR-Ec","Model B","Precipitation",534.043052837573,0.00104753341205984,0.282090714621856
"CR-Ec","Model B","Precipitation",540.555772994129,0.00109032392967199,0.293613791168423
"CR-Ec","Model B","Precipitation",547.068493150685,0.00113343820298682,0.305224052024796
"CR-Ec","Model B","Precipitation",553.581213307241,0.00117669511939614,0.316872725300285
"CR-Ec","Model B","Precipitation",560.093933463796,0.00121990393491533,0.328508445466772
"CR-Ec","Model B","Precipitation",566.606653620352,0.00126279903591368,0.340059685317543
"CR-Ec","Model B","Precipitation",573.119373776908,0.00130502717561378,0.351431318878834
"CR-Ec","Model B","Precipitation",579.632093933464,0.00134641264433664,0.362576029217033
"CR-Ec","Model B","Precipitation",586.14481409002,0.0013867334021492,0.373434023104858
"CR-Ec","Model B","Precipitation",592.657534246575,0.001425767499942,0.383945531772959
"CR-Ec","Model B","Precipitation",599.170254403131,0.00146329413835961,0.394051096069722
"CR-Ec","Model B","Precipitation",605.682974559687,0.00149864703290911,0.403571291962863
"CR-Ec","Model B","Precipitation",612.195694716243,0.00153180710515141,0.412500981811466
"CR-Ec","Model B","Precipitation",618.708414872798,0.00156269115238975,0.420817759926205
"CR-Ec","Model B","Precipitation",625.221135029354,0.0015911223736206,0.428474015490227
"CR-Ec","Model B","Precipitation",631.73385518591,0.001616937028312,0.435425654746579
"CR-Ec","Model B","Precipitation",638.246575342466,0.0016398601047565,0.441598619676495
"CR-Ec","Model B","Precipitation",644.759295499022,0.00165915615963431,0.446794862438012
"CR-Ec","Model B","Precipitation",651.272015655577,0.00167538681802927,0.451165623286982
"CR-Ec","Model B","Precipitation",657.784735812133,0.00168848726353492,0.454693447785949
"CR-Ec","Model B","Precipitation",664.297455968689,0.00169841199809196,0.457366083743329
"CR-Ec","Model B","Precipitation",670.810176125245,0.00170513488598662,0.459176493061727
"CR-Ec","Model B","Precipitation",677.3228962818,0.0017081929484757,0.46
"CR-Ec","Model B","Precipitation",683.835616438356,0.00170767504641028,0.459860533934234
"CR-Ec","Model B","Precipitation",690.348336594912,0.00170406439822869,0.458888220961619
"CR-Ec","Model B","Precipitation",696.861056751468,0.00169744007139221,0.457104353192172
"CR-Ec","Model B","Precipitation",703.373776908024,0.00168789593712915,0.454534209248583
"CR-Ec","Model B","Precipitation",709.886497064579,0.00167553989925069,0.451206846593702
"CR-Ec","Model B","Precipitation",716.399217221135,0.00165989087572572,0.446992714444338
"CR-Ec","Model B","Precipitation",722.911937377691,0.00164172312969537,0.442100314448532
"CR-Ec","Model B","Precipitation",729.424657534247,0.00162126762201166,0.43659184215159
"CR-Ec","Model B","Precipitation",735.937377690802,0.00159868219247235,0.430509802299269
"CR-Ec","Model B","Precipitation",742.450097847358,0.00157412814071889,0.423897631340088
"CR-Ec","Model B","Precipitation",748.962818003914,0.00154765609985437,0.416768964283741
"CR-Ec","Model B","Precipitation",755.47553816047,0.00151930473104895,0.409134212213063
"CR-Ec","Model B","Precipitation",761.988258317025,0.00148959728347676,0.401134281118979
"CR-Ec","Model B","Precipitation",768.500978473581,0.00145869002967163,0.392811253698073
"CR-Ec","Model B","Precipitation",775.013698630137,0.00142673503981721,0.384206080994282
"CR-Ec","Model B","Precipitation",781.526418786693,0.00139387983743854,0.375358489679921
"CR-Ec","Model B","Precipitation",788.039138943249,0.00136017212636729,0.36628132593995
"CR-Ec","Model B","Precipitation",794.551859099804,0.00132586488510059,0.357042714460631
"CR-Ec","Model B","Precipitation",801.06457925636,0.00129115301346638,0.347695139898878
"CR-Ec","Model B","Precipitation",807.577299412916,0.00125615266752796,0.33826988197
"CR-Ec","Model B","Precipitation",814.090019569472,0.00122097496185265,0.328796862762724
"CR-Ec","Model B","Precipitation",820.602739726027,0.00118572617205404,0.319304701281886
"CR-Ec","Model B","Precipitation",827.115459882583,0.00115056149832476,0.309835191452857
"CR-Ec","Model B","Precipitation",833.628180039139,0.00111559155708683,0.300418121218606
"CR-Ec","Model B","Precipitation",840.140900195695,0.00108090475158255,0.291077296725561
"CR-Ec","Model B","Precipitation",846.65362035225,0.00104658697436878,0.281835848016609
"CR-Ec","Model B","Precipitation",853.166340508806,0.00101272177631917,0.272716274541773
"CR-Ec","Model B","Precipitation",859.679060665362,0.00097945736758226,0.263758487874503
"CR-Ec","Model B","Precipitation",866.191780821918,0.000946958824637053,0.255006941529498
"CR-Ec","Model B","Precipitation",872.704500978474,0.000915206568953966,0.246456363196264
"CR-Ec","Model B","Precipitation",879.217221135029,0.000884273622152005,0.238126416897399
"CR-Ec","Model B","Precipitation",885.729941291585,0.000854231096770432,0.230036252558614
"CR-Ec","Model B","Precipitation",892.242661448141,0.000825148084946308,0.222204476030655
"CR-Ec","Model B","Precipitation",898.755381604697,0.000797321797246861,0.214711123272602
"CR-Ec","Model B","Precipitation",905.268101761252,0.000770704095306298,0.207543231083617
"CR-Ec","Model B","Precipitation",911.780821917808,0.000745275619624275,0.20069558613568
"CR-Ec","Model B","Precipitation",918.293542074364,0.000721087373613909,0.194181923159436
"CR-Ec","Model B","Precipitation",924.80626223092,0.000698186010977195,0.188014805549982
"CR-Ec","Model B","Precipitation",931.318982387475,0.000676655456171817,0.182216833359948
"CR-Ec","Model B","Precipitation",937.831702544031,0.000656838432291683,0.176880298635931
"CR-Ec","Model B","Precipitation",944.344422700587,0.000638429896180798,0.171923056177717
"CR-Ec","Model B","Precipitation",950.857142857143,0.000621444390583188,0.16734902220698
"CR-Ec","Model B","Precipitation",957.369863013699,0.000605890018615306,0.163160378815371
"CR-Ec","Model B","Precipitation",963.882583170254,0.000591768366355936,0.159357553118715
"CR-Ec","Model B","Precipitation",970.39530332681,0.000579259440957262,0.155989019318991
"CR-Ec","Model B","Precipitation",976.908023483366,0.000568350959601357,0.153051469770977
"CR-Ec","Model B","Precipitation",983.420743639922,0.00055880837617374,0.150481743452518
"CR-Ec","Model B","Precipitation",989.933463796477,0.00055059494073724,0.148269943957524
"CR-Ec","Model B","Precipitation",996.446183953033,0.000543667823386786,0.146404537602784
"CR-Ec","Model B","Precipitation",1002.95890410959,0.000537978267280294,0.144872394637716
"CR-Ec","Model B","Precipitation",1009.47162426614,0.000533722597536581,0.143726383536421
"CR-Ec","Model B","Precipitation",1015.9843444227,0.000530583732507915,0.142881117248163
"CR-Ec","Model B","Precipitation",1022.49706457926,0.000528441279212506,0.142304175096067
"CR-Ec","Model B","Precipitation",1029.00978473581,0.000527219659744186,0.141975204673885
"CR-Ec","Model B","Precipitation",1035.52250489237,0.000526840219594318,0.141873025075793
"CR-Ec","Model B","Precipitation",1042.03522504892,0.000527259932541852,0.141986049752565
"CR-Ec","Model B","Precipitation",1048.54794520548,0.000528453645919089,0.142307505331702
"CR-Ec","Model B","Precipitation",1055.06066536204,0.000530172575051229,0.142770396483132
"CR-Ec","Model B","Precipitation",1061.57338551859,0.00053233039814914,0.143351477575829
"CR-Ec","Model B","Precipitation",1068.08610567515,0.000534841396893171,0.144027665487321
"CR-Ec","Model B","Precipitation",1074.5988258317,0.000537620766249393,0.144776123034229
"CR-Ec","Model B","Precipitation",1081.11154598826,0.000540594313440926,0.145576870812357
"CR-Ec","Model B","Precipitation",1087.62426614481,0.000543632265476256,0.146394962198051
"CR-Ec","Model B","Precipitation",1094.13698630137,0.000546641910570754,0.147205430795703
"CR-Ec","Model B","Precipitation",1100.64970645793,0.00054955309714838,0.147989385457793
"CR-Ec","Model B","Precipitation",1107.16242661448,0.000552299449724717,0.148728951902112
"CR-Ec","Model B","Precipitation",1113.67514677104,0.000554818552863653,0.149407322249528
"CR-Ec","Model B","Precipitation",1120.18786692759,0.000556954703050235,0.149982567034787
"CR-Ec","Model B","Precipitation",1126.70058708415,0.000558717157598692,0.150457179163946
"CR-Ec","Model B","Precipitation",1133.2133072407,0.000560069161333599,0.150821260820303
"CR-Ec","Model B","Precipitation",1139.72602739726,0.000560975278791039,0.151065269572824
"CR-Ec","Model B","Precipitation",1146.23874755382,0.00056140489605002,0.151180961385805
"CR-Ec","Model B","Precipitation",1152.75146771037,0.000561284590299477,0.151148564199469
"CR-Ec","Model B","Precipitation",1159.26418786693,0.00056053800499363,0.150947515927377
"CR-Ec","Model B","Precipitation",1165.77690802348,0.000559250242683522,0.150600733871417
"CR-Ec","Model B","Precipitation",1172.28962818004,0.000557416927242958,0.150107039582718
"CR-Ec","Model B","Precipitation",1178.80234833659,0.000555037497282889,0.149466281884585
"CR-Ec","Model B","Precipitation",1185.31506849315,0.000552115048500919,0.148679294418733
"CR-Ec","Model B","Precipitation",1191.82778864971,0.00054855713420203,0.147721182175647
"CR-Ec","Model B","Precipitation",1198.34050880626,0.000544440026003123,0.146612484371229
"CR-Ec","Model B","Precipitation",1204.85322896282,0.000539824764673529,0.145369638700013
"CR-Ec","Model B","Precipitation",1211.36594911937,0.000534729552049349,0.143997546742126
"CR-Ec","Model B","Precipitation",1217.87866927593,0.000529174079301496,0.142501511141293
"CR-Ec","Model B","Precipitation",1224.39138943249,0.000523171879187532,0.140885176139508
"CR-Ec","Model B","Precipitation",1230.90410958904,0.000516656728768816,0.139130708533677
"CR-Ec","Model B","Precipitation",1237.4168297456,0.00050976438614842,0.13727466668067
"CR-Ec","Model B","Precipitation",1243.92954990215,0.000502517440604758,0.135323133656805
"CR-Ec","Model B","Precipitation",1250.44227005871,0.000494938057144137,0.133282078285983
"CR-Ec","Model B","Precipitation",1256.95499021526,0.000487047873917054,0.131157327514885
"CR-Ec","Model B","Precipitation",1263.46771037182,0.00047883668903776,0.128946134073392
"CR-Ec","Model B","Precipitation",1269.98043052838,0.000470325244131669,0.126654083482564
"CR-Ec","Model B","Precipitation",1276.49315068493,0.000461575632817893,0.124297896959297
"CR-Ec","Model B","Precipitation",1283.00587084149,0.000452604512611314,0.121882060212805
"CR-Ec","Model B","Precipitation",1289.51859099804,0.000443427728327546,0.119410840100171
"CR-Ec","Model B","Precipitation",1296.0313111546,0.000434060368568543,0.116888299837382
"CR-Ec","Model B","Precipitation",1302.54403131115,0.000424482866860958,0.114309170360574
"CR-Ec","Model B","Precipitation",1309.05675146771,0.000414744105548014,0.111686615216583
"CR-Ec","Model B","Precipitation",1315.56947162427,0.000404867051919452,0.109026819276556
"CR-Ec","Model B","Precipitation",1322.08219178082,0.000394865827708075,0.10633358538788
"CR-Ec","Model B","Precipitation",1328.59491193738,0.00038475506394067,0.103610853545931
"CR-Ec","Model B","Precipitation",1335.10763209393,0.000374546675118976,0.100861832211913
"CR-Ec","Model B","Precipitation",1341.62035225049,0.000364252659492267,0.0980897523994353
"CR-Ec","Model B","Precipitation",1348.13307240704,0.00035391367984567,0.0953055642070661
"CR-Ec","Model B","Precipitation",1354.6457925636,0.000343550657259017,0.0925149014812221
"CR-Ec","Model B","Precipitation",1361.15851272016,0.000333185911774198,0.0897237747954042
"CR-Ec","Model B","Precipitation",1367.67123287671,0.000322843149156338,0.0869385678851068
"CR-Ec","Model B","Precipitation",1374.18395303327,0.000312561039108369,0.0841696941309527
"CR-Ec","Model B","Precipitation",1380.69667318982,0.000302380784944713,0.0814282491908711
"CR-Ec","Model B","Precipitation",1387.20939334638,0.000292324726356799,0.078720248929795
"CR-Ec","Model B","Precipitation",1393.72211350294,0.000282422159434857,0.0760535825042264
"CR-Ec","Model B","Precipitation",1400.23483365949,0.000272702501538157,0.0734361717272577
"CR-Ec","Model B","Precipitation",1406.74755381605,0.000263195099182504,0.0708759193345153
"CR-Ec","Model B","Precipitation",1413.2602739726,0.000254001308291398,0.0684001195054139
"CR-Ec","Model B","Precipitation",1419.77299412916,0.000245101549247055,0.0660034996364167
"CR-Ec","Model B","Precipitation",1426.28571428571,0.00023651352680606,0.0636908274488965
"CR-Ec","Model B","Precipitation",1432.79843444227,0.000228258615178622,0.0614678588129413
"CR-Ec","Model B","Precipitation",1439.31115459883,0.000220355724984635,0.0593396861773628
"CR-Ec","Model B","Precipitation",1445.82387475538,0.000212851075745941,0.0573187560167039
"CR-Ec","Model B","Precipitation",1452.33659491194,0.000205806565810158,0.0554217369631176
"CR-Ec","Model B","Precipitation",1458.84931506849,0.000199153178400767,0.0536300434597281
"CR-Ec","Model B","Precipitation",1465.36203522505,0.00019289137121381,0.0519437987596955
"CR-Ec","Model B","Precipitation",1471.8747553816,0.00018701820570343,0.0503622115407659
"CR-Ec","Model B","Precipitation",1478.38747553816,0.000181527390715594,0.0488835876554148
"CR-Ec","Model B","Precipitation",1484.90019569472,0.000176471764891348,0.0475221560435887
"CR-Ec","Model B","Precipitation",1491.41291585127,0.000171796899073222,0.0462632594545019
"CR-Ec","Model B","Precipitation",1497.92563600783,0.000167447461185662,0.0450919974901771
"CR-Ec","Model B","Precipitation",1504.43835616438,0.000163401542965576,0.0440024704652001
"CR-Ec","Model B","Precipitation",1510.95107632094,0.000159635598272265,0.0429883376294047
"CR-Ec","Model B","Precipitation",1517.46379647749,0.000156125993751791,0.0420432347469355
"CR-Ec","Model B","Precipitation",1523.97651663405,0.000152893797807301,0.0411728353369671
"CR-Ec","Model B","Precipitation",1530.48923679061,0.000149843707106807,0.0403514751250078
"CR-Ec","Model B","Precipitation",1537.00195694716,0.000146949811388589,0.0395721767257445
"CR-Ec","Model B","Precipitation",1543.51467710372,0.000144187145517508,0.0388282172673991
"CR-Ec","Model B","Precipitation",1550.02739726027,0.00014153187442141,0.0381131781933325
"CR-Ec","Model B","Precipitation",1556.54011741683,0.000138967499107629,0.0374226164828466
"CR-Ec","Model B","Precipitation",1563.05283757339,0.000136468093111034,0.0367495503872047
"CR-Ec","Model B","Precipitation",1569.56555772994,0.000134004968980976,0.0360862546507145
"CR-Ec","Model B","Precipitation",1576.0782778865,0.000131565559821936,0.0354293451287779
"CR-Ec","Model B","Precipitation",1582.59099804305,0.000129139662897354,0.0347760743221612
"CR-Ec","Model B","Precipitation",1589.10371819961,0.000126719457600359,0.0341243362163395
"CR-Ec","Model B","Precipitation",1595.61643835616,0.000124299357991341,0.0334726265712776
"CR-Ec","Model B","Precipitation",1602.12915851272,0.000121878319765503,0.0328206641656962
"CR-Ec","Model B","Precipitation",1608.64187866928,0.00011945927651117,0.0321692389868334
"CR-Ec","Model B","Precipitation",1615.15459882583,0.000117046939064118,0.031519619617643
"CR-Ec","Model B","Precipitation",1621.66731898239,0.000114647660880233,0.0308735169829424
"CR-Ec","Model B","Precipitation",1628.18003913894,0.000112270577452583,0.0302333911835153
"CR-Ec","Model B","Precipitation",1634.6927592955,0.000109936844810133,0.0296049393353299
"CR-Ec","Model B","Precipitation",1641.20547945205,0.000107652806687002,0.0289898697452242
"CR-Ec","Model B","Precipitation",1647.71819960861,0.000105430125183824,0.0283913229051999
"CR-Ec","Model B","Precipitation",1654.23091976517,0.000103280508244302,0.0278124516523579
"CR-Ec","Model B","Precipitation",1660.74363992172,0.000101215570556002,0.0272563837108143
"CR-Ec","Model B","Precipitation",1667.25636007828,9.92620988663398e-05,0.0267303324950857
"CR-Ec","Model B","Precipitation",1673.76908023483,9.74359476213274e-05,0.0262385674556297
"CR-Ec","Model B","Precipitation",1680.28180039139,9.57318942524188e-05,0.0257796822047583
"CR-Ec","Model B","Precipitation",1686.79452054795,9.41569464542405e-05,0.0253555638475151
"CR-Ec","Model B","Precipitation",1693.3072407045,9.27167942551522e-05,0.0249677446540383
"CR-Ec","Model B","Precipitation",1699.81996086106,9.14157432530744e-05,0.024617384080609
"CR-Ec","Model B","Precipitation",1706.33268101761,9.0290412442536e-05,0.0243143432717182
"CR-Ec","Model B","Precipitation",1712.84540117417,8.93111977220008e-05,0.0240506501263694
"CR-Ec","Model B","Precipitation",1719.35812133072,8.84698180345293e-05,0.0238240746352445
"CR-Ec","Model B","Precipitation",1725.87084148728,8.77615785120768e-05,0.0236333525153465
"CR-Ec","Model B","Precipitation",1732.38356164384,8.71803225623958e-05,0.0234768258553507
"CR-Ec","Model B","Precipitation",1738.89628180039,8.67253829005422e-05,0.0233543149618129
"CR-Ec","Model B","Precipitation",1745.40900195695,8.63975215309641e-05,0.0232660250352326
"CR-Ec","Model B","Precipitation",1751.9217221135,8.61600236620852e-05,0.0232020691338915
"CR-Ec","Model B","Precipitation",1758.43444227006,8.60003711989096e-05,0.0231590762547052
"CR-Ec","Model B","Precipitation",1764.94716242661,8.59055218292679e-05,0.0231335342279253
"CR-Ec","Model B","Precipitation",1771.45988258317,8.58620225208176e-05,0.0231218202807948
"CR-Ec","Model B","Precipitation",1777.97260273973,8.58587778177525e-05,0.023120946513337
"CR-Ec","Model B","Precipitation",1784.48532289628,8.58730792225336e-05,0.0231247977446661
"CR-Ec","Model B","Precipitation",1790.99804305284,8.58884852202176e-05,0.0231289464322842
"CR-Ec","Model B","Precipitation",1797.51076320939,8.58930394786733e-05,0.0231301728504658
"CR-Ec","Model B","Precipitation",1804.02348336595,8.58756393721675e-05,0.0231254871684415
"CR-Ec","Model B","Precipitation",1810.5362035225,8.58261302293983e-05,0.0231121548304909
"CR-Ec","Model B","Precipitation",1817.04892367906,8.57213740907207e-05,0.0230839450056964
"CR-Ec","Model B","Precipitation",1823.56164383562,8.55641721164301e-05,0.0230416120196961
"CR-Ec","Model B","Precipitation",1830.07436399217,8.5350796795172e-05,0.0229841520893842
"CR-Ec","Model B","Precipitation",1836.58708414873,8.50786541904214e-05,0.0229108666924992
"CR-Ec","Model B","Precipitation",1843.09980430528,8.47465293256408e-05,0.0228214286474964
"CR-Ec","Model B","Precipitation",1849.61252446184,8.43492074120636e-05,0.0227144336617083
"CR-Ec","Model B","Precipitation",1856.1252446184,8.38856253521015e-05,0.0225895954531366
"CR-Ec","Model B","Precipitation",1862.63796477495,8.33710426982444e-05,0.0224510232731112
"CR-Ec","Model B","Precipitation",1869.15068493151,8.2810775079057e-05,0.0223001485694917
"CR-Ec","Model B","Precipitation",1875.66340508806,8.22107730919347e-05,0.022138573781162
"CR-Ec","Model B","Precipitation",1882.17612524462,8.15775164237219e-05,0.021968043825727
"CR-Ec","Model B","Precipitation",1888.68884540117,8.09149515254866e-05,0.0217896214446604
"CR-Ec","Model B","Precipitation",1895.20156555773,8.02362522552323e-05,0.0216068542317437
"CR-Ec","Model B","Precipitation",1901.71428571429,7.95496853974394e-05,0.0214219683528583
"CR-Ec","Model B","Precipitation",1908.22700587084,7.8860995991574e-05,0.0212365108921067
"CR-Ec","Model B","Precipitation",1914.7397260274,7.8175232592582e-05,0.0210518413769809
"CR-Ec","Model B","Precipitation",1921.25244618395,7.74969139132356e-05,0.0208691766535503
"CR-Ec","Model B","Precipitation",1927.76516634051,7.68322296249608e-05,0.0206901835410455
"CR-Ec","Model B","Precipitation",1934.27788649706,7.61795698825938e-05,0.0205144285235829
"CR-Ec","Model B","Precipitation",1940.79060665362,7.55379572117901e-05,0.0203416483766838
"CR-Ec","Model B","Precipitation",1947.30332681018,7.49052580921681e-05,0.0201712685637442
"CR-Ec","Model B","Precipitation",1953.81604696673,7.42782087415905e-05,0.0200024101794948
"CR-Ec","Model B","Precipitation",1960.32876712329,7.36513838341461e-05,0.0198336122356316
"CR-Ec","Model B","Precipitation",1966.84148727984,7.30150037334935e-05,0.0196622411697567
"CR-Ec","Model B","Precipitation",1973.3542074364,7.23614111230575e-05,0.0194862349398581
"CR-Ec","Model B","Precipitation",1979.86692759295,7.16825393681524e-05,0.0193034212784769
"CR-Ec","Model B","Precipitation",1986.37964774951,7.09699942384344e-05,0.0191115396997813
"CR-Ec","Model B","Precipitation",1992.89236790607,7.02151573092403e-05,0.0189082693445564
"CR-Ec","Model B","Precipitation",1999.40508806262,6.93945774412307e-05,0.0186872950455926
"CR-Ec","Model B","Precipitation",2005.91780821918,6.85061475716829e-05,0.0184480493910799
"CR-Ec","Model B","Precipitation",2012.43052837573,6.75453303457772e-05,0.0181893105148241
"CR-Ec","Model B","Precipitation",2018.94324853229,6.6505843415614e-05,0.0179093866407081
"CR-Ec","Model B","Precipitation",2025.45596868885,6.53823105856286e-05,0.0176068300107592
"CR-Ec","Model B","Precipitation",2031.9686888454,6.41654153053141e-05,0.0172791317671596
"CR-Ec","Model B","Precipitation",2038.48140900196,6.28362589721324e-05,0.0169212026972561
"CR-Ec","Model B","Precipitation",2044.99412915851,6.14147879702192e-05,0.0165384141712506
"CR-Ec","Model B","Precipitation",2051.50684931507,5.99026326573349e-05,0.0161312052288723
"CR-Ec","Model B","Precipitation",2058.01956947162,5.83027295020727e-05,0.0157003666329881
"CR-Ec","Model B","Precipitation",2064.53228962818,5.66193039445549e-05,0.0152470362541517
"CR-Ec","Model B","Precipitation",2071.04500978474,5.48476548660286e-05,0.0147699481261101
"CR-Ec","Model B","Precipitation",2077.55772994129,5.30024383843952e-05,0.0142730490010383
"CR-Ec","Model B","Precipitation",2084.07045009785,5.11024027361623e-05,0.0137613875994577
"CR-Ec","Model B","Precipitation",2090.5831702544,4.91578820424284e-05,0.0132377468012003
"CR-Ec","Model B","Precipitation",2097.09589041096,4.71798723929718e-05,0.012705087747923
"CR-Ec","Model B","Precipitation",2103.60861056751,4.51799498215393e-05,0.0121665277546389
"CR-Ec","Model B","Precipitation",2110.12133072407,4.31731687162227e-05,0.0116261208238707
"CR-Ec","Model B","Precipitation",2116.63405088063,4.11781934281721e-05,0.0110888930866165
"CR-Ec","Model B","Precipitation",2123.14677103718,3.92073053151026e-05,0.0105581517948783
"CR-Ec","Model B","Precipitation",2129.65949119374,3.72723506468499e-05,0.0100370870356598
"CR-Ec","Model B","Precipitation",2136.17221135029,3.53847612821132e-05,0.0095287772990146
"CR-Ec","Model B","Precipitation",2142.68493150685,3.35615448867131e-05,0.00903780258644923
"CR-Ec","Model B","Precipitation",2149.1976516634,3.18250120036565e-05,0.00857017091350569
"CR-Ec","Model B","Precipitation",2155.71037181996,3.01716344128372e-05,0.00812493216430259
"CR-Ec","Model B","Precipitation",2162.22309197652,2.86082433222831e-05,0.00770392591773273
"CR-Ec","Model B","Precipitation",2168.73581213307,2.71406087636168e-05,0.00730870598804683
"CR-Ec","Model B","Precipitation",2175.24853228963,2.57734135965864e-05,0.00694053342452278
"CR-Ec","Model B","Precipitation",2181.76125244618,2.45298695222777e-05,0.00660565891594197
"CR-Ec","Model B","Precipitation",2188.27397260274,2.34019393706157e-05,0.00630191812938301
"CR-Ec","Model B","Precipitation",2194.7866927593,2.23794538571217e-05,0.00602657257393684
"CR-Ec","Model B","Precipitation",2201.29941291585,2.14606082305642e-05,0.00577913624738274
"CR-Ec","Model B","Precipitation",2207.81213307241,2.06426001972479e-05,0.00555885451886884
"CR-Ec","Model B","Precipitation",2214.32485322896,1.99227098089308e-05,0.00536499493238515
"CR-Ec","Model B","Precipitation",2220.83757338552,1.93164403564572e-05,0.00520173237566594
"CR-Ec","Model B","Precipitation",2227.35029354207,1.87915489166531e-05,0.00506038413832229
"CR-Ec","Model B","Precipitation",2233.86301369863,1.83409536863259e-05,0.00493904315858376
"CR-Ec","Model B","Precipitation",2240.37573385519,1.79572217680439e-05,0.00483570782836404
"CR-Ec","Model B","Precipitation",2246.88845401174,1.76326402140944e-05,0.00474830112471852
"CR-Ec","Model B","Precipitation",2253.4011741683,1.73637227506419e-05,0.00467588422749475
"CR-Ec","Model B","Precipitation",2259.91389432485,1.7140260261706e-05,0.00461570791954182
"CR-Ec","Model B","Precipitation",2266.42661448141,1.69466560621251e-05,0.00456357216293029
"CR-Ec","Model B","Precipitation",2272.93933463796,1.6775831159827e-05,0.00451757065289758
"CR-Ec","Model B","Precipitation",2279.45205479452,1.66211693444392e-05,0.00447592170736022
"CR-Ec","Model B","Precipitation",2285.96477495108,1.64765681298989e-05,0.00443698198527091
"CR-Ec","Model B","Precipitation",2292.47749510763,1.63360039952962e-05,0.00439912941014177
"CR-Ec","Model B","Precipitation",2298.99021526419,1.61930074658664e-05,0.00436062181438312
"CR-Ec","Model B","Precipitation",2305.50293542074,1.60446191156602e-05,0.00432066225293208
"CR-Ec","Model B","Precipitation",2312.0156555773,1.58888488186254e-05,0.00427871480390417
"CR-Ec","Model B","Precipitation",2318.52837573386,1.57244638528743e-05,0.00423444750710203
"CR-Ec","Model B","Precipitation",2325.04109589041,1.55506501564836e-05,0.00418764114344676
"CR-Ec","Model B","Precipitation",2331.55381604697,1.53668749419595e-05,0.00413815223836929
"CR-Ec","Model B","Precipitation",2338.06653620352,1.51772794567808e-05,0.00408709599015094
"CR-Ec","Model B","Precipitation",2344.57925636008,1.49843367402778e-05,0.00403513836459666
"CR-Ec","Model B","Precipitation",2351.09197651663,1.47909084205718e-05,0.0039830499707509
"CR-Ec","Model B","Precipitation",2357.60469667319,1.46001901191243e-05,0.00393169135886568
"CR-Ec","Model B","Precipitation",2364.11741682975,1.44173645668733e-05,0.00388245818874252
"CR-Ec","Model B","Precipitation",2370.6301369863,1.42480263128015e-05,0.00383685701883807
"CR-Ec","Model B","Precipitation",2377.14285714286,1.40947506361967e-05,0.00379558134719857
"CR-Ec","Model B","Precipitation",2383.65557729941,1.39607614221765e-05,0.00375949933520788
"CR-Ec","Model B","Precipitation",2390.16829745597,1.38489710557944e-05,0.00372939526026621
"CR-Ec","Model B","Precipitation",2396.68101761252,1.37619302552251e-05,0.00370595600634725
"CR-Ec","Model B","Precipitation",2403.19373776908,1.37087493057569e-05,0.00369163488602112
"CR-Ec","Model B","Precipitation",2409.70645792564,1.36849161778537e-05,0.00368521685294984
"CR-Ec","Model B","Precipitation",2416.21917808219,1.36895004865193e-05,0.00368645136336509
"CR-Ec","Model B","Precipitation",2422.73189823875,1.37217537738676e-05,0.00369513686472691
"CR-Ec","Model B","Precipitation",2429.2446183953,1.37802863287841e-05,0.00371089912114274
"CR-Ec","Model B","Precipitation",2435.75733855186,1.38644667018515e-05,0.00373356808933251
"CR-Ec","Model B","Precipitation",2442.27005870841,1.39723191173297e-05,0.00376261171181336
"CR-Ec","Model B","Precipitation",2448.78277886497,1.40947499826476e-05,0.00379558117120405
"CR-Ec","Model B","Precipitation",2455.29549902153,1.42271517064103e-05,0.00383123568727331
"CR-Ec","Model B","Precipitation",2461.80821917808,1.43645711021699e-05,0.00386824141435223
"CR-Ec","Model B","Precipitation",2468.32093933464,1.45017573697714e-05,0.00390518436225107
"CR-Ec","Model B","Precipitation",2474.83365949119,1.46306422273937e-05,0.00393989181995318
"CR-Ec","Model B","Precipitation",2481.34637964775,1.47431839352698e-05,0.00397019822396285
"CR-Ec","Model B","Precipitation",2487.85909980431,1.48346487301199e-05,0.00399482881716872
"CR-Ec","Model B","Precipitation",2494.37181996086,1.48998337314662e-05,0.00401238251369117
"CR-Ec","Model B","Precipitation",2500.88454011742,1.49338376593351e-05,0.00402153944577759
"CR-Ec","Model B","Precipitation",2507.39726027397,1.49321099710444e-05,0.00402107419586866
"CR-Ec","Model B","Precipitation",2513.90998043053,1.48781328167873e-05,0.00400653866521889
"CR-Ec","Model B","Precipitation",2520.42270058708,1.47791177142167e-05,0.00397987484646052
"CR-Ec","Model B","Precipitation",2526.93542074364,1.46331584666183e-05,0.00394056941907588
"CR-Ec","Model B","Precipitation",2533.4481409002,1.44389770497851e-05,0.00388827822338692
"CR-Ec","Model B","Precipitation",2539.96086105675,1.41959493600225e-05,0.00382283319424629
"CR-Ec","Model B","Precipitation",2546.47358121331,1.38993615538527e-05,0.00374296493875451
"CR-Ec","Model B","Precipitation",2552.98630136986,1.35476351232239e-05,0.00364824837981213
"CR-Ec","Model B","Precipitation",2559.49902152642,1.31516536304097e-05,0.003541614356497
"CR-Ec","Model B","Precipitation",2566.01174168297,1.27143313336369e-05,0.00342384765063686
"CR-Ec","Model B","Precipitation",2572.52446183953,1.22390471759935e-05,0.00329585817924191
"CR-Ec","Model B","Precipitation",2579.03718199609,1.17296100732204e-05,0.00315867164683952
"CR-Ec","Model B","Precipitation",2585.54990215264,1.11857317887754e-05,0.00301221043408955
"CR-Ec","Model B","Precipitation",2592.0626223092,1.06181158235955e-05,0.00285935689127649
"CR-Ec","Model B","Precipitation",2598.57534246575,1.00337819890185e-05,0.00270200138635811
"CR-Ec","Model B","Precipitation",2605.08806262231,9.43768790035909e-06,0.00254147895765473
"CR-Ec","Model B","Precipitation",2611.60078277886,8.83476611949747e-06,0.00237911789683673
"CR-Ec","Model B","Precipitation",2618.11350293542,8.23001957547083e-06,0.00221626544477592
"CR-Ec","Model B","Precipitation",2624.62622309198,7.63098192811892e-06,0.00205495034390996
"CR-Ec","Model B","Precipitation",2631.13894324853,7.04219231802983e-06,0.00189639494132346
"CR-Ec","Model B","Precipitation",2637.65166340509,6.46743150589998e-06,0.00174161735965995
"CR-Ec","Model B","Precipitation",2644.16438356164,5.91015155654996e-06,0.00159154720691183
"CR-Ec","Model B","Precipitation",2650.6771037182,5.37346540362406e-06,0.00144702276629392
"CR-Ec","Model B","Precipitation",2657.18982387476,4.86361732005867e-06,0.00130972556070051
"CR-Ec","Model B","Precipitation",2663.70254403131,4.38418814337146e-06,0.00118061987537795
"CR-Ec","Model B","Precipitation",2670.21526418787,3.9331329098065e-06,0.00105915502117337
"CR-Ec","Model B","Precipitation",2676.72798434442,3.51150361700179e-06,0.000945614290974694
"CR-Ec","Model B","Precipitation",2683.24070450098,3.12003970945912e-06,0.000840196810103863
"CR-Ec","Model B","Precipitation",2689.75342465753,2.75918101725704e-06,0.000743021020588351
"CR-Ec","Model B","Precipitation",2696.26614481409,2.43611835097398e-06,0.000656023338843547
"CR-Ec","Model B","Precipitation",2702.77886497065,2.14456736487025e-06,0.000577511450753039
"CR-Ec","Model B","Precipitation",2709.2915851272,1.88261765741548e-06,0.000506970903482477
"CR-Ec","Model B","Precipitation",2715.80430528376,1.6495465633617e-06,0.000444207090202243
"CR-Ec","Model B","Precipitation",2722.31702544031,1.44453154715432e-06,0.000388998509965715
"CR-Ec","Model B","Precipitation",2728.82974559687,1.26819262245374e-06,0.000341512126513159
"CR-Ec","Model B","Precipitation",2735.34246575342,1.12316887621275e-06,0.000302458620683865
"CR-Ec","Model B","Precipitation",2741.85518590998,1.00265490612407e-06,0.000270005362818433
"CR-Ec","Model B","Precipitation",2748.36790606654,9.05751687983408e-07,0.000243910254309479
"CR-Ec","Model B","Precipitation",2754.88062622309,8.31617694822175e-07,0.000223946680004482
"CR-Ec","Model B","Precipitation",2761.39334637965,7.79476321833851e-07,0.000209905507667345
"CR-Ec","Model B","Precipitation",2767.9060665362,7.51914508719054e-07,0.000202483375381809
"CR-Ec","Model B","Precipitation",2774.41878669276,7.47128654168451e-07,0.000201194590590114
"CR-Ec","Model B","Precipitation",2780.93150684931,7.62324370248263e-07,0.000205286651386261
"CR-Ec","Model B","Precipitation",2787.44422700587,7.97209772212951e-07,0.000214680956003943
"CR-Ec","Model B","Precipitation",2793.95694716243,8.51564651901038e-07,0.00022931820449442
"CR-Ec","Model B","Precipitation",2800.46966731898,9.2523508654645e-07,0.000249156946931058
"CR-Ec","Model B","Precipitation",2806.98238747554,1.02315971419643e-06,0.000275527111237839
"CR-Ec","Model B","Precipitation",2813.49510763209,1.1404763345872e-06,0.000307119353453751
"CR-Ec","Model B","Precipitation",2820.00782778865,1.27688744935845e-06,0.000343853560119788
"CR-Ec","Model B","Precipitation",2826.52054794521,1.43230129633134e-06,0.000385705020560086
"CR-Ec","Model B","Precipitation",2833.03326810176,1.60657512655079e-06,0.000432635293848292
"CR-Ec","Model B","Precipitation",2839.54598825832,1.80111158036138e-06,0.000485022097594744
"CR-Ec","Model B","Precipitation",2846.05870841487,2.0170828940915e-06,0.000543181103815036
"CR-Ec","Model B","Precipitation",2852.57142857143,2.25036667650099e-06,0.000606002192032336
"CR-Ec","Model B","Precipitation",2859.08414872798,2.50014318142302e-06,0.000673264612455429
"CR-Ec","Model B","Precipitation",2865.59686888454,2.76542289784629e-06,0.000744701899246478
"CR-Ec","Model B","Precipitation",2872.1095890411,3.04504090431216e-06,0.000820000350214255
"CR-Ec","Model B","Precipitation",2878.62230919765,3.33958631658073e-06,0.000899318608590422
"CR-Ec","Model B","Precipitation",2885.13502935421,3.64514390404752e-06,0.000981602340273161
"CR-Ec","Model B","Precipitation",2891.64774951076,3.9586090650208e-06,0.00106601550576268
"CR-Ec","Model B","Precipitation",2898.16046966732,4.27778505586588e-06,0.00115196654303851
"CR-Ec","Model B","Precipitation",2904.67318982387,4.60033622365783e-06,0.00123882648313877
"CR-Ec","Model B","Precipitation",2911.18590998043,4.92375245021727e-06,0.00132591937527962
"CR-Ec","Model B","Precipitation",2917.69863013699,5.24371808597995e-06,0.00141208305636855
"CR-Ec","Model B","Precipitation",2924.21135029354,5.55733439790559e-06,0.00149653692536182
"CR-Ec","Model B","Precipitation",2930.7240704501,5.8619780086598e-06,0.00157857453186991
"CR-Ec","Model B","Precipitation",2937.23679060665,6.15510803859353e-06,0.0016575116413398
"CR-Ec","Model B","Precipitation",2943.74951076321,6.43429080962609e-06,0.00173269288757406
"CR-Ec","Model B","Precipitation",2950.26223091976,6.69494299658084e-06,0.00180288402500158
"CR-Ec","Model B","Precipitation",2956.77495107632,6.93340311100047e-06,0.00186709904985045
"CR-Ec","Model B","Precipitation",2963.28767123288,7.15088825107489e-06,0.00192566571500587
"CR-Ec","Model B","Precipitation",2969.80039138943,7.34636002011659e-06,0.00197830439018564
"CR-Ec","Model B","Precipitation",2976.31311154599,7.5191275593886e-06,0.00202482903374891
"CR-Ec","Model B","Precipitation",2982.82583170254,7.66886069510712e-06,0.0020651507330581
"CR-Ec","Model B","Precipitation",2989.3385518591,7.79085761519091e-06,0.00209800333515356
"CR-Ec","Model B","Precipitation",2995.85127201566,7.89015478558434e-06,0.00212474311207498
"CR-Ec","Model B","Precipitation",3002.36399217221,7.96952771263203e-06,0.00214611748109724
"CR-Ec","Model B","Precipitation",3008.87671232877,8.03085943350243e-06,0.00216263352609412
"CR-Ec","Model B","Precipitation",3015.38943248532,8.07636548147647e-06,0.00217488786895787
"CR-Ec","Model B","Precipitation",3021.90215264188,8.10815499587295e-06,0.00218344848070576
"CR-Ec","Model B","Precipitation",3028.41487279843,8.12887841856844e-06,0.00218902909994929
"CR-Ec","Model B","Precipitation",3034.92759295499,8.14487315803038e-06,0.00219333633008922
"CR-Ec","Model B","Precipitation",3041.44031311155,8.15953871395304e-06,0.00219728562383291
"CR-Ec","Model B","Precipitation",3047.9530332681,8.17629155629192e-06,0.00220179700381651
"CR-Ec","Model B","Precipitation",3054.46575342466,8.19853014530836e-06,0.00220778564283805
"CR-Ec","Model B","Precipitation",3060.97847358121,8.23162284721128e-06,0.00221669719049953
"CR-Ec","Model B","Precipitation",3067.49119373777,8.28003974232588e-06,0.00222973539661822
"CR-Ec","Model B","Precipitation",3074.00391389432,8.34510953424483e-06,0.00224725806834533
"CR-Ec","Model B","Precipitation",3080.51663405088,8.42900865374595e-06,0.00226985129764356
"CR-Ec","Model B","Precipitation",3087.02935420744,8.53354520381399e-06,0.00229800198932871
"CR-Ec","Model B","Precipitation",3093.54207436399,8.66013669764401e-06,0.00233209186612733
"CR-Ec","Model B","Precipitation",3100.05479452055,8.8155616340993e-06,0.00237394631285903
"CR-Ec","Model B","Precipitation",3106.5675146771,8.99462206144233e-06,0.00242216557090672
"CR-Ec","Model B","Precipitation",3113.08023483366,9.19596866134893e-06,0.00247638628176944
"CR-Ec","Model B","Precipitation",3119.59295499022,9.41836929197151e-06,0.00253627664144905
"CR-Ec","Model B","Precipitation",3126.10567514677,9.66014696387716e-06,0.00260138505275343
"CR-Ec","Model B","Precipitation",3132.61839530333,9.9201948567963e-06,0.00267141345958507
"CR-Ec","Model B","Precipitation",3139.13111545988,1.01959410395637e-05,0.00274566926551508
"CR-Ec","Model B","Precipitation",3145.64383561644,1.04805386073663e-05,0.00282230866465673
"CR-Ec","Model B","Precipitation",3152.15655577299,1.07702789019948e-05,0.00290033295087571
"CR-Ec","Model B","Precipitation",3158.66927592955,1.10612559262536e-05,0.00297869027653877
"CR-Ec","Model B","Precipitation",3165.18199608611,1.13493968670053e-05,0.00305628387207729
"CR-Ec","Model B","Precipitation",3171.69471624266,1.16279989214284e-05,0.0031313087368907
"CR-Ec","Model B","Precipitation",3178.20743639922,1.18912913360323e-05,0.00320221086233612
"CR-Ec","Model B","Precipitation",3184.72015655577,1.21359190335792e-05,0.00326808675824823
"CR-Ec","Model B","Precipitation",3191.23287671233,1.2357898865038e-05,0.00332786380074343
"CR-Ec","Model B","Precipitation",3197.74559686888,1.25534289305694e-05,0.00338051817460952
"CR-Ec","Model B","Precipitation",3204.25831702544,1.27187444979559e-05,0.00342503607351881
"CR-Ec","Model B","Precipitation",3210.771037182,1.28403388390788e-05,0.00345778026495597
"CR-Ec","Model B","Precipitation",3217.28375733855,1.29239105838173e-05,0.00348028533536621
"CR-Ec","Model B","Precipitation",3223.79647749511,1.29674177304394e-05,0.0034920013932413
"CR-Ec","Model B","Precipitation",3230.30919765166,1.29692129006177e-05,0.00349248481537622
"CR-Ec","Model B","Precipitation",3236.82191780822,1.29280500498592e-05,0.00348140005392361
"CR-Ec","Model B","Precipitation",3243.33463796477,1.28384082871741e-05,0.00345726038581881
"CR-Ec","Model B","Precipitation",3249.84735812133,1.26974719161962e-05,0.0034193075709991
"CR-Ec","Model B","Precipitation",3256.36007827789,1.25133805069144e-05,0.00336973351770193
"CR-Ec","Model B","Precipitation",3262.87279843444,1.22872691277492e-05,0.00330884388898123
"CR-Ec","Model B","Precipitation",3269.385518591,1.20206423015134e-05,0.00323704383842024
"CR-Ec","Model B","Precipitation",3275.89823874755,1.17153615962158e-05,0.00315483466845369
"CR-Ec","Model B","Precipitation",3282.41095890411,1.13670044878187e-05,0.00306102543571704
"CR-Ec","Model B","Precipitation",3288.92367906067,1.09847247542877e-05,0.00295808116494178
"CR-Ec","Model B","Precipitation",3295.43639921722,1.05740981643012e-05,0.00284750335722846
"CR-Ec","Model B","Precipitation",3301.94911937378,1.01384793525343e-05,0.00273019538356449
"CR-Ec","Model B","Precipitation",3308.46183953033,9.68136393947889e-06,0.00260709858106737
"CR-Ec","Model B","Precipitation",3314.97455968689,9.20592720825731e-06,0.00247906802306918
"CR-Ec","Model B","Precipitation",3321.48727984344,8.71487313813684e-06,0.00234683186528795
"CR-Ec","Model B","Precipitation",3328,8.21616050138421e-06,0.00221253332886621
"CR-Kp","Model B","Temperature",-7.33256396893211,8.19875944917491e-06,3.47643896808247e-05
"CR-Kp","Model B","Temperature",-7.25494140936682,9.80645478797679e-06,4.15813413907299e-05
"CR-Kp","Model B","Temperature",-7.17731884980153,1.16670703330466e-05,4.94707256635563e-05
"CR-Kp","Model B","Temperature",-7.09969629023623,1.39314357080571e-05,5.90720904510733e-05
"CR-Kp","Model B","Temperature",-7.02207373067094,1.65537319647708e-05,7.0191154193837e-05
"CR-Kp","Model B","Temperature",-6.94445117110565,1.9569223601362e-05,8.29774454594354e-05
"CR-Kp","Model B","Temperature",-6.86682861154036,2.3018845313993e-05,9.76045355957859e-05
"CR-Kp","Model B","Temperature",-6.78920605197507,2.69822041618952e-05,0.000114409974551222
"CR-Kp","Model B","Temperature",-6.71158349240977,3.16657816278565e-05,0.000134269285357492
"CR-Kp","Model B","Temperature",-6.63396093284448,3.6982608085859e-05,0.000156813699301717
"CR-Kp","Model B","Temperature",-6.55633837327919,4.29889613619742e-05,0.000182281845689714
"CR-Kp","Model B","Temperature",-6.4787158137139,4.97428820262892e-05,0.000210919828216601
"CR-Kp","Model B","Temperature",-6.40109325414861,5.74371187487343e-05,0.000243544940024524
"CR-Kp","Model B","Temperature",-6.32347069458331,6.62516520780008e-05,0.000280920334852588
"CR-Kp","Model B","Temperature",-6.24584813501802,7.60771591450909e-05,0.000322582461740137
"CR-Kp","Model B","Temperature",-6.16822557545273,8.6981693903808e-05,0.000368819883143968
"CR-Kp","Model B","Temperature",-6.09060301588744,9.90338258887645e-05,0.000419923347687244
"CR-Kp","Model B","Temperature",-6.01298045632215,0.00011260238315031,0.000477456760512817
"CR-Kp","Model B","Temperature",-5.93535789675685,0.000127702746178042,0.000541485337991183
"CR-Kp","Model B","Temperature",-5.85773533719156,0.000144230335521361,0.00061156564221009
"CR-Kp","Model B","Temperature",-5.78011277762627,0.00016224846514471,0.000687966137117736
"CR-Kp","Model B","Temperature",-5.70249021806098,0.000181818500977504,0.000770947026601865
"CR-Kp","Model B","Temperature",-5.62486765849569,0.000203513856041966,0.000862939697249216
"CR-Kp","Model B","Temperature",-5.54724509893039,0.000227018981961357,0.000962606160453088
"CR-Kp","Model B","Temperature",-5.4696225393651,0.000252274885504798,0.00106969627304492
"CR-Kp","Model B","Temperature",-5.39199997979981,0.000279313261737302,0.00118434442847752
"CR-Kp","Model B","Temperature",-5.31437742023452,0.000308195988625657,0.00130681300178011
"CR-Kp","Model B","Temperature",-5.23675486066923,0.000339528333604084,0.00143966844865552
"CR-Kp","Model B","Temperature",-5.15913230110393,0.000372682667494842,0.00158024949510913
"CR-Kp","Model B","Temperature",-5.08150974153864,0.000407637963134288,0.00172846698173639
"CR-Kp","Model B","Temperature",-5.00388718197335,0.000444364884731671,0.00188419651888203
"CR-Kp","Model B","Temperature",-4.92626462240806,0.000482984986857646,0.00204795352238282
"CR-Kp","Model B","Temperature",-4.84864206284277,0.000523662034631601,0.00222043238929501
"CR-Kp","Model B","Temperature",-4.77101950327747,0.000565854534879188,0.00239933707960923
"CR-Kp","Model B","Temperature",-4.69339694371218,0.000609463334325979,0.00258424716349195
"CR-Kp","Model B","Temperature",-4.61577438414689,0.00065438018816507,0.0027747036611827
"CR-Kp","Model B","Temperature",-4.5381518245816,0.00070065083299275,0.00297090050505209
"CR-Kp","Model B","Temperature",-4.46052926501631,0.000748020649585332,0.00317175805836151
"CR-Kp","Model B","Temperature",-4.38290670545101,0.000796112031113204,0.0033756751921777
"CR-Kp","Model B","Temperature",-4.30528414588572,0.0008447521715408,0.00358191917414075
"CR-Kp","Model B","Temperature",-4.22766158632043,0.000893761515220666,0.00378972865217828
"CR-Kp","Model B","Temperature",-4.15003902675514,0.000942899193175164,0.00399808229336151
"CR-Kp","Model B","Temperature",-4.07241646718985,0.000991801612734594,0.00420543839161492
"CR-Kp","Model B","Temperature",-3.99479390762455,0.00104024751218475,0.00441085875275173
"CR-Kp","Model B","Temperature",-3.91717134805926,0.00108802546928136,0.00461344690391738
"CR-Kp","Model B","Temperature",-3.83954878849397,0.00113492266459338,0.00481230044790431
"CR-Kp","Model B","Temperature",-3.76192622892868,0.00118021685759501,0.00500435693956606
"CR-Kp","Model B","Temperature",-3.68430366936339,0.00122394221995793,0.00518976127366599
"CR-Kp","Model B","Temperature",-3.60668110979809,0.00126593328189486,0.00536781182501301
"CR-Kp","Model B","Temperature",-3.5290585502328,0.00130599793241247,0.00553769400434202
"CR-Kp","Model B","Temperature",-3.45143599066751,0.0013438276956904,0.00569809981210844
"CR-Kp","Model B","Temperature",-3.37381343110222,0.00137853307830764,0.00584525761723821
"CR-Kp","Model B","Temperature",-3.29619087153693,0.00141063401990283,0.00598137206841279
"CR-Kp","Model B","Temperature",-3.21856831197163,0.00144000761497129,0.00610592202156326
"CR-Kp","Model B","Temperature",-3.14094575240634,0.00146654321051873,0.00621843828573013
"CR-Kp","Model B","Temperature",-3.06332319284105,0.00148974858310962,0.00631683373450984
"CR-Kp","Model B","Temperature",-2.98570063327576,0.00150920914357664,0.00639935042641629
"CR-Kp","Model B","Temperature",-2.90807807371047,0.0015255886097806,0.00646880265872148
"CR-Kp","Model B","Temperature",-2.83045551414517,0.00153888841413211,0.00652519650513455
"CR-Kp","Model B","Temperature",-2.75283295457988,0.00154912604522122,0.0065686061207961
"CR-Kp","Model B","Temperature",-2.67521039501459,0.00155573954591671,0.00659664869440225
"CR-Kp","Model B","Temperature",-2.5975878354493,0.00155904693731893,0.00661067269940527
"CR-Kp","Model B","Temperature",-2.51996527588401,0.00155963627013368,0.00661317158911544
"CR-Kp","Model B","Temperature",-2.44234271631871,0.00155765666642233,0.00660477767107676
"CR-Kp","Model B","Temperature",-2.36472015675342,0.00155327425617186,0.00658619536985999
"CR-Kp","Model B","Temperature",-2.28709759718813,0.00154617479793019,0.00655609223848189
"CR-Kp","Model B","Temperature",-2.20947503762284,0.001537205367359,0.00651806004818223
"CR-Kp","Model B","Temperature",-2.13185247805755,0.00152680104591902,0.00647394363189437
"CR-Kp","Model B","Temperature",-2.05422991849225,0.00151525672694972,0.00642499339671102
"CR-Kp","Model B","Temperature",-1.97660735892696,0.00150288173076031,0.0063725209229796
"CR-Kp","Model B","Temperature",-1.89898479936167,0.00149011670735584,0.00631839465538157
"CR-Kp","Model B","Temperature",-1.82136223979638,0.00147765181258172,0.00626554099356304
"CR-Kp","Model B","Temperature",-1.74373968023109,0.00146589672726271,0.00621569706665011
"CR-Kp","Model B","Temperature",-1.66611712066579,0.00145527431861965,0.00617065591674134
"CR-Kp","Model B","Temperature",-1.5884945611005,0.00144641610388612,0.00613309530397034
"CR-Kp","Model B","Temperature",-1.51087200153521,0.00144057172139002,0.00610831394627865
"CR-Kp","Model B","Temperature",-1.43324944196992,0.0014377975978784,0.00609655110442696
"CR-Kp","Model B","Temperature",-1.35562688240463,0.00143861171181307,0.00610000311131225
"CR-Kp","Model B","Temperature",-1.27800432283933,0.00144354295739419,0.00612091258475844
"CR-Kp","Model B","Temperature",-1.20038176327404,0.0014540467798263,0.00616545090527284
"CR-Kp","Model B","Temperature",-1.12275920370875,0.001471368057125,0.00623889660611511
"CR-Kp","Model B","Temperature",-1.04513664414346,0.00149515232129092,0.00633974667164773
"CR-Kp","Model B","Temperature",-0.967514084578166,0.0015260066390642,0.00647057518699274
"CR-Kp","Model B","Temperature",-0.889891525012874,0.00156454708617057,0.00663399443718358
"CR-Kp","Model B","Temperature",-0.812268965447582,0.00161368766926191,0.00684236039673154
"CR-Kp","Model B","Temperature",-0.73464640588229,0.00167354894182368,0.00709618423667071
"CR-Kp","Model B","Temperature",-0.657023846316998,0.00174377261404997,0.00739394673613506
"CR-Kp","Model B","Temperature",-0.579401286751706,0.00182503495591738,0.00773851541589301
"CR-Kp","Model B","Temperature",-0.501778727186414,0.00191801837224561,0.00813278380968207
"CR-Kp","Model B","Temperature",-0.424156167621122,0.00202780832131837,0.00859831528383542
"CR-Kp","Model B","Temperature",-0.34653360805583,0.00215203211986851,0.00912504918390905
"CR-Kp","Model B","Temperature",-0.268911048490538,0.00229085726022408,0.00971369571107384
"CR-Kp","Model B","Temperature",-0.191288488925246,0.0024449855232085,0.0103672305572216
"CR-Kp","Model B","Temperature",-0.113665929359954,0.00261573696299087,0.0110912510176284
"CR-Kp","Model B","Temperature",-0.0360433697946618,0.00280913907114093,0.0119113148693003
"CR-Kp","Model B","Temperature",0.0415791897706299,0.00302066379677317,0.0128082222654245
"CR-Kp","Model B","Temperature",0.119201749335922,0.00325094851252696,0.0137846757942335
"CR-Kp","Model B","Temperature",0.196824308901214,0.00350061130074195,0.0148432962492074
"CR-Kp","Model B","Temperature",0.274446868466506,0.00377264376191872,0.0159967686183882
"CR-Kp","Model B","Temperature",0.352069428031798,0.00407069546188555,0.0172605677951919
"CR-Kp","Model B","Temperature",0.42969198759709,0.00439026904393366,0.018615624082291
"CR-Kp","Model B","Temperature",0.507314547162382,0.00473173536556825,0.0200635099901252
"CR-Kp","Model B","Temperature",0.584937106727674,0.00509541737570521,0.0216055948870762
"CR-Kp","Model B","Temperature",0.662559666292966,0.00548596045460291,0.0232615761201047
"CR-Kp","Model B","Temperature",0.740182225858257,0.00590296062145237,0.0250297407292984
"CR-Kp","Model B","Temperature",0.817804785423551,0.00634255709780288,0.0268937182372255
"CR-Kp","Model B","Temperature",0.895427344988843,0.00680456057948723,0.0288527059561283
"CR-Kp","Model B","Temperature",0.973049904554134,0.00728869941143425,0.0309055520138474
"CR-Kp","Model B","Temperature",1.05067246411943,0.00780016364083914,0.0330742632547441
"CR-Kp","Model B","Temperature",1.12829502368472,0.00833390496384639,0.0353374338547366
"CR-Kp","Model B","Temperature",1.20591758325001,0.00888708727058472,0.0376830381373362
"CR-Kp","Model B","Temperature",1.2835401428153,0.00945866947200972,0.0401066616755243
"CR-Kp","Model B","Temperature",1.36116270238059,0.0100475024585447,0.0426034320134914
"CR-Kp","Model B","Temperature",1.43878526194589,0.0106566953514581,0.04518653245098
"CR-Kp","Model B","Temperature",1.51640782151118,0.0112785334535053,0.0478232511194525
"CR-Kp","Model B","Temperature",1.59403038107647,0.0119109585129359,0.0505048606173598
"CR-Kp","Model B","Temperature",1.67165294064176,0.0125519657138691,0.0532228601219919
"CR-Kp","Model B","Temperature",1.74927550020705,0.0131996186866236,0.0559690390362968
"CR-Kp","Model B","Temperature",1.82689805977235,0.0138505766572599,0.0587292318065967
"CR-Kp","Model B","Temperature",1.90452061933764,0.0145004057172539,0.0614846377686326
"CR-Kp","Model B","Temperature",1.98214317890293,0.0151464358912948,0.0642239356898797
"CR-Kp","Model B","Temperature",2.05976573846822,0.0157859448076353,0.0669355821663793
"CR-Kp","Model B","Temperature",2.13738829803351,0.0164140459313145,0.0695988573067111
"CR-Kp","Model B","Temperature",2.21501085759881,0.0170246620202578,0.0721879923817183
"CR-Kp","Model B","Temperature",2.2926334171641,0.0176170544357134,0.074699855414477
"CR-Kp","Model B","Temperature",2.37025597672939,0.0181884045971742,0.0771224950565294
"CR-Kp","Model B","Temperature",2.44787853629468,0.0187359308325075,0.0794441164583524
"CR-Kp","Model B","Temperature",2.52550109585997,0.0192498435906366,0.0816232099536914
"CR-Kp","Model B","Temperature",2.60312365542527,0.0197281449546138,0.0836513039727017
"CR-Kp","Model B","Temperature",2.68074621499056,0.020172330926476,0.0855347418650193
"CR-Kp","Model B","Temperature",2.75836877455585,0.0205803352607149,0.0872647623339541
"CR-Kp","Model B","Temperature",2.83599133412114,0.0209502311683925,0.0888331954067332
"CR-Kp","Model B","Temperature",2.91361389368643,0.0212674316339498,0.0901781892024327
"CR-Kp","Model B","Temperature",2.99123645325173,0.0215399285471329,0.0913336309415697
"CR-Kp","Model B","Temperature",3.06885901281702,0.0217693476382965,0.0923064140479499
"CR-Kp","Model B","Temperature",3.14648157238231,0.0219552347576535,0.0930946128350997
"CR-Kp","Model B","Temperature",3.2241041319476,0.0220964308579502,0.0936933127094595
"CR-Kp","Model B","Temperature",3.30172669151289,0.022179714539848,0.0940464522776461
"CR-Kp","Model B","Temperature",3.37934925107819,0.022221012703436,0.0942215648005806
"CR-Kp","Model B","Temperature",3.45697181064348,0.0222217002766782,0.0942244802494691
"CR-Kp","Model B","Temperature",3.53459437020877,0.0221833889011772,0.0940620323089749
"CR-Kp","Model B","Temperature",3.61221692977406,0.0221046509330847,0.0937281674819348
"CR-Kp","Model B","Temperature",3.68983948933935,0.0219844137624605,0.0932183376863894
"CR-Kp","Model B","Temperature",3.76746204890465,0.0218353732409498,0.09258637588776
"CR-Kp","Model B","Temperature",3.84508460846994,0.0216608518885771,0.0918463702394516
"CR-Kp","Model B","Temperature",3.92270716803523,0.0214643557269569,0.091013186978533
"CR-Kp","Model B","Temperature",4.00032972760052,0.0212476853494641,0.0900944609831984
"CR-Kp","Model B","Temperature",4.07795228716581,0.0210184025012966,0.0891222555745343
"CR-Kp","Model B","Temperature",4.15557484673111,0.0207841113481475,0.0881288139450616
"CR-Kp","Model B","Temperature",4.2331974062964,0.0205493762489019,0.087133489894816
"CR-Kp","Model B","Temperature",4.31081996586169,0.0203188413148633,0.0861559753901346
"CR-Kp","Model B","Temperature",4.38844252542698,0.0201019450404162,0.0852362915462626
"CR-Kp","Model B","Temperature",4.46606508499227,0.0199053314783631,0.0844026104838873
"CR-Kp","Model B","Temperature",4.54368764455757,0.0197326804779547,0.0836705355042286
"CR-Kp","Model B","Temperature",4.62131020412286,0.0195887455024059,0.0830602222477294
"CR-Kp","Model B","Temperature",4.69893276368815,0.0194782394173245,0.0825916542128106
"CR-Kp","Model B","Temperature",4.77655532325344,0.019421598046356,0.0823514834034815
"CR-Kp","Model B","Temperature",4.85417788281873,0.0194132978005573,0.0823162886912591
"CR-Kp","Model B","Temperature",4.93180044238403,0.0194563727005808,0.0824989349341649
"CR-Kp","Model B","Temperature",5.00942300194932,0.0195547273253959,0.0829159783326422
"CR-Kp","Model B","Temperature",5.08704556151461,0.0197155456907773,0.0835978805590229
"CR-Kp","Model B","Temperature",5.1646681210799,0.0199607029034891,0.0846373964673273
"CR-Kp","Model B","Temperature",5.24229068064519,0.0202747678508155,0.0859690950348517
"CR-Kp","Model B","Temperature",5.31991324021049,0.0206602785701886,0.0876037380509691
"CR-Kp","Model B","Temperature",5.39753579977578,0.0211195725000678,0.089551236725048
"CR-Kp","Model B","Temperature",5.47515835934107,0.021665112438665,0.0918644358290607
"CR-Kp","Model B","Temperature",5.55278091890636,0.022307299668213,0.0945874388924451
"CR-Kp","Model B","Temperature",5.63040347847165,0.0230296593304717,0.0976503892014699
"CR-Kp","Model B","Temperature",5.70802603803695,0.0238329083524063,0.101056326670715
"CR-Kp","Model B","Temperature",5.78564859760224,0.0247175586725257,0.104807422022463
"CR-Kp","Model B","Temperature",5.86327115716753,0.0257009115102682,0.108977035908191
"CR-Kp","Model B","Temperature",5.94089371673282,0.0267775969651565,0.113542398869435
"CR-Kp","Model B","Temperature",6.01851627629812,0.0279345614700706,0.118448161155187
"CR-Kp","Model B","Temperature",6.09613883586341,0.0291708207165275,0.123690149099434
"CR-Kp","Model B","Temperature",6.1737613954287,0.0304852172981312,0.129263455066181
"CR-Kp","Model B","Temperature",6.25138395499399,0.031897447745225,0.13525159630709
"CR-Kp","Model B","Temperature",6.32900651455928,0.0333880395800795,0.141572005598663
"CR-Kp","Model B","Temperature",6.40662907412457,0.0349493549076905,0.148192296729314
"CR-Kp","Model B","Temperature",6.48425163368987,0.0365790857788722,0.155102683530128
"CR-Kp","Model B","Temperature",6.56187419325516,0.0382751970676945,0.162294536657689
"CR-Kp","Model B","Temperature",6.63949675282045,0.0400548516265173,0.169840630059221
"CR-Kp","Model B","Temperature",6.71711931238574,0.0418917187545248,0.177629316265447
"CR-Kp","Model B","Temperature",6.79474187195103,0.0437826693409707,0.185647327217214
"CR-Kp","Model B","Temperature",6.87236443151633,0.0457244931846247,0.193881051015404
"CR-Kp","Model B","Temperature",6.94998699108162,0.0477174263962383,0.202331488817109
"CR-Kp","Model B","Temperature",7.02760955064691,0.0497634989765972,0.211007248234103
"CR-Kp","Model B","Temperature",7.1052321102122,0.0518460735970156,0.219837783645275
"CR-Kp","Model B","Temperature",7.18285466977749,0.0539614055330574,0.228807216665565
"CR-Kp","Model B","Temperature",7.26047722934279,0.0561056950119627,0.237899435493947
"CR-Kp","Model B","Temperature",7.33809978890808,0.0582779935219562,0.247110418249648
"CR-Kp","Model B","Temperature",7.41572234847337,0.0604716486712172,0.256411957452866
"CR-Kp","Model B","Temperature",7.49334490803866,0.0626777998210509,0.265766482212747
"CR-Kp","Model B","Temperature",7.57096746760395,0.0648922824343355,0.275156334053977
"CR-Kp","Model B","Temperature",7.64859002716925,0.0671108937806605,0.284563692554013
"CR-Kp","Model B","Temperature",7.72621258673454,0.0693273373377215,0.293961859191403
"CR-Kp","Model B","Temperature",7.80383514629983,0.0715342550865596,0.303319634485305
"CR-Kp","Model B","Temperature",7.88145770586512,0.0737274508578071,0.312619225833318
"CR-Kp","Model B","Temperature",7.95908026543041,0.0759025083229097,0.321841907113792
"CR-Kp","Model B","Temperature",8.03670282499571,0.0780549957607556,0.330968886937536
"CR-Kp","Model B","Temperature",8.114325384561,0.0801689118480352,0.339932316474202
"CR-Kp","Model B","Temperature",8.19194794412629,0.082245207948849,0.348736229698992
"CR-Kp","Model B","Temperature",8.26957050369158,0.0842806495749833,0.357366911731092
"CR-Kp","Model B","Temperature",8.34719306325687,0.0862708607747089,0.365805807654715
"CR-Kp","Model B","Temperature",8.42481562282217,0.0882093390613944,0.374025345618221
"CR-Kp","Model B","Temperature",8.50243818238746,0.0900732202446176,0.381928576853875
"CR-Kp","Model B","Temperature",8.58006074195275,0.0918744738956237,0.38956625475207
"CR-Kp","Model B","Temperature",8.65768330151804,0.0936091558395094,0.396921655217638
"CR-Kp","Model B","Temperature",8.73530586108333,0.0952734135813752,0.403978442897068
"CR-Kp","Model B","Temperature",8.81292842064862,0.0968541467927169,0.410681069761677
"CR-Kp","Model B","Temperature",8.89055098021392,0.0983351494302407,0.416960818927191
"CR-Kp","Model B","Temperature",8.96817353977921,0.0997315421399624,0.422881804975039
"CR-Kp","Model B","Temperature",9.0457960993445,0.101040416633177,0.428431696175957
"CR-Kp","Model B","Temperature",9.1234186589098,0.102259015682687,0.433598801331859
"CR-Kp","Model B","Temperature",9.20104121847509,0.103365893548208,0.438292186188995
"CR-Kp","Model B","Temperature",9.27866377804038,0.104359994938307,0.442507376099357
"CR-Kp","Model B","Temperature",9.35628633760567,0.105255133452004,0.446302943502133
"CR-Kp","Model B","Temperature",9.43390889717096,0.106049892051643,0.449672879872541
"CR-Kp","Model B","Temperature",9.51153145673625,0.106743037006728,0.452611953945059
"CR-Kp","Model B","Temperature",9.58915401630155,0.107305272651557,0.454995946202723
"CR-Kp","Model B","Temperature",9.66677657586684,0.107754984051288,0.456902813020942
"CR-Kp","Model B","Temperature",9.74439913543213,0.108101097776624,0.458370404855539
"CR-Kp","Model B","Temperature",9.82202169499742,0.108343801986371,0.459399519537721
"CR-Kp","Model B","Temperature",9.89964425456271,0.108483457749761,0.459991688073676
"CR-Kp","Model B","Temperature",9.97726681412801,0.108485418016721,0.46
"CR-Kp","Model B","Temperature",10.0548893736933,0.108386287973151,0.459579668669985
"CR-Kp","Model B","Temperature",10.1325119332586,0.108188312307483,0.458740212014221
"CR-Kp","Model B","Temperature",10.2101344928239,0.107892999723672,0.457488027241038
"CR-Kp","Model B","Temperature",10.2877570523892,0.107495524701535,0.455802653173946
"CR-Kp","Model B","Temperature",10.3653796119545,0.106978722783291,0.453611309058409
"CR-Kp","Model B","Temperature",10.4430021715198,0.106372443134812,0.451040561363479
"CR-Kp","Model B","Temperature",10.5206247310851,0.105678937171579,0.448099956543775
"CR-Kp","Model B","Temperature",10.5982472906503,0.10490051900639,0.444799306903182
"CR-Kp","Model B","Temperature",10.6758698502156,0.104028017565835,0.441099725245178
"CR-Kp","Model B","Temperature",10.7534924097809,0.103060988493273,0.436999327408207
"CR-Kp","Model B","Temperature",10.8311149693462,0.102019375219331,0.432582677550812
"CR-Kp","Model B","Temperature",10.9087375289115,0.100905820640299,0.427860982085011
"CR-Kp","Model B","Temperature",10.9863600884768,0.0997229935606386,0.422845557278705
"CR-Kp","Model B","Temperature",11.0639826480421,0.0984597193395582,0.417489020406556
"CR-Kp","Model B","Temperature",11.1416052076074,0.09712698224788,0.411837946986924
"CR-Kp","Model B","Temperature",11.2192277671727,0.0957363324316326,0.405941311962896
"CR-Kp","Model B","Temperature",11.296850326738,0.0942906077238621,0.399811148317566
"CR-Kp","Model B","Temperature",11.3744728863033,0.0927926694870506,0.393459588803576
"CR-Kp","Model B","Temperature",11.4520954458686,0.0912322346218046,0.386843031010505
"CR-Kp","Model B","Temperature",11.5297180054338,0.0896261815562016,0.380033042869394
"CR-Kp","Model B","Temperature",11.6073405649991,0.0879802270857309,0.373053864743355
"CR-Kp","Model B","Temperature",11.6849631245644,0.0862975007292008,0.365918766421804
"CR-Kp","Model B","Temperature",11.7625856841297,0.0845805160440404,0.358638405893976
"CR-Kp","Model B","Temperature",11.840208243695,0.0828256598072497,0.351197462367361
"CR-Kp","Model B","Temperature",11.9178308032603,0.0810476599883456,0.343658385396022
"CR-Kp","Model B","Temperature",11.9954533628256,0.0792500482765739,0.33603615005295
"CR-Kp","Model B","Temperature",12.0730759223909,0.0774364107594881,0.328345962070904
"CR-Kp","Model B","Temperature",12.1506984819562,0.0756097912055627,0.320600727640631
"CR-Kp","Model B","Temperature",12.2283210415215,0.0737757592397842,0.3128240630927
"CR-Kp","Model B","Temperature",12.3059436010868,0.0719412687282708,0.305045454218592
"CR-Kp","Model B","Temperature",12.3835661606521,0.0701102567802948,0.297281595153781
"CR-Kp","Model B","Temperature",12.4611887202174,0.0682866842863102,0.289549280870735
"CR-Kp","Model B","Temperature",12.5388112797826,0.066477917868194,0.2818797473284
"CR-Kp","Model B","Temperature",12.6164338393479,0.0646913133762698,0.274304184812169
"CR-Kp","Model B","Temperature",12.6940563989132,0.0629285537885957,0.266829729487628
"CR-Kp","Model B","Temperature",12.7716789584785,0.0611935207791639,0.25947284043351
"CR-Kp","Model B","Temperature",12.8493015180438,0.0594900450285835,0.252249760506343
"CR-Kp","Model B","Temperature",12.9269240776091,0.0578327986116745,0.24522270225543
"CR-Kp","Model B","Temperature",13.0045466371744,0.0562220362536926,0.238392745767107
"CR-Kp","Model B","Temperature",13.0821691967397,0.0546572065234798,0.231757552862316
"CR-Kp","Model B","Temperature",13.159791756305,0.0531413341825901,0.225329949138636
"CR-Kp","Model B","Temperature",13.2374143158703,0.0516772977209977,0.219122139972719
"CR-Kp","Model B","Temperature",13.3150368754356,0.0502876320715949,0.213229678014129
"CR-Kp","Model B","Temperature",13.3926594350009,0.0489582380216898,0.207592779764245
"CR-Kp","Model B","Temperature",13.4702819945661,0.0476894022187639,0.202212660666064
"CR-Kp","Model B","Temperature",13.5479045541314,0.0464824811243053,0.197095072389219
"CR-Kp","Model B","Temperature",13.6255271136967,0.0453421235301803,0.192259726746576
"CR-Kp","Model B","Temperature",13.703149673262,0.0442851990649099,0.187778154357286
"CR-Kp","Model B","Temperature",13.7807722328273,0.0432922398440379,0.183567807474254
"CR-Kp","Model B","Temperature",13.8583947923926,0.0423627445385521,0.1796265603616
"CR-Kp","Model B","Temperature",13.9360173519579,0.0414959724740767,0.175951272410944
"CR-Kp","Model B","Temperature",14.0136399115232,0.0406987810585241,0.172571020411568
"CR-Kp","Model B","Temperature",14.0912624710885,0.0399737930331662,0.169496925314167
"CR-Kp","Model B","Temperature",14.1688850306538,0.0393048345636511,0.166660406806864
"CR-Kp","Model B","Temperature",14.2465075902191,0.038689440844471,0.164051013618379
"CR-Kp","Model B","Temperature",14.3241301497844,0.0381249610032851,0.161657505516622
"CR-Kp","Model B","Temperature",14.4017527093497,0.0376173910621836,0.159505306841674
"CR-Kp","Model B","Temperature",14.4793752689149,0.0371578422717355,0.157556727507505
"CR-Kp","Model B","Temperature",14.5569978284802,0.0367357226465798,0.155766855365041
"CR-Kp","Model B","Temperature",14.6346203880455,0.0363473211939397,0.154119955058248
"CR-Kp","Model B","Temperature",14.7122429476108,0.0359888454636321,0.152599945835293
"CR-Kp","Model B","Temperature",14.7898655071761,0.0356616441535956,0.1512125464468
"CR-Kp","Model B","Temperature",14.8674880667414,0.0353537730849637,0.149907111171168
"CR-Kp","Model B","Temperature",14.9451106263067,0.0350596060458256,0.148659783737884
"CR-Kp","Model B","Temperature",15.022733185872,0.0347752623047204,0.147454109064739
"CR-Kp","Model B","Temperature",15.1003557454373,0.0344969062404657,0.146273823346178
"CR-Kp","Model B","Temperature",15.1779783050026,0.0342188512112632,0.145094814076809
"CR-Kp","Model B","Temperature",15.2556008645679,0.0339357294684068,0.143894320922108
"CR-Kp","Model B","Temperature",15.3332234241332,0.0336444277556889,0.142659143049358
"CR-Kp","Model B","Temperature",15.4108459836984,0.033341992528641,0.141376756835752
"CR-Kp","Model B","Temperature",15.4884685432637,0.0330240749216744,0.140028722216185
"CR-Kp","Model B","Temperature",15.566091102829,0.0326833967998345,0.138584178434069
"CR-Kp","Model B","Temperature",15.6437136623943,0.0323221680265039,0.137052495754776
"CR-Kp","Model B","Temperature",15.7213362219596,0.0319389398781436,0.135427531299013
"CR-Kp","Model B","Temperature",15.7989587815249,0.0315324847283949,0.133704079684017
"CR-Kp","Model B","Temperature",15.8765813410902,0.0310976963603648,0.131860489522776
"CR-Kp","Model B","Temperature",15.9542039006555,0.0306331976135403,0.129890921377623
"CR-Kp","Model B","Temperature",16.0318264602208,0.0301440504159264,0.127816838841777
"CR-Kp","Model B","Temperature",16.1094490197861,0.0296308050804216,0.125640575352653
"CR-Kp","Model B","Temperature",16.1870715793514,0.0290942322177609,0.123365398454815
"CR-Kp","Model B","Temperature",16.2646941389167,0.0285306697088339,0.120975780026406
"CR-Kp","Model B","Temperature",16.342316698482,0.0279457054725933,0.118495413968092
"CR-Kp","Model B","Temperature",16.4199392580472,0.0273439837660267,0.11594399286394
"CR-Kp","Model B","Temperature",16.4975618176125,0.0267277729846144,0.113331135167194
"CR-Kp","Model B","Temperature",16.5751843771778,0.0260994976558211,0.110667121362128
"CR-Kp","Model B","Temperature",16.6528069367431,0.025460660272921,0.107958322322531
"CR-Kp","Model B","Temperature",16.7304294963084,0.0248183050334227,0.105234606863153
"CR-Kp","Model B","Temperature",16.8080520558737,0.0241758652287214,0.102510532830299
"CR-Kp","Model B","Temperature",16.885674615439,0.0235365063339225,0.099799522475321
"CR-Kp","Model B","Temperature",16.9632971750043,0.0229039025094505,0.0971171549776697
"CR-Kp","Model B","Temperature",17.0409197345696,0.0222865230050754,0.0944993416604111
"CR-Kp","Model B","Temperature",17.1185422941349,0.0216854411960477,0.0919506338505735
"CR-Kp","Model B","Temperature",17.1961648537002,0.0211037113480839,0.089483982249322
"CR-Kp","Model B","Temperature",17.2737874132655,0.0205443051435519,0.0871119873878095
"CR-Kp","Model B","Temperature",17.3514099728307,0.0200136368620103,0.084861847101937
"CR-Kp","Model B","Temperature",17.429032532396,0.0195198751464944,0.0827681980817315
"CR-Kp","Model B","Temperature",17.5066550919613,0.0190589757811032,0.0808138920380633
"CR-Kp","Model B","Temperature",17.5842776515266,0.0186329132237801,0.0790073010698796
"CR-Kp","Model B","Temperature",17.6619002110919,0.0182434928902896,0.0773560805032777
"CR-Kp","Model B","Temperature",17.7395227706572,0.0179002711308001,0.0759007511857391
"CR-Kp","Model B","Temperature",17.8171453302225,0.0176039079278041,0.0746441115758224
"CR-Kp","Model B","Temperature",17.8947678897878,0.0173486359080275,0.0735617068504324
"CR-Kp","Model B","Temperature",17.9723904493531,0.0171347783783783,0.0726549078959083
"CR-Kp","Model B","Temperature",18.0500130089184,0.0169624620657528,0.0719242520597893
"CR-Kp","Model B","Temperature",18.1276355684837,0.0168426282370777,0.0714161325152619
"CR-Kp","Model B","Temperature",18.205258128049,0.0167662867259964,0.0710924291481236
"CR-Kp","Model B","Temperature",18.2828806876142,0.0167288045021938,0.0709334969776587
"CR-Kp","Model B","Temperature",18.3605032471795,0.0167288750667705,0.0709337961856617
"CR-Kp","Model B","Temperature",18.4381258067448,0.0167650285021589,0.071087094025894
"CR-Kp","Model B","Temperature",18.5157483663101,0.0168462211542643,0.0714313672070394
"CR-Kp","Model B","Temperature",18.5933709258754,0.0169576329510758,0.0719037756419258
"CR-Kp","Model B","Temperature",18.6709934854407,0.0170967133227253,0.0724935044011304
"CR-Kp","Model B","Temperature",18.748616045006,0.0172610431734341,0.0731902960318211
"CR-Kp","Model B","Temperature",18.8262386045713,0.0174494256499387,0.0739890756353503
"CR-Kp","Model B","Temperature",18.9038611641366,0.0176613511074563,0.0748876822152972
"CR-Kp","Model B","Temperature",18.9814837237019,0.0178875735051677,0.0758469106982551
"CR-Kp","Model B","Temperature",19.0591062832672,0.0181253088019476,0.0768549561896952
"CR-Kp","Model B","Temperature",19.1367288428325,0.0183717726562319,0.0779000125211673
"CR-Kp","Model B","Temperature",19.2143514023978,0.0186243337494567,0.078970922372531
"CR-Kp","Model B","Temperature",19.291973961963,0.0188781733286357,0.0800472532615761
"CR-Kp","Model B","Temperature",19.3695965215283,0.0191295930483915,0.0811133234597832
"CR-Kp","Model B","Temperature",19.4472190810936,0.0193760772690745,0.0821584661488834
"CR-Kp","Model B","Temperature",19.5248416406589,0.0196151771326924,0.0831722976782719
"CR-Kp","Model B","Temperature",19.6024642002242,0.0198413534708432,0.0841313308594257
"CR-Kp","Model B","Temperature",19.6800867597895,0.0200518910496704,0.0850240525544796
"CR-Kp","Model B","Temperature",19.7577093193548,0.0202463225879548,0.0858484813970456
"CR-Kp","Model B","Temperature",19.8353318789201,0.0204229098109922,0.0865972467526319
"CR-Kp","Model B","Temperature",19.9129544384854,0.0205800214217384,0.0872634315935486
"CR-Kp","Model B","Temperature",19.9905769980507,0.0207089917080637,0.087810291556797
"CR-Kp","Model B","Temperature",20.068199557616,0.0208134186420847,0.0882530827680755
"CR-Kp","Model B","Temperature",20.1458221171813,0.0208936046911666,0.088593087749869
"CR-Kp","Model B","Temperature",20.2234446767465,0.0209488301260774,0.0888272547054232
"CR-Kp","Model B","Temperature",20.3010672363118,0.0209778370299994,0.0889502498143333
"CR-Kp","Model B","Temperature",20.3786897958771,0.0209720562601632,0.0889257381871184
"CR-Kp","Model B","Temperature",20.4563123554424,0.0209401132911134,0.0887902935713209
"CR-Kp","Model B","Temperature",20.5339349150077,0.0208821931576684,0.0885447005518002
"CR-Kp","Model B","Temperature",20.611557474573,0.0207985866904444,0.0881901923088849
"CR-Kp","Model B","Temperature",20.6891800341383,0.0206871942848221,0.0877178660965423
"CR-Kp","Model B","Temperature",20.7668025937036,0.0205454664651625,0.0871169116250999
"CR-Kp","Model B","Temperature",20.8444251532689,0.020380794847961,0.0864186708357156
"CR-Kp","Model B","Temperature",20.9220477128342,0.020194197963194,0.0856274625004202
"CR-Kp","Model B","Temperature",20.9996702723995,0.0199867688943113,0.0847479215129734
"CR-Kp","Model B","Temperature",21.0772928319648,0.0197565582289904,0.0837717819728988
"CR-Kp","Model B","Temperature",21.1549153915301,0.0195061170051033,0.0827098607940516
"CR-Kp","Model B","Temperature",21.2325379510953,0.0192403609765397,0.0815830017619888
"CR-Kp","Model B","Temperature",21.3101605106606,0.0189608088414938,0.0803976444626205
"CR-Kp","Model B","Temperature",21.3877830702259,0.0186690123936409,0.0791603688133567
"CR-Kp","Model B","Temperature",21.4654056297912,0.0183646248467183,0.0778697043706678
"CR-Kp","Model B","Temperature",21.5430281893565,0.0180520506506377,0.0765443268883697
"CR-Kp","Model B","Temperature",21.6206507489218,0.0177339236598178,0.0751954044391367
"CR-Kp","Model B","Temperature",21.6982733084871,0.0174118707128766,0.073829835146035
"CR-Kp","Model B","Temperature",21.7758958680524,0.0170875094772631,0.0724544782445278
"CR-Kp","Model B","Temperature",21.8535184276177,0.0167632826647482,0.0710796913240046
"CR-Kp","Model B","Temperature",21.931140987183,0.0164415703803463,0.069715566508612
"CR-Kp","Model B","Temperature",22.0087635467483,0.0161237975792325,0.0683681458949969
"CR-Kp","Model B","Temperature",22.0863861063136,0.0158113471276722,0.0670432931143625
"CR-Kp","Model B","Temperature",22.1640086658788,0.0155060527712301,0.0657487836168585
"CR-Kp","Model B","Temperature",22.2416312254441,0.0152120522241348,0.0645021621433348
"CR-Kp","Model B","Temperature",22.3192537850094,0.0149283317896385,0.063299130415622
"CR-Kp","Model B","Temperature",22.3968763445747,0.01465586460899,0.0621438147484142
"CR-Kp","Model B","Temperature",22.47449890414,0.0143955644417573,0.0610400896661311
"CR-Kp","Model B","Temperature",22.5521214637053,0.0141502095341784,0.059999735491813
"CR-Kp","Model B","Temperature",22.6297440232706,0.0139222881015903,0.0590333027591269
"CR-Kp","Model B","Temperature",22.7073665828359,0.0137093506274385,0.05813040502503
"CR-Kp","Model B","Temperature",22.7849891424012,0.0135118441539298,0.0572929378384264
"CR-Kp","Model B","Temperature",22.8626117019665,0.0133301592193183,0.0565225571600904
"CR-Kp","Model B","Temperature",22.9402342615318,0.0131681458772356,0.055835587992063
"CR-Kp","Model B","Temperature",23.0178568210971,0.013025029716092,0.0552287466733899
"CR-Kp","Model B","Temperature",23.0954793806624,0.0128984878930693,0.0546921838831587
"CR-Kp","Model B","Temperature",23.1731019402276,0.0127885265891027,0.0542259258297784
"CR-Kp","Model B","Temperature",23.2507244997929,0.0126951113704931,0.0538298265074366
"CR-Kp","Model B","Temperature",23.3283470593582,0.0126228612809085,0.0535234715906512
"CR-Kp","Model B","Temperature",23.4059696189235,0.0125678100175038,0.0532900431573271
"CR-Kp","Model B","Temperature",23.4835921784888,0.0125285991698143,0.053123781273777
"CR-Kp","Model B","Temperature",23.5612147380541,0.0125049620178961,0.0530235549937744
"CR-Kp","Model B","Temperature",23.6388372976194,0.0124967631357687,0.0529887900839131
"CR-Kp","Model B","Temperature",23.7164598571847,0.0125084856035021,0.0530384957057004
"CR-Kp","Model B","Temperature",23.79408241675,0.0125344175836775,0.0531484525192403
"CR-Kp","Model B","Temperature",23.8717049763153,0.0125741718606455,0.0533170186522708
"CR-Kp","Model B","Temperature",23.9493275358806,0.0126273507249511,0.0535425077366824
"CR-Kp","Model B","Temperature",24.0269500954459,0.0126946334180063,0.053827799892727
"CR-Kp","Model B","Temperature",24.1045726550112,0.0127775190708591,0.0541792517376782
"CR-Kp","Model B","Temperature",24.1821952145764,0.0128720285070967,0.0545799907629229
"CR-Kp","Model B","Temperature",24.2598177741417,0.0129776771163354,0.055027962122929
"CR-Kp","Model B","Temperature",24.337440333707,0.0130939658003371,0.0555210495407473
"CR-Kp","Model B","Temperature",24.4150628932723,0.0132218993993868,0.0560635137413625
"CR-Kp","Model B","Temperature",24.4926854528376,0.0133606825586261,0.0566519822601479
"CR-Kp","Model B","Temperature",24.5703080124029,0.0135077616548671,0.0572756272209889
"CR-Kp","Model B","Temperature",24.6479305719682,0.013662476980995,0.0579316513329837
"CR-Kp","Model B","Temperature",24.7255531315335,0.0138241414897712,0.0586171413776053
"CR-Kp","Model B","Temperature",24.8031756910988,0.0139931803420631,0.0593339001224743
"CR-Kp","Model B","Temperature",24.8807982506641,0.0141673997182077,0.0600726253308166
"CR-Kp","Model B","Temperature",24.9584208102294,0.0143452118691454,0.0608265846271595
"CR-Kp","Model B","Temperature",25.0360433697947,0.0145256698952147,0.0615917629664188
"CR-Kp","Model B","Temperature",25.11366592936,0.0147077906684638,0.0623639916882702
"CR-Kp","Model B","Temperature",25.1912884889252,0.0148899991775635,0.0631365924277814
"CR-Kp","Model B","Temperature",25.2689110484905,0.0150704316986165,0.0639016626206396
"CR-Kp","Model B","Temperature",25.3465336080558,0.0152478687468033,0.064654031405847
"CR-Kp","Model B","Temperature",25.4241561676211,0.0154210665983895,0.0653884251445277
"CR-Kp","Model B","Temperature",25.5017787271864,0.0155884312677167,0.0660980850167755
"CR-Kp","Model B","Temperature",25.5794012867517,0.0157457008921967,0.0667649398677165
"CR-Kp","Model B","Temperature",25.657023846317,0.015893283830177,0.0673907212189065
"CR-Kp","Model B","Temperature",25.7346464058823,0.0160298177499235,0.067969652509688
"CR-Kp","Model B","Temperature",25.8122689654476,0.016153944655217,0.0684959755628586
"CR-Kp","Model B","Temperature",25.8898915250129,0.0162623768513483,0.0689557498913556
"CR-Kp","Model B","Temperature",25.9675140845782,0.0163509116215055,0.0693311551302981
"CR-Kp","Model B","Temperature",26.0451366441435,0.0164216761646151,0.0696312110311324
"CR-Kp","Model B","Temperature",26.1227592037087,0.0164734964963835,0.0698509396642453
"CR-Kp","Model B","Temperature",26.200381763274,0.0165052446735316,0.0699855583231868
"CR-Kp","Model B","Temperature",26.2780043228393,0.016511302558734,0.0700112449753106
"CR-Kp","Model B","Temperature",26.3556268824046,0.0164908410080459,0.0699244838834642
"CR-Kp","Model B","Temperature",26.4332494419699,0.0164466107462991,0.0697369386743891
"CR-Kp","Model B","Temperature",26.5108720015352,0.0163779964839288,0.0694460003965326
"CR-Kp","Model B","Temperature",26.5884945611005,0.0162844640512921,0.0690494040631321
"CR-Kp","Model B","Temperature",26.6661171206658,0.016158453699341,0.0685150948171781
"CR-Kp","Model B","Temperature",26.7437396802311,0.0160046333831982,0.0678628657275988
"CR-Kp","Model B","Temperature",26.8213622397964,0.0158251903637681,0.067101991220712
"CR-Kp","Model B","Temperature",26.8989847993617,0.0156203019128715,0.0662332229647064
"CR-Kp","Model B","Temperature",26.976607358927,0.0153902394842326,0.0652577119779894
"CR-Kp","Model B","Temperature",27.0542299184922,0.0151270827653837,0.0641418745421062
"CR-Kp","Model B","Temperature",27.1318524780575,0.0148404651146248,0.0629265580345112
"CR-Kp","Model B","Temperature",27.2094750376228,0.0145313751419529,0.0616159543605027
"CR-Kp","Model B","Temperature",27.2870975971881,0.0142007683511968,0.0602141150485652
"CR-Kp","Model B","Temperature",27.3647201567534,0.0138483192066891,0.0587196597619704
"CR-Kp","Model B","Temperature",27.4423427163187,0.0134721412302839,0.0571245894538141
"CR-Kp","Model B","Temperature",27.519965275884,0.0130794477108235,0.0554594899201241
"CR-Kp","Model B","Temperature",27.5975878354493,0.0126716764858296,0.0537304578812904
"CR-Kp","Model B","Temperature",27.6752103950146,0.0122503043440594,0.0519437552187775
"CR-Kp","Model B","Temperature",27.7528329545799,0.0118154483523283,0.0500998783194372
"CR-Kp","Model B","Temperature",27.8304555141452,0.0113694485732014,0.0482087495193734
"CR-Kp","Model B","Temperature",27.9080780737105,0.0109163555404208,0.046287543896633
"CR-Kp","Model B","Temperature",27.9857006332758,0.0104577822534962,0.0443431008936774
"CR-Kp","Model B","Temperature",28.063323192841,0.00999533636015263,0.0423822372603249
"CR-Kp","Model B","Temperature",28.1409457524063,0.00953077978634946,0.0404124239171481
"CR-Kp","Model B","Temperature",28.2185683119716,0.00906699401306836,0.0384458789232722
"CR-Kp","Model B","Temperature",28.2961908715369,0.00860565030359395,0.0364896887712878
"CR-Kp","Model B","Temperature",28.3738134311022,0.00814815399727591,0.034549812382796
"CR-Kp","Model B","Temperature",28.4514359906675,0.00769586889275234,0.0326320325384231
"CR-Kp","Model B","Temperature",28.5290585502328,0.00725285238936598,0.0307535534277437
"CR-Kp","Model B","Temperature",28.6066811097981,0.00681915694382982,0.0289145974777756
"CR-Kp","Model B","Temperature",28.6843036693634,0.00639542197015976,0.0271178759325981
"CR-Kp","Model B","Temperature",28.7619262289287,0.0059825872528912,0.025367373667729
"CR-Kp","Model B","Temperature",28.839548788494,0.00558188393376202,0.0236683109718466
"CR-Kp","Model B","Temperature",28.9171713480593,0.00519843571917607,0.022042413391009
"CR-Kp","Model B","Temperature",28.9947939076245,0.00482883329023713,0.0204752247271307
"CR-Kp","Model B","Temperature",29.0724164671898,0.00447353055861479,0.018968669657019
"CR-Kp","Model B","Temperature",29.1500390267551,0.00413292153213766,0.017524418853143
"CR-Kp","Model B","Temperature",29.2276615863204,0.00380895624118993,0.0161507408366837
"CR-Kp","Model B","Temperature",29.3052841458857,0.00350423017111902,0.0148586409877343
"CR-Kp","Model B","Temperature",29.382906705451,0.00321493264391108,0.0136319612647955
"CR-Kp","Model B","Temperature",29.4605292650163,0.00294103314119117,0.0124705722638172
"CR-Kp","Model B","Temperature",29.5381518245816,0.00268245563018966,0.011374151590558
"CR-Kp","Model B","Temperature",29.6157743841469,0.00244178753381563,0.0103536704387503
"CR-Kp","Model B","Temperature",29.6933969437122,0.00221847792392746,0.00940679276222485
"CR-Kp","Model B","Temperature",29.7710195032775,0.0020095348448004,0.00852083206671798
"CR-Kp","Model B","Temperature",29.8486420628428,0.00181460224186084,0.00769427860919824
"CR-Kp","Model B","Temperature",29.9262646224081,0.00163329830131476,0.00692551342235679
"CR-Kp","Model B","Temperature",30.0038871819733,0.00146843616738937,0.00622646480373052
"CR-Kp","Model B","Temperature",30.0815097415386,0.00131708128204202,0.00558468963677631
"CR-Kp","Model B","Temperature",30.1591323011039,0.00117746629477142,0.00499269399977212
"CR-Kp","Model B","Temperature",30.2367548606692,0.00104908933029909,0.00444834984055831
"CR-Kp","Model B","Temperature",30.3143774202345,0.00093144112655775,0.00394949778550445
"CR-Kp","Model B","Temperature",30.3919999797998,0.000827109097751809,0.00350710899143319
"CR-Kp","Model B","Temperature",30.4696225393651,0.000732084345786249,0.00310418492381869
"CR-Kp","Model B","Temperature",30.5472450989304,0.000645665408276949,0.0027377512410158
"CR-Kp","Model B","Temperature",30.6248676584957,0.00056734955282693,0.00240567625650999
"CR-Kp","Model B","Temperature",30.702490218061,0.000497040873866423,0.00210755331138894
"CR-Kp","Model B","Temperature",30.7801127776263,0.00043559990165725,0.00184703122710418
"CR-Kp","Model B","Temperature",30.8577353371916,0.000380311121219312,0.00161259567376989
"CR-Kp","Model B","Temperature",30.9353578967568,0.000330744819071028,0.00140242457976447
"CR-Kp","Model B","Temperature",31.0129804563221,0.000286483510052356,0.00121474772400998
"CR-Kp","Model B","Temperature",31.0906030158874,0.000247703555800461,0.00105031291533254
"CR-Kp","Model B","Temperature",31.1682255754527,0.000214111344312724,0.000907875179765378
"CR-Kp","Model B","Temperature",31.245848135018,0.000184306548344304,0.000781496848040094
"CR-Kp","Model B","Temperature",31.3234706945833,0.000157973965541323,0.00066984139875654
"CR-Kp","Model B","Temperature",31.4010932541486,0.000134811568436943,0.000571628174686441
"CR-Kp","Model B","Temperature",31.4787158137139,0.000115048868021428,0.000487830348606848
"CR-Kp","Model B","Temperature",31.5563383732792,9.80399257349222e-05,0.000415709011059099
"CR-Kp","Model B","Temperature",31.6339609328445,8.31649329950939e-05,0.000352636048946658
"CR-Kp","Model B","Temperature",31.7115834924098,7.02182431982628e-05,0.000297739479293174
"CR-Kp","Model B","Temperature",31.7892060519751,5.90053608746803e-05,0.000250194602173809
"CR-Kp","Model B","Temperature",31.8668286115404,4.97089824755261e-05,0.000210776087300669
"CR-Kp","Model B","Temperature",31.9444511711056,4.17409996737278e-05,0.000176990237037712
"CR-Kp","Model B","Temperature",32.0220737306709,3.48752323064522e-05,0.000147878001986362
"CR-Kp","Model B","Temperature",32.0996962902362,2.89909582345022e-05,0.000122927495986746
"CR-Kp","Model B","Temperature",32.1773188498015,2.39843204730536e-05,0.000101698344526857
"CR-Kp","Model B","Temperature",32.2549414093668,1.99435982394609e-05,8.45648692503354e-05
"CR-Kp","Model B","Temperature",32.3325639689321,1.64941520915197e-05,6.99385235435936e-05
"CR-Kp","Model B","Wet Days",0,0.000223657939505291,0.0107960532358061
"CR-Kp","Model B","Wet Days",0.610567514677104,0.000232057743625298,0.0112015149540466
"CR-Kp","Model B","Wet Days",1.22113502935421,0.000240395963900348,0.0116040039968252
"CR-Kp","Model B","Wet Days",1.83170254403131,0.000248634067062802,0.0120016603487555
"CR-Kp","Model B","Wet Days",2.44227005870841,0.00025672695227599,0.0123923069754127
"CR-Kp","Model B","Wet Days",3.05283757338552,0.000264688895336667,0.0127766329748995
"CR-Kp","Model B","Wet Days",3.66340508806262,0.000272508127481659,0.0131540702645713
"CR-Kp","Model B","Wet Days",4.27397260273973,0.000280113880389752,0.0135212028308276
"CR-Kp","Model B","Wet Days",4.88454011741683,0.00028749368794813,0.013877428929693
"CR-Kp","Model B","Wet Days",5.49510763209393,0.000294676544838401,0.0142241481454028
"CR-Kp","Model B","Wet Days",6.10567514677104,0.000301654400175579,0.0145609718586971
"CR-Kp","Model B","Wet Days",6.71624266144814,0.000308324872477929,0.0148829580767738
"CR-Kp","Model B","Wet Days",7.32681017612524,0.00031473569927902,0.0151924111084131
"CR-Kp","Model B","Wet Days",7.93737769080235,0.00032091453395341,0.0154906657924521
"CR-Kp","Model B","Wet Days",8.54794520547945,0.000326859012317372,0.0157776080088491
"CR-Kp","Model B","Wet Days",9.15851272015655,0.000332451019135426,0.0160475362905646
"CR-Kp","Model B","Wet Days",9.76908023483366,0.000337803625593499,0.0163059086264606
"CR-Kp","Model B","Wet Days",10.3796477495108,0.000342932677298459,0.016553489889967
"CR-Kp","Model B","Wet Days",10.9902152641879,0.000347833589295119,0.0167900587635647
"CR-Kp","Model B","Wet Days",11.600782778865,0.000352435086445866,0.017012174769434
"CR-Kp","Model B","Wet Days",12.2113502935421,0.00035686010823807,0.0172257722430757
"CR-Kp","Model B","Wet Days",12.8219178082192,0.000361122544516709,0.0174315216525543
"CR-Kp","Model B","Wet Days",13.4324853228963,0.000365220906164808,0.0176293511176309
"CR-Kp","Model B","Wet Days",14.0430528375734,0.00036917029945013,0.0178199898235574
"CR-Kp","Model B","Wet Days",14.6536203522505,0.000373052433529209,0.0180073819021886
"CR-Kp","Model B","Wet Days",15.2641878669276,0.000376889814257207,0.0181926137196558
"CR-Kp","Model B","Wet Days",15.8747553816047,0.0003807156316095,0.0183772873686091
"CR-Kp","Model B","Wet Days",16.4853228962818,0.000384605549505081,0.0185650551750035
"CR-Kp","Model B","Wet Days",17.0958904109589,0.000388593763899358,0.0187575677905255
"CR-Kp","Model B","Wet Days",17.706457925636,0.000392710863609664,0.0189563017489439
"CR-Kp","Model B","Wet Days",18.3170254403131,0.000397070738238862,0.0191667545444153
"CR-Kp","Model B","Wet Days",18.9275929549902,0.000401748016273804,0.019392528522194
"CR-Kp","Model B","Wet Days",19.5381604696673,0.000406739643850008,0.0196334762710878
"CR-Kp","Model B","Wet Days",20.1487279843444,0.000412083001127135,0.0198914021455253
"CR-Kp","Model B","Wet Days",20.7592954990215,0.000418028841301591,0.0201784100970293
"CR-Kp","Model B","Wet Days",21.3698630136986,0.000424557873104453,0.0204935689287608
"CR-Kp","Model B","Wet Days",21.9804305283757,0.000431656534475787,0.0208362239949633
"CR-Kp","Model B","Wet Days",22.5909980430528,0.000439366974964216,0.0212084098702723
"CR-Kp","Model B","Wet Days",23.2015655577299,0.000448136125771096,0.0216317000926239
"CR-Kp","Model B","Wet Days",23.812133072407,0.000457736769583343,0.0220951267964748
"CR-Kp","Model B","Wet Days",24.4227005870841,0.000468185092610479,0.0225994712962738
"CR-Kp","Model B","Wet Days",25.0332681017613,0.000479576785099263,0.0231493525963827
"CR-Kp","Model B","Wet Days",25.6438356164384,0.000492453410491443,0.0237709121687323
"CR-Kp","Model B","Wet Days",26.2544031311155,0.000506414679884422,0.0244448279167689
"CR-Kp","Model B","Wet Days",26.8649706457926,0.000521503085236732,0.0251731509433839
"CR-Kp","Model B","Wet Days",27.4755381604697,0.00053794409626827,0.025966764757137
"CR-Kp","Model B","Wet Days",28.0861056751468,0.000556169787765279,0.0268465257711941
"CR-Kp","Model B","Wet Days",28.6966731898239,0.000575740914432482,0.0277912314492093
"CR-Kp","Model B","Wet Days",29.307240704501,0.000596694228567918,0.0288026558384936
"CR-Kp","Model B","Wet Days",29.9178082191781,0.000619422044820427,0.0298997361153594
"CR-Kp","Model B","Wet Days",30.5283757338552,0.000644127013795793,0.0310922543011074
"CR-Kp","Model B","Wet Days",31.1389432485323,0.000670388900539403,0.0323599254957176
"CR-Kp","Model B","Wet Days",31.7495107632094,0.000698234323576989,0.0337040345854833
"CR-Kp","Model B","Wet Days",32.3600782778865,0.000728236308413358,0.0351522417280052
"CR-Kp","Model B","Wet Days",32.9706457925636,0.000760271465015678,0.0366985908397829
"CR-Kp","Model B","Wet Days",33.5812133072407,0.000793994880062208,0.0383264328244709
"CR-Kp","Model B","Wet Days",34.1917808219178,0.000829418591852069,0.0400363487753157
"CR-Kp","Model B","Wet Days",34.8023483365949,0.000867275020530759,0.0418636928894422
"CR-Kp","Model B","Wet Days",35.412915851272,0.000907067480030812,0.0437844899427302
"CR-Kp","Model B","Wet Days",36.0234833659491,0.000948569633101416,0.045787814550575
"CR-Kp","Model B","Wet Days",36.6340508806262,0.000991774924241313,0.0478733502764543
"CR-Kp","Model B","Wet Days",37.2446183953033,0.00103750928399417,0.0500809650997395
"CR-Kp","Model B","Wet Days",37.8551859099804,0.00108492988329824,0.0523699753432078
"CR-Kp","Model B","Wet Days",38.4657534246575,0.00113394725424989,0.05473606235735
"CR-Kp","Model B","Wet Days",39.0763209393346,0.00118461629418369,0.0571818760572459
"CR-Kp","Model B","Wet Days",39.6868884540117,0.00123749347141038,0.0597342773784831
"CR-Kp","Model B","Wet Days",40.2974559686888,0.00129175850652512,0.0623536711242961
"CR-Kp","Model B","Wet Days",40.9080234833659,0.00134735897332698,0.06503752666216
"CR-Kp","Model B","Wet Days",41.5185909980431,0.00140441083616165,0.0677914416348522
"CR-Kp","Model B","Wet Days",42.1291585127202,0.00146304221992974,0.0706216006797282
"CR-Kp","Model B","Wet Days",42.7397260273973,0.00152267418278798,0.0735000580552954
"CR-Kp","Model B","Wet Days",43.3502935420744,0.00158323314645746,0.0764232621102337
"CR-Kp","Model B","Wet Days",43.9608610567515,0.00164479739019992,0.0793949914140799
"CR-Kp","Model B","Wet Days",44.5714285714286,0.00170718448220004,0.0824064399141874
"CR-Kp","Model B","Wet Days",45.1819960861057,0.001770053837765,0.085441167458765
"CR-Kp","Model B","Wet Days",45.7925636007828,0.00183331503989068,0.0884948095848646
"CR-Kp","Model B","Wet Days",46.4031311154599,0.00189688379272665,0.0915632972999393
"CR-Kp","Model B","Wet Days",47.013698630137,0.00196047396459602,0.094632818919848
"CR-Kp","Model B","Wet Days",47.6242661448141,0.00202393477008536,0.0976960959757196
"CR-Kp","Model B","Wet Days",48.2348336594912,0.0020871659538096,0.100748289102241
"CR-Kp","Model B","Wet Days",48.8454011741683,0.00214979167836348,0.103771256485872
"CR-Kp","Model B","Wet Days",49.4559686888454,0.00221168729782539,0.106758981420887
"CR-Kp","Model B","Wet Days",50.0665362035225,0.00227280433204493,0.10970912375211
"CR-Kp","Model B","Wet Days",50.6771037181996,0.00233304181654198,0.112616809885943
"CR-Kp","Model B","Wet Days",51.2876712328767,0.00239162779108176,0.115444777010213
"CR-Kp","Model B","Wet Days",51.8982387475538,0.00244887210541466,0.118207981689431
"CR-Kp","Model B","Wet Days",52.5088062622309,0.00250471880160934,0.12090372281311
"CR-Kp","Model B","Wet Days",53.119373776908,0.00255897493955884,0.123522687089395
"CR-Kp","Model B","Wet Days",53.7299412915851,0.00261072583923881,0.126020722567955
"CR-Kp","Model B","Wet Days",54.3405088062622,0.00266063075916881,0.12842965190659
"CR-Kp","Model B","Wet Days",54.9510763209393,0.0027086198848086,0.130746105131068
"CR-Kp","Model B","Wet Days",55.5616438356164,0.00275429668109572,0.132950941344115
"CR-Kp","Model B","Wet Days",56.1722113502935,0.00279699346162128,0.13501193107053
"CR-Kp","Model B","Wet Days",56.7827788649706,0.00283746129530186,0.136965328690662
"CR-Kp","Model B","Wet Days",57.3933463796477,0.00287565877918048,0.138809135668136
"CR-Kp","Model B","Wet Days",58.0039138943249,0.00291096099952942,0.14051318718123
"CR-Kp","Model B","Wet Days",58.614481409002,0.00294315667711747,0.142067284701632
"CR-Kp","Model B","Wet Days",59.2250489236791,0.00297294379973052,0.143505120363461
"CR-Kp","Model B","Wet Days",59.8356164383562,0.00300031419975601,0.144826299912973
"CR-Kp","Model B","Wet Days",60.4461839530333,0.0030244541250209,0.145991543225349
"CR-Kp","Model B","Wet Days",61.0567514677104,0.00304569373308878,0.147016787130911
"CR-Kp","Model B","Wet Days",61.6673189823875,0.00306457119353142,0.147928009278206
"CR-Kp","Model B","Wet Days",62.2778864970646,0.00308111254105922,0.14872646637254
"CR-Kp","Model B","Wet Days",62.8884540117417,0.00309441672807561,0.149368664506019
"CR-Kp","Model B","Wet Days",63.4990215264188,0.00310529580687948,0.149893801749897
"CR-Kp","Model B","Wet Days",64.1095890410959,0.00311407904402595,0.150317771925182
"CR-Kp","Model B","Wet Days",64.720156555773,0.00312082365864016,0.150643337020662
"CR-Kp","Model B","Wet Days",65.3307240704501,0.0031246883966556,0.15082988938473
"CR-Kp","Model B","Wet Days",65.9412915851272,0.00312677491992418,0.150930606651173
"CR-Kp","Model B","Wet Days",66.5518590998043,0.00312721823689724,0.150952005728943
"CR-Kp","Model B","Wet Days",67.1624266144814,0.00312601318281827,0.150893837313294
"CR-Kp","Model B","Wet Days",67.7729941291585,0.00312280521577772,0.150738987532306
"CR-Kp","Model B","Wet Days",68.3835616438356,0.00311844002010665,0.150528277888134
"CR-Kp","Model B","Wet Days",68.9941291585127,0.00311301552865271,0.150266435636329
"CR-Kp","Model B","Wet Days",69.6046966731898,0.00310651941132702,0.149952865598846
"CR-Kp","Model B","Wet Days",70.2152641878669,0.00309904446747465,0.149592047235128
"CR-Kp","Model B","Wet Days",70.825831702544,0.00309105555365866,0.149206419347093
"CR-Kp","Model B","Wet Days",71.4363992172211,0.00308265511333786,0.1488009269192
"CR-Kp","Model B","Wet Days",72.0469667318982,0.00307393875568021,0.148380185042106
"CR-Kp","Model B","Wet Days",72.6575342465753,0.00306518303318506,0.147957543009435
"CR-Kp","Model B","Wet Days",73.2681017612524,0.00305656062716838,0.147541336213545
"CR-Kp","Model B","Wet Days",73.8786692759295,0.00304816872531085,0.147136255940499
"CR-Kp","Model B","Wet Days",74.4892367906067,0.00304030850456145,0.146756840115408
"CR-Kp","Model B","Wet Days",75.0998043052838,0.00303316809052352,0.146412169632215
"CR-Kp","Model B","Wet Days",75.7103718199609,0.0030267482466741,0.146102281344246
"CR-Kp","Model B","Wet Days",76.320939334638,0.0030211325782396,0.145831210907366
"CR-Kp","Model B","Wet Days",76.9315068493151,0.0030168878002863,0.145626313871923
"CR-Kp","Model B","Wet Days",77.5420743639922,0.00301388727483714,0.145481477374921
"CR-Kp","Model B","Wet Days",78.1526418786693,0.00301208339464148,0.145394403396388
"CR-Kp","Model B","Wet Days",78.7632093933464,0.00301153999211077,0.145368173150938
"CR-Kp","Model B","Wet Days",79.3737769080235,0.00301309989829468,0.145443470411753
"CR-Kp","Model B","Wet Days",79.9843444227006,0.00301618036198843,0.145592165558021
"CR-Kp","Model B","Wet Days",80.5949119373777,0.00302078804016857,0.145814579924514
"CR-Kp","Model B","Wet Days",81.2054794520548,0.00302707563090143,0.146118084304583
"CR-Kp","Model B","Wet Days",81.8160469667319,0.00303578358264152,0.14653842042486
"CR-Kp","Model B","Wet Days",82.426614481409,0.00304617355037226,0.147039948092456
"CR-Kp","Model B","Wet Days",83.0371819960861,0.00305825930715785,0.147623332138382
"CR-Kp","Model B","Wet Days",83.6477495107632,0.00307233215671727,0.148302633903207
"CR-Kp","Model B","Wet Days",84.2583170254403,0.0030887895501962,0.149097038503885
"CR-Kp","Model B","Wet Days",84.8688845401174,0.00310695942991063,0.149974105462111
"CR-Kp","Model B","Wet Days",85.4794520547945,0.00312683199243927,0.150933361563038
"CR-Kp","Model B","Wet Days",86.0900195694716,0.00314881159370637,0.15199432521989
"CR-Kp","Model B","Wet Days",86.7005870841487,0.00317291110409365,0.153157617690854
"CR-Kp","Model B","Wet Days",87.3111545988258,0.0031986038572669,0.15439781659301
"CR-Kp","Model B","Wet Days",87.9217221135029,0.00322585951966913,0.155713457714101
"CR-Kp","Model B","Wet Days",88.53228962818,0.00325513492424947,0.157126592553169
"CR-Kp","Model B","Wet Days",89.1428571428571,0.00328611186380346,0.158621861128239
"CR-Kp","Model B","Wet Days",89.7534246575342,0.00331843881563082,0.160182295305766
"CR-Kp","Model B","Wet Days",90.3639921722113,0.00335206949211736,0.161805660765128
"CR-Kp","Model B","Wet Days",90.9745596868885,0.0033874316395196,0.163512604979724
"CR-Kp","Model B","Wet Days",91.5851272015656,0.00342400278753649,0.165277908110738
"CR-Kp","Model B","Wet Days",92.1956947162427,0.00346159244740937,0.167092375193826
"CR-Kp","Model B","Wet Days",92.8062622309198,0.0035001441295824,0.168953279456784
"CR-Kp","Model B","Wet Days",93.4168297455969,0.00353997180525713,0.170875776408128
"CR-Kp","Model B","Wet Days",94.027397260274,0.00358051689121899,0.172832903025063
"CR-Kp","Model B","Wet Days",94.6379647749511,0.00362170348210233,0.174820995326912
"CR-Kp","Model B","Wet Days",95.2485322896282,0.00366350345227636,0.176838695678852
"CR-Kp","Model B","Wet Days",95.8590998043053,0.00370595229231188,0.178887717224143
"CR-Kp","Model B","Wet Days",96.4696673189824,0.00374872265323074,0.18095225870394
"CR-Kp","Model B","Wet Days",97.0802348336595,0.00379175807621962,0.183029594829995
"CR-Kp","Model B","Wet Days",97.6908023483366,0.00383501315229754,0.185117533693641
"CR-Kp","Model B","Wet Days",98.3013698630137,0.00387836708546798,0.18721024442649
"CR-Kp","Model B","Wet Days",98.9119373776908,0.00392170152603627,0.189302014244069
"CR-Kp","Model B","Wet Days",99.5225048923679,0.00396496974460981,0.191390587500944
"CR-Kp","Model B","Wet Days",100.133072407045,0.00400806606148416,0.193470862997856
"CR-Kp","Model B","Wet Days",100.743639921722,0.00405087160917989,0.195537102956666
"CR-Kp","Model B","Wet Days",101.354207436399,0.0040933946589166,0.197589706632268
"CR-Kp","Model B","Wet Days",101.964774951076,0.00413560291547792,0.19962711512237
"CR-Kp","Model B","Wet Days",102.575342465753,0.00417731782649075,0.201640709636464
"CR-Kp","Model B","Wet Days",103.185909980431,0.00421853374236011,0.203630217466467
"CR-Kp","Model B","Wet Days",103.796477495108,0.00425930922865931,0.205598465594728
"CR-Kp","Model B","Wet Days",104.407045009785,0.00429962911193694,0.207544721593015
"CR-Kp","Model B","Wet Days",105.017612524462,0.00433926391047608,0.209457908292157
"CR-Kp","Model B","Wet Days",105.628180039139,0.0043783622649665,0.211345200634404
"CR-Kp","Model B","Wet Days",106.238747553816,0.00441697824647857,0.21320920865075
"CR-Kp","Model B","Wet Days",106.849315068493,0.00445511406831054,0.215050039177937
"CR-Kp","Model B","Wet Days",107.45988258317,0.00449254069550218,0.216856636611909
"CR-Kp","Model B","Wet Days",108.070450097847,0.004529526919462,0.2186419756155
"CR-Kp","Model B","Wet Days",108.681017612524,0.00456609787085658,0.220407269255481
"CR-Kp","Model B","Wet Days",109.291585127202,0.00460224446381437,0.222152078953399
"CR-Kp","Model B","Wet Days",109.902152641879,0.00463788518043211,0.223872469809268
"CR-Kp","Model B","Wet Days",110.512720156556,0.00467323490555644,0.225578814395817
"CR-Kp","Model B","Wet Days",111.123287671233,0.00470832247244619,0.227272504505341
"CR-Kp","Model B","Wet Days",111.73385518591,0.0047431507108674,0.228953676731716
"CR-Kp","Model B","Wet Days",112.344422700587,0.00477776956559555,0.230624741928125
"CR-Kp","Model B","Wet Days",112.954990215264,0.00481229752117216,0.232291419388148
"CR-Kp","Model B","Wet Days",113.565557729941,0.00484676859116107,0.233955350959362
"CR-Kp","Model B","Wet Days",114.176125244618,0.00488123612549399,0.235619111863125
"CR-Kp","Model B","Wet Days",114.786692759295,0.00491579823591767,0.237287437990519
"CR-Kp","Model B","Wet Days",115.397260273973,0.00495048991507133,0.23896201844946
"CR-Kp","Model B","Wet Days",116.00782778865,0.00498534518067405,0.240644495288098
"CR-Kp","Model B","Wet Days",116.618395303327,0.00502050207597222,0.242341531906088
"CR-Kp","Model B","Wet Days",117.228962818004,0.00505600995088688,0.244055510442763
"CR-Kp","Model B","Wet Days",117.839530332681,0.00509185531375081,0.245785779650249
"CR-Kp","Model B","Wet Days",118.450097847358,0.00512806819862788,0.247533789284156
"CR-Kp","Model B","Wet Days",119.060665362035,0.00516489295640197,0.249311334253961
"CR-Kp","Model B","Wet Days",119.671232876712,0.0052022486619454,0.25111450827318
"CR-Kp","Model B","Wet Days",120.281800391389,0.00524011553137729,0.252942356366408
"CR-Kp","Model B","Wet Days",120.892367906067,0.00527851753935096,0.254796035799218
"CR-Kp","Model B","Wet Days",121.502935420744,0.00531781400030163,0.256692890815143
"CR-Kp","Model B","Wet Days",122.113502935421,0.00535774281390537,0.25862026973253
"CR-Kp","Model B","Wet Days",122.724070450098,0.00539831549244485,0.26057872825361
"CR-Kp","Model B","Wet Days",123.334637964775,0.00543960682401029,0.262571876427755
"CR-Kp","Model B","Wet Days",123.945205479452,0.00548192321118769,0.264614504423544
"CR-Kp","Model B","Wet Days",124.555772994129,0.00552496897135956,0.266692339529328
"CR-Kp","Model B","Wet Days",125.166340508806,0.00556875783897244,0.268806044712028
"CR-Kp","Model B","Wet Days",125.776908023483,0.0056134402010657,0.270962879210849
"CR-Kp","Model B","Wet Days",126.38747553816,0.00565920743088028,0.273172080684432
"CR-Kp","Model B","Wet Days",126.998043052838,0.00570578766881781,0.275420526367257
"CR-Kp","Model B","Wet Days",127.608610567515,0.00575319346648856,0.277708822130293
"CR-Kp","Model B","Wet Days",128.219178082192,0.00580166832493046,0.280048721860633
"CR-Kp","Model B","Wet Days",128.829745596869,0.00585126265285528,0.282442658805839
"CR-Kp","Model B","Wet Days",129.440313111546,0.00590175226350271,0.284879811386295
"CR-Kp","Model B","Wet Days",130.050880626223,0.00595315075045943,0.287360835769565
"CR-Kp","Model B","Wet Days",130.6614481409,0.00600581562579477,0.289902989198301
"CR-Kp","Model B","Wet Days",131.272015655577,0.00605962962482901,0.292500611262112
"CR-Kp","Model B","Wet Days",131.882583170254,0.006114431080228,0.2951458982177
"CR-Kp","Model B","Wet Days",132.493150684931,0.00617023524731884,0.297839586445469
"CR-Kp","Model B","Wet Days",133.103718199609,0.0062275359065013,0.300605510911862
"CR-Kp","Model B","Wet Days",133.714285714286,0.00628600908542307,0.303428033349038
"CR-Kp","Model B","Wet Days",134.324853228963,0.00634556862486192,0.30630299481879
"CR-Kp","Model B","Wet Days",134.93542074364,0.00640622969573936,0.309231127627232
"CR-Kp","Model B","Wet Days",135.545988258317,0.00646863452316491,0.312243432223026
"CR-Kp","Model B","Wet Days",136.156555772994,0.00653220702278946,0.315312100797
"CR-Kp","Model B","Wet Days",136.767123287671,0.00659695023049892,0.318437279892517
"CR-Kp","Model B","Wet Days",137.377690802348,0.006662977248665,0.321624429003786
"CR-Kp","Model B","Wet Days",137.988258317025,0.00673075415569557,0.324896045911635
"CR-Kp","Model B","Wet Days",138.598825831703,0.00679973499984806,0.328225777319196
"CR-Kp","Model B","Wet Days",139.20939334638,0.00686991855775893,0.331613564174248
"CR-Kp","Model B","Wet Days",139.819960861057,0.00694151422145594,0.335069513909078
"CR-Kp","Model B","Wet Days",140.430528375734,0.00701472756227719,0.338603549529837
"CR-Kp","Model B","Wet Days",141.041095890411,0.00708909564565387,0.342193325009999
"CR-Kp","Model B","Wet Days",141.651663405088,0.00716459884067876,0.345837892758254
"CR-Kp","Model B","Wet Days",142.262230919765,0.00724149649482138,0.349549771574936
"CR-Kp","Model B","Wet Days",142.872798434442,0.00731971054034985,0.353325193101132
"CR-Kp","Model B","Wet Days",143.483365949119,0.00739889076722853,0.357147252566118
"CR-Kp","Model B","Wet Days",144.093933463796,0.00747899316726242,0.361013825677695
"CR-Kp","Model B","Wet Days",144.704500978474,0.00756022890379806,0.364935105370374
"CR-Kp","Model B","Wet Days",145.315068493151,0.00764229672968908,0.368896550330594
"CR-Kp","Model B","Wet Days",145.925636007828,0.00772496839475386,0.372887142835856
"CR-Kp","Model B","Wet Days",146.536203522505,0.00780817217836915,0.37690342090458
"CR-Kp","Model B","Wet Days",147.146771037182,0.00789191772770705,0.380945850209409
"CR-Kp","Model B","Wet Days",147.757338551859,0.00797585578525634,0.384997571958329
"CR-Kp","Model B","Wet Days",148.367906066536,0.00805985052446838,0.389052029752524
"CR-Kp","Model B","Wet Days",148.978473581213,0.00814380300251327,0.393104447584215
"CR-Kp","Model B","Wet Days",149.58904109589,0.00822732507907168,0.397136089773552
"CR-Kp","Model B","Wet Days",150.199608610568,0.00831031275045464,0.401141936023176
"CR-Kp","Model B","Wet Days",150.810176125245,0.00839264408939606,0.405116100857891
"CR-Kp","Model B","Wet Days",151.420743639922,0.00847410053391658,0.409048034208383
"CR-Kp","Model B","Wet Days",152.031311154599,0.00855397657347643,0.41290368081436
"CR-Kp","Model B","Wet Days",152.641878669276,0.00863250156973235,0.416694112049645
"CR-Kp","Model B","Wet Days",153.252446183953,0.00870954056903632,0.420412813650664
"CR-Kp","Model B","Wet Days",153.86301369863,0.00878460024989405,0.424035972802515
"CR-Kp","Model B","Wet Days",154.473581213307,0.00885696195329727,0.427528899563366
"CR-Kp","Model B","Wet Days",155.084148727984,0.00892710000865428,0.430914489992952
"CR-Kp","Model B","Wet Days",155.694716242661,0.00899487876838609,0.434186196331391
"CR-Kp","Model B","Wet Days",156.305283757339,0.00905937939015331,0.437299665711828
"CR-Kp","Model B","Wet Days",156.915851272016,0.00912023336194978,0.440237109920508
"CR-Kp","Model B","Wet Days",157.526418786693,0.00917802008320942,0.443026496786996
"CR-Kp","Model B","Wet Days",158.13698630137,0.00923261569879453,0.445661847777003
"CR-Kp","Model B","Wet Days",158.747553816047,0.00928256172793466,0.448072761472742
"CR-Kp","Model B","Wet Days",159.358121330724,0.00932819160876807,0.450275333059115
"CR-Kp","Model B","Wet Days",159.968688845401,0.00937002382904775,0.452294590135838
"CR-Kp","Model B","Wet Days",160.579256360078,0.00940795767687526,0.454125671301526
"CR-Kp","Model B","Wet Days",161.189823874755,0.00943994477713907,0.455669700715689
"CR-Kp","Model B","Wet Days",161.800391389432,0.00946728812081518,0.456989574244995
"CR-Kp","Model B","Wet Days",162.41095890411,0.00949028700473657,0.458099739060645
"CR-Kp","Model B","Wet Days",163.021526418787,0.00950886296869248,0.458996407858622
"CR-Kp","Model B","Wet Days",163.632093933464,0.00952043467190311,0.459554978344281
"CR-Kp","Model B","Wet Days",164.242661448141,0.00952737487134978,0.459889984393514
"CR-Kp","Model B","Wet Days",164.853228962818,0.00952965402497403,0.46
"CR-Kp","Model B","Wet Days",165.463796477495,0.00952679616317887,0.459862049931474
"CR-Kp","Model B","Wet Days",166.074363992172,0.00951706739136334,0.459392438440499
"CR-Kp","Model B","Wet Days",166.684931506849,0.00950260158097669,0.458694168308088
"CR-Kp","Model B","Wet Days",167.295499021526,0.0094834065037788,0.457767614680024
"CR-Kp","Model B","Wet Days",167.906066536204,0.00945862264029759,0.456571288226673
"CR-Kp","Model B","Wet Days",168.516634050881,0.00942749448550258,0.455068720434791
"CR-Kp","Model B","Wet Days",169.127201565558,0.00939176596565053,0.453344091283631
"CR-Kp","Model B","Wet Days",169.737769080235,0.00935147908536352,0.451399428352169
"CR-Kp","Model B","Wet Days",170.348336594912,0.00930546663215911,0.449178389852916
"CR-Kp","Model B","Wet Days",170.958904109589,0.00925392641153062,0.446690523931764
"CR-Kp","Model B","Wet Days",171.569471624266,0.0091981361385762,0.443997506379208
"CR-Kp","Model B","Wet Days",172.180039138943,0.00913816646054983,0.44110274736489
"CR-Kp","Model B","Wet Days",172.79060665362,0.00907266480805443,0.437940957853023
"CR-Kp","Model B","Wet Days",173.401174168297,0.00900262403306447,0.434560063183505
"CR-Kp","Model B","Wet Days",174.011741682975,0.00892885356097526,0.430999134625962
"CR-Kp","Model B","Wet Days",174.622309197652,0.00885144566648351,0.427262626314864
"CR-Kp","Model B","Wet Days",175.232876712329,0.00876901136873458,0.423283491619613
"CR-Kp","Model B","Wet Days",175.843444227006,0.00868308610028705,0.419135846449885
"CR-Kp","Model B","Wet Days",176.454011741683,0.00859407097256899,0.414839052605848
"CR-Kp","Model B","Wet Days",177.06457925636,0.00850205517940109,0.410397415506924
"CR-Kp","Model B","Wet Days",177.675146771037,0.00840582061104347,0.405752136535779
"CR-Kp","Model B","Wet Days",178.285714285714,0.00830709100077128,0.400986420948813
"CR-Kp","Model B","Wet Days",178.896281800391,0.00820597990537934,0.396105750175415
"CR-Kp","Model B","Wet Days",179.506849315068,0.00810240562236505,0.391106180404916
"CR-Kp","Model B","Wet Days",180.117416829746,0.00799594740926094,0.385967402239459
"CR-Kp","Model B","Wet Days",180.727984344423,0.00788772406162223,0.380743420363167
"CR-Kp","Model B","Wet Days",181.3385518591,0.00777784906512761,0.375439712772621
"CR-Kp","Model B","Wet Days",181.949119373777,0.00766620027659942,0.370050383570493
"CR-Kp","Model B","Wet Days",182.559686888454,0.00755286310956203,0.364579555699873
"CR-Kp","Model B","Wet Days",183.170254403131,0.00743847653676441,0.35905807261675
"CR-Kp","Model B","Wet Days",183.780821917808,0.00732314851759226,0.353491145561459
"CR-Kp","Model B","Wet Days",184.391389432485,0.00720683580730512,0.347876687094041
"CR-Kp","Model B","Wet Days",185.001956947162,0.00708983932819466,0.342229222847199
"CR-Kp","Model B","Wet Days",185.61252446184,0.00697245970216201,0.336563263953674
"CR-Kp","Model B","Wet Days",186.223091976517,0.00685479486547404,0.330883537834067
"CR-Kp","Model B","Wet Days",186.833659491194,0.00673697663151477,0.325196407170221
"CR-Kp","Model B","Wet Days",187.444227005871,0.00661926110656628,0.319514234309129
"CR-Kp","Model B","Wet Days",188.054794520548,0.00650175106870169,0.313841980387208
"CR-Kp","Model B","Wet Days",188.665362035225,0.00638453095932682,0.308183721423018
"CR-Kp","Model B","Wet Days",189.275929549902,0.00626797253608998,0.30255740229869
"CR-Kp","Model B","Wet Days",189.886497064579,0.00615207951655788,0.296963202462572
"CR-Kp","Model B","Wet Days",190.497064579256,0.00603688266222128,0.291402606783446
"CR-Kp","Model B","Wet Days",191.107632093933,0.00592246007619818,0.285879385328324
"CR-Kp","Model B","Wet Days",191.718199608611,0.00580942521896467,0.280423150066146
"CR-Kp","Model B","Wet Days",192.328767123288,0.00569741723889733,0.275016482552725
"CR-Kp","Model B","Wet Days",192.939334637965,0.00558648670473618,0.269661823760244
"CR-Kp","Model B","Wet Days",193.549902152642,0.00547681177620754,0.264367773526
"CR-Kp","Model B","Wet Days",194.160469667319,0.00536892284834853,0.259159934218814
"CR-Kp","Model B","Wet Days",194.771037181996,0.0052623474207707,0.254015498066428
"CR-Kp","Model B","Wet Days",195.381604696673,0.00515711976389731,0.248936119315121
"CR-Kp","Model B","Wet Days",195.99217221135,0.0050535573405897,0.243937122017145
"CR-Kp","Model B","Wet Days",196.602739726027,0.00495196302021762,0.239033125791397
"CR-Kp","Model B","Wet Days",197.213307240704,0.00485186445388113,0.234201330178028
"CR-Kp","Model B","Wet Days",197.823874755382,0.00475328151156691,0.229442694308804
"CR-Kp","Model B","Wet Days",198.434442270059,0.00465668431176011,0.224779910980608
"CR-Kp","Model B","Wet Days",199.045009784736,0.00456207157388709,0.220212918379666
"CR-Kp","Model B","Wet Days",199.655577299413,0.00446904861344593,0.215722664935963
"CR-Kp","Model B","Wet Days",200.26614481409,0.00437762382837861,0.211309556021332
"CR-Kp","Model B","Wet Days",200.876712328767,0.00428841574540156,0.207003448154047
"CR-Kp","Model B","Wet Days",201.487279843444,0.00420109711272279,0.202788544766477
"CR-Kp","Model B","Wet Days",202.097847358121,0.00411539625372803,0.198651731925814
"CR-Kp","Model B","Wet Days",202.708414872798,0.00403131354484486,0.194593027802359
"CR-Kp","Model B","Wet Days",203.318982387476,0.00394960359794042,0.190648857796025
"CR-Kp","Model B","Wet Days",203.929549902153,0.00386962618657653,0.18678831793477
"CR-Kp","Model B","Wet Days",204.54011741683,0.0037912523840653,0.18300518487866
"CR-Kp","Model B","Wet Days",205.150684931507,0.00371450119140071,0.179300375812855
"CR-Kp","Model B","Wet Days",205.761252446184,0.00364018054463194,0.175712890115678
"CR-Kp","Model B","Wet Days",206.371819960861,0.00356743422107721,0.172201397594808
"CR-Kp","Model B","Wet Days",206.982387475538,0.00349625571645467,0.168765584286102
"CR-Kp","Model B","Wet Days",207.592954990215,0.00342680288065058,0.165413069663205
"CR-Kp","Model B","Wet Days",208.203522504892,0.00335957353496122,0.162167883748159
"CR-Kp","Model B","Wet Days",208.814090019569,0.00329387479960589,0.158996580972187
"CR-Kp","Model B","Wet Days",209.424657534247,0.00322969933783908,0.155898807187812
"CR-Kp","Model B","Wet Days",210.035225048924,0.00316733607873424,0.152888509110562
"CR-Kp","Model B","Wet Days",210.645792563601,0.00310698866769353,0.149975516780938
"CR-Kp","Model B","Wet Days",211.256360078278,0.00304812249727334,0.147134024495664
"CR-Kp","Model B","Wet Days",211.866927592955,0.00299072905468152,0.144363621339049
"CR-Kp","Model B","Wet Days",212.477495107632,0.0029352164402019,0.14168400646597
"CR-Kp","Model B","Wet Days",213.088062622309,0.00288150905538147,0.139091530710538
"CR-Kp","Model B","Wet Days",213.698630136986,0.00282922200319859,0.136567614948109
"CR-Kp","Model B","Wet Days",214.309197651663,0.00277834403425044,0.134111716165759
"CR-Kp","Model B","Wet Days",214.91976516634,0.00272938168155938,0.131748284903841
"CR-Kp","Model B","Wet Days",215.530332681018,0.00268199864647882,0.129461087899633
"CR-Kp","Model B","Wet Days",216.140900195695,0.00263595029969439,0.127238316803713
"CR-Kp","Model B","Wet Days",216.751467710372,0.00259122043405291,0.125079189290672
"CR-Kp","Model B","Wet Days",217.362035225049,0.00254837825119016,0.123011180938509
"CR-Kp","Model B","Wet Days",217.972602739726,0.00250686202728624,0.121007177126224
"CR-Kp","Model B","Wet Days",218.583170254403,0.00246655464247858,0.119061524433804
"CR-Kp","Model B","Wet Days",219.19373776908,0.00242745408761989,0.11717412587895
"CR-Kp","Model B","Wet Days",219.804305283757,0.00239007371463579,0.115369761153051
"CR-Kp","Model B","Wet Days",220.414872798434,0.00235375660999829,0.113616720791935
"CR-Kp","Model B","Wet Days",221.025440313112,0.00231847060458932,0.11191345198012
"CR-Kp","Model B","Wet Days",221.636007827789,0.00228428509831668,0.110263304677374
"CR-Kp","Model B","Wet Days",222.246575342466,0.00225141054101904,0.108676437376915
"CR-Kp","Model B","Wet Days",222.857142857143,0.00221937491647082,0.107130065677212
"CR-Kp","Model B","Wet Days",223.46771037182,0.00218813828867575,0.105622261852637
"CR-Kp","Model B","Wet Days",224.078277886497,0.00215779177069455,0.104157423965053
"CR-Kp","Model B","Wet Days",224.688845401174,0.00212831349090345,0.102734496262917
"CR-Kp","Model B","Wet Days",225.299412915851,0.00209940308451796,0.101338980024607
"CR-Kp","Model B","Wet Days",225.909980430528,0.00207101521997793,0.0999686870785895
"CR-Kp","Model B","Wet Days",226.520547945205,0.00204320559294856,0.0986263058756634
"CR-Kp","Model B","Wet Days",227.131115459883,0.00201582666233921,0.0973047145516457
"CR-Kp","Model B","Wet Days",227.74168297456,0.00198871881287474,0.0959962084169026
"CR-Kp","Model B","Wet Days",228.352250489237,0.00196183528214924,0.094698530232435
"CR-Kp","Model B","Wet Days",228.962818003914,0.00193514348865387,0.0934101072765029
"CR-Kp","Model B","Wet Days",229.573385518591,0.00190849632223509,0.0921238384864168
"CR-Kp","Model B","Wet Days",230.183953033268,0.00188182861884186,0.0908365783688158
"CR-Kp","Model B","Wet Days",230.794520547945,0.00185509713483648,0.0895462395369705
"CR-Kp","Model B","Wet Days",231.405088062622,0.00182814667298223,0.0882453305616326
"CR-Kp","Model B","Wet Days",232.015655577299,0.00180094813650812,0.0869324469306735
"CR-Kp","Model B","Wet Days",232.626223091976,0.00177347780041883,0.0856064434296065
"CR-Kp","Model B","Wet Days",233.236790606654,0.001745692359152,0.0842652296825757
"CR-Kp","Model B","Wet Days",233.847358121331,0.00171733653160887,0.0828964831745016
"CR-Kp","Model B","Wet Days",234.457925636008,0.00168855115910738,0.0815070023690089
"CR-Kp","Model B","Wet Days",235.068493150685,0.00165931550446416,0.0800957862744228
"CR-Kp","Model B","Wet Days",235.679060665362,0.00162954929903413,0.0786589602929201
"CR-Kp","Model B","Wet Days",236.289628180039,0.00159905440880819,0.0771869604210288
"CR-Kp","Model B","Wet Days",236.900195694716,0.00156803178699743,0.0756894867461659
"CR-Kp","Model B","Wet Days",237.510763209393,0.00153647616876268,0.0741662851325559
"CR-Kp","Model B","Wet Days",238.12133072407,0.00150427081365543,0.072611720474646
"CR-Kp","Model B","Wet Days",238.731898238748,0.00147134958254615,0.0710226002116664
"CR-Kp","Model B","Wet Days",239.342465753425,0.00143790688217118,0.0694083084302262
"CR-Kp","Model B","Wet Days",239.953033268102,0.00140395308595649,0.0677693458595153
"CR-Kp","Model B","Wet Days",240.563600782779,0.00136936339598602,0.0660996884569779
"CR-Kp","Model B","Wet Days",241.174168297456,0.00133421163932736,0.0644028998830583
"CR-Kp","Model B","Wet Days",241.784735812133,0.00129864431499821,0.0626860517006864
"CR-Kp","Model B","Wet Days",242.39530332681,0.00126268545715469,0.0609503040476582
"CR-Kp","Model B","Wet Days",243.005870841487,0.00122625168793311,0.0591916322429941
"CR-Kp","Model B","Wet Days",243.616438356164,0.00118950051398601,0.0574176391923162
"CR-Kp","Model B","Wet Days",244.227005870841,0.00115251995458058,0.0556325736189056
"CR-Kp","Model B","Wet Days",244.837573385519,0.00111534398124003,0.0538380753410208
"CR-Kp","Model B","Wet Days",245.448140900196,0.00107798872232534,0.0520349228807399
"CR-Kp","Model B","Wet Days",246.058708414873,0.00104059361642364,0.0502298469913425
"CR-Kp","Model B","Wet Days",246.66927592955,0.00100320578109659,0.0484251220553299
"CR-Kp","Model B","Wet Days",247.279843444227,0.00096586805366242,0.0466228158462368
"CR-Kp","Model B","Wet Days",247.890410958904,0.000928737131100777,0.0448304921864697
"CR-Kp","Model B","Wet Days",248.500978473581,0.000891827218200111,0.0430488367465333
"CR-Kp","Model B","Wet Days",249.111545988258,0.000855177262763855,0.0412797295516136
"CR-Kp","Model B","Wet Days",249.722113502935,0.00081887312203211,0.0395273149631261
"CR-Kp","Model B","Wet Days",250.332681017613,0.000783128224542254,0.0378018952572015
"CR-Kp","Model B","Wet Days",250.94324853229,0.000747844823641438,0.036098752165979
"CR-Kp","Model B","Wet Days",251.553816046967,0.000713057123548335,0.0344195367400159
"CR-Kp","Model B","Wet Days",252.164383561644,0.000678929100726308,0.0327721641851476
"CR-Kp","Model B","Wet Days",252.774951076321,0.000645619721403414,0.0311643078612584
"CR-Kp","Model B","Wet Days",253.385518590998,0.000612972143314991,0.0295883969329794
"CR-Kp","Model B","Wet Days",253.996086105675,0.00058101264503273,0.0280456998768939
"CR-Kp","Model B","Wet Days",254.606653620352,0.000550002981875322,0.026548851721124
"CR-Kp","Model B","Wet Days",255.217221135029,0.000519958797066981,0.0250986075700123
"CR-Kp","Model B","Wet Days",255.827788649706,0.00049071838752591,0.0236871619547105
"CR-Kp","Model B","Wet Days",256.438356164384,0.000462298375664075,0.022315317245324
"CR-Kp","Model B","Wet Days",257.048923679061,0.000435059015518126,0.0210004630403026
"CR-Kp","Model B","Wet Days",257.659491193738,0.000408822263127076,0.019734005090386
"CR-Kp","Model B","Wet Days",258.270058708415,0.00038346544326857,0.0185100218162456
"CR-Kp","Model B","Wet Days",258.880626223092,0.000358995236597075,0.0173288356955965
"CR-Kp","Model B","Wet Days",259.491193737769,0.000335853695314477,0.0162117847552268
"CR-Kp","Model B","Wet Days",260.101761252446,0.00031366150555507,0.0151405593715377
"CR-Kp","Model B","Wet Days",260.712328767123,0.000292361903987111,0.0141124195570613
"CR-Kp","Model B","Wet Days",261.3228962818,0.000271980199502788,0.013128586981585
"CR-Kp","Model B","Wet Days",261.933463796477,0.000252928386435676,0.012208948767238
"CR-Kp","Model B","Wet Days",262.544031311155,0.00023473802827061,0.0113308933064624
"CR-Kp","Model B","Wet Days",263.154598825832,0.000217399183391446,0.0104939407136911
"CR-Kp","Model B","Wet Days",263.765166340509,0.000201002295753008,0.00970245675279231
"CR-Kp","Model B","Wet Days",264.375733855186,0.000185760804288792,0.00896674420172116
"CR-Kp","Model B","Wet Days",264.986301369863,0.000171304921747239,0.00826895329014261
"CR-Kp","Model B","Wet Days",265.59686888454,0.000157619911385994,0.00760837266993591
"CR-Kp","Model B","Wet Days",266.207436399217,0.000144844331013234,0.00699169057884758
"CR-Kp","Model B","Wet Days",266.818003913894,0.000133017678512443,0.00642081359463526
"CR-Kp","Model B","Wet Days",267.428571428571,0.000121874525770749,0.00588292940201438
"CR-Kp","Model B","Wet Days",268.039138943249,0.000111397551537417,0.00537720189766819
"CR-Kp","Model B","Wet Days",268.649706457926,0.000101752449660409,0.00491162918623541
"CR-Kp","Model B","Wet Days",269.260273972603,9.28475998761626e-05,0.00448178872298055
"CR-Kp","Model B","Wet Days",269.87084148728,8.45125433858093e-05,0.00407945239728451
"CR-Kp","Model B","Wet Days",270.481409001957,7.67293033902691e-05,0.00370375246226423
"CR-Kp","Model B","Wet Days",271.091976516634,6.9670595760305e-05,0.00336302597825189
"CR-Kp","Model B","Wet Days",271.702544031311,6.31620465161166e-05,0.00304885584736565
"CR-Kp","Model B","Wet Days",272.313111545988,5.71100565494748e-05,0.00275672400529042
"CR-Kp","Model B","Wet Days",272.923679060665,5.14974819481939e-05,0.0024858029089082
"CR-Kp","Model B","Wet Days",273.534246575342,4.64879785959849e-05,0.00224399228955338
"CR-Kp","Model B","Wet Days",274.14481409002,4.186873787248e-05,0.00202101979472369
"CR-Kp","Model B","Wet Days",274.755381604697,3.76019296021239e-05,0.00181505934755319
"CR-Kp","Model B","Wet Days",275.365949119374,3.36830873777647e-05,0.00162589535288129
"CR-Kp","Model B","Wet Days",275.976516634051,3.02236040483561e-05,0.00145890478561017
"CR-Kp","Model B","Wet Days",276.587084148728,2.70394425404896e-05,0.0013052041066789
"CR-Kp","Model B","Wet Days",277.197651663405,2.41178254623968e-05,0.00116417654655965
"CR-Kp","Model B","Wet Days",277.808219178082,2.14738424647783e-05,0.00103655048839246
"CR-Kp","Model B","Wet Days",278.418786692759,1.91422989251425e-05,0.000924006000898817
"CR-Kp","Model B","Wet Days",279.029354207436,1.70100345745679e-05,0.000821080795146974
"CR-Kp","Model B","Wet Days",279.639921722114,1.50667634642229e-05,0.000727278364500902
"CR-Kp","Model B","Wet Days",280.250489236791,1.33357388363028e-05,0.000643721151746219
"CR-Kp","Model B","Wet Days",280.861056751468,1.18089115044923e-05,0.000570020619618585
"CR-Kp","Model B","Wet Days",281.471624266145,1.04216213414496e-05,0.000503055599343219
"CR-Kp","Model B","Wet Days",282.082191780822,9.16592593707439e-06,0.000442442707784002
"CR-Kp","Model B","Wet Days",282.692759295499,8.06602097946721e-06,0.000389349879946458
"CR-Kp","Model B","Wet Days",283.303326810176,7.09440419178615e-06,0.000342449570537323
"CR-Kp","Model B","Wet Days",283.913894324853,6.21738324518172e-06,0.000300115438114385
"CR-Kp","Model B","Wet Days",284.52446183953,5.42905893506173e-06,0.000262062725843313
"CR-Kp","Model B","Wet Days",285.135029354207,4.75070591526814e-06,0.000229318369302426
"CR-Kp","Model B","Wet Days",285.745596868885,4.14983406181943e-06,0.000200314057932669
"CR-Kp","Model B","Wet Days",286.356164383562,3.61108758516559e-06,0.000174308561971188
"CR-Kp","Model B","Wet Days",286.966731898239,3.13024354083497e-06,0.00015109803829295
"CR-Kp","Model B","Wet Days",287.577299412916,2.72414962605695e-06,0.000131495731608117
"CR-Kp","Model B","Wet Days",288.187866927593,2.36302735447398e-06,0.000114064223130177
"CR-Kp","Model B","Wet Days",288.79843444227,2.04144832860583e-06,9.85414820619618e-05
"CR-Kp","Model B","Wet Days",289.409001956947,1.75772637098802e-06,8.48461159802381e-05
"CR-Kp","Model B","Wet Days",290.019569471624,1.52051720527051e-06,7.33959399356413e-05
"CR-Kp","Model B","Wet Days",290.630136986301,1.30960628120442e-06,6.32151899507887e-05
"CR-Kp","Model B","Wet Days",291.240704500978,1.12309691640481e-06,5.42123124504116e-05
"CR-Kp","Model B","Wet Days",291.851272015656,9.6146947042886e-07,4.64104945718091e-05
"CR-Kp","Model B","Wet Days",292.461839530333,8.25941728099604e-07,3.98685192484575e-05
"CR-Kp","Model B","Wet Days",293.07240704501,7.06243296825991e-07,3.40906307499281e-05
"CR-Kp","Model B","Wet Days",293.682974559687,6.01146299716584e-07,2.90175589947907e-05
"CR-Kp","Model B","Wet Days",294.293542074364,5.11777521303378e-07,2.47036942980934e-05
"CR-Kp","Model B","Wet Days",294.904109589041,4.36528410166578e-07,2.1071391275107e-05
"CR-Kp","Model B","Wet Days",295.514677103718,3.70522581026822e-07,1.78852649661437e-05
"CR-Kp","Model B","Wet Days",296.125244618395,3.12990205595624e-07,1.51081554688843e-05
"CR-Kp","Model B","Wet Days",296.735812133072,2.65030719681437e-07,1.27931329651596e-05
"CR-Kp","Model B","Wet Days",297.346379647749,2.24432638752781e-07,1.08334482611566e-05
"CR-Kp","Model B","Wet Days",297.956947162427,1.89071168313916e-07,9.12653672383855e-06
"CR-Kp","Model B","Wet Days",298.567514677104,1.58478810520888e-07,7.64983205566136e-06
"CR-Kp","Model B","Wet Days",299.178082191781,1.33501710637988e-07,6.44417800819814e-06
"CR-Kp","Model B","Wet Days",299.788649706458,1.12220995030037e-07,5.41694982614624e-06
"CR-Kp","Model B","Wet Days",300.399217221135,9.38186046151091e-08,4.52865948856604e-06
"CR-Kp","Model B","Wet Days",301.009784735812,7.80195419311252e-08,3.76603276407146e-06
"CR-Kp","Model B","Wet Days",301.620352250489,6.53971235986041e-08,3.15674386252862e-06
"CR-Kp","Model B","Wet Days",302.230919765166,5.4560793800995e-08,2.63367012933359e-06
"CR-Kp","Model B","Wet Days",302.841487279843,4.52593654095194e-08,2.18468666688408e-06
"CR-Kp","Model B","Wet Days",303.452054794521,3.73842160933153e-08,1.80455023423286e-06
"CR-Kp","Model B","Wet Days",304.062622309198,3.11470794944619e-08,1.50348129427411e-06
"CR-Kp","Model B","Wet Days",304.673189823875,2.57875467414319e-08,1.24477462350382e-06
"CR-Kp","Model B","Wet Days",305.283757338552,2.12220532482412e-08,1.02439652778659e-06
"CR-Kp","Model B","Wet Days",305.894324853229,1.74379093824815e-08,8.41734473772078e-07
"CR-Kp","Model B","Wet Days",306.504892367906,1.44201353349375e-08,6.96065380410212e-07
"CR-Kp","Model B","Wet Days",307.115459882583,1.18458884234142e-08,5.71805509464482e-07
"CR-Kp","Model B","Wet Days",307.72602739726,9.67009922313562e-09,4.66779342774147e-07
"CR-Kp","Model B","Wet Days",308.336594911937,7.90621840222453e-09,3.81636149171029e-07
"CR-Kp","Model B","Wet Days",308.947162426614,6.4881747052698e-09,3.13186644195327e-07
"CR-Kp","Model B","Wet Days",309.557729941292,5.28762654437986e-09,2.5523573091326e-07
"CR-Kp","Model B","Wet Days",310.168297455969,4.28101080390282e-09,2.06646008830385e-07
"CR-Kp","Model B","Wet Days",310.778864970646,3.4835520608003e-09,1.68152374028343e-07
"CR-Kp","Model B","Wet Days",311.389432485323,2.8365259923718e-09,1.36920181264879e-07
"CR-Kp","Model B","Wet Days",312,2.29297341302732e-09,1.10682692910821e-07
"CR-Kp","Model B","Precipitation",0,4.02598619843885e-05,0.0111519622889003
"CR-Kp","Model B","Precipitation",6.51272015655577,4.21509171865449e-05,0.0116757836648617
"CR-Kp","Model B","Precipitation",13.0254403131115,4.39655535668559e-05,0.012178437064149
"CR-Kp","Model B","Precipitation",19.5381604696673,4.56932344993271e-05,0.0126570038464605
"CR-Kp","Model B","Precipitation",26.0508806262231,4.73244479081385e-05,0.0131088491713964
"CR-Kp","Model B","Precipitation",32.5636007827789,4.88434358404598e-05,0.0135296080936478
"CR-Kp","Model B","Precipitation",39.0763209393346,5.0223284455964e-05,0.0139118254924671
"CR-Kp","Model B","Precipitation",45.5890410958904,5.14855122157668e-05,0.0142614619711709
"CR-Kp","Model B","Precipitation",52.1017612524462,5.26298199997296e-05,0.0145784346736257
"CR-Kp","Model B","Precipitation",58.614481409002,5.36578222241143e-05,0.0148631907923548
"CR-Kp","Model B","Precipitation",65.1272015655577,5.4573078590002e-05,0.0151167163628352
"CR-Kp","Model B","Precipitation",71.6399217221135,5.53610190089444e-05,0.0153349754776169
"CR-Kp","Model B","Precipitation",78.1526418786693,5.6053197826758e-05,0.0155267086752227
"CR-Kp","Model B","Precipitation",84.665362035225,5.66701672494221e-05,0.015697608906764
"CR-Kp","Model B","Precipitation",91.1780821917808,5.72274956765589e-05,0.0158519886114031
"CR-Kp","Model B","Precipitation",97.6908023483366,5.77425506549311e-05,0.0159946585911896
"CR-Kp","Model B","Precipitation",104.203522504892,5.82354627923873e-05,0.0161311950147567
"CR-Kp","Model B","Precipitation",110.716242661448,5.87412070434542e-05,0.0162712859275847
"CR-Kp","Model B","Precipitation",117.228962818004,5.92884459906755e-05,0.0164228708511693
"CR-Kp","Model B","Precipitation",123.74168297456,5.99026866858545e-05,0.0165930152265177
"CR-Kp","Model B","Precipitation",130.254403131115,6.06101465637192e-05,0.0167889812703634
"CR-Kp","Model B","Precipitation",136.767123287671,6.14376539822525e-05,0.0170182004248863
"CR-Kp","Model B","Precipitation",143.279843444227,6.24619552023722e-05,0.0173019313672248
"CR-Kp","Model B","Precipitation",149.792563600783,6.36890086501018e-05,0.0176418245785044
"CR-Kp","Model B","Precipitation",156.305283757339,6.51396251219146e-05,0.0180436446392782
"CR-Kp","Model B","Precipitation",162.818003913894,6.68397380664575e-05,0.018514575102273
"CR-Kp","Model B","Precipitation",169.33072407045,6.88144873447067e-05,0.0190615796968145
"CR-Kp","Model B","Precipitation",175.843444227006,7.11288376768719e-05,0.019702653618966
"CR-Kp","Model B","Precipitation",182.356164383562,7.38324108276305e-05,0.0204515420735324
"CR-Kp","Model B","Precipitation",188.868884540117,7.68932340504896e-05,0.0212993886252059
"CR-Kp","Model B","Precipitation",195.381604696673,8.03283688462355e-05,0.0222509193014487
"CR-Kp","Model B","Precipitation",201.894324853229,8.41531538840087e-05,0.0233103829061907
"CR-Kp","Model B","Precipitation",208.407045009785,8.83811669412225e-05,0.0244815404772055
"CR-Kp","Model B","Precipitation",214.91976516634,9.31447068236606e-05,0.0258010387196789
"CR-Kp","Model B","Precipitation",221.432485322896,9.83402156208691e-05,0.0272401921425243
"CR-Kp","Model B","Precipitation",227.945205479452,0.000103968547187626,0.0287992372631023
"CR-Kp","Model B","Precipitation",234.457925636008,0.000110032407238119,0.0304789235629333
"CR-Kp","Model B","Precipitation",240.970645792564,0.000116532898244813,0.0322795564263568
"CR-Kp","Model B","Precipitation",247.483365949119,0.000123534615665329,0.0342190287638778
"CR-Kp","Model B","Precipitation",253.996086105675,0.000131027605608969,0.036294583352589
"CR-Kp","Model B","Precipitation",260.508806262231,0.000138946503432155,0.0384881142178482
"CR-Kp","Model B","Precipitation",267.021526418787,0.000147286040675702,0.0407981619990098
"CR-Kp","Model B","Precipitation",273.534246575342,0.000156040662252208,0.043223187939552
"CR-Kp","Model B","Precipitation",280.046966731898,0.00016521280275825,0.0457638664215483
"CR-Kp","Model B","Precipitation",286.559686888454,0.000174895213256734,0.0484458894445437
"CR-Kp","Model B","Precipitation",293.07240704501,0.000184974239760848,0.0512377749091856
"CR-Kp","Model B","Precipitation",299.585127201566,0.000195448090959776,0.054139026623245
"CR-Kp","Model B","Precipitation",306.097847358121,0.000206316673452975,0.0571496187148164
"CR-Kp","Model B","Precipitation",312.610567514677,0.000217581726621495,0.0602700329916092
"CR-Kp","Model B","Precipitation",319.123287671233,0.000229321529117062,0.0635219526022742
"CR-Kp","Model B","Precipitation",325.636007827789,0.000241522392823265,0.0669015859451889
"CR-Kp","Model B","Precipitation",332.148727984344,0.000254154505000209,0.0704006749058282
"CR-Kp","Model B","Precipitation",338.6614481409,0.000267235520592723,0.074024109895367
"CR-Kp","Model B","Precipitation",345.174168297456,0.000280786170454107,0.0777776333501379
"CR-Kp","Model B","Precipitation",351.686888454012,0.000294856591735802,0.0816751332368304
"CR-Kp","Model B","Precipitation",358.199608610568,0.000309593245161769,0.0857571791051122
"CR-Kp","Model B","Precipitation",364.712328767123,0.00032491275488442,0.0900006758855456
"CR-Kp","Model B","Precipitation",371.225048923679,0.000340853491921468,0.0944162523314701
"CR-Kp","Model B","Precipitation",377.737769080235,0.000357456006312202,0.0990151407841475
"CR-Kp","Model B","Precipitation",384.250489236791,0.00037476285857603,0.10380913048686
"CR-Kp","Model B","Precipitation",390.763209393346,0.000392990776057009,0.108858254809042
"CR-Kp","Model B","Precipitation",397.275929549902,0.000412113652869008,0.114155282432867
"CR-Kp","Model B","Precipitation",403.788649706458,0.000432115505676822,0.119695785982218
"CR-Kp","Model B","Precipitation",410.301369863014,0.000453041479006623,0.125492270468999
"CR-Kp","Model B","Precipitation",416.814090019569,0.000474935326888682,0.131556855738425
"CR-Kp","Model B","Precipitation",423.326810176125,0.000497921864014977,0.137924115399779
"CR-Kp","Model B","Precipitation",429.839530332681,0.000522200167642416,0.144649193756894
"CR-Kp","Model B","Precipitation",436.352250489237,0.000547583401227618,0.151680337177661
"CR-Kp","Model B","Precipitation",442.864970645793,0.000574094573916007,0.159023919184228
"CR-Kp","Model B","Precipitation",449.377690802348,0.000601751161528567,0.166684780570552
"CR-Kp","Model B","Precipitation",455.890410958904,0.000630564837623111,0.174666154906499
"CR-Kp","Model B","Precipitation",462.40313111546,0.000660812160410561,0.183044648682673
"CR-Kp","Model B","Precipitation",468.915851272016,0.000692263997081744,0.191756792221806
"CR-Kp","Model B","Precipitation",475.428571428571,0.00072483411744107,0.200778699801445
"CR-Kp","Model B","Precipitation",481.941291585127,0.000758489322874761,0.210101175421636
"CR-Kp","Model B","Precipitation",488.454011741683,0.000793188040280932,0.219712703353273
"CR-Kp","Model B","Precipitation",494.966731898239,0.000828974742152712,0.229625602455435
"CR-Kp","Model B","Precipitation",501.479452054794,0.00086581381947636,0.239830009048545
"CR-Kp","Model B","Precipitation",507.99217221135,0.000903439618893744,0.250252337280945
"CR-Kp","Model B","Precipitation",514.504892367906,0.000941758622693788,0.260866682791916
"CR-Kp","Model B","Precipitation",521.017612524462,0.000980669204716121,0.271644895184211
"CR-Kp","Model B","Precipitation",527.530332681018,0.0010200617608356,0.2825566141682
"CR-Kp","Model B","Precipitation",534.043052837573,0.00105985256554761,0.293578647819616
"CR-Kp","Model B","Precipitation",540.555772994129,0.00109977367818307,0.304636776702777
"CR-Kp","Model B","Precipitation",547.068493150685,0.00113967414137571,0.315689185700267
"CR-Kp","Model B","Precipitation",553.581213307241,0.00117940587831456,0.326694857607101
"CR-Kp","Model B","Precipitation",560.093933463796,0.00121881643982374,0.337611564075324
"CR-Kp","Model B","Precipitation",566.606653620352,0.00125765005732917,0.348368457333677
"CR-Kp","Model B","Precipitation",573.119373776908,0.00129563458241854,0.358890152403638
"CR-Kp","Model B","Precipitation",579.632093933464,0.00133268560535464,0.369153267828843
"CR-Kp","Model B","Precipitation",586.14481409002,0.0013686411286794,0.379112930391792
"CR-Kp","Model B","Precipitation",592.657534246575,0.00140334074794672,0.388724708138532
"CR-Kp","Model B","Precipitation",599.170254403131,0.00143661887586598,0.397942733469682
"CR-Kp","Model B","Precipitation",605.682974559687,0.00146780258508006,0.406580605832939
"CR-Kp","Model B","Precipitation",612.195694716243,0.00149715579848843,0.414711431743746
"CR-Kp","Model B","Precipitation",618.708414872798,0.00152454623477998,0.422298569342933
"CR-Kp","Model B","Precipitation",625.221135029354,0.00154984960761653,0.429307591374968
"CR-Kp","Model B","Precipitation",631.73385518591,0.00157295000872618,0.435706391304613
"CR-Kp","Model B","Precipitation",638.246575342466,0.0015933392212453,0.441354193306563
"CR-Kp","Model B","Precipitation",644.759295499022,0.00161096892503078,0.446237612724552
"CR-Kp","Model B","Precipitation",651.272015655577,0.00162606935312139,0.45042042399892
"CR-Kp","Model B","Precipitation",657.784735812133,0.0016385887920401,0.453888302521548
"CR-Kp","Model B","Precipitation",664.297455968689,0.00164848741900068,0.45663021739992
"CR-Kp","Model B","Precipitation",670.810176125245,0.00165564934657379,0.458614067872189
"CR-Kp","Model B","Precipitation",677.3228962818,0.0016594709210428,0.459672642150937
"CR-Kp","Model B","Precipitation",683.835616438356,0.00166065272039626,0.46
"CR-Kp","Model B","Precipitation",690.348336594912,0.00165922639166874,0.459604907632645
"CR-Kp","Model B","Precipitation",696.861056751468,0.00165523418487517,0.458499068282557
"CR-Kp","Model B","Precipitation",703.373776908024,0.00164872866862467,0.45669704342903
"CR-Kp","Model B","Precipitation",709.886497064579,0.00163932713308085,0.454092822632569
"CR-Kp","Model B","Precipitation",716.399217221135,0.00162738500642531,0.450784859327491
"CR-Kp","Model B","Precipitation",722.911937377691,0.00161323345061819,0.446864885216517
"CR-Kp","Model B","Precipitation",729.424657534247,0.00159697250976672,0.442360612468934
"CR-Kp","Model B","Precipitation",735.937377690802,0.00157870731555154,0.437301162509416
"CR-Kp","Model B","Precipitation",742.450097847358,0.00155844122675881,0.431687465720103
"CR-Kp","Model B","Precipitation",748.962818003914,0.00153606092014793,0.425488131618178
"CR-Kp","Model B","Precipitation",755.47553816047,0.00151211581120996,0.41885534802882
"CR-Kp","Model B","Precipitation",761.988258317025,0.0014867258436143,0.411822339290416
"CR-Kp","Model B","Precipitation",768.500978473581,0.00146001089857074,0.404422312440067
"CR-Kp","Model B","Precipitation",775.013698630137,0.00143209052045668,0.396688381212468
"CR-Kp","Model B","Precipitation",781.526418786693,0.00140288717526636,0.388599068725545
"CR-Kp","Model B","Precipitation",788.039138943249,0.00137273435617804,0.380246752428299
"CR-Kp","Model B","Precipitation",794.551859099804,0.00134181571945162,0.371682305015865
"CR-Kp","Model B","Precipitation",801.06457925636,0.00131024030954946,0.362935931751543
"CR-Kp","Model B","Precipitation",807.577299412916,0.00127811477419925,0.354037174004306
"CR-Kp","Model B","Precipitation",814.090019569472,0.00124551676749395,0.345007541920327
"CR-Kp","Model B","Precipitation",820.602739726027,0.0012125671639626,0.335880517685662
"CR-Kp","Model B","Precipitation",827.115459882583,0.00117944666025906,0.326706154185994
"CR-Kp","Model B","Precipitation",833.628180039139,0.00114624742623799,0.317509982426463
"CR-Kp","Model B","Precipitation",840.140900195695,0.00111305951591003,0.308316947324449
"CR-Kp","Model B","Precipitation",846.65362035225,0.00107997091570168,0.299151421077509
"CR-Kp","Model B","Precipitation",853.166340508806,0.00104714985149387,0.290060002173266
"CR-Kp","Model B","Precipitation",859.679060665362,0.00101467125857557,0.281063447650505
"CR-Kp","Model B","Precipitation",866.191780821918,0.000982605213891262,0.272181168788937
"CR-Kp","Model B","Precipitation",872.704500978474,0.000951028569734402,0.263434453636663
"CR-Kp","Model B","Precipitation",879.217221135029,0.000920016338240051,0.254844080518797
"CR-Kp","Model B","Precipitation",885.729941291585,0.000889730642768009,0.246454957527559
"CR-Kp","Model B","Precipitation",892.242661448141,0.000860318685717699,0.238307859656359
"CR-Kp","Model B","Precipitation",898.755381604697,0.000831733839482424,0.230389871080705
"CR-Kp","Model B","Precipitation",905.268101761252,0.000804037442667733,0.222717982564653
"CR-Kp","Model B","Precipitation",911.780821917808,0.000777287903728624,0.215308373221976
"CR-Kp","Model B","Precipitation",918.293542074364,0.000751540585624079,0.208176378565523
"CR-Kp","Model B","Precipitation",924.80626223092,0.000727162915499956,0.201423775736907
"CR-Kp","Model B","Precipitation",931.318982387475,0.000703930255343493,0.19498834011529
"CR-Kp","Model B","Precipitation",937.831702544031,0.000681866315299615,0.188876639399344
"CR-Kp","Model B","Precipitation",944.344422700587,0.000661002378739264,0.183097339067682
"CR-Kp","Model B","Precipitation",950.857142857143,0.000641365017372377,0.177657799471099
"CR-Kp","Model B","Precipitation",957.369863013699,0.000623163230261831,0.172615913248883
"CR-Kp","Model B","Precipitation",963.882583170254,0.000606407548546362,0.167974597521368
"CR-Kp","Model B","Precipitation",970.39530332681,0.000590920754143346,0.163684762965419
"CR-Kp","Model B","Precipitation",976.908023483366,0.00057669765396366,0.159744971097861
"CR-Kp","Model B","Precipitation",983.420743639922,0.00056372759612373,0.156152271352098
"CR-Kp","Model B","Precipitation",989.933463796477,0.000552015245639828,0.152907955935381
"CR-Kp","Model B","Precipitation",996.446183953033,0.000541830591772719,0.1500868117423
"CR-Kp","Model B","Precipitation",1002.95890410959,0.000532799256514568,0.147585136245837
"CR-Kp","Model B","Precipitation",1009.47162426614,0.000524879077907357,0.145391250604023
"CR-Kp","Model B","Precipitation",1015.9843444227,0.000518023397583064,0.143492230471492
"CR-Kp","Model B","Precipitation",1022.49706457926,0.000512181207565949,0.141873946663646
"CR-Kp","Model B","Precipitation",1029.00978473581,0.000507448178948044,0.140562900026684
"CR-Kp","Model B","Precipitation",1035.52250489237,0.000503666712052481,0.139515435526374
"CR-Kp","Model B","Precipitation",1042.03522504892,0.000500662123580869,0.138683165973585
"CR-Kp","Model B","Precipitation",1048.54794520548,0.000498364614607127,0.138046757099568
"CR-Kp","Model B","Precipitation",1055.06066536204,0.00049670275137559,0.137586421788568
"CR-Kp","Model B","Precipitation",1061.57338551859,0.000495624583690336,0.137287769861452
"CR-Kp","Model B","Precipitation",1068.08610567515,0.000495111268792323,0.137145581883083
"CR-Kp","Model B","Precipitation",1074.5988258317,0.000494953574830827,0.137101900732053
"CR-Kp","Model B","Precipitation",1081.11154598826,0.000495079852825108,0.137136879675365
"CR-Kp","Model B","Precipitation",1087.62426614481,0.000495420199525495,0.137231155546687
"CR-Kp","Model B","Precipitation",1094.13698630137,0.000495906684656143,0.137365911692478
"CR-Kp","Model B","Precipitation",1100.64970645793,0.000496469648493954,0.137521852403147
"CR-Kp","Model B","Precipitation",1107.16242661448,0.000497011688639348,0.137671997261141
"CR-Kp","Model B","Precipitation",1113.67514677104,0.000497475728389595,0.137800536047422
"CR-Kp","Model B","Precipitation",1120.18786692759,0.000497814313229194,0.137894323884158
"CR-Kp","Model B","Precipitation",1126.70058708415,0.000497984314680277,0.137941414203848
"CR-Kp","Model B","Precipitation",1133.2133072407,0.000497928181735875,0.13792586540541
"CR-Kp","Model B","Precipitation",1139.72602739726,0.000497565018076824,0.137825269247579
"CR-Kp","Model B","Precipitation",1146.23874755382,0.00049692036570695,0.137646700853056
"CR-Kp","Model B","Precipitation",1152.75146771037,0.000495978981588228,0.137385937907683
"CR-Kp","Model B","Precipitation",1159.26418786693,0.000494729950208959,0.137039956820002
"CR-Kp","Model B","Precipitation",1165.77690802348,0.000493166583134478,0.136606904896846
"CR-Kp","Model B","Precipitation",1172.28962818004,0.0004912142858543,0.136066119494906
"CR-Kp","Model B","Precipitation",1178.80234833659,0.000488936664731645,0.135435219546017
"CR-Kp","Model B","Precipitation",1185.31506849315,0.00048636139036111,0.134721869791492
"CR-Kp","Model B","Precipitation",1191.82778864971,0.000483500502922459,0.1339294053553
"CR-Kp","Model B","Precipitation",1198.34050880626,0.00048036779918017,0.133061647934525
"CR-Kp","Model B","Precipitation",1204.85322896282,0.000476954759198747,0.132116237511159
"CR-Kp","Model B","Precipitation",1211.36594911937,0.000473267935937951,0.131094989251883
"CR-Kp","Model B","Precipitation",1217.87866927593,0.00046937112823121,0.130015575402687
"CR-Kp","Model B","Precipitation",1224.39138943249,0.000465279783952377,0.128882275017153
"CR-Kp","Model B","Precipitation",1230.90410958904,0.000461008243005548,0.127699060241777
"CR-Kp","Model B","Precipitation",1237.4168297456,0.000456569575681086,0.126469551540665
"CR-Kp","Model B","Precipitation",1243.92954990215,0.000451937805240367,0.125186553369788
"CR-Kp","Model B","Precipitation",1250.44227005871,0.000447159123833245,0.123862860932303
"CR-Kp","Model B","Precipitation",1256.95499021526,0.000442241049955308,0.122500556847852
"CR-Kp","Model B","Precipitation",1263.46771037182,0.000437184857598071,0.121099994011467
"CR-Kp","Model B","Precipitation",1269.98043052838,0.000431989798836971,0.119660965248406
"CR-Kp","Model B","Precipitation",1276.49315068493,0.00042663315195976,0.11817717665537
"CR-Kp","Model B","Precipitation",1283.00587084149,0.000421101501319545,0.116644912104663
"CR-Kp","Model B","Precipitation",1289.51859099804,0.000415408970696035,0.115068083876429
"CR-Kp","Model B","Precipitation",1296.0313111546,0.000409546722467811,0.113444243953811
"CR-Kp","Model B","Precipitation",1302.54403131115,0.000403505685461439,0.111770879626158
"CR-Kp","Model B","Precipitation",1309.05675146771,0.00039727644356942,0.110045382636249
"CR-Kp","Model B","Precipitation",1315.56947162427,0.000390790312371341,0.108248727432863
"CR-Kp","Model B","Precipitation",1322.08219178082,0.000384096149221993,0.106394447479638
"CR-Kp","Model B","Precipitation",1328.59491193738,0.000377190765583272,0.10448165955306
"CR-Kp","Model B","Precipitation",1335.10763209393,0.00037007320454654,0.102510098589902
"CR-Kp","Model B","Precipitation",1341.62035225049,0.00036274485587466,0.100480149553802
"CR-Kp","Model B","Precipitation",1348.13307240704,0.000355178938331136,0.0983843940552105
"CR-Kp","Model B","Precipitation",1354.6457925636,0.00034739747396155,0.0962289321900979
"CR-Kp","Model B","Precipitation",1361.15851272016,0.000339442480412502,0.0940254028262411
"CR-Kp","Model B","Precipitation",1367.67123287671,0.000331332370232586,0.0917789062306909
"CR-Kp","Model B","Precipitation",1374.18395303327,0.000323088249343633,0.089495288733582
"CR-Kp","Model B","Precipitation",1380.69667318982,0.000314731738232965,0.0871805391994408
"CR-Kp","Model B","Precipitation",1387.20939334638,0.000306286855076638,0.0848413106514133
"CR-Kp","Model B","Precipitation",1393.72211350294,0.000297813558234281,0.0824942115261043
"CR-Kp","Model B","Precipitation",1400.23483365949,0.00028934423184408,0.0801482122141211
"CR-Kp","Model B","Precipitation",1406.74755381605,0.00028091176620306,0.0778124233118252
"CR-Kp","Model B","Precipitation",1413.2602739726,0.000272549344326593,0.0754960364984179
"CR-Kp","Model B","Precipitation",1419.77299412916,0.000264319714049029,0.0732164328936522
"CR-Kp","Model B","Precipitation",1426.28571428571,0.000256261408571342,0.0709842861755523
"CR-Kp","Model B","Precipitation",1432.79843444227,0.000248391482898455,0.0688043205722296
"CR-Kp","Model B","Precipitation",1439.31115459883,0.000240735929934997,0.066683736105689
"CR-Kp","Model B","Precipitation",1445.82387475538,0.000233318351445243,0.0646290704532144
"CR-Kp","Model B","Precipitation",1452.33659491194,0.00022617641434233,0.0626507573315185
"CR-Kp","Model B","Precipitation",1458.84931506849,0.000219382068225463,0.0607687267447663
"CR-Kp","Model B","Precipitation",1465.36203522505,0.00021288379741206,0.0589687088738102
"CR-Kp","Model B","Precipitation",1471.8747553816,0.000206686960383857,0.0572521880154976
"CR-Kp","Model B","Precipitation",1478.38747553816,0.000200793767326858,0.0556197763902827
"CR-Kp","Model B","Precipitation",1484.90019569472,0.000195203326420393,0.0540712269642714
"CR-Kp","Model B","Precipitation",1491.41291585127,0.000189973164447809,0.0526224746286149
"CR-Kp","Model B","Precipitation",1497.92563600783,0.000185045281727243,0.0512574534995015
"CR-Kp","Model B","Precipitation",1504.43835616438,0.000180384658672598,0.0499664631685277
"CR-Kp","Model B","Precipitation",1510.95107632094,0.000175975871992918,0.048745231391562
"CR-Kp","Model B","Precipitation",1517.46379647749,0.000171802057625548,0.0475890868314084
"CR-Kp","Model B","Precipitation",1523.97651663405,0.000167861465152766,0.0464975446232056
"CR-Kp","Model B","Precipitation",1530.48923679061,0.000164146012437006,0.0454683660187577
"CR-Kp","Model B","Precipitation",1537.00195694716,0.000160592851543025,0.0444841421704139
"CR-Kp","Model B","Precipitation",1543.51467710372,0.000157183187869539,0.0435396669827121
"CR-Kp","Model B","Precipitation",1550.02739726027,0.000153899016276809,0.0426299530406574
"CR-Kp","Model B","Precipitation",1556.54011741683,0.000150723254016932,0.0417502684313461
"CR-Kp","Model B","Precipitation",1563.05283757339,0.0001476573242215,0.0409010073615407
"CR-Kp","Model B","Precipitation",1569.56555772994,0.000144665003168356,0.0400721358777318
"CR-Kp","Model B","Precipitation",1576.0782778865,0.00014173321875879,0.0392600330149017
"CR-Kp","Model B","Precipitation",1582.59099804305,0.000138854574707312,0.0384626500055486
"CR-Kp","Model B","Precipitation",1589.10371819961,0.000136023555982002,0.0376784591884994
"CR-Kp","Model B","Precipitation",1595.61643835616,0.000133241669960255,0.0369078781065629
"CR-Kp","Model B","Precipitation",1602.12915851272,0.000130511400609599,0.0361515948175428
"CR-Kp","Model B","Precipitation",1608.64187866928,0.00012782859566144,0.0354084591450471
"CR-Kp","Model B","Precipitation",1615.15459882583,0.000125198108583007,0.0346798154971505
"CR-Kp","Model B","Precipitation",1621.66731898239,0.000122626051097312,0.0339673568181696
"CR-Kp","Model B","Precipitation",1628.18003913894,0.00012011970764481,0.0332731008945856
"CR-Kp","Model B","Precipitation",1634.6927592955,0.000117712632453825,0.0326063422314083
"CR-Kp","Model B","Precipitation",1641.20547945205,0.000115398266478888,0.0319652639762165
"CR-Kp","Model B","Precipitation",1647.71819960861,0.000113185462664478,0.0313523183903474
"CR-Kp","Model B","Precipitation",1654.23091976517,0.000111084031521015,0.0307702229804399
"CR-Kp","Model B","Precipitation",1660.74363992172,0.000109103525596472,0.0302216237976606
"CR-Kp","Model B","Precipitation",1667.25636007828,0.000107273767058125,0.0297147815679143
"CR-Kp","Model B","Precipitation",1673.76908023483,0.000105607068632276,0.0292531069104293
"CR-Kp","Model B","Precipitation",1680.28180039139,0.000104089930313159,0.0288328603301405
"CR-Kp","Model B","Precipitation",1686.79452054795,0.000102726646793065,0.0284552314547344
"CR-Kp","Model B","Precipitation",1693.3072407045,0.000101520200729024,0.0281210464787653
"CR-Kp","Model B","Precipitation",1699.81996086106,0.000100474469272098,0.0278313793712009
"CR-Kp","Model B","Precipitation",1706.33268101761,9.96292427582909e-05,0.0275972520358611
"CR-Kp","Model B","Precipitation",1712.84540117417,9.89365185164237e-05,0.0274053677560564
"CR-Kp","Model B","Precipitation",1719.35812133072,9.83905092856227e-05,0.0272541234633252
"CR-Kp","Model B","Precipitation",1725.87084148728,9.79840627516616e-05,0.0271415379700877
"CR-Kp","Model B","Precipitation",1732.38356164384,9.77087039827713e-05,0.0270652637243445
"CR-Kp","Model B","Precipitation",1738.89628180039,9.75722948709995e-05,0.0270274784663888
"CR-Kp","Model B","Precipitation",1745.40900195695,9.75492804176154e-05,0.0270211034739375
"CR-Kp","Model B","Precipitation",1751.9217221135,9.76123889717868e-05,0.0270385845129063
"CR-Kp","Model B","Precipitation",1758.43444227006,9.77476394589921e-05,0.0270760488324177
"CR-Kp","Model B","Precipitation",1764.94716242661,9.79406730077397e-05,0.0271295190320165
"CR-Kp","Model B","Precipitation",1771.45988258317,9.8177771383794e-05,0.0271951951674574
"CR-Kp","Model B","Precipitation",1777.97260273973,9.84418973130894e-05,0.0272683579220681
"CR-Kp","Model B","Precipitation",1784.48532289628,9.870871543098e-05,0.0273422664116169
"CR-Kp","Model B","Precipitation",1790.99804305284,9.89650476236861e-05,0.0274132703049635
"CR-Kp","Model B","Precipitation",1797.51076320939,9.91985060093943e-05,0.0274779381648398
"CR-Kp","Model B","Precipitation",1804.02348336595,9.9397559898716e-05,0.0275330759958646
"CR-Kp","Model B","Precipitation",1810.5362035225,9.95397681752357e-05,0.0275724676196494
"CR-Kp","Model B","Precipitation",1817.04892367906,9.96182487477702e-05,0.0275942067002666
"CR-Kp","Model B","Precipitation",1823.56164383562,9.96315318572706e-05,0.0275978861151708
"CR-Kp","Model B","Precipitation",1830.07436399217,9.95753445415274e-05,0.0275823222558976
"CR-Kp","Model B","Precipitation",1836.58708414873,9.94467329679853e-05,0.0275466969122585
"CR-Kp","Model B","Precipitation",1843.09980430528,9.92388313561903e-05,0.0274891082663899
"CR-Kp","Model B","Precipitation",1849.61252446184,9.89419729965383e-05,0.0274068786444088
"CR-Kp","Model B","Precipitation",1856.1252446184,9.8575430219137e-05,0.0273053464724299
"CR-Kp","Model B","Precipitation",1862.63796477495,9.81431843027995e-05,0.0271856145627578
"CR-Kp","Model B","Precipitation",1869.15068493151,9.764997362928e-05,0.0270489954448456
"CR-Kp","Model B","Precipitation",1875.66340508806,9.71012224345757e-05,0.02689699162944
"CR-Kp","Model B","Precipitation",1882.17612524462,9.64941518880382e-05,0.0267288333817959
"CR-Kp","Model B","Precipitation",1888.68884540117,9.58466374914573e-05,0.0265494722072596
"CR-Kp","Model B","Precipitation",1895.20156555773,9.51678942701248e-05,0.0263614606633779
"CR-Kp","Model B","Precipitation",1901.71428571429,9.44640086699756e-05,0.0261664846927298
"CR-Kp","Model B","Precipitation",1908.22700587084,9.37406588456052e-05,0.0259661171413907
"CR-Kp","Model B","Precipitation",1914.7397260274,9.30021905824311e-05,0.0257615617898185
"CR-Kp","Model B","Precipitation",1921.25244618395,9.22537208923378e-05,0.0255542360478291
"CR-Kp","Model B","Precipitation",1927.76516634051,9.14997620777122e-05,0.0253453898210002
"CR-Kp","Model B","Precipitation",1934.27788649706,9.07412096259641e-05,0.0251352711589112
"CR-Kp","Model B","Precipitation",1940.79060665362,8.99779589171705e-05,0.024923851081894
"CR-Kp","Model B","Precipitation",1947.30332681018,8.92088978086557e-05,0.0247108215269655
"CR-Kp","Model B","Precipitation",1953.81604696673,8.84278564231123e-05,0.024494473441097
"CR-Kp","Model B","Precipitation",1960.32876712329,8.76308589092465e-05,0.0242737055154041
"CR-Kp","Model B","Precipitation",1966.84148727984,8.68125761209579e-05,0.0240470415789954
"CR-Kp","Model B","Precipitation",1973.3542074364,8.59668019630662e-05,0.0238127625465091
"CR-Kp","Model B","Precipitation",1979.86692759295,8.50868082142927e-05,0.0235690047039066
"CR-Kp","Model B","Precipitation",1986.37964774951,8.41585165558309e-05,0.0233118683636906
"CR-Kp","Model B","Precipitation",1992.89236790607,8.31683026328831e-05,0.0230375795861747
"CR-Kp","Model B","Precipitation",1999.40508806262,8.21157153343911e-05,0.022746013413814
"CR-Kp","Model B","Precipitation",2005.91780821918,8.09938526338946e-05,0.0224352579886187
"CR-Kp","Model B","Precipitation",2012.43052837573,7.9796303519678e-05,0.0221035374634458
"CR-Kp","Model B","Precipitation",2018.94324853229,7.85172194869792e-05,0.0217492318053062
"CR-Kp","Model B","Precipitation",2025.45596868885,7.71248421462704e-05,0.0213635439556676
"CR-Kp","Model B","Precipitation",2031.9686888454,7.56402121719801e-05,0.0209523021711658
"CR-Kp","Model B","Precipitation",2038.48140900196,7.40623044421941e-05,0.0205152224935265
"CR-Kp","Model B","Precipitation",2044.99412915851,7.23911175401899e-05,0.0200523045303184
"CR-Kp","Model B","Precipitation",2051.50684931507,7.06278147846845e-05,0.019563870520263
"CR-Kp","Model B","Precipitation",2058.01956947162,6.87618223317967e-05,0.0190469915137218
"CR-Kp","Model B","Precipitation",2064.53228962818,6.68030412576286e-05,0.0185044101039841
"CR-Kp","Model B","Precipitation",2071.04500978474,6.47701900559546e-05,0.017941311304768
"CR-Kp","Model B","Precipitation",2077.55772994129,6.26712466811385e-05,0.017359905005572
"CR-Kp","Model B","Precipitation",2084.07045009785,6.05151040464654e-05,0.0167626545390729
"CR-Kp","Model B","Precipitation",2090.5831702544,5.83106685740603e-05,0.0161520269798898
"CR-Kp","Model B","Precipitation",2097.09589041096,5.60663730262541e-05,0.0155303581991079
"CR-Kp","Model B","Precipitation",2103.60861056751,5.38066616473682e-05,0.0149044192405763
"CR-Kp","Model B","Precipitation",2110.12133072407,5.15437749305401e-05,0.0142776007149712
"CR-Kp","Model B","Precipitation",2116.63405088063,4.92900242573213e-05,0.0136533128690251
"CR-Kp","Model B","Precipitation",2123.14677103718,4.70577245004377e-05,0.0130349669165243
"CR-Kp","Model B","Precipitation",2129.65949119374,4.48689764752951e-05,0.0124286847726422
"CR-Kp","Model B","Precipitation",2136.17221135029,4.27385428117714e-05,0.0118385556787115
"CR-Kp","Model B","Precipitation",2142.68493150685,4.06730184754596e-05,0.0112664064370105
"CR-Kp","Model B","Precipitation",2149.1976516634,3.86820292109256e-05,0.0107149033741262
"CR-Kp","Model B","Precipitation",2155.71037181996,3.67744012923181e-05,0.0101864913637271
"CR-Kp","Model B","Precipitation",2162.22309197652,3.49637355053594e-05,0.00968493781687697
"CR-Kp","Model B","Precipitation",2168.73581213307,3.32771833295643e-05,0.00921776368026361
"CR-Kp","Model B","Precipitation",2175.24853228963,3.16971473112085e-05,0.00878009446772035
"CR-Kp","Model B","Precipitation",2181.76125244618,3.02264173980404e-05,0.00837270299342348
"CR-Kp","Model B","Precipitation",2188.27397260274,2.88667098687067e-05,0.0079960646657277
"CR-Kp","Model B","Precipitation",2194.7866927593,2.76186738396662e-05,0.00765035928957798
"CR-Kp","Model B","Precipitation",2201.29941291585,2.65048780752111e-05,0.0073418384017628
"CR-Kp","Model B","Precipitation",2207.81213307241,2.55059392284329e-05,0.00706513282456765
"CR-Kp","Model B","Precipitation",2214.32485322896,2.46094291261417e-05,0.00681679996003258
"CR-Kp","Model B","Precipitation",2220.83757338552,2.38104472746635e-05,0.00659548237378113
"CR-Kp","Model B","Precipitation",2227.35029354207,2.31034197300221e-05,0.00639963608602904
"CR-Kp","Model B","Precipitation",2233.86301369863,2.24884845553081e-05,0.00622929934018555
"CR-Kp","Model B","Precipitation",2240.37573385519,2.19639501841443e-05,0.0060840035731827
"CR-Kp","Model B","Precipitation",2246.88845401174,2.15047680348943e-05,0.00595681034002761
"CR-Kp","Model B","Precipitation",2253.4011741683,2.11033026322948e-05,0.00584560461776695
"CR-Kp","Model B","Precipitation",2259.91389432485,2.075195407962e-05,0.00574828123868512
"CR-Kp","Model B","Precipitation",2266.42661448141,2.04432088338168e-05,0.00566275895499201
"CR-Kp","Model B","Precipitation",2272.93933463796,2.01754966557329e-05,0.00558860281120222
"CR-Kp","Model B","Precipitation",2279.45205479452,1.99326614409562e-05,0.00552133757421116
"CR-Kp","Model B","Precipitation",2285.96477495108,1.97075190812091e-05,0.00545897324950218
"CR-Kp","Model B","Precipitation",2292.47749510763,1.94949899417153e-05,0.00540010278070013
"CR-Kp","Model B","Precipitation",2298.99021526419,1.92905980216526e-05,0.00534348631774306
"CR-Kp","Model B","Precipitation",2305.50293542074,1.90905365987944e-05,0.00528806940041624
"CR-Kp","Model B","Precipitation",2312.0156555773,1.88908655540738e-05,0.00523276061764464
"CR-Kp","Model B","Precipitation",2318.52837573386,1.86897904691547e-05,0.00517706291641743
"CR-Kp","Model B","Precipitation",2325.04109589041,1.84868329178575e-05,0.00512084377291435
"CR-Kp","Model B","Precipitation",2331.55381604697,1.82821129246626e-05,0.00506413643385844
"CR-Kp","Model B","Precipitation",2338.06653620352,1.80763293483286e-05,0.00500713448278763
"CR-Kp","Model B","Precipitation",2344.57925636008,1.78718650682152e-05,0.00495049797613154
"CR-Kp","Model B","Precipitation",2351.09197651663,1.76715744215564e-05,0.00489501756392287
"CR-Kp","Model B","Precipitation",2357.60469667319,1.74780803967847e-05,0.00484141981268819
"CR-Kp","Model B","Precipitation",2364.11741682975,1.72941541926085e-05,0.00479047234312882
"CR-Kp","Model B","Precipitation",2370.6301369863,1.71226550559841e-05,0.00474296716526815
"CR-Kp","Model B","Precipitation",2377.14285714286,1.69692649295779e-05,0.00470047817447542
"CR-Kp","Model B","Precipitation",2383.65557729941,1.68383392710456e-05,0.00466421183041375
"CR-Kp","Model B","Precipitation",2390.16829745597,1.67296496864093e-05,0.00463410486806175
"CR-Kp","Model B","Precipitation",2396.68101761252,1.66449130070224e-05,0.00461063284887363
"CR-Kp","Model B","Precipitation",2403.19373776908,1.65854264807081e-05,0.00459415510986865
"CR-Kp","Model B","Precipitation",2409.70645792564,1.65523365628067e-05,0.00458498921862137
"CR-Kp","Model B","Precipitation",2416.21917808219,1.65525632602752e-05,0.00458505201371044
"CR-Kp","Model B","Precipitation",2422.73189823875,1.65775255249292e-05,0.00459196654894098
"CR-Kp","Model B","Precipitation",2429.2446183953,1.66253513067593e-05,0.00460521426736617
"CR-Kp","Model B","Precipitation",2435.75733855186,1.66936361605816e-05,0.00462412913883355
"CR-Kp","Model B","Precipitation",2442.27005870841,1.6779457746859e-05,0.0046479016767054
"CR-Kp","Model B","Precipitation",2448.78277886497,1.68805800420435e-05,0.00467591250354088
"CR-Kp","Model B","Precipitation",2455.29549902153,1.69895666675006e-05,0.0047061017460565
"CR-Kp","Model B","Precipitation",2461.80821917808,1.70999465050047e-05,0.00473667690763497
"CR-Kp","Model B","Precipitation",2468.32093933464,1.72066330047594e-05,0.00476622901644403
"CR-Kp","Model B","Precipitation",2474.83365949119,1.73044067452823e-05,0.0047933122952585
"CR-Kp","Model B","Precipitation",2481.34637964775,1.73870749918025e-05,0.00481621135954344
"CR-Kp","Model B","Precipitation",2487.85909980431,1.74423682138308e-05,0.00483152755529022
"CR-Kp","Model B","Precipitation",2494.37181996086,1.74690484478204e-05,0.00483891796719541
"CR-Kp","Model B","Precipitation",2500.88454011742,1.74626005665107e-05,0.0048371319071926
"CR-Kp","Model B","Precipitation",2507.39726027397,1.74188842672246e-05,0.00482502251344361
"CR-Kp","Model B","Precipitation",2513.90998043053,1.73341625521253e-05,0.00480155463935589
"CR-Kp","Model B","Precipitation",2520.42270058708,1.71955897721445e-05,0.00476317004635324
"CR-Kp","Model B","Precipitation",2526.93542074364,1.70047721269943e-05,0.00471031365097868
"CR-Kp","Model B","Precipitation",2533.4481409002,1.6764741159613e-05,0.00464382518915926
"CR-Kp","Model B","Precipitation",2539.96086105675,1.64750659471729e-05,0.00456358529548018
"CR-Kp","Model B","Precipitation",2546.47358121331,1.61359097216782e-05,0.00446963918512767
"CR-Kp","Model B","Precipitation",2552.98630136986,1.57448686271395e-05,0.00436132099115579
"CR-Kp","Model B","Precipitation",2559.49902152642,1.52976432731153e-05,0.00423743978449265
"CR-Kp","Model B","Precipitation",2566.01174168297,1.48079001050285e-05,0.0041017811639075
"CR-Kp","Model B","Precipitation",2572.52446183953,1.42789817721691e-05,0.00395527104163626
"CR-Kp","Model B","Precipitation",2579.03718199609,1.37146069364923e-05,0.00379893948524113
"CR-Kp","Model B","Precipitation",2585.54990215264,1.31188436194076e-05,0.00363391333468416
"CR-Kp","Model B","Precipitation",2592.0626223092,1.24918151560607e-05,0.00346022675374103
"CR-Kp","Model B","Precipitation",2598.57534246575,1.18449073117133e-05,0.00328103359387986
"CR-Kp","Model B","Precipitation",2605.08806262231,1.11846273792064e-05,0.00309813637206899
"CR-Kp","Model B","Precipitation",2611.60078277886,1.05158835921202e-05,0.00291289466663509
"CR-Kp","Model B","Precipitation",2618.11350293542,9.84353391833419e-06,0.00272665413233013
"CR-Kp","Model B","Precipitation",2624.62622309198,9.17314194029736e-06,0.00254095587880042
"CR-Kp","Model B","Precipitation",2631.13894324853,8.51235217900546e-06,0.00235791743466278
"CR-Kp","Model B","Precipitation",2637.65166340509,7.86477729108807e-06,0.00217853950405552
"CR-Kp","Model B","Precipitation",2644.16438356164,7.23407382884759e-06,0.00200383495019709
"CR-Kp","Model B","Precipitation",2650.6771037182,6.62359609953309e-06,0.00183473291457241
"CR-Kp","Model B","Precipitation",2657.18982387476,6.03638750693108e-06,0.00167207641855771
"CR-Kp","Model B","Precipitation",2663.70254403131,5.48272844825286e-06,0.0015187131272061
"CR-Kp","Model B","Precipitation",2670.21526418787,4.95950569518805e-06,0.00137378067778201
"CR-Kp","Model B","Precipitation",2676.72798434442,4.46723371106274e-06,0.00123742157637783
"CR-Kp","Model B","Precipitation",2683.24070450098,4.00701596131019e-06,0.00110994148238463
"CR-Kp","Model B","Precipitation",2689.75342465753,3.57967036152959e-06,0.000991566958027621
"CR-Kp","Model B","Precipitation",2696.26614481409,3.189966595628e-06,0.000883619203441127
"CR-Kp","Model B","Precipitation",2702.77886497065,2.83929400441187e-06,0.00078648306535626
"CR-Kp","Model B","Precipitation",2709.2915851272,2.52186748172331e-06,0.00069855607216656
"CR-Kp","Model B","Precipitation",2715.80430528376,2.2372432240631e-06,0.000619715290517491
"CR-Kp","Model B","Precipitation",2722.31702544031,1.9848598720587e-06,0.000549805224134484
"CR-Kp","Model B","Precipitation",2728.82974559687,1.76405160999464e-06,0.000488641442386525
"CR-Kp","Model B","Precipitation",2735.34246575342,1.58243271237922e-06,0.000438333095628054
"CR-Kp","Model B","Precipitation",2741.85518590998,1.4302736357213e-06,0.000396185105019915
"CR-Kp","Model B","Precipitation",2748.36790606654,1.30661823760649e-06,0.000361932619575976
"CR-Kp","Model B","Precipitation",2754.88062622309,1.210672608658e-06,0.000335355726783017
"CR-Kp","Model B","Precipitation",2761.39334637965,1.14167473364638e-06,0.000316243348791204
"CR-Kp","Model B","Precipitation",2767.9060665362,1.10280847946272e-06,0.000305477415188772
"CR-Kp","Model B","Precipitation",2774.41878669276,1.09258096590096e-06,0.000302644398881013
"CR-Kp","Model B","Precipitation",2780.93150684931,1.10697217961558e-06,0.000306630758116402
"CR-Kp","Model B","Precipitation",2787.44422700587,1.14553598822236e-06,0.000317312914440383
"CR-Kp","Model B","Precipitation",2793.95694716243,1.20787181912602e-06,0.000334579909437892
"CR-Kp","Model B","Precipitation",2800.46966731898,1.29417806127978e-06,0.000358486696752976
"CR-Kp","Model B","Precipitation",2806.98238747554,1.40954287437107e-06,0.000390442694157017
"CR-Kp","Model B","Precipitation",2813.49510763209,1.54744551186054e-06,0.000428641658013842
"CR-Kp","Model B","Precipitation",2820.00782778865,1.70754432519277e-06,0.000472988951838918
"CR-Kp","Model B","Precipitation",2826.52054794521,1.88945188654625e-06,0.000523377258313156
"CR-Kp","Model B","Precipitation",2833.03326810176,2.09272664330168e-06,0.000579684267574663
"CR-Kp","Model B","Precipitation",2839.54598825832,2.32047267726844e-06,0.000642769808782646
"CR-Kp","Model B","Precipitation",2846.05870841487,2.5699777463295e-06,0.000711882592183079
"CR-Kp","Model B","Precipitation",2852.57142857143,2.83808816476662e-06,0.000786149048358003
"CR-Kp","Model B","Precipitation",2859.08414872798,3.12370370605068e-06,0.000865264415091222
"CR-Kp","Model B","Precipitation",2865.59686888454,3.4255768691725e-06,0.000948883135206831
"CR-Kp","Model B","Precipitation",2872.1095890411,3.74296240756482e-06,0.0010367987757663
"CR-Kp","Model B","Precipitation",2878.62230919765,4.07563781692135e-06,0.00112894970318446
"CR-Kp","Model B","Precipitation",2885.13502935421,4.41808521190703e-06,0.00122380746589347
"CR-Kp","Model B","Precipitation",2891.64774951076,4.76814515618829e-06,0.00132077390107382
"CR-Kp","Model B","Precipitation",2898.16046966732,5.12353896156497e-06,0.00141921781319668
"CR-Kp","Model B","Precipitation",2904.67318982387,5.4818774576559e-06,0.00151847740322252
"CR-Kp","Model B","Precipitation",2911.18590998043,5.83982409812282e-06,0.00161762844943011
"CR-Kp","Model B","Precipitation",2917.69863013699,6.19349085759769e-06,0.00171559397067385
"CR-Kp","Model B","Precipitation",2924.21135029354,6.54031743948311e-06,0.0018116647660351
"CR-Kp","Model B","Precipitation",2930.7240704501,6.87778331233549e-06,0.00190514264952362
"CR-Kp","Model B","Precipitation",2937.23679060665,7.20345042209577e-06,0.00199535228134476
"CR-Kp","Model B","Precipitation",2943.74951076321,7.51357471504732e-06,0.00208125656043068
"CR-Kp","Model B","Precipitation",2950.26223091976,7.80288866022246e-06,0.00216139638325216
"CR-Kp","Model B","Precipitation",2956.77495107632,8.07283366538913e-06,0.00223617101906346
"CR-Kp","Model B","Precipitation",2963.28767123288,8.3221473660372e-06,0.00230523079350609
"CR-Kp","Model B","Precipitation",2969.80039138943,8.54986348466088e-06,0.00236830804817852
"CR-Kp","Model B","Precipitation",2976.31311154599,8.75532256284534e-06,0.00242522011341893
"CR-Kp","Model B","Precipitation",2982.82583170254,8.93293423933937e-06,0.00247441846186577
"CR-Kp","Model B","Precipitation",2989.3385518591,9.08766472091535e-06,0.00251727873039197
"CR-Kp","Model B","Precipitation",2995.85127201566,9.22168562910138e-06,0.00255440245711002
"CR-Kp","Model B","Precipitation",3002.36399217221,9.33640015871361e-06,0.00258617832630502
"CR-Kp","Model B","Precipitation",3008.87671232877,9.43353082512788e-06,0.00261308347390258
"CR-Kp","Model B","Precipitation",3015.38943248532,9.51383719885091e-06,0.00263532830056555
"CR-Kp","Model B","Precipitation",3021.90215264188,9.58048848165424e-06,0.00265379067365112
"CR-Kp","Model B","Precipitation",3028.41487279843,9.63917003135122e-06,0.0026700454345226
"CR-Kp","Model B","Precipitation",3034.92759295499,9.69295111021162e-06,0.00268494276734357
"CR-Kp","Model B","Precipitation",3041.44031311155,9.74497847815197e-06,0.00269935432308826
"CR-Kp","Model B","Precipitation",3047.9530332681,9.79845273540988e-06,0.0027141666664738
"CR-Kp","Model B","Precipitation",3054.46575342466,9.85930529049909e-06,0.00273102279478842
"CR-Kp","Model B","Precipitation",3060.97847358121,9.93038272284415e-06,0.00275071120915535
"CR-Kp","Model B","Precipitation",3067.49119373777,1.00142418530566e-05,0.00277394014764679
"CR-Kp","Model B","Precipitation",3074.00391389432,1.01133005012476e-05,0.0028013793452636
"CR-Kp","Model B","Precipitation",3080.51663405088,1.02297006534384e-05,0.00283362213109723
"CR-Kp","Model B","Precipitation",3087.02935420744,1.03681967869458e-05,0.00287198549306385
"CR-Kp","Model B","Precipitation",3093.54207436399,1.05308056568876e-05,0.00291702807135523
"CR-Kp","Model B","Precipitation",3100.05479452055,1.07148787698481e-05,0.00296801623457674
"CR-Kp","Model B","Precipitation",3106.5675146771,1.09202635127398e-05,0.00302490770897702
"CR-Kp","Model B","Precipitation",3113.08023483366,1.11463815345675e-05,0.00308754229161024
"CR-Kp","Model B","Precipitation",3119.59295499022,1.13923725881398e-05,0.00315568169442063
"CR-Kp","Model B","Precipitation",3126.10567514677,1.16605233221453e-05,0.00322995931798851
"CR-Kp","Model B","Precipitation",3132.61839530333,1.19426618296788e-05,0.00330811154805528
"CR-Kp","Model B","Precipitation",3139.13111545988,1.22358460671956e-05,0.00338932343998264
"CR-Kp","Model B","Precipitation",3145.64383561644,1.25368433385939e-05,0.00347269953851467
"CR-Kp","Model B","Precipitation",3152.15655577299,1.28421501425422e-05,0.00355726937547776
"CR-Kp","Model B","Precipitation",3158.66927592955,1.31469780632469e-05,0.00364170656201407
"CR-Kp","Model B","Precipitation",3165.18199608611,1.34449034744101e-05,0.00372423175674736
"CR-Kp","Model B","Precipitation",3171.69471624266,1.37317465729858e-05,0.00380368715625639
"CR-Kp","Model B","Precipitation",3178.20743639922,1.40033005114789e-05,0.00387890746582059
"CR-Kp","Model B","Precipitation",3184.72015655577,1.42554048337853e-05,0.00394874024111226
"CR-Kp","Model B","Precipitation",3191.23287671233,1.44828892082662e-05,0.00401175330276927
"CR-Kp","Model B","Precipitation",3197.74559686888,1.46738884957708e-05,0.00406466001298809
"CR-Kp","Model B","Precipitation",3204.25831702544,1.48310713621982e-05,0.0041081995909315
"CR-Kp","Model B","Precipitation",3210.771037182,1.49514158086555e-05,0.00414153494436838
"CR-Kp","Model B","Precipitation",3217.28375733855,1.5032217785585e-05,0.00416391705287974
"CR-Kp","Model B","Precipitation",3223.79647749511,1.50711038261119e-05,0.00417468846728968
"CR-Kp","Model B","Precipitation",3230.30919765166,1.50570257166949e-05,0.00417078883779322
"CR-Kp","Model B","Precipitation",3236.82191780822,1.49926995310128e-05,0.00415297051548518
"CR-Kp","Model B","Precipitation",3243.33463796477,1.48818338228099e-05,0.00412226076795822
"CR-Kp","Model B","Precipitation",3249.84735812133,1.47244013463538e-05,0.00407865204815764
"CR-Kp","Model B","Precipitation",3256.36007827789,1.45207716849387e-05,0.00402224673047714
"CR-Kp","Model B","Precipitation",3262.87279843444,1.42688649546388e-05,0.00395246868807566
"CR-Kp","Model B","Precipitation",3269.385518591,1.39640153636193e-05,0.00386802549887261
"CR-Kp","Model B","Precipitation",3275.89823874755,1.36185837171087e-05,0.00377234109993521
"CR-Kp","Model B","Precipitation",3282.41095890411,1.32350657245873e-05,0.00366610680158186
"CR-Kp","Model B","Precipitation",3288.92367906067,1.28162223200557e-05,0.00355008738119484
"CR-Kp","Model B","Precipitation",3295.43639921722,1.23650646828405e-05,0.00342511693399053
"CR-Kp","Model B","Precipitation",3301.94911937378,1.1879691905152e-05,0.00329066890943096
"CR-Kp","Model B","Precipitation",3308.46183953033,1.13699574057572e-05,0.00314947269974683
"CR-Kp","Model B","Precipitation",3314.97455968689,1.08414348054629e-05,0.00300307219520463
"CR-Kp","Model B","Precipitation",3321.48727984344,1.02979191483999e-05,0.00285251862119228
"CR-Kp","Model B","Precipitation",3328,9.74321963900479e-06,0.00269886712549555
"CR-Pa","Model B","Temperature",-8.45410579323163,7.61452103954762e-06,3.00915360888488e-05
"CR-Pa","Model B","Temperature",-8.37522475294501,9.24946790647253e-06,3.65526204294003e-05
"CR-Pa","Model B","Temperature",-8.29634371265839,1.1168485889826e-05,4.41363146107299e-05
"CR-Pa","Model B","Temperature",-8.21746267237176,1.34073122869795e-05,5.29838474991037e-05
"CR-Pa","Model B","Temperature",-8.13858163208515,1.60304045809046e-05,6.33499461699294e-05
"CR-Pa","Model B","Temperature",-8.05970059179852,1.91886991162474e-05,7.58310902229672e-05
"CR-Pa","Model B","Temperature",-7.9808195515119,2.28392986332365e-05,9.02577556088623e-05
"CR-Pa","Model B","Temperature",-7.90193851122528,2.70348957406517e-05,0.000106838176244164
"CR-Pa","Model B","Temperature",-7.82305747093866,3.18306299230681e-05,0.000125790255760814
"CR-Pa","Model B","Temperature",-7.74417643065204,3.72976776062404e-05,0.000147395273568659
"CR-Pa","Model B","Temperature",-7.66529539036542,4.37403957176688e-05,0.00017285600623371
"CR-Pa","Model B","Temperature",-7.5864143500788,5.10274241941469e-05,0.000201653336918272
"CR-Pa","Model B","Temperature",-7.50753330979218,5.92267277195331e-05,0.000234055852671547
"CR-Pa","Model B","Temperature",-7.42865226950556,6.84071751001316e-05,0.000270335713509841
"CR-Pa","Model B","Temperature",-7.34977122921894,7.86384647966674e-05,0.000310768358129215
"CR-Pa","Model B","Temperature",-7.27089018893232,9.03585918022835e-05,0.000357084682284561
"CR-Pa","Model B","Temperature",-7.19200914864569,0.000103363005106238,0.000408476328616333
"CR-Pa","Model B","Temperature",-7.11312810835907,0.000117688725438099,0.000465089597937677
"CR-Pa","Model B","Temperature",-7.03424706807245,0.000133399638473241,0.000527176957619306
"CR-Pa","Model B","Temperature",-6.95536602778583,0.000150557115941958,0.000594980940267987
"CR-Pa","Model B","Temperature",-6.87648498749921,0.000169617917687481,0.000670306597735981
"CR-Pa","Model B","Temperature",-6.79760394721259,0.00019038162156889,0.000752361889387354
"CR-Pa","Model B","Temperature",-6.71872290692597,0.00021278024244646,0.000840878147334143
"CR-Pa","Model B","Temperature",-6.63984186663935,0.000236844586013922,0.00093597711142575
"CR-Pa","Model B","Temperature",-6.56096082635273,0.00026259914332795,0.00103775556693757
"CR-Pa","Model B","Temperature",-6.48207978606611,0.000290414196080092,0.00114767681600329
"CR-Pa","Model B","Temperature",-6.40319874577949,0.000320129021951415,0.00126510570620357
"CR-Pa","Model B","Temperature",-6.32431770549286,0.000351533644666953,0.00138921244028352
"CR-Pa","Model B","Temperature",-6.24543666520624,0.000384601947364335,0.00151989380800804
"CR-Pa","Model B","Temperature",-6.16655562491962,0.000419299524696359,0.0016570138441941
"CR-Pa","Model B","Temperature",-6.087674584633,0.000455824563948221,0.00180135575763627
"CR-Pa","Model B","Temperature",-6.00879354434638,0.000494061452479462,0.0019524626631379
"CR-Pa","Model B","Temperature",-5.92991250405976,0.000533684677640906,0.00210904817964112
"CR-Pa","Model B","Temperature",-5.85103146377314,0.00057460681051689,0.00227076680013935
"CR-Pa","Model B","Temperature",-5.77215042348652,0.000616733349425663,0.0024372450670307
"CR-Pa","Model B","Temperature",-5.6932693831999,0.000660071716077017,0.00260851230988784
"CR-Pa","Model B","Temperature",-5.61438834291328,0.000704506662552526,0.00278411308484522
"CR-Pa","Model B","Temperature",-5.53550730262666,0.000749694402856615,0.00296268879710233
"CR-Pa","Model B","Temperature",-5.45662626234004,0.000795503320520427,0.00314371931654175
"CR-Pa","Model B","Temperature",-5.37774522205341,0.000841797900909694,0.00332666910803442
"CR-Pa","Model B","Temperature",-5.29886418176679,0.000888447671957373,0.0035110225639809
"CR-Pa","Model B","Temperature",-5.21998314148017,0.000935242580717696,0.00369594958413387
"CR-Pa","Model B","Temperature",-5.14110210119355,0.000981951023996626,0.00388053490463951
"CR-Pa","Model B","Temperature",-5.06222106090693,0.00102842020300563,0.00406417468577692
"CR-Pa","Model B","Temperature",-4.98334002062031,0.00107449578146471,0.0042462590118711
"CR-Pa","Model B","Temperature",-4.90445898033369,0.00111999661399193,0.00442607202137677
"CR-Pa","Model B","Temperature",-4.82557794004707,0.00116448203105199,0.00460187224911767
"CR-Pa","Model B","Temperature",-4.74669689976045,0.00120795063255416,0.00477365416212847
"CR-Pa","Model B","Temperature",-4.66781585947383,0.00125024046980921,0.00494077776154362
"CR-Pa","Model B","Temperature",-4.58893481918721,0.00129118873336517,0.00510259964688222
"CR-Pa","Model B","Temperature",-4.51005377890059,0.00133063176850909,0.00525847307730845
"CR-Pa","Model B","Temperature",-4.43117273861396,0.0013677940829358,0.00540533341427629
"CR-Pa","Model B","Temperature",-4.35229169832734,0.0014029460331031,0.00554424906918863
"CR-Pa","Model B","Temperature",-4.27341065804072,0.00143594232823037,0.00567464587293555
"CR-Pa","Model B","Temperature",-4.1945296177541,0.00146661862260167,0.00579587435393282
"CR-Pa","Model B","Temperature",-4.11564857746748,0.00149481164137751,0.0059072892725522
"CR-Pa","Model B","Temperature",-4.03676753718086,0.00151958596439002,0.00600519397740963
"CR-Pa","Model B","Temperature",-3.95788649689424,0.00154126846715829,0.0060908802354368
"CR-Pa","Model B","Temperature",-3.87900545660762,0.00155986449712833,0.00616436917900218
"CR-Pa","Model B","Temperature",-3.800124416321,0.00157523786904516,0.00622512262277626
"CR-Pa","Model B","Temperature",-3.72124337603438,0.00158725997257156,0.00627263231645886
"CR-Pa","Model B","Temperature",-3.64236233574776,0.0015950088328321,0.00630325474260573
"CR-Pa","Model B","Temperature",-3.56348129546114,0.00159876208317974,0.0063180870699051
"CR-Pa","Model B","Temperature",-3.48460025517451,0.00159880296718858,0.00631824863786466
"CR-Pa","Model B","Temperature",-3.40571921488789,0.00159508672425104,0.00630356255874177
"CR-Pa","Model B","Temperature",-3.32683817460127,0.00158758598514877,0.00627392067316329
"CR-Pa","Model B","Temperature",-3.24795713431465,0.00157563290238578,0.00622668374001054
"CR-Pa","Model B","Temperature",-3.16907609402803,0.00155942521886402,0.00616263321193678
"CR-Pa","Model B","Temperature",-3.09019505374141,0.00153959194898005,0.00608425486701216
"CR-Pa","Model B","Temperature",-3.01131401345479,0.00151624887644947,0.00599200626649873
"CR-Pa","Model B","Temperature",-2.93243297316817,0.00148953617204975,0.0058864413459607
"CR-Pa","Model B","Temperature",-2.85355193288155,0.00145924096340456,0.00576671886315037
"CR-Pa","Model B","Temperature",-2.77467089259493,0.00142558231573144,0.00563370453356917
"CR-Pa","Model B","Temperature",-2.69578985230831,0.00138942782341955,0.00549082697048586
"CR-Pa","Model B","Temperature",-2.61690881202169,0.00135108172140286,0.00533928846836485
"CR-Pa","Model B","Temperature",-2.53802777173506,0.00131087144878226,0.00518038302133527
"CR-Pa","Model B","Temperature",-2.45914673144844,0.00126906862770321,0.00501518404262306
"CR-Pa","Model B","Temperature",-2.38026569116182,0.00122618243603366,0.0048457037328787
"CR-Pa","Model B","Temperature",-2.3013846508752,0.00118299063276044,0.00467501568826128
"CR-Pa","Model B","Temperature",-2.22250361058858,0.00113995106410984,0.00450492925385898
"CR-Pa","Model B","Temperature",-2.14362257030196,0.00109753629580416,0.00433731194417637
"CR-Pa","Model B","Temperature",-2.06474153001534,0.00105632061053759,0.00417443324515064
"CR-Pa","Model B","Temperature",-1.98586048972872,0.00101751739824302,0.00402108830630802
"CR-Pa","Model B","Temperature",-1.9069794494421,0.000981348619878437,0.00387815428671641
"CR-Pa","Model B","Temperature",-1.82809840915548,0.000948354295385408,0.00374776527064401
"CR-Pa","Model B","Temperature",-1.74921736886886,0.00091907982887319,0.00363207661984654
"CR-Pa","Model B","Temperature",-1.67033632858224,0.00089408851524195,0.00353331439801587
"CR-Pa","Model B","Temperature",-1.59145528829561,0.000875798174753301,0.00346103349708553
"CR-Pa","Model B","Temperature",-1.51257424800899,0.000863421661962863,0.00341212322691183
"CR-Pa","Model B","Temperature",-1.43369320772237,0.000857524602584061,0.0033888188622389
"CR-Pa","Model B","Temperature",-1.35481216743575,0.000858674359648515,0.00339336254345257
"CR-Pa","Model B","Temperature",-1.27593112714913,0.000867440070932846,0.00342800342448591
"CR-Pa","Model B","Temperature",-1.19705008686251,0.00088696756637108,0.00350517339100811
"CR-Pa","Model B","Temperature",-1.11816904657589,0.000916146798711303,0.00362048568950336
"CR-Pa","Model B","Temperature",-1.03928800628927,0.000955218422231561,0.00377489135246015
"CR-Pa","Model B","Temperature",-0.960406966002648,0.0010047746697666,0.00397073080229336
"CR-Pa","Model B","Temperature",-0.881525925716026,0.00106541387953222,0.00421036858904112
"CR-Pa","Model B","Temperature",-0.802644885429405,0.00114074480241921,0.00450806599809511
"CR-Pa","Model B","Temperature",-0.723763845142785,0.00122998737348222,0.00486074032046637
"CR-Pa","Model B","Temperature",-0.644882804856164,0.00133278763645237,0.00526699276983818
"CR-Pa","Model B","Temperature",-0.566001764569543,0.00144981261025917,0.00572945931294895
"CR-Pa","Model B","Temperature",-0.487120724282923,0.00158174336455589,0.00625083144305794
"CR-Pa","Model B","Temperature",-0.408239683996301,0.00173249492313345,0.00684658079378222
"CR-Pa","Model B","Temperature",-0.32935864370968,0.00190229552817745,0.00751760934673419
"CR-Pa","Model B","Temperature",-0.250477603423059,0.00208989083401187,0.00825896010094401
"CR-Pa","Model B","Temperature",-0.171596563136438,0.0022960677204214,0.00907374269670492
"CR-Pa","Model B","Temperature",-0.0927155228498187,0.00252162793719047,0.00996512553849668
"CR-Pa","Model B","Temperature",-0.0138344825631975,0.00277056852623781,0.0109489043842561
"CR-Pa","Model B","Temperature",0.0650465577234236,0.00304483646432156,0.0120327734173833
"CR-Pa","Model B","Temperature",0.143927598010045,0.00334178442775349,0.0132062707800819
"CR-Pa","Model B","Temperature",0.222808638296666,0.0036622587527659,0.0144727410763192
"CR-Pa","Model B","Temperature",0.301689678583287,0.00400709762492027,0.0158354966997362
"CR-Pa","Model B","Temperature",0.380570718869906,0.00437987025403408,0.0173086426748611
"CR-Pa","Model B","Temperature",0.459451759156527,0.00478479069986978,0.0189088323841933
"CR-Pa","Model B","Temperature",0.538332799443149,0.00521709279482973,0.0206172305912781
"CR-Pa","Model B","Temperature",0.61721383972977,0.00567739383877757,0.0224362767799684
"CR-Pa","Model B","Temperature",0.696094880016391,0.00616624257741977,0.0243681395175509
"CR-Pa","Model B","Temperature",0.774975920303012,0.00668588580596617,0.0264216978285617
"CR-Pa","Model B","Temperature",0.853856960589633,0.0072426252697763,0.0286218553408094
"CR-Pa","Model B","Temperature",0.932738000876252,0.00782892607696378,0.0309388352016269
"CR-Pa","Model B","Temperature",1.01161904116287,0.00844461734431411,0.0333719621041382
"CR-Pa","Model B","Temperature",1.09050008144949,0.00908937122823841,0.0359199404557334
"CR-Pa","Model B","Temperature",1.16938112173612,0.00976315008649363,0.0385826214994638
"CR-Pa","Model B","Temperature",1.24826216202274,0.0104725171646365,0.0413859422758215
"CR-Pa","Model B","Temperature",1.32714320230936,0.0112074581379381,0.0442903275557911
"CR-Pa","Model B","Temperature",1.40602424259598,0.0119663636449529,0.0472894173650851
"CR-Pa","Model B","Temperature",1.4849052828826,0.0127473979050955,0.0503759569522296
"CR-Pa","Model B","Temperature",1.56378632316922,0.0135484977808171,0.0535417930824138
"CR-Pa","Model B","Temperature",1.64266736345584,0.0143709357039725,0.05679195423069
"CR-Pa","Model B","Temperature",1.72154840374246,0.0152059379355417,0.0600917677915211
"CR-Pa","Model B","Temperature",1.80042944402908,0.0160496985647703,0.0634261933309493
"CR-Pa","Model B","Temperature",1.8793104843157,0.0168986510147522,0.0667811362293493
"CR-Pa","Model B","Temperature",1.95819152460232,0.0177490239611107,0.0701416927333536
"CR-Pa","Model B","Temperature",2.03707256488894,0.0185942137579426,0.0734817661458768
"CR-Pa","Model B","Temperature",2.11595360517557,0.01942807960806,0.0767770888840695
"CR-Pa","Model B","Temperature",2.19483464546219,0.0202462976450874,0.0800105736248536
"CR-Pa","Model B","Temperature",2.27371568574881,0.0210441890216827,0.0831637302093715
"CR-Pa","Model B","Temperature",2.35259672603543,0.0218170206005047,0.086217853932182
"CR-Pa","Model B","Temperature",2.43147776632205,0.0225522035788287,0.0891231955825953
"CR-Pa","Model B","Temperature",2.51035880660867,0.0232448887633044,0.0918605918178414
"CR-Pa","Model B","Temperature",2.58923984689529,0.0238941643405542,0.0944264392773136
"CR-Pa","Model B","Temperature",2.66812088718191,0.024495726089845,0.0968037282748011
"CR-Pa","Model B","Temperature",2.74700192746853,0.0250454532235864,0.0989761740265542
"CR-Pa","Model B","Temperature",2.82588296775515,0.025529531256081,0.100889183591959
"CR-Pa","Model B","Temperature",2.90476400804178,0.0259425571935949,0.102521405085573
"CR-Pa","Model B","Temperature",2.98364504832839,0.026290919510092,0.103898084874679
"CR-Pa","Model B","Temperature",3.06252608861502,0.0265724832155156,0.105010785773273
"CR-Pa","Model B","Temperature",3.14140712890164,0.0267855100146424,0.105852638278575
"CR-Pa","Model B","Temperature",3.22028816918826,0.0269203858497533,0.106385648961541
"CR-Pa","Model B","Temperature",3.29916920947488,0.0269706260045698,0.106584191118549
"CR-Pa","Model B","Temperature",3.3780502497615,0.0269510807506297,0.106506950972878
"CR-Pa","Model B","Temperature",3.45693129004812,0.0268630009270525,0.106158871668073
"CR-Pa","Model B","Temperature",3.53581233033474,0.0267081081850144,0.105546756931935
"CR-Pa","Model B","Temperature",3.61469337062136,0.0264841837646469,0.104661838531727
"CR-Pa","Model B","Temperature",3.69357441090798,0.0261859944841362,0.103483435655277
"CR-Pa","Model B","Temperature",3.7724554511946,0.0258335304830295,0.102090546574764
"CR-Pa","Model B","Temperature",3.85133649148123,0.0254314211342581,0.100501465933004
"CR-Pa","Model B","Temperature",3.93021753176784,0.0249846619522125,0.0987359353133202
"CR-Pa","Model B","Temperature",4.00909857205447,0.0244976891633787,0.0968114860704363
"CR-Pa","Model B","Temperature",4.08797961234109,0.0239717144088504,0.0947329064427082
"CR-Pa","Model B","Temperature",4.16686065262771,0.0234246365063431,0.0925709300871094
"CR-Pa","Model B","Temperature",4.24574169291433,0.0228632494037576,0.0903524057479517
"CR-Pa","Model B","Temperature",4.32462273320095,0.0222944882251995,0.08810474007842
"CR-Pa","Model B","Temperature",4.40350377348757,0.0217254220327833,0.0858558690362236
"CR-Pa","Model B","Temperature",4.48238481377419,0.0211695935066022,0.0836593114237457
"CR-Pa","Model B","Temperature",4.56126585406081,0.0206348036452945,0.0815458957108059
"CR-Pa","Model B","Temperature",4.64014689434743,0.020128081602067,0.0795434001406183
"CR-Pa","Model B","Temperature",4.71902793463405,0.019656494611888,0.0776797534502618
"CR-Pa","Model B","Temperature",4.79790897492068,0.0192270093000896,0.0759824867814208
"CR-Pa","Model B","Temperature",4.8767900152073,0.0188624135084612,0.0745416545393601
"CR-Pa","Model B","Temperature",4.95567105549392,0.0185620376157426,0.0733546104732901
"CR-Pa","Model B","Temperature",5.03455209578054,0.0183288966652643,0.0724332696182748
"CR-Pa","Model B","Temperature",5.11343313606716,0.018168663812772,0.0718000515027365
"CR-Pa","Model B","Temperature",5.19231417635378,0.0180867544030649,0.0714763568218213
"CR-Pa","Model B","Temperature",5.2711952166404,0.0181082946553834,0.0715614809257062
"CR-Pa","Model B","Temperature",5.35007625692702,0.0182303767723379,0.0720439326004814
"CR-Pa","Model B","Temperature",5.42895729721364,0.0184482499590175,0.0729049373604275
"CR-Pa","Model B","Temperature",5.50783833750026,0.0187653542583089,0.074158089780192
"CR-Pa","Model B","Temperature",5.58671937778688,0.0191848125692256,0.075815731125611
"CR-Pa","Model B","Temperature",5.6656004180735,0.0197284532141698,0.0779641239137773
"CR-Pa","Model B","Temperature",5.74448145836013,0.0203964112528826,0.0806038018821446
"CR-Pa","Model B","Temperature",5.82336249864675,0.021174817246513,0.083679954922822
"CR-Pa","Model B","Temperature",5.90224353893337,0.0220646864898221,0.0871965953405603
"CR-Pa","Model B","Temperature",5.98112457921999,0.023066725293158,0.0911565143763607
"CR-Pa","Model B","Temperature",6.06000561950661,0.0241960731768714,0.0956195413248879
"CR-Pa","Model B","Temperature",6.13888665979323,0.0254585402468927,0.100608636922789
"CR-Pa","Model B","Temperature",6.21776770007985,0.0268320815736443,0.106036682651312
"CR-Pa","Model B","Temperature",6.29664874036647,0.0283154514217419,0.111898755536174
"CR-Pa","Model B","Temperature",6.37552978065309,0.0299071266354234,0.118188836276048
"CR-Pa","Model B","Temperature",6.45441082093971,0.0316143409358247,0.124935511538367
"CR-Pa","Model B","Temperature",6.53329186122633,0.0334479983398039,0.132181872492634
"CR-Pa","Model B","Temperature",6.61217290151295,0.0353805565801276,0.1398190759005
"CR-Pa","Model B","Temperature",6.69105394179958,0.0374087424742352,0.147834186596295
"CR-Pa","Model B","Temperature",6.7699349820862,0.0395290326731718,0.156213280791289
"CR-Pa","Model B","Temperature",6.84881602237282,0.0417412850374932,0.164955796770019
"CR-Pa","Model B","Temperature",6.92769706265944,0.0440577854530481,0.174110286657494
"CR-Pa","Model B","Temperature",7.00657810294606,0.0464494807930718,0.183561936507046
"CR-Pa","Model B","Temperature",7.08545914323268,0.0489112545160042,0.193290526452685
"CR-Pa","Model B","Temperature",7.1643401835193,0.0514377632731611,0.203274940317972
"CR-Pa","Model B","Temperature",7.24322122380592,0.0540234797010404,0.213493334725309
"CR-Pa","Model B","Temperature",7.32210226409254,0.0566755951208825,0.223974128783593
"CR-Pa","Model B","Temperature",7.40098330437916,0.0593687427585543,0.234617076502917
"CR-Pa","Model B","Temperature",7.47986434466578,0.0620961810009223,0.245395535958746
"CR-Pa","Model B","Temperature",7.5587453849524,0.0648509864561577,0.256282146862233
"CR-Pa","Model B","Temperature",7.63762642523903,0.0676260561527889,0.267248839250572
"CR-Pa","Model B","Temperature",7.71650746552565,0.0704137308093851,0.278265344700784
"CR-Pa","Model B","Temperature",7.79538850581227,0.0731999855660457,0.289276238902445
"CR-Pa","Model B","Temperature",7.87426954609889,0.0759765133388757,0.300248693406658
"CR-Pa","Model B","Temperature",7.95315058638551,0.0787353489550076,0.311151230949711
"CR-Pa","Model B","Temperature",8.03203162667213,0.0814684520057061,0.321952076946128
"CR-Pa","Model B","Temperature",8.11091266695875,0.0841564141381534,0.332574532264579
"CR-Pa","Model B","Temperature",8.18979370724537,0.0867916197760812,0.342988501198855
"CR-Pa","Model B","Temperature",8.26867474753199,0.089369168695982,0.353174618742051
"CR-Pa","Model B","Temperature",8.34755578781861,0.0918810956678885,0.363101407404804
"CR-Pa","Model B","Temperature",8.42643682810523,0.0943195366227964,0.372737789471915
"CR-Pa","Model B","Temperature",8.50531786839185,0.0966589665284161,0.381982893539087
"CR-Pa","Model B","Temperature",8.58419890867848,0.0988921850429784,0.390808264849537
"CR-Pa","Model B","Temperature",8.6630799489651,0.101023223062819,0.399229832949181
"CR-Pa","Model B","Temperature",8.74196098925172,0.103045609776491,0.407222026084378
"CR-Pa","Model B","Temperature",8.82084202953834,0.104953188139749,0.41476051246614
"CR-Pa","Model B","Temperature",8.89972306982496,0.106721362771725,0.421748094544273
"CR-Pa","Model B","Temperature",8.97860411011158,0.108338197757467,0.428137603230437
"CR-Pa","Model B","Temperature",9.0574851503982,0.10982084028085,0.433996801828422
"CR-Pa","Model B","Temperature",9.13636619068482,0.11116581333158,0.439311949673489
"CR-Pa","Model B","Temperature",9.21524723097144,0.112370114157343,0.444071180302973
"CR-Pa","Model B","Temperature",9.29412827125806,0.113416391092113,0.448205922327855
"CR-Pa","Model B","Temperature",9.37300931154468,0.114285571133958,0.451640801877212
"CR-Pa","Model B","Temperature",9.4518903518313,0.115008571219183,0.454497998415747
"CR-Pa","Model B","Temperature",9.53077139211793,0.115585694528591,0.456778710072141
"CR-Pa","Model B","Temperature",9.60965243240455,0.116017730260512,0.458486055649265
"CR-Pa","Model B","Temperature",9.68853347269117,0.116297761745459,0.459592701424032
"CR-Pa","Model B","Temperature",9.76741451297779,0.116400826725822,0.46
"CR-Pa","Model B","Temperature",9.84629555326441,0.116367607692429,0.459868722965374
"CR-Pa","Model B","Temperature",9.92517659355103,0.116201707276857,0.459213107422858
"CR-Pa","Model B","Temperature",10.0040576338377,0.115907045775507,0.458048645842696
"CR-Pa","Model B","Temperature",10.0829386741243,0.115486115906978,0.456385189104719
"CR-Pa","Model B","Temperature",10.1618197144109,0.114911935997529,0.454116109358675
"CR-Pa","Model B","Temperature",10.2407007546975,0.114227529208893,0.451411428201089
"CR-Pa","Model B","Temperature",10.3195817949841,0.113438146297843,0.44829189589795
"CR-Pa","Model B","Temperature",10.3984628352708,0.112549087231308,0.444778457186994
"CR-Pa","Model B","Temperature",10.4773438755574,0.111565693509285,0.440892220938895
"CR-Pa","Model B","Temperature",10.556224915844,0.110470374062248,0.436563669675048
"CR-Pa","Model B","Temperature",10.6351059561306,0.109293616415673,0.431913285887828
"CR-Pa","Model B","Temperature",10.7139869964172,0.108042854024988,0.426970445567028
"CR-Pa","Model B","Temperature",10.7928680367039,0.106722863049322,0.421754023434246
"CR-Pa","Model B","Temperature",10.8717490769905,0.10533825487742,0.416282243061284
"CR-Pa","Model B","Temperature",10.9506301172771,0.103880397544457,0.410520992114652
"CR-Pa","Model B","Temperature",11.0295111575637,0.102365699258791,0.404535113568896
"CR-Pa","Model B","Temperature",11.1083921978503,0.100801906882815,0.398355221954867
"CR-Pa","Model B","Temperature",11.187273238137,0.099192327102715,0.391994384839939
"CR-Pa","Model B","Temperature",11.2661542784236,0.0975400802217091,0.385464933231722
"CR-Pa","Model B","Temperature",11.3450353187102,0.0958409598220409,0.37875024394787
"CR-Pa","Model B","Temperature",11.4239163589968,0.0941025983726494,0.371880479452093
"CR-Pa","Model B","Temperature",11.5027973992834,0.09233187371626,0.364882820029469
"CR-Pa","Model B","Temperature",11.5816784395701,0.0905311061157447,0.357766435038595
"CR-Pa","Model B","Temperature",11.6605594798567,0.0887025792663042,0.350540349327676
"CR-Pa","Model B","Temperature",11.7394405201433,0.0868451147418072,0.343199905919304
"CR-Pa","Model B","Temperature",11.8183215604299,0.0849626943966894,0.335760840552579
"CR-Pa","Model B","Temperature",11.8972026007166,0.0830618267749972,0.328248874095175
"CR-Pa","Model B","Temperature",11.9760836410032,0.0811451805414356,0.320674552741642
"CR-Pa","Model B","Temperature",12.0549646812898,0.0792155635516521,0.31304897274992
"CR-Pa","Model B","Temperature",12.1338457215764,0.0772754029345319,0.305381725798337
"CR-Pa","Model B","Temperature",12.212726761863,0.0753297721741257,0.297692861595551
"CR-Pa","Model B","Temperature",12.2916078021497,0.073384381044222,0.290004944379434
"CR-Pa","Model B","Temperature",12.3704888424363,0.0714432049688516,0.282333684477013
"CR-Pa","Model B","Temperature",12.4493698827229,0.06951039409052,0.274695482678612
"CR-Pa","Model B","Temperature",12.5282509230095,0.0675917181155459,0.267113140067189
"CR-Pa","Model B","Temperature",12.6071319632961,0.0656979371946581,0.259629179273162
"CR-Pa","Model B","Temperature",12.6860130035828,0.0638307003012544,0.252250116811786
"CR-Pa","Model B","Temperature",12.7648940438694,0.0619949332152523,0.244995418685371
"CR-Pa","Model B","Temperature",12.843775084156,0.0601955771225522,0.237884611778546
"CR-Pa","Model B","Temperature",12.9226561244426,0.0584389820264977,0.230942790428013
"CR-Pa","Model B","Temperature",13.0015371647292,0.0567451760702707,0.224249103091069
"CR-Pa","Model B","Temperature",13.0804182050159,0.0551066218333686,0.217773762922306
"CR-Pa","Model B","Temperature",13.1592992453025,0.053527603529705,0.211533700543744
"CR-Pa","Model B","Temperature",13.2381802855891,0.0520121648783431,0.205544896174953
"CR-Pa","Model B","Temperature",13.3170613258757,0.0505641018943045,0.199822351143321
"CR-Pa","Model B","Temperature",13.3959423661623,0.0492100095108222,0.19447116495399
"CR-Pa","Model B","Temperature",13.474823406449,0.04793288713345,0.189424153604363
"CR-Pa","Model B","Temperature",13.5537044467356,0.0467334930624743,0.1846843137925
"CR-Pa","Model B","Temperature",13.6325854870222,0.0456132273613778,0.180257178376029
"CR-Pa","Model B","Temperature",13.7114665273088,0.0445730638722642,0.176146595844521
"CR-Pa","Model B","Temperature",13.7903475675955,0.0436342393084724,0.172436490757712
"CR-Pa","Model B","Temperature",13.8692286078821,0.0427795225900197,0.169058768265978
"CR-Pa","Model B","Temperature",13.9481096481687,0.0420026835901367,0.165988807768293
"CR-Pa","Model B","Temperature",14.0269906884553,0.0413017565386292,0.163218840812191
"CR-Pa","Model B","Temperature",14.1058717287419,0.0406743540205182,0.16073943266322
"CR-Pa","Model B","Temperature",14.1847527690286,0.0401315616559951,0.158594392162187
"CR-Pa","Model B","Temperature",14.2636338093152,0.0396593629212326,0.156728327941677
"CR-Pa","Model B","Temperature",14.3425148496018,0.0392462534517149,0.155095776341114
"CR-Pa","Model B","Temperature",14.4213958898884,0.0388875543965653,0.15367824718767
"CR-Pa","Model B","Temperature",14.500276930175,0.0385783357068781,0.152456257608583
"CR-Pa","Model B","Temperature",14.5791579704617,0.0383194435620591,0.151433151588062
"CR-Pa","Model B","Temperature",14.6580390107483,0.038100341307042,0.150567289719699
"CR-Pa","Model B","Temperature",14.7369200510349,0.0379090083973035,0.149811168470775
"CR-Pa","Model B","Temperature",14.8158010913215,0.0377396472453923,0.149141876575944
"CR-Pa","Model B","Temperature",14.8946821316081,0.0375864517861777,0.148536469267243
"CR-Pa","Model B","Temperature",14.9735631718948,0.0374437474153422,0.147972521291693
"CR-Pa","Model B","Temperature",15.0524442121814,0.0373022532349885,0.147413355821881
"CR-Pa","Model B","Temperature",15.131325252468,0.0371549029927949,0.14683104800401
"CR-Pa","Model B","Temperature",15.2102062927546,0.0369965981127676,0.146205448969529
"CR-Pa","Model B","Temperature",15.2890873330412,0.0368224564269137,0.145517265064431
"CR-Pa","Model B","Temperature",15.3679683733279,0.0366254907487519,0.144738883892209
"CR-Pa","Model B","Temperature",15.4468494136145,0.0363952596479451,0.143829042361439
"CR-Pa","Model B","Temperature",15.5257304539011,0.0361333731261688,0.142794102976508
"CR-Pa","Model B","Temperature",15.6046114941877,0.0358369244958546,0.141622578909366
"CR-Pa","Model B","Temperature",15.6834925344744,0.0355033758230461,0.140304440595337
"CR-Pa","Model B","Temperature",15.762373574761,0.0351287946749057,0.138824147602655
"CR-Pa","Model B","Temperature",15.8412546150476,0.03470141959699,0.137135220286836
"CR-Pa","Model B","Temperature",15.9201356553342,0.034231817196447,0.135279416420781
"CR-Pa","Model B","Temperature",15.9990166956208,0.033720105872099,0.133257203900293
"CR-Pa","Model B","Temperature",16.0778977359075,0.0331668141099163,0.131070671228978
"CR-Pa","Model B","Temperature",16.1567787761941,0.0325728800793568,0.128723525923036
"CR-Pa","Model B","Temperature",16.2356598164807,0.0319286383910118,0.12617757169767
"CR-Pa","Model B","Temperature",16.3145408567673,0.0312497133415253,0.12349455361654
"CR-Pa","Model B","Temperature",16.3934218970539,0.0305391870211121,0.120686651674744
"CR-Pa","Model B","Temperature",16.4723029373406,0.0298004201349211,0.11776714691514
"CR-Pa","Model B","Temperature",16.5511839776272,0.0290370783436642,0.114750525522878
"CR-Pa","Model B","Temperature",16.6300650179138,0.0282498037389115,0.111639324955211
"CR-Pa","Model B","Temperature",16.7089460582004,0.0274498626191318,0.108478068068562
"CR-Pa","Model B","Temperature",16.787827098487,0.0266429273136592,0.105289171125487
"CR-Pa","Model B","Temperature",16.8667081387737,0.0258339200703396,0.102092086170037
"CR-Pa","Model B","Temperature",16.9455891790603,0.0250278383583759,0.0989065625106847
"CR-Pa","Model B","Temperature",17.0244702193469,0.0242336628726272,0.095768090613875
"CR-Pa","Model B","Temperature",17.1033512596335,0.0234579369205402,0.0927025287274419
"CR-Pa","Model B","Temperature",17.1822322999202,0.0227045474996693,0.0897252377291835
"CR-Pa","Model B","Temperature",17.2611133402068,0.0219780489588203,0.0868542157769278
"CR-Pa","Model B","Temperature",17.3399943804934,0.0212828067690883,0.0841067146098613
"CR-Pa","Model B","Temperature",17.41887542078,0.0206307676087509,0.081529945851494
"CR-Pa","Model B","Temperature",17.4977564610666,0.0200257230172219,0.0791388931422302
"CR-Pa","Model B","Temperature",17.5766375013533,0.0194656826768216,0.0769256910213298
"CR-Pa","Model B","Temperature",17.6555185416399,0.0189530791067548,0.0748999524689211
"CR-Pa","Model B","Temperature",17.7343995819265,0.0184899844421053,0.0730698662768316
"CR-Pa","Model B","Temperature",17.8132806222131,0.0180856681158539,0.0714720639647077
"CR-Pa","Model B","Temperature",17.8921616624997,0.0177431737630808,0.0701185735582627
"CR-Pa","Model B","Temperature",17.9710427027864,0.0174534343609876,0.0689735634349516
"CR-Pa","Model B","Temperature",18.049923743073,0.0172160101245437,0.068035295625038
"CR-Pa","Model B","Temperature",18.1288047833596,0.017030100530802,0.0673006065723336
"CR-Pa","Model B","Temperature",18.2076858236462,0.0168992900307249,0.0667836615322678
"CR-Pa","Model B","Temperature",18.2865668639328,0.0168261782497799,0.0664947338658527
"CR-Pa","Model B","Temperature",18.3654479042195,0.0167972426190132,0.0663803842471507
"CR-Pa","Model B","Temperature",18.4443289445061,0.0168096860613871,0.0664295590137998
"CR-Pa","Model B","Temperature",18.5232099847927,0.0168604981253552,0.0666303612768315
"CR-Pa","Model B","Temperature",18.6020910250793,0.0169481420219443,0.0669767178583527
"CR-Pa","Model B","Temperature",18.6809720653659,0.0170732397841395,0.0674710869468585
"CR-Pa","Model B","Temperature",18.7598531056526,0.0172228545058354,0.0680623436751483
"CR-Pa","Model B","Temperature",18.8387341459392,0.0173931651807418,0.0687353879537897
"CR-Pa","Model B","Temperature",18.9176151862258,0.0175803333624797,0.0694750507725275
"CR-Pa","Model B","Temperature",18.9964962265124,0.0177806055377274,0.0702664987648253
"CR-Pa","Model B","Temperature",19.0753772667991,0.017990502612806,0.0710959830326955
"CR-Pa","Model B","Temperature",19.1542583070857,0.0182024712176277,0.0719336537001697
"CR-Pa","Model B","Temperature",19.2331393473723,0.018413041852337,0.0727657997827265
"CR-Pa","Model B","Temperature",19.3120203876589,0.0186188737175892,0.0735792189024982
"CR-Pa","Model B","Temperature",19.3909014279455,0.0188167575242095,0.0743612283916553
"CR-Pa","Model B","Temperature",19.4697824682322,0.0189990142708758,0.075081481896933
"CR-Pa","Model B","Temperature",19.5486635085188,0.0191648058624733,0.0757366673821231
"CR-Pa","Model B","Temperature",19.6275445488054,0.0193122292628765,0.0763192643111398
"CR-Pa","Model B","Temperature",19.706425589092,0.0194391974597186,0.0768210250991876
"CR-Pa","Model B","Temperature",19.7853066293786,0.0195438083344753,0.0772344328364147
"CR-Pa","Model B","Temperature",19.8641876696653,0.0196178973057959,0.0775272222243094
"CR-Pa","Model B","Temperature",19.9430687099519,0.0196636937290282,0.0777082033674799
"CR-Pa","Model B","Temperature",20.0219497502385,0.0196821422661587,0.0777811094397025
"CR-Pa","Model B","Temperature",20.1008307905251,0.0196725445428435,0.0777431805619687
"CR-Pa","Model B","Temperature",20.1797118308117,0.0196343714586739,0.077592325802497
"CR-Pa","Model B","Temperature",20.2585928710984,0.0195614425552689,0.0773041208428765
"CR-Pa","Model B","Temperature",20.337473911385,0.0194562010030749,0.0768882207554718
"CR-Pa","Model B","Temperature",20.4163549516716,0.0193223716118462,0.0763593454742834
"CR-Pa","Model B","Temperature",20.4952359919582,0.0191604056823855,0.0757192784777886
"CR-Pa","Model B","Temperature",20.5741170322448,0.0189708798797319,0.0749702986666225
"CR-Pa","Model B","Temperature",20.6529980725315,0.0187505127271208,0.0740994380975662
"CR-Pa","Model B","Temperature",20.7318791128181,0.0185008349296912,0.0731127459060393
"CR-Pa","Model B","Temperature",20.8107601531047,0.0182273129244782,0.0720318246966536
"CR-Pa","Model B","Temperature",20.8896411933913,0.0179312039868782,0.070861643048229
"CR-Pa","Model B","Temperature",20.968522233678,0.0176138461505975,0.0696074886852797
"CR-Pa","Model B","Temperature",21.0474032739646,0.0172746844154949,0.0682671683238557
"CR-Pa","Model B","Temperature",21.1262843142512,0.0169147143393287,0.0668446162707978
"CR-Pa","Model B","Temperature",21.2051653545378,0.0165396438023129,0.0653623892808327
"CR-Pa","Model B","Temperature",21.2840463948244,0.0161512188423463,0.0638273874547246
"CR-Pa","Model B","Temperature",21.3629274351111,0.0157512269493734,0.0622466747060005
"CR-Pa","Model B","Temperature",21.4418084753977,0.0153410176483551,0.0606255841710262
"CR-Pa","Model B","Temperature",21.5206895156843,0.0149223564770851,0.0589710930114588
"CR-Pa","Model B","Temperature",21.5995705559709,0.0144995498564446,0.0573002196081903
"CR-Pa","Model B","Temperature",21.6784515962575,0.0140745383754343,0.0556206329010854
"CR-Pa","Model B","Temperature",21.7573326365442,0.0136492637238714,0.0539400061802826
"CR-Pa","Model B","Temperature",21.8362136768308,0.0132257913100639,0.0522665016543199
"CR-Pa","Model B","Temperature",21.9150947171174,0.0128082241310369,0.0506163338010895
"CR-Pa","Model B","Temperature",21.993975757404,0.0123979081139647,0.0489948215390004
"CR-Pa","Model B","Temperature",22.0728567976906,0.0119966579916297,0.0474091364415153
"CR-Pa","Model B","Temperature",22.1517378379773,0.0116062439837785,0.0458662741727224
"CR-Pa","Model B","Temperature",22.2306188782639,0.0112283904383828,0.0443730491177884
"CR-Pa","Model B","Temperature",22.3094999185505,0.0108699423916714,0.0429565119150448
"CR-Pa","Model B","Temperature",22.3883809588371,0.0105288691251262,0.0416086374452154
"CR-Pa","Model B","Temperature",22.4672619991237,0.0102062699191007,0.0403337699125193
"CR-Pa","Model B","Temperature",22.5461430394104,0.00990340224725264,0.0391368786792785
"CR-Pa","Model B","Temperature",22.625024079697,0.0096214355827783,0.0380225853421383
"CR-Pa","Model B","Temperature",22.7039051199836,0.00936752898298587,0.0370191815073904
"CR-Pa","Model B","Temperature",22.7827861602702,0.00913852357665193,0.03611418375199
"CR-Pa","Model B","Temperature",22.8616672005569,0.00893368342218013,0.0353046837363331
"CR-Pa","Model B","Temperature",22.9405482408435,0.00875350173635281,0.034592630585063
"CR-Pa","Model B","Temperature",23.0194292811301,0.0085983633704153,0.0339795451771789
"CR-Pa","Model B","Temperature",23.0983103214167,0.00847399693807988,0.0334880662033306
"CR-Pa","Model B","Temperature",23.1771913617033,0.00837758918939112,0.0331070760880174
"CR-Pa","Model B","Temperature",23.25607240199,0.00830630078315425,0.0328253541467617
"CR-Pa","Model B","Temperature",23.3349534422766,0.0082598165764817,0.0326416549783723
"CR-Pa","Model B","Temperature",23.4138344825632,0.00823772436165074,0.0325543495948274
"CR-Pa","Model B","Temperature",23.4927155228498,0.00824340563866752,0.0325768012173908
"CR-Pa","Model B","Temperature",23.5715965631364,0.00827507906843129,0.032701970239821
"CR-Pa","Model B","Temperature",23.6504776034231,0.00832836701076553,0.0329125568324016
"CR-Pa","Model B","Temperature",23.7293586437097,0.0084023123601975,0.0332047786464169
"CR-Pa","Model B","Temperature",23.8082396839963,0.0084958923489737,0.0335745938448815
"CR-Pa","Model B","Temperature",23.8871207242829,0.00861014014864171,0.034026085379139
"CR-Pa","Model B","Temperature",23.9660017645695,0.00874408981010231,0.0345554359516827
"CR-Pa","Model B","Temperature",24.0448828048562,0.00889292804302363,0.0351436241035167
"CR-Pa","Model B","Temperature",24.1237638451428,0.00905529780939715,0.035785287007748
"CR-Pa","Model B","Temperature",24.2026448854294,0.00922980560797653,0.0364749177398011
"CR-Pa","Model B","Temperature",24.281525925716,0.00941572744861582,0.0372096551905541
"CR-Pa","Model B","Temperature",24.3604069660026,0.00961193631116969,0.0379850455319593
"CR-Pa","Model B","Temperature",24.4392880062893,0.00981441401966191,0.0387852094872017
"CR-Pa","Model B","Temperature",24.5181690465759,0.0100215898193614,0.039603939650401
"CR-Pa","Model B","Temperature",24.5970500868625,0.0102318761279596,0.0404349621154135
"CR-Pa","Model B","Temperature",24.6759311271491,0.0104436288885746,0.0412717797963765
"CR-Pa","Model B","Temperature",24.7548121674358,0.0106541321904674,0.042103659788937
"CR-Pa","Model B","Temperature",24.8336932077224,0.0108613551659587,0.0429225763843536
"CR-Pa","Model B","Temperature",24.912574248009,0.0110636646133603,0.0437220753949913
"CR-Pa","Model B","Temperature",24.9914552882956,0.0112594355677237,0.044495735183674
"CR-Pa","Model B","Temperature",25.0703363285822,0.0114470522458151,0.0452371703980933
"CR-Pa","Model B","Temperature",25.1492173688689,0.011620886433067,0.0459241391111611
"CR-Pa","Model B","Temperature",25.2280984091555,0.0117819747795507,0.0465607380208668
"CR-Pa","Model B","Temperature",25.3069794494421,0.0119288903408932,0.0471413280400145
"CR-Pa","Model B","Temperature",25.3858604897287,0.0120602319807427,0.0476603720711458
"CR-Pa","Model B","Temperature",25.4647415300153,0.0121746520725303,0.0481125444800776
"CR-Pa","Model B","Temperature",25.543622570302,0.0122653342390048,0.0484709078848029
"CR-Pa","Model B","Temperature",25.6225036105886,0.0123348323646236,0.0487455548841746
"CR-Pa","Model B","Temperature",25.7013846508752,0.0123830926488958,0.0489362728660795
"CR-Pa","Model B","Temperature",25.7802656911618,0.0124093027727996,0.0490398516578707
"CR-Pa","Model B","Temperature",25.8591467314484,0.0124127516571886,0.0490534811729142
"CR-Pa","Model B","Temperature",25.9380277717351,0.0123873432697693,0.0489530707330433
"CR-Pa","Model B","Temperature",26.0169088120217,0.012335843666616,0.048749551410055
"CR-Pa","Model B","Temperature",26.0957898523083,0.0122602888558055,0.0484509692268311
"CR-Pa","Model B","Temperature",26.1746708925949,0.0121607313990733,0.0480575319000956
"CR-Pa","Model B","Temperature",26.2535519328815,0.0120373430365132,0.0475699181229931
"CR-Pa","Model B","Temperature",26.3324329731682,0.0118862279027841,0.0469727319734555
"CR-Pa","Model B","Temperature",26.4113140134548,0.011709551605735,0.0462745316347759
"CR-Pa","Model B","Temperature",26.4901950537414,0.0115112301410804,0.0454907925814786
"CR-Pa","Model B","Temperature",26.569076094028,0.011292158331413,0.0446250510289348
"CR-Pa","Model B","Temperature",26.6479571343147,0.0110533214504887,0.0436812006430266
"CR-Pa","Model B","Temperature",26.7268381746013,0.0107934327909182,0.0426541565337606
"CR-Pa","Model B","Temperature",26.8057192148879,0.0105139894074717,0.041549834854945
"CR-Pa","Model B","Temperature",26.8846002551745,0.010219617067532,0.0403865160007655
"CR-Pa","Model B","Temperature",26.9634812954611,0.00991171795894438,0.039169741224037
"CR-Pa","Model B","Temperature",27.0423623357478,0.00959172592388495,0.0379051768711217
"CR-Pa","Model B","Temperature",27.1212433760344,0.0092602932110051,0.0365954005386576
"CR-Pa","Model B","Temperature",27.200124416321,0.00891881601266214,0.0352459297861195
"CR-Pa","Model B","Temperature",27.2790054566076,0.008571067230441,0.0338716745997838
"CR-Pa","Model B","Temperature",27.3578864968942,0.00821850230042706,0.032478386662161
"CR-Pa","Model B","Temperature",27.4367675371809,0.00786255251700577,0.0310717222510956
"CR-Pa","Model B","Temperature",27.5156485774675,0.00750462790513981,0.0296572535906096
"CR-Pa","Model B","Temperature",27.5945296177541,0.00714680619936489,0.0282431916007908
"CR-Pa","Model B","Temperature",27.6734106580407,0.00679079464818675,0.0268362830920765
"CR-Pa","Model B","Temperature",27.7522916983273,0.00643775094501191,0.0254411031090086
"CR-Pa","Model B","Temperature",27.831172738614,0.00608877768864033,0.0240620089698489
"CR-Pa","Model B","Temperature",27.9100537789006,0.00574499631653637,0.0227034324406605
"CR-Pa","Model B","Temperature",27.9889348191872,0.00540971901043004,0.0213784628064483
"CR-Pa","Model B","Temperature",28.0678158594738,0.0050821373421939,0.0200839052708428
"CR-Pa","Model B","Temperature",28.1466968997604,0.00476295924159741,0.0188225574745748
"CR-Pa","Model B","Temperature",28.2255779400471,0.00445283228158984,0.0175969785365531
"CR-Pa","Model B","Temperature",28.3044589803337,0.00415234383153282,0.0164094896594181
"CR-Pa","Model B","Temperature",28.3833400206203,0.00386513872599946,0.0152744947262933
"CR-Pa","Model B","Temperature",28.4622210609069,0.00358915735509885,0.0141838544431851
"CR-Pa","Model B","Temperature",28.5411021011936,0.00332433807002137,0.0131373251825075
"CR-Pa","Model B","Temperature",28.6199831414802,0.00307090021513367,0.0121357737629205
"CR-Pa","Model B","Temperature",28.6988641817668,0.00282901328610037,0.0111798700078947
"CR-Pa","Model B","Temperature",28.7777452220534,0.00260163949415953,0.0102813201673584
"CR-Pa","Model B","Temperature",28.85662626234,0.00238683816918969,0.00943245498086905
"CR-Pa","Model B","Temperature",28.9355073026267,0.00218365371410242,0.00862949806063776
"CR-Pa","Model B","Temperature",29.0143883429133,0.00199197917416551,0.00787202673632612
"CR-Pa","Model B","Temperature",29.0932693831999,0.00181167366344221,0.0071594842461591
"CR-Pa","Model B","Temperature",29.1721504234865,0.0016447131232321,0.00649967923740641
"CR-Pa","Model B","Temperature",29.2510314637731,0.001489808144624,0.0058875161440328
"CR-Pa","Model B","Temperature",29.3299125040598,0.00134534160970952,0.00531660433928082
"CR-Pa","Model B","Temperature",29.4087935443464,0.00121100454779679,0.00478572281362455
"CR-Pa","Model B","Temperature",29.487674584633,0.00108647061604108,0.00429358190518784
"CR-Pa","Model B","Temperature",29.5665556249196,0.000972775090002299,0.00384427288008076
"CR-Pa","Model B","Temperature",29.6454366652062,0.000869349182944216,0.00343554797163332
"CR-Pa","Model B","Temperature",29.7243177054929,0.000774278580616885,0.00305984207416936
"CR-Pa","Model B","Temperature",29.8031987457795,0.000687171494436017,0.00271560689328373
"CR-Pa","Model B","Temperature",29.8820797860661,0.000607633157966574,0.0024012823665162
"CR-Pa","Model B","Temperature",29.9609608263527,0.000536000662978872,0.00211820063401306
"CR-Pa","Model B","Temperature",30.0398418666393,0.000472241193629327,0.00186623201209017
"CR-Pa","Model B","Temperature",30.118722906926,0.000414502787014392,0.00163805779898574
"CR-Pa","Model B","Temperature",30.1976039472126,0.000362406488356708,0.00143218041772811
"CR-Pa","Model B","Temperature",30.2764849874992,0.000315580406986645,0.00124713020772432
"CR-Pa","Model B","Temperature",30.3553660277858,0.000273960945192006,0.00108265583959436
"CR-Pa","Model B","Temperature",30.4342470680725,0.000237795027018596,0.000939733123083468
"CR-Pa","Model B","Temperature",30.5131281083591,0.000205546784252883,0.000812292519013107
"CR-Pa","Model B","Temperature",30.5920091486457,0.000176909131157241,0.000699120466936323
"CR-Pa","Model B","Temperature",30.6708901889323,0.00015158671008504,0.000599049754202904
"CR-Pa","Model B","Temperature",30.7497712292189,0.000129363103764932,0.000511225129629322
"CR-Pa","Model B","Temperature",30.8286522695056,0.00011055477632866,0.000436897215781562
"CR-Pa","Model B","Temperature",30.9075333097922,9.4048126236105e-05,0.000371665213087452
"CR-Pa","Model B","Temperature",30.9864143500788,7.96281481340166e-05,0.000314679450068905
"CR-Pa","Model B","Temperature",31.0652953903654,6.7091597881242e-05,0.000265136733934596
"CR-Pa","Model B","Temperature",31.144176430652,5.62469444234505e-05,0.000222280160395523
"CR-Pa","Model B","Temperature",31.2230574709387,4.72824133951958e-05,0.000186853571177988
"CR-Pa","Model B","Temperature",31.3019385112253,3.95639499678011e-05,0.000156351269119906
"CR-Pa","Model B","Temperature",31.3808195515119,3.29335635193246e-05,0.000130148897091369
"CR-Pa","Model B","Temperature",31.4597005917985,2.72686070573119e-05,0.0001077617711076
"CR-Pa","Model B","Temperature",31.5385816320851,2.24554716525867e-05,8.87409243623388e-05
"CR-Pa","Model B","Temperature",31.6174626723718,1.85412571283897e-05,7.32724888556758e-05
"CR-Pa","Model B","Temperature",31.6963437126584,1.52536379579927e-05,6.02802716960434e-05
"CR-Pa","Model B","Temperature",31.775224752945,1.24773366280772e-05,4.93087120629724e-05
"CR-Pa","Model B","Temperature",31.8541057932316,1.01470495735861e-05,4.00997392814404e-05
"CR-Pa","Model B","Wet Days",0,5.2168362856039e-07,2.53744758248716e-05
"CR-Pa","Model B","Wet Days",0.610567514677104,6.1744837797434e-07,3.00324336097169e-05
"CR-Pa","Model B","Wet Days",1.22113502935421,7.34707197761527e-07,3.57358540834504e-05
"CR-Pa","Model B","Wet Days",1.83170254403131,8.70075805290905e-07,4.23201271392861e-05
"CR-Pa","Model B","Wet Days",2.44227005870841,1.02541781789826e-06,4.98758983532873e-05
"CR-Pa","Model B","Wet Days",3.05283757338552,1.20513501540965e-06,5.86172684747734e-05
"CR-Pa","Model B","Wet Days",3.66340508806262,1.42270695083395e-06,6.91998773843712e-05
"CR-Pa","Model B","Wet Days",4.27397260273973,1.67202099909244e-06,8.13264095276042e-05
"CR-Pa","Model B","Wet Days",4.88454011741683,1.95613288335055e-06,9.5145494014806e-05
"CR-Pa","Model B","Wet Days",5.49510763209393,2.28294020566435e-06,0.000111041266942023
"CR-Pa","Model B","Wet Days",6.10567514677104,2.67420577371965e-06,0.000130072262269826
"CR-Pa","Model B","Wet Days",6.71624266144814,3.11927767888255e-06,0.000151720375569932
"CR-Pa","Model B","Wet Days",7.32681017612524,3.62298421579498e-06,0.000176220453095816
"CR-Pa","Model B","Wet Days",7.93737769080235,4.19899436322414e-06,0.000204237348318607
"CR-Pa","Model B","Wet Days",8.54794520547945,4.88112306386288e-06,0.000237415806058546
"CR-Pa","Model B","Wet Days",9.15851272015655,5.65145677415227e-06,0.0002748845189694
"CR-Pa","Model B","Wet Days",9.76908023483366,6.5173416058906e-06,0.000317000798889278
"CR-Pa","Model B","Wet Days",10.3796477495108,7.50159935080889e-06,0.000364874688324513
"CR-Pa","Model B","Wet Days",10.9902152641879,8.65474902250791e-06,0.0004209634111923
"CR-Pa","Model B","Wet Days",11.600782778865,9.9477126423734e-06,0.000483852626645066
"CR-Pa","Model B","Wet Days",12.2113502935421,1.13912399598841e-05,0.000554065198049304
"CR-Pa","Model B","Wet Days",12.8219178082192,1.30220806464133e-05,0.000633388614213898
"CR-Pa","Model B","Wet Days",13.4324853228963,1.49127079447092e-05,0.000725347943677305
"CR-Pa","Model B","Wet Days",14.0430528375734,1.70175607021001e-05,0.000827727110826402
"CR-Pa","Model B","Wet Days",14.6536203522505,1.93517422239431e-05,0.000941260734184128
"CR-Pa","Model B","Wet Days",15.2641878669276,2.19723032610332e-05,0.00106872373866203
"CR-Pa","Model B","Wet Days",15.8747553816047,2.4978889594687e-05,0.00121496285383077
"CR-Pa","Model B","Wet Days",16.4853228962818,2.83026010422291e-05,0.00137662680331532
"CR-Pa","Model B","Wet Days",17.0958904109589,3.19637609153928e-05,0.00155470410458879
"CR-Pa","Model B","Wet Days",17.706457925636,3.60476905143905e-05,0.00175334475038825
"CR-Pa","Model B","Wet Days",18.3170254403131,4.06853491132686e-05,0.0019789185456135
"CR-Pa","Model B","Wet Days",18.9275929549902,4.57762064735365e-05,0.00222653574106289
"CR-Pa","Model B","Wet Days",19.5381604696673,5.13463588614423e-05,0.00249746564832833
"CR-Pa","Model B","Wet Days",20.1487279843444,5.75185954970732e-05,0.00279768068426572
"CR-Pa","Model B","Wet Days",20.7592954990215,6.44568026346727e-05,0.0031351522084667
"CR-Pa","Model B","Wet Days",21.3698630136986,7.20195433362307e-05,0.00350300078679187
"CR-Pa","Model B","Wet Days",21.9804305283757,8.02386193346545e-05,0.00390277324237055
"CR-Pa","Model B","Wet Days",22.5909980430528,8.92838056047753e-05,0.00434272735972709
"CR-Pa","Model B","Wet Days",23.2015655577299,9.93492939421332e-05,0.00483230854744161
"CR-Pa","Model B","Wet Days",23.812133072407,0.000110243389206678,0.0053621928332239
"CR-Pa","Model B","Wet Days",24.4227005870841,0.000122002559905772,0.00593415403018175
"CR-Pa","Model B","Wet Days",25.0332681017613,0.000134851822824269,0.00655913686162029
"CR-Pa","Model B","Wet Days",25.6438356164384,0.000149007181459476,0.00724764764826819
"CR-Pa","Model B","Wet Days",26.2544031311155,0.000164218689232955,0.00798752909197603
"CR-Pa","Model B","Wet Days",26.8649706457926,0.000180525145425092,0.00878066837368687
"CR-Pa","Model B","Wet Days",27.4755381604697,0.000198211520225131,0.0096409263254874
"CR-Pa","Model B","Wet Days",28.0861056751468,0.000217500206555622,0.010579120047106
"CR-Pa","Model B","Wet Days",28.6966731898239,0.000238078283678548,0.0115800292033295
"CR-Pa","Model B","Wet Days",29.307240704501,0.00025998305072168,0.0126454680082988
"CR-Pa","Model B","Wet Days",29.9178082191781,0.000283557784747273,0.0137921333162766
"CR-Pa","Model B","Wet Days",30.5283757338552,0.000309009071671138,0.0150300733807246
"CR-Pa","Model B","Wet Days",31.1389432485323,0.000335961758378829,0.0163410409093912
"CR-Pa","Model B","Wet Days",31.7495107632094,0.000364446373977721,0.0177265208254265
"CR-Pa","Model B","Wet Days",32.3600782778865,0.000394853586564864,0.0192055150634158
"CR-Pa","Model B","Wet Days",32.9706457925636,0.000427347157596127,0.0207859889128096
"CR-Pa","Model B","Wet Days",33.5812133072407,0.000461498005508234,0.0224470720239203
"CR-Pa","Model B","Wet Days",34.1917808219178,0.000497323605049781,0.0241896143612888
"CR-Pa","Model B","Wet Days",34.8023483365949,0.000535239531208879,0.0260338293203754
"CR-Pa","Model B","Wet Days",35.412915851272,0.000575338943777741,0.0279842481549246
"CR-Pa","Model B","Wet Days",36.0234833659491,0.000617156163257012,0.030018220406782
"CR-Pa","Model B","Wet Days",36.6340508806262,0.000660689162531981,0.0321356474779269
"CR-Pa","Model B","Wet Days",37.2446183953033,0.000706343583797381,0.0343562596368597
"CR-Pa","Model B","Wet Days",37.8551859099804,0.000754119384587353,0.0366800548180587
"CR-Pa","Model B","Wet Days",38.4657534246575,0.000803540870726386,0.0390838954536652
"CR-Pa","Model B","Wet Days",39.0763209393346,0.000854581132898985,0.0415664726857084
"CR-Pa","Model B","Wet Days",39.6868884540117,0.000907590292400639,0.0441448162691237
"CR-Pa","Model B","Wet Days",40.2974559686888,0.000962464533974278,0.0468138766727651
"CR-Pa","Model B","Wet Days",40.9080234833659,0.00101875245966387,0.0495516980868357
"CR-Pa","Model B","Wet Days",41.5185909980431,0.00107639938737403,0.0523556207968431
"CR-Pa","Model B","Wet Days",42.1291585127202,0.0011356481424918,0.0552374557291342
"CR-Pa","Model B","Wet Days",42.7397260273973,0.00119629870697618,0.0581874740889599
"CR-Pa","Model B","Wet Days",43.3502935420744,0.00125796252070856,0.0611867764729346
"CR-Pa","Model B","Wet Days",43.9608610567515,0.00132055802383337,0.0642313958434318
"CR-Pa","Model B","Wet Days",44.5714285714286,0.00138417021264113,0.0673254663848512
"CR-Pa","Model B","Wet Days",45.1819960861057,0.00144853190017182,0.0704559922340183
"CR-Pa","Model B","Wet Days",45.7925636007828,0.00151335491754218,0.0736089569756923
"CR-Pa","Model B","Wet Days",46.4031311154599,0.00157853628683376,0.0767793518065309
"CR-Pa","Model B","Wet Days",47.013698630137,0.00164396322843879,0.0799616911730806
"CR-Pa","Model B","Wet Days",47.6242661448141,0.0017093505931449,0.0831421055356431
"CR-Pa","Model B","Wet Days",48.2348336594912,0.00177454102233672,0.0863129410362813
"CR-Pa","Model B","Wet Days",48.8454011741683,0.00183942005717345,0.0894686304443395
"CR-Pa","Model B","Wet Days",49.4559686888454,0.0019036572501874,0.0925931009317273
"CR-Pa","Model B","Wet Days",50.0665362035225,0.00196701208411158,0.0956746538381006
"CR-Pa","Model B","Wet Days",50.6771037181996,0.00202947546674892,0.0987128469227577
"CR-Pa","Model B","Wet Days",51.2876712328767,0.00209093474250668,0.101702200664283
"CR-Pa","Model B","Wet Days",51.8982387475538,0.00215084925825492,0.104616417918154
"CR-Pa","Model B","Wet Days",52.5088062622309,0.00220908748406069,0.107449101122857
"CR-Pa","Model B","Wet Days",53.119373776908,0.0022657889912307,0.110207038968999
"CR-Pa","Model B","Wet Days",53.7299412915851,0.00232085748464193,0.112885547701641
"CR-Pa","Model B","Wet Days",54.3405088062622,0.00237357987335457,0.115449942872542
"CR-Pa","Model B","Wet Days",54.9510763209393,0.00242398559382055,0.117901656258543
"CR-Pa","Model B","Wet Days",55.5616438356164,0.00247234503491686,0.120253839462737
"CR-Pa","Model B","Wet Days",56.1722113502935,0.00251859147517005,0.122503247180263
"CR-Pa","Model B","Wet Days",56.7827788649706,0.00256190471621765,0.124609985302163
"CR-Pa","Model B","Wet Days",57.3933463796477,0.00260250164669162,0.126584603201748
"CR-Pa","Model B","Wet Days",58.0039138943249,0.00264074965750652,0.128444970621079
"CR-Pa","Model B","Wet Days",58.614481409002,0.00267662092761249,0.130189734355803
"CR-Pa","Model B","Wet Days",59.2250489236791,0.00270927264882192,0.131777900564422
"CR-Pa","Model B","Wet Days",59.8356164383562,0.00273910176383202,0.133228776375475
"CR-Pa","Model B","Wet Days",60.4461839530333,0.00276652828078977,0.134562790811438
"CR-Pa","Model B","Wet Days",61.0567514677104,0.00279156690924238,0.135780659338599
"CR-Pa","Model B","Wet Days",61.6673189823875,0.00281344342803858,0.136844724160526
"CR-Pa","Model B","Wet Days",62.2778864970646,0.00283269251753761,0.137780991908648
"CR-Pa","Model B","Wet Days",62.8884540117417,0.00284973920185232,0.13861013557994
"CR-Pa","Model B","Wet Days",63.4990215264188,0.00286463805902139,0.139334809827621
"CR-Pa","Model B","Wet Days",64.1095890410959,0.00287676754873943,0.139924783188426
"CR-Pa","Model B","Wet Days",64.720156555773,0.0028867297481283,0.140409340444426
"CR-Pa","Model B","Wet Days",65.3307240704501,0.0028949114856039,0.140807296769705
"CR-Pa","Model B","Wet Days",65.9412915851272,0.00290139900973559,0.141122847258987
"CR-Pa","Model B","Wet Days",66.5518590998043,0.00290578839796511,0.141336345286179
"CR-Pa","Model B","Wet Days",67.1624266144814,0.00290866381320993,0.141476204293865
"CR-Pa","Model B","Wet Days",67.7729941291585,0.00291034120664401,0.141557792016407
"CR-Pa","Model B","Wet Days",68.3835616438356,0.00291092661200181,0.141586265890774
"CR-Pa","Model B","Wet Days",68.9941291585127,0.00291027166231735,0.141554409409135
"CR-Pa","Model B","Wet Days",69.6046966731898,0.0029088580185434,0.141485650360924
"CR-Pa","Model B","Wet Days",70.2152641878669,0.00290691204913277,0.141390999214017
"CR-Pa","Model B","Wet Days",70.825831702544,0.00290454637450426,0.141275933778982
"CR-Pa","Model B","Wet Days",71.4363992172211,0.00290187659243426,0.141146076683831
"CR-Pa","Model B","Wet Days",72.0469667318982,0.00289921229762838,0.141016486486936
"CR-Pa","Model B","Wet Days",72.6575342465753,0.00289668588558044,0.140893602850332
"CR-Pa","Model B","Wet Days",73.2681017612524,0.00289440428345818,0.140782626667213
"CR-Pa","Model B","Wet Days",73.8786692759295,0.00289272823080703,0.140701104159798
"CR-Pa","Model B","Wet Days",74.4892367906067,0.00289175047626831,0.140653546583621
"CR-Pa","Model B","Wet Days",75.0998043052838,0.00289151703846664,0.140642192265543
"CR-Pa","Model B","Wet Days",75.7103718199609,0.00289211934381,0.140671488148214
"CR-Pa","Model B","Wet Days",76.320939334638,0.00289412264708348,0.140768927990487
"CR-Pa","Model B","Wet Days",76.9315068493151,0.00289738678079931,0.140927694103753
"CR-Pa","Model B","Wet Days",77.5420743639922,0.00290188701355763,0.141146583562959
"CR-Pa","Model B","Wet Days",78.1526418786693,0.00290769258308895,0.141428964062667
"CR-Pa","Model B","Wet Days",78.7632093933464,0.00291551729954822,0.141809555033444
"CR-Pa","Model B","Wet Days",79.3737769080235,0.00292499950717053,0.142270765688535
"CR-Pa","Model B","Wet Days",79.9843444227006,0.00293606303454586,0.142808891082077
"CR-Pa","Model B","Wet Days",80.5949119373777,0.0029487512231615,0.143426039326076
"CR-Pa","Model B","Wet Days",81.2054794520548,0.00296386105801651,0.1441609754411
"CR-Pa","Model B","Wet Days",81.8160469667319,0.00298084397932975,0.144987017706386
"CR-Pa","Model B","Wet Days",82.426614481409,0.00299959165705568,0.145898896993344
"CR-Pa","Model B","Wet Days",83.0371819960861,0.00302012025515909,0.146897399510532
"CR-Pa","Model B","Wet Days",83.6477495107632,0.00304323995593308,0.148021932189441
"CR-Pa","Model B","Wet Days",84.2583170254403,0.00306826772911253,0.149239272720607
"CR-Pa","Model B","Wet Days",84.8688845401174,0.00309507983651959,0.150543402530261
"CR-Pa","Model B","Wet Days",85.4794520547945,0.00312366587261417,0.15193381549724
"CR-Pa","Model B","Wet Days",86.0900195694716,0.00315477893385122,0.153447141921486
"CR-Pa","Model B","Wet Days",86.7005870841487,0.00318766679678468,0.155046793965848
"CR-Pa","Model B","Wet Days",87.3111545988258,0.00322220332704635,0.156726636506849
"CR-Pa","Model B","Wet Days",87.9217221135029,0.00325835382004969,0.158484981527762
"CR-Pa","Model B","Wet Days",88.53228962818,0.00329674857152952,0.160352486352315
"CR-Pa","Model B","Wet Days",89.1428571428571,0.00333663949539349,0.162292764382529
"CR-Pa","Model B","Wet Days",89.7534246575342,0.00337790715799928,0.164300006415462
"CR-Pa","Model B","Wet Days",90.3639921722113,0.00342049660298214,0.166371539396273
"CR-Pa","Model B","Wet Days",90.9745596868885,0.0034648604773565,0.168529379888444
"CR-Pa","Model B","Wet Days",91.5851272015656,0.0035103305383276,0.170741024838949
"CR-Pa","Model B","Wet Days",92.1956947162427,0.00355679969342889,0.173001265314529
"CR-Pa","Model B","Wet Days",92.8062622309198,0.00360419878515832,0.175306737522902
"CR-Pa","Model B","Wet Days",93.4168297455969,0.00365276638686457,0.177669045573029
"CR-Pa","Model B","Wet Days",94.027397260274,0.00370198444469429,0.180062991539847
"CR-Pa","Model B","Wet Days",94.6379647749511,0.00375176113768022,0.182484109289505
"CR-Pa","Model B","Wet Days",95.2485322896282,0.00380202113267645,0.184928734648957
"CR-Pa","Model B","Wet Days",95.8590998043053,0.00385277828195182,0.187397541386829
"CR-Pa","Model B","Wet Days",96.4696673189824,0.00390371974603968,0.189875313120912
"CR-Pa","Model B","Wet Days",97.0802348336595,0.00395477001348207,0.192358377005139
"CR-Pa","Model B","Wet Days",97.6908023483366,0.00400585695827195,0.194843224860369
"CR-Pa","Model B","Wet Days",98.3013698630137,0.00405678963932316,0.197320569391184
"CR-Pa","Model B","Wet Days",98.9119373776908,0.00410748938406498,0.199786583996298
"CR-Pa","Model B","Wet Days",99.5225048923679,0.00415789693562877,0.202238386446139
"CR-Pa","Model B","Wet Days",100.133072407045,0.00420794799586515,0.204672849305328
"CR-Pa","Model B","Wet Days",100.743639921722,0.00425731156151551,0.207073872712332
"CR-Pa","Model B","Wet Days",101.354207436399,0.00430612297015634,0.209448039430871
"CR-Pa","Model B","Wet Days",101.964774951076,0.00435434360033322,0.211793470929383
"CR-Pa","Model B","Wet Days",102.575342465753,0.0044019199777839,0.214107566241878
"CR-Pa","Model B","Wet Days",103.185909980431,0.00444846914732197,0.216371698586554
"CR-Pa","Model B","Wet Days",103.796477495108,0.0044942829682988,0.218600063881493
"CR-Pa","Model B","Wet Days",104.407045009785,0.00453934788838823,0.220792002947157
"CR-Pa","Model B","Wet Days",105.017612524462,0.00458362568635929,0.222945656718689
"CR-Pa","Model B","Wet Days",105.628180039139,0.00462676571974117,0.2250439700914
"CR-Pa","Model B","Wet Days",106.238747553816,0.00466914121303091,0.227105096550389
"CR-Pa","Model B","Wet Days",106.849315068493,0.00471076356821637,0.229129590683629
"CR-Pa","Model B","Wet Days",107.45988258317,0.00475161445938478,0.231116561126304
"CR-Pa","Model B","Wet Days",108.070450097847,0.00479143978219542,0.23305364834843
"CR-Pa","Model B","Wet Days",108.681017612524,0.00483061476864318,0.234959103478968
"CR-Pa","Model B","Wet Days",109.291585127202,0.00486917098891809,0.236834462078899
"CR-Pa","Model B","Wet Days",109.902152641879,0.0049071131686412,0.238679954000476
"CR-Pa","Model B","Wet Days",110.512720156556,0.00494431680277875,0.240489523370375
"CR-Pa","Model B","Wet Days",111.123287671233,0.00498109025743505,0.242278168988311
"CR-Pa","Model B","Wet Days",111.73385518591,0.00501747688166699,0.244047999334473
"CR-Pa","Model B","Wet Days",112.344422700587,0.00505350453883132,0.245800369671004
"CR-Pa","Model B","Wet Days",112.954990215264,0.00508917727144901,0.247535476624451
"CR-Pa","Model B","Wet Days",113.565557729941,0.00512469044647647,0.249262822762733
"CR-Pa","Model B","Wet Days",114.176125244618,0.00516008924530638,0.250984605690094
"CR-Pa","Model B","Wet Days",114.786692759295,0.00519542088083195,0.252703121822124
"CR-Pa","Model B","Wet Days",115.397260273973,0.00523078869639129,0.254423397736025
"CR-Pa","Model B","Wet Days",116.00782778865,0.00526625830327766,0.256148624737952
"CR-Pa","Model B","Wet Days",116.618395303327,0.00530186770120605,0.257880651118319
"CR-Pa","Model B","Wet Days",117.228962818004,0.005337676262599,0.25962236472719
"CR-Pa","Model B","Wet Days",117.839530332681,0.0053738419552733,0.261381449053808
"CR-Pa","Model B","Wet Days",118.450097847358,0.00541031259279588,0.263155365771663
"CR-Pa","Model B","Wet Days",119.060665362035,0.00544711315153035,0.264945329720745
"CR-Pa","Model B","Wet Days",119.671232876712,0.00548430643562771,0.266754395668972
"CR-Pa","Model B","Wet Days",120.281800391389,0.00552206047050659,0.268590736303178
"CR-Pa","Model B","Wet Days",120.892367906067,0.00556023836534061,0.270447693310213
"CR-Pa","Model B","Wet Days",121.502935420744,0.00559885075406626,0.272325783920346
"CR-Pa","Model B","Wet Days",122.113502935421,0.00563795648184316,0.274227870337793
"CR-Pa","Model B","Wet Days",122.724070450098,0.00567770269452464,0.27616110967597
"CR-Pa","Model B","Wet Days",123.334637964775,0.00571790985014245,0.278116769087837
"CR-Pa","Model B","Wet Days",123.945205479452,0.00575857751022987,0.280094827246553
"CR-Pa","Model B","Wet Days",124.555772994129,0.00579975756146862,0.282097807898846
"CR-Pa","Model B","Wet Days",125.166340508806,0.00584156647886701,0.284131376340925
"CR-Pa","Model B","Wet Days",125.776908023483,0.005883819846736,0.286186562669984
"CR-Pa","Model B","Wet Days",126.38747553816,0.00592651275963968,0.28826312828765
"CR-Pa","Model B","Wet Days",126.998043052838,0.00596969369109241,0.290363430925604
"CR-Pa","Model B","Wet Days",127.608610567515,0.00601345934120252,0.292492174037101
"CR-Pa","Model B","Wet Days",128.219178082192,0.00605764332627095,0.294641264787868
"CR-Pa","Model B","Wet Days",128.829745596869,0.00610224396999885,0.29681062164342
"CR-Pa","Model B","Wet Days",129.440313111546,0.00614731666353049,0.299002938806097
"CR-Pa","Model B","Wet Days",130.050880626223,0.00619296206325198,0.301223112160867
"CR-Pa","Model B","Wet Days",130.6614481409,0.00623903471941634,0.303464067092224
"CR-Pa","Model B","Wet Days",131.272015655577,0.00628554234186128,0.305726178603481
"CR-Pa","Model B","Wet Days",131.882583170254,0.00633256208661792,0.308013199532069
"CR-Pa","Model B","Wet Days",132.493150684931,0.00638022277763057,0.31033139582133
"CR-Pa","Model B","Wet Days",133.103718199609,0.00642838433894277,0.312673954234706
"CR-Pa","Model B","Wet Days",133.714285714286,0.00647706619658961,0.315041819646504
"CR-Pa","Model B","Wet Days",134.324853228963,0.00652638195534588,0.317440517745963
"CR-Pa","Model B","Wet Days",134.93542074364,0.00657650072492343,0.319878273959489
"CR-Pa","Model B","Wet Days",135.545988258317,0.00662726132292941,0.32234724844219
"CR-Pa","Model B","Wet Days",136.156555772994,0.0066786921110532,0.324848820694903
"CR-Pa","Model B","Wet Days",136.767123287671,0.00673095148087916,0.327390694818749
"CR-Pa","Model B","Wet Days",137.377690802348,0.00678424042639164,0.329982647077958
"CR-Pa","Model B","Wet Days",137.988258317025,0.00683835047589627,0.332614537495579
"CR-Pa","Model B","Wet Days",138.598825831703,0.00689331117626401,0.335287803219189
"CR-Pa","Model B","Wet Days",139.20939334638,0.00694932160438506,0.338012127266352
"CR-Pa","Model B","Wet Days",139.819960861057,0.00700658452107531,0.340797371839252
"CR-Pa","Model B","Wet Days",140.430528375734,0.007064829847234,0.343630400402183
"CR-Pa","Model B","Wet Days",141.041095890411,0.00712407720787727,0.346512167507812
"CR-Pa","Model B","Wet Days",141.651663405088,0.00718454571009826,0.349453330434482
"CR-Pa","Model B","Wet Days",142.262230919765,0.00724639486426944,0.352461647700708
"CR-Pa","Model B","Wet Days",142.872798434442,0.00730929903322061,0.355521280449275
"CR-Pa","Model B","Wet Days",143.483365949119,0.00737325617543083,0.358632129381452
"CR-Pa","Model B","Wet Days",144.093933463796,0.00743846770890481,0.361803991385642
"CR-Pa","Model B","Wet Days",144.704500978474,0.00750500293824492,0.365040237409025
"CR-Pa","Model B","Wet Days",145.315068493151,0.00757250996980533,0.368323751490281
"CR-Pa","Model B","Wet Days",145.925636007828,0.00764095582605265,0.37165292961583
"CR-Pa","Model B","Wet Days",146.536203522505,0.0077104733146882,0.37503423149731
"CR-Pa","Model B","Wet Days",147.146771037182,0.00778100774138916,0.378464996825491
"CR-Pa","Model B","Wet Days",147.757338551859,0.00785222982426297,0.381929209465373
"CR-Pa","Model B","Wet Days",148.367906066536,0.00792407149287241,0.385423558499056
"CR-Pa","Model B","Wet Days",148.978473581213,0.00799654058525734,0.388948425165558
"CR-Pa","Model B","Wet Days",149.58904109589,0.00806945014733344,0.392494716095574
"CR-Pa","Model B","Wet Days",150.199608610568,0.00814255263319419,0.396050390758646
"CR-Pa","Model B","Wet Days",150.810176125245,0.00821574723069342,0.399610545693699
"CR-Pa","Model B","Wet Days",151.420743639922,0.00828886496827488,0.403166962194155
"CR-Pa","Model B","Wet Days",152.031311154599,0.00836160947549055,0.406705224924059
"CR-Pa","Model B","Wet Days",152.641878669276,0.00843387195858289,0.410220042200062
"CR-Pa","Model B","Wet Days",153.252446183953,0.00850552746618922,0.413705336439586
"CR-Pa","Model B","Wet Days",153.86301369863,0.00857619256274973,0.417142457495665
"CR-Pa","Model B","Wet Days",154.473581213307,0.00864551235905404,0.420514143703958
"CR-Pa","Model B","Wet Days",155.084148727984,0.00871355970952821,0.423823938673599
"CR-Pa","Model B","Wet Days",155.694716242661,0.00878019856274115,0.427065224919278
"CR-Pa","Model B","Wet Days",156.305283757339,0.00884481445312179,0.43020811508988
"CR-Pa","Model B","Wet Days",156.915851272016,0.00890706231695566,0.433235825429115
"CR-Pa","Model B","Wet Days",157.526418786693,0.00896721694306138,0.436161721551418
"CR-Pa","Model B","Wet Days",158.13698630137,0.00902514585875999,0.4389793600405
"CR-Pa","Model B","Wet Days",158.747553816047,0.00908001060972516,0.441647958824872
"CR-Pa","Model B","Wet Days",159.358121330724,0.00913154708482274,0.444154671648258
"CR-Pa","Model B","Wet Days",159.968688845401,0.00918022667451797,0.446522426747828
"CR-Pa","Model B","Wet Days",160.579256360078,0.00922593388048393,0.448745606332755
"CR-Pa","Model B","Wet Days",161.189823874755,0.00926763481865947,0.450773922710115
"CR-Pa","Model B","Wet Days",161.800391389432,0.00930520607528335,0.45260137308563
"CR-Pa","Model B","Wet Days",162.41095890411,0.00933928737533207,0.454259073417444
"CR-Pa","Model B","Wet Days",163.021526418787,0.00936979009057787,0.455742712865232
"CR-Pa","Model B","Wet Days",163.632093933464,0.00939552947315,0.4569946657828
"CR-Pa","Model B","Wet Days",164.242661448141,0.00941656137669422,0.458017648868366
"CR-Pa","Model B","Wet Days",164.853228962818,0.0094336496009584,0.458848813025612
"CR-Pa","Model B","Wet Days",165.463796477495,0.00944673779132459,0.45948541718924
"CR-Pa","Model B","Wet Days",166.074363992172,0.00945454404206067,0.459865109994882
"CR-Pa","Model B","Wet Days",166.684931506849,0.00945731729766651,0.46
"CR-Pa","Model B","Wet Days",167.295499021526,0.00945589394984611,0.459930768950985
"CR-Pa","Model B","Wet Days",167.906066536204,0.00945025110684984,0.459656303402607
"CR-Pa","Model B","Wet Days",168.516634050881,0.00943906641622459,0.459112284678726
"CR-Pa","Model B","Wet Days",169.127201565558,0.00942277306109964,0.458319782627502
"CR-Pa","Model B","Wet Days",169.737769080235,0.00940222942280564,0.457320548561667
"CR-Pa","Model B","Wet Days",170.348336594912,0.00937744420492819,0.456115005820023
"CR-Pa","Model B","Wet Days",170.958904109589,0.00934711022690624,0.454639573680981
"CR-Pa","Model B","Wet Days",171.569471624266,0.00931181874281101,0.452923010497909
"CR-Pa","Model B","Wet Days",172.180039138943,0.00927240610320417,0.451005996016051
"CR-Pa","Model B","Wet Days",172.79060665362,0.00922890909529514,0.448890319550053
"CR-Pa","Model B","Wet Days",173.401174168297,0.00918008829020498,0.446515695792107
"CR-Pa","Model B","Wet Days",174.011741682975,0.00912665536760275,0.443916740546829
"CR-Pa","Model B","Wet Days",174.622309197652,0.00906938994342457,0.441131374010754
"CR-Pa","Model B","Wet Days",175.232876712329,0.00900835281917943,0.43816255354412
"CR-Pa","Model B","Wet Days",175.843444227006,0.00894242113851937,0.434955663878791
"CR-Pa","Model B","Wet Days",176.454011741683,0.00887238224649464,0.431549001152214
"CR-Pa","Model B","Wet Days",177.06457925636,0.00879893391742276,0.427976504818459
"CR-Pa","Model B","Wet Days",177.675146771037,0.00872215679019807,0.424242097119981
"CR-Pa","Model B","Wet Days",178.285714285714,0.00864108879477483,0.42029898336785
"CR-Pa","Model B","Wet Days",178.896281800391,0.0085565435657719,0.416186738413254
"CR-Pa","Model B","Wet Days",179.506849315068,0.00846912046238036,0.411934514839236
"CR-Pa","Model B","Wet Days",180.117416829746,0.00837891553672981,0.407546984581634
"CR-Pa","Model B","Wet Days",180.727984344423,0.00828516511580162,0.402987002900824
"CR-Pa","Model B","Wet Days",181.3385518591,0.00818865677262774,0.398292877023188
"CR-Pa","Model B","Wet Days",181.949119373777,0.00808988211292914,0.393488518447574
"CR-Pa","Model B","Wet Days",182.559686888454,0.00798894752868497,0.38857910203582
"CR-Pa","Model B","Wet Days",183.170254403131,0.00788531547580592,0.383538481865857
"CR-Pa","Model B","Wet Days",183.780821917808,0.0077796944563633,0.378401119185259
"CR-Pa","Model B","Wet Days",184.391389432485,0.00767246534352331,0.373185539507228
"CR-Pa","Model B","Wet Days",185.001956947162,0.00756373890053683,0.367897130310455
"CR-Pa","Model B","Wet Days",185.61252446184,0.00745321786274252,0.362521432764818
"CR-Pa","Model B","Wet Days",186.223091976517,0.00734148200824277,0.357086647037308
"CR-Pa","Model B","Wet Days",186.833659491194,0.00722880446808356,0.351606058108985
"CR-Pa","Model B","Wet Days",187.444227005871,0.00711529372584273,0.346084942576183
"CR-Pa","Model B","Wet Days",188.054794520548,0.00700089069198915,0.34052042634856
"CR-Pa","Model B","Wet Days",188.665362035225,0.00688600565593295,0.33493246573325
"CR-Pa","Model B","Wet Days",189.275929549902,0.00677081269163005,0.329329527615438
"CR-Pa","Model B","Wet Days",189.886497064579,0.00665541139592481,0.323716456344422
"CR-Pa","Model B","Wet Days",190.497064579256,0.00653996224441588,0.318101057386918
"CR-Pa","Model B","Wet Days",191.107632093933,0.00642467982166393,0.312493768047162
"CR-Pa","Model B","Wet Days",191.718199608611,0.00630965287934159,0.306898905169786
"CR-Pa","Model B","Wet Days",192.328767123288,0.00619496660043206,0.301320612019846
"CR-Pa","Model B","Wet Days",192.939334637965,0.00608096876979637,0.295775804709071
"CR-Pa","Model B","Wet Days",193.549902152642,0.00596767041612419,0.290265019668364
"CR-Pa","Model B","Wet Days",194.160469667319,0.00585509244429393,0.28478927370236
"CR-Pa","Model B","Wet Days",194.771037181996,0.00574330216121431,0.279351840591247
"CR-Pa","Model B","Wet Days",195.381604696673,0.00563279436602436,0.273976787160406
"CR-Pa","Model B","Wet Days",195.99217221135,0.00552338738234056,0.268655276745718
"CR-Pa","Model B","Wet Days",196.602739726027,0.00541505355811541,0.263385964363033
"CR-Pa","Model B","Wet Days",197.213307240704,0.00530784149871241,0.258171214157121
"CR-Pa","Model B","Wet Days",197.823874755382,0.00520235169379415,0.253040233696693
"CR-Pa","Model B","Wet Days",198.434442270059,0.00509823564180224,0.247976072010154
"CR-Pa","Model B","Wet Days",199.045009784736,0.00499543604446445,0.242975942133254
"CR-Pa","Model B","Wet Days",199.655577299413,0.00489398455344573,0.238041383589879
"CR-Pa","Model B","Wet Days",200.26614481409,0.00479455152511211,0.233205002236285
"CR-Pa","Model B","Wet Days",200.876712328767,0.00469665573098161,0.228443391318235
"CR-Pa","Model B","Wet Days",201.487279843444,0.0046002267775127,0.223753126922998
"CR-Pa","Model B","Wet Days",202.097847358121,0.00450528297781653,0.219135099792724
"CR-Pa","Model B","Wet Days",202.708414872798,0.00441253846943833,0.214624045282107
"CR-Pa","Model B","Wet Days",203.318982387476,0.00432141366550692,0.210191772525562
"CR-Pa","Model B","Wet Days",203.929549902153,0.00423183790693195,0.205834844694172
"CR-Pa","Model B","Wet Days",204.54011741683,0.00414382050133769,0.201553714506931
"CR-Pa","Model B","Wet Days",205.150684931507,0.00405810381328162,0.19738449026873
"CR-Pa","Model B","Wet Days",205.761252446184,0.00397403788997826,0.193295558545027
"CR-Pa","Model B","Wet Days",206.371819960861,0.00389156036238145,0.189283885731227
"CR-Pa","Model B","Wet Days",206.982387475538,0.00381067532212656,0.18534967084278
"CR-Pa","Model B","Wet Days",207.592954990215,0.00373214554388105,0.181530014923881
"CR-Pa","Model B","Wet Days",208.203522504892,0.00365526902888276,0.177790773045221
"CR-Pa","Model B","Wet Days",208.814090019569,0.00357999617419069,0.174129532540274
"CR-Pa","Model B","Wet Days",209.424657534247,0.00350632808475942,0.170546347153574
"CR-Pa","Model B","Wet Days",210.035225048924,0.0034350424102916,0.167079041444873
"CR-Pa","Model B","Wet Days",210.645792563601,0.00336539478451662,0.163691409746781
"CR-Pa","Model B","Wet Days",211.256360078278,0.00329734946414404,0.160381713520441
"CR-Pa","Model B","Wet Days",211.866927592955,0.00323090474522502,0.157149869886486
"CR-Pa","Model B","Wet Days",212.477495107632,0.00316684353038761,0.154033958904787
"CR-Pa","Model B","Wet Days",213.088062622309,0.00310438505970619,0.150996004735634
"CR-Pa","Model B","Wet Days",213.698630136986,0.00304350605267444,0.148034875024832
"CR-Pa","Model B","Wet Days",214.309197651663,0.00298420028762604,0.145150267153105
"CR-Pa","Model B","Wet Days",214.91976516634,0.00292723702730306,0.142379597741914
"CR-Pa","Model B","Wet Days",215.530332681018,0.00287180850729116,0.139683577464392
"CR-Pa","Model B","Wet Days",216.140900195695,0.00281790086037486,0.137061531824915
"CR-Pa","Model B","Wet Days",216.751467710372,0.00276551579522335,0.134513543932445
"CR-Pa","Model B","Wet Days",217.362035225049,0.00271533282931167,0.132072665235791
"CR-Pa","Model B","Wet Days",217.972602739726,0.00266658257718347,0.129701473144721
"CR-Pa","Model B","Wet Days",218.583170254403,0.00261924127793485,0.1273988119387
"CR-Pa","Model B","Wet Days",219.19373776908,0.00257331299716029,0.125164879366562
"CR-Pa","Model B","Wet Days",219.804305283757,0.00252935624224924,0.123026840996625
"CR-Pa","Model B","Wet Days",220.414872798434,0.00248666515492931,0.120950364174597
"CR-Pa","Model B","Wet Days",221.025440313112,0.00244520437822021,0.118933729151588
"CR-Pa","Model B","Wet Days",221.636007827789,0.0024049735874807,0.116976920137182
"CR-Pa","Model B","Wet Days",222.246575342466,0.00236638313622639,0.115099896556577
"CR-Pa","Model B","Wet Days",222.857142857143,0.00232882140970362,0.113272909721236
"CR-Pa","Model B","Wet Days",223.46771037182,0.00229224222671988,0.111493713397066
"CR-Pa","Model B","Wet Days",224.078277886497,0.00225663434501411,0.10976176076514
"CR-Pa","Model B","Wet Days",224.688845401174,0.00222224456430432,0.108089056061618
"CR-Pa","Model B","Wet Days",225.299412915851,0.00218858674656525,0.106451953734112
"CR-Pa","Model B","Wet Days",225.909980430528,0.00215560725732945,0.104847845024319
"CR-Pa","Model B","Wet Days",226.520547945205,0.00212327905127827,0.10327541445913
"CR-Pa","Model B","Wet Days",227.131115459883,0.00209168816132147,0.101738846643676
"CR-Pa","Model B","Wet Days",227.74168297456,0.00206049822018768,0.100221780813064
"CR-Pa","Model B","Wet Days",228.352250489237,0.00202965376657838,0.0987215193526836
"CR-Pa","Model B","Wet Days",228.962818003914,0.00199911012301151,0.0972358891682943
"CR-Pa","Model B","Wet Days",229.573385518591,0.00196881589702228,0.0957623905516747
"CR-Pa","Model B","Wet Days",230.183953033268,0.00193859487024795,0.0942924523145784
"CR-Pa","Model B","Wet Days",230.794520547945,0.00190839664800455,0.0928236232804303
"CR-Pa","Model B","Wet Days",231.405088062622,0.00187816117945597,0.0913529826014104
"CR-Pa","Model B","Wet Days",232.015655577299,0.00184774088321783,0.0898733519800503
"CR-Pa","Model B","Wet Days",232.626223091976,0.00181711170353921,0.0883835613545797
"CR-Pa","Model B","Wet Days",233.236790606654,0.00178623508268171,0.0868817352925577
"CR-Pa","Model B","Wet Days",233.847358121331,0.0017550422362564,0.0853645281497684
"CR-Pa","Model B","Wet Days",234.457925636008,0.00172334139472727,0.0838226123353337
"CR-Pa","Model B","Wet Days",235.068493150685,0.00169123374152989,0.0822609093696904
"CR-Pa","Model B","Wet Days",235.679060665362,0.00165869776956001,0.0806783731561875
"CR-Pa","Model B","Wet Days",236.289628180039,0.00162566633135428,0.0790717376699926
"CR-Pa","Model B","Wet Days",236.900195694716,0.00159195649430445,0.0774321051447363
"CR-Pa","Model B","Wet Days",237.510763209393,0.00155775239974132,0.075768432138553
"CR-Pa","Model B","Wet Days",238.12133072407,0.00152305214118692,0.0740806259211424
"CR-Pa","Model B","Wet Days",238.731898238748,0.00148780275361437,0.0723661102955145
"CR-Pa","Model B","Wet Days",239.342465753425,0.00145187440189638,0.0706185701348017
"CR-Pa","Model B","Wet Days",239.953033268102,0.00141548343281221,0.0688485284568252
"CR-Pa","Model B","Wet Days",240.563600782779,0.00137864692092077,0.0670568157610647
"CR-Pa","Model B","Wet Days",241.174168297456,0.00134133863834802,0.0652421563345804
"CR-Pa","Model B","Wet Days",241.784735812133,0.0013035099632881,0.0634021852328538
"CR-Pa","Model B","Wet Days",242.39530332681,0.00126535873593963,0.0615465253212822
"CR-Pa","Model B","Wet Days",243.005870841487,0.00122691742200836,0.059676755718358
"CR-Pa","Model B","Wet Days",243.616438356164,0.00118819679773625,0.0577934005760317
"CR-Pa","Model B","Wet Days",244.227005870841,0.00114923809000436,0.055898465152739
"CR-Pa","Model B","Wet Days",244.837573385519,0.00111017808956849,0.0539986028942386
"CR-Pa","Model B","Wet Days",245.448140900196,0.00107105891063993,0.0520958622183411
"CR-Pa","Model B","Wet Days",246.058708414873,0.00103193441153333,0.0501928627711853
"CR-Pa","Model B","Wet Days",246.66927592955,0.000992925942213332,0.0482955069648377
"CR-Pa","Model B","Wet Days",247.279843444227,0.000954080853423902,0.0464060979198914
"CR-Pa","Model B","Wet Days",247.890410958904,0.000915444209340162,0.0445268275391772
"CR-Pa","Model B","Wet Days",248.500978473581,0.000877113757348229,0.0426624502151088
"CR-Pa","Model B","Wet Days",249.111545988258,0.000839267660629036,0.0408216317310844
"CR-Pa","Model B","Wet Days",249.722113502935,0.000801852356940245,0.0390017668418001
"CR-Pa","Model B","Wet Days",250.332681017613,0.000764909471790665,0.0372048801947803
"CR-Pa","Model B","Wet Days",250.94324853229,0.000728576121265534,0.0354376410596733
"CR-Pa","Model B","Wet Days",251.553816046967,0.000693057196153344,0.0337100152396494
"CR-Pa","Model B","Wet Days",252.164383561644,0.00065820302947802,0.0320147229949232
"CR-Pa","Model B","Wet Days",252.774951076321,0.000624046774937519,0.0303533769076446
"CR-Pa","Model B","Wet Days",253.385518590998,0.000590755985668953,0.0287341266930707
"CR-Pa","Model B","Wet Days",253.996086105675,0.000558532380016389,0.0271667838479874
"CR-Pa","Model B","Wet Days",254.606653620352,0.000527147864107731,0.0256402539808395
"CR-Pa","Model B","Wet Days",255.217221135029,0.000496624073214935,0.0241555894223023
"CR-Pa","Model B","Wet Days",255.827788649706,0.000467147268173342,0.0227218498223337
"CR-Pa","Model B","Wet Days",256.438356164384,0.000438891814350129,0.0213475162402422
"CR-Pa","Model B","Wet Days",257.048923679061,0.000411576699460122,0.0200189203547575
"CR-Pa","Model B","Wet Days",257.659491193738,0.000385211132507242,0.0187365100880196
"CR-Pa","Model B","Wet Days",258.270058708415,0.000359987464674531,0.0175096413219786
"CR-Pa","Model B","Wet Days",258.880626223092,0.000336037435280699,0.0163447218025837
"CR-Pa","Model B","Wet Days",259.491193737769,0.000313055078532874,0.0152268694802757
"CR-Pa","Model B","Wet Days",260.101761252446,0.000291038139883139,0.014155974694777
"CR-Pa","Model B","Wet Days",260.712328767123,0.000270173350852073,0.0131411199899805
"CR-Pa","Model B","Wet Days",261.3228962818,0.000250544143112487,0.0121863634479284
"CR-Pa","Model B","Wet Days",261.933463796477,0.000231845405295215,0.011276864577877
"CR-Pa","Model B","Wet Days",262.544031311155,0.000214065705465764,0.010412067335263
"CR-Pa","Model B","Wet Days",263.154598825832,0.000197376714717373,0.00960032173102554
"CR-Pa","Model B","Wet Days",263.765166340509,0.000181816114423506,0.0088434605715776
"CR-Pa","Model B","Wet Days",264.375733855186,0.000167100132058203,0.00812768127867924
"CR-Pa","Model B","Wet Days",264.986301369863,0.000153211113691612,0.00745212517248743
"CR-Pa","Model B","Wet Days",265.59686888454,0.000140299257728679,0.00682409784126797
"CR-Pa","Model B","Wet Days",266.207436399217,0.000128364721294016,0.00624360692749695
"CR-Pa","Model B","Wet Days",266.818003913894,0.000117158729249352,0.00569855211138994
"CR-Pa","Model B","Wet Days",267.428571428571,0.000106660422585751,0.0051879188193835
"CR-Pa","Model B","Wet Days",268.039138943249,9.69952889276843e-05,0.00471781071760633
"CR-Pa","Model B","Wet Days",268.649706457926,8.81369412534907e-05,0.00428694435224345
"CR-Pa","Model B","Wet Days",269.260273972603,7.9878418109062e-05,0.00388525320380598
"CR-Pa","Model B","Wet Days",269.87084148728,7.21982767174491e-05,0.00351169430449596
"CR-Pa","Model B","Wet Days",270.481409001957,6.51968765592394e-05,0.00317114909792124
"CR-Pa","Model B","Wet Days",271.091976516634,5.88324602899952e-05,0.00286158652412722
"CR-Pa","Model B","Wet Days",271.702544031311,5.29408997766863e-05,0.00257502345863816
"CR-Pa","Model B","Wet Days",272.313111545988,4.75021315684725e-05,0.00231048402350726
"CR-Pa","Model B","Wet Days",272.923679060665,4.2593122187253e-05,0.00207171183851161
"CR-Pa","Model B","Wet Days",273.534246575342,3.81663132020035e-05,0.00185639368124547
"CR-Pa","Model B","Wet Days",274.14481409002,3.40972353950234e-05,0.00165847542046419
"CR-Pa","Model B","Wet Days",274.755381604697,3.0368432565141e-05,0.00147710799376602
"CR-Pa","Model B","Wet Days",275.365949119374,2.70365792807151e-05,0.00131504802870446
"CR-Pa","Model B","Wet Days",275.976516634051,2.40553551803546e-05,0.00117004252206843
"CR-Pa","Model B","Wet Days",276.587084148728,2.13342886308995e-05,0.00103769097105743
"CR-Pa","Model B","Wet Days",277.197651663405,1.8859088379377e-05,0.000917298255040455
"CR-Pa","Model B","Wet Days",277.808219178082,1.66698616029733e-05,0.000810815170519842
"CR-Pa","Model B","Wet Days",278.418786692759,1.47258675834808e-05,0.000716260105820131
"CR-Pa","Model B","Wet Days",279.029354207436,1.29639737259077e-05,0.000630562317644663
"CR-Pa","Model B","Wet Days",279.639921722114,1.13730900268366e-05,0.000553182392816162
"CR-Pa","Model B","Wet Days",280.250489236791,9.9805121188107e-06,0.000485447979606829
"CR-Pa","Model B","Wet Days",280.861056751468,8.75307685625621e-06,0.000425746036338585
"CR-Pa","Model B","Wet Days",281.471624266145,7.64843802373992e-06,0.000372016860615267
"CR-Pa","Model B","Wet Days",282.082191780822,6.65839948167287e-06,0.000323861795598763
"CR-Pa","Model B","Wet Days",282.692759295499,5.80083443857705e-06,0.000282150186755798
"CR-Pa","Model B","Wet Days",283.303326810176,5.05042649639529e-06,0.000245650654960583
"CR-Pa","Model B","Wet Days",283.913894324853,4.37984908027459e-06,0.000213034046919778
"CR-Pa","Model B","Wet Days",284.52446183953,3.78331417136486e-06,0.000184018835791545
"CR-Pa","Model B","Wet Days",285.135029354207,3.27208548470415e-06,0.000159152884014507
"CR-Pa","Model B","Wet Days",285.745596868885,2.8278933626389e-06,0.000137547563000224
"CR-Pa","Model B","Wet Days",286.356164383562,2.4337611740642e-06,0.000118377136436541
"CR-Pa","Model B","Wet Days",286.966731898239,2.08577413221303e-06,0.000101451190715017
"CR-Pa","Model B","Wet Days",287.577299412916,1.79076515397819e-06,8.71020760859128e-05
"CR-Pa","Model B","Wet Days",288.187866927593,1.53620605050927e-06,7.47204266276044e-05
"CR-Pa","Model B","Wet Days",288.79843444227,1.31193852249658e-06,6.38121468650874e-05
"CR-Pa","Model B","Wet Days",289.409001956947,1.11542227442448e-06,5.42536778756341e-05
"CR-Pa","Model B","Wet Days",290.019569471624,9.50647605753668e-07,4.62391061738603e-05
"CR-Pa","Model B","Wet Days",290.630136986301,8.09422082192704e-07,3.9369955145791e-05
"CR-Pa","Model B","Wet Days",291.240704500978,6.85889166249735e-07,3.33613652312085e-05
"CR-Pa","Model B","Wet Days",291.851272015656,5.78465389654139e-07,2.81363171886555e-05
"CR-Pa","Model B","Wet Days",292.461839530333,4.89393962629609e-07,2.38039198351911e-05
"CR-Pa","Model B","Wet Days",293.07240704501,4.13553367507574e-07,2.01150646706569e-05
"CR-Pa","Model B","Wet Days",293.682974559687,3.47689646259492e-07,1.69114805230051e-05
"CR-Pa","Model B","Wet Days",294.293542074364,2.90853724712001e-07,1.41470048171623e-05
"CR-Pa","Model B","Wet Days",294.904109589041,2.4425942469261e-07,1.18806773445493e-05
"CR-Pa","Model B","Wet Days",295.514677103718,2.04840207852291e-07,9.96334294877714e-06
"CR-Pa","Model B","Wet Days",296.125244618395,1.70853471630988e-07,8.3102421623991e-06
"CR-Pa","Model B","Wet Days",296.735812133072,1.41751852518709e-07,6.89475145078348e-06
"CR-Pa","Model B","Wet Days",297.346379647749,1.1816744639579e-07,5.74761569599398e-06
"CR-Pa","Model B","Wet Days",297.956947162427,9.83392264671599e-08,4.78317928341635e-06
"CR-Pa","Model B","Wet Days",298.567514677104,8.13676212483139e-08,3.95768742827943e-06
"CR-Pa","Model B","Wet Days",299.178082191781,6.69486935993076e-08,3.25635675386298e-06
"CR-Pa","Model B","Wet Days",299.788649706458,5.53991404981116e-08,2.69459127012891e-06
"CR-Pa","Model B","Wet Days",300.399217221135,4.57479721477784e-08,2.22516243514114e-06
"CR-Pa","Model B","Wet Days",301.009784735812,3.75475407562321e-08,1.82629684552599e-06
"CR-Pa","Model B","Wet Days",301.620352250489,3.06352848898201e-08,1.49008758041716e-06
"CR-Pa","Model B","Wet Days",302.230919765166,2.51638180720619e-08,1.22395769844844e-06
"CR-Pa","Model B","Wet Days",302.841487279843,2.06186749808844e-08,1.00288381923561e-06
"CR-Pa","Model B","Wet Days",303.452054794521,1.67851248483566e-08,8.1642152708032e-07
"CR-Pa","Model B","Wet Days",304.062622309198,1.35793896780337e-08,6.60495894902113e-07
"CR-Pa","Model B","Wet Days",304.673189823875,1.10721738632282e-08,5.38545955134833e-07
"CR-Pa","Model B","Wet Days",305.283757338552,9.00137154953259e-09,4.37822987477289e-07
"CR-Pa","Model B","Wet Days",305.894324853229,7.26769699289388e-09,3.53497774422358e-07
"CR-Pa","Model B","Wet Days",306.504892367906,5.82953586357375e-09,2.83546212191229e-07
"CR-Pa","Model B","Wet Days",307.115459882583,4.71836375305983e-09,2.29499260529522e-07
"CR-Pa","Model B","Wet Days",307.72602739726,3.8057092706152e-09,1.85108124152178e-07
"CR-Pa","Model B","Wet Days",308.336594911937,3.04732600166213e-09,1.4822067576293e-07
"CR-Pa","Model B","Wet Days",308.947162426614,2.4232863868021e-09,1.17867647118492e-07
"CR-Pa","Model B","Wet Days",309.557729941292,1.94704555926834e-09,9.47034903317061e-08
"CR-Pa","Model B","Wet Days",310.168297455969,1.55799523816423e-09,7.57802436989586e-08
"CR-Pa","Model B","Wet Days",310.778864970646,1.23713256884847e-09,6.01736162337187e-08
"CR-Pa","Model B","Wet Days",311.389432485323,9.75256388211415e-10,4.74360671696975e-08
"CR-Pa","Model B","Wet Days",312,7.77885277590865e-10,3.78360180196225e-08
"CR-Pa","Model B","Precipitation",0,3.08083071245523e-07,7.66427726489633e-05
"CR-Pa","Model B","Precipitation",6.51272015655577,3.89662081596894e-07,9.69374338194395e-05
"CR-Pa","Model B","Precipitation",13.0254403131115,4.92564061190257e-07,0.000122536675592828
"CR-Pa","Model B","Precipitation",19.5381604696673,6.21631887421765e-07,0.000154645275465471
"CR-Pa","Model B","Precipitation",26.0508806262231,7.78956641052582e-07,0.000193783438026087
"CR-Pa","Model B","Precipitation",32.5636007827789,9.69334502264388e-07,0.000241144323761428
"CR-Pa","Model B","Precipitation",39.0763209393346,1.19809539974284e-06,0.000298053875414272
"CR-Pa","Model B","Precipitation",45.5890410958904,1.47112477047291e-06,0.000365976231234589
"CR-Pa","Model B","Precipitation",52.1017612524462,1.80505174409384e-06,0.000449048270918942
"CR-Pa","Model B","Precipitation",58.614481409002,2.20747269634659e-06,0.000549159768210874
"CR-Pa","Model B","Precipitation",65.1272015655577,2.68220109280795e-06,0.000667259410664122
"CR-Pa","Model B","Precipitation",71.6399217221135,3.23859646497214e-06,0.000805675597698727
"CR-Pa","Model B","Precipitation",78.1526418786693,3.88664757700011e-06,0.000966893264879424
"CR-Pa","Model B","Precipitation",84.665362035225,4.63695974614488e-06,0.00115355072957889
"CR-Pa","Model B","Precipitation",91.1780821917808,5.52544048923853e-06,0.00137458081513539
"CR-Pa","Model B","Precipitation",97.6908023483366,6.55611040947132e-06,0.00163098373936349
"CR-Pa","Model B","Precipitation",104.203522504892,7.7336689111807e-06,0.0019239285875257
"CR-Pa","Model B","Precipitation",110.716242661448,9.07123523734851e-06,0.00225667907402579
"CR-Pa","Model B","Precipitation",117.228962818004,1.05821079260973e-05,0.00263254351707082
"CR-Pa","Model B","Precipitation",123.74168297456,1.22796864567627e-05,0.00305485534632371
"CR-Pa","Model B","Precipitation",130.254403131115,1.42236838868207e-05,0.00353846956264451
"CR-Pa","Model B","Precipitation",136.767123287671,1.63990240678561e-05,0.00407963562624943
"CR-Pa","Model B","Precipitation",143.279843444227,1.8808309057039e-05,0.0046790008588991
"CR-Pa","Model B","Precipitation",149.792563600783,2.14628592864994e-05,0.0053393814792924
"CR-Pa","Model B","Precipitation",156.305283757339,2.43731331917337e-05,0.00606337926457585
"CR-Pa","Model B","Precipitation",162.818003913894,2.75486190099152e-05,0.00685335463267693
"CR-Pa","Model B","Precipitation",169.33072407045,3.1063651150296e-05,0.00772779998308147
"CR-Pa","Model B","Precipitation",175.843444227006,3.48681971611432e-05,0.00867426858897739
"CR-Pa","Model B","Precipitation",182.356164383562,3.89592486791102e-05,0.00969201205056754
"CR-Pa","Model B","Precipitation",188.868884540117,4.3338506148831e-05,0.0107814533926905
"CR-Pa","Model B","Precipitation",195.381604696673,4.80060521590318e-05,0.0119426131611976
"CR-Pa","Model B","Precipitation",201.894324853229,5.29605114988765e-05,0.0131751492406618
"CR-Pa","Model B","Precipitation",208.407045009785,5.82682078082294e-05,0.0144955611668441
"CR-Pa","Model B","Precipitation",214.91976516634,6.38489939179628e-05,0.0158839104821167
"CR-Pa","Model B","Precipitation",221.432485322896,6.96947869757155e-05,0.0173381863904517
"CR-Pa","Model B","Precipitation",227.945205479452,7.57965623384951e-05,0.0188561438036712
"CR-Pa","Model B","Precipitation",234.457925636008,8.21445365712515e-05,0.0204353488665644
"CR-Pa","Model B","Precipitation",240.970645792564,8.87336973182258e-05,0.0220745546399818
"CR-Pa","Model B","Precipitation",247.483365949119,9.55955152922133e-05,0.0237815901898832
"CR-Pa","Model B","Precipitation",253.996086105675,0.000102665758847859,0.0255404764124121
"CR-Pa","Model B","Precipitation",260.508806262231,0.000109936030556362,0.0273491242533931
"CR-Pa","Model B","Precipitation",267.021526418787,0.000117399496132299,0.0292058335266332
"CR-Pa","Model B","Precipitation",273.534246575342,0.000125051170881622,0.0311093641744722
"CR-Pa","Model B","Precipitation",280.046966731898,0.000132897165890054,0.0330612364704897
"CR-Pa","Model B","Precipitation",286.559686888454,0.000140969936179001,0.0350695243501245
"CR-Pa","Model B","Precipitation",293.07240704501,0.000149239015014417,0.0371266485102966
"CR-Pa","Model B","Precipitation",299.585127201566,0.000157716546226276,0.0392356300089172
"CR-Pa","Model B","Precipitation",306.097847358121,0.000166418824113006,0.0414005224286931
"CR-Pa","Model B","Precipitation",312.610567514677,0.000175366438505427,0.0436264479651287
"CR-Pa","Model B","Precipitation",319.123287671233,0.000184607061332634,0.0459252661105634
"CR-Pa","Model B","Precipitation",325.636007827789,0.000194223867707344,0.0483176685934592
"CR-Pa","Model B","Precipitation",332.148727984344,0.000204208000537413,0.050801452007778
"CR-Pa","Model B","Precipitation",338.6614481409,0.000214605599616597,0.0533880946918414
"CR-Pa","Model B","Precipitation",345.174168297456,0.000225467131988589,0.0560901514872391
"CR-Pa","Model B","Precipitation",351.686888454012,0.000236847224303876,0.0589212120337294
"CR-Pa","Model B","Precipitation",358.199608610568,0.000248868220303944,0.0619117121599536
"CR-Pa","Model B","Precipitation",364.712328767123,0.000261669396154558,0.0650963000257896
"CR-Pa","Model B","Precipitation",371.225048923679,0.000275225927895433,0.0684688000983312
"CR-Pa","Model B","Precipitation",377.737769080235,0.000289608999809727,0.0720469211105124
"CR-Pa","Model B","Precipitation",384.250489236791,0.000304891094302131,0.0758486947329518
"CR-Pa","Model B","Precipitation",390.763209393346,0.000321145574893287,0.0798923718341908
"CR-Pa","Model B","Precipitation",397.275929549902,0.000338583027656426,0.0842303405589871
"CR-Pa","Model B","Precipitation",403.788649706458,0.000357334599960256,0.0888952268413877
"CR-Pa","Model B","Precipitation",410.301369863014,0.000377324331177446,0.0938681337226361
"CR-Pa","Model B","Precipitation",416.814090019569,0.000398618742635711,0.0991656099179074
"CR-Pa","Model B","Precipitation",423.326810176125,0.000421280918954211,0.104803349181826
"CR-Pa","Model B","Precipitation",429.839530332681,0.000445370041632925,0.110796074278059
"CR-Pa","Model B","Precipitation",436.352250489237,0.000471160953657374,0.117212158740954
"CR-Pa","Model B","Precipitation",442.864970645793,0.000498678800312375,0.124057858040308
"CR-Pa","Model B","Precipitation",449.377690802348,0.00052778693974165,0.131299179361512
"CR-Pa","Model B","Precipitation",455.890410958904,0.000558510927412778,0.138942480216791
"CR-Pa","Model B","Precipitation",462.40313111546,0.000590868285319012,0.146992119606266
"CR-Pa","Model B","Precipitation",468.915851272016,0.00062486809466023,0.155450356687948
"CR-Pa","Model B","Precipitation",475.428571428571,0.000660777689221765,0.164383696909367
"CR-Pa","Model B","Precipitation",481.941291585127,0.000698447261954851,0.173754872310513
"CR-Pa","Model B","Precipitation",488.454011741683,0.000737692107090887,0.183517933069564
"CR-Pa","Model B","Precipitation",494.966731898239,0.000778464093095692,0.19366090535681
"CR-Pa","Model B","Precipitation",501.479452054794,0.000820703225563073,0.204168864179406
"CR-Pa","Model B","Precipitation",507.99217221135,0.000864337347122619,0.215023858726511
"CR-Pa","Model B","Precipitation",514.504892367906,0.00090949640350901,0.226258215997981
"CR-Pa","Model B","Precipitation",521.017612524462,0.000955866490394273,0.237793845049236
"CR-Pa","Model B","Precipitation",527.530332681018,0.0010032300627836,0.24957662654321
"CR-Pa","Model B","Precipitation",534.043052837573,0.00105144192732721,0.261570440283962
"CR-Pa","Model B","Precipitation",540.555772994129,0.0011003436588743,0.273735874359753
"CR-Pa","Model B","Precipitation",547.068493150685,0.00114976374427021,0.28603026091588
"CR-Pa","Model B","Precipitation",553.581213307241,0.00119951686063285,0.298407496609303
"CR-Pa","Model B","Precipitation",560.093933463796,0.00124926590696626,0.310783719789041
"CR-Pa","Model B","Precipitation",566.606653620352,0.00129877516658667,0.323100290491109
"CR-Pa","Model B","Precipitation",573.119373776908,0.00134781249734214,0.335299457998787
"CR-Pa","Model B","Precipitation",579.632093933464,0.00139613853527251,0.347321675003921
"CR-Pa","Model B","Precipitation",586.14481409002,0.00144350776817016,0.35910586467995
"CR-Pa","Model B","Precipitation",592.657534246575,0.00148928569621051,0.370494180555121
"CR-Pa","Model B","Precipitation",599.170254403131,0.00153340573079581,0.38147005717929
"CR-Pa","Model B","Precipitation",605.682974559687,0.00157564554680749,0.391978186049301
"CR-Pa","Model B","Precipitation",612.195694716243,0.0016157636240049,0.401958483432486
"CR-Pa","Model B","Precipitation",618.708414872798,0.0016535263414001,0.411352830717542
"CR-Pa","Model B","Precipitation",625.221135029354,0.00168869878455715,0.420102787518143
"CR-Pa","Model B","Precipitation",631.73385518591,0.00172029690504027,0.427963549080051
"CR-Pa","Model B","Precipitation",638.246575342466,0.00174880029791827,0.435054425742768
"CR-Pa","Model B","Precipitation",644.759295499022,0.00177405867824906,0.441338030659284
"CR-Pa","Model B","Precipitation",651.272015655577,0.00179594324050022,0.446782320481366
"CR-Pa","Model B","Precipitation",657.784735812133,0.00181434750268678,0.451360805358297
"CR-Pa","Model B","Precipitation",664.297455968689,0.00182908899670978,0.455028092140213
"CR-Pa","Model B","Precipitation",670.810176125245,0.00183937647886068,0.45758734069754
"CR-Pa","Model B","Precipitation",677.3228962818,0.00184602897144523,0.459242301726868
"CR-Pa","Model B","Precipitation",683.835616438356,0.00184907471213279,0.46
"CR-Pa","Model B","Precipitation",690.348336594912,0.00184856498713189,0.459873194144685
"CR-Pa","Model B","Precipitation",696.861056751468,0.00184457326526862,0.458880161226623
"CR-Pa","Model B","Precipitation",703.373776908024,0.00183703090298963,0.457003824578044
"CR-Pa","Model B","Precipitation",709.886497064579,0.00182561988880758,0.454165071503709
"CR-Pa","Model B","Precipitation",716.399217221135,0.00181118816129606,0.450574846289042
"CR-Pa","Model B","Precipitation",722.911937377691,0.00179390203047947,0.446274522390038
"CR-Pa","Model B","Precipitation",729.424657534247,0.00177393699819356,0.441307759937845
"CR-Pa","Model B","Precipitation",735.937377690802,0.00175147610554189,0.43572009463045
"CR-Pa","Model B","Precipitation",742.450097847358,0.00172655715152361,0.429520929841058
"CR-Pa","Model B","Precipitation",748.962818003914,0.0016992407897273,0.422725354549343
"CR-Pa","Model B","Precipitation",755.47553816047,0.00167013253229105,0.415484003871181
"CR-Pa","Model B","Precipitation",761.988258317025,0.00163941829439884,0.407843128498375
"CR-Pa","Model B","Precipitation",768.500978473581,0.00160727863132132,0.399847645720608
"CR-Pa","Model B","Precipitation",775.013698630137,0.00157388792104773,0.391540936086288
"CR-Pa","Model B","Precipitation",781.526418786693,0.0015393294612286,0.382943721807984
"CR-Pa","Model B","Precipitation",788.039138943249,0.00150377804588298,0.374099486931113
"CR-Pa","Model B","Precipitation",794.551859099804,0.00146753895641205,0.36508417724825
"CR-Pa","Model B","Precipitation",801.06457925636,0.00143074112976195,0.355929868799824
"CR-Pa","Model B","Precipitation",807.577299412916,0.00139350545274917,0.346666634970769
"CR-Pa","Model B","Precipitation",814.090019569472,0.00135594511052517,0.337322633179133
"CR-Pa","Model B","Precipitation",820.602739726027,0.00131815680003506,0.327921919021185
"CR-Pa","Model B","Precipitation",827.115459882583,0.00128028315624878,0.318499976236843
"CR-Pa","Model B","Precipitation",833.628180039139,0.00124243822254567,0.309085175748142
"CR-Pa","Model B","Precipitation",840.140900195695,0.00120470558023137,0.299698310333409
"CR-Pa","Model B","Precipitation",846.65362035225,0.00116716617896012,0.290359518086956
"CR-Pa","Model B","Precipitation",853.166340508806,0.00112989885166729,0.281088410520445
"CR-Pa","Model B","Precipitation",859.679060665362,0.00109304857424818,0.271921053732985
"CR-Pa","Model B","Precipitation",866.191780821918,0.00105671663211335,0.262882644807505
"CR-Pa","Model B","Precipitation",872.704500978474,0.00102093886170352,0.253982098885516
"CR-Pa","Model B","Precipitation",879.217221135029,0.000985791730216916,0.24523843894698
"CR-Pa","Model B","Precipitation",885.729941291585,0.000951351933352815,0.236670744816756
"CR-Pa","Model B","Precipitation",892.242661448141,0.000917696350680644,0.22829814206165
"CR-Pa","Model B","Precipitation",898.755381604697,0.000885067435863143,0.220180946624621
"CR-Pa","Model B","Precipitation",905.268101761252,0.000853504861466336,0.212329027971867
"CR-Pa","Model B","Precipitation",911.780821917808,0.000823006257610057,0.204741796541014
"CR-Pa","Model B","Precipitation",918.293542074364,0.000793643875368174,0.197437226453802
"CR-Pa","Model B","Precipitation",924.80626223092,0.000765487554339642,0.190432691921941
"CR-Pa","Model B","Precipitation",931.318982387475,0.000738604317443793,0.183744866443096
"CR-Pa","Model B","Precipitation",937.831702544031,0.000713331939196293,0.177457779221812
"CR-Pa","Model B","Precipitation",944.344422700587,0.000689575641328137,0.171547851976769
"CR-Pa","Model B","Precipitation",950.857142857143,0.000667295803738316,0.166005228293654
"CR-Pa","Model B","Precipitation",957.369863013699,0.000646532583098687,0.160839898071159
"CR-Pa","Model B","Precipitation",963.882583170254,0.000627319558165824,0.156060214799777
"CR-Pa","Model B","Precipitation",970.39530332681,0.000609683390222101,0.151672811088677
"CR-Pa","Model B","Precipitation",976.908023483366,0.000593989180694525,0.14776851434214
"CR-Pa","Model B","Precipitation",983.420743639922,0.000579961388684279,0.144278777403782
"CR-Pa","Model B","Precipitation",989.933463796477,0.000567526028017136,0.141185194505616
"CR-Pa","Model B","Precipitation",996.446183953033,0.000556664476853981,0.138483133035482
"CR-Pa","Model B","Precipitation",1002.95890410959,0.000547349372437169,0.136165785876053
"CR-Pa","Model B","Precipitation",1009.47162426614,0.000539544567307108,0.134224160512691
"CR-Pa","Model B","Precipitation",1015.9843444227,0.000533531023595479,0.132728152758543
"CR-Pa","Model B","Precipitation",1022.49706457926,0.000528901968303262,0.131576568444266
"CR-Pa","Model B","Precipitation",1029.00978473581,0.000525558875216509,0.130744896900755
"CR-Pa","Model B","Precipitation",1035.52250489237,0.000523419764463779,0.130212743743395
"CR-Pa","Model B","Precipitation",1042.03522504892,0.000522395672518019,0.129957977242096
"CR-Pa","Model B","Precipitation",1048.54794520548,0.000522397190078066,0.129958354770174
"CR-Pa","Model B","Precipitation",1055.06066536204,0.000523495974467945,0.130231702740393
"CR-Pa","Model B","Precipitation",1061.57338551859,0.000525325580511903,0.130686859459966
"CR-Pa","Model B","Precipitation",1068.08610567515,0.000527770752282005,0.131295152357418
"CR-Pa","Model B","Precipitation",1074.5988258317,0.000530714695231253,0.132027526094275
"CR-Pa","Model B","Precipitation",1081.11154598826,0.000534039819076773,0.132854727374409
"CR-Pa","Model B","Precipitation",1087.62426614481,0.000537631663315369,0.133748281506599
"CR-Pa","Model B","Precipitation",1094.13698630137,0.000541351221511356,0.134673607432549
"CR-Pa","Model B","Precipitation",1100.64970645793,0.000545031564834531,0.135589177754046
"CR-Pa","Model B","Precipitation",1107.16242661448,0.000548569539590378,0.136469330609424
"CR-Pa","Model B","Precipitation",1113.67514677104,0.000551868051145342,0.137289911468232
"CR-Pa","Model B","Precipitation",1120.18786692759,0.000554836653427704,0.138028419783189
"CR-Pa","Model B","Precipitation",1126.70058708415,0.000557364474542149,0.138657273612088
"CR-Pa","Model B","Precipitation",1133.2133072407,0.000559277441736505,0.139133168341289
"CR-Pa","Model B","Precipitation",1139.72602739726,0.00056060796814895,0.139464167486813
"CR-Pa","Model B","Precipitation",1146.23874755382,0.000561313755093328,0.139639748274481
"CR-Pa","Model B","Precipitation",1152.75146771037,0.000561362090302154,0.139651772772958
"CR-Pa","Model B","Precipitation",1159.26418786693,0.000560729779371645,0.139494470839117
"CR-Pa","Model B","Precipitation",1165.77690802348,0.000559349302043192,0.139151045250675
"CR-Pa","Model B","Precipitation",1172.28962818004,0.000557152653935616,0.138604578348686
"CR-Pa","Model B","Precipitation",1178.80234833659,0.000554279873969361,0.137889908045855
"CR-Pa","Model B","Precipitation",1185.31506849315,0.000550753793322946,0.137012714124643
"CR-Pa","Model B","Precipitation",1191.82778864971,0.000546603085953573,0.135980129893522
"CR-Pa","Model B","Precipitation",1198.34050880626,0.000541861605806467,0.134800577302511
"CR-Pa","Model B","Precipitation",1204.85322896282,0.000536518249626759,0.133471294160766
"CR-Pa","Model B","Precipitation",1211.36594911937,0.000530610490395093,0.132001602736869
"CR-Pa","Model B","Precipitation",1217.87866927593,0.000524267942856477,0.130423747689358
"CR-Pa","Model B","Precipitation",1224.39138943249,0.000517534866282994,0.128748739533398
"CR-Pa","Model B","Precipitation",1230.90410958904,0.000510454110644123,0.126987238187612
"CR-Pa","Model B","Precipitation",1237.4168297456,0.000503066528886657,0.125149406765152
"CR-Pa","Model B","Precipitation",1243.92954990215,0.000495382815664263,0.123237905807884
"CR-Pa","Model B","Precipitation",1250.44227005871,0.000487449308804999,0.121264262919733
"CR-Pa","Model B","Precipitation",1256.95499021526,0.000479324312965648,0.119242982729388
"CR-Pa","Model B","Precipitation",1263.46771037182,0.000471026869701157,0.117178802263006
"CR-Pa","Model B","Precipitation",1269.98043052838,0.000462571377427793,0.11507530345886
"CR-Pa","Model B","Precipitation",1276.49315068493,0.000453967668477284,0.112934932336338
"CR-Pa","Model B","Precipitation",1283.00587084149,0.000445199562729336,0.110753663717179
"CR-Pa","Model B","Precipitation",1289.51859099804,0.000436270765382217,0.108532419354945
"CR-Pa","Model B","Precipitation",1296.0313111546,0.000427190268852297,0.106273436320698
"CR-Pa","Model B","Precipitation",1302.54403131115,0.000417950058234375,0.103974720721834
"CR-Pa","Model B","Precipitation",1309.05675146771,0.000408541076538103,0.101634019423025
"CR-Pa","Model B","Precipitation",1315.56947162427,0.000398953770238257,0.0992489557644327
"CR-Pa","Model B","Precipitation",1322.08219178082,0.000389144630151358,0.0968087058327417
"CR-Pa","Model B","Precipitation",1328.59491193738,0.000379120844832384,0.0943150579468704
"CR-Pa","Model B","Precipitation",1335.10763209393,0.000368896276796758,0.0917714607273925
"CR-Pa","Model B","Precipitation",1341.62035225049,0.000358472478662403,0.0891783004238411
"CR-Pa","Model B","Precipitation",1348.13307240704,0.000347854849426759,0.0865369201614056
"CR-Pa","Model B","Precipitation",1354.6457925636,0.000337052890858878,0.0838496837243804
"CR-Pa","Model B","Precipitation",1361.15851272016,0.000326054227793727,0.0811135125049201
"CR-Pa","Model B","Precipitation",1367.67123287671,0.000314913074382366,0.0783418935240328
"CR-Pa","Model B","Precipitation",1374.18395303327,0.000303668810600612,0.0755446234593523
"CR-Pa","Model B","Precipitation",1380.69667318982,0.000292354533344297,0.072729935927391
"CR-Pa","Model B","Precipitation",1387.20939334638,0.000281006630058721,0.0699068831447675
"CR-Pa","Model B","Precipitation",1393.72211350294,0.000269664416214976,0.0670852457420773
"CR-Pa","Model B","Precipitation",1400.23483365949,0.000258395916934511,0.0642819465378851
"CR-Pa","Model B","Precipitation",1406.74755381605,0.000247251307741883,0.0615094678516692
"CR-Pa","Model B","Precipitation",1413.2602739726,0.000236272152289311,0.0587781496009545
"CR-Pa","Model B","Precipitation",1419.77299412916,0.000225500996478683,0.0560985760605357
"CR-Pa","Model B","Precipitation",1426.28571428571,0.000214978651833712,0.0534809000386167
"CR-Pa","Model B","Precipitation",1432.79843444227,0.00020474370985992,0.0509347220626528
"CR-Pa","Model B","Precipitation",1439.31115459883,0.000194921817577151,0.0484912997279963
"CR-Pa","Model B","Precipitation",1445.82387475538,0.000185475119772441,0.0461412156769552
"CR-Pa","Model B","Precipitation",1452.33659491194,0.000176420587279728,0.0438886917960549
"CR-Pa","Model B","Precipitation",1458.84931506849,0.00016777501061804,0.0417379051143261
"CR-Pa","Model B","Precipitation",1465.36203522505,0.000159550538474642,0.039691877898044
"CR-Pa","Model B","Precipitation",1471.8747553816,0.000151759021106925,0.0377535581721656
"CR-Pa","Model B","Precipitation",1478.38747553816,0.000144502310536691,0.0359482839772373
"CR-Pa","Model B","Precipitation",1484.90019569472,0.000137667311668326,0.0342479202986809
"CR-Pa","Model B","Precipitation",1491.41291585127,0.000131242956198633,0.0326497136406869
"CR-Pa","Model B","Precipitation",1497.92563600783,0.000125215285239022,0.0311501914076329
"CR-Pa","Model B","Precipitation",1504.43835616438,0.000119567812407559,0.0297452522316078
"CR-Pa","Model B","Precipitation",1510.95107632094,0.000114293111149762,0.0284330485858242
"CR-Pa","Model B","Precipitation",1517.46379647749,0.000109425079581015,0.027222013408646
"CR-Pa","Model B","Precipitation",1523.97651663405,0.000104861878177587,0.0260868117687101
"CR-Pa","Model B","Precipitation",1530.48923679061,0.0001005823662328,0.0250221844274325
"CR-Pa","Model B","Precipitation",1537.00195694716,9.65662733726171e-05,0.0240230886615543
"CR-Pa","Model B","Precipitation",1543.51467710372,9.27944740433885e-05,0.0230847665483045
"CR-Pa","Model B","Precipitation",1550.02739726027,8.92610650491563e-05,0.0222057495314788
"CR-Pa","Model B","Precipitation",1556.54011741683,8.59744524305994e-05,0.0213881288076561
"CR-Pa","Model B","Precipitation",1563.05283757339,8.28795540784063e-05,0.0206182014311864
"CR-Pa","Model B","Precipitation",1569.56555772994,7.99684906797582e-05,0.0198940072411996
"CR-Pa","Model B","Precipitation",1576.0782778865,7.72357600505261e-05,0.0192141774424367
"CR-Pa","Model B","Precipitation",1582.59099804305,7.46782010846091e-05,0.0185779256368162
"CR-Pa","Model B","Precipitation",1589.10371819961,7.23093608331014e-05,0.0179886219658808
"CR-Pa","Model B","Precipitation",1595.61643835616,7.01498265816958e-05,0.0174513879919757
"CR-Pa","Model B","Precipitation",1602.12915851272,6.81749400803136e-05,0.0169600894064318
"CR-Pa","Model B","Precipitation",1608.64187866928,6.63918313459138e-05,0.016516499965485
"CR-Pa","Model B","Precipitation",1615.15459882583,6.48086273665859e-05,0.0161226414449437
"CR-Pa","Model B","Precipitation",1621.66731898239,6.34342336750855e-05,0.0157807293015664
"CR-Pa","Model B","Precipitation",1628.18003913894,6.23023570954811e-05,0.0154991488855877
"CR-Pa","Model B","Precipitation",1634.6927592955,6.1437899932584e-05,0.0152840952199227
"CR-Pa","Model B","Precipitation",1641.20547945205,6.08160572866141e-05,0.0151293975134053
"CR-Pa","Model B","Precipitation",1647.71819960861,6.04441676975493e-05,0.0150368813971839
"CR-Pa","Model B","Precipitation",1654.23091976517,6.03282505977864e-05,0.0150080443439588
"CR-Pa","Model B","Precipitation",1660.74363992172,6.04728133202331e-05,0.0150440076567926
"CR-Pa","Model B","Precipitation",1667.25636007828,6.09141449307862e-05,0.0151537990781572
"CR-Pa","Model B","Precipitation",1673.76908023483,6.16507422440744e-05,0.0153370446560072
"CR-Pa","Model B","Precipitation",1680.28180039139,6.26437078000236e-05,0.0155840677496332
"CR-Pa","Model B","Precipitation",1686.79452054795,6.38852122292259e-05,0.0158929206227409
"CR-Pa","Model B","Precipitation",1693.3072407045,6.53648145703052e-05,0.0162610058452744
"CR-Pa","Model B","Precipitation",1699.81996086106,6.70694425519638e-05,0.0166850713881202
"CR-Pa","Model B","Precipitation",1706.33268101761,6.90103072603972e-05,0.0171679062676528
"CR-Pa","Model B","Precipitation",1712.84540117417,7.11475637778609e-05,0.0176995981412057
"CR-Pa","Model B","Precipitation",1719.35812133072,7.34354660985849e-05,0.0182687666343053
"CR-Pa","Model B","Precipitation",1725.87084148728,7.5847764691893e-05,0.0188688815705167
"CR-Pa","Model B","Precipitation",1732.38356164384,7.83565017083151e-05,0.0194929877896878
"CR-Pa","Model B","Precipitation",1738.89628180039,8.09322165360711e-05,0.0201337562848673
"CR-Pa","Model B","Precipitation",1745.40900195695,8.3541706911121e-05,0.0207829272267696
"CR-Pa","Model B","Precipitation",1751.9217221135,8.61360943110152e-05,0.0214283409551174
"CR-Pa","Model B","Precipitation",1758.43444227006,8.86813533716543e-05,0.0220615328754934
"CR-Pa","Model B","Precipitation",1764.94716242661,9.11465562262276e-05,0.0226748089674019
"CR-Pa","Model B","Precipitation",1771.45988258317,9.35018430158283e-05,0.0232607409019567
"CR-Pa","Model B","Precipitation",1777.97260273973,9.57187129765908e-05,0.0238122384565226
"CR-Pa","Model B","Precipitation",1784.48532289628,9.77304132792052e-05,0.0243126953245608
"CR-Pa","Model B","Precipitation",1790.99804305284,9.95296213776431e-05,0.0247602898537871
"CR-Pa","Model B","Precipitation",1797.51076320939,0.000101108669842487,0.0251531145942166
"CR-Pa","Model B","Precipitation",1804.02348336595,0.000102453340714033,0.0254876325003089
"CR-Pa","Model B","Precipitation",1810.5362035225,0.000103552765198721,0.0257611397088811
"CR-Pa","Model B","Precipitation",1817.04892367906,0.000104399522337355,0.0259717900851021
"CR-Pa","Model B","Precipitation",1823.56164383562,0.000104933864668161,0.0261047200692493
"CR-Pa","Model B","Precipitation",1830.07436399217,0.000105208173600847,0.0261729607456306
"CR-Pa","Model B","Precipitation",1836.58708414873,0.00010523936538447,0.0261807204215227
"CR-Pa","Model B","Precipitation",1843.09980430528,0.000105038693180547,0.0261307985805075
"CR-Pa","Model B","Precipitation",1849.61252446184,0.000104620155857539,0.0260266777641228
"CR-Pa","Model B","Precipitation",1856.1252446184,0.000104000289383826,0.0258724716760523
"CR-Pa","Model B","Precipitation",1862.63796477495,0.000103162053613554,0.0256639411868323
"CR-Pa","Model B","Precipitation",1869.15068493151,0.000102176234790958,0.0254186960080309
"CR-Pa","Model B","Precipitation",1875.66340508806,0.00010106754389537,0.0251428835659354
"CR-Pa","Model B","Precipitation",1882.17612524462,9.98590132213906e-05,0.0248422336752723
"CR-Pa","Model B","Precipitation",1888.68884540117,9.85734792333007e-05,0.0245224274334579
"CR-Pa","Model B","Precipitation",1895.20156555773,9.72329234428276e-05,0.0241889332487333
"CR-Pa","Model B","Precipitation",1901.71428571429,9.58593439338184e-05,0.023847223652037
"CR-Pa","Model B","Precipitation",1908.22700587084,9.44832662294442e-05,0.0235048925716005
"CR-Pa","Model B","Precipitation",1914.7397260274,9.31198059761865e-05,0.0231657003732631
"CR-Pa","Model B","Precipitation",1921.25244618395,9.17817468077075e-05,0.0228328272808663
"CR-Pa","Model B","Precipitation",1927.76516634051,9.04794496624653e-05,0.0225088508169188
"CR-Pa","Model B","Precipitation",1934.27788649706,8.92225568444978e-05,0.0221961697270357
"CR-Pa","Model B","Precipitation",1940.79060665362,8.80251199426442e-05,0.0218982796681655
"CR-Pa","Model B","Precipitation",1947.30332681018,8.68763002813e-05,0.0216124842696611
"CR-Pa","Model B","Precipitation",1953.81604696673,8.57725927092397e-05,0.0213379115442777
"CR-Pa","Model B","Precipitation",1960.32876712329,8.47084163364646e-05,0.0210731731168554
"CR-Pa","Model B","Precipitation",1966.84148727984,8.36762810226494e-05,0.0208164056421613
"CR-Pa","Model B","Precipitation",1973.3542074364,8.26673558345864e-05,0.0205654122217961
"CR-Pa","Model B","Precipitation",1979.86692759295,8.16664018822744e-05,0.0203164018302514
"CR-Pa","Model B","Precipitation",1986.37964774951,8.06562638901114e-05,0.0200651066968823
"CR-Pa","Model B","Precipitation",1992.89236790607,7.96239194176119e-05,0.0198082871891394
"CR-Pa","Model B","Precipitation",1999.40508806262,7.85564190203823e-05,0.0195427218339357
"CR-Pa","Model B","Precipitation",2005.91780821918,7.74410964317569e-05,0.0192652596051781
"CR-Pa","Model B","Precipitation",2012.43052837573,7.62594500623492e-05,0.0189712978056029
"CR-Pa","Model B","Precipitation",2018.94324853229,7.49894791480316e-05,0.0186553632374901
"CR-Pa","Model B","Precipitation",2025.45596868885,7.36335275304697e-05,0.0183180389855354
"CR-Pa","Model B","Precipitation",2031.9686888454,7.21850341960581e-05,0.0179576928462165
"CR-Pa","Model B","Precipitation",2038.48140900196,7.06391021394133e-05,0.0175731065764511
"CR-Pa","Model B","Precipitation",2044.99412915851,6.89925555788949e-05,0.0171634901272786
"CR-Pa","Model B","Precipitation",2051.50684931507,6.72333055445261e-05,0.0167258360884777
"CR-Pa","Model B","Precipitation",2058.01956947162,6.53598962175457e-05,0.01625978229154
"CR-Pa","Model B","Precipitation",2064.53228962818,6.33923376848318e-05,0.0157703067072871
"CR-Pa","Model B","Precipitation",2071.04500978474,6.13371231384326e-05,0.0152590246670643
"CR-Pa","Model B","Precipitation",2077.55772994129,5.92022170953821e-05,0.0147279175282562
"CR-Pa","Model B","Precipitation",2084.07045009785,5.69969576735933e-05,0.0141793083631604
"CR-Pa","Model B","Precipitation",2090.5831702544,5.47265774161236e-05,0.0136144988875977
"CR-Pa","Model B","Precipitation",2097.09589041096,5.24100459700198e-05,0.0130382082389745
"CR-Pa","Model B","Precipitation",2103.60861056751,5.00680304182327e-05,0.012455577831045
"CR-Pa","Model B","Precipitation",2110.12133072407,4.77143068106483e-05,0.0118700347740854
"CR-Pa","Model B","Precipitation",2116.63405088063,4.53628009890728e-05,0.0112850434425686
"CR-Pa","Model B","Precipitation",2123.14677103718,4.30274491036017e-05,0.0107040707753919
"CR-Pa","Model B","Precipitation",2129.65949119374,4.07297857093178e-05,0.0101324739900184
"CR-Pa","Model B","Precipitation",2136.17221135029,3.84871578983632e-05,0.00957456857588332
"CR-Pa","Model B","Precipitation",2142.68493150685,3.63078877334269e-05,0.00903242483810301
"CR-Pa","Model B","Precipitation",2149.1976516634,3.42026040265866e-05,0.00850868693892991
"CR-Pa","Model B","Precipitation",2155.71037181996,3.21808628297587e-05,0.00800573216677355
"CR-Pa","Model B","Precipitation",2162.22309197652,3.02510701436812e-05,0.00752565170827669
"CR-Pa","Model B","Precipitation",2168.73581213307,2.84393742657321e-05,0.00707495055575521
"CR-Pa","Model B","Precipitation",2175.24853228963,2.67423931744036e-05,0.00665278735332261
"CR-Pa","Model B","Precipitation",2181.76125244618,2.51546358547782e-05,0.00625779608431907
"CR-Pa","Model B","Precipitation",2188.27397260274,2.36770222314051e-05,0.00589020560120245
"CR-Pa","Model B","Precipitation",2194.7866927593,2.23091370516634e-05,0.00554991260030178
"CR-Pa","Model B","Precipitation",2201.29941291585,2.10492642073016e-05,0.00523649016009224
"CR-Pa","Model B","Precipitation",2207.81213307241,1.991397508772e-05,0.00495406079605364
"CR-Pa","Model B","Precipitation",2214.32485322896,1.8880832480228e-05,0.00469704273381527
"CR-Pa","Model B","Precipitation",2220.83757338552,1.79377669585035e-05,0.00446243342509086
"CR-Pa","Model B","Precipitation",2227.35029354207,1.70776736850032e-05,0.0042484653776052
"CR-Pa","Model B","Precipitation",2233.86301369863,1.62929127566099e-05,0.00405323798917561
"CR-Pa","Model B","Precipitation",2240.37573385519,1.55754163017905e-05,0.00387474419060094
"CR-Pa","Model B","Precipitation",2246.88845401174,1.49269668156699e-05,0.00371342741867267
"CR-Pa","Model B","Precipitation",2253.4011741683,1.43250121081949e-05,0.00356367729574816
"CR-Pa","Model B","Precipitation",2259.91389432485,1.37598271826174e-05,0.00342307450449273
"CR-Pa","Model B","Precipitation",2266.42661448141,1.32238297886524e-05,0.00328973278519601
"CR-Pa","Model B","Precipitation",2272.93933463796,1.27099307810136e-05,0.00316188854939379
"CR-Pa","Model B","Precipitation",2279.45205479452,1.22116071987057e-05,0.00303791906002834
"CR-Pa","Model B","Precipitation",2285.96477495108,1.17235800654192e-05,0.00291651104993618
"CR-Pa","Model B","Precipitation",2292.47749510763,1.12379852619117e-05,0.00279570813799985
"CR-Pa","Model B","Precipitation",2298.99021526419,1.07516482801236e-05,0.0026747205920913
"CR-Pa","Model B","Precipitation",2305.50293542074,1.02622401078782e-05,0.00255296901669216
"CR-Pa","Model B","Precipitation",2312.0156555773,9.76819888160731e-06,0.00243006486220157
"CR-Pa","Model B","Precipitation",2318.52837573386,9.26862587361471e-06,0.00230578454936795
"CR-Pa","Model B","Precipitation",2325.04109589041,8.7626963711253e-06,0.00217992291185916
"CR-Pa","Model B","Precipitation",2331.55381604697,8.2530995478403e-06,0.00205314894368309
"CR-Pa","Model B","Precipitation",2338.06653620352,7.74162237638163e-06,0.00192590719551186
"CR-Pa","Model B","Precipitation",2344.57925636008,7.23038774037995e-06,0.00179872578363179
"CR-Pa","Model B","Precipitation",2351.09197651663,6.72179402848977e-06,0.00167220136256087
"CR-Pa","Model B","Precipitation",2357.60469667319,6.21881893314324e-06,0.00154707470199855
"CR-Pa","Model B","Precipitation",2364.11741682975,5.72689799304372e-06,0.00142469801761635
"CR-Pa","Model B","Precipitation",2370.6301369863,5.24755689800696e-06,0.00130545085995955
"CR-Pa","Model B","Precipitation",2377.14285714286,4.78332234650799e-06,0.00118996180357458
"CR-Pa","Model B","Precipitation",2383.65557729941,4.33652860461771e-06,0.00107881155100719
"CR-Pa","Model B","Precipitation",2390.16829745597,3.90928940582702e-06,0.000972525942235314
"CR-Pa","Model B","Precipitation",2396.68101761252,3.50495852854308e-06,0.00087193930702246
"CR-Pa","Model B","Precipitation",2403.19373776908,3.1285253161607e-06,0.000778292859661679
"CR-Pa","Model B","Precipitation",2409.70645792564,2.77665213111691e-06,0.00069075628579688
"CR-Pa","Model B","Precipitation",2416.21917808219,2.44984031015364e-06,0.000609454304510409
"CR-Pa","Model B","Precipitation",2422.73189823875,2.1483041178864e-06,0.000534440219069297
"CR-Pa","Model B","Precipitation",2429.2446183953,1.8719828644358e-06,0.000465698931465691
"CR-Pa","Model B","Precipitation",2435.75733855186,1.62263515038598e-06,0.000403667934172661
"CR-Pa","Model B","Precipitation",2442.27005870841,1.4011869899443e-06,0.000348577594591047
"CR-Pa","Model B","Precipitation",2448.78277886497,1.20242396328356e-06,0.000299130705471849
"CR-Pa","Model B","Precipitation",2455.29549902153,1.02519690187735e-06,0.000255041384628333
"CR-Pa","Model B","Precipitation",2461.80821917808,8.6825714960469e-07,0.00021599900003904
"CR-Pa","Model B","Precipitation",2468.32093933464,7.30275973985006e-07,0.000181672998840395
"CR-Pa","Model B","Precipitation",2474.83365949119,6.11576074800826e-07,0.000152143660049242
"CR-Pa","Model B","Precipitation",2481.34637964775,5.10570891367799e-07,0.000127016290087213
"CR-Pa","Model B","Precipitation",2487.85909980431,4.23346643831743e-07,0.000105317245909432
"CR-Pa","Model B","Precipitation",2494.37181996086,3.48552868169431e-07,8.67105684296568e-05
"CR-Pa","Model B","Precipitation",2500.88454011742,2.84890220993466e-07,7.08730159993574e-05
"CR-Pa","Model B","Precipitation",2507.39726027397,2.31117719401804e-07,5.74958654873406e-05
"CR-Pa","Model B","Precipitation",2513.90998043053,1.87017768632486e-07,4.65249851758103e-05
"CR-Pa","Model B","Precipitation",2520.42270058708,1.50914328537866e-07,3.75434214052639e-05
"CR-Pa","Model B","Precipitation",2526.93542074364,1.20869980012618e-07,3.00691964694456e-05
"CR-Pa","Model B","Precipitation",2533.4481409002,9.60618715506744e-08,2.3897607069831e-05
"CR-Pa","Model B","Precipitation",2539.96086105675,7.57429192094771e-08,1.8842798837572e-05
"CR-Pa","Model B","Precipitation",2546.47358121331,5.92399254191185e-08,1.47372983438636e-05
"CR-Pa","Model B","Precipitation",2552.98630136986,4.63401513236832e-08,1.15281818895825e-05
"CR-Pa","Model B","Precipitation",2559.49902152642,3.61429962684626e-08,8.9914042815047e-06
"CR-Pa","Model B","Precipitation",2566.01174168297,2.79566318515537e-08,6.95485724148023e-06
"CR-Pa","Model B","Precipitation",2572.52446183953,2.14419284769601e-08,5.33417445746418e-06
"CR-Pa","Model B","Precipitation",2579.03718199609,1.63040885942795e-08,4.05601823666603e-06
"CR-Pa","Model B","Precipitation",2585.54990215264,1.22893305466569e-08,3.05725453621164e-06
"CR-Pa","Model B","Precipitation",2592.0626223092,9.29973827888437e-09,2.31352447806317e-06
"CR-Pa","Model B","Precipitation",2598.57534246575,7.01046390102609e-09,1.7440146540928e-06
"CR-Pa","Model B","Precipitation",2605.08806262231,5.23620059461641e-09,1.30262571745699e-06
"CR-Pa","Model B","Precipitation",2611.60078277886,3.87471530547046e-09,9.63924837012434e-07
"CR-Pa","Model B","Precipitation",2618.11350293542,2.84045018736839e-09,7.06627524359128e-07
"CR-Pa","Model B","Precipitation",2624.62622309198,2.06269993930275e-09,5.13144204424729e-07
"CR-Pa","Model B","Precipitation",2631.13894324853,1.51131629993885e-09,3.75974801564398e-07
"CR-Pa","Model B","Precipitation",2637.65166340509,1.10109245408015e-09,2.73922154444832e-07
"CR-Pa","Model B","Precipitation",2644.16438356164,7.94022681715897e-10,1.97531463273336e-07
"CR-Pa","Model B","Precipitation",2650.6771037182,5.66757371362034e-10,1.40993973426755e-07
"CR-Pa","Model B","Precipitation",2657.18982387476,4.00437015340225e-10,9.961794720779e-08
"CR-Pa","Model B","Precipitation",2663.70254403131,2.80068213261085e-10,6.96734303134245e-08
"CR-Pa","Model B","Precipitation",2670.21526418787,1.98881576148738e-10,4.94763810397346e-08
"CR-Pa","Model B","Precipitation",2676.72798434442,1.40030731187847e-10,3.48358754374571e-08
"CR-Pa","Model B","Precipitation",2683.24070450098,9.74746500315431e-11,2.42490683152503e-08
"CR-Pa","Model B","Precipitation",2689.75342465753,6.709444309962e-11,1.66912908512097e-08
"CR-Pa","Model B","Precipitation",2696.26614481409,4.56758406989444e-11,1.13629192934447e-08
"CR-Pa","Model B","Precipitation",2702.77886497065,3.07583373617189e-11,7.65184613339442e-09
"CR-Pa","Model B","Precipitation",2709.2915851272,2.11928110773471e-11,5.27220075620157e-09
"CR-Pa","Model B","Precipitation",2715.80430528376,1.441875515157e-11,3.58699804080491e-09
"CR-Pa","Model B","Precipitation",2722.31702544031,9.68639486532456e-12,2.40971422561389e-09
"CR-Pa","Model B","Precipitation",2728.82974559687,6.42791730584107e-12,1.59909274692117e-09
"CR-Pa","Model B","Precipitation",2735.34246575342,4.2150650387774e-12,1.04859468636677e-09
"CR-Pa","Model B","Precipitation",2741.85518590998,2.74106184798e-12,6.81902381660094e-10
"CR-Pa","Model B","Precipitation",2748.36790606654,1.82869641171374e-12,4.54930427563983e-10
"CR-Pa","Model B","Precipitation",2754.88062622309,1.20204993762442e-12,2.99037657958909e-10
"CR-Pa","Model B","Precipitation",2761.39334637965,7.79143368498472e-13,1.93829890786781e-10
"CR-Pa","Model B","Precipitation",2767.9060665362,4.98327440435396e-13,1.23970449163668e-10
"CR-Pa","Model B","Precipitation",2774.41878669276,3.14667747450686e-13,7.82808627891294e-11
"CR-Pa","Model B","Precipitation",2780.93150684931,1.9792198485099e-13,4.92376605629105e-11
"CR-Pa","Model B","Precipitation",2787.44422700587,1.27778265649649e-13,3.1787791922719e-11
"CR-Pa","Model B","Precipitation",2793.95694716243,8.11320497343827e-14,2.01834694038777e-11
"CR-Pa","Model B","Precipitation",2800.46966731898,5.07260505454831e-14,1.26192755207863e-11
"CR-Pa","Model B","Precipitation",2806.98238747554,3.12600358945458e-14,7.77665521957471e-12
"CR-Pa","Model B","Precipitation",2813.49510763209,1.90020431584101e-14,4.72719668681562e-12
"CR-Pa","Model B","Precipitation",2820.00782778865,1.15742381369386e-14,2.87935879932655e-12
"CR-Pa","Model B","Precipitation",2826.52054794521,7.23008007814017e-15,1.79864924555068e-12
"CR-Pa","Model B","Precipitation",2833.03326810176,4.43336776919858e-15,1.10290252765346e-12
"CR-Pa","Model B","Precipitation",2839.54598825832,2.67302396325133e-15,6.64976387934785e-13
"CR-Pa","Model B","Precipitation",2846.05870841487,1.58676492337899e-15,3.94744387538796e-13
"CR-Pa","Model B","Precipitation",2852.57142857143,9.28312555048748e-16,2.30939167855408e-13
"CR-Pa","Model B","Precipitation",2859.08414872798,5.48312865645997e-16,1.36405477043291e-13
"CR-Pa","Model B","Precipitation",2865.59686888454,3.31471490731391e-16,8.24611816580239e-14
"CR-Pa","Model B","Precipitation",2872.1095890411,1.96286722660314e-16,4.88308513611106e-14
"CR-Pa","Model B","Precipitation",2878.62230919765,1.14176028938582e-16,2.84039216842504e-14
"CR-Pa","Model B","Precipitation",2885.13502935421,6.53806118073581e-17,1.62649357724951e-14
"CR-Pa","Model B","Precipitation",2891.64774951076,3.68353605112468e-17,9.16364586243754e-15
"CR-Pa","Model B","Precipitation",2898.16046966732,2.12422232209277e-17,5.28449316704789e-15
"CR-Pa","Model B","Precipitation",2904.67318982387,1.24362247328124e-17,3.09379785443893e-15
"CR-Pa","Model B","Precipitation",2911.18590998043,7.16703219016071e-18,1.7829646286554e-15
"CR-Pa","Model B","Precipitation",2917.69863013699,4.0856708735866e-18,1.01640490214809e-15
"CR-Pa","Model B","Precipitation",2924.21135029354,2.30025092046891e-18,5.72240492216363e-16
"CR-Pa","Model B","Precipitation",2930.7240704501,1.28863845504389e-18,3.20578549601419e-16
"CR-Pa","Model B","Precipitation",2937.23679060665,7.25709310989061e-19,1.80536936049448e-16
"CR-Pa","Model B","Precipitation",2943.74951076321,4.83608111710637e-19,1.20308676511129e-16
"CR-Pa","Model B","Precipitation",2950.26223091976,2.80953619850909e-19,6.98936956324224e-17
"CR-Pa","Model B","Precipitation",2956.77495107632,1.70744868304577e-19,4.24767257400387e-17
"CR-Pa","Model B","Precipitation",2963.28767123288,1.43766083176754e-19,3.57651304338196e-17
"CR-Pa","Model B","Precipitation",2969.80039138943,7.96149705876678e-20,1.98060609612064e-17
"CR-Pa","Model B","Precipitation",2976.31311154599,5.70978048254742e-20,1.42043964191275e-17
"CR-Pa","Model B","Precipitation",2982.82583170254,1.49511695022871e-20,3.71944839541895e-18
"CR-Pa","Model B","Precipitation",2989.3385518591,0,0
"CR-Pa","Model B","Precipitation",2995.85127201566,5.22684623055239e-21,1.30029860355444e-18
"CR-Pa","Model B","Precipitation",3002.36399217221,2.82170369339666e-20,7.01963901429015e-18
"CR-Pa","Model B","Precipitation",3008.87671232877,7.87593322139828e-20,1.95932011728417e-17
"CR-Pa","Model B","Precipitation",3015.38943248532,3.37250006895988e-20,8.38987208868464e-18
"CR-Pa","Model B","Precipitation",3021.90215264188,6.55194394590603e-20,1.62994723541508e-17
"CR-Pa","Model B","Precipitation",3028.41487279843,3.74572508658585e-20,9.31835543758036e-18
"CR-Pa","Model B","Precipitation",3034.92759295499,0,0
"CR-Pa","Model B","Precipitation",3041.44031311155,0,0
"CR-Pa","Model B","Precipitation",3047.9530332681,0,0
"CR-Pa","Model B","Precipitation",3054.46575342466,0,0
"CR-Pa","Model B","Precipitation",3060.97847358121,0,0
"CR-Pa","Model B","Precipitation",3067.49119373777,0,0
"CR-Pa","Model B","Precipitation",3074.00391389432,0,0
"CR-Pa","Model B","Precipitation",3080.51663405088,0,0
"CR-Pa","Model B","Precipitation",3087.02935420744,0,0
"CR-Pa","Model B","Precipitation",3093.54207436399,0,0
"CR-Pa","Model B","Precipitation",3100.05479452055,0,0
"CR-Pa","Model B","Precipitation",3106.5675146771,0,0
"CR-Pa","Model B","Precipitation",3113.08023483366,0,0
"CR-Pa","Model B","Precipitation",3119.59295499022,0,0
"CR-Pa","Model B","Precipitation",3126.10567514677,0,0
"CR-Pa","Model B","Precipitation",3132.61839530333,0,0
"CR-Pa","Model B","Precipitation",3139.13111545988,0,0
"CR-Pa","Model B","Precipitation",3145.64383561644,0,0
"CR-Pa","Model B","Precipitation",3152.15655577299,0,0
"CR-Pa","Model B","Precipitation",3158.66927592955,0,0
"CR-Pa","Model B","Precipitation",3165.18199608611,0,0
"CR-Pa","Model B","Precipitation",3171.69471624266,0,0
"CR-Pa","Model B","Precipitation",3178.20743639922,0,0
"CR-Pa","Model B","Precipitation",3184.72015655577,0,0
"CR-Pa","Model B","Precipitation",3191.23287671233,0,0
"CR-Pa","Model B","Precipitation",3197.74559686888,0,0
"CR-Pa","Model B","Precipitation",3204.25831702544,0,0
"CR-Pa","Model B","Precipitation",3210.771037182,0,0
"CR-Pa","Model B","Precipitation",3217.28375733855,1.70958076358065e-20,4.25297661628842e-18
"CR-Pa","Model B","Precipitation",3223.79647749511,1.4597135226276e-20,3.63137420031126e-18
"CR-Pa","Model B","Precipitation",3230.30919765166,0,0
"CR-Pa","Model B","Precipitation",3236.82191780822,0,0
"CR-Pa","Model B","Precipitation",3243.33463796477,0,0
"CR-Pa","Model B","Precipitation",3249.84735812133,0,0
"CR-Pa","Model B","Precipitation",3256.36007827789,0,0
"CR-Pa","Model B","Precipitation",3262.87279843444,0,0
"CR-Pa","Model B","Precipitation",3269.385518591,0,0
"CR-Pa","Model B","Precipitation",3275.89823874755,0,0
"CR-Pa","Model B","Precipitation",3282.41095890411,0,0
"CR-Pa","Model B","Precipitation",3288.92367906067,0,0
"CR-Pa","Model B","Precipitation",3295.43639921722,0,0
"CR-Pa","Model B","Precipitation",3301.94911937378,0,0
"CR-Pa","Model B","Precipitation",3308.46183953033,0,0
"CR-Pa","Model B","Precipitation",3314.97455968689,0,0
"CR-Pa","Model B","Precipitation",3321.48727984344,0,0
"CR-Pa","Model B","Precipitation",3328,0,0
