"Bacteria","Climate_Variable","Lag_Years","x_value","Density","Scaled_Density"
"3GCR-Ec","Temperature",3,-6.54658904421483,5.48984014547977e-06,2.30017536154343e-05
"3GCR-Ec","Temperature",3,-6.47086853914941,6.57445369685638e-06,2.75461507227467e-05
"3GCR-Ec","Temperature",3,-6.39514803408399,7.83079462088084e-06,3.28100643569519e-05
"3GCR-Ec","Temperature",3,-6.31942752901857,9.35157127975535e-06,3.91819311298555e-05
"3GCR-Ec","Temperature",3,-6.24370702395315,1.11192846100659e-05,4.65884321224209e-05
"3GCR-Ec","Temperature",3,-6.16798651888773,1.31522145442483e-05,5.51061579986485e-05
"3GCR-Ec","Temperature",3,-6.09226601382231,1.54778532686149e-05,6.4850297630918e-05
"3GCR-Ec","Temperature",3,-6.01654550875689,1.81269227015895e-05,7.59495720711092e-05
"3GCR-Ec","Temperature",3,-5.94082500369147,2.12732195699395e-05,8.91321681848389e-05
"3GCR-Ec","Temperature",3,-5.86510449862605,2.48420920911989e-05,0.000104085304204017
"3GCR-Ec","Temperature",3,-5.78938399356063,2.88702544311748e-05,0.000120962807958546
"3GCR-Ec","Temperature",3,-5.71366348849521,3.33954127630291e-05,0.000139922663666884
"3GCR-Ec","Temperature",3,-5.63794298342979,3.84860069790049e-05,0.000161251626042673
"3GCR-Ec","Temperature",3,-5.56222247836437,4.43570507575943e-05,0.00018585057589948
"3GCR-Ec","Temperature",3,-5.48650197329895,5.08897572023715e-05,0.000213221810781145
"3GCR-Ec","Temperature",3,-5.41078146823353,5.81261051629871e-05,0.000243541216894032
"3GCR-Ec","Temperature",3,-5.33506096316811,6.61079236748796e-05,0.000276984052741417
"3GCR-Ec","Temperature",3,-5.25934045810269,7.4957037274777e-05,0.000314060748117953
"3GCR-Ec","Temperature",3,-5.18361995303727,8.48780754354911e-05,0.000355628675295206
"3GCR-Ec","Temperature",3,-5.10789944797185,9.57059519063976e-05,0.000400996143229081
"3GCR-Ec","Temperature",3,-5.03217894290643,0.000107475135209838,0.00045030757078012
"3GCR-Ec","Temperature",3,-4.95645843784101,0.000120217978494052,0.000503698513652098
"3GCR-Ec","Temperature",3,-4.88073793277559,0.000134108818961896,0.000561899423238824
"3GCR-Ec","Temperature",3,-4.80501742771017,0.000149262803140656,0.00062539274929842
"3GCR-Ec","Temperature",3,-4.72929692264475,0.000165480864729471,0.00069334442856417
"3GCR-Ec","Temperature",3,-4.65357641757933,0.000182771444923146,0.000765789828601962
"3GCR-Ec","Temperature",3,-4.57785591251391,0.000201138620390645,0.000842746030152335
"3GCR-Ec","Temperature",3,-4.50213540744849,0.000220773584831232,0.000925014111251576
"3GCR-Ec","Temperature",3,-4.42641490238307,0.0002416333677914,0.00101241403099537
"3GCR-Ec","Temperature",3,-4.35069439731765,0.000263511129535377,0.00110407915638277
"3GCR-Ec","Temperature",3,-4.27497389225223,0.000286371970086784,0.00119986326081396
"3GCR-Ec","Temperature",3,-4.19925338718681,0.000310175155272185,0.00129959567312253
"3GCR-Ec","Temperature",3,-4.12353288212139,0.000335049691541994,0.00140381691443635
"3GCR-Ec","Temperature",3,-4.04781237705597,0.000360794124388606,0.00151168291519676
"3GCR-Ec","Temperature",3,-3.97209187199055,0.000387223640496918,0.00162241933039077
"3GCR-Ec","Temperature",3,-3.89637136692513,0.000414254302101323,0.00173567447112535
"3GCR-Ec","Temperature",3,-3.82065086185971,0.00044179682758984,0.00185107425844982
"3GCR-Ec","Temperature",3,-3.74493035679429,0.000469812337023384,0.00196845579021115
"3GCR-Ec","Temperature",3,-3.66920985172887,0.000498050617572569,0.00208677070549164
"3GCR-Ec","Temperature",3,-3.59348934666345,0.000526366887828819,0.0022054123880329
"3GCR-Ec","Temperature",3,-3.51776884159803,0.000554643084158534,0.00232388616576089
"3GCR-Ec","Temperature",3,-3.44204833653261,0.000582758939434629,0.00244168813423541
"3GCR-Ec","Temperature",3,-3.36632783146719,0.000610424965293348,0.00255760537289025
"3GCR-Ec","Temperature",3,-3.29060732640177,0.000637544378707811,0.00267123237277078
"3GCR-Ec","Temperature",3,-3.21488682133635,0.000664010613652502,0.00278212263536381
"3GCR-Ec","Temperature",3,-3.13916631627093,0.000689709406342593,0.00288979740949331
"3GCR-Ec","Temperature",3,-3.06344581120551,0.00071451831148452,0.00299374366446999
"3GCR-Ec","Temperature",3,-2.98772530614009,0.000737946430347657,0.00309190459511324
"3GCR-Ec","Temperature",3,-2.91200480107466,0.000760213348538653,0.00318520023805215
"3GCR-Ec","Temperature",3,-2.83628429600925,0.000781253042488157,0.00327335396266817
"3GCR-Ec","Temperature",3,-2.76056379094382,0.000801010116002573,0.00335613366573745
"3GCR-Ec","Temperature",3,-2.6848432858784,0.000819364491071638,0.00343303623519597
"3GCR-Ec","Temperature",3,-2.60912278081298,0.000835969643411457,0.0035026097770015
"3GCR-Ec","Temperature",3,-2.53340227574756,0.000851243502617182,0.00356660536465012
"3GCR-Ec","Temperature",3,-2.45768177068214,0.000865233033060254,0.00362521977307003
"3GCR-Ec","Temperature",3,-2.38196126561672,0.000878002838730543,0.00367872368501668
"3GCR-Ec","Temperature",3,-2.3062407605513,0.000889543451477752,0.00372707743010724
"3GCR-Ec","Temperature",3,-2.23052025548588,0.000899938750393705,0.00377063245139878
"3GCR-Ec","Temperature",3,-2.15479975042046,0.000909659802154554,0.00381136246020788
"3GCR-Ec","Temperature",3,-2.07907924535504,0.00091892399618531,0.00385017829143322
"3GCR-Ec","Temperature",3,-2.00335874028962,0.000927972378939683,0.00388808990000812
"3GCR-Ec","Temperature",3,-1.9276382352242,0.000937160173383957,0.00392658562638195
"3GCR-Ec","Temperature",3,-1.85191773015878,0.000947106311411344,0.00396825871890714
"3GCR-Ec","Temperature",3,-1.77619722509336,0.000958192013492299,0.00401470644437146
"3GCR-Ec","Temperature",3,-1.70047672002794,0.000970851791285489,0.00406774935307343
"3GCR-Ec","Temperature",3,-1.62475621496252,0.000985548353099712,0.00412932613580054
"3GCR-Ec","Temperature",3,-1.5490357098971,0.00100344472601841,0.00420430973269539
"3GCR-Ec","Temperature",3,-1.47331520483168,0.00102548280145886,0.00429664655271317
"3GCR-Ec","Temperature",3,-1.39759469976626,0.00105188509126222,0.00440726889304491
"3GCR-Ec","Temperature",3,-1.32187419470084,0.00108333549696359,0.0045390422168354
"3GCR-Ec","Temperature",3,-1.24615368963542,0.0011205486967645,0.00469496093766873
"3GCR-Ec","Temperature",3,-1.17043318457,0.00116615090297617,0.00488602856146185
"3GCR-Ec","Temperature",3,-1.09471267950458,0.00122077657381139,0.00511490338993281
"3GCR-Ec","Temperature",3,-1.01899217443916,0.00128455222254855,0.00538211549812589
"3GCR-Ec","Temperature",3,-0.943271669373743,0.00135842077006667,0.00569161560831413
"3GCR-Ec","Temperature",3,-0.867551164308323,0.00144335479401268,0.00604747870097302
"3GCR-Ec","Temperature",3,-0.791830659242903,0.00154428555712782,0.00647036615923604
"3GCR-Ec","Temperature",3,-0.716110154177483,0.00166042230795354,0.00695696483194781
"3GCR-Ec","Temperature",3,-0.640389649112064,0.00179201436601133,0.00750831933717609
"3GCR-Ec","Temperature",3,-0.564669144046643,0.00194022470123443,0.00812930237561114
"3GCR-Ec","Temperature",3,-0.488948638981223,0.00210623672387675,0.00882487229036771
"3GCR-Ec","Temperature",3,-0.413228133915803,0.0022981648015694,0.00962902728176669
"3GCR-Ec","Temperature",3,-0.337507628850383,0.00251219577695194,0.0105257906904197
"3GCR-Ec","Temperature",3,-0.261787123784963,0.00274904769314213,0.0115181710284949
"3GCR-Ec","Temperature",3,-0.186066618719543,0.00300996441077263,0.0126113799187439
"3GCR-Ec","Temperature",3,-0.110346113654122,0.00329665374312286,0.0138125728883285
"3GCR-Ec","Temperature",3,-0.0346256085887022,0.00361953203732374,0.0151653931479667
"3GCR-Ec","Temperature",3,0.041094896476717,0.00397134346370748,0.0166394396655937
"3GCR-Ec","Temperature",3,0.116815401542137,0.00435316424328241,0.0182392216745957
"3GCR-Ec","Temperature",3,0.192535906607557,0.00476601960598939,0.0199690347620708
"3GCR-Ec","Temperature",3,0.268256411672978,0.00521293560053798,0.0218415576991672
"3GCR-Ec","Temperature",3,0.343976916738398,0.00570275406483348,0.0238938366969978
"3GCR-Ec","Temperature",3,0.419697421803818,0.00622684004293004,0.0260896923543627
"3GCR-Ec","Temperature",3,0.495417926869238,0.00678563994155937,0.0284309950604506
"3GCR-Ec","Temperature",3,0.571138431934658,0.00737948651390966,0.0309191390101098
"3GCR-Ec","Temperature",3,0.646858937000078,0.00801230987517633,0.0335705909016429
"3GCR-Ec","Temperature",3,0.722579442065499,0.00868871180324567,0.0364046316172485
"3GCR-Ec","Temperature",3,0.798299947130918,0.00939959486555426,0.0393831440356968
"3GCR-Ec","Temperature",3,0.874020452196338,0.0101442284109645,0.0425030668187703
"3GCR-Ec","Temperature",3,0.949740957261758,0.010921708857228,0.0457606140682098
"3GCR-Ec","Temperature",3,1.02546146232718,0.0117353100578888,0.0491695028268799
"3GCR-Ec","Temperature",3,1.1011819673926,0.0125836575927606,0.0527239744435897
"3GCR-Ec","Temperature",3,1.17690247245802,0.013458417463531,0.0563891104925323
"3GCR-Ec","Temperature",3,1.25262297752344,0.0143572801902062,0.0601552345371651
"3GCR-Ec","Temperature",3,1.32834348258886,0.0152777412955946,0.0640118531267184
"3GCR-Ec","Temperature",3,1.40406398765428,0.0162196212630894,0.067958214108735
"3GCR-Ec","Temperature",3,1.4797844927197,0.0171764904167349,0.0719673779333837
"3GCR-Ec","Temperature",3,1.55550499778512,0.0181419043386942,0.0760123432841693
"3GCR-Ec","Temperature",3,1.63122550285054,0.0191120304707972,0.0800770522147017
"3GCR-Ec","Temperature",3,1.70694600791596,0.0200828884355163,0.0841448274337013
"3GCR-Ec","Temperature",3,1.78266651298138,0.0210475183313353,0.0881865078115863
"3GCR-Ec","Temperature",3,1.8583870180468,0.0219990102179337,0.0921731415500279
"3GCR-Ec","Temperature",3,1.93410752311222,0.0229332975614908,0.0960876903734965
"3GCR-Ec","Temperature",3,2.00982802817764,0.0238457437182188,0.0999107273159634
"3GCR-Ec","Temperature",3,2.08554853324306,0.0247316881679775,0.103622725372426
"3GCR-Ec","Temperature",3,2.16126903830848,0.0255750952640975,0.107156497159649
"3GCR-Ec","Temperature",3,2.2369895433739,0.0263757698800826,0.110511225121662
"3GCR-Ec","Temperature",3,2.31271004843932,0.0271315746330719,0.113677953887699
"3GCR-Ec","Temperature",3,2.38843055350474,0.0278383583588429,0.116639290591277
"3GCR-Ec","Temperature",3,2.46415105857016,0.0284921151664279,0.119378451042945
"3GCR-Ec","Temperature",3,2.53987156363558,0.0290682908018698,0.121792555944809
"3GCR-Ec","Temperature",3,2.615592068701,0.0295798709865822,0.123936013869168
"3GCR-Ec","Temperature",3,2.69131257376642,0.0300255440868247,0.125803329232302
"3GCR-Ec","Temperature",3,2.76703307883184,0.0304030690318329,0.127385112223909
"3GCR-Ec","Temperature",3,2.84275358389726,0.0307088297484389,0.128666211943077
"3GCR-Ec","Temperature",3,2.91847408896268,0.0309191897130823,0.129547594269166
"3GCR-Ec","Temperature",3,2.9941945940281,0.0310568281436976,0.130124282330226
"3GCR-Ec","Temperature",3,3.06991509909352,0.0311220127729843,0.130397397893272
"3GCR-Ec","Temperature",3,3.14563560415894,0.0311153759913497,0.130369590596172
"3GCR-Ec","Temperature",3,3.22135610922436,0.0310333419346061,0.130025878008685
"3GCR-Ec","Temperature",3,3.29707661428978,0.030864503371771,0.129318465238877
"3GCR-Ec","Temperature",3,3.3727971193552,0.0306316168223389,0.128342699298808
"3GCR-Ec","Temperature",3,3.44851762442062,0.0303379362006475,0.127112213688523
"3GCR-Ec","Temperature",3,3.52423812948604,0.0299870297657839,0.12564195897383
"3GCR-Ec","Temperature",3,3.59995863455146,0.0295776999909679,0.123926917665108
"3GCR-Ec","Temperature",3,3.67567913961688,0.0291120950286402,0.121976090256335
"3GCR-Ec","Temperature",3,3.7513996446823,0.0286079234441138,0.119863673453684
"3GCR-Ec","Temperature",3,3.82712014974772,0.0280706404188016,0.117612523794953
"3GCR-Ec","Temperature",3,3.90284065481314,0.0275058720476995,0.115246213924787
"3GCR-Ec","Temperature",3,3.97856115987856,0.026917725741761,0.112781953388865
"3GCR-Ec","Temperature",3,4.05428166494398,0.0263166108694539,0.110263356158167
"3GCR-Ec","Temperature",3,4.1300021700094,0.025712671589693,0.107732925008331
"3GCR-Ec","Temperature",3,4.20572267507482,0.0251121510740579,0.105216818058837
"3GCR-Ec","Temperature",3,4.28144318014024,0.0245212836010005,0.102741156168057
"3GCR-Ec","Temperature",3,4.35716368520566,0.0239516995628503,0.100354669246465
"3GCR-Ec","Temperature",3,4.43288419027108,0.0234130652632675,0.0980978579150776
"3GCR-Ec","Temperature",3,4.5086046953365,0.0229084732362444,0.0959836795101825
"3GCR-Ec","Temperature",3,4.58432520040192,0.0224434681302079,0.0940353654253406
"3GCR-Ec","Temperature",3,4.66004570546734,0.0220234323085481,0.092275467099807
"3GCR-Ec","Temperature",3,4.73576621053276,0.0216680081124683,0.0907862835224087
"3GCR-Ec","Temperature",3,4.81148671559818,0.0213776695494104,0.0895698007259077
"3GCR-Ec","Temperature",3,4.8872072206636,0.0211510714433965,0.0886203825887425
"3GCR-Ec","Temperature",3,4.96292772572902,0.0209919942037248,0.0879538685599569
"3GCR-Ec","Temperature",3,5.03864823079444,0.0209039706985803,0.0875850609218389
"3GCR-Ec","Temperature",3,5.11436873585986,0.02091316337551,0.087623577105225
"3GCR-Ec","Temperature",3,5.19008924092528,0.0210062830748802,0.0880137371690694
"3GCR-Ec","Temperature",3,5.2658097459907,0.0211807226564454,0.0887446175170601
"3GCR-Ec","Temperature",3,5.34153025105612,0.0214380930071012,0.0898229675667567
"3GCR-Ec","Temperature",3,5.41725075612154,0.0217797497030137,0.0912544670152263
"3GCR-Ec","Temperature",3,5.49297126118696,0.0222354520129171,0.093163803530792
"3GCR-Ec","Temperature",3,5.56869176625238,0.022778512891311,0.0954391616818456
"3GCR-Ec","Temperature",3,5.6444122713178,0.0234074983991484,0.0980745334405052
"3GCR-Ec","Temperature",3,5.72013277638322,0.0241220596817653,0.101068457148724
"3GCR-Ec","Temperature",3,5.79585328144864,0.0249240847761305,0.10442884344871
"3GCR-Ec","Temperature",3,5.87157378651406,0.0258362395898201,0.108250659699753
"3GCR-Ec","Temperature",3,5.94729429157948,0.0268299461865517,0.11241416787091
"3GCR-Ec","Temperature",3,6.0230147966449,0.0279036032707748,0.116912658731177
"3GCR-Ec","Temperature",3,6.09873530171032,0.0290554864047004,0.121738907098744
"3GCR-Ec","Temperature",3,6.17445580677574,0.0302891049304829,0.126907616684733
"3GCR-Ec","Temperature",3,6.25017631184116,0.0316156799675737,0.132465802596698
"3GCR-Ec","Temperature",3,6.32589681690658,0.0330119589716766,0.138316039539795
"3GCR-Ec","Temperature",3,6.401617321972,0.0344755463945102,0.144448290461961
"3GCR-Ec","Temperature",3,6.47733782703742,0.0360039919519926,0.15085228897488
"3GCR-Ec","Temperature",3,6.55305833210284,0.0376016057403105,0.157546093850377
"3GCR-Ec","Temperature",3,6.62877883716826,0.0392704389259666,0.164538299223302
"3GCR-Ec","Temperature",3,6.70449934223368,0.0409935492855803,0.171757919265731
"3GCR-Ec","Temperature",3,6.7802198472991,0.0427682312260173,0.179193617875881
"3GCR-Ec","Temperature",3,6.85594035236452,0.0445917596868117,0.186833977386251
"3GCR-Ec","Temperature",3,6.93166085742994,0.0464680554067333,0.194695425209074
"3GCR-Ec","Temperature",3,7.00738136249536,0.0483931392321062,0.20276128918086
"3GCR-Ec","Temperature",3,7.08310186756078,0.0503557261667502,0.210984286558428
"3GCR-Ec","Temperature",3,7.1588223726262,0.0523529578757376,0.219352441270708
"3GCR-Ec","Temperature",3,7.23454287769162,0.0543819527763494,0.227853679841247
"3GCR-Ec","Temperature",3,7.31026338275704,0.0564446175646289,0.236495991091476
"3GCR-Ec","Temperature",3,7.38598388782246,0.0585339054469942,0.245249849824767
"3GCR-Ec","Temperature",3,7.46170439288788,0.0606427560482854,0.254085673939354
"3GCR-Ec","Temperature",3,7.5374248979533,0.0627680144041895,0.2629902445236
"3GCR-Ec","Temperature",3,7.61314540301872,0.0649064740356463,0.271950126825423
"3GCR-Ec","Temperature",3,7.68886590808414,0.0670557114879248,0.280955166868179
"3GCR-Ec","Temperature",3,7.76458641314956,0.0692086024436435,0.289975514640074
"3GCR-Ec","Temperature",3,7.84030691821498,0.071360684561951,0.298992473482901
"3GCR-Ec","Temperature",3,7.9160274232804,0.0735082607451099,0.307990553012788
"3GCR-Ec","Temperature",3,7.99174792834583,0.0756475594499822,0.316953950928811
"3GCR-Ec","Temperature",3,8.06746843341124,0.0777687682825401,0.325841554509318
"3GCR-Ec","Temperature",3,8.14318893847666,0.0798686695048626,0.334639881828991
"3GCR-Ec","Temperature",3,8.21890944354208,0.0819437658111112,0.343334279607391
"3GCR-Ec","Temperature",3,8.2946299486075,0.0839897552959224,0.351906723391231
"3GCR-Ec","Temperature",3,8.37035045367293,0.0860022748066899,0.360338932108828
"3GCR-Ec","Temperature",3,8.44607095873834,0.0879608790181984,0.368545242367309
"3GCR-Ec","Temperature",3,8.52179146380377,0.089871823462458,0.376551864074834
"3GCR-Ec","Temperature",3,8.59751196886918,0.091730890798614,0.384341127092988
"3GCR-Ec","Temperature",3,8.67323247393461,0.093533505466099,0.391893860386907
"3GCR-Ec","Temperature",3,8.74895297900003,0.0952726903468473,0.399180830691789
"3GCR-Ec","Temperature",3,8.82467348406544,0.0969223520760074,0.406092710024778
"3GCR-Ec","Temperature",3,8.90039398913087,0.0984973161971491,0.412691615586259
"3GCR-Ec","Temperature",3,8.97611449419628,0.0999933464483204,0.418959797960752
"3GCR-Ec","Temperature",3,9.05183499926171,0.101406309362319,0.424879938430105
"3GCR-Ec","Temperature",3,9.12755550432713,0.102724756184434,0.430404068123085
"3GCR-Ec","Temperature",3,9.20327600939255,0.10392489948951,0.435432520659956
"3GCR-Ec","Temperature",3,9.27899651445797,0.105027012794521,0.440050239578244
"3GCR-Ec","Temperature",3,9.35471701952339,0.106028053149301,0.444244475291777
"3GCR-Ec","Temperature",3,9.43043752458881,0.106925171543137,0.448003290796792
"3GCR-Ec","Temperature",3,9.50615802965422,0.107702071077195,0.451258404095686
"3GCR-Ec","Temperature",3,9.58187853471964,0.108344039408415,0.453948172284255
"3GCR-Ec","Temperature",3,9.65759903978507,0.108873626007364,0.456167074865069
"3GCR-Ec","Temperature",3,9.73331954485049,0.109289625865847,0.4579100630023
"3GCR-Ec","Temperature",3,9.80904004991591,0.109591073091058,0.459173089724142
"3GCR-Ec","Temperature",3,9.88476055498132,0.109757849780541,0.459871863498718
"3GCR-Ec","Temperature",3,9.96048106004675,0.109788432183979,0.46
"3GCR-Ec","Temperature",3,10.0362015651122,0.109704151530901,0.459646874450754
"3GCR-Ec","Temperature",3,10.1119220701776,0.109505802141952,0.458815814956586
"3GCR-Ec","Temperature",3,10.187642575243,0.109194401214916,0.45751108345084
"3GCR-Ec","Temperature",3,10.2633630803084,0.10874817444875,0.455641448295725
"3GCR-Ec","Temperature",3,10.3390835853738,0.10817879834203,0.453255832581201
"3GCR-Ec","Temperature",3,10.4148040904393,0.107503675623335,0.450427151595218
"3GCR-Ec","Temperature",3,10.4905245955047,0.106725266400873,0.447165712887973
"3GCR-Ec","Temperature",3,10.5662451005701,0.10584619303915,0.443482503843552
"3GCR-Ec","Temperature",3,10.6419656056355,0.104845703666604,0.439290576677677
"3GCR-Ec","Temperature",3,10.7176861107009,0.103745065215462,0.434679037215331
"3GCR-Ec","Temperature",3,10.7934066157664,0.102556576143987,0.429699414480923
"3GCR-Ec","Temperature",3,10.8691271208318,0.101283781447639,0.424366561568524
"3GCR-Ec","Temperature",3,10.9448476258972,0.0999303197345547,0.418695723797787
"3GCR-Ec","Temperature",3,11.0205681309626,0.0984791477851991,0.412615492179351
"3GCR-Ec","Temperature",3,11.096288636028,0.0969556469283637,0.406232211352734
"3GCR-Ec","Temperature",3,11.1720091410935,0.0953674413123709,0.399577825559772
"3GCR-Ec","Temperature",3,11.2477296461589,0.0937186499869685,0.392669593111255
"3GCR-Ec","Temperature",3,11.3234501512243,0.0920134388861019,0.385524968756987
"3GCR-Ec","Temperature",3,11.3991706562897,0.0902410821785241,0.378099012585943
"3GCR-Ec","Temperature",3,11.4748911613551,0.0884253071294654,0.370491138915179
"3GCR-Ec","Temperature",3,11.5506116664206,0.0865706497263734,0.362720352973062
"3GCR-Ec","Temperature",3,11.626332171486,0.0846815211306951,0.354805136982403
"3GCR-Ec","Temperature",3,11.7020526765514,0.0827614148518656,0.346760128317178
"3GCR-Ec","Temperature",3,11.7777731816168,0.0808114231359494,0.338589903353783
"3GCR-Ec","Temperature",3,11.8534936866822,0.0788452158464395,0.330351737135517
"3GCR-Ec","Temperature",3,11.9292141917477,0.0768673419489309,0.322064689267583
"3GCR-Ec","Temperature",3,12.0049346968131,0.0748823573516178,0.313747848443826
"3GCR-Ec","Temperature",3,12.0806552018785,0.0728952577891701,0.305422146176813
"3GCR-Ec","Temperature",3,12.1563757069439,0.0709145277271325,0.297123131331511
"3GCR-Ec","Temperature",3,12.2320962120093,0.0689451997409099,0.288871889778627
"3GCR-Ec","Temperature",3,12.3078167170748,0.0669917584638075,0.280687211579004
"3GCR-Ec","Temperature",3,12.3835372221402,0.0650586523176411,0.272587735071803
"3GCR-Ec","Temperature",3,12.4592577272056,0.0631544684423827,0.264609439315187
"3GCR-Ec","Temperature",3,12.534978232271,0.0612894465498771,0.256795227439797
"3GCR-Ec","Temperature",3,12.6106987373364,0.0594620434823378,0.249138633804691
"3GCR-Ec","Temperature",3,12.6864192424019,0.0576761914448676,0.241656133864627
"3GCR-Ec","Temperature",3,12.7621397474673,0.0559357118144272,0.234363738718106
"3GCR-Ec","Temperature",3,12.8378602525327,0.0542539042566653,0.227317172325082
"3GCR-Ec","Temperature",3,12.9135807575981,0.0526367582570476,0.220541529891483
"3GCR-Ec","Temperature",3,12.9893012626635,0.0510784528330197,0.21401242221781
"3GCR-Ec","Temperature",3,13.065021767729,0.0495816658201389,0.207741069105022
"3GCR-Ec","Temperature",3,13.1407422727944,0.0481488799749904,0.201737872997222
"3GCR-Ec","Temperature",3,13.2164627778598,0.0467975279216671,0.19607587444088
"3GCR-Ec","Temperature",3,13.2921832829252,0.0455245479222811,0.190742245131589
"3GCR-Ec","Temperature",3,13.3679037879907,0.0443222996637545,0.185704973099182
"3GCR-Ec","Temperature",3,13.4436242930561,0.0431915637474474,0.180967328967151
"3GCR-Ec","Temperature",3,13.5193447981215,0.042132869601552,0.176531530974373
"3GCR-Ec","Temperature",3,13.5950653031869,0.0411652251721856,0.17247722007245
"3GCR-Ec","Temperature",3,13.6707858082523,0.0402750247834878,0.168747390156355
"3GCR-Ec","Temperature",3,13.7465063133178,0.0394549751484178,0.165311483252246
"3GCR-Ec","Temperature",3,13.8222268183832,0.0387037018749811,0.162163740827054
"3GCR-Ec","Temperature",3,13.8979473234486,0.0380195819863982,0.159297362808095
"3GCR-Ec","Temperature",3,13.973667828514,0.0374191780159055,0.156781744168384
"3GCR-Ec","Temperature",3,14.0493883335794,0.0368813519441785,0.154528319212102
"3GCR-Ec","Temperature",3,14.1251088386449,0.0364004130455694,0.152513244500138
"3GCR-Ec","Temperature",3,14.2008293437103,0.0359731359469566,0.150723006116621
"3GCR-Ec","Temperature",3,14.2765498487757,0.0355962481645351,0.149143892757726
"3GCR-Ec","Temperature",3,14.3522703538411,0.0352792207685042,0.147815587040327
"3GCR-Ec","Temperature",3,14.4279908589065,0.0350005680956387,0.146648066683507
"3GCR-Ec","Temperature",3,14.503711363972,0.0347560822469262,0.145623701109006
"3GCR-Ec","Temperature",3,14.5794318690374,0.0345414937934416,0.144724601935812
"3GCR-Ec","Temperature",3,14.6551523741028,0.0343533410780763,0.14393626524727
"3GCR-Ec","Temperature",3,14.7308728791682,0.0341892460931285,0.143248727484189
"3GCR-Ec","Temperature",3,14.8065933842336,0.0340372364587163,0.142611825850395
"3GCR-Ec","Temperature",3,14.8823138892991,0.0338930069266028,0.142007521886376
"3GCR-Ec","Temperature",3,14.9580343943645,0.033752320392191,0.141418062646072
"3GCR-Ec","Temperature",3,15.0337548994299,0.0336103455520888,0.140823205563701
"3GCR-Ec","Temperature",3,15.1094754044953,0.0334593387089169,0.140190505501615
"3GCR-Ec","Temperature",3,15.1851959095607,0.0332960896218285,0.139506511946313
"3GCR-Ec","Temperature",3,15.2609164146262,0.033117271117723,0.138757284452557
"3GCR-Ec","Temperature",3,15.3366369196916,0.0329197359575338,0.137929636476541
"3GCR-Ec","Temperature",3,15.412357424757,0.0326969954990023,0.136996381406892
"3GCR-Ec","Temperature",3,15.4880779298224,0.0324428384056272,0.135931494509185
"3GCR-Ec","Temperature",3,15.5637984348878,0.0321601951442466,0.134747254078306
"3GCR-Ec","Temperature",3,15.6395189399533,0.0318475364995699,0.133437252890656
"3GCR-Ec","Temperature",3,15.7152394450187,0.0315035803039021,0.131996118821612
"3GCR-Ec","Temperature",3,15.7909599500841,0.0311213635032229,0.130394677532991
"3GCR-Ec","Temperature",3,15.8666804551495,0.0307006842776925,0.128632083424536
"3GCR-Ec","Temperature",3,15.9424009602149,0.0302473556857785,0.126732692494798
"3GCR-Ec","Temperature",3,16.0181214652804,0.0297619940132118,0.124699086905035
"3GCR-Ec","Temperature",3,16.0938419703458,0.0292454653677379,0.122534895539957
"3GCR-Ec","Temperature",3,16.1695624754112,0.0286929029332066,0.120219727039705
"3GCR-Ec","Temperature",3,16.2452829804766,0.0281103444429684,0.117778878762898
"3GCR-Ec","Temperature",3,16.321003485542,0.0275037596036358,0.115237363044508
"3GCR-Ec","Temperature",3,16.3967239906074,0.026875655162205,0.112605682845505
"3GCR-Ec","Temperature",3,16.4724444956729,0.0262287198987544,0.109895103823039
"3GCR-Ec","Temperature",3,16.5481650007383,0.0255632597072257,0.107106907635027
"3GCR-Ec","Temperature",3,16.6238855058037,0.0248874625227868,0.104275400720701
"3GCR-Ec","Temperature",3,16.6996060108691,0.0242060044323994,0.101420175308129
"3GCR-Ec","Temperature",3,16.7753265159346,0.0235224550018177,0.0985561874378886
"3GCR-Ec","Temperature",3,16.851047021,0.0228404432501393,0.0956986422527429
"3GCR-Ec","Temperature",3,16.9267675260654,0.0221676087361133,0.0928795485623135
"3GCR-Ec","Temperature",3,17.0024880311308,0.0215078301761828,0.0901151577104666
"3GCR-Ec","Temperature",3,17.0782085361962,0.0208644229679134,0.0874193608043959
"3GCR-Ec","Temperature",3,17.1539290412617,0.0202408647649284,0.0848067287841805
"3GCR-Ec","Temperature",3,17.2296495463271,0.0196408078359613,0.0822925642056908
"3GCR-Ec","Temperature",3,17.3053700513925,0.0190784178052863,0.0799362192887968
"3GCR-Ec","Temperature",3,17.3810905564579,0.0185484892747158,0.0777158840566299
"3GCR-Ec","Temperature",3,17.4568110615233,0.0180535185583215,0.0756420177574936
"3GCR-Ec","Temperature",3,17.5325315665888,0.0175958143380074,0.0737242934840321
"3GCR-Ec","Temperature",3,17.6082520716542,0.0171797406155606,0.0719809958658933
"3GCR-Ec","Temperature",3,17.6839725767196,0.0168181174001505,0.0704658391614975
"3GCR-Ec","Temperature",3,17.759693081785,0.0165002683563895,0.0691340908413735
"3GCR-Ec","Temperature",3,17.8354135868504,0.0162269411817342,0.0679888836657148
"3GCR-Ec","Temperature",3,17.9111340919159,0.0159986607123219,0.0670324166332529
"3GCR-Ec","Temperature",3,17.9868545969813,0.0158201115021393,0.0662843174478453
"3GCR-Ec","Temperature",3,18.0625751020467,0.015697765637102,0.0657717033518278
"3GCR-Ec","Temperature",3,18.1382956071121,0.0156194050836475,0.0654433822903824
"3GCR-Ec","Temperature",3,18.2140161121775,0.0155839766309788,0.0652949414400725
"3GCR-Ec","Temperature",3,18.289736617243,0.0155902401070548,0.0653211846328903
"3GCR-Ec","Temperature",3,18.3654571223084,0.0156420131211742,0.0655381071812969
"3GCR-Ec","Temperature",3,18.4411776273738,0.0157384321114255,0.0659420908673127
"3GCR-Ec","Temperature",3,18.5168981324392,0.01586902191688,0.0664892460576559
"3GCR-Ec","Temperature",3,18.5926186375046,0.0160314273692067,0.0671697048872806
"3GCR-Ec","Temperature",3,18.6683391425701,0.0162231887023151,0.0679731612394221
"3GCR-Ec","Temperature",3,18.7440596476355,0.0164457888493689,0.0689058284212719
"3GCR-Ec","Temperature",3,18.8197801527009,0.0166936883607898,0.0699444968218055
"3GCR-Ec","Temperature",3,18.8955006577663,0.0169598008008089,0.0710594751485172
"3GCR-Ec","Temperature",3,18.9712211628317,0.0172412456176838,0.0722386942446192
"3GCR-Ec","Temperature",3,19.0469416678972,0.017535131670138,0.0734700405844813
"3GCR-Ec","Temperature",3,19.1226621729626,0.0178395211871238,0.0747453951462334
"3GCR-Ec","Temperature",3,19.198382678028,0.0181485999009681,0.0760403968649039
"3GCR-Ec","Temperature",3,19.2741031830934,0.0184586470972221,0.0773394564055106
"3GCR-Ec","Temperature",3,19.3498236881588,0.0187670180929938,0.0786314928726793
"3GCR-Ec","Temperature",3,19.4255441932243,0.0190711358121633,0.0799057086350791
"3GCR-Ec","Temperature",3,19.5012646982897,0.0193654395777547,0.0811388051415049
"3GCR-Ec","Temperature",3,19.5769852033551,0.0196478167769744,0.0823219308047202
"3GCR-Ec","Temperature",3,19.6527057084205,0.0199168626528017,0.0834491998659378
"3GCR-Ec","Temperature",3,19.7284262134859,0.020170724284052,0.0845128488137564
"3GCR-Ec","Temperature",3,19.8041467185514,0.0204076648272443,0.0855056004880478
"3GCR-Ec","Temperature",3,19.8798672236168,0.0206193712802123,0.0863926244342687
"3GCR-Ec","Temperature",3,19.9555877286822,0.020809471577502,0.0871891212510438
"3GCR-Ec","Temperature",3,20.0313082337476,0.0209776041524756,0.0878935760187215
"3GCR-Ec","Temperature",3,20.107028738813,0.0211229782341265,0.0885026755042427
"3GCR-Ec","Temperature",3,20.1827492438785,0.0212445722111267,0.0890121392820507
"3GCR-Ec","Temperature",3,20.2584697489439,0.0213341582004934,0.0893874935364919
"3GCR-Ec","Temperature",3,20.3341902540093,0.0213995582314796,0.0896615116061117
"3GCR-Ec","Temperature",3,20.4099107590747,0.0214409006041045,0.0898347310521788
"3GCR-Ec","Temperature",3,20.4856312641401,0.0214584216453394,0.0899081420555762
"3GCR-Ec","Temperature",3,20.5613517692056,0.0214511305443383,0.0898775932409714
"3GCR-Ec","Temperature",3,20.637072274271,0.0214147840362816,0.0897253058517313
"3GCR-Ec","Temperature",3,20.7127927793364,0.0213569807819684,0.0894831173401082
"3GCR-Ec","Temperature",3,20.7885132844018,0.0212786127243959,0.089154764837333
"3GCR-Ec","Temperature",3,20.8642337894672,0.0211806307169832,0.0887442323020447
"3GCR-Ec","Temperature",3,20.9399542945327,0.0210623156652458,0.0882485068169773
"3GCR-Ec","Temperature",3,21.0156747995981,0.0209231958863072,0.0876656120890105
"3GCR-Ec","Temperature",3,21.0913953046635,0.0207689651432783,0.0870194042838529
"3GCR-Ec","Temperature",3,21.1671158097289,0.0206008099669967,0.0863148548194804
"3GCR-Ec","Temperature",3,21.2428363147943,0.0204199178080363,0.0855569389674502
"3GCR-Ec","Temperature",3,21.3185568198598,0.0202260696580155,0.084744739109635
"3GCR-Ec","Temperature",3,21.3942773249252,0.0200207821269025,0.0838846096548877
"3GCR-Ec","Temperature",3,21.4699978299906,0.0198073816122079,0.0829904877988162
"3GCR-Ec","Temperature",3,21.545718335056,0.0195868902175105,0.0820666560294469
"3GCR-Ec","Temperature",3,21.6214388401214,0.0193602887644141,0.0811172238684185
"3GCR-Ec","Temperature",3,21.6971593451869,0.0191278046490402,0.0801431440774549
"3GCR-Ec","Temperature",3,21.7728798502523,0.0188910377058046,0.079151119765587
"3GCR-Ec","Temperature",3,21.8486003553177,0.0186514223679002,0.0781471610311067
"3GCR-Ec","Temperature",3,21.9243208603831,0.0184095720110042,0.0771338378425057
"3GCR-Ec","Temperature",3,22.0000413654485,0.0181660495975146,0.07611350894285
"3GCR-Ec","Temperature",3,22.075761870514,0.0179212621103306,0.0750878795403282
"3GCR-Ec","Temperature",3,22.1514823755794,0.0176759872599177,0.0740602081459423
"3GCR-Ec","Temperature",3,22.2272028806448,0.0174306252852782,0.0730321717117849
"3GCR-Ec","Temperature",3,22.3029233857102,0.0171854345439614,0.0720048527241458
"3GCR-Ec","Temperature",3,22.3786438907756,0.0169406449362429,0.0709792144368458
"3GCR-Ec","Temperature",3,22.4543643958411,0.0166967131401399,0.0699571702744941
"3GCR-Ec","Temperature",3,22.5300849009065,0.0164537584743909,0.0689392201678996
"3GCR-Ec","Temperature",3,22.6058054059719,0.0162118861247906,0.0679258048325783
"3GCR-Ec","Temperature",3,22.6815259110373,0.0159712526684367,0.0669175803072721
"3GCR-Ec","Temperature",3,22.7572464161027,0.0157320195842166,0.0659152231686181
"3GCR-Ec","Temperature",3,22.8329669211682,0.0154950111842219,0.0649221871826876
"3GCR-Ec","Temperature",3,22.9086874262336,0.0152600745131808,0.0639378314857434
"3GCR-Ec","Temperature",3,22.984407931299,0.0150274474707221,0.0629631528479092
"3GCR-Ec","Temperature",3,23.0601284363644,0.0147974337666749,0.0619994237759394
"3GCR-Ec","Temperature",3,23.1358489414298,0.0145704384670058,0.0610483414463108
"3GCR-Ec","Temperature",3,23.2115694464953,0.0143481654279941,0.060117044806843
"3GCR-Ec","Temperature",3,23.2872899515607,0.0141301310919876,0.059203507810569
"3GCR-Ec","Temperature",3,23.3630104566261,0.0139168430967359,0.0583098573970959
"3GCR-Ec","Temperature",3,23.4387309616915,0.0137088322716848,0.0574383176763797
"3GCR-Ec","Temperature",3,23.5144514667569,0.0135070981124087,0.0565930764116941
"3GCR-Ec","Temperature",3,23.5901719718224,0.0133140980015737,0.0557844297335512
"3GCR-Ec","Temperature",3,23.6658924768878,0.0131288008854785,0.0550080576540143
"3GCR-Ec","Temperature",3,23.7416129819532,0.0129518403517844,0.0542666148272972
"3GCR-Ec","Temperature",3,23.8173334870186,0.0127838489640837,0.0535627516168927
"3GCR-Ec","Temperature",3,23.893053992084,0.0126266245781327,0.0529040008168425
"3GCR-Ec","Temperature",3,23.9687744971495,0.012482568244922,0.0523004225348801
"3GCR-Ec","Temperature",3,24.0444950022149,0.0123499132174023,0.0517446143186121
"3GCR-Ec","Temperature",3,24.1202155072803,0.0122291722317335,0.0512387244693556
"3GCR-Ec","Temperature",3,24.1959360123457,0.0121208244137379,0.0507847604652566
"3GCR-Ec","Temperature",3,24.2716565174111,0.0120273808445764,0.0503932434269019
"3GCR-Ec","Temperature",3,24.3473770224766,0.0119499648543454,0.0500688799689503
"3GCR-Ec","Temperature",3,24.423097527542,0.0118862508609447,0.0498019261890185
"3GCR-Ec","Temperature",3,24.4988180326074,0.0118363599396422,0.0495928893775565
"3GCR-Ec","Temperature",3,24.5745385376728,0.0118003520937581,0.0494420209410811
"3GCR-Ec","Temperature",3,24.6502590427382,0.0117809065613936,0.0493605465570339
"3GCR-Ec","Temperature",3,24.7259795478037,0.0117770205676897,0.0493442647223431
"3GCR-Ec","Temperature",3,24.8017000528691,0.0117862419860723,0.0493829013288747
"3GCR-Ec","Temperature",3,24.8774205579345,0.0118081190556332,0.0494745635541001
"3GCR-Ec","Temperature",3,24.9531410629999,0.0118421277004356,0.0496170555844345
"3GCR-Ec","Temperature",3,25.0288615680653,0.0118900937172765,0.0498180272834367
"3GCR-Ec","Temperature",3,25.1045820731308,0.0119491165311674,0.050065325599386
"3GCR-Ec","Temperature",3,25.1803025781962,0.0120170360519289,0.0503499000206506
"3GCR-Ec","Temperature",3,25.2560230832616,0.0120928197485177,0.0506674243694129
"3GCR-Ec","Temperature",3,25.331743588327,0.0121753744388342,0.0510133183474047
"3GCR-Ec","Temperature",3,25.4074640933924,0.0122644166731567,0.0513863943352256
"3GCR-Ec","Temperature",3,25.4831845984579,0.0123566910128132,0.0517730124460559
"3GCR-Ec","Temperature",3,25.5589051035233,0.0124504967800889,0.05216604704987
"3GCR-Ec","Temperature",3,25.6346256085887,0.0125444182419511,0.052559566399743
"3GCR-Ec","Temperature",3,25.7103461136541,0.0126370131929576,0.0529475278326161
"3GCR-Ec","Temperature",3,25.7860666187195,0.0127248838636783,0.0533156951133348
"3GCR-Ec","Temperature",3,25.861787123785,0.0128068316247726,0.0536590461326862
"3GCR-Ec","Temperature",3,25.9375076288504,0.0128814562810988,0.053971714245594
"3GCR-Ec","Temperature",3,26.0132281339158,0.012947319369281,0.0542476724677956
"3GCR-Ec","Temperature",3,26.0889486389812,0.0130026707884573,0.054479588092371
"3GCR-Ec","Temperature",3,26.1646691440466,0.0130417861158285,0.0546434764932967
"3GCR-Ec","Temperature",3,26.2403896491121,0.0130667599257047,0.0547481136787863
"3GCR-Ec","Temperature",3,26.3161101541775,0.0130764707129773,0.0547888006806544
"3GCR-Ec","Temperature",3,26.3918306592429,0.0130698638680474,0.0547611188146575
"3GCR-Ec","Temperature",3,26.4675511643083,0.0130446216040396,0.0546553568394421
"3GCR-Ec","Temperature",3,26.5432716693737,0.0129955902148437,0.0544499213615735
"3GCR-Ec","Temperature",3,26.6189921744392,0.0129270326351311,0.0541626735519414
"3GCR-Ec","Temperature",3,26.6947126795046,0.0128384913959338,0.05379169667195
"3GCR-Ec","Temperature",3,26.77043318457,0.0127296006528499,0.053335457878644
"3GCR-Ec","Temperature",3,26.8461536896354,0.0125976953933152,0.0527827910978279
"3GCR-Ec","Temperature",3,26.9218741947008,0.0124402945641047,0.052123301022266
"3GCR-Ec","Temperature",3,26.9975946997663,0.0122624305185228,0.0513780725920928
"3GCR-Ec","Temperature",3,27.0733152048317,0.0120644285668133,0.0505484688171362
"3GCR-Ec","Temperature",3,27.1490357098971,0.0118467026697505,0.0496362241420227
"3GCR-Ec","Temperature",3,27.2247562149625,0.0116068897227108,0.0486314374496197
"3GCR-Ec","Temperature",3,27.3004767200279,0.0113457632328981,0.0475373496397806
"3GCR-Ec","Temperature",3,27.3761972250934,0.0110678327239295,0.0463728550606856
"3GCR-Ec","Temperature",3,27.4519177301588,0.0107740826489425,0.0451420784496526
"3GCR-Ec","Temperature",3,27.5276382352242,0.0104655577876017,0.0438493973047126
"3GCR-Ec","Temperature",3,27.6033587402896,0.0101410401365649,0.0424897083419742
"3GCR-Ec","Temperature",3,27.679079245355,0.00980349113104166,0.0410754196099837
"3GCR-Ec","Temperature",3,27.7547997504205,0.00945614272805628,0.0396200726103516
"3GCR-Ec","Temperature",3,27.8305202554859,0.00910033103362509,0.0381292654626179
"3GCR-Ec","Temperature",3,27.9062407605513,0.0087374102400353,0.0366086720655691
"3GCR-Ec","Temperature",3,27.9819612656167,0.00836798183814576,0.035060812591773
"3GCR-Ec","Temperature",3,28.0576817706821,0.0079951343090793,0.0334986273964952
"3GCR-Ec","Temperature",3,28.1334022757476,0.00762073075119694,0.0319299226322512
"3GCR-Ec","Temperature",3,28.209122780813,0.00724608997927701,0.0303602239704252
"3GCR-Ec","Temperature",3,28.2848432858784,0.00687250792752929,0.028794961215639
"3GCR-Ec","Temperature",3,28.3605637909438,0.00650261061381734,0.027245137059098
"3GCR-Ec","Temperature",3,28.4362842960092,0.00613759217412934,0.0257157547834215
"3GCR-Ec","Temperature",3,28.5120048010747,0.00577834592833587,0.0242105572887704
"3GCR-Ec","Temperature",3,28.5877253061401,0.00542587242313144,0.0227337367424825
"3GCR-Ec","Temperature",3,28.6634458112055,0.0050811221866967,0.0212892757404871
"3GCR-Ec","Temperature",3,28.7391663162709,0.00474839449921409,0.0198951877368847
"3GCR-Ec","Temperature",3,28.8148868213363,0.00442587080359411,0.018543853201598
"3GCR-Ec","Temperature",3,28.8906073264018,0.00411404045263315,0.0172373224625337
"3GCR-Ec","Temperature",3,28.9663278314672,0.00381343562422812,0.0159778252794917
"3GCR-Ec","Temperature",3,29.0420483365326,0.00352493571705218,0.0147690462245313
"3GCR-Ec","Temperature",3,29.117768841598,0.00325254312939537,0.0136277548532131
"3GCR-Ec","Temperature",3,29.1934893466634,0.00299273942608097,0.0125392093557753
"3GCR-Ec","Temperature",3,29.2692098517289,0.00274564879971704,0.0115039300839396
"3GCR-Ec","Temperature",3,29.3449303567943,0.0025113471680711,0.0105222351237956
"3GCR-Ec","Temperature",3,29.4206508618597,0.00229084271568752,0.00959834864433049
"3GCR-Ec","Temperature",3,29.4963713669251,0.00208646119830846,0.0087420152754668
"3GCR-Ec","Temperature",3,29.5720918719905,0.00189453974395495,0.00793788803504248
"3GCR-Ec","Temperature",3,29.647812377056,0.00171485359199062,0.00718502520369173
"3GCR-Ec","Temperature",3,29.7235328821214,0.0015471480308358,0.00648235957128755
"3GCR-Ec","Temperature",3,29.7992533871868,0.00139248755748248,0.00583435124903273
"3GCR-Ec","Temperature",3,29.8749738922522,0.00125144261894044,0.00524339033959361
"3GCR-Ec","Temperature",3,29.9506943973176,0.00112098039893576,0.00469676971656126
"3GCR-Ec","Temperature",3,30.0264149023831,0.00100069224652006,0.00419277718282603
"3GCR-Ec","Temperature",3,30.1021354074485,0.000890158562946082,0.00372965467135027
"3GCR-Ec","Temperature",3,30.1778559125139,0.000790362916311809,0.0033115232112449
"3GCR-Ec","Temperature",3,30.2535764175793,0.000700649946741431,0.00293563692539997
"3GCR-Ec","Temperature",3,30.3292969226447,0.00061889324715643,0.00259308643022505
"3GCR-Ec","Temperature",3,30.4050174277102,0.0005446486977733,0.00228201091856269
"3GCR-Ec","Temperature",3,30.4807379327756,0.000477475417117446,0.00200056315137067
"3GCR-Ec","Temperature",3,30.556458437841,0.000418166669434883,0.00175206680807413
"3GCR-Ec","Temperature",3,30.6321789429064,0.000365524531161083,0.00153150273657551
"3GCR-Ec","Temperature",3,30.7078994479718,0.000318258119147986,0.00133346229557905
"3GCR-Ec","Temperature",3,30.7836199530373,0.000275984223261678,0.00115633988185231
"3GCR-Ec","Temperature",3,30.8593404581027,0.000238330362279681,0.000998574844979449
"3GCR-Ec","Temperature",3,30.9350609631681,0.000205858925408711,0.000862523526425089
"3GCR-Ec","Temperature",3,31.0107814682335,0.000177360008922067,0.000743116578688665
"3GCR-Ec","Temperature",3,31.0865019732989,0.000152151580511672,0.000637496370456255
"3GCR-Ec","Temperature",3,31.1622224783644,0.000129951240388454,0.000544479681415947
"3GCR-Ec","Temperature",3,31.2379429834298,0.000110489059663023,0.00046293554278852
"3GCR-Ec","Temperature",3,31.3136634884952,9.4117892170327e-05,0.000394342368655013
"3GCR-Ec","Temperature",3,31.3893839935606,7.98905364296758e-05,0.000334731501548974
"3GCR-Ec","Temperature",3,31.465104498626,6.74956714233801e-05,0.000282798544774972
"3GCR-Ec","Temperature",3,31.5408250036915,5.67502556490877e-05,0.000237776576997061
"3GCR-Ec","Temperature",3,31.6165455087569,4.74819533515598e-05,0.000198943532640271
"3GCR-Ec","Temperature",3,31.6922660138223,3.98876210494711e-05,0.000167124216256312
"3GCR-Ec","Temperature",3,31.7679865188877,3.33436235476939e-05,0.00013970567323738
"3GCR-Ec","Temperature",3,31.8437070239531,2.77301536152187e-05,0.000116185926051161
"3GCR-Ec","Temperature",3,31.9194275290186,2.29413688907118e-05,9.61215082481834e-05
"3GCR-Ec","Temperature",3,31.995148034084,1.89022899449521e-05,7.91982652608352e-05
"3GCR-Ec","Temperature",3,32.0708685391494,1.56411585932309e-05,6.55345268145304e-05
"3GCR-Ec","Temperature",3,32.1465890442148,1.28709216542389e-05,5.39275754573888e-05
"3GCR-Ec","Humidity",2,27.2780352632902,9.09214734124657e-05,0.000653558006386056
"3GCR-Ec","Humidity",2,27.4126437137706,0.000100054895184448,0.000719210494194963
"3GCR-Ec","Humidity",2,27.5472521642511,0.000109621436869144,0.000787976316797675
"3GCR-Ec","Humidity",2,27.6818606147316,0.000119561565478922,0.000859427541614025
"3GCR-Ec","Humidity",2,27.816469065212,0.000129833784904739,0.000933265888014784
"3GCR-Ec","Humidity",2,27.9510775156925,0.000140391715636566,0.00100915797270804
"3GCR-Ec","Humidity",2,28.085685966173,0.000151210452133627,0.001086924770707
"3GCR-Ec","Humidity",2,28.2202944166535,0.000162165586866165,0.00116567202090837
"3GCR-Ec","Humidity",2,28.3549028671339,0.000173164170157531,0.00124473158625843
"3GCR-Ec","Humidity",2,28.4895113176144,0.000184132078985556,0.00132357065868909
"3GCR-Ec","Humidity",2,28.6241197680949,0.000194992171331145,0.00140163472910239
"3GCR-Ec","Humidity",2,28.7587282185753,0.000205610794933491,0.00147796308379843
"3GCR-Ec","Humidity",2,28.8933366690558,0.000215848405907186,0.00155155265914298
"3GCR-Ec","Humidity",2,29.0279451195363,0.000225652248420479,0.00162202423782983
"3GCR-Ec","Humidity",2,29.1625535700168,0.000234938794235162,0.00168877740560268
"3GCR-Ec","Humidity",2,29.2971620204972,0.00024362592782091,0.0017512219029741
"3GCR-Ec","Humidity",2,29.4317704709777,0.000251544687662346,0.00180814320770858
"3GCR-Ec","Humidity",2,29.5663789214582,0.000258499542964066,0.00185813581336154
"3GCR-Ec","Humidity",2,29.7009873719387,0.000264569587613262,0.00190176825936917
"3GCR-Ec","Humidity",2,29.8355958224191,0.000269697742763687,0.00193863025390972
"3GCR-Ec","Humidity",2,29.9702042728996,0.000273833013191287,0.00196835523520506
"3GCR-Ec","Humidity",2,30.1048127233801,0.000276866606527541,0.00199016118641346
"3GCR-Ec","Humidity",2,30.2394211738605,0.000278536611646859,0.00200216544872325
"3GCR-Ec","Humidity",2,30.374029624341,0.000279099620621479,0.00200621244674494
"3GCR-Ec","Humidity",2,30.5086380748215,0.000278552877758142,0.00200228237211728
"3GCR-Ec","Humidity",2,30.643246525302,0.000276901562140311,0.0019904124529156
"3GCR-Ec","Humidity",2,30.7778549757824,0.000274150937496916,0.00197064052566032
"3GCR-Ec","Humidity",2,30.9124634262629,0.000270025211768899,0.0019409841531831
"3GCR-Ec","Humidity",2,31.0470718767434,0.00026490832510784,0.00190420315833566
"3GCR-Ec","Humidity",2,31.1816803272239,0.000258853359940925,0.00186067910604414
"3GCR-Ec","Humidity",2,31.3162887777043,0.000251919054768133,0.00181083421798516
"3GCR-Ec","Humidity",2,31.4508972281848,0.000244169660329235,0.00175513033869132
"3GCR-Ec","Humidity",2,31.5855056786653,0.000235511866308776,0.00169289673877986
"3GCR-Ec","Humidity",2,31.7201141291457,0.000226228513774277,0.00162616652481267
"3GCR-Ec","Humidity",2,31.8547225796262,0.00021643408730449,0.00155576263014359
"3GCR-Ec","Humidity",2,31.9893310301067,0.00020621243084311,0.00148228773837015
"3GCR-Ec","Humidity",2,32.1239394805872,0.000195648063918077,0.00140634938929684
"3GCR-Ec","Humidity",2,32.2585479310676,0.00018480130131113,0.00132838113516418
"3GCR-Ec","Humidity",2,32.3931563815481,0.000173831981723516,0.0012495319219693
"3GCR-Ec","Humidity",2,32.5277648320286,0.000162839056401087,0.00117051302699952
"3GCR-Ec","Humidity",2,32.6623732825091,0.000151895961402159,0.00109185232031752
"3GCR-Ec","Humidity",2,32.7969817329895,0.000141072695686831,0.00101405296557756
"3GCR-Ec","Humidity",2,32.93159018347,0.000130483363841704,0.000937935164689475
"3GCR-Ec","Humidity",2,33.0661986339505,0.000120218084224427,0.000864146702735852
"3GCR-Ec","Humidity",2,33.2008070844309,0.000110293196706861,0.000792805033313485
"3GCR-Ec","Humidity",2,33.3354155349114,0.000100749668260226,0.000724204633524802
"3GCR-Ec","Humidity",2,33.4700239853919,9.16237087503225e-05,0.000658605785642134
"3GCR-Ec","Humidity",2,33.6046324358724,8.30035570473954e-05,0.000596642764693796
"3GCR-Ec","Humidity",2,33.7392408863528,7.49637711642517e-05,0.000538851505529734
"3GCR-Ec","Humidity",2,33.8738493368333,6.74257889895222e-05,0.000484667291202931
"3GCR-Ec","Humidity",2,34.0084577873138,6.03974878574806e-05,0.000434146745244552
"3GCR-Ec","Humidity",2,34.1430662377942,5.38833265929431e-05,0.000387321918396281
"3GCR-Ec","Humidity",2,34.2776746882747,4.79178756991407e-05,0.000344441308931664
"3GCR-Ec","Humidity",2,34.4122831387552,4.25881536430139e-05,0.000306130419426035
"3GCR-Ec","Humidity",2,34.5468915892357,3.77556569438186e-05,0.000271393664839299
"3GCR-Ec","Humidity",2,34.6815000397161,3.34097030398463e-05,0.000240154257219488
"3GCR-Ec","Humidity",2,34.8161084901966,2.95386296996336e-05,0.000212328366592679
"3GCR-Ec","Humidity",2,34.9507169406771,2.6136194499139e-05,0.000187871121422385
"3GCR-Ec","Humidity",2,35.0853253911576,2.33102504976846e-05,0.000167557786646445
"3GCR-Ec","Humidity",2,35.219933841638,2.09086794286915e-05,0.000150294911979586
"3GCR-Ec","Humidity",2,35.3545422921185,1.89198587816884e-05,0.00013599895296869
"3GCR-Ec","Humidity",2,35.489150742599,1.7333170282155e-05,0.000124593583768321
"3GCR-Ec","Humidity",2,35.6237591930794,1.61390447122429e-05,0.000116010019319185
"3GCR-Ec","Humidity",2,35.7583676435599,1.54338877983512e-05,0.00011094123931007
"3GCR-Ec","Humidity",2,35.8929760940404,1.51186607284109e-05,0.000108675337013761
"3GCR-Ec","Humidity",2,36.0275845445209,1.51779504732724e-05,0.000109101521126231
"3GCR-Ec","Humidity",2,36.1621929950013,1.56123087085249e-05,0.000112223757179327
"3GCR-Ec","Humidity",2,36.2968014454818,1.64239743873056e-05,0.000118058139124166
"3GCR-Ec","Humidity",2,36.4314098959623,1.7706731550309e-05,0.000127278801555875
"3GCR-Ec","Humidity",2,36.5660183464427,1.9419744247669e-05,0.000139592209174357
"3GCR-Ec","Humidity",2,36.7006267969232,2.15393414985138e-05,0.000154828211205683
"3GCR-Ec","Humidity",2,36.8352352474037,2.40768758038546e-05,0.000173068411232043
"3GCR-Ec","Humidity",2,36.9698436978842,2.70445427593449e-05,0.000194400473133958
"3GCR-Ec","Humidity",2,37.1044521483646,3.05372800988871e-05,0.000219506824436755
"3GCR-Ec","Humidity",2,37.2390605988451,3.45616613415385e-05,0.000248434716640536
"3GCR-Ec","Humidity",2,37.3736690493256,3.90676055193455e-05,0.000280824159785335
"3GCR-Ec","Humidity",2,37.5082774998061,4.40666457076643e-05,0.000316758055450442
"3GCR-Ec","Humidity",2,37.6428859502865,4.95691277331576e-05,0.000356310771082781
"3GCR-Ec","Humidity",2,37.777494400767,5.56487076043641e-05,0.000400011757782209
"3GCR-Ec","Humidity",2,37.9121028512475,6.23482172889212e-05,0.000448168898541906
"3GCR-Ec","Humidity",2,38.0467113017279,6.95675101897062e-05,0.000500062323699567
"3GCR-Ec","Humidity",2,38.1813197522084,7.73016105093175e-05,0.000555656266432373
"3GCR-Ec","Humidity",2,38.3159282026889,8.55421336217817e-05,0.000614890456715764
"3GCR-Ec","Humidity",2,38.4505366531694,9.43108436462981e-05,0.000677921338498798
"3GCR-Ec","Humidity",2,38.5851451036498,0.000103655731988962,0.000745093881638586
"3GCR-Ec","Humidity",2,38.7197535541303,0.000113426604778295,0.000815328468707788
"3GCR-Ec","Humidity",2,38.8543620046108,0.000123589002014621,0.000888377395749984
"3GCR-Ec","Humidity",2,38.9889704550913,0.000134104408964122,0.00096396381273508
"3GCR-Ec","Humidity",2,39.1235789055717,0.000144935236158372,0.00104181752058772
"3GCR-Ec","Humidity",2,39.2581873560522,0.000156072134357847,0.00112187131548779
"3GCR-Ec","Humidity",2,39.3927958065327,0.00016736593986682,0.00120305298507504
"3GCR-Ec","Humidity",2,39.5274042570131,0.000178756909110224,0.00128493308303331
"3GCR-Ec","Humidity",2,39.6620127074936,0.000190183869802357,0.0013670718932473
"3GCR-Ec","Humidity",2,39.7966211579741,0.000201584377175558,0.00144902055279902
"3GCR-Ec","Humidity",2,39.9312296084546,0.000212836498981626,0.00152990259330254
"3GCR-Ec","Humidity",2,40.065838058935,0.000223878486002218,0.00160927415155898
"3GCR-Ec","Humidity",2,40.2004465094155,0.000234658640946875,0.00168676361922522
"3GCR-Ec","Humidity",2,40.335054959896,0.000245126228713953,0.00176200630432435
"3GCR-Ec","Humidity",2,40.4696634103765,0.000255235236821328,0.00183467146181938
"3GCR-Ec","Humidity",2,40.6042718608569,0.000264841835167081,0.00190372521807033
"3GCR-Ec","Humidity",2,40.7388803113374,0.000273973272958708,0.00196936344471301
"3GCR-Ec","Humidity",2,40.8734887618179,0.000282660353462872,0.00203180756052557
"3GCR-Ec","Humidity",2,41.0080972122983,0.000290911461204273,0.0020911178348046
"3GCR-Ec","Humidity",2,41.1427056627788,0.00029874609806851,0.00214743445020436
"3GCR-Ec","Humidity",2,41.2773141132593,0.000306144115374173,0.00220061257479946
"3GCR-Ec","Humidity",2,41.4119225637398,0.000313224855604718,0.00225151006133511
"3GCR-Ec","Humidity",2,41.5465310142202,0.00032012852207469,0.00230113471352702
"3GCR-Ec","Humidity",2,41.6811394647007,0.000326959593036975,0.0023502375376678
"3GCR-Ec","Humidity",2,41.8157479151812,0.000333835966358326,0.00239966600236811
"3GCR-Ec","Humidity",2,41.9503563656616,0.000340946719139514,0.00245077922388944
"3GCR-Ec","Humidity",2,42.0849648161421,0.000348579072198661,0.00250564179113736
"3GCR-Ec","Humidity",2,42.2195732666226,0.000356880603998487,0.0025653145215652
"3GCR-Ec","Humidity",2,42.3541817171031,0.000366045991339101,0.0026311967829636
"3GCR-Ec","Humidity",2,42.4887901675835,0.00037627808448176,0.00270474669526139
"3GCR-Ec","Humidity",2,42.623398618064,0.000387916764353718,0.00278840737660094
"3GCR-Ec","Humidity",2,42.7580070685445,0.000401566270485902,0.00288652219679787
"3GCR-Ec","Humidity",2,42.892615519025,0.000417143211605754,0.00299849172612677
"3GCR-Ec","Humidity",2,43.0272239695054,0.000434869068937408,0.00312590800683973
"3GCR-Ec","Humidity",2,43.1618324199859,0.00045496103469725,0.00327033225111929
"3GCR-Ec","Humidity",2,43.2964408704664,0.000477711455479907,0.00343386589276746
"3GCR-Ec","Humidity",2,43.4310493209468,0.000504162671502308,0.00362400143898395
"3GCR-Ec","Humidity",2,43.5656577714273,0.000533732116649691,0.00383655131191436
"3GCR-Ec","Humidity",2,43.7002662219078,0.000566564494277581,0.00407255566228442
"3GCR-Ec","Humidity",2,43.8348746723883,0.000602785801551854,0.00433292017775459
"3GCR-Ec","Humidity",2,43.9694831228687,0.000642502907130308,0.00461841304722804
"3GCR-Ec","Humidity",2,44.1040915733492,0.000686863182318586,0.00493728175806894
"3GCR-Ec","Humidity",2,44.2387000238297,0.00073493611198316,0.00528283761955599
"3GCR-Ec","Humidity",2,44.3733084743102,0.000786610345093941,0.00565428022278133
"3GCR-Ec","Humidity",2,44.5079169247906,0.000841833286691682,0.0060512315068159
"3GCR-Ec","Humidity",2,44.6425253752711,0.000900525872085747,0.006473123142093
"3GCR-Ec","Humidity",2,44.7771338257516,0.000963317540097718,0.00692447963493589
"3GCR-Ec","Humidity",2,44.911742276232,0.00102939315381754,0.00739944165163743
"3GCR-Ec","Humidity",2,45.0463507267125,0.00109828404214517,0.00789464030981715
"3GCR-Ec","Humidity",2,45.180959177193,0.00116974952313764,0.00840834554940308
"3GCR-Ec","Humidity",2,45.3155676276735,0.00124352880929495,0.00893868278838303
"3GCR-Ec","Humidity",2,45.4501760781539,0.0013196227831273,0.00948565837038063
"3GCR-Ec","Humidity",2,45.5847845286344,0.00139739350665413,0.0100446866957666
"3GCR-Ec","Humidity",2,45.7193929791149,0.00147626072181926,0.0106115967773786
"3GCR-Ec","Humidity",2,45.8540014295953,0.0015558888585496,0.0111839764841793
"3GCR-Ec","Humidity",2,45.9886098800758,0.00163594094081273,0.0117594035788724
"3GCR-Ec","Humidity",2,46.1232183305563,0.00171601721866993,0.0123350045953423
"3GCR-Ec","Humidity",2,46.2578267810368,0.00179556201439913,0.0129067852337767
"3GCR-Ec","Humidity",2,46.3924352315172,0.00187427568157203,0.013472591588008
"3GCR-Ec","Humidity",2,46.5270436819977,0.00195188065966622,0.0140304285088725
"3GCR-Ec","Humidity",2,46.6616521324782,0.00202811789036817,0.014578433844025
"3GCR-Ec","Humidity",2,46.7962605829587,0.00210258279237266,0.0151136993987198
"3GCR-Ec","Humidity",2,46.9308690334391,0.00217469576540588,0.0156320589140387
"3GCR-Ec","Humidity",2,47.0654774839196,0.00224470225042921,0.0161352766586344
"3GCR-Ec","Humidity",2,47.2000859344001,0.00231249881773068,0.0166226091632932
"3GCR-Ec","Humidity",2,47.3346943848805,0.00237800768661319,0.0170934973279981
"3GCR-Ec","Humidity",2,47.469302835361,0.0024410955807943,0.0175469831416414
"3GCR-Ec","Humidity",2,47.6039112858415,0.0025011758564561,0.0179788497151902
"3GCR-Ec","Humidity",2,47.738519736322,0.00255895991197008,0.0183942106932432
"3GCR-Ec","Humidity",2,47.8731281868024,0.00261451627843596,0.0187935586882407
"3GCR-Ec","Humidity",2,48.0077366372829,0.00266792826918516,0.0191774925696551
"3GCR-Ec","Humidity",2,48.1423450877634,0.00271929338061489,0.0195467131570902
"3GCR-Ec","Humidity",2,48.2769535382439,0.00276821433226564,0.0198983647354398
"3GCR-Ec","Humidity",2,48.4115619887243,0.00281540666847,0.0202375907511303
"3GCR-Ec","Humidity",2,48.5461704392048,0.00286102597201661,0.0205655095579824
"3GCR-Ec","Humidity",2,48.6807788896853,0.00290519063173416,0.020882972153719
"3GCR-Ec","Humidity",2,48.8153873401657,0.0029480131347656,0.021190787113808
"3GCR-Ec","Humidity",2,48.9499957906462,0.0029893252236861,0.0214877449771286
"3GCR-Ec","Humidity",2,49.0846042411267,0.00302945584934368,0.0217762102946759
"3GCR-Ec","Humidity",2,49.2192126916072,0.003068526176162,0.0220570540155909
"3GCR-Ec","Humidity",2,49.3538211420876,0.00310655549914905,0.0223304148354588
"3GCR-Ec","Humidity",2,49.4884295925681,0.00314354421246993,0.0225962955876009
"3GCR-Ec","Humidity",2,49.6230380430486,0.00317924246197217,0.0228529002806454
"3GCR-Ec","Humidity",2,49.7576464935291,0.00321362312468881,0.0231000339503934
"3GCR-Ec","Humidity",2,49.8922549440095,0.0032467076984853,0.0233378511269197
"3GCR-Ec","Humidity",2,50.02686339449,0.00327837155722599,0.0235654559777472
"3GCR-Ec","Humidity",2,50.1614718449705,0.00330847414480625,0.0237818381632488
"3GCR-Ec","Humidity",2,50.2960802954509,0.00333656692486091,0.0239837735327195
"3GCR-Ec","Humidity",2,50.4306887459314,0.00336229112692637,0.0241686831870263
"3GCR-Ec","Humidity",2,50.5652971964119,0.00338574959893109,0.024337306413431
"3GCR-Ec","Humidity",2,50.6999056468924,0.00340674281917162,0.024488209018207
"3GCR-Ec","Humidity",2,50.8345140973728,0.00342507105132245,0.0246199552648911
"3GCR-Ec","Humidity",2,50.9691225478533,0.00344024106450925,0.0247289997315403
"3GCR-Ec","Humidity",2,51.1037309983338,0.00345154344863367,0.0248102430655792
"3GCR-Ec","Humidity",2,51.2383394488142,0.00345946364876736,0.0248671747233634
"3GCR-Ec","Humidity",2,51.3729478992947,0.00346386005713606,0.0248987768056974
"3GCR-Ec","Humidity",2,51.5075563497752,0.00346460936862341,0.0249041629758006
"3GCR-Ec","Humidity",2,51.6421648002557,0.00346144822385861,0.0248814401646446
"3GCR-Ec","Humidity",2,51.7767732507361,0.00345339052936696,0.0248235201755553
"3GCR-Ec","Humidity",2,51.9113817012166,0.00344147770198051,0.0247378888782952
"3GCR-Ec","Humidity",2,52.0459901516971,0.00342575044096527,0.024624838825659
"3GCR-Ec","Humidity",2,52.1805986021776,0.00340628029305972,0.0244848843069783
"3GCR-Ec","Humidity",2,52.315207052658,0.00338316992619566,0.0243187633156696
"3GCR-Ec","Humidity",2,52.4498155031385,0.00335561216277939,0.0241206737308572
"3GCR-Ec","Humidity",2,52.584423953619,0.003324945187398,0.0239002346361098
"3GCR-Ec","Humidity",2,52.7190324040994,0.0032914902199257,0.0236597550109533
"3GCR-Ec","Humidity",2,52.8536408545799,0.00325556614622823,0.02340152705769
"3GCR-Ec","Humidity",2,52.9882493050604,0.00321752390538096,0.0231280733821891
"3GCR-Ec","Humidity",2,53.1228577555409,0.00317751792881955,0.0228405040621629
"3GCR-Ec","Humidity",2,53.2574662060213,0.00313655664443815,0.0225460678376433
"3GCR-Ec","Humidity",2,53.3920746565018,0.00309524228035056,0.02224909362006
"3GCR-Ec","Humidity",2,53.5266831069823,0.00305410036432267,0.021953358986547
"3GCR-Ec","Humidity",2,53.6612915574627,0.00301367553040858,0.0216627788532761
"3GCR-Ec","Humidity",2,53.7959000079432,0.0029750005653218,0.0213847770553455
"3GCR-Ec","Humidity",2,53.9305084584237,0.00293890141561441,0.0211252906278878
"3GCR-Ec","Humidity",2,54.0651169089042,0.00290580832043926,0.0208874121983368
"3GCR-Ec","Humidity",2,54.1997253593846,0.00287631085104809,0.0206753796985855
"3GCR-Ec","Humidity",2,54.3343338098651,0.00285099196606547,0.0204933835279108
"3GCR-Ec","Humidity",2,54.4689422603456,0.00283128241773963,0.020351708160947
"3GCR-Ec","Humidity",2,54.6035507108261,0.00281815861537698,0.0202573721830265
"3GCR-Ec","Humidity",2,54.7381591613065,0.00281129315656223,0.0202080221735349
"3GCR-Ec","Humidity",2,54.872767611787,0.0028111262395077,0.020206822347209
"3GCR-Ec","Humidity",2,55.0073760622675,0.00281806180232664,0.0202566762754285
"3GCR-Ec","Humidity",2,55.1419845127479,0.00283325483281303,0.0203658861940865
"3GCR-Ec","Humidity",2,55.2765929632284,0.0028580645341861,0.0205442222720212
"3GCR-Ec","Humidity",2,55.4112014137089,0.00289101723919592,0.0207810915547432
"3GCR-Ec","Humidity",2,55.5458098641894,0.00293221003618682,0.0210771919287078
"3GCR-Ec","Humidity",2,55.6804183146698,0.00298168644782798,0.0214328362417805
"3GCR-Ec","Humidity",2,55.8150267651503,0.00303982577218629,0.0218507509487702
"3GCR-Ec","Humidity",2,55.9496352156308,0.00310822576703028,0.0223424209865429
"3GCR-Ec","Humidity",2,56.0842436661112,0.00318441834672668,0.0228901053631686
"3GCR-Ec","Humidity",2,56.2188521165917,0.00326810414832392,0.0234916522101559
"3GCR-Ec","Humidity",2,56.3534605670722,0.00335893979951408,0.0241445933127633
"3GCR-Ec","Humidity",2,56.4880690175527,0.00345653868488694,0.0248461496179544
"3GCR-Ec","Humidity",2,56.6226774680331,0.00356214787787625,0.025605285287842
"3GCR-Ec","Humidity",2,56.7572859185136,0.00367313788167293,0.0264030990813016
"3GCR-Ec","Humidity",2,56.8918943689941,0.00378894849536135,0.0272355641850861
"3GCR-Ec","Humidity",2,57.0265028194746,0.00390903268950593,0.028098748464641
"3GCR-Ec","Humidity",2,57.161111269955,0.00403283747195596,0.0289886769244674
"3GCR-Ec","Humidity",2,57.2957197204355,0.00416038111514922,0.0299054809097531
"3GCR-Ec","Humidity",2,57.430328170916,0.00429025022855949,0.0308390007446825
"3GCR-Ec","Humidity",2,57.5649366213964,0.00442181335337209,0.0317846974029007
"3GCR-Ec","Humidity",2,57.6995450718769,0.00455463920989483,0.0327394707774116
"3GCR-Ec","Humidity",2,57.8341535223574,0.00468833491248719,0.0337004967437667
"3GCR-Ec","Humidity",2,57.9687619728379,0.00482257325650625,0.0346654233029709
"3GCR-Ec","Humidity",2,58.1033704233183,0.00495694463292255,0.0356313061201971
"3GCR-Ec","Humidity",2,58.2379788737988,0.00509130279264771,0.036597093933746
"3GCR-Ec","Humidity",2,58.3725873242793,0.0052256132946484,0.0375625391759944
"3GCR-Ec","Humidity",2,58.5071957747598,0.00535990544388287,0.0385278524956414
"3GCR-Ec","Humidity",2,58.6418042252402,0.00549435057779721,0.0394942654934901
"3GCR-Ec","Humidity",2,58.7764126757207,0.00562936060636667,0.0404647390439317
"3GCR-Ec","Humidity",2,58.9110211262012,0.00576530257340745,0.041441911516273
"3GCR-Ec","Humidity",2,59.0456295766816,0.00590262224835007,0.0424289871720528
"3GCR-Ec","Humidity",2,59.1802380271621,0.00604182178198539,0.0434295755509923
"3GCR-Ec","Humidity",2,59.3148464776426,0.00618383275208161,0.0444503729821997
"3GCR-Ec","Humidity",2,59.4494549281231,0.00633008435922644,0.0455016527867263
"3GCR-Ec","Humidity",2,59.5840633786035,0.00648079976939034,0.0465850191170488
"3GCR-Ec","Humidity",2,59.718671829084,0.00663676086657497,0.0477060922796819
"3GCR-Ec","Humidity",2,59.8532802795645,0.0067987741484125,0.0488706695078296
"3GCR-Ec","Humidity",2,59.987888730045,0.00696812023821671,0.0500879561254763
"3GCR-Ec","Humidity",2,60.1224971805254,0.00714781160536311,0.051379606241442
"3GCR-Ec","Humidity",2,60.2571056310059,0.00733690003592872,0.052738803943293
"3GCR-Ec","Humidity",2,60.3917140814864,0.00753624312774906,0.0541717137806194
"3GCR-Ec","Humidity",2,60.5263225319668,0.0077466881846866,0.0556844263082965
"3GCR-Ec","Humidity",2,60.6609309824473,0.00796911562051624,0.0572832700805143
"3GCR-Ec","Humidity",2,60.7955394329278,0.00820875928369382,0.0590058668320966
"3GCR-Ec","Humidity",2,60.9301478834083,0.00846262080575879,0.060830663813842
"3GCR-Ec","Humidity",2,61.0647563338887,0.0087314030141303,0.062762713060981
"3GCR-Ec","Humidity",2,61.1993647843692,0.00901577499689538,0.0648068240850607
"3GCR-Ec","Humidity",2,61.3339732348497,0.00931637154516265,0.0669675598654947
"3GCR-Ec","Humidity",2,61.4685816853302,0.00963854568013275,0.0692833987697435
"3GCR-Ec","Humidity",2,61.6031901358106,0.0099793121334007,0.0717328822138879
"3GCR-Ec","Humidity",2,61.7377985862911,0.0103382548523035,0.0743130195452384
"3GCR-Ec","Humidity",2,61.8724070367716,0.0107157288372766,0.0770263625633661
"3GCR-Ec","Humidity",2,62.007015487252,0.0111120398776667,0.0798751093307126
"3GCR-Ec","Humidity",2,62.1416239377325,0.0115316223003479,0.0828911344938573
"3GCR-Ec","Humidity",2,62.276232388213,0.0119724359009686,0.0860597727395504
"3GCR-Ec","Humidity",2,62.4108408386935,0.0124325638606258,0.0893672456687655
"3GCR-Ec","Humidity",2,62.5454492891739,0.0129119311489834,0.0928130139515165
"3GCR-Ec","Humidity",2,62.6800577396544,0.0134103958171641,0.0963960572367057
"3GCR-Ec","Humidity",2,62.8146661901349,0.0139307547918322,0.100136480277877
"3GCR-Ec","Humidity",2,62.9492746406154,0.0144721099355997,0.10402782712069
"3GCR-Ec","Humidity",2,63.0838830910958,0.0150310551542183,0.108045614218158
"3GCR-Ec","Humidity",2,63.2184915415763,0.0156069427563867,0.112185185862231
"3GCR-Ec","Humidity",2,63.3530999920568,0.0161990397732326,0.116441273356122
"3GCR-Ec","Humidity",2,63.4877084425372,0.016808084276791,0.120819182078963
"3GCR-Ec","Humidity",2,63.6223168930177,0.0174336614510493,0.125315930267305
"3GCR-Ec","Humidity",2,63.7569253434982,0.0180714589135967,0.129900519830758
"3GCR-Ec","Humidity",2,63.8915337939787,0.018720166913729,0.134563536073025
"3GCR-Ec","Humidity",2,64.0261422444591,0.0193783922722431,0.139294964600494
"3GCR-Ec","Humidity",2,64.1607506949396,0.020044998861958,0.144086638750356
"3GCR-Ec","Humidity",2,64.2953591454201,0.0207185200733622,0.148928016300268
"3GCR-Ec","Humidity",2,64.4299675959005,0.0213951516143519,0.153791751393748
"3GCR-Ec","Humidity",2,64.564576046381,0.0220730524172408,0.158664610143558
"3GCR-Ec","Humidity",2,64.6991844968615,0.0227503399477777,0.1635330605942
"3GCR-Ec","Humidity",2,64.833792947342,0.0234250368554427,0.168382889235757
"3GCR-Ec","Humidity",2,64.9684013978224,0.0240926322604837,0.173181671147393
"3GCR-Ec","Humidity",2,65.1030098483029,0.0247519330690944,0.177920830181141
"3GCR-Ec","Humidity",2,65.2376182987834,0.0254009911002701,0.182586362502199
"3GCR-Ec","Humidity",2,65.3722267492639,0.0260378906559626,0.187164497768421
"3GCR-Ec","Humidity",2,65.5068351997443,0.0266607511437637,0.191641717982586
"3GCR-Ec","Humidity",2,65.6414436502248,0.0272625159256446,0.195967298908616
"3GCR-Ec","Humidity",2,65.7760521007053,0.0278445163992355,0.200150810844352
"3GCR-Ec","Humidity",2,65.9106605511857,0.0284059432243863,0.204186436124121
"3GCR-Ec","Humidity",2,66.0452690016662,0.028945402081272,0.208064152155339
"3GCR-Ec","Humidity",2,66.1798774521467,0.0294615997971447,0.211774663406696
"3GCR-Ec","Humidity",2,66.3144859026272,0.0299475311571338,0.215267615279948
"3GCR-Ec","Humidity",2,66.4490943531076,0.0304049802506641,0.218555832093533
"3GCR-Ec","Humidity",2,66.5837028035881,0.0308356035349499,0.221651220725264
"3GCR-Ec","Humidity",2,66.7183112540686,0.0312388809824928,0.224550043134806
"3GCR-Ec","Humidity",2,66.852919704549,0.0316144150363079,0.227249441619343
"3GCR-Ec","Humidity",2,66.9875281550295,0.0319571226362082,0.229712878334101
"3GCR-Ec","Humidity",2,67.12213660551,0.0322677629621342,0.231945810385194
"3GCR-Ec","Humidity",2,67.2567450559905,0.032550635384703,0.23397914233217
"3GCR-Ec","Humidity",2,67.3913535064709,0.0328060911451145,0.235815398952616
"3GCR-Ec","Humidity",2,67.5259619569514,0.0330345805528329,0.237457817142556
"3GCR-Ec","Humidity",2,67.6605704074319,0.0332336244715037,0.238888576475718
"3GCR-Ec","Humidity",2,67.7951788579124,0.0334025123497288,0.240102569395684
"3GCR-Ec","Humidity",2,67.9297873083928,0.0335473185154382,0.241143459137364
"3GCR-Ec","Humidity",2,68.0643957588733,0.0336690267777072,0.242018317476805
"3GCR-Ec","Humidity",2,68.1990042093538,0.0337686843625406,0.242734672041029
"3GCR-Ec","Humidity",2,68.3336126598342,0.0338460966037274,0.24329112353836
"3GCR-Ec","Humidity",2,68.4682211103147,0.0338997628242205,0.243676884863594
"3GCR-Ec","Humidity",2,68.6028295607952,0.0339361860112379,0.243938700522754
"3GCR-Ec","Humidity",2,68.7374380112757,0.0339567573736876,0.244086570746659
"3GCR-Ec","Humidity",2,68.8720464617561,0.0339629121179085,0.244130812026654
"3GCR-Ec","Humidity",2,69.0066549122366,0.033955948980285,0.244080759886355
"3GCR-Ec","Humidity",2,69.1412633627171,0.0339351876987324,0.243931524493744
"3GCR-Ec","Humidity",2,69.2758718131976,0.0339061534962902,0.243722822030476
"3GCR-Ec","Humidity",2,69.410480263678,0.0338705499080781,0.243466897777835
"3GCR-Ec","Humidity",2,69.5450887141585,0.0338301174617917,0.243176262925622
"3GCR-Ec","Humidity",2,69.679697164639,0.0337866333244116,0.242863692032642
"3GCR-Ec","Humidity",2,69.8143056151194,0.0337425623677901,0.242546902989657
"3GCR-Ec","Humidity",2,69.9489140655999,0.0337008818211465,0.242247296593643
"3GCR-Ec","Humidity",2,70.0835225160804,0.0336635482525487,0.241978936966942
"3GCR-Ec","Humidity",2,70.2181309665609,0.0336325186367226,0.241755891155022
"3GCR-Ec","Humidity",2,70.3527394170413,0.0336097647410762,0.241592332535501
"3GCR-Ec","Humidity",2,70.4873478675218,0.0336004513412355,0.24152538633672
"3GCR-Ec","Humidity",2,70.6219563180023,0.0336061492818391,0.241566344039687
"3GCR-Ec","Humidity",2,70.7565647684827,0.0336278626000548,0.241722422823196
"3GCR-Ec","Humidity",2,70.8911732189632,0.0336675043453732,0.242007373991139
"3GCR-Ec","Humidity",2,71.0257816694437,0.0337269527693145,0.242434698714064
"3GCR-Ec","Humidity",2,71.1603901199242,0.0338124357619871,0.243049164056234
"3GCR-Ec","Humidity",2,71.2949985704046,0.033925889099484,0.243864684683973
"3GCR-Ec","Humidity",2,71.4296070208851,0.0340658099013542,0.244870457653659
"3GCR-Ec","Humidity",2,71.5642154713656,0.0342336455300867,0.246076886836975
"3GCR-Ec","Humidity",2,71.6988239218461,0.0344307494673525,0.247493701275363
"3GCR-Ec","Humidity",2,71.8334323723265,0.0346624629545351,0.249159294661084
"3GCR-Ec","Humidity",2,71.968040822807,0.0349324638816709,0.251100104252463
"3GCR-Ec","Humidity",2,72.1026492732875,0.0352356655758172,0.253279566235665
"3GCR-Ec","Humidity",2,72.237257723768,0.0355726647597551,0.255701969948912
"3GCR-Ec","Humidity",2,72.3718661742484,0.0359439285356013,0.258370672996481
"3GCR-Ec","Humidity",2,72.5064746247289,0.0363524059786212,0.261306873800253
"3GCR-Ec","Humidity",2,72.6410830752094,0.0368039391821429,0.264552566255895
"3GCR-Ec","Humidity",2,72.7756915256898,0.0372899224826555,0.268045891485889
"3GCR-Ec","Humidity",2,72.9102999761703,0.0378099579540472,0.271783989134075
"3GCR-Ec","Humidity",2,73.0449084266508,0.0383635220410736,0.275763095802119
"3GCR-Ec","Humidity",2,73.1795168771312,0.0389507154239121,0.279983935195142
"3GCR-Ec","Humidity",2,73.3141253276117,0.0395787074885067,0.284498041999161
"3GCR-Ec","Humidity",2,73.4487337780922,0.0402367213994018,0.289227950607527
"3GCR-Ec","Humidity",2,73.5833422285727,0.0409234892883782,0.294164547381901
"3GCR-Ec","Humidity",2,73.7179506790531,0.0416376480793062,0.299298034314351
"3GCR-Ec","Humidity",2,73.8525591295336,0.0423777406458527,0.304617937349127
"3GCR-Ec","Humidity",2,73.9871675800141,0.0431482930046487,0.310156790213359
"3GCR-Ec","Humidity",2,74.1217760304946,0.0439405043781593,0.3158513315189
"3GCR-Ec","Humidity",2,74.256384480975,0.0447518207036726,0.32168320225691
"3GCR-Ec","Humidity",2,74.3909929314555,0.045580281069861,0.327638307085004
"3GCR-Ec","Humidity",2,74.525601381936,0.046423860579897,0.333702090722849
"3GCR-Ec","Humidity",2,74.6602098324165,0.0472826043326825,0.339874877348522
"3GCR-Ec","Humidity",2,74.7948182828969,0.0481510711911802,0.34611755520392
"3GCR-Ec","Humidity",2,74.9294267333774,0.0490259583592335,0.35240638326516
"3GCR-Ec","Humidity",2,75.0640351838579,0.0499048909073673,0.35872429016159
"3GCR-Ec","Humidity",2,75.1986436343383,0.0507854489947197,0.365053881692365
"3GCR-Ec","Humidity",2,75.3332520848188,0.0516641932449477,0.37137043507351
"3GCR-Ec","Humidity",2,75.4678605352993,0.0525369835572333,0.377644190602116
"3GCR-Ec","Humidity",2,75.6024689857798,0.0534013947120935,0.383857715414956
"3GCR-Ec","Humidity",2,75.7370774362602,0.0542547772079644,0.389991964473546
"3GCR-Ec","Humidity",2,75.8716858867407,0.055094459229238,0.39602773234251
"3GCR-Ec","Humidity",2,76.0062943372212,0.055914955019325,0.401925586531308
"3GCR-Ec","Humidity",2,76.1409027877016,0.0567107445868367,0.407645848464222
"3GCR-Ec","Humidity",2,76.2755112381821,0.057482207002127,0.413191242959223
"3GCR-Ec","Humidity",2,76.4101196886626,0.0582266531169521,0.418542439991192
"3GCR-Ec","Humidity",2,76.5447281391431,0.0589414171219196,0.42368027729838
"3GCR-Ec","Humidity",2,76.6793365896235,0.0596208741039902,0.428564322111563
"3GCR-Ec","Humidity",2,76.813945040104,0.0602554640352754,0.433125855430342
"3GCR-Ec","Humidity",2,76.9485534905845,0.0608504246997892,0.437402527278958
"3GCR-Ec","Humidity",2,77.083161941065,0.0614034438671945,0.441377716978129
"3GCR-Ec","Humidity",2,77.2177703915454,0.0619122989255758,0.445035448040036
"3GCR-Ec","Humidity",2,77.3523788420259,0.0623733582201635,0.448349615552803
"3GCR-Ec","Humidity",2,77.4869872925064,0.0627711830854669,0.451209243934307
"3GCR-Ec","Humidity",2,77.6215957429868,0.0631174292839048,0.453698116657952
"3GCR-Ec","Humidity",2,77.7562041934673,0.0634106516970609,0.455805845982801
"3GCR-Ec","Humidity",2,77.8908126439478,0.063649551517005,0.457523095870959
"3GCR-Ec","Humidity",2,78.0254210944283,0.0638329775559591,0.458841591401649
"3GCR-Ec","Humidity",2,78.1600295449087,0.063942942590676,0.459632037554405
"3GCR-Ec","Humidity",2,78.2946379953892,0.0639941326723322,0.46
"3GCR-Ec","Humidity",2,78.4292464458697,0.0639874739483993,0.459952136033708
"3GCR-Ec","Humidity",2,78.5638548963502,0.0639228573722763,0.459487661811223
"3GCR-Ec","Humidity",2,78.6984633468306,0.0638003313345237,0.458606925171587
"3GCR-Ec","Humidity",2,78.8330717973111,0.0636063029646709,0.457212218400745
"3GCR-Ec","Humidity",2,78.9676802477916,0.0633514969925147,0.455380632561587
"3GCR-Ec","Humidity",2,79.102288698272,0.063040932547232,0.453148245952622
"3GCR-Ec","Humidity",2,79.2368971487525,0.0626755703109736,0.450521964109888
"3GCR-Ec","Humidity",2,79.371505599233,0.0622564845527707,0.447509509049977
"3GCR-Ec","Humidity",2,79.5061140497135,0.061775240904703,0.44405025319531
"3GCR-Ec","Humidity",2,79.6407225001939,0.0612376625322555,0.440186054385209
"3GCR-Ec","Humidity",2,79.7753309506744,0.0606517647878489,0.435974528247227
"3GCR-Ec","Humidity",2,79.9099394011549,0.0600191322085761,0.43142706468591
"3GCR-Ec","Humidity",2,80.0445478516353,0.0593413909736789,0.426555352936194
"3GCR-Ec","Humidity",2,80.1791563021158,0.058614503898169,0.421330373070515
"3GCR-Ec","Humidity",2,80.3137647525963,0.0578398735669954,0.415762207092481
"3GCR-Ec","Humidity",2,80.4483732030768,0.0570267756906476,0.409917530283826
"3GCR-Ec","Humidity",2,80.5829816535572,0.0561768948465111,0.403808451654624
"3GCR-Ec","Humidity",2,80.7175901040377,0.0552918968502686,0.397446945352852
"3GCR-Ec","Humidity",2,80.8521985545182,0.0543706757703418,0.39082506176649
"3GCR-Ec","Humidity",2,80.9868070049987,0.0534114614963291,0.383930077060547
"3GCR-Ec","Humidity",2,81.1214154554791,0.0524233041485872,0.376827044939013
"3GCR-Ec","Humidity",2,81.2560239059596,0.0514076517766027,0.369526374211822
"3GCR-Ec","Humidity",2,81.3906323564401,0.0503659131814465,0.362038191565055
"3GCR-Ec","Humidity",2,81.5252408069206,0.0492986091357592,0.35436624039525
"3GCR-Ec","Humidity",2,81.659849257401,0.0482022129898856,0.346485170583988
"3GCR-Ec","Humidity",2,81.7944577078815,0.0470848124438065,0.338453117804584
"3GCR-Ec","Humidity",2,81.929066158362,0.0459476039293703,0.330278682199382
"3GCR-Ec","Humidity",2,82.0636746088424,0.0447917676974066,0.321970347598996
"3GCR-Ec","Humidity",2,82.1982830593229,0.0436184691267528,0.313536490931787
"3GCR-Ec","Humidity",2,82.3328915098034,0.0424246064915839,0.304954816499388
"3GCR-Ec","Humidity",2,82.4674999602838,0.0412164547640034,0.296270429798929
"3GCR-Ec","Humidity",2,82.6021084107643,0.0399954399378482,0.287493581100826
"3GCR-Ec","Humidity",2,82.7367168612448,0.0387627916266702,0.278633109062785
"3GCR-Ec","Humidity",2,82.8713253117253,0.0375197697096448,0.269698069896626
"3GCR-Ec","Humidity",2,83.0059337622057,0.0362660400229972,0.260686061580006
"3GCR-Ec","Humidity",2,83.1405422126862,0.0350053841067528,0.251624266423853
"3GCR-Ec","Humidity",2,83.2751506631667,0.0337398879393793,0.242527678773037
"3GCR-Ec","Humidity",2,83.4097591136472,0.0324711325596039,0.233407663385297
"3GCR-Ec","Humidity",2,83.5443675641276,0.0312007574420383,0.224276005064802
"3GCR-Ec","Humidity",2,83.6789760146081,0.0299311186522055,0.215149639585118
"3GCR-Ec","Humidity",2,83.8135844650886,0.0286651693189315,0.206049794505761
"3GCR-Ec","Humidity",2,83.9481929155691,0.0274047898243417,0.196989986312409
"3GCR-Ec","Humidity",2,84.0828013660495,0.0261519743767775,0.187984549691674
"3GCR-Ec","Humidity",2,84.21740981653,0.0249087563585038,0.179048100918564
"3GCR-Ec","Humidity",2,84.3520182670105,0.0236794479621646,0.170211636719394
"3GCR-Ec","Humidity",2,84.4866267174909,0.0224679284461321,0.161503041820101
"3GCR-Ec","Humidity",2,84.6212351679714,0.0212742711816348,0.152922843624741
"3GCR-Ec","Humidity",2,84.7558436184519,0.0201005745318787,0.144486125501656
"3GCR-Ec","Humidity",2,84.8904520689323,0.0189489102957204,0.136207779870418
"3GCR-Ec","Humidity",2,85.0250605194128,0.017823919330869,0.128121165954087
"3GCR-Ec","Humidity",2,85.1596689698933,0.0167320844643981,0.120272883344363
"3GCR-Ec","Humidity",2,85.2942774203738,0.0156697885080498,0.112636931116957
"3GCR-Ec","Humidity",2,85.4288858708542,0.0146386815288283,0.105225170215837
"3GCR-Ec","Humidity",2,85.5634943213347,0.0136403115691479,0.0980487282159981
"3GCR-Ec","Humidity",2,85.6981027718152,0.012677710051302,0.0911293954628482
"3GCR-Ec","Humidity",2,85.8327112222957,0.0117609317228985,0.0845394470807844
"3GCR-Ec","Humidity",2,85.9673196727761,0.0108815240880105,0.0782181251852318
"3GCR-Ec","Humidity",2,86.1019281232566,0.010040212175866,0.0721706414015537
"3GCR-Ec","Humidity",2,86.2365365737371,0.00923758009821488,0.0664011944178754
"3GCR-Ec","Humidity",2,86.3711450242176,0.00847407058485655,0.0609129666463835
"3GCR-Ec","Humidity",2,86.505753474698,0.00776210542742645,0.0557952479002797
"3GCR-Ec","Humidity",2,86.6403619251785,0.00708971055589656,0.0509619666604595
"3GCR-Ec","Humidity",2,86.774970375659,0.00645626737512943,0.0464086763667251
"3GCR-Ec","Humidity",2,86.9095788261394,0.00586132908314943,0.0421321653354393
"3GCR-Ec","Humidity",2,87.0441872766199,0.00530432775927245,0.0381283512624315
"3GCR-Ec","Humidity",2,87.1787957271004,0.0047937075300195,0.0344579318716565
"3GCR-Ec","Humidity",2,87.3134041775808,0.0043207062586514,0.0310579235311513
"3GCR-Ec","Humidity",2,87.4480126280613,0.00388203873996455,0.0279047116636015
"3GCR-Ec","Humidity",2,87.5826210785418,0.00347653319782913,0.0249898733558868
"3GCR-Ec","Humidity",2,87.7172295290223,0.00310295526030979,0.0223045357462845
"3GCR-Ec","Humidity",2,87.8518379795027,0.00276580628946626,0.019881055340946
"3GCR-Ec","Humidity",2,87.9864464299832,0.00245997397431845,0.0176826840357464
"3GCR-Ec","Humidity",2,88.1210548804637,0.0021806897086081,0.0156751443307462
"3GCR-Ec","Humidity",2,88.2556633309442,0.00192652413684404,0.0138481617914232
"3GCR-Ec","Humidity",2,88.3902717814246,0.00169604638117568,0.0121914510402939
"3GCR-Ec","Humidity",2,88.5248802319051,0.0014908919614162,0.0107167684538048
"3GCR-Ec","Humidity",2,88.6594886823856,0.00130887372083022,0.00940839240160857
"3GCR-Ec","Humidity",2,88.7940971328661,0.00114509963613014,0.00823115824253686
"3GCR-Ec","Humidity",2,88.9287055833465,0.000998272714466363,0.00717574298577944
"3GCR-Ec","Humidity",2,89.063314033827,0.000867132533759724,0.00623308651703828
"3GCR-Ec","Humidity",2,89.1979224843075,0.000751751364609973,0.0054037083288746
"3GCR-Ec","Humidity",2,89.3325309347879,0.00065171417313362,0.00468462509174811
"3GCR-Ec","Humidity",2,89.4671393852684,0.00056294742106382,0.00404655556494973
"3GCR-Ec","Humidity",2,89.6017478357489,0.000484480593177648,0.00348252353075599
"3GCR-Ec","Humidity",2,89.7363562862294,0.000415390396921934,0.00298589221550154
"3GCR-Ec","Humidity",2,89.8709647367098,0.000355172074790491,0.0025530333419811
"3GCR-Ec","Humidity",2,90.0055731871903,0.000304186760664516,0.00218654279794895
"3GCR-Ec","Humidity",2,90.1401816376708,0.000259527116110289,0.00186552217250923
"3GCR-Ec","Humidity",2,90.2747900881513,0.00022056629843708,0.00158546562074
"3GCR-Ec","Humidity",2,90.4093985386317,0.000186717618663536,0.00134215592896629
"3GCR-Ec","Humidity",2,90.5440069891122,0.000157434161584996,0.00113166178374363
"3GCR-Ec","Humidity",2,90.6786154395927,0.000133236086916691,0.000957722175804653
"3GCR-Ec","Humidity",2,90.8132238900731,0.000112297821950558,0.000807214598278175
"3GCR-Ec","Humidity",2,90.9478323405536,9.42573029124232e-05,0.000677536479191327
"3GCR-Ec","Humidity",2,91.0824407910341,7.87824359554673e-05,0.00056630067517398
"3GCR-Ec","Humidity",2,91.2170492415146,6.55679740128879e-05,0.000471313021779083
"3GCR-Ec","Humidity",2,91.351657691995,5.47486607113523e-05,0.000393542077617851
"3GCR-Ec","Humidity",2,91.4862661424755,4.55789366431482e-05,0.000327628643132043
"3GCR-Ec","Humidity",2,91.620874592956,3.77732722765033e-05,0.000271520286651277
"3GCR-Ec","Humidity",2,91.7554830434364,3.11610427841709e-05,0.000223990529789865
"3GCR-Ec","Humidity",2,91.8900914939169,2.5587215124938e-05,0.000183924970399048
"3GCR-Ec","Humidity",2,92.0246999443974,2.10610288036899e-05,0.00015139002350892
"3GCR-Ec","Humidity",2,92.1593083948779,1.73101009713421e-05,0.000124427757894436
"3GCR-Ec","Humidity",2,92.2939168453583,1.41559453030552e-05,0.00010175518547532
"3GCR-Ec","Humidity",2,92.4285252958388,1.15180062781357e-05,8.27932603614006e-05
"3GCR-Ec","Humidity",2,92.5631337463193,9.32380800409776e-06,6.70210143146341e-05
"3GCR-Ec","Humidity",2,92.6977421967998,7.55580963628446e-06,5.43123609548279e-05
"3GCR-Ec","Humidity",2,92.8323506472802,6.12649336642268e-06,4.40382083617624e-05
"3GCR-Ec","Humidity",2,92.9669590977607,4.93980620713168e-06,3.55081123907943e-05
"3GCR-Ec","Precipitation",3,0,1.89573349791414e-05,0.00515450151912079
"3GCR-Ec","Precipitation",3,6.51272015655577,2.03139032200349e-05,0.00552335257683379
"3GCR-Ec","Precipitation",3,13.0254403131115,2.16769542085799e-05,0.00589396629436451
"3GCR-Ec","Precipitation",3,19.5381604696673,2.30401956856406e-05,0.0062646318057441
"3GCR-Ec","Precipitation",3,26.0508806262231,2.4397728246344e-05,0.0066337450621222
"3GCR-Ec","Precipitation",3,32.5636007827789,2.5740900431719e-05,0.00699895373082876
"3GCR-Ec","Precipitation",3,39.0763209393346,2.7065494437091e-05,0.00735911099029696
"3GCR-Ec","Precipitation",3,45.5890410958904,2.83706368546268e-05,0.00771397936083845
"3GCR-Ec","Precipitation",3,52.1017612524462,2.96557927020817e-05,0.00806341338072059
"3GCR-Ec","Precipitation",3,58.614481409002,3.09218056222623e-05,0.00840764243651758
"3GCR-Ec","Precipitation",3,65.1272015655577,3.2170968680231e-05,0.00874729001287858
"3GCR-Ec","Precipitation",3,71.6399217221135,3.34070507416336e-05,0.00908338086479783
"3GCR-Ec","Precipitation",3,78.1526418786693,3.46429178021792e-05,0.00941941325795977
"3GCR-Ec","Precipitation",3,84.665362035225,3.58886010172181e-05,0.00975811466463566
"3GCR-Ec","Precipitation",3,91.1780821917808,3.71557012402964e-05,0.0101026393582132
"3GCR-Ec","Precipitation",3,97.6908023483366,3.84573626559356e-05,0.0104565612439464
"3GCR-Ec","Precipitation",3,104.203522504892,3.98138730432785e-05,0.0108253965712725
"3GCR-Ec","Precipitation",3,110.716242661448,4.12588456522373e-05,0.011218284786634
"3GCR-Ec","Precipitation",3,117.228962818004,4.28014406865652e-05,0.0116377165504647
"3GCR-Ec","Precipitation",3,123.74168297456,4.44613361420162e-05,0.0120890423120297
"3GCR-Ec","Precipitation",3,130.254403131115,4.62587187930802e-05,0.0125777508575898
"3GCR-Ec","Precipitation",3,136.767123287671,4.82141474655075e-05,0.0131094321341853
"3GCR-Ec","Precipitation",3,143.279843444227,5.03810227104464e-05,0.0136986057576968
"3GCR-Ec","Precipitation",3,149.792563600783,5.27831970262693e-05,0.0143517572251223
"3GCR-Ec","Precipitation",3,156.305283757339,5.54189061197936e-05,0.0150684068249463
"3GCR-Ec","Precipitation",3,162.818003913894,5.83064917521094e-05,0.0158535416840782
"3GCR-Ec","Precipitation",3,169.33072407045,6.14632122051986e-05,0.0167118543313353
"3GCR-Ec","Precipitation",3,175.843444227006,6.49051249852488e-05,0.0176477108044614
"3GCR-Ec","Precipitation",3,182.356164383562,6.87212783464029e-05,0.0186853233338022
"3GCR-Ec","Precipitation",3,188.868884540117,7.28681596766029e-05,0.019812860835231
"3GCR-Ec","Precipitation",3,195.381604696673,7.73430206290511e-05,0.0210295760329435
"3GCR-Ec","Precipitation",3,201.894324853229,8.21523830678759e-05,0.0223372422225319
"3GCR-Ec","Precipitation",3,208.407045009785,8.73009131633082e-05,0.0237371281362083
"3GCR-Ec","Precipitation",3,214.91976516634,9.28056814137222e-05,0.0252338752444061
"3GCR-Ec","Precipitation",3,221.432485322896,9.87299161536511e-05,0.0268446753384167
"3GCR-Ec","Precipitation",3,227.945205479452,0.000104991958574234,0.0285473253789002
"3GCR-Ec","Precipitation",3,234.457925636008,0.000111586641409947,0.0303404203857777
"3GCR-Ec","Precipitation",3,240.970645792564,0.000118507514260823,0.0322222064945706
"3GCR-Ec","Precipitation",3,247.483365949119,0.000125746964889426,0.0341906139370613
"3GCR-Ec","Precipitation",3,253.996086105675,0.000133331785103274,0.0362529274087363
"3GCR-Ec","Precipitation",3,260.508806262231,0.000141255615651346,0.0384074178285254
"3GCR-Ec","Precipitation",3,267.021526418787,0.000149462274471442,0.0406388092873793
"3GCR-Ec","Precipitation",3,273.534246575342,0.000157942051215546,0.0429444615405777
"3GCR-Ec","Precipitation",3,280.046966731898,0.000166685856660557,0.0453219032273334
"3GCR-Ec","Precipitation",3,286.559686888454,0.000175685427328391,0.047768887507024
"3GCR-Ec","Precipitation",3,293.07240704501,0.000184981707428857,0.0502965471149143
"3GCR-Ec","Precipitation",3,299.585127201566,0.000194537741988166,0.0528948339894633
"3GCR-Ec","Precipitation",3,306.097847358121,0.000204336299389495,0.0555590628521127
"3GCR-Ec","Precipitation",3,312.610567514677,0.000214380588558523,0.0582901062101167
"3GCR-Ec","Precipitation",3,319.123287671233,0.000224676877290408,0.0610896682776859
"3GCR-Ec","Precipitation",3,325.636007827789,0.000235236793557927,0.06396091070193
"3GCR-Ec","Precipitation",3,332.148727984344,0.000246153593531973,0.0669291898462334
"3GCR-Ec","Precipitation",3,338.6614481409,0.000257382704556526,0.0699823864003965
"3GCR-Ec","Precipitation",3,345.174168297456,0.000268952540400784,0.0731282260714698
"3GCR-Ec","Precipitation",3,351.686888454012,0.00028089589107392,0.0763756244666455
"3GCR-Ec","Precipitation",3,358.199608610568,0.000293249924673364,0.0797346875958072
"3GCR-Ec","Precipitation",3,364.712328767123,0.000306101319988409,0.0832289834315409
"3GCR-Ec","Precipitation",3,371.225048923679,0.000319574419559415,0.0868923207245953
"3GCR-Ec","Precipitation",3,377.737769080235,0.000333641944247494,0.0907172822740301
"3GCR-Ec","Precipitation",3,384.250489236791,0.000348364051946434,0.0947202250179519
"3GCR-Ec","Precipitation",3,390.763209393346,0.000363803862208642,0.0989183111697794
"3GCR-Ec","Precipitation",3,397.275929549902,0.000380027160395375,0.103329427776659
"3GCR-Ec","Precipitation",3,403.788649706458,0.000397260493270421,0.108015172929217
"3GCR-Ec","Precipitation",3,410.301369863014,0.000415559147084742,0.112990578965327
"3GCR-Ec","Precipitation",3,416.814090019569,0.000434902233679122,0.118249966392142
"3GCR-Ec","Precipitation",3,423.326810176125,0.000455358796168691,0.123812108040454
"3GCR-Ec","Precipitation",3,429.839530332681,0.000476995906674337,0.129695240827496
"3GCR-Ec","Precipitation",3,436.352250489237,0.000499878126879705,0.135916919082335
"3GCR-Ec","Precipitation",3,442.864970645793,0.000524405001291441,0.142585779001395
"3GCR-Ec","Precipitation",3,449.377690802348,0.000550361882601553,0.14964345795742
"3GCR-Ec","Precipitation",3,455.890410958904,0.000577752859257285,0.157091067599678
"3GCR-Ec","Precipitation",3,462.40313111546,0.00060660947247044,0.164937183987216
"3GCR-Ec","Precipitation",3,468.915851272016,0.000636954600452006,0.173188027708182
"3GCR-Ec","Precipitation",3,475.428571428571,0.000668879011813826,0.181868278758374
"3GCR-Ec","Precipitation",3,481.941291585127,0.000702625394059824,0.191043923897484
"3GCR-Ec","Precipitation",3,488.454011741683,0.000737837622437196,0.200618132765054
"3GCR-Ec","Precipitation",3,494.966731898239,0.000774473829763138,0.210579521669358
"3GCR-Ec","Precipitation",3,501.479452054794,0.000812478706672376,0.220913051987739
"3GCR-Ec","Precipitation",3,507.99217221135,0.000851783253648631,0.231599962743938
"3GCR-Ec","Precipitation",3,514.504892367906,0.000892440570812772,0.24265469186681
"3GCR-Ec","Precipitation",3,521.017612524462,0.000934291003507007,0.254033829236891
"3GCR-Ec","Precipitation",3,527.530332681018,0.000977030797308637,0.265654783992388
"3GCR-Ec","Precipitation",3,534.043052837573,0.00102050964531706,0.277476687670075
"3GCR-Ec","Precipitation",3,540.555772994129,0.0010645639885175,0.289455068555384
"3GCR-Ec","Precipitation",3,547.068493150685,0.00110901739955877,0.301541956031625
"3GCR-Ec","Precipitation",3,553.581213307241,0.00115365232609062,0.313678197590232
"3GCR-Ec","Precipitation",3,560.093933463796,0.00119814178193012,0.325774885651178
"3GCR-Ec","Precipitation",3,566.606653620352,0.00124225257650869,0.337768615672569
"3GCR-Ec","Precipitation",3,573.119373776908,0.00128575513977569,0.349596967531736
"3GCR-Ec","Precipitation",3,579.632093933464,0.00132841548871856,0.361196321221177
"3GCR-Ec","Precipitation",3,586.14481409002,0.00136997201747363,0.372495546077047
"3GCR-Ec","Precipitation",3,592.657534246575,0.00140976202339436,0.383314453175008
"3GCR-Ec","Precipitation",3,599.170254403131,0.00144782782988215,0.393664550252668
"3GCR-Ec","Precipitation",3,605.682974559687,0.00148394579621602,0.403485029372774
"3GCR-Ec","Precipitation",3,612.195694716243,0.00151790148990025,0.412717586315546
"3GCR-Ec","Precipitation",3,618.708414872798,0.00154949096832137,0.421306769061385
"3GCR-Ec","Precipitation",3,625.221135029354,0.00157825370830585,0.429127361307456
"3GCR-Ec","Precipitation",3,631.73385518591,0.00160372285627194,0.43605242551223
"3GCR-Ec","Precipitation",3,638.246575342466,0.00162621706385012,0.442168603089969
"3GCR-Ec","Precipitation",3,644.759295499022,0.00164562665255457,0.447446072448015
"3GCR-Ec","Precipitation",3,651.272015655577,0.0016618627487683,0.451860668839876
"3GCR-Ec","Precipitation",3,657.784735812133,0.00167485774533477,0.45539400987207
"3GCR-Ec","Precipitation",3,664.297455968689,0.00168399295881893,0.457877875448819
"3GCR-Ec","Precipitation",3,670.810176125245,0.00168952296001225,0.459381483397041
"3GCR-Ec","Precipitation",3,677.3228962818,0.00169179775348917,0.46
"3GCR-Ec","Precipitation",3,683.835616438356,0.00169087340097919,0.459748668448274
"3GCR-Ec","Precipitation",3,690.348336594912,0.00168682514886873,0.458647948242818
"3GCR-Ec","Precipitation",3,696.861056751468,0.00167974666679675,0.45672330816903
"3GCR-Ec","Precipitation",3,703.373776908024,0.00166907292776606,0.45382111732264
"3GCR-Ec","Precipitation",3,709.886497064579,0.00165567491454797,0.450178196017413
"3GCR-Ec","Precipitation",3,716.399217221135,0.00163975889782953,0.445850629276421
"3GCR-Ec","Precipitation",3,722.911937377691,0.00162148940263987,0.440883151473645
"3GCR-Ec","Precipitation",3,729.424657534247,0.00160103695890655,0.435322129715623
"3GCR-Ec","Precipitation",3,735.937377690802,0.00157846945684273,0.42918602335897
"3GCR-Ec","Precipitation",3,742.450097847358,0.00155378780527801,0.422475079514555
"3GCR-Ec","Precipitation",3,748.962818003914,0.00152758183327365,0.415349672770669
"3GCR-Ec","Precipitation",3,755.47553816047,0.00150002164688327,0.407856054982473
"3GCR-Ec","Precipitation",3,761.988258317025,0.00147127209711247,0.400039049156988
"3GCR-Ec","Precipitation",3,768.500978473581,0.00144149215510854,0.39194187956709
"3GCR-Ec","Precipitation",3,775.013698630137,0.00141074155180506,0.383580787060363
"3GCR-Ec","Precipitation",3,781.526418786693,0.00137924207257681,0.375016075105216
"3GCR-Ec","Precipitation",3,788.039138943249,0.00134722731327563,0.366311258440122
"3GCR-Ec","Precipitation",3,794.551859099804,0.0013148125341598,0.357497676342303
"3GCR-Ec","Precipitation",3,801.06457925636,0.00128210557483534,0.348604650412801
"3GCR-Ec","Precipitation",3,807.577299412916,0.00124920712079665,0.339659557048902
"3GCR-Ec","Precipitation",3,814.090019569472,0.00121621980814357,0.330690303017726
"3GCR-Ec","Precipitation",3,820.602739726027,0.00118327510841176,0.32173263544465
"3GCR-Ec","Precipitation",3,827.115459882583,0.00115045266693283,0.312808209904323
"3GCR-Ec","Precipitation",3,833.628180039139,0.00111782558306377,0.303936902120153
"3GCR-Ec","Precipitation",3,840.140900195695,0.00108546460404512,0.295137948274826
"3GCR-Ec","Precipitation",3,846.65362035225,0.0010534502005174,0.286433228344576
"3GCR-Ec","Precipitation",3,853.166340508806,0.00102196971999586,0.277873682139928
"3GCR-Ec","Precipitation",3,859.679060665362,0.000991008206443484,0.269455243112735
"3GCR-Ec","Precipitation",3,866.191780821918,0.00096063299240351,0.261196218989094
"3GCR-Ec","Precipitation",3,872.704500978474,0.000930911741913061,0.253115007628333
"3GCR-Ec","Precipitation",3,879.217221135029,0.000901912405974095,0.245230084915549
"3GCR-Ec","Precipitation",3,885.729941291585,0.000873797371014793,0.23758560373888
"3GCR-Ec","Precipitation",3,892.242661448141,0.000846721743174498,0.230223737475108
"3GCR-Ec","Precipitation",3,898.755381604697,0.000820620433120243,0.22312678832726
"3GCR-Ec","Precipitation",3,905.268101761252,0.000795557761118125,0.21631224498294
"3GCR-Ec","Precipitation",3,911.780821917808,0.000771595729257807,0.209796965817323
"3GCR-Ec","Precipitation",3,918.293542074364,0.000748793639890016,0.203597075146259
"3GCR-Ec","Precipitation",3,924.80626223092,0.000727445469510973,0.197792505212231
"3GCR-Ec","Precipitation",3,931.318982387475,0.000707501236644291,0.192369666046171
"3GCR-Ec","Precipitation",3,937.831702544031,0.000688893778216125,0.187310296000725
"3GCR-Ec","Precipitation",3,944.344422700587,0.00067165503333341,0.182623079322671
"3GCR-Ec","Precipitation",3,950.857142857143,0.000655810531244339,0.178314957417472
"3GCR-Ec","Precipitation",3,957.369863013699,0.000641379137787728,0.174391059908831
"3GCR-Ec","Precipitation",3,963.882583170254,0.000628744760934734,0.170955771417407
"3GCR-Ec","Precipitation",3,970.39530332681,0.000617538905601107,0.16790889808823
"3GCR-Ec","Precipitation",3,976.908023483366,0.000607735293042695,0.165243294727799
"3GCR-Ec","Precipitation",3,983.420743639922,0.00059931069678684,0.16295264605558
"3GCR-Ec","Precipitation",3,989.933463796477,0.000592234667879195,0.161028672997451
"3GCR-Ec","Precipitation",3,996.446183953033,0.000586557750351162,0.159485118481251
"3GCR-Ec","Precipitation",3,1002.95890410959,0.000582365686538548,0.158345295857758
"3GCR-Ec","Precipitation",3,1009.47162426614,0.000579337859382492,0.157522029312502
"3GCR-Ec","Precipitation",3,1015.9843444227,0.000577407793326486,0.156997244134172
"3GCR-Ec","Precipitation",3,1022.49706457926,0.000576504251129315,0.156751570908847
"3GCR-Ec","Precipitation",3,1029.00978473581,0.000576551563404962,0.156764435121932
"3GCR-Ec","Precipitation",3,1035.52250489237,0.000577580116637091,0.157044098861763
"3GCR-Ec","Precipitation",3,1042.03522504892,0.000579433682150348,0.15754808353389
"3GCR-Ec","Precipitation",3,1048.54794520548,0.000581920451888619,0.158224236506222
"3GCR-Ec","Precipitation",3,1055.06066536204,0.000584950081130248,0.159047993038748
"3GCR-Ec","Precipitation",3,1061.57338551859,0.000588431562328475,0.159994608169239
"3GCR-Ec","Precipitation",3,1068.08610567515,0.000592273573775685,0.161039251515095
"3GCR-Ec","Precipitation",3,1074.5988258317,0.000596412191223855,0.162164542066068
"3GCR-Ec","Precipitation",3,1081.11154598826,0.000600675771333482,0.163323809978786
"3GCR-Ec","Precipitation",3,1087.62426614481,0.000604968659097642,0.164491046646077
"3GCR-Ec","Precipitation",3,1094.13698630137,0.00060920786503,0.165643687217246
"3GCR-Ec","Precipitation",3,1100.64970645793,0.000613313246367347,0.166759940865937
"3GCR-Ec","Precipitation",3,1107.16242661448,0.000617196283146683,0.167815739004226
"3GCR-Ec","Precipitation",3,1113.67514677104,0.000620695129378954,0.168767075689433
"3GCR-Ec","Precipitation",3,1120.18786692759,0.000623797241602456,0.169610540352906
"3GCR-Ec","Precipitation",3,1126.70058708415,0.000626444765227967,0.170330402325309
"3GCR-Ec","Precipitation",3,1133.2133072407,0.000628584536794512,0.170912206455608
"3GCR-Ec","Precipitation",3,1139.72602739726,0.000630168174716091,0.171342797785112
"3GCR-Ec","Precipitation",3,1146.23874755382,0.000631077060607565,0.171589923961522
"3GCR-Ec","Precipitation",3,1152.75146771037,0.000631233400875674,0.171632432898055
"3GCR-Ec","Precipitation",3,1159.26418786693,0.000630706135494969,0.171489069381568
"3GCR-Ec","Precipitation",3,1165.77690802348,0.000629475858369753,0.171154556892453
"3GCR-Ec","Precipitation",3,1172.28962818004,0.000627528146715023,0.17062497387384
"3GCR-Ec","Precipitation",3,1178.80234833659,0.00062485350374532,0.169897738148691
"3GCR-Ec","Precipitation",3,1185.31506849315,0.000621307042225962,0.168933454861555
"3GCR-Ec","Precipitation",3,1191.82778864971,0.000616981266325088,0.167757275906181
"3GCR-Ec","Precipitation",3,1198.34050880626,0.000611943381172448,0.166387474364931
"3GCR-Ec","Precipitation",3,1204.85322896282,0.000606208833050077,0.164828250083629
"3GCR-Ec","Precipitation",3,1211.36594911937,0.000599796575698748,0.163084756586533
"3GCR-Ec","Precipitation",3,1217.87866927593,0.000592727342074956,0.16116263116685
"3GCR-Ec","Precipitation",3,1224.39138943249,0.000584874076726393,0.159027327432766
"3GCR-Ec","Precipitation",3,1230.90410958904,0.000576443466918459,0.156735043675059
"3GCR-Ec","Precipitation",3,1237.4168297456,0.000567468522124356,0.154294755173213
"3GCR-Ec","Precipitation",3,1243.92954990215,0.000557983404687668,0.151715750672304
"3GCR-Ec","Precipitation",3,1250.44227005871,0.000548023210226447,0.149007572674838
"3GCR-Ec","Precipitation",3,1256.95499021526,0.000537592513130566,0.146171464957938
"3GCR-Ec","Precipitation",3,1263.46771037182,0.000526703061148868,0.143210621735839
"3GCR-Ec","Precipitation",3,1269.98043052838,0.000515472483710761,0.140157026463665
"3GCR-Ec","Precipitation",3,1276.49315068493,0.00050393553154717,0.137020127869074
"3GCR-Ec","Precipitation",3,1283.00587084149,0.000492126154300359,0.133809156863627
"3GCR-Ec","Precipitation",3,1289.51859099804,0.000480077427950749,0.130533106810133
"3GCR-Ec","Precipitation",3,1296.0313111546,0.000467796076126921,0.127193805863959
"3GCR-Ec","Precipitation",3,1302.54403131115,0.000455337820739292,0.123806404818834
"3GCR-Ec","Precipitation",3,1309.05675146771,0.000442753263822771,0.120384662373757
"3GCR-Ec","Precipitation",3,1315.56947162427,0.000430070134895989,0.116936118187972
"3GCR-Ec","Precipitation",3,1322.08219178082,0.000417315518015832,0.113468136419601
"3GCR-Ec","Precipitation",3,1328.59491193738,0.000404515941510842,0.109987930124166
"3GCR-Ec","Precipitation",3,1335.10763209393,0.000391703426271443,0.106504205785386
"3GCR-Ec","Precipitation",3,1341.62035225049,0.000378916729783403,0.103027501568012
"3GCR-Ec","Precipitation",3,1348.13307240704,0.000366182344756004,0.0995650208426878
"3GCR-Ec","Precipitation",3,1354.6457925636,0.000353526767823211,0.0961239680471759
"3GCR-Ec","Precipitation",3,1361.15851272016,0.000340976867256658,0.0927116486675645
"3GCR-Ec","Precipitation",3,1367.67123287671,0.000328567997390291,0.0893376755512411
"3GCR-Ec","Precipitation",3,1374.18395303327,0.000316370821883997,0.0860212621552994
"3GCR-Ec","Precipitation",3,1380.69667318982,0.000304383948516374,0.0827620299345837
"3GCR-Ec","Precipitation",3,1387.20939334638,0.000292636036570132,0.0795677713512949
"3GCR-Ec","Precipitation",3,1393.72211350294,0.000281155564409293,0.0764462296758233
"3GCR-Ec","Precipitation",3,1400.23483365949,0.000269970671300614,0.0734050559779735
"3GCR-Ec","Precipitation",3,1406.74755381605,0.000259154355805477,0.0704640985748196
"3GCR-Ec","Precipitation",3,1413.2602739726,0.000248753216758279,0.0676360276946903
"3GCR-Ec","Precipitation",3,1419.77299412916,0.000238742530568375,0.0649141209905001
"3GCR-Ec","Precipitation",3,1426.28571428571,0.000229142707306011,0.0623039279626515
"3GCR-Ec","Precipitation",3,1432.79843444227,0.000219971737476275,0.0598103402315071
"3GCR-Ec","Precipitation",3,1439.31115459883,0.000211245007606853,0.0574375413956799
"3GCR-Ec","Precipitation",3,1445.82387475538,0.000203070033146402,0.055214764917787
"3GCR-Ec","Precipitation",3,1452.33659491194,0.000195392594207569,0.053127268404342
"3GCR-Ec","Precipitation",3,1458.84931506849,0.000188182376894688,0.0511668095036931
"3GCR-Ec","Precipitation",3,1465.36203522505,0.00018143588718045,0.0493324381894216
"3GCR-Ec","Precipitation",3,1471.8747553816,0.000175146171861921,0.0476222638848652
"3GCR-Ec","Precipitation",3,1478.38747553816,0.000169308060935073,0.0460348808653458
"3GCR-Ec","Precipitation",3,1484.90019569472,0.000164004124414419,0.0445927399271225
"3GCR-Ec","Precipitation",3,1491.41291585127,0.000159097884127877,0.0432587326398126
"3GCR-Ec","Precipitation",3,1497.92563600783,0.000154565524198972,0.0420263834639158
"3GCR-Ec","Precipitation",3,1504.43835616438,0.000150381359247359,0.0408887085416195
"3GCR-Ec","Precipitation",3,1510.95107632094,0.000146518083596124,0.0398382834562905
"3GCR-Ec","Precipitation",3,1517.46379647749,0.000142969485432968,0.0388734192154644
"3GCR-Ec","Precipitation",3,1523.97651663405,0.000139712949381979,0.0379879666958795
"3GCR-Ec","Precipitation",3,1530.48923679061,0.000136667114170655,0.0371598037583655
"3GCR-Ec","Precipitation",3,1537.00195694716,0.000133803093557083,0.0363810762304881
"3GCR-Ec","Precipitation",3,1543.51467710372,0.000131093066043209,0.0356442194437884
"3GCR-Ec","Precipitation",3,1550.02739726027,0.000128510486615436,0.0349420158060748
"3GCR-Ec","Precipitation",3,1556.54011741683,0.000126041931897109,0.0342708154997212
"3GCR-Ec","Precipitation",3,1563.05283757339,0.000123648951774662,0.0336201639345117
"3GCR-Ec","Precipitation",3,1569.56555772994,0.000121304833609629,0.0329827979410344
"3GCR-Ec","Precipitation",3,1576.0782778865,0.00011899518292374,0.0323548036590242
"3GCR-Ec","Precipitation",3,1582.59099804305,0.000116708126869695,0.031732952859961
"3GCR-Ec","Precipitation",3,1589.10371819961,0.000114434336152271,0.0311147089074211
"3GCR-Ec","Precipitation",3,1595.61643835616,0.00011216795089778,0.0304984785010881
"3GCR-Ec","Precipitation",3,1602.12915851272,0.000109905246236714,0.0298832488485226
"3GCR-Ec","Precipitation",3,1608.64187866928,0.000107647923759036,0.0292694826122273
"3GCR-Ec","Precipitation",3,1615.15459882583,0.00010539969169942,0.0286581880616286
"3GCR-Ec","Precipitation",3,1621.66731898239,0.000103165995338577,0.0280508457691655
"3GCR-Ec","Precipitation",3,1628.18003913894,0.000100955843480002,0.027449905229525
"3GCR-Ec","Precipitation",3,1634.6927592955,9.87878387346374e-05,0.0268604244947203
"3GCR-Ec","Precipitation",3,1641.20547945205,9.66679908209408e-05,0.0262840376078779
"3GCR-Ec","Precipitation",3,1647.71819960861,9.46073096166069e-05,0.0257237381559851
"3GCR-Ec","Precipitation",3,1654.23091976517,9.26168997372769e-05,0.025182545485287
"3GCR-Ec","Precipitation",3,1660.74363992172,9.07078096459017e-05,0.0246634636741063
"3GCR-Ec","Precipitation",3,1667.25636007828,8.8905316411794e-05,0.0241733655604402
"3GCR-Ec","Precipitation",3,1673.76908023483,8.72244013423122e-05,0.0237163245634493
"3GCR-Ec","Precipitation",3,1680.28180039139,8.56603154976569e-05,0.0232910494458665
"3GCR-Ec","Precipitation",3,1686.79452054795,8.42197441807994e-05,0.0228993579423238
"3GCR-Ec","Precipitation",3,1693.3072407045,8.29080830668726e-05,0.0225427171374983
"3GCR-Ec","Precipitation",3,1699.81996086106,8.1729368444409e-05,0.0222222244986973
"3GCR-Ec","Precipitation",3,1706.33268101761,8.07149013037221e-05,0.0219463907687178
"3GCR-Ec","Precipitation",3,1712.84540117417,7.98426405332995e-05,0.0217092229668532
"3GCR-Ec","Precipitation",3,1719.35812133072,7.91017542605405e-05,0.0215077759057218
"3GCR-Ec","Precipitation",3,1725.87084148728,7.84875531929976e-05,0.0213407745661781
"3GCR-Ec","Precipitation",3,1732.38356164384,7.79939108265947e-05,0.0212065531510728
"3GCR-Ec","Precipitation",3,1738.89628180039,7.76155052286644e-05,0.0211036646263133
"3GCR-Ec","Precipitation",3,1745.40900195695,7.73615001335984e-05,0.0210346006123143
"3GCR-Ec","Precipitation",3,1751.9217221135,7.71923090442162e-05,0.0209885975360274
"3GCR-Ec","Precipitation",3,1758.43444227006,7.70956248539551e-05,0.0209623090937899
"3GCR-Ec","Precipitation",3,1764.94716242661,7.70586400530867e-05,0.0209522529222621
"3GCR-Ec","Precipitation",3,1771.45988258317,7.70681695955832e-05,0.0209548440059418
"3GCR-Ec","Precipitation",3,1777.97260273973,7.71120935440267e-05,0.0209667869324779
"3GCR-Ec","Precipitation",3,1784.48532289628,7.71713811001202e-05,0.0209829072256671
"3GCR-Ec","Precipitation",3,1790.99804305284,7.72283310118934e-05,0.0209983919131019
"3GCR-Ec","Precipitation",3,1797.51076320939,7.72713295856443e-05,0.0210100832301548
"3GCR-Ec","Precipitation",3,1804.02348336595,7.7289656991056e-05,0.0210150664537535
"3GCR-Ec","Precipitation",3,1810.5362035225,7.72735824346891e-05,0.0210106957800642
"3GCR-Ec","Precipitation",3,1817.04892367906,7.72050226831374e-05,0.0209920543758841
"3GCR-Ec","Precipitation",3,1823.56164383562,7.70788646991079e-05,0.0209577520057965
"3GCR-Ec","Precipitation",3,1830.07436399217,7.68955866457463e-05,0.0209079186824146
"3GCR-Ec","Precipitation",3,1836.58708414873,7.66530584725424e-05,0.0208419752447645
"3GCR-Ec","Precipitation",3,1843.09980430528,7.63505482257967e-05,0.0207597226745527
"3GCR-Ec","Precipitation",3,1849.61252446184,7.59887022148806e-05,0.0206613367033702
"3GCR-Ec","Precipitation",3,1856.1252446184,7.55567175507009e-05,0.0205438800244541
"3GCR-Ec","Precipitation",3,1862.63796477495,7.50743192668878e-05,0.0204127158766732
"3GCR-Ec","Precipitation",3,1869.15068493151,7.45479679439317e-05,0.0202696008925916
"3GCR-Ec","Precipitation",3,1875.66340508806,7.39840394770384e-05,0.020116268678835
"3GCR-Ec","Precipitation",3,1882.17612524462,7.33893867405419e-05,0.0199545825327078
"3GCR-Ec","Precipitation",3,1888.68884540117,7.27703609581673e-05,0.0197862693526571
"3GCR-Ec","Precipitation",3,1895.20156555773,7.21357227321305e-05,0.0196137111474137
"3GCR-Ec","Precipitation",3,1901.71428571429,7.14967496366942e-05,0.0194399742906916
"3GCR-Ec","Precipitation",3,1908.22700587084,7.08593718925996e-05,0.0192666712101793
"3GCR-Ec","Precipitation",3,1914.7397260274,7.02287386866022e-05,0.0190952019703364
"3GCR-Ec","Precipitation",3,1921.25244618395,6.96091309096064e-05,0.0189267305458826
"3GCR-Ec","Precipitation",3,1927.76516634051,6.90061948752647e-05,0.0187627921701369
"3GCR-Ec","Precipitation",3,1934.27788649706,6.84214091458317e-05,0.0186037888643432
"3GCR-Ec","Precipitation",3,1940.79060665362,6.78518547652883e-05,0.0184489269640305
"3GCR-Ec","Precipitation",3,1947.30332681018,6.72952303794197e-05,0.0182975807307284
"3GCR-Ec","Precipitation",3,1953.81604696673,6.6748080123937e-05,0.0181488105145469
"3GCR-Ec","Precipitation",3,1960.32876712329,6.62058302815404e-05,0.0180013727212362
"3GCR-Ec","Precipitation",3,1966.84148727984,6.56599150838733e-05,0.017852938317414
"3GCR-Ec","Precipitation",3,1973.3542074364,6.51003718000611e-05,0.0177007984354318
"3GCR-Ec","Precipitation",3,1979.86692759295,6.45190652122302e-05,0.0175427411086321
"3GCR-Ec","Precipitation",3,1986.37964774951,6.39074504628057e-05,0.0173764429892765
"3GCR-Ec","Precipitation",3,1992.89236790607,6.32568323303913e-05,0.0171995398456866
"3GCR-Ec","Precipitation",3,1999.40508806262,6.25565912582714e-05,0.0170091442191935
"3GCR-Ec","Precipitation",3,2005.91780821918,6.17827980081838e-05,0.0167987497472147
"3GCR-Ec","Precipitation",3,2012.43052837573,6.09397559661733e-05,0.0165695265209011
"3GCR-Ec","Precipitation",3,2018.94324853229,6.00212505417898e-05,0.0163197847924084
"3GCR-Ec","Precipitation",3,2025.45596868885,5.90220502327573e-05,0.0160481021156777
"3GCR-Ec","Precipitation",3,2031.9686888454,5.79379763636991e-05,0.0157533423084027
"3GCR-Ec","Precipitation",3,2038.48140900196,5.67561638148487e-05,0.0154320073430678
"3GCR-Ec","Precipitation",3,2044.99412915851,5.54711198974e-05,0.015082603756967
"3GCR-Ec","Precipitation",3,2051.50684931507,5.40986752271504e-05,0.0147094358963212
"3GCR-Ec","Precipitation",3,2058.01956947162,5.2641943872501e-05,0.0143133504766801
"3GCR-Ec","Precipitation",3,2064.53228962818,5.11053078881636e-05,0.0138955389792139
"3GCR-Ec","Precipitation",3,2071.04500978474,4.94943847095474e-05,0.0134575287852441
"3GCR-Ec","Precipitation",3,2077.55772994129,4.78059784531731e-05,0.0129984509336922
"3GCR-Ec","Precipitation",3,2084.07045009785,4.60601642829499e-05,0.0125237638638894
"3GCR-Ec","Precipitation",3,2090.5831702544,4.42724708372739e-05,0.0120376898143673
"3GCR-Ec","Precipitation",3,2097.09589041096,4.24537238453009e-05,0.0115431723021043
"3GCR-Ec","Precipitation",3,2103.60861056751,4.06152243744807e-05,0.0110432840886147
"3GCR-Ec","Precipitation",3,2110.12133072407,3.87686557168979e-05,0.0105412018623343
"3GCR-Ec","Precipitation",3,2116.63405088063,3.69324962475934e-05,0.0100419498955208
"3GCR-Ec","Precipitation",3,2123.14677103718,3.51207671726372e-05,0.00954934055568632
"3GCR-Ec","Precipitation",3,2129.65949119374,3.33447722517205e-05,0.00906644733636574
"3GCR-Ec","Precipitation",3,2136.17221135029,3.16153313161674e-05,0.00859621215091661
"3GCR-Ec","Precipitation",3,2142.68493150685,2.99426844903995e-05,0.00814141929032413
"3GCR-Ec","Precipitation",3,2149.1976516634,2.83423603242845e-05,0.00770629096904894
"3GCR-Ec","Precipitation",3,2155.71037181996,2.68355271956126e-05,0.00729658287139983
"3GCR-Ec","Precipitation",3,2162.22309197652,2.5415347330718e-05,0.00691043580594584
"3GCR-Ec","Precipitation",3,2168.73581213307,2.40869110951935e-05,0.00654923384366579
"3GCR-Ec","Precipitation",3,2175.24853228963,2.28542123864071e-05,0.00621406292570453
"3GCR-Ec","Precipitation",3,2181.76125244618,2.17201357181115e-05,0.00590570735167679
"3GCR-Ec","Precipitation",3,2188.27397260274,2.07018449149478e-05,0.00562883396743849
"3GCR-Ec","Precipitation",3,2194.7866927593,1.97948644546015e-05,0.0053822258779675
"3GCR-Ec","Precipitation",3,2201.29941291585,1.89853533133085e-05,0.00516211970734114
"3GCR-Ec","Precipitation",3,2207.81213307241,1.82700899503859e-05,0.00496763951828435
"3GCR-Ec","Precipitation",3,2214.32485322896,1.76449695045958e-05,0.00479766919856359
"3GCR-Ec","Precipitation",3,2220.83757338552,1.71050539746748e-05,0.0046508661050783
"3GCR-Ec","Precipitation",3,2227.35029354207,1.66604299342593e-05,0.00452997277833797
"3GCR-Ec","Precipitation",3,2233.86301369863,1.62862139806047e-05,0.0044282234183296
"3GCR-Ec","Precipitation",3,2240.37573385519,1.59720910850053e-05,0.00434281336758465
"3GCR-Ec","Precipitation",3,2246.88845401174,1.57104196319151e-05,0.00427166486997419
"3GCR-Ec","Precipitation",3,2253.4011741683,1.5493462275645e-05,0.00421267414033265
"3GCR-Ec","Precipitation",3,2259.91389432485,1.53145573559386e-05,0.00416402987248492
"3GCR-Ec","Precipitation",3,2266.42661448141,1.51679599273841e-05,0.00412417001512548
"3GCR-Ec","Precipitation",3,2272.93933463796,1.50385758097622e-05,0.0040889904589502
"3GCR-Ec","Precipitation",3,2279.45205479452,1.49201930609363e-05,0.00405680217619146
"3GCR-Ec","Precipitation",3,2285.96477495108,1.48071909735695e-05,0.00402607689589036
"3GCR-Ec","Precipitation",3,2292.47749510763,1.46945805044555e-05,0.00399545809663637
"3GCR-Ec","Precipitation",3,2298.99021526419,1.45770417861243e-05,0.00396349930586433
"3GCR-Ec","Precipitation",3,2305.50293542074,1.44498435808292e-05,0.00392891409949729
"3GCR-Ec","Precipitation",3,2312.0156555773,1.43122019329061e-05,0.0038914893199017
"3GCR-Ec","Precipitation",3,2318.52837573386,1.41634360482073e-05,0.00385103985907207
"3GCR-Ec","Precipitation",3,2325.04109589041,1.40035965472935e-05,0.00380757948074452
"3GCR-Ec","Precipitation",3,2331.55381604697,1.38334418518491e-05,0.00376131439986057
"3GCR-Ec","Precipitation",3,2338.06653620352,1.36534824611559e-05,0.00371238342123259
"3GCR-Ec","Precipitation",3,2344.57925636008,1.34684726947805e-05,0.00366207924488694
"3GCR-Ec","Precipitation",3,2351.09197651663,1.32822410699132e-05,0.00361144284507953
"3GCR-Ec","Precipitation",3,2357.60469667319,1.30982793633058e-05,0.00356142363630301
"3GCR-Ec","Precipitation",3,2364.11741682975,1.29202593357657e-05,0.00351301997073509
"3GCR-Ec","Precipitation",3,2370.6301369863,1.27520775813876e-05,0.00346729133274962
"3GCR-Ec","Precipitation",3,2377.14285714286,1.26026552421754e-05,0.00342666338186375
"3GCR-Ec","Precipitation",3,2383.65557729941,1.24727351892295e-05,0.00339133810481342
"3GCR-Ec","Precipitation",3,2390.16829745597,1.2365210899552e-05,0.0033621022383219
"3GCR-Ec","Precipitation",3,2396.68101761252,1.22825249425707e-05,0.00333961991729213
"3GCR-Ec","Precipitation",3,2403.19373776908,1.22266284999158e-05,0.00332442166822942
"3GCR-Ec","Precipitation",3,2409.70645792564,1.2201394677324e-05,0.00331756058902047
"3GCR-Ec","Precipitation",3,2416.21917808219,1.22101146207861e-05,0.00331993154263138
"3GCR-Ec","Precipitation",3,2422.73189823875,1.224661691525e-05,0.00332985652061338
"3GCR-Ec","Precipitation",3,2429.2446183953,1.23092631266805e-05,0.00334689003256753
"3GCR-Ec","Precipitation",3,2435.75733855186,1.239577985945e-05,0.00337041394196621
"3GCR-Ec","Precipitation",3,2442.27005870841,1.25032778601159e-05,0.0033996426604725
"3GCR-Ec","Precipitation",3,2448.78277886497,1.26299803903934e-05,0.00343409309274635
"3GCR-Ec","Precipitation",3,2455.29549902153,1.27682213363287e-05,0.00347168082153906
"3GCR-Ec","Precipitation",3,2461.80821917808,1.29111639871264e-05,0.00351054694441417
"3GCR-Ec","Precipitation",3,2468.32093933464,1.30534993860494e-05,0.00354924795543603
"3GCR-Ec","Precipitation",3,2474.83365949119,1.31897675865622e-05,0.00358629929452584
"3GCR-Ec","Precipitation",3,2481.34637964775,1.33144161433038e-05,0.0036201912511636
"3GCR-Ec","Precipitation",3,2487.85909980431,1.34155460184516e-05,0.00364768847562323
"3GCR-Ec","Precipitation",3,2494.37181996086,1.34899380941699e-05,0.00366791568940209
"3GCR-Ec","Precipitation",3,2500.88454011742,1.3533436672426e-05,0.00367974295773636
"3GCR-Ec","Precipitation",3,2507.39726027397,1.35418173873077e-05,0.003682021675058
"3GCR-Ec","Precipitation",3,2513.90998043053,1.35113374826254e-05,0.0036737341855369
"3GCR-Ec","Precipitation",3,2520.42270058708,1.34364531898899e-05,0.00365337313789555
"3GCR-Ec","Precipitation",3,2526.93542074364,1.33064621020288e-05,0.00361802854644377
"3GCR-Ec","Precipitation",3,2533.4481409002,1.31297212790049e-05,0.00356997269672808
"3GCR-Ec","Precipitation",3,2539.96086105675,1.29060441064171e-05,0.00350915484827179
"3GCR-Ec","Precipitation",3,2546.47358121331,1.26358970607838e-05,0.00343570183609289
"3GCR-Ec","Precipitation",3,2552.98630136986,1.23203864698254e-05,0.00334991447082327
"3GCR-Ec","Precipitation",3,2559.49902152642,1.1956139686983e-05,0.00325087572948322
"3GCR-Ec","Precipitation",3,2566.01174168297,1.15470406371761e-05,0.00313964165169639
"3GCR-Ec","Precipitation",3,2572.52446183953,1.11027662558419e-05,0.00301884339729972
"3GCR-Ec","Precipitation",3,2579.03718199609,1.06273067008233e-05,0.0028895658906607
"3GCR-Ec","Precipitation",3,2585.54990215264,1.01249478407765e-05,0.00275297445995044
"3GCR-Ec","Precipitation",3,2592.0626223092,9.60022686436218e-06,0.00261030276727748
"3GCR-Ec","Precipitation",3,2598.57534246575,9.05588430375658e-06,0.00246229596364971
"3GCR-Ec","Precipitation",3,2605.08806262231,8.50133996994579e-06,0.00231151529673674
"3GCR-Ec","Precipitation",3,2611.60078277886,7.94233850284394e-06,0.00215952273477918
"3GCR-Ec","Precipitation",3,2618.11350293542,7.38347113497405e-06,0.00200756663441793
"3GCR-Ec","Precipitation",3,2624.62622309198,6.82914146541219e-06,0.00185684433473845
"3GCR-Ec","Precipitation",3,2631.13894324853,6.28377014778518e-06,0.00170855781196052
"3GCR-Ec","Precipitation",3,2637.65166340509,5.75581299244653e-06,0.00156500620187303
"3GCR-Ec","Precipitation",3,2644.16438356164,5.24606582176188e-06,0.00142640588866695
"3GCR-Ec","Precipitation",3,2650.6771037182,4.75717819298231e-06,0.00129347728725771
"3GCR-Ec","Precipitation",3,2657.18982387476,4.29143445964894e-06,0.00116684151363081
"3GCR-Ec","Precipitation",3,2663.70254403131,3.85075561287507e-06,0.00104702088548664
"3GCR-Ec","Precipitation",3,2670.21526418787,3.43937734093776e-06,0.000935167086945477
"3GCR-Ec","Precipitation",3,2676.72798434442,3.06092436108614e-06,0.000832265679036227
"3GCR-Ec","Precipitation",3,2683.24070450098,2.71108040854979e-06,0.00073714306888095
"3GCR-Ec","Precipitation",3,2689.75342465753,2.38993043335297e-06,0.000649822354400828
"3GCR-Ec","Precipitation",3,2696.26614481409,2.09732527460719e-06,0.000570262978733459
"3GCR-Ec","Precipitation",3,2702.77886497065,1.83290110798321e-06,0.000498366018002679
"3GCR-Ec","Precipitation",3,2709.2915851272,1.60067803108393e-06,0.000435224537200167
"3GCR-Ec","Precipitation",3,2715.80430528376,1.39729672249971e-06,0.000379925136455728
"3GCR-Ec","Precipitation",3,2722.31702544031,1.2191824317082e-06,0.000331495840699119
"3GCR-Ec","Precipitation",3,2728.82974559687,1.06535835773914e-06,0.000289671057636348
"3GCR-Ec","Precipitation",3,2735.34246575342,9.34836770210933e-07,0.000254182223265248
"3GCR-Ec","Precipitation",3,2741.85518590998,8.26635044176112e-07,0.000224762161751768
"3GCR-Ec","Precipitation",3,2748.36790606654,7.44826519088428e-07,0.000202518414552836
"3GCR-Ec","Precipitation",3,2754.88062622309,6.83306069442601e-07,0.000185790997354938
"3GCR-Ec","Precipitation",3,2761.39334637965,6.41017266943382e-07,0.000174292667185436
"3GCR-Ec","Precipitation",3,2767.9060665362,6.17359898995586e-07,0.000167860226171998
"3GCR-Ec","Precipitation",3,2774.41878669276,6.11827741642483e-07,0.000166356031963689
"3GCR-Ec","Precipitation",3,2780.93150684931,6.25072435263771e-07,0.000169957265653253
"3GCR-Ec","Precipitation",3,2787.44422700587,6.59281041103958e-07,0.000179258589439758
"3GCR-Ec","Precipitation",3,2793.95694716243,7.10676934707005e-07,0.000193233138707626
"3GCR-Ec","Precipitation",3,2800.46966731898,7.79226188204455e-07,0.000211871688465594
"3GCR-Ec","Precipitation",3,2806.98238747554,8.64937793007032e-07,0.000235176683479253
"3GCR-Ec","Precipitation",3,2813.49510763209,9.67852855994408e-07,0.000263159300713824
"3GCR-Ec","Precipitation",3,2820.00782778865,1.09045103187049e-06,0.000296493758562989
"3GCR-Ec","Precipitation",3,2826.52054794521,1.23260962256503e-06,0.00033514669540761
"3GCR-Ec","Precipitation",3,2833.03326810176,1.39201670366211e-06,0.000378489498738223
"3GCR-Ec","Precipitation",3,2839.54598825832,1.56851247172022e-06,0.000426478717981061
"3GCR-Ec","Precipitation",3,2846.05870841487,1.76183152150392e-06,0.000479042189422667
"3GCR-Ec","Precipitation",3,2852.57142857143,1.97159018940011e-06,0.000536075594883366
"3GCR-Ec","Precipitation",3,2859.08414872798,2.2004325032512e-06,0.000598297845831744
"3GCR-Ec","Precipitation",3,2865.59686888454,2.44451444734836e-06,0.000664663753962978
"3GCR-Ec","Precipitation",3,2872.1095890411,2.70186045249895e-06,0.000734636161790762
"3GCR-Ec","Precipitation",3,2878.62230919765,2.97111181623343e-06,0.000807845637960368
"3GCR-Ec","Precipitation",3,2885.13502935421,3.2507208763565e-06,0.00088387137294633
"3GCR-Ec","Precipitation",3,2891.64774951076,3.5391064519458e-06,0.000962283443477505
"3GCR-Ec","Precipitation",3,2898.16046966732,3.83466960509509e-06,0.00104264709815684
"3GCR-Ec","Precipitation",3,2904.67318982387,4.13299253266084e-06,0.00112376113581129
"3GCR-Ec","Precipitation",3,2911.18590998043,4.43163447802416e-06,0.00120496191444089
"3GCR-Ec","Precipitation",3,2917.69863013699,4.72808119181537e-06,0.00128556580935843
"3GCR-Ec","Precipitation",3,2924.21135029354,5.01976678604888e-06,0.00136487515533119
"3GCR-Ec","Precipitation",3,2930.7240704501,5.30291864820516e-06,0.00144186417858959
"3GCR-Ec","Precipitation",3,2937.23679060665,5.57306762699637e-06,0.00151531771639437
"3GCR-Ec","Precipitation",3,2943.74951076321,5.82917398860057e-06,0.00158495306500206
"3GCR-Ec","Precipitation",3,2950.26223091976,6.06912553726112e-06,0.0016501959181482
"3GCR-Ec","Precipitation",3,2956.77495107632,6.29103112042763e-06,0.00171053207124101
"3GCR-Ec","Precipitation",3,2963.28767123288,6.49324533805346e-06,0.00176551413982222
"3GCR-Ec","Precipitation",3,2969.80039138943,6.67031660433574e-06,0.00181365983709712
"3GCR-Ec","Precipitation",3,2976.31311154599,6.82327911182807e-06,0.00185525036013769
"3GCR-Ec","Precipitation",3,2982.82583170254,6.95391300583475e-06,0.00189076973065295
"3GCR-Ec","Precipitation",3,2989.3385518591,7.06256772346663e-06,0.00192031296063276
"3GCR-Ec","Precipitation",3,2995.85127201566,7.14998357314817e-06,0.00194408134002124
"3GCR-Ec","Precipitation",3,3002.36399217221,7.21729202775556e-06,0.00196238251642105
"3GCR-Ec","Precipitation",3,3008.87671232877,7.26217131770303e-06,0.00197458520041993
"3GCR-Ec","Precipitation",3,3015.38943248532,7.29226384300463e-06,0.00198276736144372
"3GCR-Ec","Precipitation",3,3021.90215264188,7.31042421899374e-06,0.00198770516972356
"3GCR-Ec","Precipitation",3,3028.41487279843,7.3195964448199e-06,0.00199019909896027
"3GCR-Ec","Precipitation",3,3034.92759295499,7.32291370455974e-06,0.0019911010622577
"3GCR-Ec","Precipitation",3,3041.44031311155,7.32383826997119e-06,0.00199135245169736
"3GCR-Ec","Precipitation",3,3047.9530332681,7.32765152703029e-06,0.00199238927672185
"3GCR-Ec","Precipitation",3,3054.46575342466,7.33812229531507e-06,0.00199523627979953
"3GCR-Ec","Precipitation",3,3060.97847358121,7.35841164467418e-06,0.00200075295617881
"3GCR-Ec","Precipitation",3,3067.49119373777,7.391482230645e-06,0.00200974485223447
"3GCR-Ec","Precipitation",3,3074.00391389432,7.44006422091661e-06,0.00202295430086913
"3GCR-Ec","Precipitation",3,3080.51663405088,7.50972160254433e-06,0.00204189415079071
"3GCR-Ec","Precipitation",3,3087.02935420744,7.60264436362739e-06,0.00206715986001041
"3GCR-Ec","Precipitation",3,3093.54207436399,7.71764707061905e-06,0.00209842910901317
"3GCR-Ec","Precipitation",3,3100.05479452055,7.85529254317817e-06,0.00213585492852771
"3GCR-Ec","Precipitation",3,3106.5675146771,8.015685319902e-06,0.00217946574261042
"3GCR-Ec","Precipitation",3,3113.08023483366,8.19846610746131e-06,0.00222916385936455
"3GCR-Ec","Precipitation",3,3119.59295499022,8.40704280348737e-06,0.00228587588654045
"3GCR-Ec","Precipitation",3,3126.10567514677,8.63500486115119e-06,0.00234785879573221
"3GCR-Ec","Precipitation",3,3132.61839530333,8.87903791076451e-06,0.00241421140944778
"3GCR-Ec","Precipitation",3,3139.13111545988,9.13635326117642e-06,0.00248417548224866
"3GCR-Ec","Precipitation",3,3145.64383561644,9.40383751110843e-06,0.00255690447997605
"3GCR-Ec","Precipitation",3,3152.15655577299,9.67812893541236e-06,0.00263148434918298
"3GCR-Ec","Precipitation",3,3158.66927592955,9.95413431374535e-06,0.00270653024268375
"3GCR-Ec","Precipitation",3,3165.18199608611,1.02262450539026e-05,0.00278051718362523
"3GCR-Ec","Precipitation",3,3171.69471624266,1.04903623741952e-05,0.00285233071280389
"3GCR-Ec","Precipitation",3,3178.20743639922,1.07424013245307e-05,0.00292086013182885
"3GCR-Ec","Precipitation",3,3184.72015655577,1.09783235631267e-05,0.00298500741511393
"3GCR-Ec","Precipitation",3,3191.23287671233,1.11912210463521e-05,0.00304289426481669
"3GCR-Ec","Precipitation",3,3197.74559686888,1.13745211674653e-05,0.00309273358842271
"3GCR-Ec","Precipitation",3,3204.25831702544,1.15282270678579e-05,0.0031345262400767
"3GCR-Ec","Precipitation",3,3210.771037182,1.16494630365521e-05,0.00316749031363947
"3GCR-Ec","Precipitation",3,3217.28375733855,1.1735680559889e-05,0.00319093286795967
"3GCR-Ec","Precipitation",3,3223.79647749511,1.17846753069159e-05,0.00320425454520265
"3GCR-Ec","Precipitation",3,3230.30919765166,1.17867152108748e-05,0.00320480919531918
"3GCR-Ec","Precipitation",3,3236.82191780822,1.17448735133026e-05,0.00319343243302975
"3GCR-Ec","Precipitation",3,3243.33463796477,1.16618038426267e-05,0.00317084578020313
"3GCR-Ec","Precipitation",3,3249.84735812133,1.15375695741889e-05,0.00313706646860188
"3GCR-Ec","Precipitation",3,3256.36007827789,1.13726305948326e-05,0.00309221954151063
"3GCR-Ec","Precipitation",3,3262.87279843444,1.11677498519654e-05,0.00303651244441551
"3GCR-Ec","Precipitation",3,3269.385518591,1.09148628036968e-05,0.0029677524274669
"3GCR-Ec","Precipitation",3,3275.89823874755,1.06267847035733e-05,0.00288942395954957
"3GCR-Ec","Precipitation",3,3282.41095890411,1.0305952370157e-05,0.00280218961190538
"3GCR-Ec","Precipitation",3,3288.92367906067,9.95505136478656e-06,0.00270677958896529
"3GCR-Ec","Precipitation",3,3295.43639921722,9.57699430393944e-06,0.00260398583147802
"3GCR-Ec","Precipitation",3,3301.94911937378,9.17336069472316e-06,0.00249423780760427
"3GCR-Ec","Precipitation",3,3308.46183953033,8.74707073816899e-06,0.00237832952033382
"3GCR-Ec","Precipitation",3,3314.97455968689,8.30612433386286e-06,0.00225843614326645
"3GCR-Ec","Precipitation",3,3321.48727984344,7.85405399049449e-06,0.00213551816591332
"3GCR-Ec","Precipitation",3,3328,7.39437168033334e-06,0.00201053049393064
"3GCR-Ec","WetDays",2,0,9.8597092821174e-05,0.00476416215771486
"3GCR-Ec","WetDays",2,0.610567514677104,0.000103746735378249,0.00501299030765506
"3GCR-Ec","WetDays",2,1.22113502935421,0.000108984796553208,0.00526609080094034
"3GCR-Ec","WetDays",2,1.83170254403131,0.000114281944889927,0.00552204635629704
"3GCR-Ec","WetDays",2,2.44227005870841,0.000119631756770743,0.00578054658773594
"3GCR-Ec","WetDays",2,3.05283757338552,0.000125033677003004,0.00604156466862612
"3GCR-Ec","WetDays",2,3.66340508806262,0.000130477139047534,0.00630459002908519
"3GCR-Ec","WetDays",2,4.27397260273973,0.000135943377321532,0.00656871592554814
"3GCR-Ec","WetDays",2,4.88454011741683,0.000141427069705682,0.00683368519587442
"3GCR-Ec","WetDays",2,5.49510763209393,0.00014692325222302,0.00709925798318254
"3GCR-Ec","WetDays",2,6.10567514677104,0.000152422643455686,0.00736498581400866
"3GCR-Ec","WetDays",2,6.71624266144814,0.000157919206614687,0.00763057699373138
"3GCR-Ec","WetDays",2,7.32681017612524,0.000163410581478683,0.00789591747763719
"3GCR-Ec","WetDays",2,7.93737769080235,0.000168893184754096,0.00816083412277457
"3GCR-Ec","WetDays",2,8.54794520547945,0.0001743640435533,0.00842518328070198
"3GCR-Ec","WetDays",2,9.15851272015655,0.000179828039641657,0.00868920083587743
"3GCR-Ec","WetDays",2,9.76908023483366,0.000185287572866,0.00895300274769828
"3GCR-Ec","WetDays",2,10.3796477495108,0.000190746096301345,0.00921675586702031
"3GCR-Ec","WetDays",2,10.9902152641879,0.000196216346799949,0.00948107563216732
"3GCR-Ec","WetDays",2,11.600782778865,0.000201707077409245,0.00974638498600858
"3GCR-Ec","WetDays",2,12.2113502935421,0.000207226883436782,0.0100130992495013
"3GCR-Ec","WetDays",2,12.8219178082192,0.000212790353854026,0.0102819233544419
"3GCR-Ec","WetDays",2,13.4324853228963,0.000218440371951443,0.0105549293999542
"3GCR-Ec","WetDays",2,14.0430528375734,0.00022417675843093,0.0108321087224436
"3GCR-Ec","WetDays",2,14.6536203522505,0.000230015154624695,0.0111142171032509
"3GCR-Ec","WetDays",2,15.2641878669276,0.000235982650276085,0.0114025635052106
"3GCR-Ec","WetDays",2,15.8747553816047,0.000242171761199975,0.0117016182461752
"3GCR-Ec","WetDays",2,16.4853228962818,0.000248555165266954,0.0120100611345316
"3GCR-Ec","WetDays",2,17.0958904109589,0.000255155705986536,0.0123289959572217
"3GCR-Ec","WetDays",2,17.706457925636,0.000262010891715861,0.0126602350992824
"3GCR-Ec","WetDays",2,18.3170254403131,0.000269286691116989,0.0130117980833639
"3GCR-Ec","WetDays",2,18.9275929549902,0.000276906146709674,0.0133799663625534
"3GCR-Ec","WetDays",2,19.5381604696673,0.00028489874778245,0.0137661648445076
"3GCR-Ec","WetDays",2,20.1487279843444,0.000293306711743322,0.014172433453243
"3GCR-Ec","WetDays",2,20.7592954990215,0.000302396117241431,0.0146116289758611
"3GCR-Ec","WetDays",2,21.3698630136986,0.000312015280133008,0.0150764221104828
"3GCR-Ec","WetDays",2,21.9804305283757,0.000322199073994798,0.0155684979308755
"3GCR-Ec","WetDays",2,22.5909980430528,0.000332985384761105,0.0160896870664151
"3GCR-Ec","WetDays",2,23.2015655577299,0.000344767492562718,0.0166589926161069
"3GCR-Ec","WetDays",2,23.812133072407,0.000357293368002514,0.0172642366456723
"3GCR-Ec","WetDays",2,24.4227005870841,0.000370601260688202,0.0179072673570045
"3GCR-Ec","WetDays",2,25.0332681017613,0.000384729446097234,0.0185899342020094
"3GCR-Ec","WetDays",2,25.6438356164384,0.000400173193118629,0.0193361683254242
"3GCR-Ec","WetDays",2,26.2544031311155,0.000416605653135141,0.020130176565716
"3GCR-Ec","WetDays",2,26.8649706457926,0.000434049178593453,0.0209730389819167
"3GCR-Ec","WetDays",2,27.4755381604697,0.000452542471316345,0.0218666256267252
"3GCR-Ec","WetDays",2,28.0861056751468,0.000472658937049274,0.0228386431786586
"3GCR-Ec","WetDays",2,28.6966731898239,0.000494018072368569,0.0238707059028026
"3GCR-Ec","WetDays",2,29.307240704501,0.000516609198573647,0.0249622978096918
"3GCR-Ec","WetDays",2,29.9178082191781,0.000540467498276079,0.0261151189055014
"3GCR-Ec","WetDays",2,30.5283757338552,0.00056621834206233,0.0273593867838473
"3GCR-Ec","WetDays",2,31.1389432485323,0.000593445671821386,0.0286749977251252
"3GCR-Ec","WetDays",2,31.7495107632094,0.000622091713378097,0.0300591601101189
"3GCR-Ec","WetDays",2,32.3600782778865,0.000652183078844458,0.0315131598227557
"3GCR-Ec","WetDays",2,32.9706457925636,0.000684359513586968,0.0330679090388251
"3GCR-Ec","WetDays",2,33.5812133072407,0.000718191159998148,0.0347026372539629
"3GCR-Ec","WetDays",2,34.1917808219178,0.000753561986917203,0.0364117379005761
"3GCR-Ec","WetDays",2,34.8023483365949,0.000790484106926376,0.0381957962525738
"3GCR-Ec","WetDays",2,35.412915851272,0.000829564071306226,0.0400841205641334
"3GCR-Ec","WetDays",2,36.0234833659491,0.000870380646274749,0.0420563570298196
"3GCR-Ec","WetDays",2,36.6340508806262,0.000912755088655019,0.0441038688688198
"3GCR-Ec","WetDays",2,37.2446183953033,0.000956678894038521,0.0462262451523726
"3GCR-Ec","WetDays",2,37.8551859099804,0.00100267188889528,0.0484486036352335
"3GCR-Ec","WetDays",2,38.4657534246575,0.00105034077713727,0.0507519404473513
"3GCR-Ec","WetDays",2,39.0763209393346,0.00109945076079446,0.0531249102683776
"3GCR-Ec","WetDays",2,39.6868884540117,0.00114996761464207,0.0555658593525875
"3GCR-Ec","WetDays",2,40.2974559686888,0.00120227186378484,0.0580931744825134
"3GCR-Ec","WetDays",2,40.9080234833659,0.0012560102867579,0.0606897881738307
"3GCR-Ec","WetDays",2,41.5185909980431,0.00131091374193114,0.063342695637731
"3GCR-Ec","WetDays",2,42.1291585127202,0.00136691976099574,0.0660488784368094
"3GCR-Ec","WetDays",2,42.7397260273973,0.00142422710825311,0.0688179407625901
"3GCR-Ec","WetDays",2,43.3502935420744,0.00148252423990972,0.071634828974958
"3GCR-Ec","WetDays",2,43.9608610567515,0.00154154630464765,0.0744867455908431
"3GCR-Ec","WetDays",2,44.5714285714286,0.00160120421597699,0.0773693859956572
"3GCR-Ec","WetDays",2,45.1819960861057,0.00166149227155888,0.0802824746552427
"3GCR-Ec","WetDays",2,45.7925636007828,0.00172213035946611,0.0832124767015277
"3GCR-Ec","WetDays",2,46.4031311154599,0.00178291154416282,0.0861493931130324
"3GCR-Ec","WetDays",2,47.013698630137,0.00184372693268144,0.0890879622360861
"3GCR-Ec","WetDays",2,47.6242661448141,0.00190437091706353,0.0920182491970839
"3GCR-Ec","WetDays",2,48.2348336594912,0.00196457466030277,0.0949272639264877
"3GCR-Ec","WetDays",2,48.8454011741683,0.00202425087024153,0.097810788510947
"3GCR-Ec","WetDays",2,49.4559686888454,0.00208328283630903,0.100663183554119
"3GCR-Ec","WetDays",2,50.0665362035225,0.0021412995867323,0.103466523885679
"3GCR-Ec","WetDays",2,50.6771037181996,0.00219801916544832,0.106207185529836
"3GCR-Ec","WetDays",2,51.2876712328767,0.00225353205020234,0.108889540325939
"3GCR-Ec","WetDays",2,51.8982387475538,0.00230772950271498,0.111508334094773
"3GCR-Ec","WetDays",2,52.5088062622309,0.00236013585227543,0.11404058266576
"3GCR-Ec","WetDays",2,53.119373776908,0.00241043605559282,0.116471063304826
"3GCR-Ec","WetDays",2,53.7299412915851,0.00245893826205966,0.118814665636328
"3GCR-Ec","WetDays",2,54.3405088062622,0.00250555862117706,0.121067338046142
"3GCR-Ec","WetDays",2,54.9510763209393,0.00254979310447985,0.123204726131199
"3GCR-Ec","WetDays",2,55.5616438356164,0.00259128759535752,0.125209719154184
"3GCR-Ec","WetDays",2,56.1722113502935,0.00263057554868455,0.127108093387532
"3GCR-Ec","WetDays",2,56.7827788649706,0.00266761258543498,0.128897704458928
"3GCR-Ec","WetDays",2,57.3933463796477,0.00270194336371389,0.130556550476
"3GCR-Ec","WetDays",2,58.0039138943249,0.0027331901405054,0.132066379085356
"3GCR-Ec","WetDays",2,58.614481409002,0.00276207784414089,0.133462218460996
"3GCR-Ec","WetDays",2,59.2250489236791,0.00278861044567488,0.134744260482288
"3GCR-Ec","WetDays",2,59.8356164383562,0.00281244325002188,0.135895849655289
"3GCR-Ec","WetDays",2,60.4461839530333,0.00283321415419563,0.136899489345007
"3GCR-Ec","WetDays",2,61.0567514677104,0.00285176357707844,0.137795788171038
"3GCR-Ec","WetDays",2,61.6673189823875,0.00286814468319859,0.13858731501677
"3GCR-Ec","WetDays",2,62.2778864970646,0.00288215795003545,0.139264429053908
"3GCR-Ec","WetDays",2,62.8884540117417,0.00289351552900613,0.139813221583049
"3GCR-Ec","WetDays",2,63.4990215264188,0.00290306468725688,0.140274632128478
"3GCR-Ec","WetDays",2,64.1095890410959,0.00291090003098837,0.140653232014439
"3GCR-Ec","WetDays",2,64.720156555773,0.00291696877157783,0.140946470521114
"3GCR-Ec","WetDays",2,65.3307240704501,0.00292112416613813,0.141147257105668
"3GCR-Ec","WetDays",2,65.9412915851272,0.00292409748126937,0.141290926204075
"3GCR-Ec","WetDays",2,66.5518590998043,0.00292600985596753,0.141383331191967
"3GCR-Ec","WetDays",2,67.1624266144814,0.00292692648647248,0.141427622319011
"3GCR-Ec","WetDays",2,67.7729941291585,0.00292690147262813,0.141426413662577
"3GCR-Ec","WetDays",2,68.3835616438356,0.00292643643337132,0.141403943198532
"3GCR-Ec","WetDays",2,68.9941291585127,0.00292566004401127,0.141366428453391
"3GCR-Ec","WetDays",2,69.6046966731898,0.0029247061734223,0.141320337904134
"3GCR-Ec","WetDays",2,70.2152641878669,0.00292386672847456,0.141279776344567
"3GCR-Ec","WetDays",2,70.825831702544,0.00292333191042218,0.141253934204059
"3GCR-Ec","WetDays",2,71.4363992172211,0.00292321870671564,0.14124846425764
"3GCR-Ec","WetDays",2,72.0469667318982,0.00292367353013242,0.141270441097409
"3GCR-Ec","WetDays",2,72.6575342465753,0.0029252285396642,0.141345578379394
"3GCR-Ec","WetDays",2,73.2681017612524,0.00292772895369282,0.141466397133304
"3GCR-Ec","WetDays",2,73.8786692759295,0.00293126424525873,0.141637220651654
"3GCR-Ec","WetDays",2,74.4892367906067,0.00293594420670339,0.141863354045411
"3GCR-Ec","WetDays",2,75.0998043052838,0.00294250448500144,0.142180343408052
"3GCR-Ec","WetDays",2,75.7103718199609,0.00295046613552063,0.142565046374754
"3GCR-Ec","WetDays",2,76.320939334638,0.00295988121131192,0.143019978122876
"3GCR-Ec","WetDays",2,76.9315068493151,0.00297080118501609,0.143547625784648
"3GCR-Ec","WetDays",2,77.5420743639922,0.00298406214669984,0.144188388813465
"3GCR-Ec","WetDays",2,78.1526418786693,0.002998961879206,0.144908336427891
"3GCR-Ec","WetDays",2,78.7632093933464,0.00301550181198398,0.145707537698205
"3GCR-Ec","WetDays",2,79.3737769080235,0.00303369299961452,0.146586526776215
"3GCR-Ec","WetDays",2,79.9843444227006,0.00305429130345054,0.147581826504034
"3GCR-Ec","WetDays",2,80.5949119373777,0.00307656021835087,0.148657849322008
"3GCR-Ec","WetDays",2,81.2054794520548,0.00310042619086145,0.149811041164066
"3GCR-Ec","WetDays",2,81.8160469667319,0.00312586333173753,0.151040151074863
"3GCR-Ec","WetDays",2,82.426614481409,0.00315346349367266,0.152373777080213
"3GCR-Ec","WetDays",2,83.0371819960861,0.00318255449374752,0.153779439638013
"3GCR-Ec","WetDays",2,83.6477495107632,0.00321300382688482,0.155250736169276
"3GCR-Ec","WetDays",2,84.2583170254403,0.00324475685433146,0.156785026556808
"3GCR-Ec","WetDays",2,84.8688845401174,0.0032781975672509,0.158400865061365
"3GCR-Ec","WetDays",2,85.4794520547945,0.00331277997575601,0.160071869724976
"3GCR-Ec","WetDays",2,86.0900195694716,0.00334834256616882,0.161790236287592
"3GCR-Ec","WetDays",2,86.7005870841487,0.00338481284244937,0.16355246177686
"3GCR-Ec","WetDays",2,87.3111545988258,0.00342236091249869,0.165366765721385
"3GCR-Ec","WetDays",2,87.9217221135029,0.00346059230217436,0.167214087328119
"3GCR-Ec","WetDays",2,88.53228962818,0.00349935276361481,0.169086973417621
"3GCR-Ec","WetDays",2,89.1428571428571,0.00353856363054865,0.170981622875047
"3GCR-Ec","WetDays",2,89.7534246575342,0.00357820595485372,0.17289712013662
"3GCR-Ec","WetDays",2,90.3639921722113,0.00361803220228983,0.174821504471796
"3GCR-Ec","WetDays",2,90.9745596868885,0.00365793031395362,0.17674936125047
"3GCR-Ec","WetDays",2,91.5851272015656,0.00369782644344068,0.178677122251358
"3GCR-Ec","WetDays",2,92.1956947162427,0.00373755885866886,0.180596972661228
"3GCR-Ec","WetDays",2,92.8062622309198,0.00377700261795366,0.182502875360443
"3GCR-Ec","WetDays",2,93.4168297455969,0.00381611480895625,0.184392756846278
"3GCR-Ec","WetDays",2,94.027397260274,0.00385483564610733,0.186263728309958
"3GCR-Ec","WetDays",2,94.6379647749511,0.00389291827713516,0.188103861973311
"3GCR-Ec","WetDays",2,95.2485322896282,0.00393032709100923,0.189911437129174
"3GCR-Ec","WetDays",2,95.8590998043053,0.0039671023838222,0.191688400864567
"3GCR-Ec","WetDays",2,96.4696673189824,0.00400320517500557,0.193432869657938
"3GCR-Ec","WetDays",2,97.0802348336595,0.00403836286104603,0.195131671444017
"3GCR-Ec","WetDays",2,97.6908023483366,0.00407259648513622,0.196785823019335
"3GCR-Ec","WetDays",2,98.3013698630137,0.0041060278182368,0.198401208295741
"3GCR-Ec","WetDays",2,98.9119373776908,0.0041386423483252,0.19997712605957
"3GCR-Ec","WetDays",2,99.5225048923679,0.00417019408647393,0.201501690249013
"3GCR-Ec","WetDays",2,100.133072407045,0.00420073542330748,0.202977432352812
"3GCR-Ec","WetDays",2,100.743639921722,0.00423045156348171,0.204413301367208
"3GCR-Ec","WetDays",2,101.354207436399,0.00425935261120532,0.205809785522505
"3GCR-Ec","WetDays",2,101.964774951076,0.00428725747162814,0.207158134406217
"3GCR-Ec","WetDays",2,102.575342465753,0.00431423529644713,0.208461689393718
"3GCR-Ec","WetDays",2,103.185909980431,0.00434050266141208,0.209730915316797
"3GCR-Ec","WetDays",2,103.796477495108,0.00436609077952711,0.210967320372186
"3GCR-Ec","WetDays",2,104.407045009785,0.00439090306870704,0.212166237761888
"3GCR-Ec","WetDays",2,105.017612524462,0.00441502137030738,0.213331622019222
"3GCR-Ec","WetDays",2,105.628180039139,0.00443865283523286,0.214473482572185
"3GCR-Ec","WetDays",2,106.238747553816,0.0044618430140471,0.215594020401204
"3GCR-Ec","WetDays",2,106.849315068493,0.00448457966512688,0.216692643997175
"3GCR-Ec","WetDays",2,107.45988258317,0.00450696052551602,0.217774075965118
"3GCR-Ec","WetDays",2,108.070450097847,0.00452914165119118,0.218845856851687
"3GCR-Ec","WetDays",2,108.681017612524,0.00455117398792019,0.219910448330878
"3GCR-Ec","WetDays",2,109.291585127202,0.00457311249511959,0.220970506014178
"3GCR-Ec","WetDays",2,109.902152641879,0.00459507624632999,0.22203178347545
"3GCR-Ec","WetDays",2,110.512720156556,0.00461713671031271,0.223097734049457
"3GCR-Ec","WetDays",2,111.123287671233,0.00463934086625807,0.224170627747152
"3GCR-Ec","WetDays",2,111.73385518591,0.00466178314092347,0.225255027222173
"3GCR-Ec","WetDays",2,112.344422700587,0.00468460658747913,0.22635784473208
"3GCR-Ec","WetDays",2,112.954990215264,0.00470778076472989,0.227477609373564
"3GCR-Ec","WetDays",2,113.565557729941,0.00473134099311416,0.228616027812524
"3GCR-Ec","WetDays",2,114.176125244618,0.00475539125605901,0.229778124476091
"3GCR-Ec","WetDays",2,114.786692759295,0.00478009541407681,0.23097181702218
"3GCR-Ec","WetDays",2,115.397260273973,0.00480532433035378,0.232190865624605
"3GCR-Ec","WetDays",2,116.00782778865,0.00483109753141864,0.23343621379546
"3GCR-Ec","WetDays",2,116.618395303327,0.00485750462517506,0.234712191343781
"3GCR-Ec","WetDays",2,117.228962818004,0.00488472184264695,0.236027313664406
"3GCR-Ec","WetDays",2,117.839530332681,0.00491254387561457,0.237371660366955
"3GCR-Ec","WetDays",2,118.450097847358,0.00494097498250004,0.238745437216252
"3GCR-Ec","WetDays",2,119.060665362035,0.00497007794277802,0.240151677685078
"3GCR-Ec","WetDays",2,119.671232876712,0.00500003221603866,0.241599053170977
"3GCR-Ec","WetDays",2,120.281800391389,0.00503059084474165,0.243075630809249
"3GCR-Ec","WetDays",2,120.892367906067,0.00506174791682379,0.244581124931963
"3GCR-Ec","WetDays",2,121.502935420744,0.00509353962617957,0.246117284409977
"3GCR-Ec","WetDays",2,122.113502935421,0.0051261463143985,0.2476928232586
"3GCR-Ec","WetDays",2,122.724070450098,0.00515931395236819,0.249295466918313
"3GCR-Ec","WetDays",2,123.334637964775,0.00519303476981631,0.250924839933447
"3GCR-Ec","WetDays",2,123.945205479452,0.00522732799952659,0.252581871622484
"3GCR-Ec","WetDays",2,124.555772994129,0.00526238727936963,0.254275918470375
"3GCR-Ec","WetDays",2,125.166340508806,0.00529797275922201,0.25599539103925
"3GCR-Ec","WetDays",2,125.776908023483,0.00533408401330755,0.257740268755817
"3GCR-Ec","WetDays",2,126.38747553816,0.00537073573884103,0.259511261782135
"3GCR-Ec","WetDays",2,126.998043052838,0.00540816721588756,0.261319932011144
"3GCR-Ec","WetDays",2,127.608610567515,0.00544614994525294,0.263155238476188
"3GCR-Ec","WetDays",2,128.219178082192,0.00548469823299247,0.265017872438697
"3GCR-Ec","WetDays",2,128.829745596869,0.00552382998443538,0.266908699075214
"3GCR-Ec","WetDays",2,129.440313111546,0.00556388170916931,0.268843978360524
"3GCR-Ec","WetDays",2,130.050880626223,0.00560460498817344,0.270811706811924
"3GCR-Ec","WetDays",2,130.6614481409,0.00564603203671228,0.272813441054865
"3GCR-Ec","WetDays",2,131.272015655577,0.00568819532274339,0.274850749924799
"3GCR-Ec","WetDays",2,131.882583170254,0.00573154905902715,0.276945580754885
"3GCR-Ec","WetDays",2,132.493150684931,0.0057758114834741,0.279084318942038
"3GCR-Ec","WetDays",2,133.103718199609,0.00582101622973383,0.281268589647365
"3GCR-Ec","WetDays",2,133.714285714286,0.00586721104334434,0.283500699911356
"3GCR-Ec","WetDays",2,134.324853228963,0.00591497881440116,0.285808814691577
"3GCR-Ec","WetDays",2,134.93542074364,0.00596398446061296,0.288176742979483
"3GCR-Ec","WetDays",2,135.545988258317,0.00601423923808363,0.290605028664381
"3GCR-Ec","WetDays",2,136.156555772994,0.0060657977035049,0.293096307898297
"3GCR-Ec","WetDays",2,136.767123287671,0.00611935720910098,0.295684276391542
"3GCR-Ec","WetDays",2,137.377690802348,0.0061745172614985,0.298349582504841
"3GCR-Ec","WetDays",2,137.988258317025,0.0062312386814225,0.301090333115246
"3GCR-Ec","WetDays",2,138.598825831703,0.00628956984337867,0.30390886565465
"3GCR-Ec","WetDays",2,139.20939334638,0.00635027080655374,0.306841905802395
"3GCR-Ec","WetDays",2,139.819960861057,0.00641288444536001,0.309867365478968
"3GCR-Ec","WetDays",2,140.430528375734,0.00647729439935605,0.312979622206096
"3GCR-Ec","WetDays",2,141.041095890411,0.00654352783227699,0.316179988521864
"3GCR-Ec","WetDays",2,141.651663405088,0.00661232539710535,0.319504252407541
"3GCR-Ec","WetDays",2,142.262230919765,0.00668319871247437,0.322928815520019
"3GCR-Ec","WetDays",2,142.872798434442,0.00675593993365462,0.326443634906037
"3GCR-Ec","WetDays",2,143.483365949119,0.00683054115830018,0.330048328728198
"3GCR-Ec","WetDays",2,144.093933463796,0.00690762629403011,0.333773043890266
"3GCR-Ec","WetDays",2,144.704500978474,0.00698670795932022,0.337594230361023
"3GCR-Ec","WetDays",2,145.315068493151,0.00706749524762901,0.34149783168204
"3GCR-Ec","WetDays",2,145.925636007828,0.00714993575222286,0.345481315586188
"3GCR-Ec","WetDays",2,146.536203522505,0.00723444368748778,0.349564696705203
"3GCR-Ec","WetDays",2,147.146771037182,0.00732055986162486,0.353725787121278
"3GCR-Ec","WetDays",2,147.757338551859,0.00740794766310654,0.357948321933942
"3GCR-Ec","WetDays",2,148.367906066536,0.0074965076748186,0.362227497358015
"3GCR-Ec","WetDays",2,148.978473581213,0.00758637529069292,0.366569855560493
"3GCR-Ec","WetDays",2,149.58904109589,0.00767713120169403,0.370955135738729
"3GCR-Ec","WetDays",2,150.199608610568,0.00776845902417089,0.375368050393119
"3GCR-Ec","WetDays",2,150.810176125245,0.00786021787540064,0.379801792141033
"3GCR-Ec","WetDays",2,151.420743639922,0.00795223352618655,0.384247942314921
"3GCR-Ec","WetDays",2,152.031311154599,0.00804411699146733,0.388687705351386
"3GCR-Ec","WetDays",2,152.641878669276,0.0081356588053715,0.393110959964398
"3GCR-Ec","WetDays",2,153.252446183953,0.0082266895679227,0.397509520831917
"3GCR-Ec","WetDays",2,153.86301369863,0.00831673901891216,0.401860665216114
"3GCR-Ec","WetDays",2,154.473581213307,0.00840541826784118,0.406145602122808
"3GCR-Ec","WetDays",2,155.084148727984,0.00849271814219074,0.410363888340474
"3GCR-Ec","WetDays",2,155.694716242661,0.00857845875362212,0.414506831754653
"3GCR-Ec","WetDays",2,156.305283757339,0.0086619282005481,0.4185400336371
"3GCR-Ec","WetDays",2,156.915851272016,0.00874269340966531,0.422442568102634
"3GCR-Ec","WetDays",2,157.526418786693,0.0088210284073688,0.426227675969461
"3GCR-Ec","WetDays",2,158.13698630137,0.00889676250385182,0.429887109591581
"3GCR-Ec","WetDays",2,158.747553816047,0.00896902550030899,0.433378821398426
"3GCR-Ec","WetDays",2,159.358121330724,0.00903729242492092,0.436677445014537
"3GCR-Ec","WetDays",2,159.968688845401,0.00910217695807415,0.43981263316892
"3GCR-Ec","WetDays",2,160.579256360078,0.00916353534477974,0.44277743969249
"3GCR-Ec","WetDays",2,161.189823874755,0.00922043487641729,0.445526796571713
"3GCR-Ec","WetDays",2,161.800391389432,0.00927221909888286,0.448028984272973
"3GCR-Ec","WetDays",2,162.41095890411,0.00931986053533573,0.450330994628386
"3GCR-Ec","WetDays",2,163.021526418787,0.00936325531112647,0.452427808466901
"3GCR-Ec","WetDays",2,163.632093933464,0.00940149974665022,0.454275760442482
"3GCR-Ec","WetDays",2,164.242661448141,0.00943378406123016,0.455835722358281
"3GCR-Ec","WetDays",2,164.853228962818,0.00946141826432098,0.457170993215229
"3GCR-Ec","WetDays",2,165.463796477495,0.00948434510773744,0.458278806809679
"3GCR-Ec","WetDays",2,166.074363992172,0.00950176424260561,0.459120490684776
"3GCR-Ec","WetDays",2,166.684931506849,0.00951271419639644,0.459649586969325
"3GCR-Ec","WetDays",2,167.295499021526,0.00951878481704687,0.459942916319604
"3GCR-Ec","WetDays",2,167.906066536204,0.00951996619684636,0.46
"3GCR-Ec","WetDays",2,168.516634050881,0.0095156112077731,0.459789569108516
"3GCR-Ec","WetDays",2,169.127201565558,0.00950463316421032,0.459259115540251
"3GCR-Ec","WetDays",2,169.737769080235,0.00948881740573481,0.458494906009639
"3GCR-Ec","WetDays",2,170.348336594912,0.00946819739866751,0.457498557592551
"3GCR-Ec","WetDays",2,170.958904109589,0.00944230332735022,0.456247369031619
"3GCR-Ec","WetDays",2,171.569471624266,0.00940997223608918,0.454685146890011
"3GCR-Ec","WetDays",2,172.180039138943,0.00937308551885115,0.452902799182188
"3GCR-Ec","WetDays",2,172.79060665362,0.00933171318119975,0.450903708541935
"3GCR-Ec","WetDays",2,173.401174168297,0.00928556376864267,0.448673792034113
"3GCR-Ec","WetDays",2,174.011741682975,0.00923346442002856,0.446156377595138
"3GCR-Ec","WetDays",2,174.622309197652,0.00917728868167309,0.443441994044903
"3GCR-Ec","WetDays",2,175.232876712329,0.00911713494268817,0.440535395496031
"3GCR-Ec","WetDays",2,175.843444227006,0.00905287282248909,0.437430282023951
"3GCR-Ec","WetDays",2,176.454011741683,0.0089833964973021,0.434073220777599
"3GCR-Ec","WetDays",2,177.06457925636,0.00891047141604109,0.430549517364537
"3GCR-Ec","WetDays",2,177.675146771037,0.00883421573642042,0.426864881106361
"3GCR-Ec","WetDays",2,178.285714285714,0.00875462950350429,0.423019314180551
"3GCR-Ec","WetDays",2,178.896281800391,0.00867075318766246,0.418966452595809
"3GCR-Ec","WetDays",2,179.506849315068,0.00858415341196844,0.414781994794641
"3GCR-Ec","WetDays",2,180.117416829746,0.00849495922770494,0.410472176470412
"3GCR-Ec","WetDays",2,180.727984344423,0.0084032617124041,0.406041398443872
"3GCR-Ec","WetDays",2,181.3385518591,0.00830831969328503,0.401453847617353
"3GCR-Ec","WetDays",2,181.949119373777,0.0082114247884895,0.396771934332755
"3GCR-Ec","WetDays",2,182.559686888454,0.00811270773205179,0.392001975593155
"3GCR-Ec","WetDays",2,183.170254403131,0.00801229922393712,0.387150286755431
"3GCR-Ec","WetDays",2,183.780821917808,0.00790975455210781,0.382195379556589
"3GCR-Ec","WetDays",2,184.391389432485,0.00780601081853309,0.377182534294578
"3GCR-Ec","WetDays",2,185.001956947162,0.007701198848798,0.372118072396161
"3GCR-Ec","WetDays",2,185.61252446184,0.00759544145538935,0.36700792809921
"3GCR-Ec","WetDays",2,186.223091976517,0.00748863230001343,0.361846963190617
"3GCR-Ec","WetDays",2,186.833659491194,0.00738131016513515,0.356661211369317
"3GCR-Ec","WetDays",2,187.444227005871,0.00727360175458192,0.351456794900811
"3GCR-Ec","WetDays",2,188.054794520548,0.00716561316444731,0.346238840295218
"3GCR-Ec","WetDays",2,188.665362035225,0.00705748787402647,0.341014280400241
"3GCR-Ec","WetDays",2,189.275929549902,0.00694945166443351,0.335794024846264
"3GCR-Ec","WetDays",2,189.886497064579,0.00684159218330214,0.330582308723063
"3GCR-Ec","WetDays",2,190.497064579256,0.00673399181408443,0.325383112757793
"3GCR-Ec","WetDays",2,191.107632093933,0.00662695012000683,0.320210911695566
"3GCR-Ec","WetDays",2,191.718199608611,0.0065204704619876,0.315065867934269
"3GCR-Ec","WetDays",2,192.328767123288,0.00641457914100861,0.309949252324176
"3GCR-Ec","WetDays",2,192.939334637965,0.00630933108270904,0.304863718844673
"3GCR-Ec","WetDays",2,193.549902152642,0.00620509557444309,0.299827111275812
"3GCR-Ec","WetDays",2,194.160469667319,0.00610173978342052,0.294833011203678
"3GCR-Ec","WetDays",2,194.771037181996,0.00599922197662854,0.289879402109989
"3GCR-Ec","WetDays",2,195.381604696673,0.00589757013309217,0.284967635927225
"3GCR-Ec","WetDays",2,195.99217221135,0.00579715570752153,0.280115661160991
"3GCR-Ec","WetDays",2,196.602739726027,0.00569778331436948,0.27531403687948
"3GCR-Ec","WetDays",2,197.213307240704,0.00559935146553569,0.270557859228498
"3GCR-Ec","WetDays",2,197.823874755382,0.0055018660672518,0.265847413594201
"3GCR-Ec","WetDays",2,198.434442270059,0.00540565935373912,0.261198753367814
"3GCR-Ec","WetDays",2,199.045009784736,0.00531052925725373,0.256602114737125
"3GCR-Ec","WetDays",2,199.655577299413,0.00521633322839194,0.252050609786322
"3GCR-Ec","WetDays",2,200.26614481409,0.00512306334480458,0.24754385571146
"3GCR-Ec","WetDays",2,200.876712328767,0.00503099873414097,0.243095339820795
"3GCR-Ec","WetDays",2,201.487279843444,0.0049399675929911,0.238696760659578
"3GCR-Ec","WetDays",2,202.097847358121,0.00484980796109681,0.234340292389227
"3GCR-Ec","WetDays",2,202.708414872798,0.00476050778545163,0.230025352614505
"3GCR-Ec","WetDays",2,203.318982387476,0.0046723017780478,0.225763282501357
"3GCR-Ec","WetDays",2,203.929549902153,0.0045850690678157,0.221548241620218
"3GCR-Ec","WetDays",2,204.54011741683,0.00449864465761594,0.217372257391927
"3GCR-Ec","WetDays",2,205.150684931507,0.00441302116405393,0.213234973054555
"3GCR-Ec","WetDays",2,205.761252446184,0.00432841058633486,0.209146632303549
"3GCR-Ec","WetDays",2,206.371819960861,0.00424475237579584,0.205104309457833
"3GCR-Ec","WetDays",2,206.982387475538,0.00416188318114339,0.201100111464698
"3GCR-Ec","WetDays",2,207.592954990215,0.00407980604638263,0.197134185408946
"3GCR-Ec","WetDays",2,208.203522504892,0.00399873367232719,0.193216808887394
"3GCR-Ec","WetDays",2,208.814090019569,0.00391866918050218,0.18934813273057
"3GCR-Ec","WetDays",2,209.424657534247,0.00383944144862498,0.18551988839546
"3GCR-Ec","WetDays",2,210.035225048924,0.00376106531609493,0.18173279291441
"3GCR-Ec","WetDays",2,210.645792563601,0.00368376952074157,0.177997898784815
"3GCR-Ec","WetDays",2,211.256360078278,0.00360762165346889,0.174318471965313
"3GCR-Ec","WetDays",2,211.866927592955,0.00353242192863553,0.170684858913745
"3GCR-Ec","WetDays",2,212.477495107632,0.00345819377835572,0.167098191858139
"3GCR-Ec","WetDays",2,213.088062622309,0.00338518354853983,0.163570374109539
"3GCR-Ec","WetDays",2,213.698630136986,0.0033135222250557,0.160107734839494
"3GCR-Ec","WetDays",2,214.309197651663,0.00324295611549478,0.156698015757847
"3GCR-Ec","WetDays",2,214.91976516634,0.00317351050614324,0.153342438685284
"3GCR-Ec","WetDays",2,215.530332681018,0.00310543679794135,0.150053151189364
"3GCR-Ec","WetDays",2,216.140900195695,0.00303892450345436,0.14683931042235
"3GCR-Ec","WetDays",2,216.751467710372,0.0029736460512981,0.143685088298975
"3GCR-Ec","WetDays",2,217.362035225049,0.00290962028058897,0.140591395115909
"3GCR-Ec","WetDays",2,217.972602739726,0.0028470815105836,0.13756955306231
"3GCR-Ec","WetDays",2,218.583170254403,0.00278626602423113,0.134630979211974
"3GCR-Ec","WetDays",2,219.19373776908,0.00272676686075999,0.131756009424184
"3GCR-Ec","WetDays",2,219.804305283757,0.00266858893242348,0.128944881056558
"3GCR-Ec","WetDays",2,220.414872798434,0.00261192535084324,0.126206925165964
"3GCR-Ec","WetDays",2,221.025440313112,0.00255703831318927,0.123554810988374
"3GCR-Ec","WetDays",2,221.636007827789,0.00250345617422392,0.120965748862059
"3GCR-Ec","WetDays",2,222.246575342466,0.00245116542063545,0.118439085830559
"3GCR-Ec","WetDays",2,222.857142857143,0.00240029985047986,0.115981286948949
"3GCR-Ec","WetDays",2,223.46771037182,0.00235111816232347,0.113604852402424
"3GCR-Ec","WetDays",2,224.078277886497,0.00230311910186185,0.11128556183397
"3GCR-Ec","WetDays",2,224.688845401174,0.00225627057001335,0.109021864232035
"3GCR-Ec","WetDays",2,225.299412915851,0.00221064079289715,0.106817056248535
"3GCR-Ec","WetDays",2,225.909980430528,0.0021664512085485,0.104681837658461
"3GCR-Ec","WetDays",2,226.520547945205,0.00212322035869097,0.102592944638962
"3GCR-Ec","WetDays",2,227.131115459883,0.00208090193300005,0.100548139498344
"3GCR-Ec","WetDays",2,227.74168297456,0.00203950605880269,0.0985479115839742
"3GCR-Ec","WetDays",2,228.352250489237,0.0019991861694047,0.0965996747163666
"3GCR-Ec","WetDays",2,228.962818003914,0.00195953335128316,0.0946836703988351
"3GCR-Ec","WetDays",2,229.573385518591,0.00192049498718156,0.0927973561918914
"3GCR-Ec","WetDays",2,230.183953033268,0.00188204183118097,0.0909393189473756
"3GCR-Ec","WetDays",2,230.794520547945,0.00184424025088995,0.0891127655149037
"3GCR-Ec","WetDays",2,231.405088062622,0.00180679686202828,0.0873035197129516
"3GCR-Ec","WetDays",2,232.015655577299,0.00176966226109174,0.0855091943889326
"3GCR-Ec","WetDays",2,232.626223091976,0.00173279195308642,0.0837276395670187
"3GCR-Ec","WetDays",2,233.236790606654,0.00169616518249615,0.0819578523510613
"3GCR-Ec","WetDays",2,233.847358121331,0.00165962569164643,0.0801922824484668
"3GCR-Ec","WetDays",2,234.457925636008,0.00162313614537649,0.0784291258429598
"3GCR-Ec","WetDays",2,235.068493150685,0.00158665909818176,0.0766665731865085
"3GCR-Ec","WetDays",2,235.679060665362,0.00155010906189637,0.0749004937337426
"3GCR-Ec","WetDays",2,236.289628180039,0.00151346029003935,0.0731296434275917
"3GCR-Ec","WetDays",2,236.900195694716,0.00147669367653607,0.0713530990720971
"3GCR-Ec","WetDays",2,237.510763209393,0.00143979040908748,0.0695699516663873
"3GCR-Ec","WetDays",2,238.12133072407,0.00140265097593243,0.0677753928519889
"3GCR-Ec","WetDays",2,238.731898238748,0.00136533746313932,0.0659724225966414
"3GCR-Ec","WetDays",2,239.342465753425,0.00132785381531178,0.0641612315016161
"3GCR-Ec","WetDays",2,239.953033268102,0.00129020165145036,0.0623418977962095
"3GCR-Ec","WetDays",2,240.563600782779,0.00125232592591163,0.0605117617024923
"3GCR-Ec","WetDays",2,241.174168297456,0.00121431790990459,0.0586752333995842
"3GCR-Ec","WetDays",2,241.784735812133,0.0011762034543921,0.0568335619930666
"3GCR-Ec","WetDays",2,242.39530332681,0.00113800258470135,0.0549877150967231
"3GCR-Ec","WetDays",2,243.005870841487,0.00109974255581829,0.053139009657828
"3GCR-Ec","WetDays",2,243.616438356164,0.00106149855793724,0.0512910788289232
"3GCR-Ec","WetDays",2,244.227005870841,0.00102330619868541,0.0494456431527269
"3GCR-Ec","WetDays",2,244.837573385519,0.000985198563827214,0.0476043013168099
"3GCR-Ec","WetDays",2,245.448140900196,0.000947299196122178,0.0457730228454544
"3GCR-Ec","WetDays",2,246.058708414873,0.000909640383776269,0.0439533678886063
"3GCR-Ec","WetDays",2,246.66927592955,0.00087224869778951,0.0421466203436825
"3GCR-Ec","WetDays",2,247.279843444227,0.00083516310848736,0.040354663237297
"3GCR-Ec","WetDays",2,247.890410958904,0.000798595321724231,0.0385877260903341
"3GCR-Ec","WetDays",2,248.500978473581,0.00076252694425465,0.0368449201503819
"3GCR-Ec","WetDays",2,249.111545988258,0.000726955614113138,0.0351261312884513
"3GCR-Ec","WetDays",2,249.722113502935,0.000691918880496234,0.0334331738629181
"3GCR-Ec","WetDays",2,250.332681017613,0.000657692476181884,0.0317793711435538
"3GCR-Ec","WetDays",2,250.94324853229,0.000624214806378254,0.0301617469008573
"3GCR-Ec","WetDays",2,251.553816046967,0.000591438894266452,0.028578031238461
"3GCR-Ec","WetDays",2,252.164383561644,0.000559394893928761,0.0270296811865227
"3GCR-Ec","WetDays",2,252.774951076321,0.000528390562567186,0.0255315674189498
"3GCR-Ec","WetDays",2,253.385518590998,0.000498337641837641,0.0240794253367468
"3GCR-Ec","WetDays",2,253.996086105675,0.000469136749113619,0.0226684528211616
"3GCR-Ec","WetDays",2,254.606653620352,0.000440806915809682,0.0212995694606169
"3GCR-Ec","WetDays",2,255.217221135029,0.000413655924136895,0.0199876471374453
"3GCR-Ec","WetDays",2,255.827788649706,0.000387587943477362,0.0187280553641722
"3GCR-Ec","WetDays",2,256.438356164384,0.000362452587057104,0.0175135275271775
"3GCR-Ec","WetDays",2,257.048923679061,0.000338256542906982,0.0163443867887636
"3GCR-Ec","WetDays",2,257.659491193738,0.000315281518859005,0.0152342451303226
"3GCR-Ec","WetDays",2,258.270058708415,0.000293440592256108,0.0141789024925871
"3GCR-Ec","WetDays",2,258.880626223092,0.000272541941252802,0.013169090140028
"3GCR-Ec","WetDays",2,259.491193737769,0.000252580884021326,0.012204581849072
"3GCR-Ec","WetDays",2,260.101761252446,0.000233795999579697,0.0112969056384136
"3GCR-Ec","WetDays",2,260.712328767123,0.000216120162351416,0.0104428180338061
"3GCR-Ec","WetDays",2,261.3228962818,0.000199335164007537,0.00963177531805125
"3GCR-Ec","WetDays",2,261.933463796477,0.000183427440032605,0.00886312206055412
"3GCR-Ec","WetDays",2,262.544031311155,0.000168584917780078,0.0081459388169388
"3GCR-Ec","WetDays",2,263.154598825832,0.000154764810068401,0.00747815813201607
"3GCR-Ec","WetDays",2,263.765166340509,0.000141739661362903,0.00684878946823719
"3GCR-Ec","WetDays",2,264.375733855186,0.00012949021993269,0.00625690259160471
"3GCR-Ec","WetDays",2,264.986301369863,0.000118154289828746,0.00570915612486393
"3GCR-Ec","WetDays",2,265.59686888454,0.00010771254746845,0.00520461636217791
"3GCR-Ec","WetDays",2,266.207436399217,9.79443556186693e-05,0.00473262222291429
"3GCR-Ec","WetDays",2,266.818003913894,8.88279565059397e-05,0.00429212238235343
"3GCR-Ec","WetDays",2,267.428571428571,8.04570942550894e-05,0.00388764650966947
"3GCR-Ec","WetDays",2,268.039138943249,7.28314538319857e-05,0.00351917938257088
"3GCR-Ec","WetDays",2,268.649706457926,6.5749916152291e-05,0.00317700302760245
"3GCR-Ec","WetDays",2,269.260273972603,5.91908729510746e-05,0.00286007334422195
"3GCR-Ec","WetDays",2,269.87084148728,5.32129163851248e-05,0.00257122147610841
"3GCR-Ec","WetDays",2,270.481409001957,4.78287021857724e-05,0.002311058941863
"3GCR-Ec","WetDays",2,271.091976516634,4.28648176584333e-05,0.0020712065269109
"3GCR-Ec","WetDays",2,271.702544031311,3.83016749089705e-05,0.00185071775401502
"3GCR-Ec","WetDays",2,272.313111545988,3.41722061547676e-05,0.00165118389143024
"3GCR-Ec","WetDays",2,272.923679060665,3.04960567121739e-05,0.00147355419100617
"3GCR-Ec","WetDays",2,273.534246575342,2.71311296605495e-05,0.00131096260068519
"3GCR-Ec","WetDays",2,274.14481409002,2.406090796427e-05,0.00116261102557598
"3GCR-Ec","WetDays",2,274.755381604697,2.13012013740737e-05,0.0010292633849183
"3GCR-Ec","WetDays",2,275.365949119374,1.88737593760825e-05,0.000911970602991635
"3GCR-Ec","WetDays",2,275.976516634051,1.66675517780182e-05,0.000805367756497729
"3GCR-Ec","WetDays",2,276.587084148728,1.46694817847902e-05,0.000708822014855353
"3GCR-Ec","WetDays",2,277.197651663405,1.28850285097072e-05,0.000622598126076199
"3GCR-Ec","WetDays",2,277.808219178082,1.13346894068947e-05,0.00054768651688057
"3GCR-Ec","WetDays",2,278.418786692759,9.93552688362768e-06,0.000480079684314713
"3GCR-Ec","WetDays",2,279.029354207436,8.67770897099816e-06,0.00041930255256384
"3GCR-Ec","WetDays",2,279.639921722114,7.56124249285634e-06,0.00036535545135298
"3GCR-Ec","WetDays",2,280.250489236791,6.60351454447578e-06,0.00031907851642006
"3GCR-Ec","WetDays",2,280.861056751468,5.74518489978346e-06,0.000277604457752787
"3GCR-Ec","WetDays",2,281.471624266145,4.97923380486052e-06,0.00024059408435658
"3GCR-Ec","WetDays",2,282.082191780822,4.30332308079886e-06,0.000207934416597322
"3GCR-Ec","WetDays",2,282.692759295499,3.73106628313129e-06,0.000180283254662075
"3GCR-Ec","WetDays",2,283.303326810176,3.22173746073043e-06,0.000155672740983779
"3GCR-Ec","WetDays",2,283.913894324853,2.77055508788511e-06,0.000133871834634175
"3GCR-Ec","WetDays",2,284.52446183953,2.37462032232283e-06,0.0001147404650061
"3GCR-Ec","WetDays",2,285.135029354207,2.04390707697642e-06,9.87605665785459e-05
"3GCR-Ec","WetDays",2,285.745596868885,1.75157385466701e-06,8.4635171647325e-05
"3GCR-Ec","WetDays",2,286.356164383562,1.49450652024431e-06,7.22138067612174e-05
"3GCR-Ec","WetDays",2,286.966731898239,1.27010728057648e-06,6.13709478568026e-05
"3GCR-Ec","WetDays",2,287.577299412916,1.08527064145537e-06,5.24397340018756e-05
"3GCR-Ec","WetDays",2,288.187866927593,9.22993335547265e-07,4.45985758323795e-05
"3GCR-Ec","WetDays",2,288.79843444227,7.81333003447095e-07,3.77536195143975e-05
"3GCR-Ec","WetDays",2,289.409001956947,6.58361776541104e-07,3.18117114017937e-05
"3GCR-Ec","WetDays",2,290.019569471624,5.58396787515811e-07,2.69814531843992e-05
"3GCR-Ec","WetDays",2,290.630136986301,4.71282362669088e-07,2.27721277938566e-05
"3GCR-Ec","WetDays",2,291.240704500978,3.95788985578335e-07,1.91243256122428e-05
"3GCR-Ec","WetDays",2,291.851272015656,3.30763222050902e-07,1.59823132768914e-05
"3GCR-Ec","WetDays",2,292.461839530333,2.7832771856911e-07,1.34486560030227e-05
"3GCR-Ec","WetDays",2,293.07240704501,2.33108857334675e-07,1.12637032691852e-05
"3GCR-Ec","WetDays",2,293.682974559687,1.94206708559902e-07,9.38397091863083e-06
"3GCR-Ec","WetDays",2,294.293542074364,1.60958755600011e-07,7.77744647880499e-06
"3GCR-Ec","WetDays",2,294.904109589041,1.34357418685194e-07,6.49208319832723e-06
"3GCR-Ec","WetDays",2,295.514677103718,1.11664782415605e-07,5.39558637594679e-06
"3GCR-Ec","WetDays",2,296.125244618395,9.22835282579143e-08,4.45909387920968e-06
"3GCR-Ec","WetDays",2,296.735812133072,7.58480803365838e-08,3.66494126485307e-06
"3GCR-Ec","WetDays",2,297.346379647749,6.27977807641901e-08,3.03435732377881e-06
"3GCR-Ec","WetDays",2,297.956947162427,5.17894738767956e-08,2.50244144682129e-06
"3GCR-Ec","WetDays",2,298.567514677104,4.24554355397948e-08,2.05142538791525e-06
"3GCR-Ec","WetDays",2,299.178082191781,3.46017779856312e-08,1.67194058721165e-06
"3GCR-Ec","WetDays",2,299.788649706458,2.84114654788102e-08,1.37282778636148e-06
"3GCR-Ec","WetDays",2,300.399217221135,2.32501731309885e-08,1.12343672436543e-06
"3GCR-Ec","WetDays",2,301.009784735812,1.89053643252357e-08,9.13497738310171e-07
"3GCR-Ec","WetDays",2,301.620352250489,1.52781664181927e-08,7.38233351573955e-07
"3GCR-Ec","WetDays",2,302.230919765166,1.24394967423281e-08,6.01070254153474e-07
"3GCR-Ec","WetDays",2,302.841487279843,1.0101036942867e-08,4.88077047506541e-07
"3GCR-Ec","WetDays",2,303.452054794521,8.14661395501351e-09,3.93640307309874e-07
"3GCR-Ec","WetDays",2,304.062622309198,6.52773534140214e-09,3.15416903270066e-07
"3GCR-Ec","WetDays",2,304.673189823875,5.26949774270908e-09,2.5461949249874e-07
"3GCR-Ec","WetDays",2,305.283757338552,4.2458130321687e-09,2.05155559842701e-07
"3GCR-Ec","WetDays",2,305.894324853229,3.39634470241906e-09,1.64109675476612e-07
"3GCR-Ec","WetDays",2,306.504892367906,2.69821403520329e-09,1.30376351189637e-07
"3GCR-Ec","WetDays",2,307.115459882583,2.15920948840307e-09,1.04331921366952e-07
"3GCR-Ec","WetDays",2,307.72602739726,1.72629733798785e-09,8.34138230172992e-08
"3GCR-Ec","WetDays",2,308.336594911937,1.36960659330179e-09,6.61787048285451e-08
"3GCR-Ec","WetDays",2,308.947162426614,1.07875210980323e-09,5.21247618162624e-08
"3GCR-Ec","WetDays",2,309.557729941292,8.55630081430622e-10,4.13436171221353e-08
"3GCR-Ec","WetDays",2,310.168297455969,6.78796527913598e-10,3.27991083564658e-08
"3GCR-Ec","WetDays",2,310.778864970646,5.34122774054568e-10,2.58085450079111e-08
"3GCR-Ec","WetDays",2,311.389432485323,4.17072944947412e-10,2.01527558721127e-08
"3GCR-Ec","WetDays",2,312,3.27834223175143e-10,1.58407855177597e-08
"3GCR-Kp","Temperature",3,-7.4858809374325,7.61543352622715e-06,3.32660565233616e-05
"3GCR-Kp","Temperature",3,-7.40765831145429,9.08821755814503e-06,3.96995335780496e-05
"3GCR-Kp","Temperature",3,-7.32943568547608,1.07899213810192e-05,4.71329876765973e-05
"3GCR-Kp","Temperature",3,-7.25121305949787,1.27455703097077e-05,5.56757354502535e-05
"3GCR-Kp","Temperature",3,-7.17299043351967,1.50586314134652e-05,6.57797460958181e-05
"3GCR-Kp","Temperature",3,-7.09476780754146,1.7763512980922e-05,7.75953233445887e-05
"3GCR-Kp","Temperature",3,-7.01654518156325,2.08525132477708e-05,9.10888240263e-05
"3GCR-Kp","Temperature",3,-6.93832255558504,2.43627235940076e-05,0.000106422272264624
"3GCR-Kp","Temperature",3,-6.86009992960683,2.83327266650236e-05,0.000123764206391356
"3GCR-Kp","Temperature",3,-6.78187730362862,3.30124676057269e-05,0.000144206447284403
"3GCR-Kp","Temperature",3,-6.70365467765041,3.83055167884827e-05,0.000167327766994973
"3GCR-Kp","Temperature",3,-6.6254320516722,4.42483725578479e-05,0.000193287599124429
"3GCR-Kp","Temperature",3,-6.54720942569399,5.08915110517254e-05,0.000222306435657998
"3GCR-Kp","Temperature",3,-6.46898679971578,5.8371428755524e-05,0.000254980526275125
"3GCR-Kp","Temperature",3,-6.39076417373757,6.69327849007249e-05,0.000292378601704717
"3GCR-Kp","Temperature",3,-6.31254154775936,7.64238888671901e-05,0.000333838040609957
"3GCR-Kp","Temperature",3,-6.23431892178115,8.69022219780389e-05,0.000379609935320303
"3GCR-Kp","Temperature",3,-6.15609629580294,9.84254556827321e-05,0.00042994620868308
"3GCR-Kp","Temperature",3,-6.07787366982473,0.000111323717913759,0.000486288939396016
"3GCR-Kp","Temperature",3,-5.99965104384652,0.000125618847159674,0.000548733523261874
"3GCR-Kp","Temperature",3,-5.92142841786831,0.000141195363286132,0.000616775515108469
"3GCR-Kp","Temperature",3,-5.84320579189011,0.000158105169145858,0.000690641639156615
"3GCR-Kp","Temperature",3,-5.7649831659119,0.000176398588779224,0.000770551722992721
"3GCR-Kp","Temperature",3,-5.68676053993369,0.000196652434416794,0.000859025422024359
"3GCR-Kp","Temperature",3,-5.60853791395548,0.000218461687811804,0.000954293518538114
"3GCR-Kp","Temperature",3,-5.53031528797727,0.000241817210144908,0.00105631609195956
"3GCR-Kp","Temperature",3,-5.45209266199906,0.000266744178153338,0.00116520312036952
"3GCR-Kp","Temperature",3,-5.37387003602085,0.000293420871024952,0.00128173337040286
"3GCR-Kp","Temperature",3,-5.29564741004264,0.000322148667636958,0.00140722333792675
"3GCR-Kp","Temperature",3,-5.21742478406443,0.00035247443867821,0.00153969364445605
"3GCR-Kp","Temperature",3,-5.13920215808622,0.000384380147604864,0.00167906550200253
"3GCR-Kp","Temperature",3,-5.06097953210801,0.000417841624142891,0.00182523332896019
"3GCR-Kp","Temperature",3,-4.9827569061298,0.000453144410814853,0.00197944444416685
"3GCR-Kp","Temperature",3,-4.90453428015159,0.000490087397439187,0.0021408203496822
"3GCR-Kp","Temperature",3,-4.82631165417338,0.000528366492729714,0.00230803270118029
"3GCR-Kp","Temperature",3,-4.74808902819517,0.000567900995078723,0.00248072897450941
"3GCR-Kp","Temperature",3,-4.66986640221696,0.000608603347737758,0.00265852670060421
"3GCR-Kp","Temperature",3,-4.59164377623876,0.000650661041589085,0.00284224488500987
"3GCR-Kp","Temperature",3,-4.51342115026055,0.00069355746084144,0.00302962682493281
"3GCR-Kp","Temperature",3,-4.43519852428234,0.000737128455064828,0.00321995547157158
"3GCR-Kp","Temperature",3,-4.35697589830413,0.000781233455247909,0.00341261678546793
"3GCR-Kp","Temperature",3,-4.27875327232592,0.000825736672592913,0.00360701760829328
"3GCR-Kp","Temperature",3,-4.20053064634771,0.000870379324164191,0.0038020275135611
"3GCR-Kp","Temperature",3,-4.1223080203695,0.00091488821003192,0.00399645309786545
"3GCR-Kp","Temperature",3,-4.04408539439129,0.000959090526596349,0.0041895395132654
"3GCR-Kp","Temperature",3,-3.96586276841308,0.00100281190558874,0.00438052507696722
"3GCR-Kp","Temperature",3,-3.88764014243487,0.00104565588259154,0.00456767793645347
"3GCR-Kp","Temperature",3,-3.80941751645666,0.0010873445596828,0.00474978416635173
"3GCR-Kp","Temperature",3,-3.73119489047845,0.00112781915702429,0.00492658700210428
"3GCR-Kp","Temperature",3,-3.65297226450024,0.00116691356208119,0.00509736082396108
"3GCR-Kp","Temperature",3,-3.57474963852203,0.00120446507334827,0.00526139491237458
"3GCR-Kp","Temperature",3,-3.49652701254382,0.00123962745920078,0.00541499272282588
"3GCR-Kp","Temperature",3,-3.41830438656561,0.00127273325080906,0.0055596068319372
"3GCR-Kp","Temperature",3,-3.34008176058741,0.00130372123545295,0.00569496984773378
"3GCR-Kp","Temperature",3,-3.2618591346092,0.00133248464556129,0.0058206153836279
"3GCR-Kp","Temperature",3,-3.18363650863099,0.00135869706761155,0.0059351175863633
"3GCR-Kp","Temperature",3,-3.10541388265278,0.00138177914007357,0.00603594566457494
"3GCR-Kp","Temperature",3,-3.02719125667457,0.00140235974785902,0.00612584673974262
"3GCR-Kp","Temperature",3,-2.94896863069636,0.00142042495540136,0.00620475993793942
"3GCR-Kp","Temperature",3,-2.87074600471815,0.00143597377491346,0.00627268094427212
"3GCR-Kp","Temperature",3,-2.79252337873994,0.00144849772071866,0.00632738857025511
"3GCR-Kp","Temperature",3,-2.71430075276173,0.00145825550054058,0.00637001291383066
"3GCR-Kp","Temperature",3,-2.63607812678352,0.0014657413951508,0.00640271311302139
"3GCR-Kp","Temperature",3,-2.55785550080531,0.00147107440807649,0.00642600900403206
"3GCR-Kp","Temperature",3,-2.4796328748271,0.00147438843836276,0.00644048549029425
"3GCR-Kp","Temperature",3,-2.40141024884889,0.00147534530664089,0.00644466532248847
"3GCR-Kp","Temperature",3,-2.32318762287068,0.00147483013521456,0.00644241492903041
"3GCR-Kp","Temperature",3,-2.24496499689247,0.00147314779090645,0.00643506604197721
"3GCR-Kp","Temperature",3,-2.16674237091426,0.00147056011249435,0.00642376243647336
"3GCR-Kp","Temperature",3,-2.08851974493605,0.00146733730024583,0.00640968441267419
"3GCR-Kp","Temperature",3,-2.01029711895785,0.00146402119836795,0.00639519887719853
"3GCR-Kp","Temperature",3,-1.93207449297964,0.00146114657847404,0.00638264184186432
"3GCR-Kp","Temperature",3,-1.85385186700143,0.0014590962707934,0.00637368560175541
"3GCR-Kp","Temperature",3,-1.77562924102322,0.00145826636432191,0.00637006036945644
"3GCR-Kp","Temperature",3,-1.69740661504501,0.00145960671244583,0.00637591533441645
"3GCR-Kp","Temperature",3,-1.6191839890668,0.0014638537625453,0.00639446747700691
"3GCR-Kp","Temperature",3,-1.54096136308859,0.00147121089589886,0.00642660521586925
"3GCR-Kp","Temperature",3,-1.46273873711038,0.00148217634170409,0.00647450493670646
"3GCR-Kp","Temperature",3,-1.38451611113217,0.00149725911458417,0.0065403901385705
"3GCR-Kp","Temperature",3,-1.30629348515396,0.00151895889052081,0.00663518001105333
"3GCR-Kp","Temperature",3,-1.22807085917575,0.00154669146588887,0.00675632261134719
"3GCR-Kp","Temperature",3,-1.14984823319754,0.00158086089593695,0.00690558295055651
"3GCR-Kp","Temperature",3,-1.07162560721933,0.00162205173560752,0.00708551450612806
"3GCR-Kp","Temperature",3,-0.993402981241124,0.00167162901581445,0.00730208006342147
"3GCR-Kp","Temperature",3,-0.915180355262914,0.00173235987233015,0.0075673671411178
"3GCR-Kp","Temperature",3,-0.836957729284705,0.00180267211931322,0.007874508051004
"3GCR-Kp","Temperature",3,-0.758735103306496,0.0018831951012345,0.00822625192202561
"3GCR-Kp","Temperature",3,-0.680512477328286,0.00197456065213146,0.00862535875815766
"3GCR-Kp","Temperature",3,-0.602289851350077,0.0020801150903898,0.00908644608789411
"3GCR-Kp","Temperature",3,-0.524067225371867,0.00220043327643254,0.00961202504067492
"3GCR-Kp","Temperature",3,-0.445844599393658,0.00233425659617453,0.0101965976856004
"3GCR-Kp","Temperature",3,-0.367621973415448,0.00248220869497287,0.0108428882565082
"3GCR-Kp","Temperature",3,-0.289399347437239,0.0026449084370078,0.0115536001018983
"3GCR-Kp","Temperature",3,-0.211176721459029,0.00282857251366899,0.0123558892341559
"3GCR-Kp","Temperature",3,-0.13295409548082,0.00302945138633322,0.013233376761213
"3GCR-Kp","Temperature",3,-0.0547314695026104,0.00324750021644266,0.0141858668173986
"3GCR-Kp","Temperature",3,0.0234911564755986,0.00348323957732216,0.0152156333929705
"3GCR-Kp","Temperature",3,0.101713782453808,0.00373882151412956,0.0163320771419579
"3GCR-Kp","Temperature",3,0.179936408432018,0.00401881855536883,0.0175551719753854
"3GCR-Kp","Temperature",3,0.258159034410227,0.00431831506154451,0.0188634451903873
"3GCR-Kp","Temperature",3,0.336381660388437,0.00463760998296464,0.0202582026742526
"3GCR-Kp","Temperature",3,0.414604286366646,0.00497696525522155,0.0217405886250353
"3GCR-Kp","Temperature",3,0.492826912344855,0.00534092374504359,0.0233304473839464
"3GCR-Kp","Temperature",3,0.571049538323065,0.00572866464408494,0.0250241934615015
"3GCR-Kp","Temperature",3,0.649272164301275,0.00613678017033499,0.0268069408412192
"3GCR-Kp","Temperature",3,0.727494790279483,0.00656512489140198,0.0286780542392186
"3GCR-Kp","Temperature",3,0.805717416257693,0.00701349504221937,0.0306366435603795
"3GCR-Kp","Temperature",3,0.883940042235903,0.0074878837114005,0.0327088880660499
"3GCR-Kp","Temperature",3,0.962162668214111,0.00798165600352739,0.0348658049274463
"3GCR-Kp","Temperature",3,1.04038529419232,0.00849332600918814,0.0371009033326781
"3GCR-Kp","Temperature",3,1.11860792017053,0.00902209840936791,0.0394107091358269
"3GCR-Kp","Temperature",3,1.19683054614874,0.00956831622953761,0.0417967207551595
"3GCR-Kp","Temperature",3,1.27505317212695,0.0101330170243231,0.0442634704803626
"3GCR-Kp","Temperature",3,1.35327579810516,0.0107101473231174,0.0467845152869272
"3GCR-Kp","Temperature",3,1.43149842408337,0.0112982384059756,0.0493534394507152
"3GCR-Kp","Temperature",3,1.50972105006158,0.0118957439198481,0.0519634881273989
"3GCR-Kp","Temperature",3,1.58794367603979,0.0125019100126775,0.0546113683087651
"3GCR-Kp","Temperature",3,1.666166302018,0.0131129483859978,0.057280531790373
"3GCR-Kp","Temperature",3,1.74438892799621,0.0137256018942168,0.0599567505720694
"3GCR-Kp","Temperature",3,1.82261155397441,0.0143377522775868,0.0626307715826726
"3GCR-Kp","Temperature",3,1.90083417995262,0.0149472282664454,0.0652931101908655
"3GCR-Kp","Temperature",3,1.97905680593083,0.0155484965297506,0.0679195954676297
"3GCR-Kp","Temperature",3,2.05727943190904,0.0161394463888569,0.0705010074578733
"3GCR-Kp","Temperature",3,2.13550205788725,0.0167179541086788,0.0730280691728128
"3GCR-Kp","Temperature",3,2.21372468386546,0.0172816473937487,0.0754904178517679
"3GCR-Kp","Temperature",3,2.29194730984367,0.017826402270393,0.0778700389797596
"3GCR-Kp","Temperature",3,2.37016993582188,0.0183437854057754,0.0801300937181522
"3GCR-Kp","Temperature",3,2.44839256180009,0.018836759565628,0.0822835241446321
"3GCR-Kp","Temperature",3,2.5266151877783,0.0193032654972517,0.0843213349450851
"3GCR-Kp","Temperature",3,2.60483781375651,0.0197413219397943,0.0862348714926576
"3GCR-Kp","Temperature",3,2.68306043973472,0.0201421123476693,0.0879856209826864
"3GCR-Kp","Temperature",3,2.76128306571293,0.0205039132517257,0.0895660548848528
"3GCR-Kp","Temperature",3,2.83950569169114,0.0208307364182896,0.0909936975652879
"3GCR-Kp","Temperature",3,2.91772831766935,0.0211215600071961,0.0922640853788736
"3GCR-Kp","Temperature",3,2.99595094364756,0.0213755054839977,0.0933733806745441
"3GCR-Kp","Temperature",3,3.07417356962577,0.0215793137219497,0.0942636643780639
"3GCR-Kp","Temperature",3,3.15239619560398,0.0217436410251477,0.0949814858044724
"3GCR-Kp","Temperature",3,3.23061882158218,0.0218705098097952,0.0955356793571571
"3GCR-Kp","Temperature",3,3.30884144756039,0.0219604786011374,0.0959286848095478
"3GCR-Kp","Temperature",3,3.3870640735386,0.02201155457618,0.096151797028557
"3GCR-Kp","Temperature",3,3.46528669951681,0.0220186520829448,0.0961828006556519
"3GCR-Kp","Temperature",3,3.54350932549502,0.0219942989296419,0.0960764201887348
"3GCR-Kp","Temperature",3,3.62173195147323,0.021940601023228,0.0958418547390069
"3GCR-Kp","Temperature",3,3.69995457745144,0.0218598358274155,0.0954890528190946
"3GCR-Kp","Temperature",3,3.77817720342965,0.0217505955072957,0.0950118646654299
"3GCR-Kp","Temperature",3,3.85639982940786,0.0216192594382917,0.0944381569336251
"3GCR-Kp","Temperature",3,3.93462245538607,0.0214732645331456,0.0938004158582174
"3GCR-Kp","Temperature",3,4.01284508136428,0.0213161349864368,0.0931140359739595
"3GCR-Kp","Temperature",3,4.09106770734249,0.0211515118511162,0.0923949222812501
"3GCR-Kp","Temperature",3,4.1692903333207,0.0209847796717921,0.0916665957739598
"3GCR-Kp","Temperature",3,4.24751295929891,0.0208231793153286,0.0909606863107891
"3GCR-Kp","Temperature",3,4.32573558527712,0.020670980946236,0.0902958470036688
"3GCR-Kp","Temperature",3,4.40395821125532,0.0205324026298917,0.0896905033829089
"3GCR-Kp","Temperature",3,4.48218083723353,0.0204136689679154,0.0891718460146938
"3GCR-Kp","Temperature",3,4.56040346321174,0.0203276073674282,0.0887959081174702
"3GCR-Kp","Temperature",3,4.63862608918995,0.020272916285999,0.0885570042389342
"3GCR-Kp","Temperature",3,4.71684871516816,0.0202536695541305,0.0884729298565603
"3GCR-Kp","Temperature",3,4.79507134114637,0.0202738739261688,0.0885611874429379
"3GCR-Kp","Temperature",3,4.87329396712458,0.0203476814768104,0.0888835966850433
"3GCR-Kp","Temperature",3,4.95151659310279,0.0204805547454773,0.0894640192769674
"3GCR-Kp","Temperature",3,5.029739219081,0.0206680796645005,0.0902831735029586
"3GCR-Kp","Temperature",3,5.10796184505921,0.0209133763272183,0.0913546886857592
"3GCR-Kp","Temperature",3,5.18618447103742,0.0212194294587823,0.0926916028271139
"3GCR-Kp","Temperature",3,5.26440709701563,0.0216114310991183,0.0944039608537133
"3GCR-Kp","Temperature",3,5.34262972299384,0.0220751046196046,0.0964293989968947
"3GCR-Kp","Temperature",3,5.42085234897205,0.0226091389405386,0.0987621901432455
"3GCR-Kp","Temperature",3,5.49907497495026,0.0232151631544937,0.101409450563355
"3GCR-Kp","Temperature",3,5.57729760092847,0.023900353006434,0.104402525647706
"3GCR-Kp","Temperature",3,5.65552022690668,0.0246830836104665,0.107821682341364
"3GCR-Kp","Temperature",3,5.73374285288488,0.0255417100123973,0.111572370246486
"3GCR-Kp","Temperature",3,5.81196547886309,0.0264763842830791,0.115655253645356
"3GCR-Kp","Temperature",3,5.8901881048413,0.0274870892090524,0.120070257345418
"3GCR-Kp","Temperature",3,5.96841073081951,0.0285885492396105,0.124881701304397
"3GCR-Kp","Temperature",3,6.04663335679772,0.0297774501994842,0.13007510840271
"3GCR-Kp","Temperature",3,6.12485598277593,0.0310393953957376,0.135587590401715
"3GCR-Kp","Temperature",3,6.20307860875414,0.0323730383053999,0.141413265363228
"3GCR-Kp","Temperature",3,6.28130123473235,0.033776891029561,0.147545633784748
"3GCR-Kp","Temperature",3,6.35952386071056,0.0352701292170263,0.154068459540627
"3GCR-Kp","Temperature",3,6.43774648668877,0.0368307177364679,0.160885487844881
"3GCR-Kp","Temperature",3,6.51596911266698,0.0384528694362321,0.167971439018636
"3GCR-Kp","Temperature",3,6.59419173864519,0.0401340883340631,0.175315410007389
"3GCR-Kp","Temperature",3,6.6724143646234,0.0418755900894847,0.182922711106121
"3GCR-Kp","Temperature",3,6.75063699060161,0.0436841772208128,0.190823057360997
"3GCR-Kp","Temperature",3,6.82885961657982,0.0455398245160939,0.198928973800245
"3GCR-Kp","Temperature",3,6.90708224255802,0.0474393295542372,0.207226471473577
"3GCR-Kp","Temperature",3,6.98530486853623,0.0493794256136192,0.215701280550419
"3GCR-Kp","Temperature",3,7.06352749451444,0.0513628270893082,0.224365258165292
"3GCR-Kp","Temperature",3,7.14175012049265,0.0533821438785166,0.233186122560869
"3GCR-Kp","Temperature",3,7.21997274647086,0.0554273298646808,0.242119989868911
"3GCR-Kp","Temperature",3,7.29819537244907,0.0574946836890512,0.251150691658696
"3GCR-Kp","Temperature",3,7.37641799842728,0.0595804638217604,0.260261884022341
"3GCR-Kp","Temperature",3,7.45464062440549,0.0616829475227916,0.269446041614562
"3GCR-Kp","Temperature",3,7.5328632503837,0.0637921603653687,0.27865959372546
"3GCR-Kp","Temperature",3,7.61108587636191,0.0659034708289385,0.287882308752462
"3GCR-Kp","Temperature",3,7.68930850234012,0.0680128892843011,0.297096759029764
"3GCR-Kp","Temperature",3,7.76753112831833,0.0701154806622473,0.306281386980806
"3GCR-Kp","Temperature",3,7.84575375429654,0.0722013231074215,0.315392851540378
"3GCR-Kp","Temperature",3,7.92397638027475,0.0742682553057582,0.324421711565618
"3GCR-Kp","Temperature",3,8.00219900625296,0.0763121913115437,0.333350118656879
"3GCR-Kp","Temperature",3,8.08042163223117,0.0783290474203692,0.342160234205076
"3GCR-Kp","Temperature",3,8.15864425820938,0.0803071130729343,0.350800903653313
"3GCR-Kp","Temperature",3,8.23686688418758,0.0822393252310527,0.359241273941587
"3GCR-Kp","Temperature",3,8.31508951016579,0.0841275085653818,0.367489315672887
"3GCR-Kp","Temperature",3,8.393312136144,0.0859677313378873,0.375527854064026
"3GCR-Kp","Temperature",3,8.47153476212221,0.0877560971733067,0.383339868804963
"3GCR-Kp","Temperature",3,8.54975738810042,0.0894684253001359,0.390819732434193
"3GCR-Kp","Temperature",3,8.62798001407863,0.0911138529666915,0.398007358663511
"3GCR-Kp","Temperature",3,8.70620264005684,0.0926920546841399,0.404901325678927
"3GCR-Kp","Temperature",3,8.78442526603505,0.0941996487001278,0.411486861167802
"3GCR-Kp","Temperature",3,8.86264789201326,0.0956278215511404,0.417725465788707
"3GCR-Kp","Temperature",3,8.94087051799147,0.0969527479044951,0.423513064722923
"3GCR-Kp","Temperature",3,9.01909314396968,0.0981944378674222,0.428937066961137
"3GCR-Kp","Temperature",3,9.09731576994789,0.0993503822515853,0.433986511761488
"3GCR-Kp","Temperature",3,9.1755383959261,0.100418197914951,0.438650988982874
"3GCR-Kp","Temperature",3,9.25376102190431,0.101377432192363,0.442841156434487
"3GCR-Kp","Temperature",3,9.33198364788251,0.102225842472251,0.446547217846299
"3GCR-Kp","Temperature",3,9.41020627386072,0.102978533698227,0.449835155267289
"3GCR-Kp","Temperature",3,9.48842889983893,0.10363431116912,0.452699749953639
"3GCR-Kp","Temperature",3,9.56665152581714,0.104192129674153,0.455136436171735
"3GCR-Kp","Temperature",3,9.64487415179535,0.10461943963328,0.457003029479177
"3GCR-Kp","Temperature",3,9.72309677777356,0.104941570294097,0.458410174158956
"3GCR-Kp","Temperature",3,9.80131940375177,0.105164217455199,0.45938275083768
"3GCR-Kp","Temperature",3,9.87954202972998,0.105287606377317,0.459921743508735
"3GCR-Kp","Temperature",3,9.95776465570819,0.105305521248194,0.46
"3GCR-Kp","Temperature",3,10.0359872816864,0.105195848447126,0.459520922664894
"3GCR-Kp","Temperature",3,10.1142099076646,0.104990180256368,0.458622514237424
"3GCR-Kp","Temperature",3,10.1924325336428,0.104689860219633,0.457310643641651
"3GCR-Kp","Temperature",3,10.270655159621,0.104296343913838,0.455591669189788
"3GCR-Kp","Temperature",3,10.3488777855992,0.103794333440639,0.453398765959887
"3GCR-Kp","Temperature",3,10.4271004115774,0.103188195231748,0.45075100758231
"3GCR-Kp","Temperature",3,10.5053230375557,0.102496764808645,0.447730672172945
"3GCR-Kp","Temperature",3,10.5835456635339,0.101722279331988,0.444347532190929
"3GCR-Kp","Temperature",3,10.6617682895121,0.100867048437007,0.440611676681849
"3GCR-Kp","Temperature",3,10.7399909154903,0.0999104294555586,0.436432933475888
"3GCR-Kp","Temperature",3,10.8182135414685,0.0988766144442878,0.43191697933077
"3GCR-Kp","Temperature",3,10.8964361674467,0.0977728565772221,0.427095497865866
"3GCR-Kp","Temperature",3,10.9746587934249,0.0966019119251596,0.421980528265372
"3GCR-Kp","Temperature",3,11.0528814194031,0.0953626923297786,0.416567317190411
"3GCR-Kp","Temperature",3,11.1311040453813,0.0940456097604899,0.410813981803135
"3GCR-Kp","Temperature",3,11.2093266713595,0.0926734957467359,0.404820255749215
"3GCR-Kp","Temperature",3,11.2875492973377,0.091249377796752,0.398599363917261
"3GCR-Kp","Temperature",3,11.365771923316,0.089776310059637,0.392164647569617
"3GCR-Kp","Temperature",3,11.4439945492942,0.0882498211419877,0.385496574577853
"3GCR-Kp","Temperature",3,11.5222171752724,0.0866761042010114,0.378622198151352
"3GCR-Kp","Temperature",3,11.6004398012506,0.0850667259821149,0.371592044633118
"3GCR-Kp","Temperature",3,11.6786624272288,0.0834249622351143,0.364420423291058
"3GCR-Kp","Temperature",3,11.756885053207,0.0817541150460606,0.357121758436125
"3GCR-Kp","Temperature",3,11.8351076791852,0.0800516920709797,0.349685162906708
"3GCR-Kp","Temperature",3,11.9133303051634,0.0783295796790698,0.342162559239883
"3GCR-Kp","Temperature",3,11.9915529311416,0.0765927351968448,0.334575602237501
"3GCR-Kp","Temperature",3,12.0697755571198,0.0748446691845903,0.326939626876419
"3GCR-Kp","Temperature",3,12.1479981830981,0.0730888123196773,0.319269619185594
"3GCR-Kp","Temperature",3,12.2262208090763,0.0713308435168382,0.311590386038834
"3GCR-Kp","Temperature",3,12.3044434350545,0.0695766527528427,0.303927656280001
"3GCR-Kp","Temperature",3,12.3826660610327,0.0678298350709919,0.29629713392821
"3GCR-Kp","Temperature",3,12.4608886870109,0.0660939765860845,0.288714484000716
"3GCR-Kp","Temperature",3,12.5391113129891,0.0643766329556263,0.281212711437918
"3GCR-Kp","Temperature",3,12.6173339389673,0.0626844572042435,0.27382087826137
"3GCR-Kp","Temperature",3,12.6955565649455,0.0610179022874113,0.266540963090199
"3GCR-Kp","Temperature",3,12.7737791909237,0.059380274582836,0.259387408982346
"3GCR-Kp","Temperature",3,12.8520018169019,0.0577748200843638,0.252374395224439
"3GCR-Kp","Temperature",3,12.9302244428801,0.0562176179602588,0.245572159514499
"3GCR-Kp","Temperature",3,13.0084470688584,0.0547043834210509,0.238961984855233
"3GCR-Kp","Temperature",3,13.0866696948366,0.0532353474936114,0.232544880427921
"3GCR-Kp","Temperature",3,13.1648923208148,0.051812935172334,0.226331439194906
"3GCR-Kp","Temperature",3,13.243114946793,0.050442632896258,0.220345627249592
"3GCR-Kp","Temperature",3,13.3213375727712,0.0491408737860862,0.214659228439907
"3GCR-Kp","Temperature",3,13.3995601987494,0.0478935800154657,0.209210747413607
"3GCR-Kp","Temperature",3,13.4777828247276,0.0467018986004603,0.204005194614429
"3GCR-Kp","Temperature",3,13.5560054507058,0.0455668017862031,0.19904681704439
"3GCR-Kp","Temperature",3,13.634228076684,0.0444997900936811,0.194385851762206
"3GCR-Kp","Temperature",3,13.7124507026622,0.0435015067585361,0.190025108576818
"3GCR-Kp","Temperature",3,13.7906733286405,0.0425606686114001,0.185915299873982
"3GCR-Kp","Temperature",3,13.8688959546187,0.0416766960639778,0.182053893871766
"3GCR-Kp","Temperature",3,13.9471185805969,0.0408488261949419,0.178437557945191
"3GCR-Kp","Temperature",3,14.0253412065751,0.0400921369048021,0.175132156012429
"3GCR-Kp","Temperature",3,14.1035638325533,0.0393906465957344,0.172067876586751
"3GCR-Kp","Temperature",3,14.1817864585315,0.0387387706678892,0.169220324784581
"3GCR-Kp","Temperature",3,14.2600090845097,0.0381343356350951,0.166580006292353
"3GCR-Kp","Temperature",3,14.3382317104879,0.0375774089621895,0.164147215812804
"3GCR-Kp","Temperature",3,14.4164543364661,0.0370739092899586,0.161947807401156
"3GCR-Kp","Temperature",3,14.4946769624443,0.0366066001872409,0.159906488155003
"3GCR-Kp","Temperature",3,14.5728995884225,0.0361723637849639,0.158009638467733
"3GCR-Kp","Temperature",3,14.6511222144008,0.0357680182071134,0.156243359134925
"3GCR-Kp","Temperature",3,14.729344840379,0.035394014394419,0.154609619974811
"3GCR-Kp","Temperature",3,14.8075674663572,0.0350441622468592,0.153081381132536
"3GCR-Kp","Temperature",3,14.8857900923354,0.0347101604767157,0.151622380574494
"3GCR-Kp","Temperature",3,14.9640127183136,0.0343886637286863,0.150218004979173
"3GCR-Kp","Temperature",3,15.0422353442918,0.0340763533224196,0.148853757547701
"3GCR-Kp","Temperature",3,15.12045797027,0.0337697788605725,0.147514566109512
"3GCR-Kp","Temperature",3,15.1986805962482,0.0334626938289681,0.146173144379068
"3GCR-Kp","Temperature",3,15.2769032222264,0.0331520170202603,0.144816032897052
"3GCR-Kp","Temperature",3,15.3551258482046,0.0328350832737119,0.143431589596414
"3GCR-Kp","Temperature",3,15.4333484741828,0.0325086276338316,0.142005552361472
"3GCR-Kp","Temperature",3,15.5115711001611,0.0321656713585009,0.140507436357845
"3GCR-Kp","Temperature",3,15.5897937261393,0.0318074463961878,0.138942623034566
"3GCR-Kp","Temperature",3,15.6680163521175,0.0314324962895296,0.137304750233422
"3GCR-Kp","Temperature",3,15.7462389780957,0.0310395330507436,0.135588191712093
"3GCR-Kp","Temperature",3,15.8244616040739,0.0306237845192835,0.133772101518485
"3GCR-Kp","Temperature",3,15.9026842300521,0.0301839419281213,0.131850762641507
"3GCR-Kp","Temperature",3,15.9809068560303,0.0297237731719917,0.129840634157163
"3GCR-Kp","Temperature",3,16.0591294820085,0.0292434806520198,0.127742600202549
"3GCR-Kp","Temperature",3,16.1373521079867,0.0287434413705821,0.125558307615276
"3GCR-Kp","Temperature",3,16.2155747339649,0.0282190973368715,0.123267845988497
"3GCR-Kp","Temperature",3,16.2937973599431,0.027676812723661,0.120899015568971
"3GCR-Kp","Temperature",3,16.3720199859214,0.0271194533684186,0.118464335028269
"3GCR-Kp","Temperature",3,16.4502426118996,0.0265487158067624,0.11597121524452
"3GCR-Kp","Temperature",3,16.5284652378778,0.0259660002246087,0.113425772568642
"3GCR-Kp","Temperature",3,16.606687863856,0.0253728090935808,0.110834570160273
"3GCR-Kp","Temperature",3,16.6849104898342,0.0247752678159417,0.108224365258803
"3GCR-Kp","Temperature",3,16.7631331158124,0.0241759042259474,0.105606200055977
"3GCR-Kp","Temperature",3,16.8413557417906,0.0235772959369892,0.102991334190856
"3GCR-Kp","Temperature",3,16.9195783677688,0.022983600128524,0.100397927229312
"3GCR-Kp","Temperature",3,16.997800993747,0.0224000562434158,0.097848866325686
"3GCR-Kp","Temperature",3,17.0760236197252,0.0218285284307872,0.0953522945344547
"3GCR-Kp","Temperature",3,17.1542462457035,0.0212716470215503,0.0929197017775639
"3GCR-Kp","Temperature",3,17.2324688716817,0.0207320043425075,0.0905624119658112
"3GCR-Kp","Temperature",3,17.3106914976599,0.0202196013232536,0.08832411157982
"3GCR-Kp","Temperature",3,17.3889141236381,0.0197335120099256,0.0862007558290436
"3GCR-Kp","Temperature",3,17.4671367496163,0.0192742439054901,0.0841945616092514
"3GCR-Kp","Temperature",3,17.5453593755945,0.0188436868534905,0.08231378421437
"3GCR-Kp","Temperature",3,17.6235820015727,0.0184453428479224,0.0805737212016296
"3GCR-Kp","Temperature",3,17.7018046275509,0.018090504431884,0.0790237011319983
"3GCR-Kp","Temperature",3,17.7800272535291,0.0177702116919683,0.0776245849354796
"3GCR-Kp","Temperature",3,17.8582498795073,0.0174852167444917,0.0763796580381493
"3GCR-Kp","Temperature",3,17.9364725054855,0.0172361230692271,0.0752915565856942
"3GCR-Kp","Temperature",3,18.0146951314638,0.0170297961047649,0.0743902704752639
"3GCR-Kp","Temperature",3,18.092917757442,0.0168669756872678,0.0736790314902528
"3GCR-Kp","Temperature",3,18.1711403834202,0.0167399572148036,0.0731241840649611
"3GCR-Kp","Temperature",3,18.2493630093984,0.0166481058697377,0.0727229551623405
"3GCR-Kp","Temperature",3,18.3275856353766,0.0165906511862252,0.0724719792011329
"3GCR-Kp","Temperature",3,18.4058082613548,0.0165759086529018,0.0724075802479879
"3GCR-Kp","Temperature",3,18.484030887333,0.0165941238168323,0.0724871484919766
"3GCR-Kp","Temperature",3,18.5622535133112,0.0166412411399409,0.0726929683613723
"3GCR-Kp","Temperature",3,18.6404761392894,0.016715553753152,0.0730175838390028
"3GCR-Kp","Temperature",3,18.7186987652676,0.0168163749673841,0.0734579953007859
"3GCR-Kp","Temperature",3,18.7969213912459,0.0169464394293614,0.0740261483453785
"3GCR-Kp","Temperature",3,18.8751440172241,0.0170953925255668,0.0746768115151945
"3GCR-Kp","Temperature",3,18.9533666432023,0.0172610641115797,0.0754005050942453
"3GCR-Kp","Temperature",3,19.0315892691805,0.0174412681764513,0.0761876800577077
"3GCR-Kp","Temperature",3,19.1098118951587,0.0176352249156492,0.0770349300306771
"3GCR-Kp","Temperature",3,19.1880345211369,0.0178390281875748,0.0779251920413917
"3GCR-Kp","Temperature",3,19.2662571471151,0.0180482126945694,0.0788389605891086
"3GCR-Kp","Temperature",3,19.3444797730933,0.0182607088127259,0.0797671950557668
"3GCR-Kp","Temperature",3,19.4227023990715,0.0184744886850499,0.080701037271288
"3GCR-Kp","Temperature",3,19.5009250250497,0.0186862604544602,0.0816261076073355
"3GCR-Kp","Temperature",3,19.5791476510279,0.0188933427822374,0.0825306933275182
"3GCR-Kp","Temperature",3,19.6573702770062,0.0190942996555232,0.083408521580166
"3GCR-Kp","Temperature",3,19.7355929029844,0.0192876601540214,0.0842531670294731
"3GCR-Kp","Temperature",3,19.8138155289626,0.0194715073697929,0.0850562561576826
"3GCR-Kp","Temperature",3,19.8920381549408,0.0196408496855859,0.0857959843727039
"3GCR-Kp","Temperature",3,19.970260780919,0.0197978296094294,0.0864817106680784
"3GCR-Kp","Temperature",3,20.0484834068972,0.0199417154231703,0.0871102387218432
"3GCR-Kp","Temperature",3,20.1267060328754,0.0200718642015216,0.0876787600807611
"3GCR-Kp","Temperature",3,20.2049286588536,0.0201851718468829,0.0881737152953443
"3GCR-Kp","Temperature",3,20.2831512848318,0.0202806641636957,0.0885908488436448
"3GCR-Kp","Temperature",3,20.36137391081,0.0203612338914986,0.0889427969119894
"3GCR-Kp","Temperature",3,20.4395965367883,0.0204269326363163,0.0892297849279824
"3GCR-Kp","Temperature",3,20.5178191627665,0.0204778827142651,0.08945234719802
"3GCR-Kp","Temperature",3,20.5960417887447,0.0205102172255564,0.0895935921680621
"3GCR-Kp","Temperature",3,20.6742644147229,0.0205277643315596,0.0896702421733592
"3GCR-Kp","Temperature",3,20.7524870407011,0.020532179494041,0.0896895286715157
"3GCR-Kp","Temperature",3,20.8307096666793,0.0205240255611973,0.0896539103196608
"3GCR-Kp","Temperature",3,20.9089322926575,0.0205034038009994,0.0895638294807967
"3GCR-Kp","Temperature",3,20.9871549186357,0.020468352730204,0.0894107179214525
"3GCR-Kp","Temperature",3,21.0653775446139,0.020423506918968,0.0892148205656059
"3GCR-Kp","Temperature",3,21.1436001705921,0.0203695708119806,0.0889792145981304
"3GCR-Kp","Temperature",3,21.2218227965703,0.0203072442861689,0.0887069572508087
"3GCR-Kp","Temperature",3,21.3000454225485,0.0202361261694274,0.0883962961068028
"3GCR-Kp","Temperature",3,21.3782680485268,0.0201572146998118,0.0880515917115068
"3GCR-Kp","Temperature",3,21.456490674505,0.0200726287794981,0.0876820999423849
"3GCR-Kp","Temperature",3,21.5347133004832,0.0199829182313264,0.0872902225586558
"3GCR-Kp","Temperature",3,21.6129359264614,0.0198886046046469,0.086878237814092
"3GCR-Kp","Temperature",3,21.6911585524396,0.0197891983281888,0.0864440071429108
"3GCR-Kp","Temperature",3,21.7693811784178,0.0196861841570122,0.085994016314514
"3GCR-Kp","Temperature",3,21.847603804396,0.0195801573898422,0.085530865737791
"3GCR-Kp","Temperature",3,21.9258264303742,0.0194713653926825,0.0850556359673072
"3GCR-Kp","Temperature",3,22.0040490563524,0.0193599216932438,0.0845688229195754
"3GCR-Kp","Temperature",3,22.0822716823306,0.0192453900021244,0.0840685207769103
"3GCR-Kp","Temperature",3,22.1604943083089,0.0191286553305264,0.0835585954824092
"3GCR-Kp","Temperature",3,22.2387169342871,0.0190097499228741,0.0830391878875203
"3GCR-Kp","Temperature",3,22.3169395602653,0.0188886921525728,0.0825103782517241
"3GCR-Kp","Temperature",3,22.3951621862435,0.0187651161964953,0.0819705685710742
"3GCR-Kp","Temperature",3,22.4733848122217,0.0186389041981592,0.0814192440199353
"3GCR-Kp","Temperature",3,22.5516074381999,0.0185104883823832,0.0808582926609106
"3GCR-Kp","Temperature",3,22.6298300641781,0.0183798690358364,0.0802877157462407
"3GCR-Kp","Temperature",3,22.7080526901563,0.0182470567792536,0.0797075596698646
"3GCR-Kp","Temperature",3,22.7862753161345,0.0181114915657856,0.0791153780116179
"3GCR-Kp","Temperature",3,22.8644979421127,0.0179737819594264,0.0785138291262949
"3GCR-Kp","Temperature",3,22.9427205680909,0.017834269070382,0.077904403065821
"3GCR-Kp","Temperature",3,23.0209431940692,0.0176931480184743,0.0772879521607963
"3GCR-Kp","Temperature",3,23.0991658200474,0.0175506060316745,0.0766652942683067
"3GCR-Kp","Temperature",3,23.1773884460256,0.0174068979593594,0.076037542632102
"3GCR-Kp","Temperature",3,23.2556110720038,0.0172629053510054,0.0754085480736239
"3GCR-Kp","Temperature",3,23.333833697982,0.0171190847503979,0.0747803048866066
"3GCR-Kp","Temperature",3,23.4120563239602,0.0169759213382694,0.0741549324579011
"3GCR-Kp","Temperature",3,23.4902789499384,0.016834308800662,0.0735363346244039
"3GCR-Kp","Temperature",3,23.5685015759166,0.0166954504381541,0.0729297676942326
"3GCR-Kp","Temperature",3,23.6467242018948,0.016559723949461,0.072336881546775
"3GCR-Kp","Temperature",3,23.724946827873,0.0164277919903119,0.0717605708226151
"3GCR-Kp","Temperature",3,23.8031694538513,0.0163003270911935,0.071203773297666
"3GCR-Kp","Temperature",3,23.8813920798295,0.0161799143960857,0.0706777815064187
"3GCR-Kp","Temperature",3,23.9596147058077,0.0160666027918955,0.070182808998713
"3GCR-Kp","Temperature",3,24.0378373317859,0.0159605695341917,0.0697196300697676
"3GCR-Kp","Temperature",3,24.1160599577641,0.0158624313332434,0.0692909386592784
"3GCR-Kp","Temperature",3,24.1942825837423,0.0157731541039587,0.0689009541173075
"3GCR-Kp","Temperature",3,24.2725052097205,0.0156963669175911,0.0685655291053004
"3GCR-Kp","Temperature",3,24.3507278356987,0.0156295832736002,0.0682738019871808
"3GCR-Kp","Temperature",3,24.4289504616769,0.0155731188324639,0.068027151644304
"3GCR-Kp","Temperature",3,24.5071730876551,0.0155272375911149,0.067826731279157
"3GCR-Kp","Temperature",3,24.5853957136333,0.0154939307049285,0.067681238740265
"3GCR-Kp","Temperature",3,24.6636183396116,0.0154737715426784,0.0675931786411828
"3GCR-Kp","Temperature",3,24.7418409655898,0.0154643002257358,0.0675518056367862
"3GCR-Kp","Temperature",3,24.820063591568,0.0154652702629652,0.0675560429941462
"3GCR-Kp","Temperature",3,24.8982862175462,0.0154763691482822,0.0676045256110621
"3GCR-Kp","Temperature",3,24.9765088435244,0.0154996543804131,0.0677062411398705
"3GCR-Kp","Temperature",3,25.0547314695026,0.0155321445794633,0.0678481661917194
"3GCR-Kp","Temperature",3,25.1329540954808,0.0155722134034558,0.0680231965112893
"3GCR-Kp","Temperature",3,25.211176721459,0.0156189982382751,0.0682275639913774
"3GCR-Kp","Temperature",3,25.2893993474372,0.0156717252798813,0.0684578884686829
"3GCR-Kp","Temperature",3,25.3676219734154,0.0157298295477062,0.0687117019713619
"3GCR-Kp","Temperature",3,25.4458445993937,0.0157901268626644,0.0689750952346212
"3GCR-Kp","Temperature",3,25.5240672253719,0.0158513384856439,0.0692424824165734
"3GCR-Kp","Temperature",3,25.6022898513501,0.0159121546889394,0.069508142309657
"3GCR-Kp","Temperature",3,25.6805124773283,0.0159705265977678,0.0697631249330067
"3GCR-Kp","Temperature",3,25.7587351033065,0.0160236172039265,0.0699950375482574
"3GCR-Kp","Temperature",3,25.8369577292847,0.0160704431775308,0.0701995847325141
"3GCR-Kp","Temperature",3,25.9151803552629,0.0161095859344864,0.0703705697671651
"3GCR-Kp","Temperature",3,25.9934029812411,0.0161396347693895,0.0705018303496261
"3GCR-Kp","Temperature",3,26.0716256072193,0.0161554115782653,0.0705707472686713
"3GCR-Kp","Temperature",3,26.1498482331975,0.0161568156170482,0.0705768804498427
"3GCR-Kp","Temperature",3,26.2280708591757,0.016143633270163,0.0705192967686139
"3GCR-Kp","Temperature",3,26.306293485154,0.0161147137858875,0.0703929694629888
"3GCR-Kp","Temperature",3,26.3845161111322,0.0160683066704308,0.0701902519524816
"3GCR-Kp","Temperature",3,26.4627387371104,0.0159972261835759,0.0698797551849267
"3GCR-Kp","Temperature",3,26.5409613630886,0.0159065091617699,0.0694834812808033
"3GCR-Kp","Temperature",3,26.6191839890668,0.0157955354569695,0.0689987212833873
"3GCR-Kp","Temperature",3,26.697406615045,0.015663761106368,0.0684230990315031
"3GCR-Kp","Temperature",3,26.7756292410232,0.0155072643027593,0.0677394831222259
"3GCR-Kp","Temperature",3,26.8538518670014,0.015324423856458,0.066940791806693
"3GCR-Kp","Temperature",3,26.9320744929796,0.0151198899037844,0.0660473380056515
"3GCR-Kp","Temperature",3,27.0102971189578,0.0148937996209357,0.0650597209379265
"3GCR-Kp","Temperature",3,27.088519744936,0.014646370912548,0.0639788924636999
"3GCR-Kp","Temperature",3,27.1667423709143,0.0143722771075559,0.0627815843947409
"3GCR-Kp","Temperature",3,27.2449649968925,0.0140765185856239,0.0614896395994811
"3GCR-Kp","Temperature",3,27.3231876228707,0.0137617699293002,0.060114741301721
"3GCR-Kp","Temperature",3,27.4014102488489,0.0134288719815261,0.0586605625069059
"3GCR-Kp","Temperature",3,27.4796328748271,0.0130782201292134,0.0571288303607473
"3GCR-Kp","Temperature",3,27.5578555008053,0.0127067696425608,0.0555062447466703
"3GCR-Kp","Temperature",3,27.6360781267835,0.0123216348640134,0.0538238828340956
"3GCR-Kp","Temperature",3,27.7143007527617,0.0119240816208358,0.0520872740628358
"3GCR-Kp","Temperature",3,27.7925233787399,0.0115154058730519,0.0503020794998884
"3GCR-Kp","Temperature",3,27.8707460047181,0.011095804287989,0.0484691582357317
"3GCR-Kp","Temperature",3,27.9489686306963,0.0106674125631179,0.0465978395137413
"3GCR-Kp","Temperature",3,28.0271912566746,0.0102337048169176,0.0447032991241456
"3GCR-Kp","Temperature",3,28.1054138826528,0.00979609126556189,0.0427916972324538
"3GCR-Kp","Temperature",3,28.183636508631,0.00935597776101123,0.0408691749402357
"3GCR-Kp","Temperature",3,28.2618591346092,0.00891523270187206,0.0389438938647432
"3GCR-Kp","Temperature",3,28.3400817605874,0.00847628736568838,0.0370264744146405
"3GCR-Kp","Temperature",3,28.4183043865656,0.00804044897975434,0.0351226268750881
"3GCR-Kp","Temperature",3,28.4965270125438,0.00760894281764579,0.0332377035375728
"3GCR-Kp","Temperature",3,28.574749638522,0.00718318691548023,0.0313778987270106
"3GCR-Kp","Temperature",3,28.6529722645002,0.00676727132090861,0.0295610787613032
"3GCR-Kp","Temperature",3,28.7311948904784,0.006360198202214,0.0277828848700429
"3GCR-Kp","Temperature",3,28.8094175164567,0.00596283641569685,0.0260471124278071
"3GCR-Kp","Temperature",3,28.8876401424349,0.00557600555948015,0.024357341637534
"3GCR-Kp","Temperature",3,28.9658627684131,0.00520240337692422,0.0227253568950562
"3GCR-Kp","Temperature",3,29.0440853943913,0.00484396720190843,0.0211596209435797
"3GCR-Kp","Temperature",3,29.1223080203695,0.00449862142014227,0.0196510669975999
"3GCR-Kp","Temperature",3,29.2005306463477,0.0041667581627607,0.0182014079808069
"3GCR-Kp","Temperature",3,29.2787532723259,0.00384872026362829,0.0168121414744848
"3GCR-Kp","Temperature",3,29.3569758983041,0.0035488130820396,0.0155020743298985
"3GCR-Kp","Temperature",3,29.4351985242823,0.00326465656103335,0.0142608098822842
"3GCR-Kp","Temperature",3,29.5134211502605,0.002994900867066,0.0130824517320737
"3GCR-Kp","Temperature",3,29.5916437762387,0.00273951323493198,0.0119668567529199
"3GCR-Kp","Temperature",3,29.669866402217,0.00249882324653055,0.0109154646383156
"3GCR-Kp","Temperature",3,29.7480890281952,0.00227701687811418,0.00994656074550775
"3GCR-Kp","Temperature",3,29.8263116541734,0.00206886827023319,0.00903731725579948
"3GCR-Kp","Temperature",3,29.9045342801516,0.00187407706827051,0.00818642214753974
"3GCR-Kp","Temperature",3,29.9827569061298,0.00169232093780772,0.00739246738598616
"3GCR-Kp","Temperature",3,30.060979532108,0.00152507989541615,0.00666191804167588
"3GCR-Kp","Temperature",3,30.1392021580862,0.0013724431272492,0.0059951637013093
"3GCR-Kp","Temperature",3,30.2174247840644,0.00123117357726264,0.00537806412074072
"3GCR-Kp","Temperature",3,30.2956474100426,0.00110082288672444,0.00480866076052898
"3GCR-Kp","Temperature",3,30.3738700360208,0.000980935241142557,0.00428496251266895
"3GCR-Kp","Temperature",3,30.4520926619991,0.000873548797962036,0.00381587254210022
"3GCR-Kp","Temperature",3,30.5303152879773,0.000776080551160083,0.00339010765344613
"3GCR-Kp","Temperature",3,30.6085379139555,0.000687105295085196,0.00300144220353127
"3GCR-Kp","Temperature",3,30.6867605399337,0.000606159013028566,0.00264784925508282
"3GCR-Kp","Temperature",3,30.7649831659119,0.000532961994900994,0.00232810696674331
"3GCR-Kp","Temperature",3,30.8432057918901,0.00046898227368435,0.00204862806183109
"3GCR-Kp","Temperature",3,30.9214284178683,0.000411173854000913,0.00179610689542703
"3GCR-Kp","Temperature",3,30.9996510438465,0.000359130636840956,0.00156876952878358
"3GCR-Kp","Temperature",3,31.0778736698247,0.000312456258946615,0.0013648845512733
"3GCR-Kp","Temperature",3,31.1560962958029,0.000271416125480594,0.00118561131687304
"3GCR-Kp","Temperature",3,31.2343189217811,0.000235676058299405,0.0010294900545833
"3GCR-Kp","Temperature",3,31.3125415477594,0.000203821633380328,0.000890342217992283
"3GCR-Kp","Temperature",3,31.3907641737376,0.000175546788437143,0.000766830852968881
"3GCR-Kp","Temperature",3,31.4689867997158,0.000150556500877314,0.000657667229435531
"3GCR-Kp","Temperature",3,31.547209425694,0.000129254400023977,0.000564614497951111
"3GCR-Kp","Temperature",3,31.6254320516722,0.000110702976156038,0.000483577389183197
"3GCR-Kp","Temperature",3,31.7036546776504,9.43979404648981e-05,0.000412353047581517
"3GCR-Kp","Temperature",3,31.7818773036286,8.01335394002846e-05,0.000350042691847584
"3GCR-Kp","Temperature",3,31.8600999296068,6.77518623653935e-05,0.000295956530281316
"3GCR-Kp","Temperature",3,31.938322555585,5.74806115733838e-05,0.000251089221252109
"3GCR-Kp","Temperature",3,32.0165451815632,4.8536748502153e-05,0.000212020263005661
"3GCR-Kp","Temperature",3,32.0947678075414,4.07881518496441e-05,0.00017817251772217
"3GCR-Kp","Temperature",3,32.1729904335197,3.4109869849949e-05,0.000149000165850711
"3GCR-Kp","Temperature",3,32.2512130594979,2.84993287667254e-05,0.000124491964688114
"3GCR-Kp","Temperature",3,32.3294356854761,2.38372225441845e-05,0.000104126756511477
"3GCR-Kp","Temperature",3,32.4076583114543,1.98349512130282e-05,8.66438668157621e-05
"3GCR-Kp","Temperature",3,32.4858809374325,1.64186991594816e-05,7.17208511371479e-05
"3GCR-Kp","Humidity",1,27.3169997181976,0.000126824510214591,0.000965258749033956
"3GCR-Kp","Humidity",1,27.4531979765061,0.000137876626544018,0.00104937617999639
"3GCR-Kp","Humidity",1,27.5893962348146,0.000149355582313947,0.00113674227719597
"3GCR-Kp","Humidity",1,27.7255944931231,0.000161219874063438,0.00122704115864176
"3GCR-Kp","Humidity",1,27.8617927514316,0.000173328613893177,0.00131920052941839
"3GCR-Kp","Humidity",1,27.9979910097401,0.000185622348202141,0.0014127678893865
"3GCR-Kp","Humidity",1,28.1341892680486,0.000198038010240544,0.00150726323880546
"3GCR-Kp","Humidity",1,28.2703875263571,0.000210499418987337,0.00160210676548479
"3GCR-Kp","Humidity",1,28.4065857846656,0.000222874644057618,0.0016962943499678
"3GCR-Kp","Humidity",1,28.5427840429741,0.000235075306587853,0.00178915334253472
"3GCR-Kp","Humidity",1,28.6789823012826,0.000247020448330544,0.00188006757162241
"3GCR-Kp","Humidity",1,28.8151805595911,0.000258628200808466,0.00196841393792792
"3GCR-Kp","Humidity",1,28.9513788178997,0.000269732625275819,0.00205292948505648
"3GCR-Kp","Humidity",1,29.0875770762082,0.00028016770946054,0.00213235069700649
"3GCR-Kp","Humidity",1,29.2237753345167,0.000289939350847857,0.00220672245941716
"3GCR-Kp","Humidity",1,29.3599735928252,0.00029897294418604,0.00227547695324601
"3GCR-Kp","Humidity",1,29.4961718511337,0.000307196996518305,0.0023380700470636
"3GCR-Kp","Humidity",1,29.6323701094422,0.000314383059769395,0.00239276302724929
"3GCR-Kp","Humidity",1,29.7685683677507,0.000320420308932525,0.00243871240694686
"3GCR-Kp","Humidity",1,29.9047666260592,0.000325422179294553,0.00247678153980069
"3GCR-Kp","Humidity",1,30.0409648843677,0.000329352679345858,0.00250669649516839
"3GCR-Kp","Humidity",1,30.1771631426762,0.00033218232160026,0.00252823284439676
"3GCR-Kp","Humidity",1,30.3133614009847,0.000333685097229858,0.00253967043892679
"3GCR-Kp","Humidity",1,30.4495596592932,0.000333876940063019,0.00254113055079976
"3GCR-Kp","Humidity",1,30.5857579176017,0.00033295166594114,0.00253408830841391
"3GCR-Kp","Humidity",1,30.7219561759102,0.000330931663383597,0.00251871411033153
"3GCR-Kp","Humidity",1,30.8581544342188,0.000327846725243938,0.00249523470935064
"3GCR-Kp","Humidity",1,30.9943526925273,0.000323553016538456,0.00246255538035692
"3GCR-Kp","Humidity",1,31.1305509508358,0.000318199696873059,0.00242181137405516
"3GCR-Kp","Humidity",1,31.2667492091443,0.000312003140684534,0.00237464951185098
"3GCR-Kp","Humidity",1,31.4029474674528,0.000305040280736276,0.00232165532743046
"3GCR-Kp","Humidity",1,31.5391457257613,0.000297393365626648,0.00226345481319075
"3GCR-Kp","Humidity",1,31.6753439840698,0.000289061994239121,0.00220004491624217
"3GCR-Kp","Humidity",1,31.8115422423783,0.000280260796624667,0.00213305918150561
"3GCR-Kp","Humidity",1,31.9477405006868,0.00027116664168985,0.00206384375460548
"3GCR-Kp","Humidity",1,32.0839387589953,0.000261885792842343,0.00199320740416061
"3GCR-Kp","Humidity",1,32.2201370173038,0.000252525887573398,0.00192196935691176
"3GCR-Kp","Humidity",1,32.3563352756123,0.000243248319531904,0.00185135797661424
"3GCR-Kp","Humidity",1,32.4925335339208,0.000234226802972713,0.00178269539890288
"3GCR-Kp","Humidity",1,32.6287317922294,0.000225558540104477,0.0017167214277964
"3GCR-Kp","Humidity",1,32.7649300505379,0.00021734557002842,0.00165421268080377
"3GCR-Kp","Humidity",1,32.9011283088464,0.000209687365882901,0.00159592624594318
"3GCR-Kp","Humidity",1,33.0373265671549,0.000202878477021887,0.00154410393231332
"3GCR-Kp","Humidity",1,33.1735248254634,0.000196960467895291,0.00149906208609097
"3GCR-Kp","Humidity",1,33.3097230837719,0.000191943416448048,0.00146087741030858
"3GCR-Kp","Humidity",1,33.4459213420804,0.000187897496251456,0.00143008399457967
"3GCR-Kp","Humidity",1,33.5821196003889,0.0001848877576218,0.00140717693552882
"3GCR-Kp","Humidity",1,33.7183178586974,0.000183279406895676,0.00139493581110201
"3GCR-Kp","Humidity",1,33.8545161170059,0.000182944085338138,0.0013923836855972
"3GCR-Kp","Humidity",1,33.9907143753144,0.000183823360325534,0.00139907582951287
"3GCR-Kp","Humidity",1,34.1269126336229,0.00018594156964583,0.00141519747725463
"3GCR-Kp","Humidity",1,34.2631108919314,0.000189317177864414,0.00144088916225137
"3GCR-Kp","Humidity",1,34.3993091502399,0.000194309636459899,0.00147888666234286
"3GCR-Kp","Humidity",1,34.5355074085485,0.000200644892927245,0.00152710416952765
"3GCR-Kp","Humidity",1,34.671705666857,0.00020822591764291,0.00158480319332878
"3GCR-Kp","Humidity",1,34.8079039251655,0.000217031521952839,0.00165182246733432
"3GCR-Kp","Humidity",1,34.944102183474,0.00022703546983559,0.00172796230972257
"3GCR-Kp","Humidity",1,35.0803004417825,0.000238520770585525,0.00181537669843499
"3GCR-Kp","Humidity",1,35.216498700091,0.000251139150077681,0.00191141492624147
"3GCR-Kp","Humidity",1,35.3526969583995,0.000264783497017896,0.00201526177127649
"3GCR-Kp","Humidity",1,35.488895216708,0.00027939854595061,0.00212649660928999
"3GCR-Kp","Humidity",1,35.6250934750165,0.000294925886203439,0.00224467487785109
"3GCR-Kp","Humidity",1,35.761291733325,0.000311523723848667,0.00237100068013484
"3GCR-Kp","Humidity",1,35.8974899916335,0.000328861369213677,0.00250295714381766
"3GCR-Kp","Humidity",1,36.033688249942,0.000346841675025185,0.00263980488299283
"3GCR-Kp","Humidity",1,36.1698865082505,0.000365392850234614,0.00278099749746036
"3GCR-Kp","Humidity",1,36.3060847665591,0.000384442203293473,0.00292598173333392
"3GCR-Kp","Humidity",1,36.4422830248676,0.000404005755817853,0.00307487953080533
"3GCR-Kp","Humidity",1,36.5784812831761,0.000423851575286926,0.00322592565621009
"3GCR-Kp","Humidity",1,36.7146795414846,0.000443900873437277,0.00337852045368948
"3GCR-Kp","Humidity",1,36.8508777997931,0.000464081897136077,0.00353211781161948
"3GCR-Kp","Humidity",1,36.9870760581016,0.000484323640781762,0.00368617730782128
"3GCR-Kp","Humidity",1,37.1232743164101,0.000504507043195228,0.00383979277009988
"3GCR-Kp","Humidity",1,37.2594725747186,0.000524545951781996,0.00399230849282367
"3GCR-Kp","Humidity",1,37.3956708330271,0.000544376092460304,0.00414323528727313
"3GCR-Kp","Humidity",1,37.5318690913356,0.00056393435555395,0.00429209282699559
"3GCR-Kp","Humidity",1,37.6680673496441,0.00058315216174092,0.00443835915617616
"3GCR-Kp","Humidity",1,37.8042656079526,0.000601807258078639,0.00458034271222211
"3GCR-Kp","Humidity",1,37.9404638662611,0.000619951416817382,0.00471843753266966
"3GCR-Kp","Humidity",1,38.0766621245696,0.0006375289379754,0.00485221968609882
"3GCR-Kp","Humidity",1,38.2128603828782,0.000654484946417382,0.00498127151897894
"3GCR-Kp","Humidity",1,38.3490586411867,0.000670741529591074,0.00510500004047099
"3GCR-Kp","Humidity",1,38.4852568994952,0.000686008299217231,0.00522119511133071
"3GCR-Kp","Humidity",1,38.6214551578037,0.000700443574033369,0.00533106169222592
"3GCR-Kp","Humidity",1,38.7576534161122,0.000713998518231727,0.00543422809482423
"3GCR-Kp","Humidity",1,38.8938516744207,0.000726625489081023,0.00553033171127389
"3GCR-Kp","Humidity",1,39.0300499327292,0.000738228600318243,0.0056186427531915
"3GCR-Kp","Humidity",1,39.1662481910377,0.000748485686663179,0.00569670922722948
"3GCR-Kp","Humidity",1,39.3024464493462,0.000757644920795712,0.00576641997057017
"3GCR-Kp","Humidity",1,39.4386447076547,0.000765673273973846,0.00582752360213489
"3GCR-Kp","Humidity",1,39.5748429659632,0.000772541287235153,0.00587979591036412
"3GCR-Kp","Humidity",1,39.7110412242717,0.00077814636596606,0.00592245604975576
"3GCR-Kp","Humidity",1,39.8472394825802,0.000782206612509463,0.00595335850301675
"3GCR-Kp","Humidity",1,39.9834377408887,0.00078504994007236,0.00597499901084771
"3GCR-Kp","Humidity",1,40.1196359991973,0.000786684827637491,0.00598744210661255
"3GCR-Kp","Humidity",1,40.2558342575058,0.000787127324234547,0.00599080993914747
"3GCR-Kp","Humidity",1,40.3920325158143,0.000786314142427247,0.00598462082907149
"3GCR-Kp","Humidity",1,40.5282307741228,0.000784118749943744,0.00596791174185578
"3GCR-Kp","Humidity",1,40.6644290324313,0.000780914409353558,0.00594352357127008
"3GCR-Kp","Humidity",1,40.8006272907398,0.000776783459922821,0.00591208299978205
"3GCR-Kp","Humidity",1,40.9368255490483,0.000771819032152542,0.00587429884172695
"3GCR-Kp","Humidity",1,41.0730238073568,0.000766076248214204,0.00583059063082266
"3GCR-Kp","Humidity",1,41.2092220656653,0.000759694180626795,0.00578201684516207
"3GCR-Kp","Humidity",1,41.3454203239738,0.00075300716590708,0.00573112211312485
"3GCR-Kp","Humidity",1,41.4816185822823,0.000746186733527075,0.00567921194200844
"3GCR-Kp","Humidity",1,41.6178168405908,0.000739414509935764,0.00562766868699514
"3GCR-Kp","Humidity",1,41.7540150988993,0.000732948643439411,0.00557845710955534
"3GCR-Kp","Humidity",1,41.8902133572079,0.000727216123922499,0.00553482702095224
"3GCR-Kp","Humidity",1,42.0264116155164,0.000722386433373082,0.00549806834512481
"3GCR-Kp","Humidity",1,42.1626098738249,0.000718695669353319,0.00546997801578178
"3GCR-Kp","Humidity",1,42.2988081321334,0.000716383621676404,0.00545238106827889
"3GCR-Kp","Humidity",1,42.4350063904419,0.000715952548144013,0.00544910017645511
"3GCR-Kp","Humidity",1,42.5712046487504,0.000717992478446801,0.0054646260441983
"3GCR-Kp","Humidity",1,42.7074029070589,0.000722387691060708,0.00549807791735956
"3GCR-Kp","Humidity",1,42.8436011653674,0.000729368693895022,0.00555121018691417
"3GCR-Kp","Humidity",1,42.9797994236759,0.000739158710947988,0.00562572180613965
"3GCR-Kp","Humidity",1,43.1159976819844,0.000752451633489478,0.00572689396727548
"3GCR-Kp","Humidity",1,43.2521959402929,0.000769749596948309,0.00585854841278332
"3GCR-Kp","Humidity",1,43.3883941986014,0.000790600905763315,0.00601724729700087
"3GCR-Kp","Humidity",1,43.5245924569099,0.000815135740318287,0.00620398142016221
"3GCR-Kp","Humidity",1,43.6607907152184,0.000843465784360959,0.0064196008049833
"3GCR-Kp","Humidity",1,43.796988973527,0.000876311334088794,0.00666958761106659
"3GCR-Kp","Humidity",1,43.9331872318355,0.000913824789387445,0.00695510175081961
"3GCR-Kp","Humidity",1,44.069385490144,0.000955282892966705,0.00727063852782371
"3GCR-Kp","Humidity",1,44.2055837484525,0.00100063992967051,0.00761585000496269
"3GCR-Kp","Humidity",1,44.341782006761,0.00104982629044541,0.00799020638915668
"3GCR-Kp","Humidity",1,44.4779802650695,0.00110335182357671,0.00839758812526015
"3GCR-Kp","Humidity",1,44.614178523378,0.0011609065577623,0.00883563602804302
"3GCR-Kp","Humidity",1,44.7503767816865,0.00122167262763988,0.00929812534098807
"3GCR-Kp","Humidity",1,44.886575039995,0.00128541966192228,0.00978330271294828
"3GCR-Kp","Humidity",1,45.0227732983035,0.00135189838666156,0.0102892709250126
"3GCR-Kp","Humidity",1,45.158971556612,0.00142120410088751,0.0108167552961444
"3GCR-Kp","Humidity",1,45.2951698149205,0.00149270589309229,0.0113609539717829
"3GCR-Kp","Humidity",1,45.431368073229,0.00156571994589251,0.011916662431832
"3GCR-Kp","Humidity",1,45.5675663315375,0.00163991066582337,0.0124813264813065
"3GCR-Kp","Humidity",1,45.7037645898461,0.00171493835626589,0.0130523606961985
"3GCR-Kp","Humidity",1,45.8399628481546,0.00179043440701263,0.0136269595917709
"3GCR-Kp","Humidity",1,45.9761611064631,0.00186579576345033,0.0142005333317164
"3GCR-Kp","Humidity",1,46.1123593647716,0.00194065460194683,0.0147702824179065
"3GCR-Kp","Humidity",1,46.2485576230801,0.00201470831734288,0.0153339037286734
"3GCR-Kp","Humidity",1,46.3847558813886,0.00208766773383154,0.0158891963528746
"3GCR-Kp","Humidity",1,46.5209541396971,0.00215886154484429,0.0164310509899699
"3GCR-Kp","Humidity",1,46.6571523980056,0.00222806551169658,0.0169577609639253
"3GCR-Kp","Humidity",1,46.7933506563141,0.00229527703067752,0.0174693064579504
"3GCR-Kp","Humidity",1,46.9295489146226,0.00236034901689462,0.0179645680119418
"3GCR-Kp","Humidity",1,47.0657471729311,0.00242315791172954,0.0184426052237865
"3GCR-Kp","Humidity",1,47.2019454312396,0.00248302746202407,0.0188982711445517
"3GCR-Kp","Humidity",1,47.3381436895481,0.00254022870271041,0.0193336286155537
"3GCR-Kp","Humidity",1,47.4743419478567,0.00259502106198678,0.0197506521394942
"3GCR-Kp","Humidity",1,47.6105402061652,0.00264744489246156,0.0201496488392492
"3GCR-Kp","Humidity",1,47.7467384644737,0.00269756037154702,0.0205310767238703
"3GCR-Kp","Humidity",1,47.8829367227822,0.00274494087130788,0.0208916887368826
"3GCR-Kp","Humidity",1,48.0191349810907,0.00279015350211729,0.0212358011437176
"3GCR-Kp","Humidity",1,48.1553332393992,0.00283352763929586,0.021565920813193
"3GCR-Kp","Humidity",1,48.2915314977077,0.00287521241510059,0.0218831827878614
"3GCR-Kp","Humidity",1,48.4277297560162,0.00291536183912465,0.0221887592315813
"3GCR-Kp","Humidity",1,48.5639280143247,0.00295384156793926,0.0224816276592686
"3GCR-Kp","Humidity",1,48.7001262726332,0.00299115862861133,0.0227656470435422
"3GCR-Kp","Humidity",1,48.8363245309417,0.00302753777076054,0.0230425279491531
"3GCR-Kp","Humidity",1,48.9725227892502,0.00306310152223676,0.0233132029330564
"3GCR-Kp","Humidity",1,49.1087210475587,0.00309796107269365,0.0235785182574285
"3GCR-Kp","Humidity",1,49.2449193058672,0.00313207166892864,0.0238381333065611
"3GCR-Kp","Humidity",1,49.3811175641758,0.00316565087216857,0.0240937039344949
"3GCR-Kp","Humidity",1,49.5173158224843,0.00319874151923842,0.024345556171427
"3GCR-Kp","Humidity",1,49.6535140807928,0.00323133680876766,0.0245936382522658
"3GCR-Kp","Humidity",1,49.7897123391013,0.00326341132388579,0.0248377567297306
"3GCR-Kp","Humidity",1,49.9259105974098,0.00329469204447603,0.0250758336533057
"3GCR-Kp","Humidity",1,50.0621088557183,0.00332518772047077,0.0253079356185475
"3GCR-Kp","Humidity",1,50.1983071140268,0.00335478946258162,0.0255332338713126
"3GCR-Kp","Humidity",1,50.3345053723353,0.00338335257141831,0.0257506271075062
"3GCR-Kp","Humidity",1,50.4707036306438,0.00341071910938784,0.0259589132673437
"3GCR-Kp","Humidity",1,50.6069018889523,0.00343616109594812,0.0261525517058329
"3GCR-Kp","Humidity",1,50.7431001472608,0.00345981333063303,0.0263325683794647
"3GCR-Kp","Humidity",1,50.8792984055693,0.00348150744705026,0.0264976818550765
"3GCR-Kp","Humidity",1,51.0154966638778,0.00350104524446632,0.026646383630946
"3GCR-Kp","Humidity",1,51.1516949221864,0.00351822954580728,0.0267771729964034
"3GCR-Kp","Humidity",1,51.2878931804949,0.00353190154470805,0.0268812302999437
"3GCR-Kp","Humidity",1,51.4240914388034,0.00354266987694441,0.0269631878559876
"3GCR-Kp","Humidity",1,51.5602896971119,0.00355040827469317,0.0270220846427196
"3GCR-Kp","Humidity",1,51.6964879554204,0.00355499338840716,0.0270569818492631
"3GCR-Kp","Humidity",1,51.8326862137289,0.00355628351384906,0.027066800967571
"3GCR-Kp","Humidity",1,51.9688844720374,0.00355311473266081,0.027042683438865
"3GCR-Kp","Humidity",1,52.1050827303459,0.00354656504940617,0.026992833933795
"3GCR-Kp","Humidity",1,52.2412809886544,0.00353667108953666,0.0269175312079222
"3GCR-Kp","Humidity",1,52.3774792469629,0.00352349735478047,0.0268172661825786
"3GCR-Kp","Humidity",1,52.5136775052714,0.00350705841291027,0.0266921497327833
"3GCR-Kp","Humidity",1,52.6498757635799,0.00348675183561429,0.0265375967889974
"3GCR-Kp","Humidity",1,52.7860740218884,0.00346381593652049,0.0263630321308742
"3GCR-Kp","Humidity",1,52.9222722801969,0.00343852549525868,0.026170547100547
"3GCR-Kp","Humidity",1,53.0584705385055,0.00341118439181741,0.025962454522383
"3GCR-Kp","Humidity",1,53.194668796814,0.0033820793274797,0.0257409364739739
"3GCR-Kp","Humidity",1,53.3308670551225,0.0033515504189556,0.0255085815766321
"3GCR-Kp","Humidity",1,53.467065313431,0.00332056641751021,0.0252727629763896
"3GCR-Kp","Humidity",1,53.6032635717395,0.0032896134271706,0.0250371804010379
"3GCR-Kp","Humidity",1,53.739461830048,0.00325919597656723,0.0248056738076473
"3GCR-Kp","Humidity",1,53.8756600883565,0.00322995033829042,0.0245830858538676
"3GCR-Kp","Humidity",1,54.011858346665,0.00320319312322281,0.0243794372381537
"3GCR-Kp","Humidity",1,54.1480566049735,0.00317918997389429,0.0241967497603585
"3GCR-Kp","Humidity",1,54.284254863282,0.00315851436943883,0.0240393881584219
"3GCR-Kp","Humidity",1,54.4204531215905,0.00314173699004663,0.0239116958675801
"3GCR-Kp","Humidity",1,54.556651379899,0.00312982220743407,0.0238210127012099
"3GCR-Kp","Humidity",1,54.6928496382075,0.00312467457446113,0.0237818341721106
"3GCR-Kp","Humidity",1,54.8290478965161,0.00312559313293055,0.0237888253018032
"3GCR-Kp","Humidity",1,54.9652461548246,0.00313304688926638,0.0238455556885727
"3GCR-Kp","Humidity",1,55.1014444131331,0.00314747746388608,0.0239553864963691
"3GCR-Kp","Humidity",1,55.2376426714416,0.00317001342288007,0.024126907218586
"3GCR-Kp","Humidity",1,55.3738409297501,0.00320246893490913,0.0243739254557345
"3GCR-Kp","Humidity",1,55.5100391880586,0.00324322157274939,0.0246840929474518
"3GCR-Kp","Humidity",1,55.6462374463671,0.00329245426759355,0.0250588019792977
"3GCR-Kp","Humidity",1,55.7824357046756,0.00335030668401773,0.0254991155354999
"3GCR-Kp","Humidity",1,55.9186339629841,0.00341779512743572,0.0260127686957421
"3GCR-Kp","Humidity",1,56.0548322212926,0.00349600775535667,0.0266080434045338
"3GCR-Kp","Humidity",1,56.1910304796011,0.00358278329151625,0.0272684902325044
"3GCR-Kp","Humidity",1,56.3272287379096,0.00367794897558189,0.0279927943043019
"3GCR-Kp","Humidity",1,56.4634269962181,0.00378129246765592,0.0287793395053155
"3GCR-Kp","Humidity",1,56.5996252545266,0.00389345653715427,0.0296330179404015
"3GCR-Kp","Humidity",1,56.7358235128352,0.00401457638694944,0.0305548586358526
"3GCR-Kp","Humidity",1,56.8720217711437,0.00414253818933385,0.0315287732922917
"3GCR-Kp","Humidity",1,57.0082200294522,0.00427691930531872,0.0325515452130337
"3GCR-Kp","Humidity",1,57.1444182877607,0.0044172823597321,0.0336198455446052
"3GCR-Kp","Humidity",1,57.2806165460692,0.0045638263421043,0.0347351887922448
"3GCR-Kp","Humidity",1,57.4168148043777,0.00471606132183871,0.0358938461042188
"3GCR-Kp","Humidity",1,57.5530130626862,0.00487245149265187,0.0370841284903671
"3GCR-Kp","Humidity",1,57.6892113209947,0.00503257445829068,0.0383028211014609
"3GCR-Kp","Humidity",1,57.8254095793032,0.00519602802883668,0.0395468628782706
"3GCR-Kp","Humidity",1,57.9616078376117,0.00536280181355703,0.040816174737141
"3GCR-Kp","Humidity",1,58.0978060959202,0.00553244678458766,0.0421073391361981
"3GCR-Kp","Humidity",1,58.2340043542287,0.00570423030813125,0.0434147800146195
"3GCR-Kp","Humidity",1,58.3702026125372,0.0058780008763879,0.0447373442496442
"3GCR-Kp","Humidity",1,58.5064008708458,0.00605365398375632,0.0460742364512816
"3GCR-Kp","Humidity",1,58.6425991291543,0.00623146478973463,0.0474275508528347
"3GCR-Kp","Humidity",1,58.7787973874628,0.00641156882711529,0.0487983189916107
"3GCR-Kp","Humidity",1,58.9149956457713,0.00659386683132486,0.0501857853669744
"3GCR-Kp","Humidity",1,59.0511939040798,0.00677862418888844,0.0515919698303315
"3GCR-Kp","Humidity",1,59.1873921623883,0.00696615775388168,0.0530192839515606
"3GCR-Kp","Humidity",1,59.3235904206968,0.00715758250959317,0.0544762138456289
"3GCR-Kp","Humidity",1,59.4597886790053,0.00735365145293115,0.0559684905565786
"3GCR-Kp","Humidity",1,59.5959869373138,0.00755445713529583,0.0574968184912205
"3GCR-Kp","Humidity",1,59.7321851956223,0.00776062801050523,0.0590659807986887
"3GCR-Kp","Humidity",1,59.8683834539308,0.0079728245820753,0.0606810045577118
"3GCR-Kp","Humidity",1,60.0045817122393,0.00819336378652233,0.0623595239246487
"3GCR-Kp","Humidity",1,60.1407799705478,0.00842308801959722,0.0641079503563018
"3GCR-Kp","Humidity",1,60.2769782288564,0.00866181602721793,0.065924904331566
"3GCR-Kp","Humidity",1,60.4131764871649,0.00891032068985658,0.0678162682278808
"3GCR-Kp","Humidity",1,60.5493747454734,0.00916937401629466,0.0697879177882664
"3GCR-Kp","Humidity",1,60.6855730037819,0.00944249507766647,0.0718666365910317
"3GCR-Kp","Humidity",1,60.8217712620904,0.00972982139633658,0.0740534713160763
"3GCR-Kp","Humidity",1,60.9579695203989,0.0100306204364365,0.0763428466479121
"3GCR-Kp","Humidity",1,61.0941677787074,0.010345532054816,0.0787396325239143
"3GCR-Kp","Humidity",1,61.2303660370159,0.0106751625987239,0.0812484438405723
"3GCR-Kp","Humidity",1,61.3665642953244,0.0110238398172415,0.0839022190074815
"3GCR-Kp","Humidity",1,61.5027625536329,0.0113903504750725,0.0866917241156583
"3GCR-Kp","Humidity",1,61.6389608119414,0.0117733880112899,0.0896070149566531
"3GCR-Kp","Humidity",1,61.7751590702499,0.0121732228741657,0.0926501499067236
"3GCR-Kp","Humidity",1,61.9113573285584,0.012590068594151,0.0958227541417596
"3GCR-Kp","Humidity",1,62.0475555868669,0.0130283404768393,0.099158432462178
"3GCR-Kp","Humidity",1,62.1837538451754,0.0134852761334565,0.102636160383611
"3GCR-Kp","Humidity",1,62.319952103484,0.0139591562332129,0.106242852114641
"3GCR-Kp","Humidity",1,62.4561503617925,0.0144497356754872,0.109976642199462
"3GCR-Kp","Humidity",1,62.592348620101,0.014956701176086,0.113835146238495
"3GCR-Kp","Humidity",1,62.7285468784095,0.015483611645812,0.117845451028949
"3GCR-Kp","Humidity",1,62.864745136718,0.0160265191545583,0.121977508955661
"3GCR-Kp","Humidity",1,63.0009433950265,0.0165835204942883,0.126216834741255
"3GCR-Kp","Humidity",1,63.137141653335,0.0171538140439398,0.130557327264249
"3GCR-Kp","Humidity",1,63.2733399116435,0.0177365323208467,0.134992384131842
"3GCR-Kp","Humidity",1,63.409538169952,0.0183333619095183,0.139534841904183
"3GCR-Kp","Humidity",1,63.5457364282605,0.0189400796211876,0.144152557978084
"3GCR-Kp","Humidity",1,63.681934686569,0.0195548151060542,0.148831297159534
"3GCR-Kp","Humidity",1,63.8181329448775,0.0201762917047644,0.153561342820344
"3GCR-Kp","Humidity",1,63.954331203186,0.0208031854907296,0.158332618582372
"3GCR-Kp","Humidity",1,64.0905294614946,0.0214344692396059,0.16313730626218
"3GCR-Kp","Humidity",1,64.2267277198031,0.0220669672685761,0.167951235802907
"3GCR-Kp","Humidity",1,64.3629259781116,0.0226990164997104,0.172761749552499
"3GCR-Kp","Humidity",1,64.4991242364201,0.0233290849836412,0.177557187875704
"3GCR-Kp","Humidity",1,64.6353224947286,0.023955628324122,0.182325796404329
"3GCR-Kp","Humidity",1,64.7715207530371,0.0245745518904201,0.187036410987754
"3GCR-Kp","Humidity",1,64.9077190113456,0.0251851360301211,0.191683554366195
"3GCR-Kp","Humidity",1,65.0439172696541,0.0257860409780784,0.19625702961457
"3GCR-Kp","Humidity",1,65.1801155279626,0.0263758041451752,0.200745704997072
"3GCR-Kp","Humidity",1,65.3163137862711,0.0269529927868996,0.205138675924575
"3GCR-Kp","Humidity",1,65.4525120445796,0.0275107924945607,0.209384078072136
"3GCR-Kp","Humidity",1,65.5887103028881,0.0280519256012767,0.213502631061347
"3GCR-Kp","Humidity",1,65.7249085611966,0.0285754108832805,0.217486866818219
"3GCR-Kp","Humidity",1,65.8611068195052,0.0290801778087895,0.221328637547284
"3GCR-Kp","Humidity",1,65.9973050778137,0.0295651064377889,0.225019419408036
"3GCR-Kp","Humidity",1,66.1335033361222,0.030021986209959,0.228496721994087
"3GCR-Kp","Humidity",1,66.2697015944307,0.0304567554698041,0.231805741923802
"3GCR-Kp","Humidity",1,66.4058998527392,0.0308688555936989,0.234942227524215
"3GCR-Kp","Humidity",1,66.5420981110477,0.031257805288916,0.237902515686236
"3GCR-Kp","Humidity",1,66.6782963693562,0.03162269200304,0.240679660992128
"3GCR-Kp","Humidity",1,66.8144946276647,0.0319560605012891,0.243216921802698
"3GCR-Kp","Humidity",1,66.9506928859732,0.0322653808174644,0.245571152392171
"3GCR-Kp","Humidity",1,67.0868911442817,0.0325507184677525,0.247742851402901
"3GCR-Kp","Humidity",1,67.2230894025902,0.0328122119380029,0.249733072847852
"3GCR-Kp","Humidity",1,67.3592876608987,0.0330492163256933,0.251536908387138
"3GCR-Kp","Humidity",1,67.4954859192072,0.033256206213181,0.253112304180278
"3GCR-Kp","Humidity",1,67.6316841775158,0.0334408674343792,0.254517756951727
"3GCR-Kp","Humidity",1,67.7678824358242,0.0336038307308371,0.255758067262497
"3GCR-Kp","Humidity",1,67.9040806941328,0.0337457908749015,0.256838523010683
"3GCR-Kp","Humidity",1,68.0402789524413,0.0338665090294302,0.25775730641169
"3GCR-Kp","Humidity",1,68.1764772107498,0.0339630357514029,0.258491969315116
"3GCR-Kp","Humidity",1,68.3126754690583,0.0340422069837691,0.259094539942701
"3GCR-Kp","Humidity",1,68.4488737273668,0.0341051556845274,0.259573641214565
"3GCR-Kp","Humidity",1,68.5850719856753,0.0341530732600105,0.259938340899896
"3GCR-Kp","Humidity",1,68.7212702439838,0.0341864136323121,0.260192093790451
"3GCR-Kp","Humidity",1,68.8574685022923,0.0342050842180921,0.260334195236325
"3GCR-Kp","Humidity",1,68.9936667606008,0.0342142995139665,0.260404332664435
"3GCR-Kp","Humidity",1,69.1298650189093,0.0342156450127711,0.260414573228271
"3GCR-Kp","Humidity",1,69.2660632772178,0.0342107548713888,0.260377354462393
"3GCR-Kp","Humidity",1,69.4022615355263,0.0342011742528701,0.260304436571123
"3GCR-Kp","Humidity",1,69.5384597938348,0.0341895496008264,0.260215961582568
"3GCR-Kp","Humidity",1,69.6746580521434,0.0341788608198971,0.260134609489892
"3GCR-Kp","Humidity",1,69.8108563104519,0.0341710104258787,0.260074860301847
"3GCR-Kp","Humidity",1,69.9470545687604,0.0341679203214289,0.260051341580185
"3GCR-Kp","Humidity",1,70.0832528270689,0.0341725347911593,0.260086462214768
"3GCR-Kp","Humidity",1,70.2194510853774,0.0341894718336359,0.260215369698074
"3GCR-Kp","Humidity",1,70.3556493436859,0.0342189958088995,0.260440076068958
"3GCR-Kp","Humidity",1,70.4918476019944,0.0342630033344545,0.26077501644439
"3GCR-Kp","Humidity",1,70.6280458603029,0.0343233577549032,0.261234372701965
"3GCR-Kp","Humidity",1,70.7642441186114,0.0344043434132463,0.26185075288849
"3GCR-Kp","Humidity",1,70.9004423769199,0.0345110557344546,0.262662938179029
"3GCR-Kp","Humidity",1,71.0366406352284,0.0346409055298254,0.263651222311408
"3GCR-Kp","Humidity",1,71.1728388935369,0.0347953142143375,0.264826423645914
"3GCR-Kp","Humidity",1,71.3090371518454,0.0349756117265024,0.266198664317309
"3GCR-Kp","Humidity",1,71.445235410154,0.0351868495288006,0.267806390903045
"3GCR-Kp","Humidity",1,71.5814336684625,0.0354328188983619,0.269678458735688
"3GCR-Kp","Humidity",1,71.717631926771,0.0357085450605952,0.271777004907741
"3GCR-Kp","Humidity",1,71.8538301850795,0.0360145590158961,0.274106070852335
"3GCR-Kp","Humidity",1,71.990028443388,0.0363512655960658,0.276668737736017
"3GCR-Kp","Humidity",1,72.1262267016965,0.0367235235140142,0.279501985123204
"3GCR-Kp","Humidity",1,72.262424960005,0.0371325502819825,0.282615079474623
"3GCR-Kp","Humidity",1,72.3986232183135,0.0375720708768799,0.285960261718083
"3GCR-Kp","Humidity",1,72.534821476622,0.0380415818723881,0.289533700286189
"3GCR-Kp","Humidity",1,72.6710197349305,0.038540460248317,0.293330653385037
"3GCR-Kp","Humidity",1,72.807217993239,0.0390723669376074,0.297378984300241
"3GCR-Kp","Humidity",1,72.9434162515475,0.0396357825100511,0.301667128679612
"3GCR-Kp","Humidity",1,73.079614509856,0.0402244869398268,0.306147746034053
"3GCR-Kp","Humidity",1,73.2158127681646,0.0408371299824463,0.310810559680427
"3GCR-Kp","Humidity",1,73.3520110264731,0.0414722820292054,0.315644688896174
"3GCR-Kp","Humidity",1,73.4882092847816,0.0421316790131194,0.320663345831908
"3GCR-Kp","Humidity",1,73.6244075430901,0.04281195838192,0.325840938171204
"3GCR-Kp","Humidity",1,73.7606058013986,0.0435080729444341,0.331139051845443
"3GCR-Kp","Humidity",1,73.8968040597071,0.0442182023342006,0.336543832082785
"3GCR-Kp","Humidity",1,74.0330023180156,0.0449404943058014,0.342041181481296
"3GCR-Kp","Humidity",1,74.1692005763241,0.0456743957975884,0.347626890700104
"3GCR-Kp","Humidity",1,74.3053988346326,0.0464160576278084,0.353271663695742
"3GCR-Kp","Humidity",1,74.4415970929411,0.0471621432661054,0.358950106204026
"3GCR-Kp","Humidity",1,74.5777953512496,0.0479107007395172,0.364647361798728
"3GCR-Kp","Humidity",1,74.7139936095581,0.048659776697872,0.37034856357171
"3GCR-Kp","Humidity",1,74.8501918678666,0.049406359286248,0.376030788356864
"3GCR-Kp","Humidity",1,74.9863901261751,0.0501473149156136,0.381670186472267
"3GCR-Kp","Humidity",1,75.1225883844836,0.0508809781253562,0.387254082131317
"3GCR-Kp","Humidity",1,75.2587866427922,0.0516054304066852,0.392767873602912
"3GCR-Kp","Humidity",1,75.3949849011007,0.0523187608551032,0.398197017032071
"3GCR-Kp","Humidity",1,75.5311831594092,0.0530153054680143,0.403498403811071
"3GCR-Kp","Humidity",1,75.6673814177177,0.0536935025676648,0.408660148042525
"3GCR-Kp","Humidity",1,75.8035796760262,0.0543530093414151,0.413679640586455
"3GCR-Kp","Humidity",1,75.9397779343347,0.0549919767658199,0.418542808563298
"3GCR-Kp","Humidity",1,76.0759761926432,0.055608566299508,0.423235658872344
"3GCR-Kp","Humidity",1,76.2121744509517,0.0561942337531858,0.427693161863922
"3GCR-Kp","Humidity",1,76.3483727092602,0.0567497138024774,0.431920909139155
"3GCR-Kp","Humidity",1,76.4845709675687,0.0572756269953642,0.435923623676018
"3GCR-Kp","Humidity",1,76.6207692258772,0.0577702570496284,0.439688242885709
"3GCR-Kp","Humidity",1,76.7569674841857,0.0582319139441092,0.4432019040518
"3GCR-Kp","Humidity",1,76.8931657424942,0.0586491775725056,0.446377688979191
"3GCR-Kp","Humidity",1,77.0293640008028,0.059025869271876,0.449244681785948
"3GCR-Kp","Humidity",1,77.1655622591113,0.0593633354166856,0.451813129700544
"3GCR-Kp","Humidity",1,77.3017605174198,0.0596601915972548,0.454072496009267
"3GCR-Kp","Humidity",1,77.4379587757283,0.0599151121854436,0.456012691383503
"3GCR-Kp","Humidity",1,77.5741570340368,0.0601143773693184,0.457529294615698
"3GCR-Kp","Humidity",1,77.7103552923453,0.0602655565759511,0.458679916460224
"3GCR-Kp","Humidity",1,77.8465535506538,0.0603705504342982,0.459479022565132
"3GCR-Kp","Humidity",1,77.9827518089623,0.0604285907667744,0.459920766346557
"3GCR-Kp","Humidity",1,78.1189500672708,0.0604390012078096,0.46
"3GCR-Kp","Humidity",1,78.2551483255793,0.0603869947006762,0.459604179539647
"3GCR-Kp","Humidity",1,78.3913465838878,0.060283905758736,0.458819571714487
"3GCR-Kp","Humidity",1,78.5275448421963,0.06013196518314,0.457663155106379
"3GCR-Kp","Humidity",1,78.6637431005048,0.0599312154570014,0.456135253053428
"3GCR-Kp","Humidity",1,78.7999413588134,0.0596818014303213,0.454236968006023
"3GCR-Kp","Humidity",1,78.9361396171219,0.0593694291510003,0.451859508987572
"3GCR-Kp","Humidity",1,79.0723378754304,0.0590082100976793,0.449110278172914
"3GCR-Kp","Humidity",1,79.2085361337389,0.05860038996614,0.446006367506637
"3GCR-Kp","Humidity",1,79.3447343920474,0.0581467767733329,0.442553926789197
"3GCR-Kp","Humidity",1,79.4809326503559,0.0576482589608956,0.438759717931696
"3GCR-Kp","Humidity",1,79.6171309086644,0.0570923624678406,0.434528801111512
"3GCR-Kp","Humidity",1,79.7533291669729,0.0564941913036634,0.429976132635482
"3GCR-Kp","Humidity",1,79.8895274252814,0.055855681340503,0.425116446386797
"3GCR-Kp","Humidity",1,80.0257256835899,0.0551781276623829,0.419959599223431
"3GCR-Kp","Humidity",1,80.1619239418984,0.0544628540936145,0.414515666745093
"3GCR-Kp","Humidity",1,80.2981222002069,0.0536999163840944,0.408708963467973
"3GCR-Kp","Humidity",1,80.4343204585154,0.052903510907894,0.402647537704291
"3GCR-Kp","Humidity",1,80.5705187168239,0.0520750700751195,0.396342291498022
"3GCR-Kp","Humidity",1,80.7067169751325,0.0512160244619516,0.389804112935168
"3GCR-Kp","Humidity",1,80.842915233441,0.0503273674616527,0.383040562711498
"3GCR-Kp","Humidity",1,80.9791134917495,0.0494029933885879,0.376005170578729
"3GCR-Kp","Humidity",1,81.115311750058,0.0484536709189015,0.368779896710382
"3GCR-Kp","Humidity",1,81.2515100083665,0.0474807513361492,0.361375025697917
"3GCR-Kp","Humidity",1,81.387708266675,0.0464855683100157,0.353800708073981
"3GCR-Kp","Humidity",1,81.5239065249835,0.0454688310894385,0.346062341917707
"3GCR-Kp","Humidity",1,81.660104783292,0.0444273309475395,0.338135505674562
"3GCR-Kp","Humidity",1,81.7963030416005,0.0433687045429618,0.33007832179703
"3GCR-Kp","Humidity",1,81.932501299909,0.0422941756731758,0.321900104582585
"3GCR-Kp","Humidity",1,82.0686995582175,0.0412049598551258,0.313610105305789
"3GCR-Kp","Humidity",1,82.204897816526,0.0401017095059615,0.305213289500203
"3GCR-Kp","Humidity",1,82.3410960748345,0.038983515195513,0.296702735511434
"3GCR-Kp","Humidity",1,82.477294333143,0.037855478331022,0.28811727004549
"3GCR-Kp","Humidity",1,82.6134925914516,0.0367188189856613,0.279466179054291
"3GCR-Kp","Humidity",1,82.7496908497601,0.0355747691625093,0.270758839288029
"3GCR-Kp","Humidity",1,82.8858891080686,0.0344243121789505,0.262002734755171
"3GCR-Kp","Humidity",1,83.0220873663771,0.0332686477212707,0.253206996243464
"3GCR-Kp","Humidity",1,83.1582856246856,0.0321107719957334,0.244394427817393
"3GCR-Kp","Humidity",1,83.2944838829941,0.0309520499350997,0.235575417952243
"3GCR-Kp","Humidity",1,83.4306821413026,0.0297938694047437,0.226760529662943
"3GCR-Kp","Humidity",1,83.5668803996111,0.0286379872175875,0.21796313401665
"3GCR-Kp","Humidity",1,83.7030786579196,0.0274875683323165,0.209207319449081
"3GCR-Kp","Humidity",1,83.8392769162281,0.0263435797559498,0.200500445830847
"3GCR-Kp","Humidity",1,83.9754751745366,0.0252075520816155,0.191854162474889
"3GCR-Kp","Humidity",1,84.1116734328451,0.024081027237206,0.183280204962809
"3GCR-Kp","Humidity",1,84.2478716911536,0.0229668624926601,0.174800319917572
"3GCR-Kp","Humidity",1,84.3840699494622,0.0218696560680592,0.166449504298019
"3GCR-Kp","Humidity",1,84.5202682077707,0.02078821108199,0.15821864866423
"3GCR-Kp","Humidity",1,84.6564664660792,0.0197240518237339,0.150119354350701
"3GCR-Kp","Humidity",1,84.7926647243877,0.0186786811620828,0.142163059661017
"3GCR-Kp","Humidity",1,84.9288629826962,0.0176561016919233,0.13438022826286
"3GCR-Kp","Humidity",1,85.0650612410047,0.0166612850278668,0.126808699013186
"3GCR-Kp","Humidity",1,85.2012594993132,0.0156908492879377,0.119422732477563
"3GCR-Kp","Humidity",1,85.3374577576217,0.0147460110714931,0.112231588168772
"3GCR-Kp","Humidity",1,85.4736560159302,0.0138279271734002,0.10524407042885
"3GCR-Kp","Humidity",1,85.6098542742387,0.0129414406045226,0.0984970393142629
"3GCR-Kp","Humidity",1,85.7460525325472,0.0120905997391056,0.092021306918453
"3GCR-Kp","Humidity",1,85.8822507908557,0.0112701971729643,0.0857772397948509
"3GCR-Kp","Humidity",1,86.0184490491642,0.0104808636891854,0.0797696388206086
"3GCR-Kp","Humidity",1,86.1546473074727,0.00972314614646914,0.0740026661260887
"3GCR-Kp","Humidity",1,86.2908455657813,0.00900216076869164,0.0685152611863989
"3GCR-Kp","Humidity",1,86.4270438240898,0.00832003236872775,0.0633235959087993
"3GCR-Kp","Humidity",1,86.5632420823983,0.0076704983554792,0.0583800058407403
"3GCR-Kp","Humidity",1,86.6994403407068,0.00705349335532195,0.0536839934249087
"3GCR-Kp","Humidity",1,86.8356385990153,0.00646886998145952,0.0492344369034159
"3GCR-Kp","Humidity",1,86.9718368573238,0.00592139450785141,0.0450676122897228
"3GCR-Kp","Humidity",1,87.1080351156323,0.00541097293270784,0.041182804138133
"3GCR-Kp","Humidity",1,87.2442333739408,0.00493125025912045,0.0375316446973697
"3GCR-Kp","Humidity",1,87.3804316322493,0.00448156977195319,0.0341091357219862
"3GCR-Kp","Humidity",1,87.5166298905578,0.00406121794460802,0.0309098465756627
"3GCR-Kp","Humidity",1,87.6528281488663,0.00367414469757894,0.0279638400223584
"3GCR-Kp","Humidity",1,87.7890264071748,0.00331847446429702,0.0252568411633412
"3GCR-Kp","Humidity",1,87.9252246654833,0.00298859718655482,0.0227461519605254
"3GCR-Kp","Humidity",1,88.0614229237919,0.00268351770149837,0.0204241982498173
"3GCR-Kp","Humidity",1,88.1976211821004,0.00240221901274419,0.0182832396925769
"3GCR-Kp","Humidity",1,88.3338194404089,0.00214763682644942,0.0163456198882235
"3GCR-Kp","Humidity",1,88.4700176987174,0.00191696259988238,0.0145899630755638
"3GCR-Kp","Humidity",1,88.6062159570259,0.00170581528472324,0.0129829251855886
"3GCR-Kp","Humidity",1,88.7424142153344,0.00151313883512651,0.0115164686750028
"3GCR-Kp","Humidity",1,88.8786124736429,0.00133788547276067,0.0101826189243906
"3GCR-Kp","Humidity",1,89.0148107319514,0.00118202788076943,0.00899638998474511
"3GCR-Kp","Humidity",1,89.1510089902599,0.00104266375579085,0.00793569248463716
"3GCR-Kp","Humidity",1,89.2872072485684,0.000916731332689919,0.00697722339234941
"3GCR-Kp","Humidity",1,89.4234055068769,0.000803315203029867,0.00611401555302325
"3GCR-Kp","Humidity",1,89.5596037651854,0.000701525381456131,0.00533929530635795
"3GCR-Kp","Humidity",1,89.6958020234939,0.000612569932455572,0.00466225720641381
"3GCR-Kp","Humidity",1,89.8320002818025,0.000534004462500242,0.00406429702412704
"3GCR-Kp","Humidity",1,89.9681985401109,0.000463896063933228,0.0035307034389197
"3GCR-Kp","Humidity",1,90.1043967984195,0.000401559823350824,0.00305626358890774
"3GCR-Kp","Humidity",1,90.240595056728,0.000346340450509629,0.00263599007347334
"3GCR-Kp","Humidity",1,90.3767933150365,0.000298917035420624,0.00227505143277781
"3GCR-Kp","Humidity",1,90.512991573345,0.000257511469959138,0.00195991452231175
"3GCR-Kp","Humidity",1,90.6491898316535,0.000221012438043838,0.00168212113814728
"3GCR-Kp","Humidity",1,90.785388089962,0.000188964667331534,0.00143820621180738
"3GCR-Kp","Humidity",1,90.9215863482705,0.000160938444036382,0.0012248992004714
"3GCR-Kp","Humidity",1,91.057784606579,0.000137285912760787,0.00104488026949397
"3GCR-Kp","Humidity",1,91.1939828648875,0.000116856707715356,0.000889394008419154
"3GCR-Kp","Humidity",1,91.330181123196,9.90648024084252e-05,0.000753980181624632
"3GCR-Kp","Humidity",1,91.4663793815045,8.36363873060379e-05,0.000636554830356896
"3GCR-Kp","Humidity",1,91.602577639813,7.03160949545094e-05,0.000535174358157574
"3GCR-Kp","Humidity",1,91.7387758981215,5.92725428249401e-05,0.000451122109144804
"3GCR-Kp","Humidity",1,91.8749741564301,4.98322340528594e-05,0.000379272112480796
"3GCR-Kp","Humidity",1,92.0111724147386,4.17101577089742e-05,0.000317455155821618
"3GCR-Kp","Humidity",1,92.1473706730471,3.475549635437e-05,0.000264523370729435
"3GCR-Kp","Humidity",1,92.2835689313556,2.88291242624311e-05,0.000219417874149197
"3GCR-Kp","Humidity",1,92.4197671896641,2.4005266335303e-05,0.000182703590290511
"3GCR-Kp","Humidity",1,92.5559654479726,1.99233960447519e-05,0.000151636559132973
"3GCR-Kp","Humidity",1,92.6921637062811,1.64552304043729e-05,0.000125240421495143
"3GCR-Kp","Humidity",1,92.8283619645896,1.35241227818907e-05,0.000102931821429006
"3GCR-Kp","Humidity",1,92.9645602228981,1.10601088411013e-05,8.41782618050475e-05
"3GCR-Kp","Humidity",1,93.1007584812066,9.09290489732452e-06,6.92059128903807e-05
"3GCR-Kp","Humidity",1,93.2369567395151,7.44513472714487e-06,5.66647678824334e-05
"3GCR-Kp","Humidity",1,93.3731549978236,6.0633118444352e-06,4.61477422310512e-05
"3GCR-Kp","Precipitation",3,0,3.85319946913711e-05,0.0107800291476232
"3GCR-Kp","Precipitation",3,6.51272015655577,4.03531110586624e-05,0.0112895197067769
"3GCR-Kp","Precipitation",3,13.0254403131115,4.21016114578724e-05,0.0117786946228197
"3GCR-Kp","Precipitation",3,19.5381604696673,4.37668860059846e-05,0.0122445855872308
"3GCR-Kp","Precipitation",3,26.0508806262231,4.53376189119737e-05,0.0126840268008331
"3GCR-Kp","Precipitation",3,32.5636007827789,4.67759632017871e-05,0.0130864298815118
"3GCR-Kp","Precipitation",3,39.0763209393346,4.81028645525974e-05,0.0134576547649451
"3GCR-Kp","Precipitation",3,45.5890410958904,4.93155936570956e-05,0.0137969378775733
"3GCR-Kp","Precipitation",3,52.1017612524462,5.04131983839655e-05,0.0141040128432738
"3GCR-Kp","Precipitation",3,58.614481409002,5.13965440051068e-05,0.0143791217376614
"3GCR-Kp","Precipitation",3,65.1272015655577,5.22514752204157e-05,0.0146183043570421
"3GCR-Kp","Precipitation",3,71.6399217221135,5.29940994263401e-05,0.0148260670397092
"3GCR-Kp","Precipitation",3,78.1526418786693,5.36483016590064e-05,0.0150090920606838
"3GCR-Kp","Precipitation",3,84.665362035225,5.42267085819295e-05,0.0151709119596598
"3GCR-Kp","Precipitation",3,91.1780821917808,5.47438037641225e-05,0.0153155787795528
"3GCR-Kp","Precipitation",3,97.6908023483366,5.52153250039069e-05,0.0154474954568313
"3GCR-Kp","Precipitation",3,104.203522504892,5.56653748481226e-05,0.0155734051191103
"3GCR-Kp","Precipitation",3,110.716242661448,5.61276759672088e-05,0.0157027422992549
"3GCR-Kp","Precipitation",3,117.228962818004,5.66257340717323e-05,0.0158420831490339
"3GCR-Kp","Precipitation",3,123.74168297456,5.71839671652282e-05,0.0159982590508333
"3GCR-Kp","Precipitation",3,130.254403131115,5.78276079161748e-05,0.0161783293044336
"3GCR-Kp","Precipitation",3,136.767123287671,5.86116366665465e-05,0.0163976756644982
"3GCR-Kp","Precipitation",3,143.279843444227,5.95670070683788e-05,0.0166649579804287
"3GCR-Kp","Precipitation",3,149.792563600783,6.07080336777796e-05,0.0169841810106942
"3GCR-Kp","Precipitation",3,156.305283757339,6.20605838608053e-05,0.017362581623313
"3GCR-Kp","Precipitation",3,162.818003913894,6.36499547424461e-05,0.0178072371509519
"3GCR-Kp","Precipitation",3,169.33072407045,6.55159893563302e-05,0.018329294409842
"3GCR-Kp","Precipitation",3,175.843444227006,6.77471138137381e-05,0.0189534922193631
"3GCR-Kp","Precipitation",3,182.356164383562,7.03011036888031e-05,0.0196680175253188
"3GCR-Kp","Precipitation",3,188.868884540117,7.31964547552935e-05,0.020478044858172
"3GCR-Kp","Precipitation",3,195.381604696673,7.64500636372209e-05,0.0213883013570394
"3GCR-Kp","Precipitation",3,201.894324853229,8.00771843763442e-05,0.0224030546186569
"3GCR-Kp","Precipitation",3,208.407045009785,8.41739696806104e-05,0.0235492051189173
"3GCR-Kp","Precipitation",3,214.91976516634,8.87078577545496e-05,0.0248176431009268
"3GCR-Kp","Precipitation",3,221.432485322896,9.36525569842698e-05,0.0262010130055882
"3GCR-Kp","Precipitation",3,227.945205479452,9.90126114948769e-05,0.0277005861348799
"3GCR-Kp","Precipitation",3,234.457925636008,0.000104790887934645,0.0293171644860046
"3GCR-Kp","Precipitation",3,240.970645792564,0.000111017684759083,0.0310592246051711
"3GCR-Kp","Precipitation",3,247.483365949119,0.000117753014691402,0.0329435561475898
"3GCR-Kp","Precipitation",3,253.996086105675,0.000124901196724018,0.0349433906041582
"3GCR-Kp","Precipitation",3,260.508806262231,0.000132457507606363,0.0370574065592787
"3GCR-Kp","Precipitation",3,267.021526418787,0.000140416659229515,0.0392841245679145
"3GCR-Kp","Precipitation",3,273.534246575342,0.00014877292207398,0.0416219416923601
"3GCR-Kp","Precipitation",3,280.046966731898,0.00015760538379567,0.0440929841485765
"3GCR-Kp","Precipitation",3,286.559686888454,0.000166844802969412,0.0466778803834539
"3GCR-Kp","Precipitation",3,293.07240704501,0.000176461937725038,0.0493684494498274
"3GCR-Kp","Precipitation",3,299.585127201566,0.000186454378626479,0.0521640172639578
"3GCR-Kp","Precipitation",3,306.097847358121,0.000196821228736098,0.0550643328911618
"3GCR-Kp","Precipitation",3,312.610567514677,0.00020759686503072,0.0580790139184647
"3GCR-Kp","Precipitation",3,319.123287671233,0.000218831879946983,0.0612222145038844
"3GCR-Kp","Precipitation",3,325.636007827789,0.000230461353455157,0.0644757720835987
"3GCR-Kp","Precipitation",3,332.148727984344,0.000242498713431794,0.06784344335128
"3GCR-Kp","Precipitation",3,338.6614481409,0.000254960422651674,0.0713298340687997
"3GCR-Kp","Precipitation",3,345.174168297456,0.000267866034233081,0.0749404145780571
"3GCR-Kp","Precipitation",3,351.686888454012,0.000281363330012115,0.078716529546345
"3GCR-Kp","Precipitation",3,358.199608610568,0.000295403856048012,0.0826446230989174
"3GCR-Kp","Precipitation",3,364.712328767123,0.000310000329897778,0.086728253204582
"3GCR-Kp","Precipitation",3,371.225048923679,0.000325190681043637,0.0909780313286214
"3GCR-Kp","Precipitation",3,377.737769080235,0.00034101536698917,0.0954052761964569
"3GCR-Kp","Precipitation",3,384.250489236791,0.000357596636956526,0.100044189260377
"3GCR-Kp","Precipitation",3,390.763209393346,0.000375063491489939,0.10493086077831
"3GCR-Kp","Precipitation",3,397.275929549902,0.000393339569021385,0.110043927207164
"3GCR-Kp","Precipitation",3,403.788649706458,0.000412473143185819,0.115396893977841
"3GCR-Kp","Precipitation",3,410.301369863014,0.000432512065674615,0.121003148474823
"3GCR-Kp","Precipitation",3,416.814090019569,0.000453503480980274,0.126875880230792
"3GCR-Kp","Precipitation",3,423.326810176125,0.000475770851521349,0.133105583764087
"3GCR-Kp","Precipitation",3,429.839530332681,0.000499139275623194,0.139643327137344
"3GCR-Kp","Precipitation",3,436.352250489237,0.000523613279220375,0.146490376563408
"3GCR-Kp","Precipitation",3,442.864970645793,0.000549222284778942,0.153654963514439
"3GCR-Kp","Precipitation",3,449.377690802348,0.000575990807253835,0.16114394649675
"3GCR-Kp","Precipitation",3,455.890410958904,0.000604085749649391,0.169004019673618
"3GCR-Kp","Precipitation",3,462.40313111546,0.000633565457835965,0.177251506367731
"3GCR-Kp","Precipitation",3,468.915851272016,0.000664228142612812,0.185829952365306
"3GCR-Kp","Precipitation",3,475.428571428571,0.000696057689219386,0.19473484926781
"3GCR-Kp","Precipitation",3,481.941291585127,0.000729029773957752,0.203959392076571
"3GCR-Kp","Precipitation",3,488.454011741683,0.0007631116919557,0.213494431006363
"3GCR-Kp","Precipitation",3,494.966731898239,0.000798527380688785,0.223402616655296
"3GCR-Kp","Precipitation",3,501.479452054794,0.000834910054444861,0.233581334022523
"3GCR-Kp","Precipitation",3,507.99217221135,0.000872170256353654,0.244005555915014
"3GCR-Kp","Precipitation",3,514.504892367906,0.000910220966785479,0.254650937002298
"3GCR-Kp","Precipitation",3,521.017612524462,0.000948966229654279,0.265490631817047
"3GCR-Kp","Precipitation",3,527.530332681018,0.00098835729507157,0.276511001687735
"3GCR-Kp","Precipitation",3,534.043052837573,0.00102820052249121,0.28765787213551
"3GCR-Kp","Precipitation",3,540.555772994129,0.00106827627725258,0.298869796353316
"3GCR-Kp","Precipitation",3,547.068493150685,0.00110844102264844,0.310106617326179
"3GCR-Kp","Precipitation",3,553.581213307241,0.00114854513590864,0.32132647535189
"3GCR-Kp","Precipitation",3,560.093933463796,0.00118843004025564,0.332485005681155
"3GCR-Kp","Precipitation",3,566.606653620352,0.00122774260600382,0.343483413835929
"3GCR-Kp","Precipitation",3,573.119373776908,0.00126637365969778,0.354291156548441
"3GCR-Kp","Precipitation",3,579.632093933464,0.00130415226225391,0.364860410488538
"3GCR-Kp","Precipitation",3,586.14481409002,0.00134090750324646,0.375143360343619
"3GCR-Kp","Precipitation",3,592.657534246575,0.00137646905063771,0.385092352615698
"3GCR-Kp","Precipitation",3,599.170254403131,0.0014104067671092,0.394587048535202
"3GCR-Kp","Precipitation",3,605.682974559687,0.00144250946945114,0.403568365742769
"3GCR-Kp","Precipitation",3,612.195694716243,0.00147280478490203,0.412044033462879
"3GCR-Kp","Precipitation",3,618.708414872798,0.00150114882948113,0.419973797524449
"3GCR-Kp","Precipitation",3,625.221135029354,0.00152740569586676,0.427319635372435
"3GCR-Kp","Precipitation",3,631.73385518591,0.00155138793611442,0.434029105021381
"3GCR-Kp","Precipitation",3,638.246575342466,0.00157237290986953,0.439900034635954
"3GCR-Kp","Precipitation",3,644.759295499022,0.00159085981226888,0.445072083171477
"3GCR-Kp","Precipitation",3,651.272015655577,0.00160677705106892,0.44952522139047
"3GCR-Kp","Precipitation",3,657.784735812133,0.00162006575806679,0.453242979838187
"3GCR-Kp","Precipitation",3,664.297455968689,0.00163067991279055,0.456212483447227
"3GCR-Kp","Precipitation",3,670.810176125245,0.00163810165339115,0.458288850908641
"3GCR-Kp","Precipitation",3,677.3228962818,0.00164250874196069,0.459521814413808
"3GCR-Kp","Precipitation",3,683.835616438356,0.00164421796224352,0.46
"3GCR-Kp","Precipitation",3,690.348336594912,0.00164326069265086,0.459732186350754
"3GCR-Kp","Precipitation",3,696.861056751468,0.00163967994503966,0.458730406818494
"3GCR-Kp","Precipitation",3,703.373776908024,0.00163342312764352,0.456979947896188
"3GCR-Kp","Precipitation",3,709.886497064579,0.00162410034405039,0.454371728942668
"3GCR-Kp","Precipitation",3,716.399217221135,0.00161243198514762,0.451107292463731
"3GCR-Kp","Precipitation",3,722.911937377691,0.00159851699814839,0.447214320749134
"3GCR-Kp","Precipitation",3,729.424657534247,0.00158246039192406,0.442722191948208
"3GCR-Kp","Precipitation",3,735.937377690802,0.00156437276345007,0.437661847584446
"3GCR-Kp","Precipitation",3,742.450097847358,0.00154403351426798,0.431971571210752
"3GCR-Kp","Precipitation",3,748.962818003914,0.00152182754897643,0.425759046917332
"3GCR-Kp","Precipitation",3,755.47553816047,0.00149805263674722,0.419107581067565
"3GCR-Kp","Precipitation",3,761.988258317025,0.0014728343707378,0.412052310640701
"3GCR-Kp","Precipitation",3,768.500978473581,0.00144629833751014,0.40462837077079
"3GCR-Kp","Precipitation",3,775.013698630137,0.00141850763738011,0.396853414923471
"3GCR-Kp","Precipitation",3,781.526418786693,0.00138947898345699,0.38873211889626
"3GCR-Kp","Precipitation",3,788.039138943249,0.00135959919137784,0.38037270142727
"3GCR-Kp","Precipitation",3,794.551859099804,0.00132898463275835,0.371807719601045
"3GCR-Kp","Precipitation",3,801.06457925636,0.00129774922442608,0.363069043730336
"3GCR-Kp","Precipitation",3,807.577299412916,0.00126600437811924,0.354187843283396
"3GCR-Kp","Precipitation",3,814.090019569472,0.00123381070400842,0.345181075062247
"3GCR-Kp","Precipitation",3,820.602739726027,0.00120137607414613,0.336106895069531
"3GCR-Kp","Precipitation",3,827.115459882583,0.0011688262493903,0.327000487201775
"3GCR-Kp","Precipitation",3,833.628180039139,0.00113625748910954,0.317888781775136
"3GCR-Kp","Precipitation",3,840.140900195695,0.00110376374854398,0.308798064483761
"3GCR-Kp","Precipitation",3,846.65362035225,0.00107146061297632,0.299760672421184
"3GCR-Kp","Precipitation",3,853.166340508806,0.00103951970693281,0.290824620682663
"3GCR-Kp","Precipitation",3,859.679060665362,0.00100798726230571,0.282002843484297
"3GCR-Kp","Precipitation",3,866.191780821918,0.00097694416260307,0.273317969464473
"3GCR-Kp","Precipitation",3,872.704500978474,0.000946469045972916,0.264791999081117
"3GCR-Kp","Precipitation",3,879.217221135029,0.000916638259714808,0.256446291885456
"3GCR-Kp","Precipitation",3,885.729941291585,0.000887720604521746,0.248356049779928
"3GCR-Kp","Precipitation",3,892.242661448141,0.000859685389511823,0.240512686429872
"3GCR-Kp","Precipitation",3,898.755381604697,0.000832554107999009,0.232922214982361
"3GCR-Kp","Precipitation",3,905.268101761252,0.000806385835221857,0.225601162814153
"3GCR-Kp","Precipitation",3,911.780821917808,0.000781236096820945,0.218565064237153
"3GCR-Kp","Precipitation",3,918.293542074364,0.000757268122315112,0.21185958568999
"3GCR-Kp","Precipitation",3,924.80626223092,0.000734655119613567,0.205533185248216
"3GCR-Kp","Precipitation",3,931.318982387475,0.000713226468424018,0.199538128769364
"3GCR-Kp","Precipitation",3,937.831702544031,0.000693011609342619,0.193882652797823
"3GCR-Kp","Precipitation",3,944.344422700587,0.000674034970196219,0.188573591464232
"3GCR-Kp","Precipitation",3,950.857142857143,0.000656315886685005,0.183616354283805
"3GCR-Kp","Precipitation",3,957.369863013699,0.000640188596291584,0.179104450295814
"3GCR-Kp","Precipitation",3,963.882583170254,0.000625383714476365,0.174962514256076
"3GCR-Kp","Precipitation",3,970.39530332681,0.000611846073067066,0.17117511186097
"3GCR-Kp","Precipitation",3,976.908023483366,0.000599562464373519,0.167738548017986
"3GCR-Kp","Precipitation",3,983.420743639922,0.000588514313671314,0.164647626108776
"3GCR-Kp","Precipitation",3,989.933463796477,0.000578812056361888,0.161933242453554
"3GCR-Kp","Precipitation",3,996.446183953033,0.000570467810404013,0.159598787272573
"3GCR-Kp","Precipitation",3,1002.95890410959,0.000563229834615199,0.157573831372984
"3GCR-Kp","Precipitation",3,1009.47162426614,0.000557049901303171,0.155844882177189
"3GCR-Kp","Precipitation",3,1015.9843444227,0.000551875649569124,0.154397290767584
"3GCR-Kp","Precipitation",3,1022.49706457926,0.000547650727043375,0.1532152915397
"3GCR-Kp","Precipitation",3,1029.00978473581,0.000544522078624682,0.152339995012326
"3GCR-Kp","Precipitation",3,1035.52250489237,0.000542177662074355,0.151684101670984
"3GCR-Kp","Precipitation",3,1042.03522504892,0.000540529929155477,0.151223118297679
"3GCR-Kp","Precipitation",3,1048.54794520548,0.000539506201683462,0.150936711843096
"3GCR-Kp","Precipitation",3,1055.06066536204,0.000539032406477387,0.150804158982223
"3GCR-Kp","Precipitation",3,1061.57338551859,0.000539080786909274,0.150817694291518
"3GCR-Kp","Precipitation",3,1068.08610567515,0.000539537856035702,0.150945567726175
"3GCR-Kp","Precipitation",3,1074.5988258317,0.000540258052071686,0.151147055718741
"3GCR-Kp","Precipitation",3,1081.11154598826,0.000541168349230205,0.151401727971772
"3GCR-Kp","Precipitation",3,1087.62426614481,0.000542197493475794,0.151689649867677
"3GCR-Kp","Precipitation",3,1094.13698630137,0.000543276232622922,0.151991446842941
"3GCR-Kp","Precipitation",3,1100.64970645793,0.000544301804419451,0.152278369280985
"3GCR-Kp","Precipitation",3,1107.16242661448,0.000545202774167195,0.152530432020524
"3GCR-Kp","Precipitation",3,1113.67514677104,0.00054592644740207,0.152732892822977
"3GCR-Kp","Precipitation",3,1120.18786692759,0.000546424374686352,0.152872197073404
"3GCR-Kp","Precipitation",3,1126.70058708415,0.000546652494741327,0.152936017824483
"3GCR-Kp","Precipitation",3,1133.2133072407,0.000546516858493882,0.152898071107407
"3GCR-Kp","Precipitation",3,1139.72602739726,0.000545975154050042,0.152746519397179
"3GCR-Kp","Precipitation",3,1146.23874755382,0.000545050348862636,0.152487788258135
"3GCR-Kp","Precipitation",3,1152.75146771037,0.000543727214897718,0.152117617369702
"3GCR-Kp","Precipitation",3,1159.26418786693,0.00054199515623055,0.15163304232844
"3GCR-Kp","Precipitation",3,1165.77690802348,0.000539841040720653,0.151030389178245
"3GCR-Kp","Precipitation",3,1172.28962818004,0.000537161605281095,0.150280768184862
"3GCR-Kp","Precipitation",3,1178.80234833659,0.000534079118753773,0.14941838628956
"3GCR-Kp","Precipitation",3,1185.31506849315,0.000530606092135374,0.148446743672128
"3GCR-Kp","Precipitation",3,1191.82778864971,0.000526757511653008,0.147370033003262
"3GCR-Kp","Precipitation",3,1198.34050880626,0.000522550612083088,0.146193076026389
"3GCR-Kp","Precipitation",3,1204.85322896282,0.000517952857925797,0.144906770341303
"3GCR-Kp","Precipitation",3,1211.36594911937,0.00051301529767339,0.14352539769591
"3GCR-Kp","Precipitation",3,1217.87866927593,0.000507799179182465,0.14206609329654
"3GCR-Kp","Precipitation",3,1224.39138943249,0.000502325791610139,0.140534813173657
"3GCR-Kp","Precipitation",3,1230.90410958904,0.00049661567059045,0.138937302545886
"3GCR-Kp","Precipitation",3,1237.4168297456,0.000490681601811602,0.13727713844298
"3GCR-Kp","Precipitation",3,1243.92954990215,0.00048450638426583,0.135549508568909
"3GCR-Kp","Precipitation",3,1250.44227005871,0.00047815752579111,0.133773299474108
"3GCR-Kp","Precipitation",3,1256.95499021526,0.0004716456355365,0.131951479261761
"3GCR-Kp","Precipitation",3,1263.46771037182,0.000464979219970003,0.130086427771626
"3GCR-Kp","Precipitation",3,1269.98043052838,0.00045816470076103,0.128179941582988
"3GCR-Kp","Precipitation",3,1276.49315068493,0.000451179438374594,0.126225686872514
"3GCR-Kp","Precipitation",3,1283.00587084149,0.000444037023651857,0.124227465926201
"3GCR-Kp","Precipitation",3,1289.51859099804,0.000436749651110554,0.12218869038307
"3GCR-Kp","Precipitation",3,1296.0313111546,0.000429314374693169,0.120108536029732
"3GCR-Kp","Precipitation",3,1302.54403131115,0.00042172763274021,0.117986006426905
"3GCR-Kp","Precipitation",3,1309.05675146771,0.000413976821748173,0.115817575514332
"3GCR-Kp","Precipitation",3,1315.56947162427,0.000406027432398591,0.113593588679996
"3GCR-Kp","Precipitation",3,1322.08219178082,0.000397914252417553,0.11132377842553
"3GCR-Kp","Precipitation",3,1328.59491193738,0.000389637176221867,0.109008115212108
"3GCR-Kp","Precipitation",3,1335.10763209393,0.000381197897035954,0.106647072750181
"3GCR-Kp","Precipitation",3,1341.62035225049,0.00037260004291799,0.104241666055276
"3GCR-Kp","Precipitation",3,1348.13307240704,0.000363821694094563,0.101785762670504
"3GCR-Kp","Precipitation",3,1354.6457925636,0.000354898551524062,0.09928935059091
"3GCR-Kp","Precipitation",3,1361.15851272016,0.000345858914795562,0.0967603471433161
"3GCR-Kp","Precipitation",3,1367.67123287671,0.000336721446522368,0.094203973534592
"3GCR-Kp","Precipitation",3,1374.18395303327,0.000327507290487375,0.0916261451241098
"3GCR-Kp","Precipitation",3,1380.69667318982,0.000318239184429295,0.0890332232094875
"3GCR-Kp","Precipitation",3,1387.20939334638,0.000308956633768332,0.0864362601534357
"3GCR-Kp","Precipitation",3,1393.72211350294,0.000299701412918837,0.0838469431112119
"3GCR-Kp","Precipitation",3,1400.23483365949,0.000290505123762071,0.0812741132861804
"3GCR-Kp","Precipitation",3,1406.74755381605,0.000281399868521081,0.0787267518614578
"3GCR-Kp","Precipitation",3,1413.2602739726,0.000272418042785001,0.0762139220946798
"3GCR-Kp","Precipitation",3,1419.77299412916,0.000263638933297336,0.0737578059001967
"3GCR-Kp","Precipitation",3,1426.28571428571,0.000255081257963879,0.0713636399539625
"3GCR-Kp","Precipitation",3,1432.79843444227,0.000246762028949325,0.0690361837197094
"3GCR-Kp","Precipitation",3,1439.31115459883,0.000238706548097506,0.066782515850286
"3GCR-Kp","Precipitation",3,1445.82387475538,0.000230937765257005,0.0646090569849212
"3GCR-Kp","Precipitation",3,1452.33659491194,0.000223505704199768,0.0625298021873003
"3GCR-Kp","Precipitation",3,1458.84931506849,0.00021646898881845,0.060561152561925
"3GCR-Kp","Precipitation",3,1465.36203522505,0.000209774296693718,0.0586881901882658
"3GCR-Kp","Precipitation",3,1471.8747553816,0.000203426378306842,0.0569122441002066
"3GCR-Kp","Precipitation",3,1478.38747553816,0.00019742678338679,0.055233747862726
"3GCR-Kp","Precipitation",3,1484.90019569472,0.000191773893124114,0.0536522485843195
"3GCR-Kp","Precipitation",3,1491.41291585127,0.000186541366562177,0.052188353727456
"3GCR-Kp","Precipitation",3,1497.92563600783,0.000181646387064783,0.0508188938258447
"3GCR-Kp","Precipitation",3,1504.43835616438,0.000177058615657325,0.0495353809973197
"3GCR-Kp","Precipitation",3,1510.95107632094,0.000172761263421779,0.0483331182354816
"3GCR-Kp","Precipitation",3,1517.46379647749,0.000168735924767682,0.0472069562402931
"3GCR-Kp","Precipitation",3,1523.97651663405,0.000164986346290851,0.0461579431903513
"3GCR-Kp","Precipitation",3,1530.48923679061,0.000161495119169381,0.0451812086498254
"3GCR-Kp","Precipitation",3,1537.00195694716,0.000158195412320799,0.0442580554029917
"3GCR-Kp","Precipitation",3,1543.51467710372,0.000155065769334442,0.043382480627151
"3GCR-Kp","Precipitation",3,1550.02739726027,0.000152085323343799,0.0425486464353477
"3GCR-Kp","Precipitation",3,1556.54011741683,0.000149233938601078,0.0417509194844379
"3GCR-Kp","Precipitation",3,1563.05283757339,0.000146513665952044,0.0409898735359749
"3GCR-Kp","Precipitation",3,1569.56555772994,0.000143877126719926,0.04025225353995
"3GCR-Kp","Precipitation",3,1576.0782778865,0.000141308394795953,0.0395336038766078
"3GCR-Kp","Precipitation",3,1582.59099804305,0.000138796180854664,0.038830766150996
"3GCR-Kp","Precipitation",3,1589.10371819961,0.00013633101784184,0.0381410917818195
"3GCR-Kp","Precipitation",3,1595.61643835616,0.000133909486946195,0.0374636242941898
"3GCR-Kp","Precipitation",3,1602.12915851272,0.000131526527380425,0.0367969478404437
"3GCR-Kp","Precipitation",3,1608.64187866928,0.000129175493355707,0.0361392031397992
"3GCR-Kp","Precipitation",3,1615.15459882583,0.000126857550425465,0.0354907162771107
"3GCR-Kp","Precipitation",3,1621.66731898239,0.000124575297092809,0.0348522142310746
"3GCR-Kp","Precipitation",3,1628.18003913894,0.000122332695132348,0.0342248053804837
"3GCR-Kp","Precipitation",3,1634.6927592955,0.00012015115605455,0.033614479986387
"3GCR-Kp","Precipitation",3,1641.20547945205,0.000118027974410882,0.0330204811501535
"3GCR-Kp","Precipitation",3,1647.71819960861,0.000115970784955013,0.0324449448335396
"3GCR-Kp","Precipitation",3,1654.23091976517,0.000113987855476162,0.0318901841015582
"3GCR-Kp","Precipitation",3,1660.74363992172,0.000112087557247748,0.0313585409708154
"3GCR-Kp","Precipitation",3,1667.25636007828,0.000110293141676698,0.0308565204469935
"3GCR-Kp","Precipitation",3,1673.76908023483,0.000108616825941184,0.0303875405087837
"3GCR-Kp","Precipitation",3,1680.28180039139,0.000107051575186379,0.0299496330270848
"3GCR-Kp","Precipitation",3,1686.79452054795,0.000105602757075274,0.029544299703637
"3GCR-Kp","Precipitation",3,1693.3072407045,0.000104274759110914,0.0291727680225381
"3GCR-Kp","Precipitation",3,1699.81996086106,0.000103072074055978,0.0288362949161894
"3GCR-Kp","Precipitation",3,1706.33268101761,0.000102030688323448,0.0285449482407702
"3GCR-Kp","Precipitation",3,1712.84540117417,0.000101114354517852,0.0282885871254841
"3GCR-Kp","Precipitation",3,1719.35812133072,0.000100320213271664,0.0280664116100508
"3GCR-Kp","Precipitation",3,1725.87084148728,9.96441613943622e-05,0.027877273751993
"3GCR-Kp","Precipitation",3,1732.38356164384,9.90808772152329e-05,0.0277196847167498
"3GCR-Kp","Precipitation",3,1738.89628180039,9.86387753624124e-05,0.0275959986502018
"3GCR-Kp","Precipitation",3,1745.40900195695,9.83003792443737e-05,0.0275013261567293
"3GCR-Kp","Precipitation",3,1751.9217221135,9.80422060329921e-05,0.0274290974863446
"3GCR-Kp","Precipitation",3,1758.43444227006,9.78533309800581e-05,0.0273762562412392
"3GCR-Kp","Precipitation",3,1764.94716242661,9.77223326597009e-05,0.0273396070689591
"3GCR-Kp","Precipitation",3,1771.45988258317,9.76381445966946e-05,0.027316053920975
"3GCR-Kp","Precipitation",3,1777.97260273973,9.75899693304238e-05,0.0273025760105072
"3GCR-Kp","Precipitation",3,1784.48532289628,9.75540463002241e-05,0.0272925258868184
"3GCR-Kp","Precipitation",3,1790.99804305284,9.75190290600078e-05,0.0272827291744181
"3GCR-Kp","Precipitation",3,1797.51076320939,9.74741507748923e-05,0.0272701736546348
"3GCR-Kp","Precipitation",3,1804.02348336595,9.74092917350167e-05,0.0272520281538387
"3GCR-Kp","Precipitation",3,1810.5362035225,9.73075619377655e-05,0.02722356738537
"3GCR-Kp","Precipitation",3,1817.04892367906,9.71597829129977e-05,0.0271822235045986
"3GCR-Kp","Precipitation",3,1823.56164383562,9.69640767333829e-05,0.027127471127061
"3GCR-Kp","Precipitation",3,1830.07436399217,9.67163670825299e-05,0.0270581698288092
"3GCR-Kp","Precipitation",3,1836.58708414873,9.6413737686989e-05,0.0269735037290916
"3GCR-Kp","Precipitation",3,1843.09980430528,9.60518888963088e-05,0.0268722699221785
"3GCR-Kp","Precipitation",3,1849.61252446184,9.56200658793506e-05,0.0267514595476648
"3GCR-Kp","Precipitation",3,1856.1252446184,9.51345764632037e-05,0.026615635017976
"3GCR-Kp","Precipitation",3,1862.63796477495,9.45987441831231e-05,0.0264657261527908
"3GCR-Kp","Precipitation",3,1869.15068493151,9.40165870128773e-05,0.0263028570536431
"3GCR-Kp","Precipitation",3,1875.66340508806,9.33927494990407e-05,0.0261283271172511
"3GCR-Kp","Precipitation",3,1882.17612524462,9.27270902148133e-05,0.0259420967768851
"3GCR-Kp","Precipitation",3,1888.68884540117,9.20320686936786e-05,0.0257476518145604
"3GCR-Kp","Precipitation",3,1895.20156555773,9.13163981305566e-05,0.0255474299056677
"3GCR-Kp","Precipitation",3,1901.71428571429,9.05853292885187e-05,0.0253429000470603
"3GCR-Kp","Precipitation",3,1908.22700587084,8.98437159532218e-05,0.0251354201739107
"3GCR-Kp","Precipitation",3,1914.7397260274,8.90958449630791e-05,0.0249261896075469
"3GCR-Kp","Precipitation",3,1921.25244618395,8.83461425619878e-05,0.0247164466705269
"3GCR-Kp","Precipitation",3,1927.76516634051,8.75972158054274e-05,0.0245069207342285
"3GCR-Kp","Precipitation",3,1934.27788649706,8.68493737636438e-05,0.0242976982666968
"3GCR-Kp","Precipitation",3,1940.79060665362,8.61019675568201e-05,0.024088597731954
"3GCR-Kp","Precipitation",3,1947.30332681018,8.53533877717311e-05,0.0238791688672607
"3GCR-Kp","Precipitation",3,1953.81604696673,8.45985581738229e-05,0.0236679915033035
"3GCR-Kp","Precipitation",3,1960.32876712329,8.38314466107856e-05,0.0234533780353204
"3GCR-Kp","Precipitation",3,1966.84148727984,8.30465417816466e-05,0.0232337865762225
"3GCR-Kp","Precipitation",3,1973.3542074364,8.2237418350044e-05,0.0230074195208296
"3GCR-Kp","Precipitation",3,1979.86692759295,8.13971757878783e-05,0.0227723463203953
"3GCR-Kp","Precipitation",3,1986.37964774951,8.051442132715e-05,0.0225253796400283
"3GCR-Kp","Precipitation",3,1992.89236790607,7.95713837558535e-05,0.0222615476586501
"3GCR-Kp","Precipitation",3,1999.40508806262,7.8568813719529e-05,0.021981060383058
"3GCR-Kp","Precipitation",3,2005.91780821918,7.74997898287895e-05,0.0216819814281795
"3GCR-Kp","Precipitation",3,2012.43052837573,7.63579076500795e-05,0.0213625190367762
"3GCR-Kp","Precipitation",3,2018.94324853229,7.51373486143692e-05,0.0210210453579091
"3GCR-Kp","Precipitation",3,2025.45596868885,7.38120253959923e-05,0.0206502619858423
"3GCR-Kp","Precipitation",3,2031.9686888454,7.23927823706624e-05,0.020253202832711
"3GCR-Kp","Precipitation",3,2038.48140900196,7.08829973192233e-05,0.0198308128943878
"3GCR-Kp","Precipitation",3,2044.99412915851,6.92826632179798e-05,0.0193830902058656
"3GCR-Kp","Precipitation",3,2051.50684931507,6.75929284783006e-05,0.0189103560561962
"3GCR-Kp","Precipitation",3,2058.01956947162,6.58081336388467e-05,0.0184110271077224
"3GCR-Kp","Precipitation",3,2064.53228962818,6.39282005139461e-05,0.0178850814865747
"3GCR-Kp","Precipitation",3,2071.04500978474,6.19763092498024e-05,0.0173390042619464
"3GCR-Kp","Precipitation",3,2077.55772994129,5.99602902693261e-05,0.0167749861376377
"3GCR-Kp","Precipitation",3,2084.07045009785,5.78888597005057e-05,0.0161954656096189
"3GCR-Kp","Precipitation",3,2090.5831702544,5.5771571723299e-05,0.015603115634202
"3GCR-Kp","Precipitation",3,2097.09589041096,5.36148984023304e-05,0.0149997468896519
"3GCR-Kp","Precipitation",3,2103.60861056751,5.1442351058692e-05,0.0143919370973844
"3GCR-Kp","Precipitation",3,2110.12133072407,4.92669884047828e-05,0.0137833396706583
"3GCR-Kp","Precipitation",3,2116.63405088063,4.71008036921166e-05,0.0131773099405933
"3GCR-Kp","Precipitation",3,2123.14677103718,4.4955767286388e-05,0.0125771968355833
"3GCR-Kp","Precipitation",3,2129.65949119374,4.28497212450853e-05,0.0119879919970245
"3GCR-Kp","Precipitation",3,2136.17221135029,4.08028913767257e-05,0.011415353964193
"3GCR-Kp","Precipitation",3,2142.68493150685,3.8819395738806e-05,0.0108604348388733
"3GCR-Kp","Precipitation",3,2149.1976516634,3.69085265581417e-05,0.0103258342912025
"3GCR-Kp","Precipitation",3,2155.71037181996,3.5078774353006e-05,0.00981392769871278
"3GCR-Kp","Precipitation",3,2162.22309197652,3.33377856805079e-05,0.00932685432538922
"3GCR-Kp","Precipitation",3,2168.73581213307,3.17203282414395e-05,0.00887434107042136
"3GCR-Kp","Precipitation",3,2175.24853228963,3.02079959405116e-05,0.00845123849253833
"3GCR-Kp","Precipitation",3,2181.76125244618,2.88016964782385e-05,0.0080578005375345
"3GCR-Kp","Precipitation",3,2188.27397260274,2.75029549379975e-05,0.00769445387533426
"3GCR-Kp","Precipitation",3,2194.7866927593,2.63122562181056e-05,0.00736133416509651
"3GCR-Kp","Precipitation",3,2201.29941291585,2.52431338154855e-05,0.00706222764972054
"3GCR-Kp","Precipitation",3,2207.81213307241,2.42933410163481e-05,0.0067965057699966
"3GCR-Kp","Precipitation",3,2214.32485322896,2.3442376545654e-05,0.00655843291985868
"3GCR-Kp","Precipitation",3,2220.83757338552,2.26853438862009e-05,0.00634663920920412
"3GCR-Kp","Precipitation",3,2227.35029354207,2.20167087486028e-05,0.00615957631951555
"3GCR-Kp","Precipitation",3,2233.86301369863,2.14304137365493e-05,0.00599554958356101
"3GCR-Kp","Precipitation",3,2240.37573385519,2.09376102339554e-05,0.00585767880462616
"3GCR-Kp","Precipitation",3,2246.88845401174,2.05071649692817e-05,0.00573725388147319
"3GCR-Kp","Precipitation",3,2253.4011741683,2.01315955707416e-05,0.00563218148395925
"3GCR-Kp","Precipitation",3,2259.91389432485,1.98034826424016e-05,0.00554038590058629
"3GCR-Kp","Precipitation",3,2266.42661448141,1.95155190704025e-05,0.0054598228328171
"3GCR-Kp","Precipitation",3,2272.93933463796,1.92640514902474e-05,0.0053894701852195
"3GCR-Kp","Precipitation",3,2279.45205479452,1.90382298231822e-05,0.00532629245012879
"3GCR-Kp","Precipitation",3,2285.96477495108,1.88283489430667e-05,0.00526757444128196
"3GCR-Kp","Precipitation",3,2292.47749510763,1.86295404534929e-05,0.0052119541358821
"3GCR-Kp","Precipitation",3,2298.99021526419,1.8437542753623e-05,0.00515823927327372
"3GCR-Kp","Precipitation",3,2305.50293542074,1.82487153840985e-05,0.00510541136847285
"3GCR-Kp","Precipitation",3,2312.0156555773,1.80593985658887e-05,0.00505244653146445
"3GCR-Kp","Precipitation",3,2318.52837573386,1.78678069467349e-05,0.00499884527735184
"3GCR-Kp","Precipitation",3,2325.04109589041,1.7673610488297e-05,0.0049445152718825
"3GCR-Kp","Precipitation",3,2331.55381604697,1.74770603525633e-05,0.00488952678220921
"3GCR-Kp","Precipitation",3,2338.06653620352,1.72789635563646e-05,0.00483410558602724
"3GCR-Kp","Precipitation",3,2344.57925636008,1.70812440380562e-05,0.00477878994022455
"3GCR-Kp","Precipitation",3,2351.09197651663,1.68872739996275e-05,0.00472452327988749
"3GCR-Kp","Precipitation",3,2357.60469667319,1.66997083960682e-05,0.0046720483771565
"3GCR-Kp","Precipitation",3,2364.11741682975,1.65213449385603e-05,0.00462214794282376
"3GCR-Kp","Precipitation",3,2370.6301369863,1.63550430818253e-05,0.00457562196156411
"3GCR-Kp","Precipitation",3,2377.14285714286,1.62043816627105e-05,0.00453347167833874
"3GCR-Kp","Precipitation",3,2383.65557729941,1.60772601985187e-05,0.00449790712736618
"3GCR-Kp","Precipitation",3,2390.16829745597,1.59719937049373e-05,0.00446845690351546
"3GCR-Kp","Precipitation",3,2396.68101761252,1.58902668825539e-05,0.00444559233254028
"3GCR-Kp","Precipitation",3,2403.19373776908,1.58333321135424e-05,0.00442966379122356
"3GCR-Kp","Precipitation",3,2409.70645792564,1.58019871301493e-05,0.00442089445972863
"3GCR-Kp","Precipitation",3,2416.21917808219,1.58012080477336e-05,0.00442067649719602
"3GCR-Kp","Precipitation",3,2422.73189823875,1.58273212126501e-05,0.00442798213193388
"3GCR-Kp","Precipitation",3,2429.2446183953,1.58759248843623e-05,0.00444157989664698
"3GCR-Kp","Precipitation",3,2435.75733855186,1.59446052411207e-05,0.00446079448062205
"3GCR-Kp","Precipitation",3,2442.27005870841,1.60304451502379e-05,0.00448480976272007
"3GCR-Kp","Precipitation",3,2448.78277886497,1.61304562430983e-05,0.00451278969225023
"3GCR-Kp","Precipitation",3,2455.29549902153,1.62398273263394e-05,0.00454338825001215
"3GCR-Kp","Precipitation",3,2461.80821917808,1.63505651933594e-05,0.00457436919049506
"3GCR-Kp","Precipitation",3,2468.32093933464,1.64576527221476e-05,0.00460432888219882
"3GCR-Kp","Precipitation",3,2474.83365949119,1.65559648333949e-05,0.00463183349059759
"3GCR-Kp","Precipitation",3,2481.34637964775,1.66403072578447e-05,0.00465542982401435
"3GCR-Kp","Precipitation",3,2487.85909980431,1.6699720696436e-05,0.00467205181840898
"3GCR-Kp","Precipitation",3,2494.37181996086,1.67294447921894e-05,0.00468036767698769
"3GCR-Kp","Precipitation",3,2500.88454011742,1.67267362061351e-05,0.0046796099005775
"3GCR-Kp","Precipitation",3,2507.39726027397,1.66875990024366e-05,0.00466866055315841
"3GCR-Kp","Precipitation",3,2513.90998043053,1.66084532840649e-05,0.00464651809316406
"3GCR-Kp","Precipitation",3,2520.42270058708,1.64827555948704e-05,0.00461135186924655
"3GCR-Kp","Precipitation",3,2526.93542074364,1.63006935520306e-05,0.00456041668812735
"3GCR-Kp","Precipitation",3,2533.4481409002,1.60706659945513e-05,0.00449606227838955
"3GCR-Kp","Precipitation",3,2539.96086105675,1.57923548407705e-05,0.0044181996508797
"3GCR-Kp","Precipitation",3,2546.47358121331,1.54660258064064e-05,0.00432690314442221
"3GCR-Kp","Precipitation",3,2552.98630136986,1.50925235636159e-05,0.00422240907147753
"3GCR-Kp","Precipitation",3,2559.49902152642,1.4663898023085e-05,0.00410249324938349
"3GCR-Kp","Precipitation",3,2566.01174168297,1.41913735635584e-05,0.00397029590306229
"3GCR-Kp","Precipitation",3,2572.52446183953,1.36810720275641e-05,0.00382752972975209
"3GCR-Kp","Precipitation",3,2579.03718199609,1.313669820555e-05,0.0036752312122339
"3GCR-Kp","Precipitation",3,2585.54990215264,1.25622768197364e-05,0.00351452634004426
"3GCR-Kp","Precipitation",3,2592.0626223092,1.19604214203113e-05,0.00334614630157432
"3GCR-Kp","Precipitation",3,2598.57534246575,1.13363203018111e-05,0.00317154261696405
"3GCR-Kp","Precipitation",3,2605.08806262231,1.06997496264007e-05,0.00299345034610159
"3GCR-Kp","Precipitation",3,2611.60078277886,1.00554934223164e-05,0.00281320790824719
"3GCR-Kp","Precipitation",3,2618.11350293542,9.40826239007631e-06,0.00263213320789287
"3GCR-Kp","Precipitation",3,2624.62622309198,8.76266823593612e-06,0.00245151645407802
"3GCR-Kp","Precipitation",3,2631.13894324853,8.12639258796684e-06,0.00227350672252971
"3GCR-Kp","Precipitation",3,2637.65166340509,7.50375122758538e-06,0.00209931143190981
"3GCR-Kp","Precipitation",3,2644.16438356164,6.89790552145799e-06,0.00192981503227291
"3GCR-Kp","Precipitation",3,2650.6771037182,6.31203468146856e-06,0.00176590696619911
"3GCR-Kp","Precipitation",3,2657.18982387476,5.74900674356421e-06,0.00160838961911782
"3GCR-Kp","Precipitation",3,2663.70254403131,5.21448569108084e-06,0.00145884759379726
"3GCR-Kp","Precipitation",3,2670.21526418787,4.71341540911247e-06,0.00131866403237275
"3GCR-Kp","Precipitation",3,2676.72798434442,4.24246938717059e-06,0.00118690828278972
"3GCR-Kp","Precipitation",3,2683.24070450098,3.80262208910409e-06,0.0010638529691046
"3GCR-Kp","Precipitation",3,2689.75342465753,3.39457653052421e-06,0.000949694772772388
"3GCR-Kp","Precipitation",3,2696.26614481409,3.01877409442219e-06,0.000844557178744982
"3GCR-Kp","Precipitation",3,2702.77886497065,2.68381989825094e-06,0.000750847625767872
"3GCR-Kp","Precipitation",3,2709.2915851272,2.38167578009083e-06,0.000666317291259176
"3GCR-Kp","Precipitation",3,2715.80430528376,2.11102753987323e-06,0.000590598503751088
"3GCR-Kp","Precipitation",3,2722.31702544031,1.87127805031142e-06,0.00052352420598101
"3GCR-Kp","Precipitation",3,2728.82974559687,1.66174164819908e-06,0.000464902571146079
"3GCR-Kp","Precipitation",3,2735.34246575342,1.48526025286841e-06,0.00041552867807576
"3GCR-Kp","Precipitation",3,2741.85518590998,1.34145443525765e-06,0.000375296374561275
"3GCR-Kp","Precipitation",3,2748.36790606654,1.2248134549851e-06,0.000342663930349218
"3GCR-Kp","Precipitation",3,2754.88062622309,1.13456310495691e-06,0.000317414746867289
"3GCR-Kp","Precipitation",3,2761.39334637965,1.06996867981385e-06,0.000299343276874795
"3GCR-Kp","Precipitation",3,2767.9060665362,1.03034050083129e-06,0.000288256570154292
"3GCR-Kp","Precipitation",3,2774.41878669276,1.02162977583892e-06,0.000285819585771135
"3GCR-Kp","Precipitation",3,2780.93150684931,1.03651820727253e-06,0.000289984896342318
"3GCR-Kp","Precipitation",3,2787.44422700587,1.07442722736175e-06,0.000300590636968852
"3GCR-Kp","Precipitation",3,2793.95694716243,1.13499549435597e-06,0.000317535715697541
"3GCR-Kp","Precipitation",3,2800.46966731898,1.21790097647024e-06,0.000340730038255924
"3GCR-Kp","Precipitation",3,2806.98238747554,1.32601489423051e-06,0.000370976881017491
"3GCR-Kp","Precipitation",3,2813.49510763209,1.45882006466476e-06,0.000408131552601542
"3GCR-Kp","Precipitation",3,2820.00782778865,1.61288546714824e-06,0.000451234162334438
"3GCR-Kp","Precipitation",3,2826.52054794521,1.78785753002345e-06,0.000500185792088424
"3GCR-Kp","Precipitation",3,2833.03326810176,1.98332266685494e-06,0.000554870733505677
"3GCR-Kp","Precipitation",3,2839.54598825832,2.19900835385599e-06,0.000615212743080311
"3GCR-Kp","Precipitation",3,2846.05870841487,2.4390848088559e-06,0.000682378515402415
"3GCR-Kp","Precipitation",3,2852.57142857143,2.69708438665897e-06,0.000754558608622826
"3GCR-Kp","Precipitation",3,2859.08414872798,2.97193680891735e-06,0.000831453592829384
"3GCR-Kp","Precipitation",3,2865.59686888454,3.26242215817231e-06,0.000912722173836098
"3GCR-Kp","Precipitation",3,2872.1095890411,3.56716888453237e-06,0.000997980635514956
"3GCR-Kp","Precipitation",3,2878.62230919765,3.88624410413835e-06,0.00108724775483196
"3GCR-Kp","Precipitation",3,2885.13502935421,4.21624066051048e-06,0.00117957031754381
"3GCR-Kp","Precipitation",3,2891.64774951076,4.55350760539712e-06,0.00127392690420715
"3GCR-Kp","Precipitation",3,2898.16046966732,4.89580731976239e-06,0.00136969150003554
"3GCR-Kp","Precipitation",3,2904.67318982387,5.24080041262839e-06,0.00146620961768329
"3GCR-Kp","Precipitation",3,2911.18590998043,5.58595616892087e-06,0.00156277324339499
"3GCR-Kp","Precipitation",3,2917.69863013699,5.92684838181925e-06,0.00165814406498563
"3GCR-Kp","Precipitation",3,2924.21135029354,6.2609004969457e-06,0.00175160124431756
"3GCR-Kp","Precipitation",3,2930.7240704501,6.58565345223894e-06,0.00184245681387419
"3GCR-Kp","Precipitation",3,2937.23679060665,6.8987439490784e-06,0.00193004959771025
"3GCR-Kp","Precipitation",3,2943.74951076321,7.19792190479143e-06,0.00201375009410928
"3GCR-Kp","Precipitation",3,2950.26223091976,7.47763643831405e-06,0.00209200534272902
"3GCR-Kp","Precipitation",3,2956.77495107632,7.73653195510472e-06,0.00216443609124196
"3GCR-Kp","Precipitation",3,2963.28767123288,7.97516291430993e-06,0.00223119745971929
"3GCR-Kp","Precipitation",3,2969.80039138943,8.19264357296856e-06,0.00229204164539311
"3GCR-Kp","Precipitation",3,2976.31311154599,8.38839908891606e-06,0.00234680782567068
"3GCR-Kp","Precipitation",3,2982.82583170254,8.56116242979417e-06,0.00239514152511251
"3GCR-Kp","Precipitation",3,2989.3385518591,8.7073012811738e-06,0.00243602653742736
"3GCR-Kp","Precipitation",3,2995.85127201566,8.83323652787296e-06,0.00247125922239485
"3GCR-Kp","Precipitation",3,3002.36399217221,8.94042078493351e-06,0.00250124597559914
"3GCR-Kp","Precipitation",3,3008.87671232877,9.03061320673578e-06,0.00252647895260204
"3GCR-Kp","Precipitation",3,3015.38943248532,9.10586778034094e-06,0.00254753279379176
"3GCR-Kp","Precipitation",3,3021.90215264188,9.16694357875839e-06,0.00256461986370413
"3GCR-Kp","Precipitation",3,3028.41487279843,9.21943212912249e-06,0.00257930449416185
"3GCR-Kp","Precipitation",3,3034.92759295499,9.26742552254635e-06,0.00259273152237948
"3GCR-Kp","Precipitation",3,3041.44031311155,9.31403104354847e-06,0.00260577026794319
"3GCR-Kp","Precipitation",3,3047.9530332681,9.36238238773818e-06,0.0026192974394241
"3GCR-Kp","Precipitation",3,3054.46575342466,9.41622464459916e-06,0.00263436079399435
"3GCR-Kp","Precipitation",3,3060.97847358121,9.48147072326766e-06,0.00265261457596044
"3GCR-Kp","Precipitation",3,3067.49119373777,9.55956847771183e-06,0.0026744638489092
"3GCR-Kp","Precipitation",3,3074.00391389432,9.6528360825802e-06,0.00270055716453076
"3GCR-Kp","Precipitation",3,3080.51663405088,9.76329774068016e-06,0.00273146083052443
"3GCR-Kp","Precipitation",3,3087.02935420744,9.89266546214032e-06,0.00276765381298673
"3GCR-Kp","Precipitation",3,3093.54207436399,1.00469417097916e-05,0.00281081541050557
"3GCR-Kp","Precipitation",3,3100.05479452055,1.02238538223886e-05,0.00286030980459647
"3GCR-Kp","Precipitation",3,3106.5675146771,1.04217250742047e-05,0.00291566790061872
"3GCR-Kp","Precipitation",3,3113.08023483366,1.06398813764058e-05,0.00297670110991149
"3GCR-Kp","Precipitation",3,3119.59295499022,1.08772328443148e-05,0.00304310451733391
"3GCR-Kp","Precipitation",3,3126.10567514677,1.11334683959671e-05,0.00311479109202577
"3GCR-Kp","Precipitation",3,3132.61839530333,1.14069296512389e-05,0.00319129687186372
"3GCR-Kp","Precipitation",3,3139.13111545988,1.1691074362395e-05,0.0032707915435759
"3GCR-Kp","Precipitation",3,3145.64383561644,1.1982662422516e-05,0.00335236862808398
"3GCR-Kp","Precipitation",3,3152.15655577299,1.22782118672563e-05,0.00343505398227817
"3GCR-Kp","Precipitation",3,3158.66927592955,1.25740197104832e-05,0.00351781162816761
"3GCR-Kp","Precipitation",3,3165.18199608611,1.28636336361373e-05,0.00359883641250889
"3GCR-Kp","Precipitation",3,3171.69471624266,1.31419305595832e-05,0.0036766950588227
"3GCR-Kp","Precipitation",3,3178.20743639922,1.34050573572657e-05,0.00375030958543254
"3GCR-Kp","Precipitation",3,3184.72015655577,1.36489781458564e-05,0.00381855088027804
"3GCR-Kp","Precipitation",3,3191.23287671233,1.38697548725837e-05,0.00388031720118356
"3GCR-Kp","Precipitation",3,3197.74559686888,1.40602914627168e-05,0.00393362329166176
"3GCR-Kp","Precipitation",3,3204.25831702544,1.42125458645324e-05,0.00397621924088712
"3GCR-Kp","Precipitation",3,3210.771037182,1.43287715645806e-05,0.00400873550287298
"3GCR-Kp","Precipitation",3,3217.28375733855,1.44064308546105e-05,0.00403046210739507
"3GCR-Kp","Precipitation",3,3223.79647749511,1.44433252220791e-05,0.00404078398042241
"3GCR-Kp","Precipitation",3,3230.30919765166,1.44376065956992e-05,0.0040391840902648
"3GCR-Kp","Precipitation",3,3236.82191780822,1.43762874184489e-05,0.00402202893067961
"3GCR-Kp","Precipitation",3,3243.33463796477,1.42683221667219e-05,0.00399182367995564
"3GCR-Kp","Precipitation",3,3249.84735812133,1.41152920037133e-05,0.00394901069737033
"3GCR-Kp","Precipitation",3,3256.36007827789,1.39176826372227e-05,0.00389372586855018
"3GCR-Kp","Precipitation",3,3262.87279843444,1.36763578203743e-05,0.00382621084420463
"3GCR-Kp","Precipitation",3,3269.385518591,1.33878257362208e-05,0.0037454887247786
"3GCR-Kp","Precipitation",3,3275.89823874755,1.30531593713397e-05,0.00365185969786101
"3GCR-Kp","Precipitation",3,3282.41095890411,1.26819926295623e-05,0.00354801902397332
"3GCR-Kp","Precipitation",3,3288.92367906067,1.22770968844523e-05,0.00343474204547805
"3GCR-Kp","Precipitation",3,3295.43639921722,1.18414661488671e-05,0.00331286639214571
"3GCR-Kp","Precipitation",3,3301.94911937378,1.13783012169179e-05,0.00318328754457862
"3GCR-Kp","Precipitation",3,3308.46183953033,1.08861731962928e-05,0.00304560574405951
"3GCR-Kp","Precipitation",3,3314.97455968689,1.03761189885858e-05,0.00290290876535417
"3GCR-Kp","Precipitation",3,3321.48727984344,9.85218953793008e-06,0.00275632993405811
"3GCR-Kp","Precipitation",3,3328,9.31807775132357e-06,0.0026069024083402
"3GCR-Kp","WetDays",1,0,0.000214172566778769,0.0104333586292072
"3GCR-Kp","WetDays",1,0.610567514677104,0.000222390482659215,0.0108336921773124
"3GCR-Kp","WetDays",1,1.22113502935421,0.000230539168010909,0.0112306531789453
"3GCR-Kp","WetDays",1,1.83170254403131,0.000238604510776623,0.0116235541690571
"3GCR-Kp","WetDays",1,2.44227005870841,0.000246539184523198,0.0120100896532646
"3GCR-Kp","WetDays",1,3.05283757338552,0.000254302257643794,0.0123882656594175
"3GCR-Kp","WetDays",1,3.66340508806262,0.000261911591528247,0.0127589523002882
"3GCR-Kp","WetDays",1,4.27397260273973,0.000269355151207817,0.0131215632956315
"3GCR-Kp","WetDays",1,4.88454011741683,0.000276555908941808,0.0134723462599052
"3GCR-Kp","WetDays",1,5.49510763209393,0.000283505018714573,0.0138108702618511
"3GCR-Kp","WetDays",1,6.10567514677104,0.000290235546303482,0.0141387460918653
"3GCR-Kp","WetDays",1,6.71624266144814,0.000296739799659058,0.0144555990338392
"3GCR-Kp","WetDays",1,7.32681017612524,0.000302916018559278,0.0147564718660962
"3GCR-Kp","WetDays",1,7.93737769080235,0.000308807460615618,0.0150434718714726
"3GCR-Kp","WetDays",1,8.54794520547945,0.000314449706726516,0.0153183323638066
"3GCR-Kp","WetDays",1,9.15851272015655,0.000319841466333509,0.0155809904738919
"3GCR-Kp","WetDays",1,9.76908023483366,0.000324873594667618,0.0158261292438456
"3GCR-Kp","WetDays",1,10.3796477495108,0.000329643403644654,0.0160584891973107
"3GCR-Kp","WetDays",1,10.9902152641879,0.000334179841931369,0.0162794805607539
"3GCR-Kp","WetDays",1,11.600782778865,0.00033848958515441,0.0164894285355205
"3GCR-Kp","WetDays",1,12.2113502935421,0.000342487050726594,0.0166841639890373
"3GCR-Kp","WetDays",1,12.8219178082192,0.000346301003816232,0.0168699596816307
"3GCR-Kp","WetDays",1,13.4324853228963,0.000349951930887976,0.017047813605882
"3GCR-Kp","WetDays",1,14.0430528375734,0.000353450714466267,0.0172182559010243
"3GCR-Kp","WetDays",1,14.6536203522505,0.000356792841443179,0.0173810667122263
"3GCR-Kp","WetDays",1,15.2641878669276,0.000360074863979738,0.0175409495518826
"3GCR-Kp","WetDays",1,15.8747553816047,0.000363321557733014,0.0176991113594223
"3GCR-Kp","WetDays",1,16.4853228962818,0.000366563393533784,0.0178570365131203
"3GCR-Kp","WetDays",1,17.0958904109589,0.000369884255377558,0.0180188113991164
"3GCR-Kp","WetDays",1,17.706457925636,0.000373319267552626,0.0181861470876092
"3GCR-Kp","WetDays",1,18.3170254403131,0.000376901175248582,0.0183606387516477
"3GCR-Kp","WetDays",1,18.9275929549902,0.000380709753009591,0.0185461725865616
"3GCR-Kp","WetDays",1,19.5381604696673,0.000384883888579197,0.0187495144711907
"3GCR-Kp","WetDays",1,20.1487279843444,0.000389394241050853,0.0189692350712128
"3GCR-Kp","WetDays",1,20.7592954990215,0.000394279875571523,0.0192072374346903
"3GCR-Kp","WetDays",1,21.3698630136986,0.000399706364934662,0.0194715873954473
"3GCR-Kp","WetDays",1,21.9804305283757,0.000405809714113624,0.019768910398954
"3GCR-Kp","WetDays",1,22.5909980430528,0.000412506346026735,0.0200951350102949
"3GCR-Kp","WetDays",1,23.2015655577299,0.000419839263248705,0.0204523560882592
"3GCR-Kp","WetDays",1,23.812133072407,0.000428098310282671,0.0208546933293768
"3GCR-Kp","WetDays",1,24.4227005870841,0.000437340715368459,0.0213049345918633
"3GCR-Kp","WetDays",1,25.0332681017613,0.000447450786504768,0.0217974439711848
"3GCR-Kp","WetDays",1,25.6438356164384,0.000458472394287917,0.0223343586115684
"3GCR-Kp","WetDays",1,26.2544031311155,0.000470853636941359,0.0229375074967009
"3GCR-Kp","WetDays",1,26.8649706457926,0.000484489077843998,0.0236017543101201
"3GCR-Kp","WetDays",1,27.4755381604697,0.000499261651315345,0.0243213962288822
"3GCR-Kp","WetDays",1,28.0861056751468,0.000515212388742711,0.0250984320859158
"3GCR-Kp","WetDays",1,28.6966731898239,0.000532969176139849,0.0259634491784564
"3GCR-Kp","WetDays",1,29.307240704501,0.000552185371302129,0.026899560925317
"3GCR-Kp","WetDays",1,29.9178082191781,0.000572776931882696,0.027902673226315
"3GCR-Kp","WetDays",1,30.5283757338552,0.000594777803475491,0.0289744397318725
"3GCR-Kp","WetDays",1,31.1389432485323,0.000618995793125929,0.0301542125435905
"3GCR-Kp","WetDays",1,31.7495107632094,0.000644786215962782,0.0314105860124379
"3GCR-Kp","WetDays",1,32.3600782778865,0.000672129660899145,0.0327426145325692
"3GCR-Kp","WetDays",1,32.9706457925636,0.000701109773012004,0.0341543728512731
"3GCR-Kp","WetDays",1,33.5812133072407,0.000732500098129905,0.0356835440442428
"3GCR-Kp","WetDays",1,34.1917808219178,0.000765525156523577,0.0372923508263346
"3GCR-Kp","WetDays",1,34.8023483365949,0.000800190090361568,0.0389810436968976
"3GCR-Kp","WetDays",1,35.412915851272,0.000836671601989172,0.0407582306628621
"3GCR-Kp","WetDays",1,36.0234833659491,0.000875498201259259,0.0426496579386802
"3GCR-Kp","WetDays",1,36.6340508806262,0.000915948181424383,0.0446201677754652
"3GCR-Kp","WetDays",1,37.2446183953033,0.000958006513542929,0.0466690280423936
"3GCR-Kp","WetDays",1,37.8551859099804,0.0010019197123938,0.0488082476402057
"3GCR-Kp","WetDays",1,38.4657534246575,0.0010479229509155,0.0510492829549553
"3GCR-Kp","WetDays",1,39.0763209393346,0.00109540197627667,0.0533622108261984
"3GCR-Kp","WetDays",1,39.6868884540117,0.00114431935779387,0.055745207828321
"3GCR-Kp","WetDays",1,40.2974559686888,0.00119493913691648,0.0582111366690723
"3GCR-Kp","WetDays",1,40.9080234833659,0.00124721194602326,0.0607575924181432
"3GCR-Kp","WetDays",1,41.5185909980431,0.00130066726093465,0.0633616536174649
"3GCR-Kp","WetDays",1,42.1291585127202,0.00135524528121066,0.0660204071047873
"3GCR-Kp","WetDays",1,42.7397260273973,0.00141114839873734,0.0687437123460648
"3GCR-Kp","WetDays",1,43.3502935420744,0.00146811875140159,0.0715190076582445
"3GCR-Kp","WetDays",1,43.9608610567515,0.00152584036561526,0.0743309004734899
"3GCR-Kp","WetDays",1,44.5714285714286,0.00158423395364511,0.0771755283113349
"3GCR-Kp","WetDays",1,45.1819960861057,0.00164334349296649,0.0800550335225892
"3GCR-Kp","WetDays",1,45.7925636007828,0.00170284338569349,0.0829535546943572
"3GCR-Kp","WetDays",1,46.4031311154599,0.001762553374026,0.0858623106166895
"3GCR-Kp","WetDays",1,47.013698630137,0.00182238062784825,0.0887767790956189
"3GCR-Kp","WetDays",1,47.6242661448141,0.00188211284924284,0.0916866180955535
"3GCR-Kp","WetDays",1,48.2348336594912,0.00194154358654278,0.094581770379408
"3GCR-Kp","WetDays",1,48.8454011741683,0.0020005815745376,0.0974577899871526
"3GCR-Kp","WetDays",1,49.4559686888454,0.00205912913038648,0.100309918325633
"3GCR-Kp","WetDays",1,50.0665362035225,0.00211664031910907,0.103111560320029
"3GCR-Kp","WetDays",1,50.6771037181996,0.00217322659959242,0.105868145659857
"3GCR-Kp","WetDays",1,51.2876712328767,0.0022288198246637,0.108576354574036
"3GCR-Kp","WetDays",1,51.8982387475538,0.00228328686550424,0.111229701728193
"3GCR-Kp","WetDays",1,52.5088062622309,0.00233583715734583,0.113789674973596
"3GCR-Kp","WetDays",1,53.119373776908,0.0023869426470249,0.116279265072657
"3GCR-Kp","WetDays",1,53.7299412915851,0.00243652926745721,0.118694863867413
"3GCR-Kp","WetDays",1,54.3405088062622,0.00248435029614099,0.121024452337961
"3GCR-Kp","WetDays",1,54.9510763209393,0.00252966436581102,0.123231914978611
"3GCR-Kp","WetDays",1,55.5616438356164,0.00257312408216159,0.125349043299147
"3GCR-Kp","WetDays",1,56.1722113502935,0.0026146822401469,0.127373537718537
"3GCR-Kp","WetDays",1,56.7827788649706,0.00265395626770495,0.129286761342316
"3GCR-Kp","WetDays",1,57.3933463796477,0.00269044502776024,0.131064301413473
"3GCR-Kp","WetDays",1,58.0039138943249,0.00272486010144177,0.132740822414134
"3GCR-Kp","WetDays",1,58.614481409002,0.00275718761204184,0.134315648344237
"3GCR-Kp","WetDays",1,59.2250489236791,0.00278693016807489,0.135764548912174
"3GCR-Kp","WetDays",1,59.8356164383562,0.00281394208057058,0.13708042691918
"3GCR-Kp","WetDays",1,60.4461839530333,0.00283888397408772,0.138295464511855
"3GCR-Kp","WetDays",1,61.0567514677104,0.00286177757732237,0.139410720197746
"3GCR-Kp","WetDays",1,61.6673189823875,0.00288207594282168,0.140399549579707
"3GCR-Kp","WetDays",1,62.2778864970646,0.00290000157809298,0.141272792050742
"3GCR-Kp","WetDays",1,62.8884540117417,0.00291608640475474,0.142056360028541
"3GCR-Kp","WetDays",1,63.4990215264188,0.00293038537751742,0.142752930616951
"3GCR-Kp","WetDays",1,64.1095890410959,0.00294240161555548,0.143338298401026
"3GCR-Kp","WetDays",1,64.720156555773,0.00295263294263308,0.143836714730712
"3GCR-Kp","WetDays",1,65.3307240704501,0.00296144951130446,0.144266211487515
"3GCR-Kp","WetDays",1,65.9412915851272,0.00296893279413889,0.144630757585596
"3GCR-Kp","WetDays",1,66.5518590998043,0.00297475104848872,0.144914192271657
"3GCR-Kp","WetDays",1,67.1624266144814,0.00297950039491521,0.14514555539751
"3GCR-Kp","WetDays",1,67.7729941291585,0.00298340257316014,0.145335648954667
"3GCR-Kp","WetDays",1,68.3835616438356,0.00298655558433769,0.145489247040884
"3GCR-Kp","WetDays",1,68.9941291585127,0.00298889958652719,0.145603434473189
"3GCR-Kp","WetDays",1,69.6046966731898,0.00299090867390825,0.145701306621239
"3GCR-Kp","WetDays",1,70.2152641878669,0.0029927070070331,0.145788911932734
"3GCR-Kp","WetDays",1,70.825831702544,0.00299440041211367,0.145871405702948
"3GCR-Kp","WetDays",1,71.4363992172211,0.00299626706539801,0.145962339212523
"3GCR-Kp","WetDays",1,72.0469667318982,0.00299845465161792,0.146068906883201
"3GCR-Kp","WetDays",1,72.6575342465753,0.00300105818549594,0.146195737331476
"3GCR-Kp","WetDays",1,73.2681017612524,0.00300424000727733,0.146350738918461
"3GCR-Kp","WetDays",1,73.8786692759295,0.00300846085773776,0.146556356506354
"3GCR-Kp","WetDays",1,74.4892367906067,0.00301356457711035,0.146804982814373
"3GCR-Kp","WetDays",1,75.0998043052838,0.0030196284325844,0.147100381892733
"3GCR-Kp","WetDays",1,75.7103718199609,0.00302692176032317,0.147455674379737
"3GCR-Kp","WetDays",1,76.320939334638,0.00303587350128201,0.147891756017942
"3GCR-Kp","WetDays",1,76.9315068493151,0.00304613711930598,0.148391745392341
"3GCR-Kp","WetDays",1,77.5420743639922,0.00305776487813578,0.14895818851692
"3GCR-Kp","WetDays",1,78.1526418786693,0.00307115114149594,0.149610296713792
"3GCR-Kp","WetDays",1,78.7632093933464,0.00308652733234255,0.150359343689634
"3GCR-Kp","WetDays",1,79.3737769080235,0.00310347157211147,0.151184777744365
"3GCR-Kp","WetDays",1,79.9843444227006,0.00312200721025123,0.152087736340052
"3GCR-Kp","WetDays",1,80.5949119373777,0.00314263395851082,0.153092562799311
"3GCR-Kp","WetDays",1,81.2054794520548,0.00316529710199717,0.154196591700933
"3GCR-Kp","WetDays",1,81.8160469667319,0.00318959502700234,0.155380258541824
"3GCR-Kp","WetDays",1,82.426614481409,0.00321552169931014,0.156643269366775
"3GCR-Kp","WetDays",1,83.0371819960861,0.00324362743304323,0.158012432579341
"3GCR-Kp","WetDays",1,83.6477495107632,0.00327357037744498,0.159471095012428
"3GCR-Kp","WetDays",1,84.2583170254403,0.00330503163637548,0.161003721726881
"3GCR-Kp","WetDays",1,84.8688845401174,0.00333797848556191,0.162608718568608
"3GCR-Kp","WetDays",1,85.4794520547945,0.00337293159601151,0.164311449884816
"3GCR-Kp","WetDays",1,86.0900195694716,0.00340934181278983,0.166085163741493
"3GCR-Kp","WetDays",1,86.7005870841487,0.00344699696635313,0.167919524356732
"3GCR-Kp","WetDays",1,87.3111545988258,0.00348584297391031,0.169811897102003
"3GCR-Kp","WetDays",1,87.9217221135029,0.00352627981048986,0.171781766652574
"3GCR-Kp","WetDays",1,88.53228962818,0.00356769060121095,0.173799082115569
"3GCR-Kp","WetDays",1,89.1428571428571,0.00360995814851754,0.175858134243764
"3GCR-Kp","WetDays",1,89.7534246575342,0.00365302728330992,0.177956235489395
"3GCR-Kp","WetDays",1,90.3639921722113,0.00369705406321749,0.180100988157645
"3GCR-Kp","WetDays",1,90.9745596868885,0.00374156105889719,0.182269134407275
"3GCR-Kp","WetDays",1,91.5851272015656,0.00378647466293194,0.18445708847288
"3GCR-Kp","WetDays",1,92.1956947162427,0.00383173520311653,0.186661943439134
"3GCR-Kp","WetDays",1,92.8062622309198,0.00387723082520503,0.188878250356717
"3GCR-Kp","WetDays",1,93.4168297455969,0.00392274851282542,0.191095632190713
"3GCR-Kp","WetDays",1,94.027397260274,0.0039682185038035,0.193310690495688
"3GCR-Kp","WetDays",1,94.6379647749511,0.00401352765109551,0.195517913344025
"3GCR-Kp","WetDays",1,95.2485322896282,0.00405844953129385,0.197706270580701
"3GCR-Kp","WetDays",1,95.8590998043053,0.00410297950682038,0.199875536287349
"3GCR-Kp","WetDays",1,96.4696673189824,0.00414705975533735,0.202022893664437
"3GCR-Kp","WetDays",1,97.0802348336595,0.00419049191231023,0.204138679437346
"3GCR-Kp","WetDays",1,97.6908023483366,0.00423308367163581,0.206213525466304
"3GCR-Kp","WetDays",1,98.3013698630137,0.00427496370917352,0.208253700160979
"3GCR-Kp","WetDays",1,98.9119373776908,0.00431609256692775,0.210257281335793
"3GCR-Kp","WetDays",1,99.5225048923679,0.00435618241526916,0.212210247448248
"3GCR-Kp","WetDays",1,100.133072407045,0.00439518581368981,0.214110287446839
"3GCR-Kp","WetDays",1,100.743639921722,0.00443328803781906,0.215966426983708
"3GCR-Kp","WetDays",1,101.354207436399,0.00447047188633544,0.217777828101136
"3GCR-Kp","WetDays",1,101.964774951076,0.00450638706221019,0.219527426174167
"3GCR-Kp","WetDays",1,102.575342465753,0.00454117999769531,0.221222354610329
"3GCR-Kp","WetDays",1,103.185909980431,0.00457502972273457,0.222871334804882
"3GCR-Kp","WetDays",1,103.796477495108,0.00460794206238079,0.224474650523697
"3GCR-Kp","WetDays",1,104.407045009785,0.00463955832005165,0.22601482795984
"3GCR-Kp","WetDays",1,105.017612524462,0.00467019716345175,0.2275073909243
"3GCR-Kp","WetDays",1,105.628180039139,0.00469999320395169,0.228958896973566
"3GCR-Kp","WetDays",1,106.238747553816,0.00472897279628425,0.230370629971314
"3GCR-Kp","WetDays",1,106.849315068493,0.00475683835131354,0.231728092943323
"3GCR-Kp","WetDays",1,107.45988258317,0.00478399710593521,0.233051124324757
"3GCR-Kp","WetDays",1,108.070450097847,0.00481052974144323,0.234343654483016
"3GCR-Kp","WetDays",1,108.681017612524,0.00483647068118603,0.235607360342202
"3GCR-Kp","WetDays",1,109.291585127202,0.00486167334829833,0.236835101449991
"3GCR-Kp","WetDays",1,109.902152641879,0.0048864908955194,0.238044081546505
"3GCR-Kp","WetDays",1,110.512720156556,0.00491097291679521,0.239236716587398
"3GCR-Kp","WetDays",1,111.123287671233,0.00493515528880337,0.240414754295312
"3GCR-Kp","WetDays",1,111.73385518591,0.00495909164759939,0.241580807536175
"3GCR-Kp","WetDays",1,112.344422700587,0.00498295757238492,0.242743429603277
"3GCR-Kp","WetDays",1,112.954990215264,0.00500680248579531,0.243905028106927
"3GCR-Kp","WetDays",1,113.565557729941,0.00503069746783594,0.245069065690349
"3GCR-Kp","WetDays",1,114.176125244618,0.00505479386679198,0.246242915244295
"3GCR-Kp","WetDays",1,114.786692759295,0.00507911770381663,0.247427844382202
"3GCR-Kp","WetDays",1,115.397260273973,0.0051037118370403,0.248625940926295
"3GCR-Kp","WetDays",1,116.00782778865,0.00512870752826482,0.249843599259725
"3GCR-Kp","WetDays",1,116.618395303327,0.00515424920229372,0.251087854997712
"3GCR-Kp","WetDays",1,117.228962818004,0.00518026257623957,0.252355089469497
"3GCR-Kp","WetDays",1,117.839530332681,0.00520678002384186,0.253646879753038
"3GCR-Kp","WetDays",1,118.450097847358,0.00523400408529336,0.254973092539013
"3GCR-Kp","WetDays",1,119.060665362035,0.00526199307211301,0.256336568457286
"3GCR-Kp","WetDays",1,119.671232876712,0.00529062660629658,0.257731443325959
"3GCR-Kp","WetDays",1,120.281800391389,0.00531992579960304,0.259158745598656
"3GCR-Kp","WetDays",1,120.892367906067,0.00535016384123519,0.260631783613459
"3GCR-Kp","WetDays",1,121.502935420744,0.00538127201775818,0.262147210013985
"3GCR-Kp","WetDays",1,122.113502935421,0.0054131299648851,0.263699161286572
"3GCR-Kp","WetDays",1,122.724070450098,0.00544574979808626,0.265288227633077
"3GCR-Kp","WetDays",1,123.334637964775,0.00547947140206737,0.266930966444955
"3GCR-Kp","WetDays",1,123.945205479452,0.00551409142327953,0.268617471409105
"3GCR-Kp","WetDays",1,124.555772994129,0.00554952107728998,0.270343417415914
"3GCR-Kp","WetDays",1,125.166340508806,0.00558576791860165,0.272109172480946
"3GCR-Kp","WetDays",1,125.776908023483,0.0056232421771383,0.273934720843918
"3GCR-Kp","WetDays",1,126.38747553816,0.00566161229389122,0.27580391069745
"3GCR-Kp","WetDays",1,126.998043052838,0.00570083903190651,0.277714830623952
"3GCR-Kp","WetDays",1,127.608610567515,0.00574093829957807,0.279668255596526
"3GCR-Kp","WetDays",1,128.219178082192,0.00578238672971269,0.281687404653365
"3GCR-Kp","WetDays",1,128.829745596869,0.00582474406166058,0.283750830616061
"3GCR-Kp","WetDays",1,129.440313111546,0.0058680234542941,0.285859174515522
"3GCR-Kp","WetDays",1,130.050880626223,0.00591231020560084,0.288016591620127
"3GCR-Kp","WetDays",1,130.6614481409,0.00595801193570568,0.290242939033947
"3GCR-Kp","WetDays",1,131.272015655577,0.0060047188342103,0.292518252954333
"3GCR-Kp","WetDays",1,131.882583170254,0.00605245023419782,0.294843475187199
"3GCR-Kp","WetDays",1,132.493150684931,0.00610137931053605,0.297227041899363
"3GCR-Kp","WetDays",1,133.103718199609,0.00615183439944859,0.299684947901101
"3GCR-Kp","WetDays",1,133.714285714286,0.00620342728469514,0.302198281343328
"3GCR-Kp","WetDays",1,134.324853228963,0.00625618117215482,0.304768172694167
"3GCR-Kp","WetDays",1,134.93542074364,0.00631037646541122,0.307408281738306
"3GCR-Kp","WetDays",1,135.545988258317,0.00636622284137789,0.310128822829844
"3GCR-Kp","WetDays",1,136.156555772994,0.00642335184632583,0.312911846845087
"3GCR-Kp","WetDays",1,136.767123287671,0.00648178469610732,0.315758387308538
"3GCR-Kp","WetDays",1,137.377690802348,0.00654191741618425,0.318687736493396
"3GCR-Kp","WetDays",1,137.988258317025,0.00660378090453963,0.321701399586542
"3GCR-Kp","WetDays",1,138.598825831703,0.00666703761112493,0.324782932928712
"3GCR-Kp","WetDays",1,139.20939334638,0.00673169828803389,0.327932860305243
"3GCR-Kp","WetDays",1,139.819960861057,0.00679825530741425,0.331175167492063
"3GCR-Kp","WetDays",1,140.430528375734,0.00686650797709548,0.334500077824396
"3GCR-Kp","WetDays",1,141.041095890411,0.00693617048452873,0.337893668021275
"3GCR-Kp","WetDays",1,141.651663405088,0.00700723376238846,0.341355496370391
"3GCR-Kp","WetDays",1,142.262230919765,0.007080223560633,0.344911174638679
"3GCR-Kp","WetDays",1,142.872798434442,0.00715470168320141,0.34853935622362
"3GCR-Kp","WetDays",1,143.483365949119,0.00723045298014334,0.352229560153608
"3GCR-Kp","WetDays",1,144.093933463796,0.00730744047565168,0.355979985162208
"3GCR-Kp","WetDays",1,144.704500978474,0.00738610790425906,0.359812247657087
"3GCR-Kp","WetDays",1,145.315068493151,0.00746585806932538,0.363697255365543
"3GCR-Kp","WetDays",1,145.925636007828,0.00754654774954616,0.367628031300489
"3GCR-Kp","WetDays",1,146.536203522505,0.00762810935687193,0.371601282928384
"3GCR-Kp","WetDays",1,147.146771037182,0.00771073463702368,0.375626351090136
"3GCR-Kp","WetDays",1,147.757338551859,0.00779385712981131,0.379675640830885
"3GCR-Kp","WetDays",1,148.367906066536,0.00787737326578048,0.383744106792691
"3GCR-Kp","WetDays",1,148.978473581213,0.00796118304335971,0.387826877426062
"3GCR-Kp","WetDays",1,149.58904109589,0.00804503834301459,0.391911865655029
"3GCR-Kp","WetDays",1,150.199608610568,0.00812867951423185,0.395986422675108
"3GCR-Kp","WetDays",1,150.810176125245,0.0082119767111767,0.400044223081595
"3GCR-Kp","WetDays",1,151.420743639922,0.00829469204246708,0.404073678060195
"3GCR-Kp","WetDays",1,152.031311154599,0.00837627808675939,0.408048120128302
"3GCR-Kp","WetDays",1,152.641878669276,0.00845679175574125,0.411970321723377
"3GCR-Kp","WetDays",1,153.252446183953,0.00853608763696911,0.415833199117586
"3GCR-Kp","WetDays",1,153.86301369863,0.00861367014942684,0.419612610215845
"3GCR-Kp","WetDays",1,154.473581213307,0.00868892831966765,0.423278791612043
"3GCR-Kp","WetDays",1,155.084148727984,0.00876218813408925,0.426847623645322
"3GCR-Kp","WetDays",1,155.694716242661,0.00883330229804935,0.430311930897046
"3GCR-Kp","WetDays",1,156.305283757339,0.00890140758101118,0.433629661325231
"3GCR-Kp","WetDays",1,156.915851272016,0.00896611618971691,0.43678192368627
"3GCR-Kp","WetDays",1,157.526418786693,0.00902792643221056,0.439792992921672
"3GCR-Kp","WetDays",1,158.13698630137,0.00908670349196856,0.442656301480975
"3GCR-Kp","WetDays",1,158.747553816047,0.00914114076305476,0.445308198409606
"3GCR-Kp","WetDays",1,159.358121330724,0.00919135250659061,0.447754249907175
"3GCR-Kp","WetDays",1,159.968688845401,0.00923788345435985,0.450020992435105
"3GCR-Kp","WetDays",1,160.579256360078,0.00928062395464356,0.452103084339584
"3GCR-Kp","WetDays",1,161.189823874755,0.00931780054110988,0.453914131688209
"3GCR-Kp","WetDays",1,161.800391389432,0.00935024328108447,0.455494570986108
"3GCR-Kp","WetDays",1,162.41095890411,0.00937841453018117,0.456866925761882
"3GCR-Kp","WetDays",1,163.021526418787,0.00940223894190658,0.458027525531496
"3GCR-Kp","WetDays",1,163.632093933464,0.0094195121160973,0.458868983537566
"3GCR-Kp","WetDays",1,164.242661448141,0.00943188760867084,0.459471852309112
"3GCR-Kp","WetDays",1,164.853228962818,0.00943963880905398,0.459849449938073
"3GCR-Kp","WetDays",1,165.463796477495,0.0094427292513878,0.46
"3GCR-Kp","WetDays",1,166.074363992172,0.00943861436564812,0.459799544454801
"3GCR-Kp","WetDays",1,166.684931506849,0.00942975675486327,0.459368048342548
"3GCR-Kp","WetDays",1,167.295499021526,0.00941617439611905,0.458706387412111
"3GCR-Kp","WetDays",1,167.906066536204,0.00939757478100878,0.457800312195619
"3GCR-Kp","WetDays",1,168.516634050881,0.009372089749771,0.456558815795873
"3GCR-Kp","WetDays",1,169.127201565558,0.00934197882949105,0.455091970463339
"3GCR-Kp","WetDays",1,169.737769080235,0.00930728084467872,0.453401667523506
"3GCR-Kp","WetDays",1,170.348336594912,0.00926746290488067,0.451461947362154
"3GCR-Kp","WetDays",1,170.958904109589,0.00922142975030864,0.449219454695108
"3GCR-Kp","WetDays",1,171.569471624266,0.00917108330392233,0.446766841184634
"3GCR-Kp","WetDays",1,172.180039138943,0.00911649065432298,0.444107375033785
"3GCR-Kp","WetDays",1,172.79060665362,0.00905694263566889,0.441206509420503
"3GCR-Kp","WetDays",1,173.401174168297,0.00899206608342863,0.43804606573563
"3GCR-Kp","WetDays",1,174.011741682975,0.00892335338018424,0.434698744992765
"3GCR-Kp","WetDays",1,174.622309197652,0.00885089259798537,0.431168837597975
"3GCR-Kp","WetDays",1,175.232876712329,0.0087738849261278,0.427417429703983
"3GCR-Kp","WetDays",1,175.843444227006,0.00869254937082232,0.42345519013908
"3GCR-Kp","WetDays",1,176.454011741683,0.0086079710921305,0.419334982181987
"3GCR-Kp","WetDays",1,177.06457925636,0.00852025202483721,0.415061771558164
"3GCR-Kp","WetDays",1,177.675146771037,0.00842860100166476,0.410597016767792
"3GCR-Kp","WetDays",1,178.285714285714,0.00833364986485124,0.405971497834502
"3GCR-Kp","WetDays",1,178.896281800391,0.00823612047142486,0.401220379828069
"3GCR-Kp","WetDays",1,179.506849315068,0.00813612225016363,0.3963489935418
"3GCR-Kp","WetDays",1,180.117416829746,0.00803296947247494,0.391323933892883
"3GCR-Kp","WetDays",1,180.727984344423,0.00792750444658173,0.386186233698445
"3GCR-Kp","WetDays",1,181.3385518591,0.00782015717321906,0.380956840327925
"3GCR-Kp","WetDays",1,181.949119373777,0.00771103909433764,0.375641182645791
"3GCR-Kp","WetDays",1,182.559686888454,0.00759965977325738,0.370215369161899
"3GCR-Kp","WetDays",1,183.170254403131,0.00748686762570998,0.364720730219013
"3GCR-Kp","WetDays",1,183.780821917808,0.00737288695006604,0.359168192451555
"3GCR-Kp","WetDays",1,184.391389432485,0.00725782645861847,0.353563051749453
"3GCR-Kp","WetDays",1,185.001956947162,0.00714146553491999,0.347894560842183
"3GCR-Kp","WetDays",1,185.61252446184,0.00702446918865478,0.342195115496539
"3GCR-Kp","WetDays",1,186.223091976517,0.00690694621247134,0.336470015516951
"3GCR-Kp","WetDays",1,186.833659491194,0.00678898677636306,0.330723653510242
"3GCR-Kp","WetDays",1,187.444227005871,0.00667072750117164,0.324962684923744
"3GCR-Kp","WetDays",1,188.054794520548,0.00655245505268805,0.319201074603883
"3GCR-Kp","WetDays",1,188.665362035225,0.00643425981590227,0.313443225630985
"3GCR-Kp","WetDays",1,189.275929549902,0.00631627878057127,0.307695811423987
"3GCR-Kp","WetDays",1,189.886497064579,0.00619882402497378,0.30197403479178
"3GCR-Kp","WetDays",1,190.497064579256,0.00608189329462889,0.296277785907937
"3GCR-Kp","WetDays",1,191.107632093933,0.00596556301392744,0.290610787765975
"3GCR-Kp","WetDays",1,191.718199608611,0.00585007188823135,0.284984668832999
"3GCR-Kp","WetDays",1,192.328767123288,0.00573572960783377,0.279414515587828
"3GCR-Kp","WetDays",1,192.939334637965,0.00562235300803209,0.273891405211545
"3GCR-Kp","WetDays",1,193.549902152642,0.00551000250565348,0.268418280893534
"3GCR-Kp","WetDays",1,194.160469667319,0.00539905211974363,0.263013362870386
"3GCR-Kp","WetDays",1,194.771037181996,0.00528967084758587,0.257684883799023
"3GCR-Kp","WetDays",1,195.381604696673,0.00518159113787366,0.252419809989953
"3GCR-Kp","WetDays",1,195.99217221135,0.00507485670532328,0.247220270993751
"3GCR-Kp","WetDays",1,196.602739726027,0.00496998924783613,0.242111681182495
"3GCR-Kp","WetDays",1,197.213307240704,0.00486692621172127,0.23709099327006
"3GCR-Kp","WetDays",1,197.823874755382,0.00476539448362952,0.232144902613554
"3GCR-Kp","WetDays",1,198.434442270059,0.00466542191769418,0.227274766119542
"3GCR-Kp","WetDays",1,199.045009784736,0.004567672767547,0.222512942723929
"3GCR-Kp","WetDays",1,199.655577299413,0.00447180971121183,0.217842999877935
"3GCR-Kp","WetDays",1,200.26614481409,0.00437761152259783,0.213254160612415
"3GCR-Kp","WetDays",1,200.876712328767,0.00428509245549205,0.208747119296748
"3GCR-Kp","WetDays",1,201.487279843444,0.00419504325431381,0.204360396831323
"3GCR-Kp","WetDays",1,202.097847358121,0.00410684815777162,0.200063996571467
"3GCR-Kp","WetDays",1,202.708414872798,0.00402037364512696,0.19585141409054
"3GCR-Kp","WetDays",1,203.318982387476,0.00393562359547756,0.191722838357735
"3GCR-Kp","WetDays",1,203.929549902153,0.00385349554914807,0.187721992807068
"3GCR-Kp","WetDays",1,204.54011741683,0.00377311707495481,0.183806377189532
"3GCR-Kp","WetDays",1,205.150684931507,0.00369445964040133,0.179974601552284
"3GCR-Kp","WetDays",1,205.761252446184,0.00361760772166965,0.176230781129668
"3GCR-Kp","WetDays",1,206.371819960861,0.0035432853165935,0.172610185280221
"3GCR-Kp","WetDays",1,206.982387475538,0.00347065763085262,0.16907214722455
"3GCR-Kp","WetDays",1,207.592954990215,0.00339971758900067,0.165616322284203
"3GCR-Kp","WetDays",1,208.203522504892,0.00333065282517394,0.162251851005348
"3GCR-Kp","WetDays",1,208.814090019569,0.00326394027928133,0.159001967386574
"3GCR-Kp","WetDays",1,209.424657534247,0.00319887249965229,0.155832208111208
"3GCR-Kp","WetDays",1,210.035225048924,0.00313544017630912,0.152742119646205
"3GCR-Kp","WetDays",1,210.645792563601,0.00307392702094385,0.149745522929862
"3GCR-Kp","WetDays",1,211.256360078278,0.00301457437567679,0.146854174878255
"3GCR-Kp","WetDays",1,211.866927592955,0.00295680305016422,0.144039860390537
"3GCR-Kp","WetDays",1,212.477495107632,0.00290060154330998,0.14130201919392
"3GCR-Kp","WetDays",1,213.088062622309,0.00284633789458336,0.138658580231548
"3GCR-Kp","WetDays",1,213.698630136986,0.00279403099635999,0.136110463840388
"3GCR-Kp","WetDays",1,214.309197651663,0.00274322503952707,0.133635465402865
"3GCR-Kp","WetDays",1,214.91976516634,0.00269390500235379,0.131232853139427
"3GCR-Kp","WetDays",1,215.530332681018,0.00264650372016448,0.128923712505761
"3GCR-Kp","WetDays",1,216.140900195695,0.00260083391438172,0.126698920276652
"3GCR-Kp","WetDays",1,216.751467710372,0.00255655635870842,0.124541951134841
"3GCR-Kp","WetDays",1,217.362035225049,0.00251365040041056,0.12245179898798
"3GCR-Kp","WetDays",1,217.972602739726,0.00247258236118654,0.120451180571406
"3GCR-Kp","WetDays",1,218.583170254403,0.00243298671218262,0.118522289245932
"3GCR-Kp","WetDays",1,219.19373776908,0.00239463208750586,0.116653854084697
"3GCR-Kp","WetDays",1,219.804305283757,0.00235749018385942,0.114844496300257
"3GCR-Kp","WetDays",1,220.414872798434,0.00232201560439848,0.113116361762286
"3GCR-Kp","WetDays",1,221.025440313112,0.00228771461603001,0.111445398396776
"3GCR-Kp","WetDays",1,221.636007827789,0.00225445026480847,0.109824934529335
"3GCR-Kp","WetDays",1,222.246575342466,0.00222218558986051,0.108253169621018
"3GCR-Kp","WetDays",1,222.857142857143,0.00219130665458464,0.106748910645806
"3GCR-Kp","WetDays",1,223.46771037182,0.00216126967361185,0.10528566724661
"3GCR-Kp","WetDays",1,224.078277886497,0.00213201065407661,0.103860322028306
"3GCR-Kp","WetDays",1,224.688845401174,0.00210351317295812,0.102472074947879
"3GCR-Kp","WetDays",1,225.299412915851,0.00207594874288791,0.101129281196757
"3GCR-Kp","WetDays",1,225.909980430528,0.0020489113748059,0.099812163127752
"3GCR-Kp","WetDays",1,226.520547945205,0.00202235095315265,0.0985182793749481
"3GCR-Kp","WetDays",1,227.131115459883,0.00199625142806141,0.0972468480734307
"3GCR-Kp","WetDays",1,227.74168297456,0.00197058668144204,0.0959965968875063
"3GCR-Kp","WetDays",1,228.352250489237,0.0019451309606137,0.0947565283364234
"3GCR-Kp","WetDays",1,228.962818003914,0.00191983391163097,0.0935241894413579
"3GCR-Kp","WetDays",1,229.573385518591,0.0018946421490894,0.0922969795467803
"3GCR-Kp","WetDays",1,230.183953033268,0.00186942996512896,0.0910687748283092
"3GCR-Kp","WetDays",1,230.794520547945,0.00184412042163974,0.0898358272667414
"3GCR-Kp","WetDays",1,231.405088062622,0.00181866854183715,0.0885959458301883
"3GCR-Kp","WetDays",1,232.015655577299,0.00179295673347774,0.0873434020443342
"3GCR-Kp","WetDays",1,232.626223091976,0.00176686351256346,0.086072277849091
"3GCR-Kp","WetDays",1,233.236790606654,0.00174041570651309,0.0847838801349045
"3GCR-Kp","WetDays",1,233.847358121331,0.00171357921982233,0.0834765479485102
"3GCR-Kp","WetDays",1,234.457925636008,0.00168616511520241,0.082141077261017
"3GCR-Kp","WetDays",1,235.068493150685,0.00165814144356655,0.0807759116813088
"3GCR-Kp","WetDays",1,235.679060665362,0.00162958881315835,0.0793849780181585
"3GCR-Kp","WetDays",1,236.289628180039,0.00160048829992916,0.0779673543916567
"3GCR-Kp","WetDays",1,236.900195694716,0.00157059729398706,0.076511222126576
"3GCR-Kp","WetDays",1,237.510763209393,0.0015400182205072,0.0750215708376046
"3GCR-Kp","WetDays",1,238.12133072407,0.00150884132100763,0.0735027966158728
"3GCR-Kp","WetDays",1,238.731898238748,0.00147706504688919,0.0719548240217908
"3GCR-Kp","WetDays",1,239.342465753425,0.00144443474737797,0.0703652478118243
"3GCR-Kp","WetDays",1,239.953033268102,0.00141117901426247,0.0687452037730864
"3GCR-Kp","WetDays",1,240.563600782779,0.00137736885981806,0.0670981512493528
"3GCR-Kp","WetDays",1,241.174168297456,0.00134301978811568,0.0654248455172444
"3GCR-Kp","WetDays",1,241.784735812133,0.00130792359289651,0.0637151438652095
"3GCR-Kp","WetDays",1,242.39530332681,0.00127237476321227,0.0619833922477046
"3GCR-Kp","WetDays",1,243.005870841487,0.00123641673313403,0.0602317065437477
"3GCR-Kp","WetDays",1,243.616438356164,0.00120006728034209,0.0584609527882239
"3GCR-Kp","WetDays",1,244.227005870841,0.0011632642567456,0.0566681034537057
"3GCR-Kp","WetDays",1,244.837573385519,0.00112623414205739,0.0548641914381117
"3GCR-Kp","WetDays",1,245.448140900196,0.00108901654977247,0.0530511465021316
"3GCR-Kp","WetDays",1,246.058708414873,0.00105164568378405,0.0512306348791656
"3GCR-Kp","WetDays",1,246.66927592955,0.00101420431846215,0.0494066889002478
"3GCR-Kp","WetDays",1,247.279843444227,0.000976795624665102,0.047584334505822
"3GCR-Kp","WetDays",1,247.890410958904,0.000939462785166167,0.0457656753330001
"3GCR-Kp","WetDays",1,248.500978473581,0.000902288086668418,0.0439547199562533
"3GCR-Kp","WetDays",1,249.111545988258,0.000865422684335163,0.0421588318584552
"3GCR-Kp","WetDays",1,249.722113502935,0.000828859189281135,0.0403776510920596
"3GCR-Kp","WetDays",1,250.332681017613,0.000792638779368498,0.038613183625478
"3GCR-Kp","WetDays",1,250.94324853229,0.000756918619485487,0.0368730857037071
"3GCR-Kp","WetDays",1,251.553816046967,0.000721829368814202,0.0351637223534427
"3GCR-Kp","WetDays",1,252.164383561644,0.000687285847123315,0.0334809440427682
"3GCR-Kp","WetDays",1,252.774951076321,0.000653322609874458,0.0318264341316449
"3GCR-Kp","WetDays",1,253.385518590998,0.000620186544361862,0.0302122196677966
"3GCR-Kp","WetDays",1,253.996086105675,0.000587909479514733,0.0286398511888955
"3GCR-Kp","WetDays",1,254.606653620352,0.000556369910171215,0.0271034096038648
"3GCR-Kp","WetDays",1,255.217221135029,0.000525592678747365,0.0256041051042795
"3GCR-Kp","WetDays",1,255.827788649706,0.000495913953557638,0.0241583140386014
"3GCR-Kp","WetDays",1,256.438356164384,0.00046721539396993,0.0227602714749638
"3GCR-Kp","WetDays",1,257.048923679061,0.000439378648186983,0.0214042119375929
"3GCR-Kp","WetDays",1,257.659491193738,0.000412417499937943,0.0200908068971237
"3GCR-Kp","WetDays",1,258.270058708415,0.000386742380210124,0.0188400503880285
"3GCR-Kp","WetDays",1,258.880626223092,0.000362067686404806,0.0176380293570032
"3GCR-Kp","WetDays",1,259.491193737769,0.00033830798653479,0.0164805820079117
"3GCR-Kp","WetDays",1,260.101761252446,0.000315466290587493,0.0153678549714765
"3GCR-Kp","WetDays",1,260.712328767123,0.000294001615591823,0.0143222091380373
"3GCR-Kp","WetDays",1,261.3228962818,0.00027347643827649,0.0133223306798399
"3GCR-Kp","WetDays",1,261.933463796477,0.00025385460587931,0.0123664584248585
"3GCR-Kp","WetDays",1,262.544031311155,0.000235159452256724,0.0114557290755948
"3GCR-Kp","WetDays",1,263.154598825832,0.000217779237256843,0.010609056605475
"3GCR-Kp","WetDays",1,263.765166340509,0.000201252437620621,0.00980395803383644
"3GCR-Kp","WetDays",1,264.375733855186,0.000185565733551857,0.0090397844904119
"3GCR-Kp","WetDays",1,264.986301369863,0.000170784810140685,0.00831973580659097
"3GCR-Kp","WetDays",1,265.59686888454,0.000157138041228104,0.00765493715223323
"3GCR-Kp","WetDays",1,266.207436399217,0.000144250555842299,0.00702712678939782
"3GCR-Kp","WetDays",1,266.818003913894,0.000132104916777208,0.00643545526931046
"3GCR-Kp","WetDays",1,267.428571428571,0.000120795980384399,0.00588454349346687
"3GCR-Kp","WetDays",1,268.039138943249,0.000110414731978573,0.00537882378684941
"3GCR-Kp","WetDays",1,268.649706457926,0.000100677965686453,0.00490449985198529
"3GCR-Kp","WetDays",1,269.260273972603,9.15665383600754e-05,0.00446063913560205
"3GCR-Kp","WetDays",1,269.87084148728,8.31897025767334e-05,0.00405256384743566
"3GCR-Kp","WetDays",1,270.481409001957,7.55357003642602e-05,0.00367970120105403
"3GCR-Kp","WetDays",1,271.091976516634,6.84056488655662e-05,0.00333236267189762
"3GCR-Kp","WetDays",1,271.702544031311,6.1780658782638e-05,0.00300962807292571
"3GCR-Kp","WetDays",1,272.313111545988,5.57711377816229e-05,0.00271687588371509
"3GCR-Kp","WetDays",1,272.923679060665,5.02997908084649e-05,0.00245034069662574
"3GCR-Kp","WetDays",1,273.534246575342,4.52375865163525e-05,0.00220373678451744
"3GCR-Kp","WetDays",1,274.14481409002,4.05672736720661e-05,0.00197622375823259
"3GCR-Kp","WetDays",1,274.755381604697,3.63905309512657e-05,0.00177275486693871
"3GCR-Kp","WetDays",1,275.365949119374,3.25974906059432e-05,0.00158797793302504
"3GCR-Kp","WetDays",1,275.976516634051,2.91119719707567e-05,0.00141818183599619
"3GCR-Kp","WetDays",1,276.587084148728,2.5919168388528e-05,0.00126264527355484
"3GCR-Kp","WetDays",1,277.197651663405,2.31060771310161e-05,0.00112560629425071
"3GCR-Kp","WetDays",1,277.808219178082,2.05553515184894e-05,0.00100134838633814
"3GCR-Kp","WetDays",1,278.418786692759,1.82274593813163e-05,0.0008879457508721
"3GCR-Kp","WetDays",1,279.029354207436,1.61103496127267e-05,0.000784811321447674
"3GCR-Kp","WetDays",1,279.639921722114,1.42739637593174e-05,0.000695352281579077
"3GCR-Kp","WetDays",1,280.250489236791,1.2609803508006e-05,0.000614283165307348
"3GCR-Kp","WetDays",1,280.861056751468,1.11014951443869e-05,0.000540806331566421
"3GCR-Kp","WetDays",1,281.471624266145,9.74324556769787e-06,0.000474639571020456
"3GCR-Kp","WetDays",1,282.082191780822,8.57758941466443e-06,0.000417854946986406
"3GCR-Kp","WetDays",1,282.692759295499,7.52409478537761e-06,0.000366534241227453
"3GCR-Kp","WetDays",1,283.303326810176,6.57591057444982e-06,0.000320343703998751
"3GCR-Kp","WetDays",1,283.913894324853,5.73397091423859e-06,0.000279328841305293
"3GCR-Kp","WetDays",1,284.52446183953,5.01313299762371e-06,0.000244213417277424
"3GCR-Kp","WetDays",1,285.135029354207,4.36598023787124e-06,0.000212687545724728
"3GCR-Kp","WetDays",1,285.745596868885,3.7876237454939e-06,0.000184513065718911
"3GCR-Kp","WetDays",1,286.356164383562,3.28163281737687e-06,0.000159863854591775
"3GCR-Kp","WetDays",1,286.966731898239,2.84902571740812e-06,0.000138789516793052
"3GCR-Kp","WetDays",1,287.577299412916,2.46325145695834e-06,0.000119996628097147
"3GCR-Kp","WetDays",1,288.187866927593,2.12095083380036e-06,0.000103321545876662
"3GCR-Kp","WetDays",1,288.79843444227,1.8261147340646e-06,8.89586850693891e-05
"3GCR-Kp","WetDays",1,289.409001956947,1.57414708104483e-06,7.6684149042418e-05
"3GCR-Kp","WetDays",1,290.019569471624,1.35098948522666e-06,6.58130871551706e-05
"3GCR-Kp","WetDays",1,290.630136986301,1.15441648373657e-06,5.62370865860393e-05
"3GCR-Kp","WetDays",1,291.240704500978,9.87846411169986e-07,4.81226705797383e-05
"3GCR-Kp","WetDays",1,291.851272015656,8.45422082896748e-07,4.11845079721362e-05
"3GCR-Kp","WetDays",1,292.461839530333,7.20157116065729e-07,3.50822590133619e-05
"3GCR-Kp","WetDays",1,293.07240704501,6.10628584114996e-07,2.97466062210368e-05
"3GCR-Kp","WetDays",1,293.682974559687,5.19389156877912e-07,2.53019022152653e-05
"3GCR-Kp","WetDays",1,294.293542074364,4.41263479202821e-07,2.14960309704385e-05
"3GCR-Kp","WetDays",1,294.904109589041,3.73035237997405e-07,1.81723106646934e-05
"3GCR-Kp","WetDays",1,295.514677103718,3.13825767376087e-07,1.52879373272069e-05
"3GCR-Kp","WetDays",1,296.125244618395,2.65372960662606e-07,1.29275719609199e-05
"3GCR-Kp","WetDays",1,296.735812133072,2.23787033710741e-07,1.09017247838395e-05
"3GCR-Kp","WetDays",1,297.346379647749,1.87730516358777e-07,9.14524129899685e-06
"3GCR-Kp","WetDays",1,297.956947162427,1.56679135487485e-07,7.63258168327242e-06
"3GCR-Kp","WetDays",1,298.567514677104,1.31734322526348e-07,6.41740187067355e-06
"3GCR-Kp","WetDays",1,299.178082191781,1.10255663631365e-07,5.37107481536379e-06
"3GCR-Kp","WetDays",1,299.788649706458,9.17693646113496e-08,4.4705197615421e-06
"3GCR-Kp","WetDays",1,300.399217221135,7.60203690337844e-08,3.70331170412425e-06
"3GCR-Kp","WetDays",1,301.009784735812,6.35240502044993e-08,3.09455691422849e-06
"3GCR-Kp","WetDays",1,301.620352250489,5.27610003469176e-08,2.57023785321549e-06
"3GCR-Kp","WetDays",1,302.230919765166,4.35666950197011e-08,2.12233975745065e-06
"3GCR-Kp","WetDays",1,302.841487279843,3.5868601847117e-08,1.74732923187953e-06
"3GCR-Kp","WetDays",1,303.452054794521,2.97504572113378e-08,1.44928547169814e-06
"3GCR-Kp","WetDays",1,304.062622309198,2.45182422732826e-08,1.19439953698264e-06
"3GCR-Kp","WetDays",1,304.673189823875,2.00827407552201e-08,9.78325280907904e-07
"3GCR-Kp","WetDays",1,305.283757338552,1.6435663053276e-08,8.00658877664614e-07
"3GCR-Kp","WetDays",1,305.894324853229,1.35296255062132e-08,6.59092045019018e-07
"3GCR-Kp","WetDays",1,306.504892367906,1.10623989171444e-08,5.38901769436899e-07
"3GCR-Kp","WetDays",1,307.115459882583,8.98714784883821e-09,4.37806475268577e-07
"3GCR-Kp","WetDays",1,307.72602739726,7.31259827209929e-09,3.56231245820301e-07
"3GCR-Kp","WetDays",1,308.336594911937,5.97360570190555e-09,2.9100258513424e-07
"3GCR-Kp","WetDays",1,308.947162426614,4.84522783576244e-09,2.36033962757447e-07
"3GCR-Kp","WetDays",1,309.557729941292,3.90366340336738e-09,1.90165906248459e-07
"3GCR-Kp","WetDays",1,310.168297455969,3.15858768349707e-09,1.53869744194467e-07
"3GCR-Kp","WetDays",1,310.778864970646,2.56017585811601e-09,1.24718274068938e-07
"3GCR-Kp","WetDays",1,311.389432485323,2.05971573862409e-09,1.00338494787175e-07
"3GCR-Kp","WetDays",1,312,1.64549932518449e-09,8.01600543056574e-08
"CR-Ab","Temperature",2,-8.2004942927511,1.27208376266157e-05,5.7408802832693e-05
"CR-Ab","Temperature",2,-8.11947474561705,1.48238070614089e-05,6.68994481179235e-05
"CR-Ab","Temperature",2,-8.03845519848299,1.72772273822505e-05,7.79716689573927e-05
"CR-Ab","Temperature",2,-7.95743565134894,2.01254334014822e-05,9.08255471833713e-05
"CR-Ab","Temperature",2,-7.87641610421488,2.33415071613751e-05,0.000105339602766534
"CR-Ab","Temperature",2,-7.79539655708083,2.69562795462222e-05,0.000121652974670013
"CR-Ab","Temperature",2,-7.71437700994677,3.1071784879362e-05,0.000140226141088927
"CR-Ab","Temperature",2,-7.63335746281272,3.58461342146701e-05,0.000161772653016069
"CR-Ab","Temperature",2,-7.55233791567866,4.11854825217081e-05,0.000185868990317983
"CR-Ab","Temperature",2,-7.47131836854461,4.71317021354953e-05,0.000212704121732094
"CR-Ab","Temperature",2,-7.39029882141055,5.37533337483738e-05,0.000242587369585137
"CR-Ab","Temperature",2,-7.3092792742765,6.14144302703811e-05,0.000277161695004866
"CR-Ab","Temperature",2,-7.22825972714244,6.98979808685167e-05,0.000315447733857413
"CR-Ab","Temperature",2,-7.14724018000839,7.92563203476767e-05,0.000357681671729273
"CR-Ab","Temperature",2,-7.06622063287433,8.95423132891032e-05,0.000404102085073541
"CR-Ab","Temperature",2,-6.98520108574028,0.000101234880701288,0.000456870331699821
"CR-Ab","Temperature",2,-6.90418153860622,0.00011413009553438,0.000515066094240587
"CR-Ab","Temperature",2,-6.82316199147217,0.000128216220521784,0.000578636402722993
"CR-Ab","Temperature",2,-6.74214244433811,0.00014355249026076,0.000647848581313476
"CR-Ab","Temperature",2,-6.66112289720406,0.000160594467423123,0.000724758572267717
"CR-Ab","Temperature",2,-6.58010335007,0.000179336525870065,0.000809340984970484
"CR-Ab","Temperature",2,-6.49908380293595,0.00019960367042081,0.000900806070812078
"CR-Ab","Temperature",2,-6.41806425580189,0.000221453580310427,0.000999414134650625
"CR-Ab","Temperature",2,-6.33704470866783,0.000245239374276534,0.00110675879198375
"CR-Ab","Temperature",2,-6.25602516153378,0.000271267399359422,0.00122422257887947
"CR-Ab","Temperature",2,-6.17500561439972,0.000299121505437543,0.0013499274208762
"CR-Ab","Temperature",2,-6.09398606726567,0.000328845972366569,0.00148407315178821
"CR-Ab","Temperature",2,-6.01296652013161,0.000360610370352157,0.00162742503745637
"CR-Ab","Temperature",2,-5.93194697299756,0.000395115817351392,0.00178314720462627
"CR-Ab","Temperature",2,-5.8509274258635,0.000431645720941819,0.00194800569070051
"CR-Ab","Temperature",2,-5.76990787872945,0.000470216571356866,0.0021220749156652
"CR-Ab","Temperature",2,-5.68888833159539,0.000510842759083949,0.00230541982340841
"CR-Ab","Temperature",2,-5.60786878446134,0.000554368089595957,0.00250184848565024
"CR-Ab","Temperature",2,-5.52684923732728,0.000600020488433711,0.00270787655083303
"CR-Ab","Temperature",2,-5.44582969019323,0.00064768994980149,0.00292300756571821
"CR-Ab","Temperature",2,-5.36481014305917,0.000697348043794926,0.00314711322690139
"CR-Ab","Temperature",2,-5.28379059592512,0.000749514753134121,0.00338254020260762
"CR-Ab","Temperature",2,-5.20277104879106,0.000803773250425379,0.00362740736186408
"CR-Ab","Temperature",2,-5.12175150165701,0.000859765184569419,0.00388009747566373
"CR-Ab","Temperature",2,-5.04073195452295,0.000917409922546565,0.00414024664932727
"CR-Ab","Temperature",2,-4.9597124073889,0.000976886956157076,0.0044086649245889
"CR-Ab","Temperature",2,-4.87869286025484,0.00103803620660884,0.00468462987010534
"CR-Ab","Temperature",2,-4.79767331312079,0.00110034290165865,0.00496581833239553
"CR-Ab","Temperature",2,-4.71665376598673,0.0011636732505654,0.00525162651739318
"CR-Ab","Temperature",2,-4.63563421885268,0.00122794390574941,0.00554167827968178
"CR-Ab","Temperature",2,-4.55461467171862,0.00129300319770215,0.00583528913879179
"CR-Ab","Temperature",2,-4.47359512458457,0.00135836921520777,0.00613028424218711
"CR-Ab","Temperature",2,-4.39257557745051,0.00142386506871699,0.00642586529202322
"CR-Ab","Temperature",2,-4.31155603031645,0.00148931175909491,0.00672122446995165
"CR-Ab","Temperature",2,-4.2305364831824,0.00155420571443816,0.00701408916932801
"CR-Ab","Temperature",2,-4.14951693604834,0.00161835275942794,0.00730358308208837
"CR-Ab","Temperature",2,-4.06849738891429,0.00168155905161544,0.00758883140240226
"CR-Ab","Temperature",2,-3.98747784178023,0.00174362578675848,0.00786893693199729
"CR-Ab","Temperature",2,-3.90645829464618,0.00180375259686018,0.00814028763133054
"CR-Ab","Temperature",2,-3.82543874751212,0.00186185078618982,0.0084024832189217
"CR-Ab","Temperature",2,-3.74441920037807,0.00191790103660779,0.00865543651251893
"CR-Ab","Temperature",2,-3.66339965324401,0.001971715236461,0.00889829856922096
"CR-Ab","Temperature",2,-3.58238010610996,0.00202247399180556,0.0091273714858905
"CR-Ab","Temperature",2,-3.5013605589759,0.00206980824452949,0.00934098971305626
"CR-Ab","Temperature",2,-3.42034101184185,0.00211412352984784,0.00954098342038827
"CR-Ab","Temperature",2,-3.33932146470779,0.00215527626065725,0.00972670460309728
"CR-Ab","Temperature",2,-3.25830191757374,0.00219269945062061,0.00989559446688124
"CR-Ab","Temperature",2,-3.17728237043968,0.00222543268174046,0.0100433186707894
"CR-Ab","Temperature",2,-3.09626282330563,0.00225448981421095,0.0101744527389888
"CR-Ab","Temperature",2,-3.01524327617157,0.00227980323556356,0.0102886915382021
"CR-Ab","Temperature",2,-2.93422372903752,0.00230124930018962,0.0103854770590769
"CR-Ab","Temperature",2,-2.85320418190346,0.00231716195287777,0.0104572904386304
"CR-Ab","Temperature",2,-2.77218463476941,0.00232920983013723,0.010511662189174
"CR-Ab","Temperature",2,-2.69116508763535,0.00233742542990923,0.0105487389730547
"CR-Ab","Temperature",2,-2.6101455405013,0.00234184781784201,0.0105686970925068
"CR-Ab","Temperature",2,-2.52912599336724,0.00234126959283741,0.0105660875783965
"CR-Ab","Temperature",2,-2.44810644623319,0.00233688850155236,0.0105463158296203
"CR-Ab","Temperature",2,-2.36708689909913,0.00232917834414492,0.0105115200937258
"CR-Ab","Temperature",2,-2.28606735196507,0.00231829247923672,0.010462392474105
"CR-Ab","Temperature",2,-2.20504780483102,0.00230374898720353,0.0103967580802751
"CR-Ab","Temperature",2,-2.12402825769696,0.00228618507112972,0.0103174925928561
"CR-Ab","Temperature",2,-2.04300871056291,0.00226642848218266,0.0102283316309132
"CR-Ab","Temperature",2,-1.96198916342885,0.00224474818360457,0.0101304890184252
"CR-Ab","Temperature",2,-1.8809696162948,0.00222127357290699,0.0100245487229299
"CR-Ab","Temperature",2,-1.79995006916074,0.00219652201354094,0.00991284559196042
"CR-Ab","Temperature",2,-1.71893052202669,0.00217132948166395,0.00979915236374434
"CR-Ab","Temperature",2,-1.63791097489263,0.00214607062137523,0.00968515979716526
"CR-Ab","Temperature",2,-1.55689142775858,0.00212117446936325,0.00957280412341954
"CR-Ab","Temperature",2,-1.47587188062452,0.00209781157101855,0.00946736798281
"CR-Ab","Temperature",2,-1.39485233349047,0.00207629871477818,0.00937028103315131
"CR-Ab","Temperature",2,-1.31383278635641,0.00205709503078659,0.00928361531660857
"CR-Ab","Temperature",2,-1.23281323922236,0.0020406636799381,0.00920946106601407
"CR-Ab","Temperature",2,-1.1517936920883,0.00202921201429075,0.00915778000266344
"CR-Ab","Temperature",2,-1.07077414495425,0.00202252161455226,0.00912758640608331
"CR-Ab","Temperature",2,-0.989754597820192,0.00202088508988614,0.0091202008136683
"CR-Ab","Temperature",2,-0.908735050686136,0.00202481317182868,0.00913792814329618
"CR-Ab","Temperature",2,-0.827715503552081,0.0020368757492819,0.0091923662354244
"CR-Ab","Temperature",2,-0.746695956418026,0.00205742244301477,0.00928509291931087
"CR-Ab","Temperature",2,-0.665676409283971,0.00208591672569948,0.00941368686135467
"CR-Ab","Temperature",2,-0.584656862149916,0.00212286700506712,0.00958044249216245
"CR-Ab","Temperature",2,-0.503637315015861,0.00217055692739062,0.00979566584679816
"CR-Ab","Temperature",2,-0.422617767881805,0.00223094889377019,0.0100682131893811
"CR-Ab","Temperature",2,-0.34159822074775,0.00230202895932694,0.0103889956400858
"CR-Ab","Temperature",2,-0.260578673613695,0.00238423698417446,0.0107599982759391
"CR-Ab","Temperature",2,-0.17955912647964,0.00247890332330544,0.01118722495374
"CR-Ab","Temperature",2,-0.0985395793455854,0.00259050695764791,0.0116908891956271
"CR-Ab","Temperature",2,-0.0175200322115288,0.00271500154226538,0.0122527299542175
"CR-Ab","Temperature",2,0.0634995149225261,0.00285267835060892,0.0128740617388707
"CR-Ab","Temperature",2,0.144519062056581,0.0030038173448501,0.013556148011442
"CR-Ab","Temperature",2,0.225538609190636,0.00317455349688314,0.0143266757373812
"CR-Ab","Temperature",2,0.306558156324691,0.00335984858491612,0.0151629075553626
"CR-Ab","Temperature",2,0.387577703458746,0.00355931626992787,0.0160630999276302
"CR-Ab","Temperature",2,0.468597250592802,0.00377299728223341,0.0170274366690152
"CR-Ab","Temperature",2,0.549616797726857,0.00400525423201948,0.0180756061235874
"CR-Ab","Temperature",2,0.630636344860912,0.00425337325362541,0.019195360687596
"CR-Ab","Temperature",2,0.711655891994967,0.00451516684068663,0.0203768282028338
"CR-Ab","Temperature",2,0.792675439129022,0.0047903666471441,0.0216187976306533
"CR-Ab","Temperature",2,0.873694986263077,0.00508119141591677,0.0229312820990032
"CR-Ab","Temperature",2,0.954714533397134,0.00538712745104065,0.024311963311622
"CR-Ab","Temperature",2,1.03573408053119,0.0057044533623316,0.0257440467333057
"CR-Ab","Temperature",2,1.11675362766524,0.00603255954709966,0.0272247812432821
"CR-Ab","Temperature",2,1.1977731747993,0.00637169024853355,0.0287552691045843
"CR-Ab","Temperature",2,1.27879272193335,0.00672246748376506,0.0303383174640311
"CR-Ab","Temperature",2,1.35981226906741,0.00708051130470885,0.0319541597320763
"CR-Ab","Temperature",2,1.44083181620146,0.00744489890453788,0.0335986313059839
"CR-Ab","Temperature",2,1.52185136333552,0.00781469062875029,0.0352674915499079
"CR-Ab","Temperature",2,1.60287091046957,0.00818963514645804,0.0369596062142164
"CR-Ab","Temperature",2,1.68389045760363,0.00856619319730451,0.0386590027107865
"CR-Ab","Temperature",2,1.76491000473768,0.00894321798214412,0.0403605055654892
"CR-Ab","Temperature",2,1.84592955187174,0.00931956969090234,0.0420589708456875
"CR-Ab","Temperature",2,1.9269490990058,0.0096924997634245,0.0437419943722997
"CR-Ab","Temperature",2,2.00796864613985,0.0100602310969185,0.0454015561275562
"CR-Ab","Temperature",2,2.08898819327391,0.0104218707826487,0.0470336264380146
"CR-Ab","Temperature",2,2.17000774040796,0.0107762589165492,0.0486329706873882
"CR-Ab","Temperature",2,2.25102728754202,0.0111196894982918,0.0501828637944839
"CR-Ab","Temperature",2,2.33204683467607,0.0114499605199767,0.0516733681560512
"CR-Ab","Temperature",2,2.41306638181013,0.011767984260718,0.053108600863537
"CR-Ab","Temperature",2,2.49408592894418,0.0120728083295772,0.0544842638018942
"CR-Ab","Temperature",2,2.57510547607824,0.0123614542633631,0.055786915245735
"CR-Ab","Temperature",2,2.65612502321229,0.0126293494483145,0.0569959191104273
"CR-Ab","Temperature",2,2.73714457034635,0.0128804954695053,0.0581293344432818
"CR-Ab","Temperature",2,2.8181641174804,0.0131143826937136,0.059184861283084
"CR-Ab","Temperature",2,2.89918366461446,0.0133300801200556,0.0601582980475371
"CR-Ab","Temperature",2,2.98020321174851,0.0135197923595268,0.0610144643528096
"CR-Ab","Temperature",2,3.06122275888257,0.0136911011723864,0.0617875764818712
"CR-Ab","Temperature",2,3.14224230601662,0.0138441349936349,0.0624782140584731
"CR-Ab","Temperature",2,3.22326185315068,0.0139790651543453,0.0630871502952029
"CR-Ab","Temperature",2,3.30428140028473,0.0140900727759068,0.0635881247472171
"CR-Ab","Temperature",2,3.38530094741879,0.0141833673413116,0.064009160646573
"CR-Ab","Temperature",2,3.46632049455284,0.0142612269968988,0.0643605392072799
"CR-Ab","Temperature",2,3.5473400416869,0.0143245757529333,0.0646464304631572
"CR-Ab","Temperature",2,3.62835958882095,0.0143716205813883,0.0648587425262729
"CR-Ab","Temperature",2,3.70937913595501,0.0144062019013072,0.0650148071059174
"CR-Ab","Temperature",2,3.79039868308906,0.0144323336185251,0.0651327388526681
"CR-Ab","Temperature",2,3.87141823022312,0.0144516812268599,0.0652200540959548
"CR-Ab","Temperature",2,3.95243777735718,0.0144658080043279,0.0652838078680038
"CR-Ab","Temperature",2,4.03345732449123,0.0144787275752124,0.0653421135487587
"CR-Ab","Temperature",2,4.11447687162529,0.0144940021290495,0.0654110472051207
"CR-Ab","Temperature",2,4.19549641875934,0.0145139081394441,0.0655008825020933
"CR-Ab","Temperature",2,4.2765159658934,0.0145413747996413,0.0656248388111055
"CR-Ab","Temperature",2,4.35753551302745,0.0145850702984721,0.0658220354384567
"CR-Ab","Temperature",2,4.43855506016151,0.0146448210985398,0.066091689214479
"CR-Ab","Temperature",2,4.51957460729556,0.0147232801906431,0.0664457730162852
"CR-Ab","Temperature",2,4.60059415442962,0.0148231136569059,0.0668963188017918
"CR-Ab","Temperature",2,4.68161370156367,0.0149592920153279,0.06751088812169
"CR-Ab","Temperature",2,4.76263324869773,0.0151280556264152,0.0682725138226561
"CR-Ab","Temperature",2,4.84365279583178,0.0153307831694811,0.0691874178478657
"CR-Ab","Temperature",2,4.92467234296584,0.0155701844701599,0.0702678295685372
"CR-Ab","Temperature",2,5.00569189009989,0.0158622176491058,0.0715857675599501
"CR-Ab","Temperature",2,5.08671143723395,0.0162068205185864,0.0731409511705167
"CR-Ab","Temperature",2,5.167730984368,0.0166000671006141,0.074915662565702
"CR-Ab","Temperature",2,5.24875053150206,0.0170443681099674,0.076920781237366
"CR-Ab","Temperature",2,5.32977007863611,0.0175529427398394,0.0792159650537951
"CR-Ab","Temperature",2,5.41078962577017,0.0181347519233704,0.0818416544685943
"CR-Ab","Temperature",2,5.49180917290422,0.0187774848951855,0.0847422913241266
"CR-Ab","Temperature",2,5.57282872003828,0.0194829197285155,0.0879259000177257
"CR-Ab","Temperature",2,5.65384826717233,0.020258281010901,0.0914250849213548
"CR-Ab","Temperature",2,5.73486781430639,0.0211254765918133,0.0953387155786482
"CR-Ab","Temperature",2,5.81588736144044,0.0220617810508451,0.0995642327700215
"CR-Ab","Temperature",2,5.8969069085745,0.0230680525763923,0.104105509476944
"CR-Ab","Temperature",2,5.97792645570856,0.024145087998436,0.108966141771987
"CR-Ab","Temperature",2,6.05894600284261,0.0253241114677261,0.114287043419374
"CR-Ab","Temperature",2,6.13996554997667,0.0265766055372176,0.119939515936915
"CR-Ab","Temperature",2,6.22098509711072,0.0279006425314316,0.125914859776301
"CR-Ab","Temperature",2,6.30200464424478,0.0292958803042405,0.132211530841131
"CR-Ab","Temperature",2,6.38302419137883,0.0307837577090537,0.13892628210825
"CR-Ab","Temperature",2,6.46404373851289,0.0323487346189131,0.145988981396846
"CR-Ab","Temperature",2,6.54506328564694,0.0339803314312099,0.153352334538279
"CR-Ab","Temperature",2,6.626082832781,0.0356769779878444,0.161009255450688
"CR-Ab","Temperature",2,6.70710237991505,0.0374496250319664,0.169009164547478
"CR-Ab","Temperature",2,6.78812192704911,0.0392945438924828,0.177335234434897
"CR-Ab","Temperature",2,6.86914147418316,0.0411944799499772,0.185909595473136
"CR-Ab","Temperature",2,6.95016102131722,0.0431466786382599,0.194719816378037
"CR-Ab","Temperature",2,7.03118056845127,0.0451530432770311,0.203774486780929
"CR-Ab","Temperature",2,7.11220011558533,0.0472168698274543,0.213088481267127
"CR-Ab","Temperature",2,7.19321966271938,0.049317971844292,0.222570698944651
"CR-Ab","Temperature",2,7.27423920985344,0.0514525982377166,0.232204211244593
"CR-Ab","Temperature",2,7.35525875698749,0.053617062943204,0.241972383055517
"CR-Ab","Temperature",2,7.43627830412155,0.0558137635062333,0.251886034436583
"CR-Ab","Temperature",2,7.5172978512556,0.0580251490145479,0.261865958586254
"CR-Ab","Temperature",2,7.59831739838966,0.0602467987697721,0.271892205010005
"CR-Ab","Temperature",2,7.67933694552371,0.0624742685140749,0.281944716890112
"CR-Ab","Temperature",2,7.76035649265777,0.0646995977552347,0.291987568736305
"CR-Ab","Temperature",2,7.84137603979182,0.0669139852068532,0.30198104057649
"CR-Ab","Temperature",2,7.92239558692588,0.069112936087739,0.311904847582361
"CR-Ab","Temperature",2,8.00341513405993,0.0712918105242393,0.321738050127178
"CR-Ab","Temperature",2,8.08443468119399,0.0734374387109472,0.331421213228423
"CR-Ab","Temperature",2,8.16545422832805,0.0755409316191742,0.340914220935377
"CR-Ab","Temperature",2,8.2464737754621,0.0776033615874669,0.35022191268346
"CR-Ab","Temperature",2,8.32749332259616,0.079620387179231,0.359324695684463
"CR-Ab","Temperature",2,8.40851286973021,0.0815796430513903,0.368166765473032
"CR-Ab","Temperature",2,8.48953241686427,0.0834628654645885,0.376665698277834
"CR-Ab","Temperature",2,8.57055196399832,0.0852820846657368,0.384875786284119
"CR-Ab","Temperature",2,8.65157151113238,0.0870337243615325,0.39278088977506
"CR-Ab","Temperature",2,8.73259105826643,0.088711665249439,0.400353392500603
"CR-Ab","Temperature",2,8.81361060540049,0.0902806818946675,0.407434323007779
"CR-Ab","Temperature",2,8.89463015253454,0.0917677389541709,0.414145372078272
"CR-Ab","Temperature",2,8.9756496996686,0.0931703826214436,0.420475465748402
"CR-Ab","Temperature",2,9.05666924680265,0.0944862339558449,0.426413867922149
"CR-Ab","Temperature",2,9.13768879393671,0.0956779144344654,0.43179189031696
"CR-Ab","Temperature",2,9.21870834107076,0.0967698374558981,0.436719709953204
"CR-Ab","Temperature",2,9.29972788820482,0.0977672655137216,0.441221076324832
"CR-Ab","Temperature",2,9.38074743533887,0.0986691271617865,0.445291154023787
"CR-Ab","Temperature",2,9.46176698247293,0.0994479564254122,0.448805989834778
"CR-Ab","Temperature",2,9.54278652960698,0.100112208473544,0.451803741711008
"CR-Ab","Temperature",2,9.62380607674104,0.100679029243231,0.454361788811645
"CR-Ab","Temperature",2,9.70482562387509,0.101148613755734,0.456481011262467
"CR-Ab","Temperature",2,9.78584517100915,0.101505303477693,0.458090742517706
"CR-Ab","Temperature",2,9.8668647181432,0.10173977342217,0.459148899158627
"CR-Ab","Temperature",2,9.94788426527726,0.101880379663365,0.459783451396044
"CR-Ab","Temperature",2,10.0289038124113,0.101928363238936,0.46
"CR-Ab","Temperature",2,10.1099233595454,0.101879536882675,0.459779647949143
"CR-Ab","Temperature",2,10.1909429066794,0.101708393157749,0.459007280857546
"CR-Ab","Temperature",2,10.2719624538135,0.101452013400682,0.457850245813491
"CR-Ab","Temperature",2,10.3529820009475,0.101112355774691,0.456317379955637
"CR-Ab","Temperature",2,10.4340015480816,0.100691410313515,0.454417664253473
"CR-Ab","Temperature",2,10.5150210952156,0.10016143649183,0.452025906451931
"CR-Ab","Temperature",2,10.5960406423497,0.0995547806135775,0.449288084562826
"CR-Ab","Temperature",2,10.6770601894838,0.0988770852260164,0.446229663252289
"CR-Ab","Temperature",2,10.7580797366178,0.098130692041737,0.442861210607134
"CR-Ab","Temperature",2,10.8390992837519,0.0972997648886297,0.439111258402629
"CR-Ab","Temperature",2,10.9201188308859,0.0963992577010696,0.435047293348009
"CR-Ab","Temperature",2,11.00113837802,0.0954411951523541,0.430723582474952
"CR-Ab","Temperature",2,11.082157925154,0.0944280114490227,0.426151111293011
"CR-Ab","Temperature",2,11.1631774722881,0.0933528766207649,0.421299056327317
"CR-Ab","Temperature",2,11.2441970194221,0.092218336736962,0.416178907921461
"CR-Ab","Temperature",2,11.3252165665562,0.0910398606480556,0.410860476587229
"CR-Ab","Temperature",2,11.4062361136903,0.0898198389328901,0.405354550943543
"CR-Ab","Temperature",2,11.4872556608243,0.0885575332052467,0.399657798672983
"CR-Ab","Temperature",2,11.5682752079584,0.0872484094407378,0.393749757843734
"CR-Ab","Temperature",2,11.6492947550924,0.0859086344005096,0.387703388620084
"CR-Ab","Temperature",2,11.7303143022265,0.0845405304066103,0.381529171579843
"CR-Ab","Temperature",2,11.8113338493605,0.0831464163104272,0.375237571637824
"CR-Ab","Temperature",2,11.8923533964946,0.0817209133911549,0.368804314769682
"CR-Ab","Temperature",2,11.9733729436286,0.0802774097394738,0.362289821073588
"CR-Ab","Temperature",2,12.0543924907627,0.0788184998490466,0.355705799430629
"CR-Ab","Temperature",2,12.1354120378968,0.0773464654070274,0.349062547034419
"CR-Ab","Temperature",2,12.2164315850308,0.0758618151985984,0.342362360018991
"CR-Ab","Temperature",2,12.2974511321649,0.0743711302041292,0.335634938174216
"CR-Ab","Temperature",2,12.3784706792989,0.0728777908225755,0.328895537150927
"CR-Ab","Temperature",2,12.459490226433,0.0713840420639385,0.322154288619717
"CR-Ab","Temperature",2,12.540509773567,0.0698936322983525,0.315428108875592
"CR-Ab","Temperature",2,12.6215293207011,0.0684114413537359,0.308739020452526
"CR-Ab","Temperature",2,12.7025488678351,0.0669389995028049,0.302093929430703
"CR-Ab","Temperature",2,12.7835684149692,0.0654784294008768,0.295502415297272
"CR-Ab","Temperature",2,12.8645879621032,0.0640339975146464,0.288983732503274
"CR-Ab","Temperature",2,12.9456075092373,0.0626135804239392,0.282573427844564
"CR-Ab","Temperature",2,13.0266270563714,0.0612142954089174,0.276258491682966
"CR-Ab","Temperature",2,13.1076466035054,0.0598379612873723,0.270047132294935
"CR-Ab","Temperature",2,13.1886661506395,0.0584867685523158,0.263949235317339
"CR-Ab","Temperature",2,13.2696856977735,0.0571753723248142,0.258030938922874
"CR-Ab","Temperature",2,13.3507052449076,0.0558943650506423,0.252249787068824
"CR-Ab","Temperature",2,13.4317247920416,0.0546450274023283,0.246611559396343
"CR-Ab","Temperature",2,13.5127443391757,0.0534285995619632,0.241121852814317
"CR-Ab","Temperature",2,13.5937638863097,0.0522591979700622,0.235844374444401
"CR-Ab","Temperature",2,13.6747834334438,0.0511292175351206,0.230744802710332
"CR-Ab","Temperature",2,13.7558029805779,0.0500360543262585,0.225811386141111
"CR-Ab","Temperature",2,13.8368225277119,0.0489801923085562,0.221046308858309
"CR-Ab","Temperature",2,13.917842074846,0.0479716170445829,0.216494635440968
"CR-Ab","Temperature",2,13.99886162198,0.0470082923790424,0.212147176774239
"CR-Ab","Temperature",2,14.0798811691141,0.0460825335661014,0.207969251803987
"CR-Ab","Temperature",2,14.1609007162481,0.0451939860885307,0.20395926060336
"CR-Ab","Temperature",2,14.2419202633822,0.0443474489087798,0.200138860762615
"CR-Ab","Temperature",2,14.3229398105162,0.0435468159819246,0.196525625597736
"CR-Ab","Temperature",2,14.4039593576503,0.0427800194967927,0.193065093396961
"CR-Ab","Temperature",2,14.4849789047844,0.0420459535060519,0.18975227304931
"CR-Ab","Temperature",2,14.5659984519184,0.0413447090833012,0.186587575567519
"CR-Ab","Temperature",2,14.6470179990525,0.0406842726679397,0.183607043540784
"CR-Ab","Temperature",2,14.7280375461865,0.0400502907426217,0.180745899926002
"CR-Ab","Temperature",2,14.8090570933206,0.0394411606073949,0.177996911780794
"CR-Ab","Temperature",2,14.8900766404546,0.0388552616446411,0.17535276530083
"CR-Ab","Temperature",2,14.9710961875887,0.0382975709043214,0.172835921780585
"CR-Ab","Temperature",2,15.0521157347227,0.0377581761149112,0.170401647401558
"CR-Ab","Temperature",2,15.1331352818568,0.037234079079976,0.168036411382757
"CR-Ab","Temperature",2,15.2141548289908,0.0367235583380783,0.165732444814369
"CR-Ab","Temperature",2,15.2951743761249,0.0362271502035286,0.163492168068656
"CR-Ab","Temperature",2,15.376193923259,0.0357401783837253,0.161294477161126
"CR-Ab","Temperature",2,15.457213470393,0.0352593257563015,0.159124402006516
"CR-Ab","Temperature",2,15.5382330175271,0.034783151007516,0.156975437994135
"CR-Ab","Temperature",2,15.6192525646611,0.0343103535317465,0.154841715525306
"CR-Ab","Temperature",2,15.7002721117952,0.0338384424655137,0.152711993399206
"CR-Ab","Temperature",2,15.7812916589292,0.033365719780333,0.15057860845832
"CR-Ab","Temperature",2,15.8623112060633,0.0328913153967609,0.148437634057194
"CR-Ab","Temperature",2,15.9433307531973,0.0324141376203224,0.146284143407617
"CR-Ab","Temperature",2,16.0243503003314,0.0319319348234591,0.144107974974135
"CR-Ab","Temperature",2,16.1053698474655,0.0314454704909351,0.141912574343238
"CR-Ab","Temperature",2,16.1863893945995,0.0309545744422889,0.139697173495018
"CR-Ab","Temperature",2,16.2674089417336,0.0304591181251051,0.137461192275833
"CR-Ab","Temperature",2,16.3484284888676,0.0299573946545227,0.135196927559574
"CR-Ab","Temperature",2,16.4294480360017,0.0294516040090232,0.132914307790783
"CR-Ab","Temperature",2,16.5104675831357,0.0289423663865401,0.130616131906283
"CR-Ab","Temperature",2,16.5914871302698,0.0284301820117692,0.128304657406861
"CR-Ab","Temperature",2,16.6725066774038,0.0279154096304552,0.125981503302548
"CR-Ab","Temperature",2,16.7535262245379,0.0273999495335485,0.123655245556004
"CR-Ab","Temperature",2,16.8345457716719,0.0268849687886657,0.121331151112432
"CR-Ab","Temperature",2,16.915565318806,0.0263713676139225,0.119013282632311
"CR-Ab","Temperature",2,16.9965848659401,0.0258609842501627,0.116709936047816
"CR-Ab","Temperature",2,17.0776044130741,0.0253561486738529,0.114431626480948
"CR-Ab","Temperature",2,17.1586239602082,0.0248572195454021,0.112179972556619
"CR-Ab","Temperature",2,17.2396435073422,0.0243651886993092,0.109959450397618
"CR-Ab","Temperature",2,17.3206630544763,0.0238820213771303,0.107778929086967
"CR-Ab","Temperature",2,17.4016826016103,0.0234120130547263,0.105657793993303
"CR-Ab","Temperature",2,17.4827021487444,0.0229531774602906,0.103587081124642
"CR-Ab","Temperature",2,17.5637216958784,0.022506301168476,0.101570340271531
"CR-Ab","Temperature",2,17.6447412430125,0.0220721522164536,0.0996110375653531
"CR-Ab","Temperature",2,17.7257607901466,0.0216580553381505,0.0977422293360589
"CR-Ab","Temperature",2,17.8067803372806,0.0212588817166508,0.0959407693689306
"CR-Ab","Temperature",2,17.8877998844147,0.0208749340000567,0.0942080235068266
"CR-Ab","Temperature",2,17.9688194315487,0.0205065597438535,0.0925455602584349
"CR-Ab","Temperature",2,18.0498389786828,0.0201595062762426,0.0909793171634994
"CR-Ab","Temperature",2,18.1308585258168,0.0198303010502336,0.089493622709551
"CR-Ab","Temperature",2,18.2118780729509,0.0195170874404558,0.0880800979955317
"CR-Ab","Temperature",2,18.2928976200849,0.0192197378225713,0.086738167056189
"CR-Ab","Temperature",2,18.373917167219,0.0189415689255527,0.0854827982014121
"CR-Ab","Temperature",2,18.4549367143531,0.0186815428020693,0.0843093072024252
"CR-Ab","Temperature",2,18.5359562614871,0.0184358082183398,0.083200313543314
"CR-Ab","Temperature",2,18.6169758086212,0.0182038445468152,0.0821534676457574
"CR-Ab","Temperature",2,18.6979953557552,0.0179866317779259,0.0811731921805775
"CR-Ab","Temperature",2,18.7790149028893,0.0177851376329774,0.0802638544483602
"CR-Ab","Temperature",2,18.8600344500233,0.0175944410016435,0.0794032456087191
"CR-Ab","Temperature",2,18.9410539971574,0.0174138057433268,0.0785880434786613
"CR-Ab","Temperature",2,19.0220735442914,0.0172426702210711,0.0778157134054992
"CR-Ab","Temperature",2,19.1030930914255,0.0170827900055368,0.0770941782330627
"CR-Ab","Temperature",2,19.1841126385596,0.0169294638902547,0.0764022215412397
"CR-Ab","Temperature",2,19.2651321856936,0.0167819508732616,0.0757364992078224
"CR-Ab","Temperature",2,19.3461517328277,0.0166395167962006,0.0750936979956175
"CR-Ab","Temperature",2,19.4271712799617,0.0165024307751247,0.0744750324182345
"CR-Ab","Temperature",2,19.5081908270958,0.0163683193944165,0.0738697913139388
"CR-Ab","Temperature",2,19.5892103742298,0.016236300285336,0.0732739925760088
"CR-Ab","Temperature",2,19.6702299213639,0.0161058279600925,0.0726851744325123
"CR-Ab","Temperature",2,19.7512494684979,0.0159763940635867,0.0721010426903678
"CR-Ab","Temperature",2,19.832269015632,0.0158470773878895,0.0715174399626239
"CR-Ab","Temperature",2,19.913288562766,0.015717454165254,0.0709324537966778
"CR-Ab","Temperature",2,19.9943081099001,0.0155872744874098,0.0703449563631326
"CR-Ab","Temperature",2,20.0753276570342,0.0154561512682345,0.0697532007525844
"CR-Ab","Temperature",2,20.1563472041682,0.0153237400828614,0.0691556325847444
"CR-Ab","Temperature",2,20.2373667513023,0.0151903320934732,0.068553565866821
"CR-Ab","Temperature",2,20.3183862984363,0.0150559975357604,0.0679473175706227
"CR-Ab","Temperature",2,20.3994058455704,0.0149208010546224,0.0673371794368658
"CR-Ab","Temperature",2,20.4804253927044,0.0147849402532394,0.0667240432434624
"CR-Ab","Temperature",2,20.5614449398385,0.0146490759520378,0.0661108912554702
"CR-Ab","Temperature",2,20.6424644869725,0.0145135531220121,0.0654992803178386
"CR-Ab","Temperature",2,20.7234840341066,0.0143787304582961,0.0648908292121931
"CR-Ab","Temperature",2,20.8045035812407,0.0142458878037865,0.0642913138355831
"CR-Ab","Temperature",2,20.8855231283747,0.0141154515310839,0.0637026583962476
"CR-Ab","Temperature",2,20.9665426755088,0.013987875640202,0.0631269117842069
"CR-Ab","Temperature",2,21.0475622226428,0.0138636955504931,0.0625664903327978
"CR-Ab","Temperature",2,21.1285817697769,0.0137449983532919,0.0620308130298613
"CR-Ab","Temperature",2,21.2096013169109,0.0136324550467944,0.0615229080724604
"CR-Ab","Temperature",2,21.290620864045,0.0135259999662655,0.0610424791173862
"CR-Ab","Temperature",2,21.371640411179,0.0134262370004499,0.060592251498528
"CR-Ab","Temperature",2,21.4526599583131,0.0133353614307631,0.0601821324626919
"CR-Ab","Temperature",2,21.5336795054472,0.0132553306774561,0.059820955795556
"CR-Ab","Temperature",2,21.6146990525812,0.0131847513665725,0.0595024332374104
"CR-Ab","Temperature",2,21.6957185997153,0.0131241924499748,0.059229132452921
"CR-Ab","Temperature",2,21.7767381468493,0.0130751492533207,0.0590078018071222
"CR-Ab","Temperature",2,21.8577576939834,0.0130419957312361,0.0588581808412369
"CR-Ab","Temperature",2,21.9387772411174,0.0130212740785704,0.0587646645723266
"CR-Ab","Temperature",2,22.0197967882515,0.0130134324080291,0.0587292753211469
"CR-Ab","Temperature",2,22.1008163353855,0.0130189096740234,0.058753994077314
"CR-Ab","Temperature",2,22.1818358825196,0.0130443134555019,0.058868640669379
"CR-Ab","Temperature",2,22.2628554296536,0.0130846820928701,0.0590508232591831
"CR-Ab","Temperature",2,22.3438749767877,0.0131399341601136,0.059300174373283
"CR-Ab","Temperature",2,22.4248945239218,0.0132103224927114,0.0596178350514896
"CR-Ab","Temperature",2,22.5059140710558,0.0133010816635145,0.0600274287822512
"CR-Ab","Temperature",2,22.5869336181899,0.013409572914377,0.0605170469200382
"CR-Ab","Temperature",2,22.6679531653239,0.0135338412261782,0.06107786651541
"CR-Ab","Temperature",2,22.748972712458,0.0136739202102952,0.0617100392556195
"CR-Ab","Temperature",2,22.829992259592,0.0138331689171738,0.0624287244462414
"CR-Ab","Temperature",2,22.9110118067261,0.0140117437445454,0.0632346279060895
"CR-Ab","Temperature",2,22.9920313538601,0.0142057606518583,0.0641102210631652
"CR-Ab","Temperature",2,23.0730509009942,0.0144150253582073,0.0650546271328959
"CR-Ab","Temperature",2,23.1540704481283,0.0146408977042587,0.0660739830401428
"CR-Ab","Temperature",2,23.2350899952623,0.0148861280455023,0.0671807010662886
"CR-Ab","Temperature",2,23.3161095423964,0.0151452340039098,0.068350039384692
"CR-Ab","Temperature",2,23.3971290895304,0.0154178030832645,0.0695801364108676
"CR-Ab","Temperature",2,23.4781486366645,0.0157034547219968,0.0708692746805448
"CR-Ab","Temperature",2,23.5591681837985,0.0160066476633154,0.0722375763835716
"CR-Ab","Temperature",2,23.6401877309326,0.0163209933593854,0.073656210173003
"CR-Ab","Temperature",2,23.7212072780666,0.0166458801987348,0.075122415862487
"CR-Ab","Temperature",2,23.8022268252007,0.016980685544534,0.076633383508525
"CR-Ab","Temperature",2,23.8832463723348,0.0173273778086942,0.0781979965018666
"CR-Ab","Temperature",2,23.9642659194688,0.0176823436268473,0.079799947824951
"CR-Ab","Temperature",2,24.0452854666029,0.0180439001025101,0.081431642610582
"CR-Ab","Temperature",2,24.1263050137369,0.0184112475833213,0.0830894720488616
"CR-Ab","Temperature",2,24.207324560871,0.0187842999356234,0.0847730474208773
"CR-Ab","Temperature",2,24.288344108005,0.0191609663086297,0.0864729327724817
"CR-Ab","Temperature",2,24.3693636551391,0.0195393523171353,0.0881805787934874
"CR-Ab","Temperature",2,24.4503832022731,0.019918501997012,0.0898916712431368
"CR-Ab","Temperature",2,24.5314027494072,0.0202971355476606,0.0916004344152685
"CR-Ab","Temperature",2,24.6124222965413,0.0206727579429305,0.0932956083230369
"CR-Ab","Temperature",2,24.6934418436753,0.021044431330805,0.094972960465163
"CR-Ab","Temperature",2,24.7744613908094,0.0214110727620932,0.096627603520671
"CR-Ab","Temperature",2,24.8554809379434,0.0217713287628322,0.0982534292974613
"CR-Ab","Temperature",2,24.9365004850775,0.0221199560330011,0.099826774921601
"CR-Ab","Temperature",2,25.0175200322115,0.0224583653423772,0.101354007159679
"CR-Ab","Temperature",2,25.0985395793456,0.0227853997981856,0.102829904985284
"CR-Ab","Temperature",2,25.1795591264796,0.0230999008944088,0.104249240091486
"CR-Ab","Temperature",2,25.2605786736137,0.0233944843806174,0.105578687551937
"CR-Ab","Temperature",2,25.3415982207477,0.0236712778763047,0.106827849256984
"CR-Ab","Temperature",2,25.4226177678818,0.0239301940442231,0.107996331055943
"CR-Ab","Temperature",2,25.5036373150159,0.0241700996652371,0.109079018760913
"CR-Ab","Temperature",2,25.5846568621499,0.0243837539596007,0.110043234924934
"CR-Ab","Temperature",2,25.665676409284,0.0245707897104684,0.110887322308124
"CR-Ab","Temperature",2,25.746695956418,0.0247338812036594,0.111623349891457
"CR-Ab","Temperature",2,25.8277155035521,0.024872053067016,0.112246915846255
"CR-Ab","Temperature",2,25.9087350506861,0.0249797627499937,0.112733006788906
"CR-Ab","Temperature",2,25.9897545978202,0.0250519768952233,0.113058907311097
"CR-Ab","Temperature",2,26.0707741449542,0.0250953798871137,0.113254783862384
"CR-Ab","Temperature",2,26.1517936920883,0.0251093070944521,0.113317636979731
"CR-Ab","Temperature",2,26.2328132392224,0.0250912339186204,0.113236073216531
"CR-Ab","Temperature",2,26.3138327863564,0.0250300588534489,0.112959991769869
"CR-Ab","Temperature",2,26.3948523334905,0.0249372095917203,0.112540965514194
"CR-Ab","Temperature",2,26.4758718806245,0.0248124709341187,0.111978023260699
"CR-Ab","Temperature",2,26.5568914277586,0.0246556576795253,0.111270329201648
"CR-Ab","Temperature",2,26.6379109748926,0.0244537468964113,0.11035911119244
"CR-Ab","Temperature",2,26.7189305220267,0.0242185296244108,0.109297581882227
"CR-Ab","Temperature",2,26.7999500691607,0.0239517465952255,0.10809359714701
"CR-Ab","Temperature",2,26.8809696162948,0.0236537486430384,0.106748740292155
"CR-Ab","Temperature",2,26.9619891634289,0.0233161686691822,0.105225250823283
"CR-Ab","Temperature",2,27.0430087105629,0.0229449034626117,0.103549740792556
"CR-Ab","Temperature",2,27.124028257697,0.022545346310618,0.10174654996248
"CR-Ab","Temperature",2,27.205047804831,0.0221183735274547,0.0998196331160408
"CR-Ab","Temperature",2,27.2860673519651,0.0216602192820492,0.0977519951574824
"CR-Ab","Temperature",2,27.3670868990991,0.021171809545976,0.0955478149719634
"CR-Ab","Temperature",2,27.4481064462332,0.0206610581053636,0.0932428072663949
"CR-Ab","Temperature",2,27.5291259933672,0.0201292609675558,0.0908428208875485
"CR-Ab","Temperature",2,27.6101455405013,0.0195762327013456,0.0883470189893041
"CR-Ab","Temperature",2,27.6911650876353,0.0190002181989172,0.0857474808166371
"CR-Ab","Temperature",2,27.7721846347694,0.0184097484999639,0.0830827067254276
"CR-Ab","Temperature",2,27.8532041819035,0.0178063575901712,0.0803596195523902
"CR-Ab","Temperature",2,27.9342237290375,0.0171915879510684,0.0775851804757578
"CR-Ab","Temperature",2,28.0152432761716,0.0165645260834341,0.0747552668977714
"CR-Ab","Temperature",2,28.0962628233056,0.015931634018041,0.0718990417919256
"CR-Ab","Temperature",2,28.1772823704397,0.0152946019616581,0.0690241330165417
"CR-Ab","Temperature",2,28.2583019175737,0.0146549764534514,0.0661375200618592
"CR-Ab","Temperature",2,28.3393214647078,0.0140151139807653,0.0632498376927662
"CR-Ab","Temperature",2,28.4203410118418,0.0133780129471466,0.0603746176249464
"CR-Ab","Temperature",2,28.5013605589759,0.0127450638696841,0.0575181352251436
"CR-Ab","Temperature",2,28.58238010611,0.0121176152570756,0.0546864762773455
"CR-Ab","Temperature",2,28.663399653244,0.0114991089370558,0.0518951736588375
"CR-Ab","Temperature",2,28.7444192003781,0.0108922125757551,0.0491562664761143
"CR-Ab","Temperature",2,28.8254387475121,0.0102963082243032,0.0464669659423138
"CR-Ab","Temperature",2,28.9064582946462,0.00971240065947505,0.0438318065883733
"CR-Ab","Temperature",2,28.9874778417802,0.00914319298347125,0.0412629874428332
"CR-Ab","Temperature",2,29.0684973889143,0.0085934780113142,0.0387821383527769
"CR-Ab","Temperature",2,29.1495169360483,0.00805953018935433,0.0363724459933914
"CR-Ab","Temperature",2,29.2305364831824,0.00754194265299854,0.034036587169037
"CR-Ab","Temperature",2,29.3115560303165,0.00704150696502088,0.0317781341815197
"CR-Ab","Temperature",2,29.3925755774505,0.00656650849274286,0.0296344786738208
"CR-Ab","Temperature",2,29.4735951245846,0.00610978884345455,0.0275733150094918
"CR-Ab","Temperature",2,29.5546146717186,0.00567153937488644,0.0255955067808954
"CR-Ab","Temperature",2,29.6356342188527,0.005251929792183,0.0237018198628477
"CR-Ab","Temperature",2,29.7166537659867,0.00485775281976987,0.0219229096405282
"CR-Ab","Temperature",2,29.7976733131208,0.00448401126952331,0.0202362239364675
"CR-Ab","Temperature",2,29.8786928602548,0.00412883497317871,0.0186333227308873
"CR-Ab","Temperature",2,29.9597124073889,0.00379206918974593,0.0171135076818028
"CR-Ab","Temperature",2,30.0407319545229,0.00347794748866689,0.0156958847758249
"CR-Ab","Temperature",2,30.121751501657,0.00318488466381217,0.0143733000197334
"CR-Ab","Temperature",2,30.2027710487911,0.00290894525671692,0.013127992793851
"CR-Ab","Temperature",2,30.2837905959251,0.00264975439667349,0.0119582713166161
"CR-Ab","Temperature",2,30.3648101430592,0.00240917733498661,0.0108725534176978
"CR-Ab","Temperature",2,30.4458296901932,0.00218871042349923,0.00987759209327762
"CR-Ab","Temperature",2,30.5268492373273,0.00198296302379114,0.00894905953513322
"CR-Ab","Temperature",2,30.6078687844613,0.001791447871055,0.0080847567301121
"CR-Ab","Temperature",2,30.6888883315954,0.00161419766982696,0.0072848312729185
"CR-Ab","Temperature",2,30.7699078787294,0.00145493308763551,0.00656607443743073
"CR-Ab","Temperature",2,30.8509274258635,0.00130756886847644,0.00590102362469212
"CR-Ab","Temperature",2,30.9319469729976,0.00117159646621579,0.00528738377948753
"CR-Ab","Temperature",2,31.0129665201316,0.00104650848791072,0.00472286505092276
"CR-Ab","Temperature",2,31.0939860672657,0.000935310494497257,0.00422103145578998
"CR-Ab","Temperature",2,31.1750056143997,0.00083385360014078,0.00376315918235245
"CR-Ab","Temperature",2,31.2560251615338,0.00074103206071804,0.00334425803670793
"CR-Ab","Temperature",2,31.3370447086678,0.0006563845636087,0.00296224612723559
"CR-Ab","Temperature",2,31.4180642558019,0.000581332961145243,0.0026235402358022
"CR-Ab","Temperature",2,31.4990838029359,0.000514155546686868,0.00232037034600014
"CR-Ab","Temperature",2,31.58010335007,0.000453200046590511,0.00204527979069912
"CR-Ab","Temperature",2,31.6611228972041,0.000398084250999815,0.00179654366695416
"CR-Ab","Temperature",2,31.7421424443381,0.000349256786797018,0.00157618661598656
"CR-Ab","Temperature",2,31.8231619914722,0.000306463601125753,0.00138306210399339
"CR-Ab","Temperature",2,31.9041815386062,0.000267942447384035,0.0012092171587974
"CR-Ab","Temperature",2,31.9852010857403,0.000233399891477421,0.00105332752011268
"CR-Ab","Temperature",2,32.0662206328743,0.000202769537803931,0.000915093546348422
"CR-Ab","Temperature",2,32.1472401800084,0.000176537147561723,0.000796707464908765
"CR-Ab","Temperature",2,32.2282597271424,0.00015310500365467,0.00069095882091281
"CR-Ab","Temperature",2,32.3092792742765,0.000132262360414,0.000596896524746695
"CR-Ab","Temperature",2,32.3902988214106,0.00011380301358934,0.000513589982097337
"CR-Ab","Temperature",2,32.4713183685446,9.82539728359222e-05,0.000443417573561695
"CR-Ab","Temperature",2,32.5523379156787,8.45322436077615e-05,0.000381491773476417
"CR-Ab","Temperature",2,32.6333574628127,7.24226188550837e-05,0.000326841358133498
"CR-Ab","Temperature",2,32.7143770099468,6.17859876853311e-05,0.00027883852376426
"CR-Ab","Temperature",2,32.7953965570808,5.28194990670239e-05,0.00023837299843494
"CR-Ab","Temperature",2,32.8764161042149,4.50836937395945e-05,0.000203461514157734
"CR-Ab","Temperature",2,32.9574356513489,3.83087067123503e-05,0.000172886177386881
"CR-Ab","Temperature",2,33.038455198483,3.24057519939395e-05,0.000146246299298151
"CR-Ab","Temperature",2,33.119474745617,2.74176640689e-05,0.000123735190784229
"CR-Ab","Temperature",2,33.2004942927511,2.32193048182779e-05,0.000104788106833131
"CR-Ab","Humidity",3,27.2909929410161,0.000259436160448887,0.00230129004538885
"CR-Ab","Humidity",3,27.4322277358648,0.00027591300985703,0.00244744549826297
"CR-Ab","Humidity",3,27.5734625307135,0.000292550119993369,0.00259502252019603
"CR-Ab","Humidity",3,27.7146973255621,0.000309285529908399,0.00274347149576029
"CR-Ab","Humidity",3,27.8559321204108,0.00032605573487611,0.00289222911568709
"CR-Ab","Humidity",3,27.9971669152595,0.000342750438866511,0.00304031701537443
"CR-Ab","Humidity",3,28.1384017101082,0.000359233650784452,0.0031865289059496
"CR-Ab","Humidity",3,28.2796365049569,0.000375440262450597,0.00333028725494863
"CR-Ab","Humidity",3,28.4208712998056,0.000391295059421135,0.00347092488378507
"CR-Ab","Humidity",3,28.5621060946543,0.000406682620093531,0.00360741796222461
"CR-Ab","Humidity",3,28.703340889503,0.000421310527586214,0.00373717264961874
"CR-Ab","Humidity",3,28.8445756843516,0.000435253641061374,0.00386085297308095
"CR-Ab","Humidity",3,28.9858104792003,0.000448439328920691,0.00397781466477323
"CR-Ab","Humidity",3,29.127045274049,0.000460796054085945,0.00408742316563604
"CR-Ab","Humidity",3,29.2682800688977,0.00047193711872259,0.00418624832978811
"CR-Ab","Humidity",3,29.4095148637464,0.000481928593457436,0.00427487622694119
"CR-Ab","Humidity",3,29.5507496585951,0.000490816590931547,0.00435371589244974
"CR-Ab","Humidity",3,29.6919844534438,0.000498549902328992,0.00442231308609477
"CR-Ab","Humidity",3,29.8332192482924,0.000504917757911474,0.00447879820612231
"CR-Ab","Humidity",3,29.9744540431411,0.000509647487329995,0.0045207525705771
"CR-Ab","Humidity",3,30.1156888379898,0.000513061707777199,0.00455103790749513
"CR-Ab","Humidity",3,30.2569236328385,0.000515141912159635,0.00456949005244435
"CR-Ab","Humidity",3,30.3981584276872,0.000515872928069685,0.00457597442082966
"CR-Ab","Humidity",3,30.5393932225359,0.000514756965275066,0.00456607543810559
"CR-Ab","Humidity",3,30.6806280173846,0.000512227815873981,0.00454364099284574
"CR-Ab","Humidity",3,30.8218628122332,0.000508372629434619,0.00450944413239008
"CR-Ab","Humidity",3,30.9630976070819,0.000503213600141804,0.00446368172696871
"CR-Ab","Humidity",3,31.1043324019306,0.000496555693706578,0.00440462375380103
"CR-Ab","Humidity",3,31.2455671967793,0.000488425411274197,0.0043325052873719
"CR-Ab","Humidity",3,31.386801991628,0.000479162594876161,0.00425034084609978
"CR-Ab","Humidity",3,31.5280367864767,0.000468821210601423,0.00415860912818575
"CR-Ab","Humidity",3,31.6692715813254,0.000457451454844233,0.0040577553933122
"CR-Ab","Humidity",3,31.810506376174,0.000444798371679868,0.00394551809270134
"CR-Ab","Humidity",3,31.9517411710227,0.00043134784634433,0.00382620719939192
"CR-Ab","Humidity",3,32.0929759658714,0.00041717270019497,0.00370046866445133
"CR-Ab","Humidity",3,32.2342107607201,0.000402346513129058,0.00356895516746301
"CR-Ab","Humidity",3,32.3754455555688,0.000386844111508621,0.00343144340939888
"CR-Ab","Humidity",3,32.5166803504175,0.000370855703991336,0.00328962060799185
"CR-Ab","Humidity",3,32.6579151452662,0.000354549689864109,0.00314498052418074
"CR-Ab","Humidity",3,32.7991499401148,0.0003380006887267,0.00299818506007599
"CR-Ab","Humidity",3,32.9403847349635,0.000321280258666236,0.00284986896109353
"CR-Ab","Humidity",3,33.0816195298122,0.000304504508198823,0.00270106215063277
"CR-Ab","Humidity",3,33.2228543246609,0.000287793307934826,0.00255282792319318
"CR-Ab","Humidity",3,33.3640891195096,0.00027120841609606,0.00240571409593654
"CR-Ab","Humidity",3,33.5053239143583,0.000254809878704171,0.00226025329820659
"CR-Ab","Humidity",3,33.646558709207,0.000238761289599089,0.00211789666493634
"CR-Ab","Humidity",3,33.7877935040556,0.000223104941895541,0.00197901935093748
"CR-Ab","Humidity",3,33.9290282989043,0.000207850827101622,0.00184370998440304
"CR-Ab","Humidity",3,34.070263093753,0.000193037308342291,0.00171230885975239
"CR-Ab","Humidity",3,34.2114978886017,0.000178764723698903,0.00158570601107869
"CR-Ab","Humidity",3,34.3527326834504,0.000165175649789129,0.00146516614315701
"CR-Ab","Humidity",3,34.4939674782991,0.000152147437039027,0.00134960131110297
"CR-Ab","Humidity",3,34.6352022731478,0.000139695748893185,0.00123915045518245
"CR-Ab","Humidity",3,34.7764370679964,0.000127834315698307,0.00113393536840277
"CR-Ab","Humidity",3,34.9176718628451,0.000116790634137853,0.00103597402640811
"CR-Ab","Humidity",3,35.0589066576938,0.000106388891220901,0.000943706906095897
"CR-Ab","Humidity",3,35.2001414525425,9.65923543761686e-05,0.000856808176631735
"CR-Ab","Humidity",3,35.3413762473912,8.73969385765976e-05,0.000775241602387998
"CR-Ab","Humidity",3,35.4826110422399,7.88994410281456e-05,0.000699865808646935
"CR-Ab","Humidity",3,35.6238458370886,7.1110983866186e-05,0.00063077945266347
"CR-Ab","Humidity",3,35.7650806319372,6.38789871463605e-05,0.000566629096634368
"CR-Ab","Humidity",3,35.9063154267859,5.71887069990874e-05,0.000507283957247697
"CR-Ab","Humidity",3,36.0475502216346,5.10252018056262e-05,0.000452611497086888
"CR-Ab","Humidity",3,36.1887850164833,4.5563448276331e-05,0.000404163821151556
"CR-Ab","Humidity",3,36.330019811332,4.0569034880632e-05,0.000359861616670145
"CR-Ab","Humidity",3,36.4712546061807,3.60239390254953e-05,0.000319545016899833
"CR-Ab","Humidity",3,36.6124894010294,3.19102389798899e-05,0.000283055049779261
"CR-Ab","Humidity",3,36.753724195878,2.8298821983185e-05,0.000251020510068662
"CR-Ab","Humidity",3,36.8949589907267,2.51321117409021e-05,0.000222930675773445
"CR-Ab","Humidity",3,37.0361937855754,2.23234025893591e-05,0.000198016437142813
"CR-Ab","Humidity",3,37.1774285804241,1.98583306225537e-05,0.000176150381275501
"CR-Ab","Humidity",3,37.3186633752728,1.77409812551284e-05,0.000157368747237148
"CR-Ab","Humidity",3,37.4598981701215,1.60421766371588e-05,0.00014229975242305
"CR-Ab","Humidity",3,37.6011329649702,1.46385267640528e-05,0.00012984888406838
"CR-Ab","Humidity",3,37.7423677598188,1.35238892755286e-05,0.000119961657275785
"CR-Ab","Humidity",3,37.8836025546675,1.26930808054756e-05,0.000112592093763707
"CR-Ab","Humidity",3,38.0248373495162,1.22241179586725e-05,0.000108432228272567
"CR-Ab","Humidity",3,38.1660721443649,1.20705380067442e-05,0.000107069920050258
"CR-Ab","Humidity",3,38.3073069392136,1.22047619097417e-05,0.000108260533306664
"CR-Ab","Humidity",3,38.4485417340623,1.26339026166626e-05,0.000112067162402621
"CR-Ab","Humidity",3,38.589776528911,1.34041897864385e-05,0.00011889988068225
"CR-Ab","Humidity",3,38.7310113237596,1.46012897060949e-05,0.000129518578259622
"CR-Ab","Humidity",3,38.8722461186083,1.615549961384e-05,0.00014330496710746
"CR-Ab","Humidity",3,39.013480913457,1.80894257587588e-05,0.000160459572610866
"CR-Ab","Humidity",3,39.1547157083057,2.0427226471766e-05,0.000181196687666985
"CR-Ab","Humidity",3,39.2959505031544,2.33721813136553e-05,0.000207319473519325
"CR-Ab","Humidity",3,39.4371852980031,2.68571785071923e-05,0.000238232625085468
"CR-Ab","Humidity",3,39.5784200928518,3.08950717537949e-05,0.000274050159220538
"CR-Ab","Humidity",3,39.7196548877004,3.55284051092195e-05,0.000315149456671433
"CR-Ab","Humidity",3,39.8608896825491,4.09294300254198e-05,0.000363058448436663
"CR-Ab","Humidity",3,40.0021244773978,4.72513131920482e-05,0.000419135776956716
"CR-Ab","Humidity",3,40.1433592722465,5.43975369970502e-05,0.000482525297045655
"CR-Ab","Humidity",3,40.2845940670952,6.24299126037059e-05,0.000553775295474702
"CR-Ab","Humidity",3,40.4258288619439,7.14119706852606e-05,0.000633449311673607
"CR-Ab","Humidity",3,40.5670636567926,8.18936410390559e-05,0.000726425416479123
"CR-Ab","Humidity",3,40.7082984516412,9.3573174178397e-05,0.000830026985750922
"CR-Ab","Humidity",3,40.8495332464899,0.000106523810566967,0.000944903688177059
"CR-Ab","Humidity",3,40.9907680413386,0.000120825207833142,0.00107176211495479
"CR-Ab","Humidity",3,41.1320028361873,0.000136927605590519,0.00121459604990753
"CR-Ab","Humidity",3,41.273237631036,0.000154932880886981,0.00137430917830312
"CR-Ab","Humidity",3,41.4144724258847,0.000174661694591611,0.00154931069893633
"CR-Ab","Humidity",3,41.5557072207334,0.000196201310344874,0.00174037467100837
"CR-Ab","Humidity",3,41.6969420155821,0.000219746313135441,0.0019492271318482
"CR-Ab","Humidity",3,41.8381768104307,0.000246082184457715,0.00218283557874213
"CR-Ab","Humidity",3,41.9794116052794,0.000274606832972173,0.00243585924961731
"CR-Ab","Humidity",3,42.1206464001281,0.000305400729863091,0.00270901195219811
"CR-Ab","Humidity",3,42.2618811949768,0.000338542743299335,0.0030029932748981
"CR-Ab","Humidity",3,42.4031159898255,0.000374847355545985,0.00332502796204565
"CR-Ab","Humidity",3,42.5443507846742,0.000414045249817703,0.00367272707897535
"CR-Ab","Humidity",3,42.6855855795229,0.000455884233690318,0.00404385359013185
"CR-Ab","Humidity",3,42.8268203743715,0.000500415793727029,0.00443886419945016
"CR-Ab","Humidity",3,42.9680551692202,0.000547994585586319,0.00486090482743341
"CR-Ab","Humidity",3,43.1092899640689,0.000599224464698953,0.00531533188426463
"CR-Ab","Humidity",3,43.2505247589176,0.000653287095935719,0.00579488644935468
"CR-Ab","Humidity",3,43.3917595537663,0.000710189109590572,0.00629962733574431
"CR-Ab","Humidity",3,43.532994348615,0.000769932410032552,0.00682957143585711
"CR-Ab","Humidity",3,43.6742291434636,0.000833466372657268,0.00739314004356155
"CR-Ab","Humidity",3,43.8154639383123,0.000899960484286402,0.00798296621468718
"CR-Ab","Humidity",3,43.956698733161,0.000969174850379396,0.00859692200023423
"CR-Ab","Humidity",3,44.0979335280097,0.00104105628596308,0.00923453563077354
"CR-Ab","Humidity",3,44.2391683228584,0.00111595420302719,0.00989890651362104
"CR-Ab","Humidity",3,44.3804031177071,0.00119390535481447,0.0105903606629743
"CR-Ab","Humidity",3,44.5216379125558,0.00127417568631468,0.0113023867525598
"CR-Ab","Humidity",3,44.6628727074045,0.00135666167251838,0.0120340664791107
"CR-Ab","Humidity",3,44.8041075022531,0.00144125578442104,0.0127844460225146
"CR-Ab","Humidity",3,44.9453422971018,0.00152852271758397,0.0135585344311312
"CR-Ab","Humidity",3,45.0865770919505,0.00161749861879075,0.0143477819877261
"CR-Ab","Humidity",3,45.2278118867992,0.0017080275878558,0.0151508058027882
"CR-Ab","Humidity",3,45.3690466816479,0.00179997320984935,0.0159663958278824
"CR-Ab","Humidity",3,45.5102814764966,0.00189341684202777,0.0167952737305044
"CR-Ab","Humidity",3,45.6515162713453,0.00198803082937451,0.0176345330953472
"CR-Ab","Humidity",3,45.7927510661939,0.00208344554207361,0.0184808951758611
"CR-Ab","Humidity",3,45.9339858610426,0.00217952348340006,0.0193331403277068
"CR-Ab","Humidity",3,46.0752206558913,0.00227614172529666,0.0201901781357553
"CR-Ab","Humidity",3,46.21645545074,0.00237316308272547,0.0210507917204411
"CR-Ab","Humidity",3,46.3576902455887,0.0024702816555852,0.0219122676402117
"CR-Ab","Humidity",3,46.4989250404374,0.00256738396494828,0.0227735992970435
"CR-Ab","Humidity",3,46.6401598352861,0.00266435963292511,0.023633807600211
"CR-Ab","Humidity",3,46.7813946301347,0.0027609800105809,0.024490864353195
"CR-Ab","Humidity",3,46.9226294249834,0.00285711175453671,0.0253435867532976
"CR-Ab","Humidity",3,47.0638642198321,0.00295271385568043,0.0261916110352621
"CR-Ab","Humidity",3,47.2050990146808,0.00304771206317292,0.0270342785680147
"CR-Ab","Humidity",3,47.3463338095295,0.00314195425666058,0.0278702399904838
"CR-Ab","Humidity",3,47.4875686043782,0.00323516771907347,0.0286970762062828
"CR-Ab","Humidity",3,47.6288033992269,0.00332751632575163,0.0295162408473501
"CR-Ab","Humidity",3,47.7700381940755,0.00341895372466208,0.0303273227548405
"CR-Ab","Humidity",3,47.9112729889242,0.00350943516289088,0.0311299249546577
"CR-Ab","Humidity",3,48.0525077837729,0.00359855119272179,0.0319204155014636
"CR-Ab","Humidity",3,48.1937425786216,0.00368649899319559,0.0327005434427421
"CR-Ab","Humidity",3,48.3349773734703,0.00377331374109379,0.0334706208089249
"CR-Ab","Humidity",3,48.476212168319,0.0038589540847897,0.0342302807965306
"CR-Ab","Humidity",3,48.6174469631677,0.00394316813041631,0.034977289018311
"CR-Ab","Humidity",3,48.7586817580163,0.00402574273050197,0.0357097547811804
"CR-Ab","Humidity",3,48.899916552865,0.00410692921991992,0.0364299075139156
"CR-Ab","Humidity",3,49.0411513477137,0.00418666763557976,0.0371372153228022
"CR-Ab","Humidity",3,49.1823861425624,0.00426489570040017,0.0378311257882121
"CR-Ab","Humidity",3,49.3236209374111,0.00434085376297653,0.0385049005348456
"CR-Ab","Humidity",3,49.4648557322598,0.0044150218288641,0.0391627973809039
"CR-Ab","Humidity",3,49.6060905271085,0.00448734165046002,0.039804299649651
"CR-Ab","Humidity",3,49.7473253219571,0.00455772611953107,0.0404286346604025
"CR-Ab","Humidity",3,49.8885601168058,0.00462560295276277,0.0410307260587579
"CR-Ab","Humidity",3,50.0297949116545,0.00469083042360837,0.0416093166803704
"CR-Ab","Humidity",3,50.1710297065032,0.00475371418705913,0.0421671177925801
"CR-Ab","Humidity",3,50.3122645013519,0.0048141628667917,0.0427033188552414
"CR-Ab","Humidity",3,50.4534992962006,0.00487197821711918,0.0432161613593438
"CR-Ab","Humidity",3,50.5947340910493,0.00492613219419196,0.0436965261941462
"CR-Ab","Humidity",3,50.7359688858979,0.00497750285491174,0.0441522020333774
"CR-Ab","Humidity",3,50.8772036807466,0.00502603733888655,0.0445827199867578
"CR-Ab","Humidity",3,51.0184384755953,0.00507168922803202,0.0449876683095432
"CR-Ab","Humidity",3,51.159673270444,0.00511361254563388,0.0453595428905573
"CR-Ab","Humidity",3,51.3009080652927,0.00515220687313459,0.0457018881578176
"CR-Ab","Humidity",3,51.4421428601414,0.00518790997668901,0.0460185872511788
"CR-Ab","Humidity",3,51.5833776549901,0.00522077109000917,0.0463100768909932
"CR-Ab","Humidity",3,51.7246124498387,0.00525059770840132,0.0465746494928799
"CR-Ab","Humidity",3,51.8658472446874,0.00527702577342495,0.0468090757303503
"CR-Ab","Humidity",3,52.0070820395361,0.00530109252719747,0.0470225563060175
"CR-Ab","Humidity",3,52.1483168343848,0.00532298073719372,0.047216712431704
"CR-Ab","Humidity",3,52.2895516292335,0.00534288618447887,0.0473932807543583
"CR-Ab","Humidity",3,52.4307864240822,0.0053606369964369,0.0475507367033898
"CR-Ab","Humidity",3,52.5720212189309,0.0053771467479352,0.0476971840093827
"CR-Ab","Humidity",3,52.7132560137795,0.00539286598591472,0.0478366191822622
"CR-Ab","Humidity",3,52.8544908086282,0.00540812683372907,0.0479719882730573
"CR-Ab","Humidity",3,52.9957256034769,0.00542337276651824,0.0481072250623302
"CR-Ab","Humidity",3,53.1369603983256,0.00543942420963496,0.0482496070116881
"CR-Ab","Humidity",3,53.2781951931743,0.00545670655681302,0.0484029075132567
"CR-Ab","Humidity",3,53.419429988023,0.00547564442922611,0.0485708931062815
"CR-Ab","Humidity",3,53.5606647828717,0.00549666779742147,0.0487573777808342
"CR-Ab","Humidity",3,53.7018995777203,0.0055216027292464,0.0489785594013603
"CR-Ab","Humidity",3,53.843134372569,0.00555018617161601,0.0492321045944218
"CR-Ab","Humidity",3,53.9843691674177,0.00558278857664699,0.0495212994006651
"CR-Ab","Humidity",3,54.1256039622664,0.00561983861584314,0.0498499462871895
"CR-Ab","Humidity",3,54.2668387571151,0.00566296474820338,0.0502324902584116
"CR-Ab","Humidity",3,54.4080735519638,0.00571290344490196,0.0506754640728301
"CR-Ab","Humidity",3,54.5493083468125,0.00576899424281497,0.0511730091901021
"CR-Ab","Humidity",3,54.6905431416611,0.00583156214241295,0.0517280084787771
"CR-Ab","Humidity",3,54.8317779365098,0.00590116830822306,0.0523454396656993
"CR-Ab","Humidity",3,54.9730127313585,0.00598074157942061,0.0530512825850869
"CR-Ab","Humidity",3,55.1142475262072,0.00606787476817986,0.0538241846337748
"CR-Ab","Humidity",3,55.2554823210559,0.00616270273032019,0.0546653420303399
"CR-Ab","Humidity",3,55.3967171159046,0.00626533992588279,0.0555757700756292
"CR-Ab","Humidity",3,55.5379519107533,0.00637800035716849,0.0565751077492149
"CR-Ab","Humidity",3,55.6791867056019,0.00649967435290519,0.0576543989115844
"CR-Ab","Humidity",3,55.8204215004506,0.00662914036615205,0.0588028080114789
"CR-Ab","Humidity",3,55.9616562952993,0.00676628482758355,0.0600193276490129
"CR-Ab","Humidity",3,56.102891090148,0.00691162865095381,0.0613085785125086
"CR-Ab","Humidity",3,56.2441258849967,0.00706642360477992,0.0626816642292418
"CR-Ab","Humidity",3,56.3853606798454,0.00722797377596459,0.0641146711012788
"CR-Ab","Humidity",3,56.5265954746941,0.00739597658140108,0.0656049151099761
"CR-Ab","Humidity",3,56.6678302695427,0.00757011667981392,0.0671495990672438
"CR-Ab","Humidity",3,56.8090650643914,0.0077516787266792,0.0687601183192577
"CR-Ab","Humidity",3,56.9502998592401,0.00793863125236677,0.0704184530154723
"CR-Ab","Humidity",3,57.0915346540888,0.00813010777773638,0.0721169171809777
"CR-Ab","Humidity",3,57.2327694489375,0.00832572337605494,0.0738520963801856
"CR-Ab","Humidity",3,57.3740042437862,0.00852553996679871,0.0756245398606417
"CR-Ab","Humidity",3,57.5152390386349,0.00872918098142351,0.0774309073268348
"CR-Ab","Humidity",3,57.6564738334836,0.00893535550133264,0.0792597478765052
"CR-Ab","Humidity",3,57.7977086283322,0.00914375185211189,0.0811082968479125
"CR-Ab","Humidity",3,57.9389434231809,0.00935407123820844,0.0829739038193494
"CR-Ab","Humidity",3,58.0801782180296,0.00956648254990507,0.0848580669070612
"CR-Ab","Humidity",3,58.2214130128783,0.00978012582292043,0.0867531579252287
"CR-Ab","Humidity",3,58.362647807727,0.00999484779245682,0.0886578173611585
"CR-Ab","Humidity",3,58.5038826025757,0.0102105622507715,0.0905712805218339
"CR-Ab","Humidity",3,58.6451173974244,0.0104274159485724,0.0924948491376793
"CR-Ab","Humidity",3,58.786352192273,0.010645505288242,0.094429378331754
"CR-Ab","Humidity",3,58.9275869871217,0.0108647960898272,0.0963745649158462
"CR-Ab","Humidity",3,59.0688217819704,0.0110854729992148,0.0983320467639513
"CR-Ab","Humidity",3,59.2100565768191,0.0113078058562926,0.100304217450839
"CR-Ab","Humidity",3,59.3512913716678,0.0115330518491111,0.102302228676954
"CR-Ab","Humidity",3,59.4925261665165,0.0117610061066889,0.104324263164591
"CR-Ab","Humidity",3,59.6337609613651,0.0119920934112895,0.106374088881919
"CR-Ab","Humidity",3,59.7749957562138,0.0122267547781695,0.10845561778947
"CR-Ab","Humidity",3,59.9162305510625,0.0124668062130735,0.110584958497296
"CR-Ab","Humidity",3,60.0574653459112,0.0127127732150505,0.112766772366899
"CR-Ab","Humidity",3,60.1987001407599,0.0129645709672795,0.115000307043226
"CR-Ab","Humidity",3,60.3399349356086,0.0132227476056142,0.117290424684204
"CR-Ab","Humidity",3,60.4811697304573,0.0134885357953359,0.119648059464684
"CR-Ab","Humidity",3,60.622404525306,0.013764844719712,0.122099016864064
"CR-Ab","Humidity",3,60.7636393201546,0.0140498959900646,0.124627521948909
"CR-Ab","Humidity",3,60.9048741150033,0.0143441738208668,0.127237869872005
"CR-Ab","Humidity",3,61.046108909852,0.0146481475827794,0.129934224116296
"CR-Ab","Humidity",3,61.1873437047007,0.0149657771256611,0.132751709943601
"CR-Ab","Humidity",3,61.3285784995494,0.0152953483216133,0.135675122436214
"CR-Ab","Humidity",3,61.4698132943981,0.0156361660290366,0.138698295443509
"CR-Ab","Humidity",3,61.6110480892468,0.015988451517673,0.14182319170597
"CR-Ab","Humidity",3,61.7522828840954,0.0163540817296328,0.145066460360657
"CR-Ab","Humidity",3,61.8935176789441,0.0167346667282387,0.148442383235868
"CR-Ab","Humidity",3,62.0347524737928,0.017126971342639,0.151922263227606
"CR-Ab","Humidity",3,62.1759872686415,0.0175308619787826,0.155504915309625
"CR-Ab","Humidity",3,62.3172220634902,0.017946170438045,0.15918884750093
"CR-Ab","Humidity",3,62.4584568583389,0.0183765750467543,0.163006687850549
"CR-Ab","Humidity",3,62.5996916531876,0.0188176337335905,0.166919033622597
"CR-Ab","Humidity",3,62.7409264480362,0.0192684629663897,0.170918047575841
"CR-Ab","Humidity",3,62.8821612428849,0.0197285267660303,0.174998975386848
"CR-Ab","Humidity",3,63.0233960377336,0.0201987047150961,0.179169619262683
"CR-Ab","Humidity",3,63.1646308325823,0.0206776718789556,0.183418226566888
"CR-Ab","Humidity",3,63.305865627431,0.0211628456354225,0.187721888531779
"CR-Ab","Humidity",3,63.4471004222797,0.0216534130397788,0.192073394051611
"CR-Ab","Humidity",3,63.5883352171284,0.0221486097715458,0.196465963334755
"CR-Ab","Humidity",3,63.729570011977,0.0226480103319175,0.200895822057057
"CR-Ab","Humidity",3,63.8708048068257,0.0231489212283005,0.205339077991305
"CR-Ab","Humidity",3,64.0120396016744,0.0236504171329819,0.209787523155038
"CR-Ab","Humidity",3,64.1532743965231,0.0241515738478689,0.214232959585927
"CR-Ab","Humidity",3,64.2945091913718,0.0246506437407733,0.218659885171423
"CR-Ab","Humidity",3,64.4357439862205,0.0251460409929333,0.223054233141021
"CR-Ab","Humidity",3,64.5769787810692,0.0256371805407809,0.227410813774973
"CR-Ab","Humidity",3,64.7182135759178,0.0261232430061275,0.231722358900387
"CR-Ab","Humidity",3,64.8594483707665,0.0266028506587304,0.23597664756515
"CR-Ab","Humidity",3,65.0006831656152,0.0270728705761494,0.240145889644662
"CR-Ab","Humidity",3,65.1419179604639,0.0275347042324328,0.244242516706948
"CR-Ab","Humidity",3,65.2831527553126,0.0279878066077237,0.248261694234071
"CR-Ab","Humidity",3,65.4243875501613,0.0284316640942111,0.252198866343994
"CR-Ab","Humidity",3,65.56562234501,0.0288625212468366,0.256020720917411
"CR-Ab","Humidity",3,65.7068571398586,0.0292819458604354,0.25974116484626
"CR-Ab","Humidity",3,65.8480919347073,0.029690731815264,0.263367240127803
"CR-Ab","Humidity",3,65.989326729556,0.0300887453234388,0.266897760016426
"CR-Ab","Humidity",3,66.1305615244047,0.030474414506964,0.270318781401125
"CR-Ab","Humidity",3,66.2717963192534,0.0308463484509612,0.273617966377429
"CR-Ab","Humidity",3,66.4130311141021,0.0312077452774298,0.276823683412973
"CR-Ab","Humidity",3,66.5542659089508,0.0315588512818132,0.27993811723502
"CR-Ab","Humidity",3,66.6955007037994,0.0318999448694811,0.282963737397175
"CR-Ab","Humidity",3,66.8367354986481,0.032228142301602,0.28587496412114
"CR-Ab","Humidity",3,66.9779702934968,0.0325473727543919,0.288706650582732
"CR-Ab","Humidity",3,67.1192050883455,0.0328585640546925,0.29146702693256
"CR-Ab","Humidity",3,67.2604398831942,0.0331622843225927,0.29416113259575
"CR-Ab","Humidity",3,67.4016746780429,0.0334580547504486,0.296784720379995
"CR-Ab","Humidity",3,67.5429094728916,0.0337470974591669,0.299348630927834
"CR-Ab","Humidity",3,67.6841442677402,0.0340315861361713,0.301872145611691
"CR-Ab","Humidity",3,67.8253790625889,0.0343122504999628,0.304361737291475
"CR-Ab","Humidity",3,67.9666138574376,0.0345897998862837,0.306823698024855
"CR-Ab","Humidity",3,68.1078486522863,0.0348648701836812,0.30926366836703
"CR-Ab","Humidity",3,68.249083447135,0.0351394359962363,0.311699163751111
"CR-Ab","Humidity",3,68.3903182419837,0.0354142528953455,0.314136886361292
"CR-Ab","Humidity",3,68.5315530368323,0.0356900713828168,0.316583493412729
"CR-Ab","Humidity",3,68.672787831681,0.0359684588989519,0.31905288865252
"CR-Ab","Humidity",3,68.8140226265297,0.0362506271348946,0.321555820207537
"CR-Ab","Humidity",3,68.9552574213784,0.0365369065521086,0.324095219387259
"CR-Ab","Humidity",3,69.0964922162271,0.0368279399681849,0.326676788209944
"CR-Ab","Humidity",3,69.2377270110758,0.0371248305338507,0.329310312010768
"CR-Ab","Humidity",3,69.3789618059245,0.0374303012239993,0.332019944535319
"CR-Ab","Humidity",3,69.5201966007732,0.0377429725527925,0.334793449258738
"CR-Ab","Humidity",3,69.6614313956218,0.0380632792991756,0.337634682823276
"CR-Ab","Humidity",3,69.8026661904705,0.038391632580161,0.340547291981517
"CR-Ab","Humidity",3,69.9439009853192,0.0387311961913035,0.343559340713454
"CR-Ab","Humidity",3,70.0851357801679,0.0390806915152115,0.346659487232844
"CR-Ab","Humidity",3,70.2263705750166,0.0394393734638655,0.349841122346738
"CR-Ab","Humidity",3,70.3676053698653,0.0398073501020281,0.353105204627611
"CR-Ab","Humidity",3,70.508840164714,0.0401859129306486,0.356463190143399
"CR-Ab","Humidity",3,70.6500749595626,0.0405763408188503,0.359926422913287
"CR-Ab","Humidity",3,70.7913097544113,0.040975782957895,0.363469615260499
"CR-Ab","Humidity",3,70.93254454926,0.0413839761339532,0.367090432385733
"CR-Ab","Humidity",3,71.0737793441087,0.0418006210157496,0.370786219115237
"CR-Ab","Humidity",3,71.2150141389574,0.042227892661202,0.374576268978197
"CR-Ab","Humidity",3,71.3562489338061,0.0426623559823152,0.378430111535204
"CR-Ab","Humidity",3,71.4974837286548,0.0431029820833877,0.38233862011929
"CR-Ab","Humidity",3,71.6387185235035,0.0435490656171575,0.38629553805201
"CR-Ab","Humidity",3,71.7799533183521,0.044000409059609,0.390299113225833
"CR-Ab","Humidity",3,71.9211881132008,0.0444553036115213,0.3943341879903
"CR-Ab","Humidity",3,72.0624229080495,0.0449117109196225,0.398382681434539
"CR-Ab","Humidity",3,72.2036577028982,0.0453685549042802,0.402435048353513
"CR-Ab","Humidity",3,72.3448924977469,0.0458246993435479,0.406481210058689
"CR-Ab","Humidity",3,72.4861272925956,0.0462770255524049,0.41049350271639
"CR-Ab","Humidity",3,72.6273620874443,0.0467244876512045,0.414462649006077
"CR-Ab","Humidity",3,72.7685968822929,0.0471657561411595,0.418376855805623
"CR-Ab","Humidity",3,72.9098316771416,0.0475994891432661,0.422224220176024
"CR-Ab","Humidity",3,73.0510664719903,0.048021422454926,0.42596691713955
"CR-Ab","Humidity",3,73.192301266839,0.0484295476304077,0.429587131075739
"CR-Ab","Humidity",3,73.3335360616877,0.0488240523301872,0.433086526599057
"CR-Ab","Humidity",3,73.4747708565364,0.0492035616168962,0.436452907531172
"CR-Ab","Humidity",3,73.6160056513851,0.0495654305944203,0.43966281271274
"CR-Ab","Humidity",3,73.7572404462337,0.0499020984743739,0.44264917528995
"CR-Ab","Humidity",3,73.8984752410824,0.0502180292248919,0.44545159223114
"CR-Ab","Humidity",3,74.0397100359311,0.0505120531647918,0.448059688052582
"CR-Ab","Humidity",3,74.1809448307798,0.0507830315932414,0.450463362077156
"CR-Ab","Humidity",3,74.3221796256285,0.0510219336991934,0.452582507832699
"CR-Ab","Humidity",3,74.4634144204772,0.0512317801577847,0.45444391977073
"CR-Ab","Humidity",3,74.6046492153258,0.0514145136585859,0.456064830231419
"CR-Ab","Humidity",3,74.7458840101745,0.0515694365764354,0.457439051034074
"CR-Ab","Humidity",3,74.8871188050232,0.0516922307515326,0.458528278581591
"CR-Ab","Humidity",3,75.0283535998719,0.051777308158339,0.459282945120875
"CR-Ab","Humidity",3,75.1695883947206,0.0518326579726563,0.459773917452882
"CR-Ab","Humidity",3,75.3108231895693,0.0518581454109244,0.46
"CR-Ab","Humidity",3,75.452057984418,0.0518536888648531,0.459960468867975
"CR-Ab","Humidity",3,75.5932927792666,0.0518087020457508,0.459561419950528
"CR-Ab","Humidity",3,75.7345275741153,0.0517327898290463,0.458888051872912
"CR-Ab","Humidity",3,75.875762368964,0.0516279329793151,0.457957934713994
"CR-Ab","Humidity",3,76.0169971638127,0.0514946020981873,0.45677524287585
"CR-Ab","Humidity",3,76.1582319586614,0.0513284819151818,0.455301698390658
"CR-Ab","Humidity",3,76.2994667535101,0.0511297211107668,0.453538620106497
"CR-Ab","Humidity",3,76.4407015483588,0.0509055404994366,0.451550059189118
"CR-Ab","Humidity",3,76.5819363432074,0.0506568222813762,0.449343841064633
"CR-Ab","Humidity",3,76.7231711380561,0.050384369308394,0.446927087311125
"CR-Ab","Humidity",3,76.8644059329048,0.0500810594804607,0.444236622394885
"CR-Ab","Humidity",3,77.0056407277535,0.0497575688982929,0.441367147086464
"CR-Ab","Humidity",3,77.1468755226022,0.0494149665926455,0.438328144064875
"CR-Ab","Humidity",3,77.2881103174509,0.0490543234680458,0.435129112630154
"CR-Ab","Humidity",3,77.4293451122996,0.0486731972205782,0.431748388687061
"CR-Ab","Humidity",3,77.5705799071482,0.0482748018080592,0.428214481172503
"CR-Ab","Humidity",3,77.7118147019969,0.0478629911556306,0.424561575758781
"CR-Ab","Humidity",3,77.8530494968456,0.0474387493731799,0.420798401846931
"CR-Ab","Humidity",3,77.9942842916943,0.047002432531269,0.416928117908147
"CR-Ab","Humidity",3,78.135519086543,0.0465528008834192,0.412939726954865
"CR-Ab","Humidity",3,78.2767538813917,0.0460945654766287,0.408875017631896
"CR-Ab","Humidity",3,78.4179886762404,0.0456284269323409,0.404740204698012
"CR-Ab","Humidity",3,78.5592234710891,0.0451550530473386,0.400541211745688
"CR-Ab","Humidity",3,78.7004582659377,0.0446734255582769,0.396269006420703
"CR-Ab","Humidity",3,78.8416930607864,0.0441855690444426,0.391941547453833
"CR-Ab","Humidity",3,78.9829278556351,0.0436925324555295,0.387568139398012
"CR-Ab","Humidity",3,79.1241626504838,0.0431945960820724,0.383151268528928
"CR-Ab","Humidity",3,79.2653974453325,0.0426914725565042,0.378688385795126
"CR-Ab","Humidity",3,79.4066322401812,0.0421825900451819,0.374174418830953
"CR-Ab","Humidity",3,79.5478670350299,0.0416692464017853,0.369620880055293
"CR-Ab","Humidity",3,79.6891018298785,0.0411513599247453,0.365027044746478
"CR-Ab","Humidity",3,79.8303366247272,0.0406288204402301,0.360391935623845
"CR-Ab","Humidity",3,79.9715714195759,0.0400995760334232,0.355697351480851
"CR-Ab","Humidity",3,80.1128062144246,0.0395646212404328,0.350952114202779
"CR-Ab","Humidity",3,80.2540410092733,0.0390239199902162,0.346155903826786
"CR-Ab","Humidity",3,80.395275804122,0.0384771381584187,0.341305756552258
"CR-Ab","Humidity",3,80.5365105989707,0.0379226562577306,0.336387306956821
"CR-Ab","Humidity",3,80.6777453938194,0.0373592869026027,0.331390022512779
"CR-Ab","Humidity",3,80.818980188668,0.0367881795154885,0.326324099001809
"CR-Ab","Humidity",3,80.9602149835167,0.0362089541195308,0.321186165895462
"CR-Ab","Humidity",3,81.1014497783654,0.0356212341437994,0.315972882877063
"CR-Ab","Humidity",3,81.2426845732141,0.0350206976209929,0.310645912575638
"CR-Ab","Humidity",3,81.3839193680628,0.0344105465753078,0.305233658072683
"CR-Ab","Humidity",3,81.5251541629115,0.0337905418881525,0.29973399830214
"CR-Ab","Humidity",3,81.6663889577601,0.0331604571315615,0.294144924768268
"CR-Ab","Humidity",3,81.8076237526088,0.0325176350093528,0.288442866318764
"CR-Ab","Humidity",3,81.9488585474575,0.0318624533331687,0.282631174275854
"CR-Ab","Humidity",3,82.0900933423062,0.0311967725989576,0.27672635189336
"CR-Ab","Humidity",3,82.2313281371549,0.0305206450434131,0.270728862529135
"CR-Ab","Humidity",3,82.3725629320036,0.0298335888209549,0.264634432043308
"CR-Ab","Humidity",3,82.5137977268523,0.0291329501483745,0.258419520444886
"CR-Ab","Humidity",3,82.6550325217009,0.0284227623695603,0.252119904913597
"CR-Ab","Humidity",3,82.7962673165496,0.027703413630855,0.245739028444097
"CR-Ab","Humidity",3,82.9375021113983,0.0269753226274556,0.239280605010135
"CR-Ab","Humidity",3,83.078736906247,0.0262369116460615,0.232730639739497
"CR-Ab","Humidity",3,83.2199717010957,0.0254906686925777,0.226111202120151
"CR-Ab","Humidity",3,83.3612064959444,0.024738264916089,0.219437115832602
"CR-Ab","Humidity",3,83.5024412907931,0.0239804265675297,0.212714822978221
"CR-Ab","Humidity",3,83.6436760856417,0.023217555744972,0.205947890308419
"CR-Ab","Humidity",3,83.7849108804904,0.0224506655594778,0.199145304474854
"CR-Ab","Humidity",3,83.9261456753391,0.0216820337053483,0.192327269427556
"CR-Ab","Humidity",3,84.0673804701878,0.0209125983047567,0.18550210664035
"CR-Ab","Humidity",3,84.2086152650365,0.0201433106221063,0.178678254163269
"CR-Ab","Humidity",3,84.3498500598852,0.0193763279929666,0.171874848322034
"CR-Ab","Humidity",3,84.4910848547339,0.0186129807500136,0.165103689635661
"CR-Ab","Humidity",3,84.6323196495825,0.0178541723764916,0.158372792318485
"CR-Ab","Humidity",3,84.7735544444312,0.0171009123063473,0.151691110404859
"CR-Ab","Humidity",3,84.9147892392799,0.0163556632705478,0.145080489185158
"CR-Ab","Humidity",3,85.0560240341286,0.0156209883548836,0.138563664132361
"CR-Ab","Humidity",3,85.1972588289773,0.0148961766703503,0.132134329410817
"CR-Ab","Humidity",3,85.338493623826,0.0141821489392444,0.125800652151323
"CR-Ab","Humidity",3,85.4797284186747,0.0134798121335058,0.119570677514172
"CR-Ab","Humidity",3,85.6209632135233,0.0127959134786153,0.113504255763899
"CR-Ab","Humidity",3,85.762198008372,0.0121265737878033,0.107566977148674
"CR-Ab","Humidity",3,85.9034328032207,0.0114724119378492,0.101764331323328
"CR-Ab","Humidity",3,86.0446675980694,0.0108341116451108,0.0961023830925724
"CR-Ab","Humidity",3,86.1859023929181,0.0102163473636025,0.0906225965085736
"CR-Ab","Humidity",3,86.3271371877668,0.00961947746320938,0.0853281504383331
"CR-Ab","Humidity",3,86.4683719826155,0.00904084241758018,0.0801954539471593
"CR-Ab","Humidity",3,86.6096067774641,0.00848083218205306,0.0752279660761371
"CR-Ab","Humidity",3,86.7508415723128,0.00794078592057721,0.0704375656807817
"CR-Ab","Humidity",3,86.8920763671615,0.00742721270847878,0.0658819905499458
"CR-Ab","Humidity",3,87.0333111620102,0.00693335540686283,0.0615013024836217
"CR-Ab","Humidity",3,87.1745459568589,0.00645929609260993,0.0572962295326249
"CR-Ab","Humidity",3,87.3157807517076,0.00600509019563394,0.0532672633797987
"CR-Ab","Humidity",3,87.4570155465562,0.00557636110521044,0.0494642854670316
"CR-Ab","Humidity",3,87.5982503414049,0.00516979964892378,0.0458579422704146
"CR-Ab","Humidity",3,87.7394851362536,0.00478269984658015,0.0424242307933251
"CR-Ab","Humidity",3,87.8807199311023,0.00441485319478003,0.0391613015372316
"CR-Ab","Humidity",3,88.021954725951,0.00406800920009909,0.0360846732411564
"CR-Ab","Humidity",3,88.1631895207997,0.00374522367121677,0.0332214520035032
"CR-Ab","Humidity",3,88.3044243156484,0.00344034150209288,0.0305170398675565
"CR-Ab","Humidity",3,88.4456591104971,0.00315296492145134,0.0279679084621118
"CR-Ab","Humidity",3,88.5868939053458,0.00288268306755998,0.0255704132990119
"CR-Ab","Humidity",3,88.7281287001944,0.00263439230254269,0.0233679868334503
"CR-Ab","Humidity",3,88.8693634950431,0.00240277361291084,0.0213134475438867
"CR-Ab","Humidity",3,89.0105982898918,0.00218618175802682,0.0193922015668629
"CR-Ab","Humidity",3,89.1518330847405,0.00198411221585028,0.0175997736143272
"CR-Ab","Humidity",3,89.2930678795892,0.00179818813434396,0.0159505615799359
"CR-Ab","Humidity",3,89.4343026744379,0.0016284487271439,0.0144449133024412
"CR-Ab","Humidity",3,89.5755374692866,0.00147094499847625,0.0130477997995766
"CR-Ab","Humidity",3,89.7167722641352,0.00132515607189645,0.0117546007139691
"CR-Ab","Humidity",3,89.8580070589839,0.00119056234208183,0.0105607069635443
"CR-Ab","Humidity",3,89.9992418538326,0.00107042875146565,0.00949507973670171
"CR-Ab","Humidity",3,90.1404766486813,0.000959909238537563,0.00851473276239185
"CR-Ab","Humidity",3,90.28171144353,0.000858392309730221,0.00761424187747216
"CR-Ab","Humidity",3,90.4229462383787,0.000765404219051437,0.00678940478826863
"CR-Ab","Humidity",3,90.5641810332274,0.000682060843007425,0.00605011971209679
"CR-Ab","Humidity",3,90.705415828076,0.000607228128495642,0.00538632719883486
"CR-Ab","Humidity",3,90.8466506229247,0.00053900163954516,0.00478113423120107
"CR-Ab","Humidity",3,90.9878854177734,0.000476984389361685,0.00423101939662026
"CR-Ab","Humidity",3,91.1291202126221,0.000421016824752254,0.00373456740211999
"CR-Ab","Humidity",3,91.2703550074708,0.000372129883263058,0.00330092302654822
"CR-Ab","Humidity",3,91.4115898023195,0.000327879593971595,0.00290840738772662
"CR-Ab","Humidity",3,91.5528245971682,0.00028795612687116,0.00255427218445859
"CR-Ab","Humidity",3,91.6940593920168,0.000252057513520535,0.00223583885040017
"CR-Ab","Humidity",3,91.8352941868655,0.000220774188938106,0.00195834475195357
"CR-Ab","Humidity",3,91.9765289817142,0.000193085939326759,0.00171274023369911
"CR-Ab","Humidity",3,92.1177637765629,0.00016828645270198,0.00149276005976495
"CR-Ab","Humidity",3,92.2589985714116,0.000146155449496397,0.00129645027286648
"CR-Ab","Humidity",3,92.4002333662603,0.000126693274978222,0.00112381393565427
"CR-Ab","Humidity",3,92.541468161109,0.000109987482453297,0.000975627676763357
"CR-Ab","Humidity",3,92.6827029559576,9.5130330608664e-05,0.000843839511290486
"CR-Ab","Humidity",3,92.8239377508063,8.19700354289e-05,0.000727103061602176
"CR-Ab","Humidity",3,92.965172545655,7.03602921636623e-05,0.000624120553074513
"CR-Ab","Humidity",3,93.1064073405037,6.05464669356641e-05,0.000537068469566564
"CR-Ab","Humidity",3,93.2476421353524,5.19682630007421e-05,0.000460976781774873
"CR-Ab","Humidity",3,93.3888769302011,4.44248717410912e-05,0.000394064246589833
"CR-Ab","Humidity",3,93.5301117250497,3.78210328886217e-05,0.000335485871908967
"CR-Ab","Humidity",3,93.6713465198984,3.21765524098525e-05,0.000285417343625523
"CR-Ab","Humidity",3,93.8125813147471,2.74075412020578e-05,0.000243114535875606
"CR-Ab","Humidity",3,93.9538161095958,2.32434334510664e-05,0.000206177434668502
"CR-Ab","Humidity",3,94.0950509044445,1.96253541647073e-05,0.000174083798104041
"CR-Ab","Humidity",3,94.2362856992932,1.64971869258036e-05,0.000146335853813064
"CR-Ab","Humidity",3,94.3775204941419,1.39394647353298e-05,0.000123647957855834
"CR-Ab","Humidity",3,94.5187552889905,1.17279885241147e-05,0.000104031385587428
"CR-Ab","Humidity",3,94.6599900838392,9.82060706710125e-06,8.71122408074957e-05
"CR-Ab","Precipitation",2,0,2.84129649602892e-05,0.00831909370700822
"CR-Ab","Precipitation",2,6.51272015655577,2.96017149418123e-05,0.00866715039536568
"CR-Ab","Precipitation",2,13.0254403131115,3.07634645984054e-05,0.00900730159995801
"CR-Ab","Precipitation",2,19.5381604696673,3.18830653586477e-05,0.00933511193766516
"CR-Ab","Precipitation",2,26.0508806262231,3.29614553607897e-05,0.00965085608802253
"CR-Ab","Precipitation",2,32.5636007827789,3.39992171846928e-05,0.00995470462585276
"CR-Ab","Precipitation",2,39.0763209393346,3.49943384939513e-05,0.01024606835481
"CR-Ab","Precipitation",2,45.5890410958904,3.59423500520253e-05,0.0105236387174232
"CR-Ab","Precipitation",2,52.1017612524462,3.68304151474342e-05,0.0107836572250642
"CR-Ab","Precipitation",2,58.614481409002,3.76740281159167e-05,0.0110306604979385
"CR-Ab","Precipitation",2,65.1272015655577,3.84748870558014e-05,0.011265145725943
"CR-Ab","Precipitation",2,71.6399217221135,3.92351857718916e-05,0.0114877552379496
"CR-Ab","Precipitation",2,78.1526418786693,3.99514458372463e-05,0.0116974705777813
"CR-Ab","Precipitation",2,84.665362035225,4.06338633432031e-05,0.0118972770811608
"CR-Ab","Precipitation",2,91.1780821917808,4.1295048410676e-05,0.0120908668927721
"CR-Ab","Precipitation",2,97.6908023483366,4.19419560761145e-05,0.0122802763928396
"CR-Ab","Precipitation",2,104.203522504892,4.25820891339659e-05,0.0124677023408412
"CR-Ab","Precipitation",2,110.716242661448,4.32323123593711e-05,0.0126580826109109
"CR-Ab","Precipitation",2,117.228962818004,4.39071228393056e-05,0.0128556618366233
"CR-Ab","Precipitation",2,123.74168297456,4.46180748253639e-05,0.0130638230123917
"CR-Ab","Precipitation",2,130.254403131115,4.53773405253067e-05,0.0132861300653575
"CR-Ab","Precipitation",2,136.767123287671,4.62091026140972e-05,0.0135296634934336
"CR-Ab","Precipitation",2,143.279843444227,4.7149608400456e-05,0.0138050362248482
"CR-Ab","Precipitation",2,149.792563600783,4.8198356884024e-05,0.0141121015706183
"CR-Ab","Precipitation",2,156.305283757339,4.93712505923771e-05,0.0144555156663238
"CR-Ab","Precipitation",2,162.818003913894,5.0684528498836e-05,0.0148400331562248
"CR-Ab","Precipitation",2,169.33072407045,5.22098541455597e-05,0.0152866365644412
"CR-Ab","Precipitation",2,175.843444227006,5.39482275166561e-05,0.0157956186784912
"CR-Ab","Precipitation",2,182.356164383562,5.59014800872305e-05,0.016367515739948
"CR-Ab","Precipitation",2,188.868884540117,5.80880629183362e-05,0.0170077300750421
"CR-Ab","Precipitation",2,195.381604696673,6.05414026131136e-05,0.01772604873149
"CR-Ab","Precipitation",2,201.894324853229,6.33735882615026e-05,0.0185552905173269
"CR-Ab","Precipitation",2,208.407045009785,6.65198818489449e-05,0.0194765006486973
"CR-Ab","Precipitation",2,214.91976516634,6.99997293623688e-05,0.0204953727583393
"CR-Ab","Precipitation",2,221.432485322896,7.38326252261996e-05,0.0216176146611107
"CR-Ab","Precipitation",2,227.945205479452,7.81218479338724e-05,0.0228734654913647
"CR-Ab","Precipitation",2,234.457925636008,8.28960852569534e-05,0.0242713248040312
"CR-Ab","Precipitation",2,240.970645792564,8.81066914125255e-05,0.0257969494946998
"CR-Ab","Precipitation",2,247.483365949119,9.37733140965976e-05,0.0274560922549481
"CR-Ab","Precipitation",2,253.996086105675,9.99155960701321e-05,0.029254504331411
"CR-Ab","Precipitation",2,260.508806262231,0.000106744525104782,0.0312539612918923
"CR-Ab","Precipitation",2,267.021526418787,0.000114127113252332,0.0334155253062624
"CR-Ab","Precipitation",2,273.534246575342,0.000122068430348167,0.035740680782632
"CR-Ab","Precipitation",2,280.046966731898,0.00013058793029411,0.0382351236711588
"CR-Ab","Precipitation",2,286.559686888454,0.000139783028090703,0.0409273763213794
"CR-Ab","Precipitation",2,293.07240704501,0.000149775808864553,0.0438531843026101
"CR-Ab","Precipitation",2,299.585127201566,0.000160428529998681,0.0469722176549301
"CR-Ab","Precipitation",2,306.097847358121,0.000171760101722671,0.0502900131455206
"CR-Ab","Precipitation",2,312.610567514677,0.000183789326048183,0.0538120758562029
"CR-Ab","Precipitation",2,319.123287671233,0.000196742194990377,0.0576045744798175
"CR-Ab","Precipitation",2,325.636007827789,0.000210530929624462,0.0616418080343707
"CR-Ab","Precipitation",2,332.148727984344,0.000225093932005167,0.0659057411237119
"CR-Ab","Precipitation",2,338.6614481409,0.000240448172668586,0.0704013425879541
"CR-Ab","Precipitation",2,345.174168297456,0.000256646014658634,0.0751439439164272
"CR-Ab","Precipitation",2,351.686888454012,0.000273962606608153,0.0802141064748019
"CR-Ab","Precipitation",2,358.199608610568,0.00029213538765562,0.0855349544983049
"CR-Ab","Precipitation",2,364.712328767123,0.000311176939170305,0.0911101717133645
"CR-Ab","Precipitation",2,371.225048923679,0.000331099087858571,0.0969432208870171
"CR-Ab","Precipitation",2,377.737769080235,0.000352089441890625,0.103089032222793
"CR-Ab","Precipitation",2,384.250489236791,0.00037415870956797,0.10955074102754
"CR-Ab","Precipitation",2,390.763209393346,0.000397141581041595,0.116279945871612
"CR-Ab","Precipitation",2,397.275929549902,0.000421040695246264,0.123277419414447
"CR-Ab","Precipitation",2,403.788649706458,0.000445857375854016,0.130543549216857
"CR-Ab","Precipitation",2,410.301369863014,0.000471904377107042,0.138169907272531
"CR-Ab","Precipitation",2,416.814090019569,0.000498888367891065,0.146070608527577
"CR-Ab","Precipitation",2,423.326810176125,0.000526762955390806,0.154232069528871
"CR-Ab","Precipitation",2,429.839530332681,0.000555514133794951,0.162650189484507
"CR-Ab","Precipitation",2,436.352250489237,0.000585219377675592,0.171347652342676
"CR-Ab","Precipitation",2,442.864970645793,0.000615965053004589,0.180349745383816
"CR-Ab","Precipitation",2,449.377690802348,0.000647488242056624,0.189579488356228
"CR-Ab","Precipitation",2,455.890410958904,0.000679754543970725,0.19902680895713
"CR-Ab","Precipitation",2,462.40313111546,0.000712727045885506,0.208680899389682
"CR-Ab","Precipitation",2,468.915851272016,0.000746516608694231,0.218574218855549
"CR-Ab","Precipitation",2,475.428571428571,0.000780938446902295,0.228652663608519
"CR-Ab","Precipitation",2,481.941291585127,0.00081585867739901,0.238877033721899
"CR-Ab","Precipitation",2,488.454011741683,0.000851217127158933,0.249229711004909
"CR-Ab","Precipitation",2,494.966731898239,0.000886959700255903,0.259694856593863
"CR-Ab","Precipitation",2,501.479452054794,0.000923051265062077,0.270262184223161
"CR-Ab","Precipitation",2,507.99217221135,0.000959282090509365,0.280870286277962
"CR-Ab","Precipitation",2,514.504892367906,0.000995570804934444,0.291495337772272
"CR-Ab","Precipitation",2,521.017612524462,0.0010318341057815,0.302112948369888
"CR-Ab","Precipitation",2,527.530332681018,0.00106793360540452,0.312682599251441
"CR-Ab","Precipitation",2,534.043052837573,0.00110369058348257,0.323151962506085
"CR-Ab","Precipitation",2,540.555772994129,0.00113903727464486,0.33350119696376
"CR-Ab","Precipitation",2,547.068493150685,0.00117387798589737,0.34370228446496
"CR-Ab","Precipitation",2,553.581213307241,0.00120811629063804,0.353726992055486
"CR-Ab","Precipitation",2,560.093933463796,0.00124134780592648,0.363456919576136
"CR-Ab","Precipitation",2,566.606653620352,0.00127362591873869,0.372907698315543
"CR-Ab","Precipitation",2,573.119373776908,0.00130489047020798,0.382061714228494
"CR-Ab","Precipitation",2,579.632093933464,0.00133504714794547,0.390891353385857
"CR-Ab","Precipitation",2,586.14481409002,0.0013638599320038,0.399327510994755
"CR-Ab","Precipitation",2,592.657534246575,0.0013909328575599,0.40725425165483
"CR-Ab","Precipitation",2,599.170254403131,0.00141652470206936,0.414747343379224
"CR-Ab","Precipitation",2,605.682974559687,0.001440557778528,0.421784040021287
"CR-Ab","Precipitation",2,612.195694716243,0.00146295712080769,0.428342392085583
"CR-Ab","Precipitation",2,618.708414872798,0.00148318111301453,0.434263818678466
"CR-Ab","Precipitation",2,625.221135029354,0.00150134323339386,0.439581545341796
"CR-Ab","Precipitation",2,631.73385518591,0.00151761531696845,0.444345884025015
"CR-Ab","Precipitation",2,638.246575342466,0.00153195262702334,0.44854373616821
"CR-Ab","Precipitation",2,644.759295499022,0.00154426494845147,0.452148687494289
"CR-Ab","Precipitation",2,651.272015655577,0.00155382359816389,0.454947385299366
"CR-Ab","Precipitation",2,657.784735812133,0.0015613267822539,0.457144258861593
"CR-Ab","Precipitation",2,664.297455968689,0.00156676606959414,0.45873683961288
"CR-Ab","Precipitation",2,670.810176125245,0.00157013713859552,0.459723862225779
"CR-Ab","Precipitation",2,677.3228962818,0.00157108025730286,0.46
"CR-Ab","Precipitation",2,683.835616438356,0.00156955627332815,0.459553789422848
"CR-Ab","Precipitation",2,690.348336594912,0.00156602144603149,0.458518819663087
"CR-Ab","Precipitation",2,696.861056751468,0.00156050635008867,0.456904042746437
"CR-Ab","Precipitation",2,703.373776908024,0.00155304512011736,0.454719453021724
"CR-Ab","Precipitation",2,709.886497064579,0.00154308579974782,0.451803441984928
"CR-Ab","Precipitation",2,716.399217221135,0.00153122579359499,0.448330925030467
"CR-Ab","Precipitation",2,722.911937377691,0.00151762902674421,0.44434989814003
"CR-Ab","Precipitation",2,729.424657534247,0.00150235612641771,0.439878112489659
"CR-Ab","Precipitation",2,735.937377690802,0.00148532790331801,0.434892382072991
"CR-Ab","Precipitation",2,742.450097847358,0.00146638081033595,0.429344821576804
"CR-Ab","Precipitation",2,748.962818003914,0.00144605291967978,0.423392974331336
"CR-Ab","Precipitation",2,755.47553816047,0.00142442130422425,0.41705940667094
"CR-Ab","Precipitation",2,761.988258317025,0.00140156421676033,0.410367030400196
"CR-Ab","Precipitation",2,768.500978473581,0.00137731916093268,0.403268267858387
"CR-Ab","Precipitation",2,775.013698630137,0.00135196129079822,0.395843681999305
"CR-Ab","Precipitation",2,781.526418786693,0.00132572648025469,0.388162334853655
"CR-Ab","Precipitation",2,788.039138943249,0.00129869862844065,0.380248791432391
"CR-Ab","Precipitation",2,794.551859099804,0.00127095322307203,0.372125153947774
"CR-Ab","Precipitation",2,801.06457925636,0.00124242684016773,0.363772852354661
"CR-Ab","Precipitation",2,807.577299412916,0.00121346302722454,0.355292474670621
"CR-Ab","Precipitation",2,814.090019569472,0.00118414385449423,0.346708050422878
"CR-Ab","Precipitation",2,820.602739726027,0.00115455075294048,0.338043421960105
"CR-Ab","Precipitation",2,827.115459882583,0.00112475710857051,0.329320076130713
"CR-Ab","Precipitation",2,833.628180039139,0.00109490862276578,0.320580673158551
"CR-Ab","Precipitation",2,840.140900195695,0.00106511719555617,0.311857976496353
"CR-Ab","Precipitation",2,846.65362035225,0.00103545613191593,0.303173449266703
"CR-Ab","Precipitation",2,853.166340508806,0.0010059975538438,0.294548208226222
"CR-Ab","Precipitation",2,859.679060665362,0.000976944101551526,0.286041584842519
"CR-Ab","Precipitation",2,866.191780821918,0.000948330806192171,0.277663835962968
"CR-Ab","Precipitation",2,872.704500978474,0.000920198187503931,0.269426825449701
"CR-Ab","Precipitation",2,879.217221135029,0.000892605085175302,0.261347781102877
"CR-Ab","Precipitation",2,885.729941291585,0.000865668042974731,0.253460826025525
"CR-Ab","Precipitation",2,892.242661448141,0.000839623156730992,0.245835087228013
"CR-Ab","Precipitation",2,898.755381604697,0.00081433445058162,0.23843075204231
"CR-Ab","Precipitation",2,905.268101761252,0.000789843377680958,0.231259957627487
"CR-Ab","Precipitation",2,911.780821917808,0.000766189214222624,0.224334203745561
"CR-Ab","Precipitation",2,918.293542074364,0.000743630916570804,0.217729310792701
"CR-Ab","Precipitation",2,924.80626223092,0.000722140143458708,0.211436980667863
"CR-Ab","Precipitation",2,931.318982387475,0.000701608668233228,0.20542552545428
"CR-Ab","Precipitation",2,937.831702544031,0.000682054890006225,0.199700332267865
"CR-Ab","Precipitation",2,944.344422700587,0.00066350072121791,0.194267816899569
"CR-Ab","Precipitation",2,950.857142857143,0.000646337048266397,0.18924242782667
"CR-Ab","Precipitation",2,957.369863013699,0.000630187202585673,0.184513879441824
"CR-Ab","Precipitation",2,963.882583170254,0.00061504785165978,0.180081196010447
"CR-Ab","Precipitation",2,970.39530332681,0.000600913342070766,0.17594272225602
"CR-Ab","Precipitation",2,976.908023483366,0.000587928161869565,0.172140763148719
"CR-Ab","Precipitation",2,983.420743639922,0.000576129839504144,0.168686306724316
"CR-Ab","Precipitation",2,989.933463796477,0.000565270760972225,0.165506853541409
"CR-Ab","Precipitation",2,996.446183953033,0.000555326261870287,0.162595182055737
"CR-Ab","Precipitation",2,1002.95890410959,0.000546269839750372,0.159943532558013
"CR-Ab","Precipitation",2,1009.47162426614,0.000538316256251356,0.157614785574821
"CR-Ab","Precipitation",2,1015.9843444227,0.000531207769664158,0.155533476351494
"CR-Ab","Precipitation",2,1022.49706457926,0.000524843441313749,0.153670050834191
"CR-Ab","Precipitation",2,1029.00978473581,0.000519184245442675,0.152013082586648
"CR-Ab","Precipitation",2,1035.52250489237,0.000514235671162747,0.150564178777828
"CR-Ab","Precipitation",2,1042.03522504892,0.000510059533084432,0.149341438241757
"CR-Ab","Precipitation",2,1048.54794520548,0.000506409301357371,0.14827267896823
"CR-Ab","Precipitation",2,1055.06066536204,0.00050324097116241,0.147345016690694
"CR-Ab","Precipitation",2,1061.57338551859,0.000500510497569254,0.146545555398367
"CR-Ab","Precipitation",2,1068.08610567515,0.000498243998727995,0.14588194228113
"CR-Ab","Precipitation",2,1074.5988258317,0.000496332583834843,0.145322294964092
"CR-Ab","Precipitation",2,1081.11154598826,0.000494676132339422,0.144837298933908
"CR-Ab","Precipitation",2,1087.62426614481,0.00049323388363016,0.144415019802605
"CR-Ab","Precipitation",2,1094.13698630137,0.000491965766677225,0.144043725086349
"CR-Ab","Precipitation",2,1100.64970645793,0.000490853581338702,0.143718085926069
"CR-Ab","Precipitation",2,1107.16242661448,0.000489797395346327,0.143408842935946
"CR-Ab","Precipitation",2,1113.67514677104,0.0004887645451203,0.143106432475523
"CR-Ab","Precipitation",2,1120.18786692759,0.000487723909931542,0.142801742638957
"CR-Ab","Precipitation",2,1126.70058708415,0.00048663270937948,0.142482247659872
"CR-Ab","Precipitation",2,1133.2133072407,0.00048543494165758,0.142131550647728
"CR-Ab","Precipitation",2,1139.72602739726,0.000484119430708709,0.141746379340491
"CR-Ab","Precipitation",2,1146.23874755382,0.000482665814633575,0.141320771933451
"CR-Ab","Precipitation",2,1152.75146771037,0.000481054918140552,0.140849114051337
"CR-Ab","Precipitation",2,1159.26418786693,0.000479207613629717,0.140308237752348
"CR-Ab","Precipitation",2,1165.77690802348,0.000477139312010738,0.13970265523019
"CR-Ab","Precipitation",2,1172.28962818004,0.000474854738327175,0.139033749940627
"CR-Ab","Precipitation",2,1178.80234833659,0.000472344279145111,0.138298707145466
"CR-Ab","Precipitation",2,1185.31506849315,0.000469582627546548,0.137490117177236
"CR-Ab","Precipitation",2,1191.82778864971,0.00046649821847178,0.136587026346709
"CR-Ab","Precipitation",2,1198.34050880626,0.000463162166949362,0.135610256577513
"CR-Ab","Precipitation",2,1204.85322896282,0.000459571774156174,0.13455901767537
"CR-Ab","Precipitation",2,1211.36594911937,0.000455724923038352,0.13343268978348
"CR-Ab","Precipitation",2,1217.87866927593,0.00045156357558935,0.132214279827882
"CR-Ab","Precipitation",2,1224.39138943249,0.000447102437685415,0.130908093574016
"CR-Ab","Precipitation",2,1230.90410958904,0.00044238548128488,0.129527005667042
"CR-Ab","Precipitation",2,1237.4168297456,0.000437414638950619,0.128071581946241
"CR-Ab","Precipitation",2,1243.92954990215,0.000432192200280277,0.12654249278788
"CR-Ab","Precipitation",2,1250.44227005871,0.00042663161319544,0.124914396420979
"CR-Ab","Precipitation",2,1256.95499021526,0.000420827805846727,0.123215087064886
"CR-Ab","Precipitation",2,1263.46771037182,0.000414788607669451,0.121446857116967
"CR-Ab","Precipitation",2,1269.98043052838,0.000408519053424267,0.119611180715727
"CR-Ab","Precipitation",2,1276.49315068493,0.000401994794883857,0.11770092889082
"CR-Ab","Precipitation",2,1283.00587084149,0.000395205086312283,0.115712955374886
"CR-Ab","Precipitation",2,1289.51859099804,0.000388212294618078,0.1136655207105
"CR-Ab","Precipitation",2,1296.0313111546,0.000381024463944912,0.111560980159954
"CR-Ab","Precipitation",2,1302.54403131115,0.000373650021455094,0.109401801130399
"CR-Ab","Precipitation",2,1309.05675146771,0.000366052412156775,0.107177280606395
"CR-Ab","Precipitation",2,1315.56947162427,0.0003582843800116,0.104902861607003
"CR-Ab","Precipitation",2,1322.08219178082,0.000350373802465851,0.102586706430251
"CR-Ab","Precipitation",2,1328.59491193738,0.000342332920400393,0.100232399110229
"CR-Ab","Precipitation",2,1335.10763209393,0.000334168927061927,0.097842045773257
"CR-Ab","Precipitation",2,1341.62035225049,0.000325880850186089,0.0954153617479415
"CR-Ab","Precipitation",2,1348.13307240704,0.000317522141635747,0.0929679973212772
"CR-Ab","Precipitation",2,1354.6457925636,0.000309108750730845,0.0905046223292837
"CR-Ab","Precipitation",2,1361.15851272016,0.000300656957084783,0.0880300033153174
"CR-Ab","Precipitation",2,1367.67123287671,0.000292186092594591,0.0855498005074879
"CR-Ab","Precipitation",2,1374.18395303327,0.000283730120139207,0.0830739579708664
"CR-Ab","Precipitation",2,1380.69667318982,0.000275309825245622,0.0806085615450345
"CR-Ab","Precipitation",2,1387.20939334638,0.000266943239896814,0.078158890853444
"CR-Ab","Precipitation",2,1393.72211350294,0.000258648440698124,0.0757302385846234
"CR-Ab","Precipitation",2,1400.23483365949,0.000250490218047285,0.0733415748598127
"CR-Ab","Precipitation",2,1406.74755381605,0.000242463457194488,0.0709914021203081
"CR-Ab","Precipitation",2,1413.2602739726,0.000234582685580277,0.0686839738869726
"CR-Ab","Precipitation",2,1419.77299412916,0.000226864208505472,0.066424064224238
"CR-Ab","Precipitation",2,1426.28571428571,0.000219350577018676,0.0642241317460209
"CR-Ab","Precipitation",2,1432.79843444227,0.000212093502142822,0.062099317035012
"CR-Ab","Precipitation",2,1439.31115459883,0.000205059068529705,0.0600396899427659
"CR-Ab","Precipitation",2,1445.82387475538,0.000198258643895393,0.0580485788475544
"CR-Ab","Precipitation",2,1452.33659491194,0.000191702895141821,0.0561291069347571
"CR-Ab","Precipitation",2,1458.84931506849,0.000185477618091539,0.0543063945495568
"CR-Ab","Precipitation",2,1465.36203522505,0.000179549047553784,0.0525705555084315
"CR-Ab","Precipitation",2,1471.8747553816,0.00017389533665705,0.0509151932184346
"CR-Ab","Precipitation",2,1478.38747553816,0.000168520213680649,0.0493413992905615
"CR-Ab","Precipitation",2,1484.90019569472,0.000163440593685552,0.0478541263222438
"CR-Ab","Precipitation",2,1491.41291585127,0.000158738294288956,0.0464773298712797
"CR-Ab","Precipitation",2,1497.92563600783,0.000154316902330892,0.0451827809192095
"CR-Ab","Precipitation",2,1504.43835616438,0.000150173604426575,0.043969655728993
"CR-Ab","Precipitation",2,1510.95107632094,0.000146304986097507,0.0428369545680566
"CR-Ab","Precipitation",2,1517.46379647749,0.000142759127548884,0.0417987549440814
"CR-Ab","Precipitation",2,1523.97651663405,0.000139519901735716,0.0408503349845466
"CR-Ab","Precipitation",2,1530.48923679061,0.000136531024503771,0.0399752151297183
"CR-Ab","Precipitation",2,1537.00195694716,0.000133785096592447,0.0391712289340177
"CR-Ab","Precipitation",2,1543.51467710372,0.00013127443729195,0.0384361275457467
"CR-Ab","Precipitation",2,1550.02739726027,0.000129064693247728,0.0377891317887715
"CR-Ab","Precipitation",2,1556.54011741683,0.000127070181107361,0.0372051542482837
"CR-Ab","Precipitation",2,1563.05283757339,0.000125275572387543,0.0366797068643714
"CR-Ab","Precipitation",2,1569.56555772994,0.000123672522746226,0.036210346479007
"CR-Ab","Precipitation",2,1576.0782778865,0.000122273125303348,0.0358006138630367
"CR-Ab","Precipitation",2,1582.59099804305,0.000121087177673355,0.035453377681269
"CR-Ab","Precipitation",2,1589.10371819961,0.000120059738219349,0.0351525514525349
"CR-Ab","Precipitation",2,1595.61643835616,0.000119183963960735,0.0348961316056875
"CR-Ab","Precipitation",2,1602.12915851272,0.00011845325130589,0.0346821846607964
"CR-Ab","Precipitation",2,1608.64187866928,0.000117895994815935,0.0345190243230684
"CR-Ab","Precipitation",2,1615.15459882583,0.000117480526885876,0.034397378565674
"CR-Ab","Precipitation",2,1621.66731898239,0.000117187010854515,0.0343114393695073
"CR-Ab","Precipitation",2,1628.18003913894,0.00011701101000161,0.0342599076976148
"CR-Ab","Precipitation",2,1634.6927592955,0.000116952615397008,0.0342428102145345
"CR-Ab","Precipitation",2,1641.20547945205,0.000117038039985777,0.0342678218653723
"CR-Ab","Precipitation",2,1647.71819960861,0.000117225272892236,0.0343226421946144
"CR-Ab","Precipitation",2,1654.23091976517,0.000117511168148883,0.0344063500876048
"CR-Ab","Precipitation",2,1660.74363992172,0.000117892620999035,0.0345180364958925
"CR-Ab","Precipitation",2,1667.25636007828,0.000118383212205015,0.0346616777603676
"CR-Ab","Precipitation",2,1673.76908023483,0.00011897695155459,0.034835519993783
"CR-Ab","Precipitation",2,1680.28180039139,0.000119652936422191,0.0350334430710102
"CR-Ab","Precipitation",2,1686.79452054795,0.000120407698770492,0.0352544315778703
"CR-Ab","Precipitation",2,1693.3072407045,0.000121237657685028,0.035497437050641
"CR-Ab","Precipitation",2,1699.81996086106,0.000122160435294794,0.0357676191107356
"CR-Ab","Precipitation",2,1706.33268101761,0.000123147714329302,0.0360566866830398
"CR-Ab","Precipitation",2,1712.84540117417,0.000124191869723455,0.0363624072081868
"CR-Ab","Precipitation",2,1719.35812133072,0.000125287883760611,0.036683311538025
"CR-Ab","Precipitation",2,1725.87084148728,0.000126434616962542,0.0370190660422498
"CR-Ab","Precipitation",2,1732.38356164384,0.000127627647305717,0.0373683759869899
"CR-Ab","Precipitation",2,1738.89628180039,0.000128848321988231,0.0377257799778721
"CR-Ab","Precipitation",2,1745.40900195695,0.000130090352452499,0.0380894367744663
"CR-Ab","Precipitation",2,1751.9217221135,0.00013134736598046,0.0384574804948138
"CR-Ab","Precipitation",2,1758.43444227006,0.000132611566775925,0.0388276285908201
"CR-Ab","Precipitation",2,1764.94716242661,0.000133870202746513,0.0391961473496674
"CR-Ab","Precipitation",2,1771.45988258317,0.000135116111234701,0.0395609396013059
"CR-Ab","Precipitation",2,1777.97260273973,0.000136342917697823,0.0399201389295472
"CR-Ab","Precipitation",2,1784.48532289628,0.000137543220299626,0.0402715781346817
"CR-Ab","Precipitation",2,1790.99804305284,0.000138695648736777,0.0406090001591935
"CR-Ab","Precipitation",2,1797.51076320939,0.000139803994270176,0.0409335150545934
"CR-Ab","Precipitation",2,1804.02348336595,0.00014086322754972,0.0412436502665442
"CR-Ab","Precipitation",2,1810.5362035225,0.000141868540359464,0.0415379979870586
"CR-Ab","Precipitation",2,1817.04892367906,0.000142803321994292,0.0418116947317169
"CR-Ab","Precipitation",2,1823.56164383562,0.000143659128168145,0.0420622680796681
"CR-Ab","Precipitation",2,1830.07436399217,0.000144445059455237,0.0422923826077974
"CR-Ab","Precipitation",2,1836.58708414873,0.000145158458356631,0.0425012602212203
"CR-Ab","Precipitation",2,1843.09980430528,0.000145796907103064,0.0426881930160243
"CR-Ab","Precipitation",2,1849.61252446184,0.000146331507990132,0.0428447199705884
"CR-Ab","Precipitation",2,1856.1252446184,0.000146782194050123,0.0429766773207187
"CR-Ab","Precipitation",2,1862.63796477495,0.000147151992971111,0.043084951549781
"CR-Ab","Precipitation",2,1869.15068493151,0.000147440211705728,0.0431693397389316
"CR-Ab","Precipitation",2,1875.66340508806,0.000147637869386495,0.0432272123604796
"CR-Ab","Precipitation",2,1882.17612524462,0.000147729721024076,0.043254105800895
"CR-Ab","Precipitation",2,1888.68884540117,0.000147738871230209,0.0432567849096175
"CR-Ab","Precipitation",2,1895.20156555773,0.000147665248820243,0.043235228844339
"CR-Ab","Precipitation",2,1901.71428571429,0.000147508775390071,0.0431894146489503
"CR-Ab","Precipitation",2,1908.22700587084,0.000147248183205636,0.0431131152974162
"CR-Ab","Precipitation",2,1914.7397260274,0.000146893274124646,0.043009200696939
"CR-Ab","Precipitation",2,1921.25244618395,0.000146454316436659,0.0428806773223149
"CR-Ab","Precipitation",2,1927.76516634051,0.000145930691119179,0.042727363928603
"CR-Ab","Precipitation",2,1934.27788649706,0.000145319793013298,0.0425484977456698
"CR-Ab","Precipitation",2,1940.79060665362,0.000144590406876941,0.0423349391950072
"CR-Ab","Precipitation",2,1947.30332681018,0.000143772119249027,0.0420953509835898
"CR-Ab","Precipitation",2,1953.81604696673,0.000142863543268161,0.0418293270492583
"CR-Ab","Precipitation",2,1960.32876712329,0.000141863245471804,0.0415364476854033
"CR-Ab","Precipitation",2,1966.84148727984,0.000140753039980309,0.0412113882088336
"CR-Ab","Precipitation",2,1973.3542074364,0.000139526458359389,0.040852254712629
"CR-Ab","Precipitation",2,1979.86692759295,0.000138201792063261,0.0404644027913878
"CR-Ab","Precipitation",2,1986.37964774951,0.000136777749760681,0.0400474543534313
"CR-Ab","Precipitation",2,1992.89236790607,0.000135253132989162,0.0396010584983254
"CR-Ab","Precipitation",2,1999.40508806262,0.00013359343660956,0.0391151123914552
"CR-Ab","Precipitation",2,2005.91780821918,0.000131825120390821,0.0385973632460256
"CR-Ab","Precipitation",2,2012.43052837573,0.000129954409321707,0.0380496336900131
"CR-Ab","Precipitation",2,2018.94324853229,0.000127981824554753,0.0374720763128003
"CR-Ab","Precipitation",2,2025.45596868885,0.000125899015026988,0.0368622459885259
"CR-Ab","Precipitation",2,2031.9686888454,0.000123689584021033,0.0362153418867049
"CR-Ab","Precipitation",2,2038.48140900196,0.000121385838101037,0.035540823116405
"CR-Ab","Precipitation",2,2044.99412915851,0.000118991112092919,0.0348396660885486
"CR-Ab","Precipitation",2,2051.50684931507,0.000116509084847438,0.0341129479418378
"CR-Ab","Precipitation",2,2058.01956947162,0.000113926021500046,0.0333566472154572
"CR-Ab","Precipitation",2,2064.53228962818,0.000111260258446888,0.0325761326626501
"CR-Ab","Precipitation",2,2071.04500978474,0.00010852939925866,0.0317765584711054
"CR-Ab","Precipitation",2,2077.55772994129,0.000105740016400435,0.0309598490071431
"CR-Ab","Precipitation",2,2084.07045009785,0.000102898474065055,0.0301278676566049
"CR-Ab","Precipitation",2,2090.5831702544,0.000100003006037858,0.0292800972856645
"CR-Ab","Precipitation",2,2097.09589041096,9.70810533207668e-05,0.028424572404861
"CR-Ab","Precipitation",2,2103.60861056751,9.41409634143277e-05,0.0275637370970049
"CR-Ab","Precipitation",2,2110.12133072407,9.11911528436297e-05,0.0267000556547528
"CR-Ab","Precipitation",2,2116.63405088063,8.82426019022526e-05,0.0258367430221048
"CR-Ab","Precipitation",2,2123.14677103718,8.53122463759191e-05,0.0249787578645371
"CR-Ab","Precipitation",2,2129.65949119374,8.24081264249354e-05,0.0241284542780445
"CR-Ab","Precipitation",2,2136.17221135029,7.95383240807251e-05,0.0232881986181566
"CR-Ab","Precipitation",2,2142.68493150685,7.67107695526924e-05,0.0224603127881049
"CR-Ab","Precipitation",2,2149.1976516634,7.39536852012575e-05,0.0216530600740791
"CR-Ab","Precipitation",2,2155.71037181996,7.12655849997226e-05,0.0208660053790957
"CR-Ab","Precipitation",2,2162.22309197652,6.86487662109539e-05,0.0200998213237374
"CR-Ab","Precipitation",2,2168.73581213307,6.6108818011758e-05,0.019356144375218
"CR-Ab","Precipitation",2,2175.24853228963,6.36585054978631e-05,0.0186387120536339
"CR-Ab","Precipitation",2,2181.76125244618,6.13245357576447e-05,0.0179553439853829
"CR-Ab","Precipitation",2,2188.27397260274,5.90847863139045e-05,0.0172995628823288
"CR-Ab","Precipitation",2,2194.7866927593,5.69415686575538e-05,0.0166720455309149
"CR-Ab","Precipitation",2,2201.29941291585,5.48968187644196e-05,0.0160733587697074
"CR-Ab","Precipitation",2,2207.81213307241,5.29757514402043e-05,0.0155108852964196
"CR-Ab","Precipitation",2,2214.32485322896,5.11700904866271e-05,0.0149822019049858
"CR-Ab","Precipitation",2,2220.83757338552,4.94641379229481e-05,0.0144827123495384
"CR-Ab","Precipitation",2,2227.35029354207,4.7856775997845e-05,0.0140120893612407
"CR-Ab","Precipitation",2,2233.86301369863,4.63469042693896e-05,0.013570010739311
"CR-Ab","Precipitation",2,2240.37573385519,4.49664866585316e-05,0.0131658352695709
"CR-Ab","Precipitation",2,2246.88845401174,4.36755518173313e-05,0.0127878596542631
"CR-Ab","Precipitation",2,2253.4011741683,4.24710217860731e-05,0.0124351826908786
"CR-Ab","Precipitation",2,2259.91389432485,4.13497034416981e-05,0.0121068694579837
"CR-Ab","Precipitation",2,2266.42661448141,4.03196067629166e-05,0.0118052652146378
"CR-Ab","Precipitation",2,2272.93933463796,3.93794504513724e-05,0.011529994806713
"CR-Ab","Precipitation",2,2279.45205479452,3.85075076318684e-05,0.0112746967752424
"CR-Ab","Precipitation",2,2285.96477495108,3.77001777635507e-05,0.011038316910051
"CR-Ab","Precipitation",2,2292.47749510763,3.69538856741297e-05,0.0108198084286809
"CR-Ab","Precipitation",2,2298.99021526419,3.62805732756325e-05,0.0106226678294856
"CR-Ab","Precipitation",2,2305.50293542074,3.56616989666825e-05,0.0104414662767363
"CR-Ab","Precipitation",2,2312.0156555773,3.5089961132507e-05,0.010274065914789
"CR-Ab","Precipitation",2,2318.52837573386,3.45624730653744e-05,0.0101196215382187
"CR-Ab","Precipitation",2,2325.04109589041,3.40792224500259e-05,0.00997812954121412
"CR-Ab","Precipitation",2,2331.55381604697,3.36446334610572e-05,0.00985088528746175
"CR-Ab","Precipitation",2,2338.06653620352,3.3243921227772e-05,0.00973355988256637
"CR-Ab","Precipitation",2,2344.57925636008,3.28751162869541e-05,0.0096255766831164
"CR-Ab","Precipitation",2,2351.09197651663,3.25363335157158e-05,0.00952638373988818
"CR-Ab","Precipitation",2,2357.60469667319,3.22314696996773e-05,0.00943712200120497
"CR-Ab","Precipitation",2,2364.11741682975,3.19556816628432e-05,0.00935637342305056
"CR-Ab","Precipitation",2,2370.6301369863,3.17031761734463e-05,0.00928244179251629
"CR-Ab","Precipitation",2,2377.14285714286,3.14725215142673e-05,0.00921490791400874
"CR-Ab","Precipitation",2,2383.65557729941,3.12623028282189e-05,0.009153357528449
"CR-Ab","Precipitation",2,2390.16829745597,3.10770731715958e-05,0.00909912373507621
"CR-Ab","Precipitation",2,2396.68101761252,3.09076485041844e-05,0.00904951751881389
"CR-Ab","Precipitation",2,2403.19373776908,3.07523185971768e-05,0.00900403813805573
"CR-Ab","Precipitation",2,2409.70645792564,3.06094249432595e-05,0.00896219999484412
"CR-Ab","Precipitation",2,2416.21917808219,3.04783048031544e-05,0.00892380904430675
"CR-Ab","Precipitation",2,2422.73189823875,3.03560593517739e-05,0.00888801653315167
"CR-Ab","Precipitation",2,2429.2446183953,3.02380871726557e-05,0.00885347520266132
"CR-Ab","Precipitation",2,2435.75733855186,3.01221734785846e-05,0.00881953658047774
"CR-Ab","Precipitation",2,2442.27005870841,3.00060440435648e-05,0.0087855347910333
"CR-Ab","Precipitation",2,2448.78277886497,2.98850210314444e-05,0.00875010020052362
"CR-Ab","Precipitation",2,2455.29549902153,2.97554840035113e-05,0.00871217277283669
"CR-Ab","Precipitation",2,2461.80821917808,2.96151866736326e-05,0.00867109481297803
"CR-Ab","Precipitation",2,2468.32093933464,2.94615650646331e-05,0.0086261156085031
"CR-Ab","Precipitation",2,2474.83365949119,2.92907266629267e-05,0.00857609546190671
"CR-Ab","Precipitation",2,2481.34637964775,2.90932310735224e-05,0.00851827029944054
"CR-Ab","Precipitation",2,2487.85909980431,2.88719308550601e-05,0.00845347532794276
"CR-Ab","Precipitation",2,2494.37181996086,2.86246442195775e-05,0.00838107173697836
"CR-Ab","Precipitation",2,2500.88454011742,2.83492849125202e-05,0.00830044868754622
"CR-Ab","Precipitation",2,2507.39726027397,2.80366523400075e-05,0.00820891231778575
"CR-Ab","Precipitation",2,2513.90998043053,2.76853450519221e-05,0.00810605229407398
"CR-Ab","Precipitation",2,2520.42270058708,2.72994138508306e-05,0.00799305465969032
"CR-Ab","Precipitation",2,2526.93542074364,2.6877975061545e-05,0.00786966068145767
"CR-Ab","Precipitation",2,2533.4481409002,2.64203086709333e-05,0.00773565954516767
"CR-Ab","Precipitation",2,2539.96086105675,2.59124670130223e-05,0.00758696748341388
"CR-Ab","Precipitation",2,2546.47358121331,2.53677640395034e-05,0.00742748271702209
"CR-Ab","Precipitation",2,2552.98630136986,2.47874601629826e-05,0.00725757428493609
"CR-Ab","Precipitation",2,2559.49902152642,2.41724392373695e-05,0.00707750097266131
"CR-Ab","Precipitation",2,2566.01174168297,2.35195777062434e-05,0.00688634822733082
"CR-Ab","Precipitation",2,2572.52446183953,2.28284537411746e-05,0.00668399254088266
"CR-Ab","Precipitation",2,2579.03718199609,2.21094845221993e-05,0.0064734839820797
"CR-Ab","Precipitation",2,2585.54990215264,2.13649701231522e-05,0.00625549599453434
"CR-Ab","Precipitation",2,2592.0626223092,2.05973372999687e-05,0.00603073911338647
"CR-Ab","Precipitation",2,2598.57534246575,1.98049933134124e-05,0.0057987469970565
"CR-Ab","Precipitation",2,2605.08806262231,1.89968297082558e-05,0.00556212302024563
"CR-Ab","Precipitation",2,2611.60078277886,1.8177798749591e-05,0.0053223171674036
"CR-Ab","Precipitation",2,2618.11350293542,1.7351047207581e-05,0.00508025078819935
"CR-Ab","Precipitation",2,2624.62622309198,1.65198230494331e-05,0.00483687486200417
"CR-Ab","Precipitation",2,2631.13894324853,1.56899344074058e-05,0.00459388996447389
"CR-Ab","Precipitation",2,2637.65166340509,1.48659509741656e-05,0.00435263406584706
"CR-Ab","Precipitation",2,2644.16438356164,1.40509883576291e-05,0.00411401939173081
"CR-Ab","Precipitation",2,2650.6771037182,1.32481127808506e-05,0.00387894370823127
"CR-Ab","Precipitation",2,2657.18982387476,1.24646235766333e-05,0.00364954420284975
"CR-Ab","Precipitation",2,2663.70254403131,1.17053056067992e-05,0.00342722184566901
"CR-Ab","Precipitation",2,2670.21526418787,1.09698162035767e-05,0.00321187630624814
"CR-Ab","Precipitation",2,2676.72798434442,1.02605344430147e-05,0.00300420415942947
"CR-Ab","Precipitation",2,2683.24070450098,9.57974274087137e-06,0.00280487367867888
"CR-Ab","Precipitation",2,2689.75342465753,8.94203329873177e-06,0.00261815734638418
"CR-Ab","Precipitation",2,2696.26614481409,8.33966712640993e-06,0.00244178924680425
"CR-Ab","Precipitation",2,2702.77886497065,7.77330815299485e-06,0.00227596377317874
"CR-Ab","Precipitation",2,2709.2915851272,7.24428408468185e-06,0.00212106966748757
"CR-Ab","Precipitation",2,2715.80430528376,6.75893072023138e-06,0.00197896200200745
"CR-Ab","Precipitation",2,2722.31702544031,6.3240548830726e-06,0.00185163376135063
"CR-Ab","Precipitation",2,2728.82974559687,5.93023083540437e-06,0.00173632516327914
"CR-Ab","Precipitation",2,2735.34246575342,5.5778824313895e-06,0.00163316030897367
"CR-Ab","Precipitation",2,2741.85518590998,5.26734283566815e-06,0.00154223674643266
"CR-Ab","Precipitation",2,2748.36790606654,5.01054346900307e-06,0.00146704790224928
"CR-Ab","Precipitation",2,2754.88062622309,4.80003167864673e-06,0.00140541169804278
"CR-Ab","Precipitation",2,2761.39334637965,4.63110194227769e-06,0.00135595039371504
"CR-Ab","Precipitation",2,2767.9060665362,4.50338670292791e-06,0.00131855637146327
"CR-Ab","Precipitation",2,2774.41878669276,4.41831321649973e-06,0.00129364752064228
"CR-Ab","Precipitation",2,2780.93150684931,4.38636088768977e-06,0.00128429212890831
"CR-Ab","Precipitation",2,2787.44422700587,4.39294997498288e-06,0.00128622136208449
"CR-Ab","Precipitation",2,2793.95694716243,4.43717835888385e-06,0.00129917108664495
"CR-Ab","Precipitation",2,2800.46966731898,4.51809242011424e-06,0.00132286209033045
"CR-Ab","Precipitation",2,2806.98238747554,4.64131796086612e-06,0.00135894156398075
"CR-Ab","Precipitation",2,2813.49510763209,4.80412212798581e-06,0.00140660934958682
"CR-Ab","Precipitation",2,2820.00782778865,4.99863209488684e-06,0.00146356034515727
"CR-Ab","Precipitation",2,2826.52054794521,5.22347428211307e-06,0.00152939237738052
"CR-Ab","Precipitation",2,2833.03326810176,5.47723253406628e-06,0.0016036908069839
"CR-Ab","Precipitation",2,2839.54598825832,5.76682446689483e-06,0.00168848105782049
"CR-Ab","Precipitation",2,2846.05870841487,6.08113556176616e-06,0.00178050888578711
"CR-Ab","Precipitation",2,2852.57142857143,6.41757050366473e-06,0.00187901440296484
"CR-Ab","Precipitation",2,2859.08414872798,6.77439830551987e-06,0.00198349078989058
"CR-Ab","Precipitation",2,2865.59686888454,7.151667607269e-06,0.00209395228795722
"CR-Ab","Precipitation",2,2872.1095890411,7.54832582538412e-06,0.00221009070894801
"CR-Ab","Precipitation",2,2878.62230919765,7.95764220795903e-06,0.00232993534139709
"CR-Ab","Precipitation",2,2885.13502935421,8.37775177246288e-06,0.00245294013301959
"CR-Ab","Precipitation",2,2891.64774951076,8.80679161386505e-06,0.00257855963980648
"CR-Ab","Precipitation",2,2898.16046966732,9.2437991470045e-06,0.00270651202435827
"CR-Ab","Precipitation",2,2904.67318982387,9.68454754591614e-06,0.00283555970512247
"CR-Ab","Precipitation",2,2911.18590998043,1.01266221012254e-05,0.00296499567409796
"CR-Ab","Precipitation",2,2917.69863013699,1.05683731117679e-05,0.00309433691169864
"CR-Ab","Precipitation",2,2924.21135029354,1.10080273918572e-05,0.00322306424303708
"CR-Ab","Precipitation",2,2930.7240704501,1.14417900230103e-05,0.00335006654569026
"CR-Ab","Precipitation",2,2937.23679060665,1.18691878164898e-05,0.00347520527370031
"CR-Ab","Precipitation",2,2943.74951076321,1.22891409921912e-05,0.00359816427590576
"CR-Ab","Precipitation",2,2950.26223091976,1.27006545175146e-05,0.00371865221455105
"CR-Ab","Precipitation",2,2956.77495107632,1.31008257520154e-05,0.00383581921923763
"CR-Ab","Precipitation",2,2963.28767123288,1.34884557806455e-05,0.00394931425702516
"CR-Ab","Precipitation",2,2969.80039138943,1.38651414383821e-05,0.00405960486869403
"CR-Ab","Precipitation",2,2976.31311154599,1.42307219089997e-05,0.00416664396851241
"CR-Ab","Precipitation",2,2982.82583170254,1.45851325159044e-05,0.00427041261967989
"CR-Ab","Precipitation",2,2989.3385518591,1.49249114409416e-05,0.00436989722894193
"CR-Ab","Precipitation",2,2995.85127201566,1.52539910717571e-05,0.00446624916861625
"CR-Ab","Precipitation",2,3002.36399217221,1.55734607723904e-05,0.00455978739596537
"CR-Ab","Precipitation",2,3008.87671232877,1.58840065272761e-05,0.00465071276186148
"CR-Ab","Precipitation",2,3015.38943248532,1.61856774022673e-05,0.00473903963240224
"CR-Ab","Precipitation",2,3021.90215264188,1.64790397062016e-05,0.00482493381838193
"CR-Ab","Precipitation",2,3028.41487279843,1.67673339134617e-05,0.00490934410533144
"CR-Ab","Precipitation",2,3034.92759295499,1.70515892863086e-05,0.00499257185318314
"CR-Ab","Precipitation",2,3041.44031311155,1.73328367491366e-05,0.00507491890852899
"CR-Ab","Precipitation",2,3047.9530332681,1.76121110107556e-05,0.00515668822600821
"CR-Ab","Precipitation",2,3054.46575342466,1.7891334385634e-05,0.00523844264424815
"CR-Ab","Precipitation",2,3060.97847358121,1.81714777428978e-05,0.00532046642612839
"CR-Ab","Precipitation",2,3067.49119373777,1.84532396998382e-05,0.00540296412132258
"CR-Ab","Precipitation",2,3074.00391389432,1.87373345866351e-05,0.00548614488011522
"CR-Ab","Precipitation",2,3080.51663405088,1.90253665715475e-05,0.00557047839041413
"CR-Ab","Precipitation",2,3087.02935420744,1.93164997474565e-05,0.00565571990515894
"CR-Ab","Precipitation",2,3093.54207436399,1.96105757775705e-05,0.00574182306457658
"CR-Ab","Precipitation",2,3100.05479452055,1.99073182696575e-05,0.00582870694318526
"CR-Ab","Precipitation",2,3106.5675146771,2.02064639011437e-05,0.00591629444219684
"CR-Ab","Precipitation",2,3113.08023483366,2.05064765599661e-05,0.0060041358000249
"CR-Ab","Precipitation",2,3119.59295499022,2.08057063198569e-05,0.00609174793117475
"CR-Ab","Precipitation",2,3126.10567514677,2.11028093179637e-05,0.0061787373631238
"CR-Ab","Precipitation",2,3132.61839530333,2.13963299193992e-05,0.00626467789737258
"CR-Ab","Precipitation",2,3139.13111545988,2.16815796260302e-05,0.00634819677837203
"CR-Ab","Precipitation",2,3145.64383561644,2.19569762576499e-05,0.00642883075614381
"CR-Ab","Precipitation",2,3152.15655577299,2.22206930431713e-05,0.00650604496641472
"CR-Ab","Precipitation",2,3158.66927592955,2.24705345015244e-05,0.00657919658951495
"CR-Ab","Precipitation",2,3165.18199608611,2.27022198451478e-05,0.00664703224435905
"CR-Ab","Precipitation",2,3171.69471624266,2.29078256541159e-05,0.00670723201562197
"CR-Ab","Precipitation",2,3178.20743639922,2.30896933308327e-05,0.00676048144759774
"CR-Ab","Precipitation",2,3184.72015655577,2.3245525553472e-05,0.00680610790244044
"CR-Ab","Precipitation",2,3191.23287671233,2.33730617120069e-05,0.00684344949123155
"CR-Ab","Precipitation",2,3197.74559686888,2.34613779663011e-05,0.00686930779909744
"CR-Ab","Precipitation",2,3204.25831702544,2.3510576514273e-05,0.00688371274878849
"CR-Ab","Precipitation",2,3210.771037182,2.35231379629861e-05,0.0068873906426333
"CR-Ab","Precipitation",2,3217.28375733855,2.34975152092484e-05,0.00687988850092885
"CR-Ab","Precipitation",2,3223.79647749511,2.34314760743089e-05,0.00686055275921166
"CR-Ab","Precipitation",2,3230.30919765166,2.33089279897448e-05,0.00682467163942963
"CR-Ab","Precipitation",2,3236.82191780822,2.31438505991784e-05,0.00677633827179447
"CR-Ab","Precipitation",2,3243.33463796477,2.29359282725019e-05,0.00671546024228158
"CR-Ab","Precipitation",2,3249.84735812133,2.26850007573295e-05,0.00664199063024696
"CR-Ab","Precipitation",2,3256.36007827789,2.23838808421427e-05,0.0065538250764237
"CR-Ab","Precipitation",2,3262.87279843444,2.20318017369156e-05,0.00645073907069504
"CR-Ab","Precipitation",2,3269.385518591,2.16389607994288e-05,0.00633571831958833
"CR-Ab","Precipitation",2,3275.89823874755,2.12065654571094e-05,0.00620911634840169
"CR-Ab","Precipitation",2,3282.41095890411,2.07359651307982e-05,0.00607132825699333
"CR-Ab","Precipitation",2,3288.92367906067,2.0218195826475e-05,0.00591972945808946
"CR-Ab","Precipitation",2,3295.43639921722,1.96660017231848e-05,0.00575805134754562
"CR-Ab","Precipitation",2,3301.94911937378,1.90838509458693e-05,0.00558760215736556
"CR-Ab","Precipitation",2,3308.46183953033,1.8474106354195e-05,0.00540907371436184
"CR-Ab","Precipitation",2,3314.97455968689,1.78373710569597e-05,0.00522264260406891
"CR-Ab","Precipitation",2,3321.48727984344,1.71741763514026e-05,0.00502846438615917
"CR-Ab","Precipitation",2,3328,1.64945933777795e-05,0.00482948781165667
"CR-Ab","WetDays",2,0,0.00020112862597077,0.0104387226946713
"CR-Ab","WetDays",2,0.610567514677104,0.000208305856130308,0.0108112261858558
"CR-Ab","WetDays",2,1.22113502935421,0.000215365262950079,0.0111776145595882
"CR-Ab","WetDays",2,1.83170254403131,0.000222319522808512,0.0115385457291742
"CR-Ab","WetDays",2,2.44227005870841,0.000229157940246273,0.0118934645924571
"CR-Ab","WetDays",2,3.05283757338552,0.000235813627337914,0.012238899617217
"CR-Ab","WetDays",2,3.66340508806262,0.000242271761088152,0.0125740814791645
"CR-Ab","WetDays",2,4.27397260273973,0.000248556624876937,0.012900270503468
"CR-Ab","WetDays",2,4.88454011741683,0.000254659559320768,0.0132170172617946
"CR-Ab","WetDays",2,5.49510763209393,0.00026045689535151,0.013517903239117
"CR-Ab","WetDays",2,6.10567514677104,0.000266026967957851,0.0138069940786042
"CR-Ab","WetDays",2,6.71624266144814,0.000271377252557127,0.0140846777598795
"CR-Ab","WetDays",2,7.32681017612524,0.000276474177942178,0.0143492119127539
"CR-Ab","WetDays",2,7.93737769080235,0.000281230441989068,0.0145960654931853
"CR-Ab","WetDays",2,8.54794520547945,0.000285753588306811,0.014830820093086
"CR-Ab","WetDays",2,9.15851272015655,0.000290044731493226,0.0150535335608975
"CR-Ab","WetDays",2,9.76908023483366,0.000294037357507785,0.0152607537693007
"CR-Ab","WetDays",2,10.3796477495108,0.000297749046495574,0.015453393140675
"CR-Ab","WetDays",2,10.9902152641879,0.000301254082000251,0.0156353070452309
"CR-Ab","WetDays",2,11.600782778865,0.000304560065816875,0.0158068900216881
"CR-Ab","WetDays",2,12.2113502935421,0.00030760157489381,0.0159647465658483
"CR-Ab","WetDays",2,12.8219178082192,0.000310480085656539,0.0161141433783644
"CR-Ab","WetDays",2,13.4324853228963,0.000313230289439211,0.0162568809648346
"CR-Ab","WetDays",2,14.0430528375734,0.000315861910359719,0.0163934640140853
"CR-Ab","WetDays",2,14.6536203522505,0.000318394112644716,0.0165248871634869
"CR-Ab","WetDays",2,15.2641878669276,0.000320908097178748,0.0166553647982979
"CR-Ab","WetDays",2,15.8747553816047,0.000323427155096534,0.0167861057454339
"CR-Ab","WetDays",2,16.4853228962818,0.000326001506147609,0.0169197164466019
"CR-Ab","WetDays",2,17.0958904109589,0.000328720642508741,0.0170608416111868
"CR-Ab","WetDays",2,17.706457925636,0.000331601045718115,0.0172103366430668
"CR-Ab","WetDays",2,18.3170254403131,0.000334672604576966,0.0173697527928722
"CR-Ab","WetDays",2,18.9275929549902,0.000338113263613204,0.0175483255116627
"CR-Ab","WetDays",2,19.5381604696673,0.000341943037942688,0.0177470935985807
"CR-Ab","WetDays",2,20.1487279843444,0.000346159402333015,0.0179659259922188
"CR-Ab","WetDays",2,20.7592954990215,0.00035081360235562,0.0182074823751901
"CR-Ab","WetDays",2,21.3698630136986,0.000356271148982047,0.0184907330340734
"CR-Ab","WetDays",2,21.9804305283757,0.000362334302126516,0.0188054151138865
"CR-Ab","WetDays",2,22.5909980430528,0.000369042159575651,0.0191535578183322
"CR-Ab","WetDays",2,23.2015655577299,0.000376604023583084,0.0195460240873549
"CR-Ab","WetDays",2,23.812133072407,0.000385270169428093,0.0199958033908777
"CR-Ab","WetDays",2,24.4227005870841,0.000394814275632562,0.0204911494787659
"CR-Ab","WetDays",2,25.0332681017613,0.000405276057411453,0.0210341235997042
"CR-Ab","WetDays",2,25.6438356164384,0.000417125729020306,0.0216491302172391
"CR-Ab","WetDays",2,26.2544031311155,0.000430279949271614,0.0223318438628242
"CR-Ab","WetDays",2,26.8649706457926,0.000444580231448833,0.0230740389600315
"CR-Ab","WetDays",2,27.4755381604697,0.000460064179724569,0.0238776671929044
"CR-Ab","WetDays",2,28.0861056751468,0.000477550237847222,0.024785206390193
"CR-Ab","WetDays",2,28.6966731898239,0.000496409593686037,0.0257640207427066
"CR-Ab","WetDays",2,29.307240704501,0.000516654600067836,0.0268147513711859
"CR-Ab","WetDays",2,29.9178082191781,0.000538567812169012,0.027952063095808
"CR-Ab","WetDays",2,30.5283757338552,0.000562615164268357,0.0292001382461979
"CR-Ab","WetDays",2,31.1389432485323,0.000588211462117474,0.0305286048131399
"CR-Ab","WetDays",2,31.7495107632094,0.000615379023834189,0.0319386211232616
"CR-Ab","WetDays",2,32.3600782778865,0.000644717051055297,0.0334612861794748
"CR-Ab","WetDays",2,32.9706457925636,0.000676104112732478,0.0350902976216166
"CR-Ab","WetDays",2,33.5812133072407,0.000709158674175114,0.0368058535203766
"CR-Ab","WetDays",2,34.1917808219178,0.000743891382162186,0.0386085064513658
"CR-Ab","WetDays",2,34.8023483365949,0.000781213653832529,0.040545559630253
"CR-Ab","WetDays",2,35.412915851272,0.000820332709699484,0.0425758672222307
"CR-Ab","WetDays",2,36.0234833659491,0.000861139743257369,0.0446937820901263
"CR-Ab","WetDays",2,36.6340508806262,0.000903831356749344,0.0469095080340582
"CR-Ab","WetDays",2,37.2446183953033,0.000948953555159792,0.0492513831117961
"CR-Ab","WetDays",2,37.8551859099804,0.000995691582482147,0.0516771208910864
"CR-Ab","WetDays",2,38.4657534246575,0.00104402335275756,0.0541855750945217
"CR-Ab","WetDays",2,39.0763209393346,0.00109437681726984,0.0567989567065259
"CR-Ab","WetDays",2,39.6868884540117,0.001146633890778,0.0595111370167819
"CR-Ab","WetDays",2,40.2974559686888,0.0012003059223112,0.0622967546827431
"CR-Ab","WetDays",2,40.9080234833659,0.00125535445977179,0.0651538140124375
"CR-Ab","WetDays",2,41.5185909980431,0.00131230641312802,0.0681096620183394
"CR-Ab","WetDays",2,42.1291585127202,0.00137054442747217,0.0711322575295084
"CR-Ab","WetDays",2,42.7397260273973,0.0014298753802647,0.0742115773449878
"CR-Ab","WetDays",2,43.3502935420744,0.00149031141148839,0.077348251538756
"CR-Ab","WetDays",2,43.9608610567515,0.0015520818848255,0.0805541842535668
"CR-Ab","WetDays",2,44.5714285714286,0.00161458521189942,0.0837981526129679
"CR-Ab","WetDays",2,45.1819960861057,0.00167775257290935,0.0870765848189968
"CR-Ab","WetDays",2,45.7925636007828,0.0017416120647754,0.0903909391223428
"CR-Ab","WetDays",2,46.4031311154599,0.00180596724890973,0.0937310202167188
"CR-Ab","WetDays",2,47.013698630137,0.00187055544405828,0.0970831947530427
"CR-Ab","WetDays",2,47.6242661448141,0.0019352995739159,0.100443462414741
"CR-Ab","WetDays",2,48.2348336594912,0.00200003431913654,0.103803243006922
"CR-Ab","WetDays",2,48.8454011741683,0.00206453703326147,0.107150981015641
"CR-Ab","WetDays",2,49.4559686888454,0.00212872849880438,0.110482564995459
"CR-Ab","WetDays",2,50.0665362035225,0.00219251131463363,0.113792939756451
"CR-Ab","WetDays",2,50.6771037181996,0.00225537078023978,0.11705539196598
"CR-Ab","WetDays",2,51.2876712328767,0.00231745416576308,0.120277565051965
"CR-Ab","WetDays",2,51.8982387475538,0.00237868598410638,0.123455541178889
"CR-Ab","WetDays",2,52.5088062622309,0.00243874847904949,0.126572828566675
"CR-Ab","WetDays",2,53.119373776908,0.00249723651271364,0.129608400263293
"CR-Ab","WetDays",2,53.7299412915851,0.00255445405871283,0.132578032721489
"CR-Ab","WetDays",2,54.3405088062622,0.00261033661616087,0.135478378298124
"CR-Ab","WetDays",2,54.9510763209393,0.00266419189031646,0.138273506390121
"CR-Ab","WetDays",2,55.5616438356164,0.00271614073712629,0.140969689509449
"CR-Ab","WetDays",2,56.1722113502935,0.00276642721246043,0.143579594334144
"CR-Ab","WetDays",2,56.7827788649706,0.00281500353417162,0.146100740935841
"CR-Ab","WetDays",2,57.3933463796477,0.00286073571384073,0.148474274486745
"CR-Ab","WetDays",2,58.0039138943249,0.00290455249827298,0.150748397624875
"CR-Ab","WetDays",2,58.614481409002,0.00294646174561682,0.15292351819388
"CR-Ab","WetDays",2,59.2250489236791,0.00298611178177564,0.154981384051104
"CR-Ab","WetDays",2,59.8356164383562,0.00302295123834058,0.156893378773127
"CR-Ab","WetDays",2,60.4461839530333,0.00305781262648963,0.158702710298576
"CR-Ab","WetDays",2,61.0567514677104,0.00309069848348403,0.160409510313165
"CR-Ab","WetDays",2,61.6673189823875,0.00312094016799063,0.161979075842987
"CR-Ab","WetDays",2,62.2778864970646,0.00314878883709077,0.163424442124136
"CR-Ab","WetDays",2,62.8884540117417,0.00317475583054317,0.164772148063833
"CR-Ab","WetDays",2,63.4990215264188,0.00319886872959534,0.166023625148984
"CR-Ab","WetDays",2,64.1095890410959,0.00322027261305733,0.167134502344959
"CR-Ab","WetDays",2,64.720156555773,0.00323990910785451,0.16815365077743
"CR-Ab","WetDays",2,65.3307240704501,0.00325794345035274,0.169089646334557
"CR-Ab","WetDays",2,65.9412915851272,0.00327426154683797,0.169936567469189
"CR-Ab","WetDays",2,66.5518590998043,0.00328854221802446,0.170677744741644
"CR-Ab","WetDays",2,67.1624266144814,0.00330158502866421,0.171354676146959
"CR-Ab","WetDays",2,67.7729941291585,0.00331346246694845,0.171971123875241
"CR-Ab","WetDays",2,68.3835616438356,0.00332399167598323,0.172517597520043
"CR-Ab","WetDays",2,68.9941291585127,0.0033334346692861,0.173007695774434
"CR-Ab","WetDays",2,69.6046966731898,0.00334217883697556,0.173461524468711
"CR-Ab","WetDays",2,70.2152641878669,0.00335030881231437,0.17388347613107
"CR-Ab","WetDays",2,70.825831702544,0.00335780917822027,0.174272750603674
"CR-Ab","WetDays",2,71.4363992172211,0.00336507989221907,0.174650105974444
"CR-Ab","WetDays",2,72.0469667318982,0.00337225711108578,0.175022608879522
"CR-Ab","WetDays",2,72.6575342465753,0.00337944775010895,0.17539580830053
"CR-Ab","WetDays",2,73.2681017612524,0.00338698984208186,0.175787248386509
"CR-Ab","WetDays",2,73.8786692759295,0.00339496340955647,0.176201082366396
"CR-Ab","WetDays",2,74.4892367906067,0.00340345464674655,0.176641783782886
"CR-Ab","WetDays",2,75.0998043052838,0.00341277018308825,0.177125266927833
"CR-Ab","WetDays",2,75.7103718199609,0.00342323140688451,0.177668212089065
"CR-Ab","WetDays",2,76.320939334638,0.0034346914529098,0.178262996854032
"CR-Ab","WetDays",2,76.9315068493151,0.00344722576269097,0.178913536693119
"CR-Ab","WetDays",2,77.5420743639922,0.00346151707210744,0.179655266097484
"CR-Ab","WetDays",2,78.1526418786693,0.00347740483560702,0.180479852635627
"CR-Ab","WetDays",2,78.7632093933464,0.00349475596655695,0.181380389014032
"CR-Ab","WetDays",2,79.3737769080235,0.00351367448134219,0.182362273759105
"CR-Ab","WetDays",2,79.9843444227006,0.00353517032530011,0.183477923772033
"CR-Ab","WetDays",2,80.5949119373777,0.00355841408366941,0.18468429182048
"CR-Ab","WetDays",2,81.2054794520548,0.00358343917634118,0.185983112421219
"CR-Ab","WetDays",2,81.8160469667319,0.00361067800454439,0.187396827514079
"CR-Ab","WetDays",2,82.426614481409,0.00364052599125009,0.188945959840276
"CR-Ab","WetDays",2,83.0371819960861,0.00367228920232912,0.190594493711305
"CR-Ab","WetDays",2,83.6477495107632,0.00370597684506376,0.192342906991845
"CR-Ab","WetDays",2,84.2583170254403,0.0037423524975286,0.194230829942074
"CR-Ab","WetDays",2,84.8688845401174,0.00378103204150644,0.196238326545763
"CR-Ab","WetDays",2,85.4794520547945,0.00382160936011122,0.198344319039692
"CR-Ab","WetDays",2,86.0900195694716,0.00386406927213458,0.20054801950805
"CR-Ab","WetDays",2,86.7005870841487,0.00390939916849488,0.202900674261193
"CR-Ab","WetDays",2,87.3111545988258,0.00395650673027713,0.205345591149049
"CR-Ab","WetDays",2,87.9217221135029,0.00400531713214178,0.207878886681802
"CR-Ab","WetDays",2,88.53228962818,0.00405604190582097,0.210511539510962
"CR-Ab","WetDays",2,89.1428571428571,0.00410894752511617,0.213257379821593
"CR-Ab","WetDays",2,89.7534246575342,0.00416326806914864,0.216076655760271
"CR-Ab","WetDays",2,90.3639921722113,0.00421894486827943,0.21896632232985
"CR-Ab","WetDays",2,90.9745596868885,0.00427629439397984,0.221942804631005
"CR-Ab","WetDays",2,91.5851272015656,0.00433499253130424,0.224989280861157
"CR-Ab","WetDays",2,92.1956947162427,0.00439466091299938,0.228086113483311
"CR-Ab","WetDays",2,92.8062622309198,0.0044552290268506,0.231229642861989
"CR-Ab","WetDays",2,93.4168297455969,0.00451691571520517,0.234431227074967
"CR-Ab","WetDays",2,94.027397260274,0.00457918741292394,0.237663173701536
"CR-Ab","WetDays",2,94.6379647749511,0.00464192115143149,0.240919100582752
"CR-Ab","WetDays",2,95.2485322896282,0.00470506227278403,0.244196170931383
"CR-Ab","WetDays",2,95.8590998043053,0.00476846890625745,0.247487021553154
"CR-Ab","WetDays",2,96.4696673189824,0.0048318958642195,0.250778927030739
"CR-Ab","WetDays",2,97.0802348336595,0.00489527072119546,0.254068128429065
"CR-Ab","WetDays",2,97.6908023483366,0.00495841659006633,0.257345445177368
"CR-Ab","WetDays",2,98.3013698630137,0.00502111874989236,0.260599733101932
"CR-Ab","WetDays",2,98.9119373776908,0.00508336747605183,0.263830487487783
"CR-Ab","WetDays",2,99.5225048923679,0.00514509994228768,0.267034447606259
"CR-Ab","WetDays",2,100.133072407045,0.00520587755168926,0.270188849957122
"CR-Ab","WetDays",2,100.743639921722,0.00526579434921344,0.273298575542374
"CR-Ab","WetDays",2,101.354207436399,0.00532487601703376,0.27636495728559
"CR-Ab","WetDays",2,101.964774951076,0.00538300360786141,0.279381821735543
"CR-Ab","WetDays",2,102.575342465753,0.00543962886719109,0.282320714082684
"CR-Ab","WetDays",2,103.185909980431,0.00549519018107793,0.285204386883693
"CR-Ab","WetDays",2,103.796477495108,0.00554966051075631,0.288031436806873
"CR-Ab","WetDays",2,104.407045009785,0.00560271143706265,0.290784818657589
"CR-Ab","WetDays",2,105.017612524462,0.00565418732865755,0.293456455055573
"CR-Ab","WetDays",2,105.628180039139,0.00570446582499489,0.296065945764503
"CR-Ab","WetDays",2,106.238747553816,0.00575353874087307,0.298612865966433
"CR-Ab","WetDays",2,106.849315068493,0.00580087086132587,0.301069437613421
"CR-Ab","WetDays",2,107.45988258317,0.00584680943563267,0.303453683196876
"CR-Ab","WetDays",2,108.070450097847,0.00589155596511558,0.305776060782695
"CR-Ab","WetDays",2,108.681017612524,0.0059350904856392,0.308035534217658
"CR-Ab","WetDays",2,109.291585127202,0.00597683563107402,0.310202137777641
"CR-Ab","WetDays",2,109.902152641879,0.00601748809659218,0.3123120304513
"CR-Ab","WetDays",2,110.512720156556,0.00605707365835618,0.314366550040308
"CR-Ab","WetDays",2,111.123287671233,0.00609541860080781,0.316356680580223
"CR-Ab","WetDays",2,111.73385518591,0.00613244415536046,0.318278333923829
"CR-Ab","WetDays",2,112.344422700587,0.00616858151452217,0.320153889277454
"CR-Ab","WetDays",2,112.954990215264,0.00620386583970099,0.321985171543878
"CR-Ab","WetDays",2,113.565557729941,0.00623806446805184,0.323760105351383
"CR-Ab","WetDays",2,114.176125244618,0.00627143731842758,0.325492180678412
"CR-Ab","WetDays",2,114.786692759295,0.0063041831017082,0.327191710764874
"CR-Ab","WetDays",2,115.397260273973,0.00633634203639686,0.328860782980481
"CR-Ab","WetDays",2,116.00782778865,0.00636773354799589,0.330490025376819
"CR-Ab","WetDays",2,116.618395303327,0.00639872952644128,0.332098739313385
"CR-Ab","WetDays",2,117.228962818004,0.00642938090895372,0.333689568469161
"CR-Ab","WetDays",2,117.839530332681,0.00645969857542318,0.335263077518391
"CR-Ab","WetDays",2,118.450097847358,0.00648974658900111,0.33682259138546
"CR-Ab","WetDays",2,119.060665362035,0.00651968654038348,0.338376496745594
"CR-Ab","WetDays",2,119.671232876712,0.00654955692050719,0.339926791306554
"CR-Ab","WetDays",2,120.281800391389,0.00657942756878691,0.341477099785007
"CR-Ab","WetDays",2,120.892367906067,0.00660940927766253,0.343033172389562
"CR-Ab","WetDays",2,121.502935420744,0.00663953545464913,0.344596742994671
"CR-Ab","WetDays",2,122.113502935421,0.00666984033267996,0.346169588314589
"CR-Ab","WetDays",2,122.724070450098,0.00670053120314865,0.347762466924157
"CR-Ab","WetDays",2,123.334637964775,0.00673157172227139,0.349373492554432
"CR-Ab","WetDays",2,123.945205479452,0.00676297337808237,0.351003261442785
"CR-Ab","WetDays",2,124.555772994129,0.00679481875158041,0.352656059603414
"CR-Ab","WetDays",2,125.166340508806,0.00682734633278848,0.354344264842825
"CR-Ab","WetDays",2,125.776908023483,0.00686038897743364,0.356059202251086
"CR-Ab","WetDays",2,126.38747553816,0.00689396950021471,0.357802055927741
"CR-Ab","WetDays",2,126.998043052838,0.00692829750456706,0.359583704444286
"CR-Ab","WetDays",2,127.608610567515,0.00696343423241701,0.361407326301461
"CR-Ab","WetDays",2,128.219178082192,0.00699922665062479,0.363264978967457
"CR-Ab","WetDays",2,128.829745596869,0.00703569188485047,0.365157551276549
"CR-Ab","WetDays",2,129.440313111546,0.00707320158477445,0.367104332118793
"CR-Ab","WetDays",2,130.050880626223,0.00711153166736096,0.369093691420848
"CR-Ab","WetDays",2,130.6614481409,0.00715061250251204,0.371122015329735
"CR-Ab","WetDays",2,131.272015655577,0.00719050916415314,0.373192681229751
"CR-Ab","WetDays",2,131.882583170254,0.0072315928084348,0.375324952396388
"CR-Ab","WetDays",2,132.493150684931,0.00727346579613818,0.37749819106355
"CR-Ab","WetDays",2,133.103718199609,0.00731612910416564,0.379712447933185
"CR-Ab","WetDays",2,133.714285714286,0.00735978211286341,0.381978070990991
"CR-Ab","WetDays",2,134.324853228963,0.00740448267623463,0.384298062902016
"CR-Ab","WetDays",2,134.93542074364,0.00744995064390997,0.386657883657328
"CR-Ab","WetDays",2,135.545988258317,0.007496176147038,0.389057021056323
"CR-Ab","WetDays",2,136.156555772994,0.00754344936628144,0.391510535687495
"CR-Ab","WetDays",2,136.767123287671,0.00759151797282954,0.394005331501134
"CR-Ab","WetDays",2,137.377690802348,0.00764024066804907,0.3965340749949
"CR-Ab","WetDays",2,137.988258317025,0.00768960733220752,0.399096240947279
"CR-Ab","WetDays",2,138.598825831703,0.00773984562027541,0.401703644817635
"CR-Ab","WetDays",2,139.20939334638,0.00779055394707187,0.40433544404156
"CR-Ab","WetDays",2,139.819960861057,0.00784168993464057,0.406989439172146
"CR-Ab","WetDays",2,140.430528375734,0.00789326402030663,0.409666171914195
"CR-Ab","WetDays",2,141.041095890411,0.00794517371282331,0.412360322897089
"CR-Ab","WetDays",2,141.651663405088,0.00799721600752389,0.415061356030248
"CR-Ab","WetDays",2,142.262230919765,0.008049331017537,0.417766163141275
"CR-Ab","WetDays",2,142.872798434442,0.00810137592173241,0.420467331709122
"CR-Ab","WetDays",2,143.483365949119,0.00815315396007241,0.423154649744019
"CR-Ab","WetDays",2,144.093933463796,0.00820459578284307,0.425824517945125
"CR-Ab","WetDays",2,144.704500978474,0.00825562461666763,0.42847295171807
"CR-Ab","WetDays",2,145.315068493151,0.00830569645028785,0.431071716480929
"CR-Ab","WetDays",2,145.925636007828,0.0083549253758137,0.433626733697602
"CR-Ab","WetDays",2,146.536203522505,0.00840323201033913,0.436133883337241
"CR-Ab","WetDays",2,147.146771037182,0.00845031991367272,0.438577779937242
"CR-Ab","WetDays",2,147.757338551859,0.00849556630416769,0.44092610067494
"CR-Ab","WetDays",2,148.367906066536,0.00853932191559901,0.44319704888961
"CR-Ab","WetDays",2,148.978473581213,0.0085814862429969,0.44538540829986
"CR-Ab","WetDays",2,149.58904109589,0.00862126719160842,0.447450068609065
"CR-Ab","WetDays",2,150.199608610568,0.008658516454,0.449383332553021
"CR-Ab","WetDays",2,150.810176125245,0.0086935763620508,0.451202967406471
"CR-Ab","WetDays",2,151.420743639922,0.00872634579151599,0.452903724747196
"CR-Ab","WetDays",2,152.031311154599,0.00875528132429167,0.454405500047505
"CR-Ab","WetDays",2,152.641878669276,0.00878127650412148,0.455754668880791
"CR-Ab","WetDays",2,153.252446183953,0.00880441080898459,0.456955356212266
"CR-Ab","WetDays",2,153.86301369863,0.0088242275901464,0.457983861638834
"CR-Ab","WetDays",2,154.473581213307,0.00883933231744549,0.458767808025843
"CR-Ab","WetDays",2,155.084148727984,0.00885107435694782,0.45937722845838
"CR-Ab","WetDays",2,155.694716242661,0.0088593798207189,0.45980828809864
"CR-Ab","WetDays",2,156.305283757339,0.00886307363963053,0.46
"CR-Ab","WetDays",2,156.915851272016,0.00886195755699396,0.459942074495407
"CR-Ab","WetDays",2,157.526418786693,0.00885703777129871,0.459686734021906
"CR-Ab","WetDays",2,158.13698630137,0.00884826460958603,0.459231400516632
"CR-Ab","WetDays",2,158.747553816047,0.00883366564919521,0.458473703801832
"CR-Ab","WetDays",2,159.358121330724,0.00881459070492904,0.457483700252364
"CR-Ab","WetDays",2,159.968688845401,0.00879147304769252,0.456283876944877
"CR-Ab","WetDays",2,160.579256360078,0.00876401490597484,0.454858779320318
"CR-Ab","WetDays",2,161.189823874755,0.00873034231014903,0.453111146985344
"CR-Ab","WetDays",2,161.800391389432,0.0086926020547337,0.451152400144583
"CR-Ab","WetDays",2,162.41095890411,0.00865080998063264,0.448983360952522
"CR-Ab","WetDays",2,163.021526418787,0.0086039908900231,0.446553415929377
"CR-Ab","WetDays",2,163.632093933464,0.00855187351541874,0.443848486094335
"CR-Ab","WetDays",2,164.242661448141,0.00849588186087916,0.440942478298909
"CR-Ab","WetDays",2,164.853228962818,0.00843606160481399,0.437837763285943
"CR-Ab","WetDays",2,165.463796477495,0.00837091584606656,0.434456650791309
"CR-Ab","WetDays",2,166.074363992172,0.00830163287651814,0.430860814032177
"CR-Ab","WetDays",2,166.684931506849,0.00822888257393666,0.427085020154324
"CR-Ab","WetDays",2,167.295499021526,0.00815266632728799,0.423129341246093
"CR-Ab","WetDays",2,167.906066536204,0.00807143971757441,0.418913620832671
"CR-Ab","WetDays",2,168.516634050881,0.00798723053995393,0.414543102964895
"CR-Ab","WetDays",2,169.127201565558,0.00790013329459091,0.410022692270366
"CR-Ab","WetDays",2,169.737769080235,0.00780973072229514,0.405330732692132
"CR-Ab","WetDays",2,170.348336594912,0.00771585877404159,0.400458709965891
"CR-Ab","WetDays",2,170.958904109589,0.00761968892341951,0.395467424427164
"CR-Ab","WetDays",2,171.569471624266,0.00752132710575705,0.390362374196912
"CR-Ab","WetDays",2,172.180039138943,0.00742021769913817,0.385114722091585
"CR-Ab","WetDays",2,172.79060665362,0.00731703952837807,0.379759699615248
"CR-Ab","WetDays",2,173.401174168297,0.00721231061361796,0.374324192391858
"CR-Ab","WetDays",2,174.011741682975,0.0071061410288129,0.368813913340136
"CR-Ab","WetDays",2,174.622309197652,0.00699812428842122,0.363207765563365
"CR-Ab","WetDays",2,175.232876712329,0.00688917197155326,0.357553060683653
"CR-Ab","WetDays",2,175.843444227006,0.00677941816185311,0.351856757740132
"CR-Ab","WetDays",2,176.454011741683,0.00666890663448133,0.346121128695631
"CR-Ab","WetDays",2,177.06457925636,0.00655781785636544,0.340355539915592
"CR-Ab","WetDays",2,177.675146771037,0.0064465299921136,0.334579618419584
"CR-Ab","WetDays",2,178.285714285714,0.00633513916678936,0.328798353168663
"CR-Ab","WetDays",2,178.896281800391,0.00622384160651613,0.323021928442058
"CR-Ab","WetDays",2,179.506849315068,0.0061129035704898,0.317264163286646
"CR-Ab","WetDays",2,180.117416829746,0.00600238732936919,0.311528289595135
"CR-Ab","WetDays",2,180.727984344423,0.00589237514321013,0.305818576724547
"CR-Ab","WetDays",2,181.3385518591,0.0057833965056263,0.300162505780444
"CR-Ab","WetDays",2,181.949119373777,0.00567532946156077,0.294553747206232
"CR-Ab","WetDays",2,182.559686888454,0.00556818952281658,0.288993106075829
"CR-Ab","WetDays",2,183.170254403131,0.00546217113166727,0.283490674085349
"CR-Ab","WetDays",2,183.780821917808,0.00535785112453115,0.278076389466518
"CR-Ab","WetDays",2,184.391389432485,0.0052547888960165,0.272727384477464
"CR-Ab","WetDays",2,185.001956947162,0.00515302990375189,0.267446018402334
"CR-Ab","WetDays",2,185.61252446184,0.00505305367867633,0.262257179247357
"CR-Ab","WetDays",2,186.223091976517,0.00495498232501873,0.257167204311261
"CR-Ab","WetDays",2,186.833659491194,0.00485843204852281,0.252156174391626
"CR-Ab","WetDays",2,187.444227005871,0.0047634315911673,0.247225581218154
"CR-Ab","WetDays",2,188.054794520548,0.00467079499972948,0.242417674413583
"CR-Ab","WetDays",2,188.665362035225,0.00457999607324558,0.237705143763286
"CR-Ab","WetDays",2,189.275929549902,0.00449086096418118,0.233078966453161
"CR-Ab","WetDays",2,189.886497064579,0.00440351558930165,0.228545677655365
"CR-Ab","WetDays",2,190.497064579256,0.00431875875907935,0.22414673621727
"CR-Ab","WetDays",2,191.107632093933,0.0042357066034323,0.219836268635593
"CR-Ab","WetDays",2,191.718199608611,0.00415435862412639,0.215614249051619
"CR-Ab","WetDays",2,192.328767123288,0.00407513466492176,0.211502467663368
"CR-Ab","WetDays",2,192.939334637965,0.0039981807757474,0.207508504568904
"CR-Ab","WetDays",2,193.549902152642,0.00392290199104467,0.203601480620867
"CR-Ab","WetDays",2,194.160469667319,0.00384928900120152,0.199780912643586
"CR-Ab","WetDays",2,194.771037181996,0.00377802490292023,0.196082253855193
"CR-Ab","WetDays",2,195.381604696673,0.00370863160441937,0.19248069094279
"CR-Ab","WetDays",2,195.99217221135,0.00364082801906036,0.188961635304384
"CR-Ab","WetDays",2,196.602739726027,0.00357463013365071,0.185525916666972
"CR-Ab","WetDays",2,197.213307240704,0.00351084089355033,0.182215208481611
"CR-Ab","WetDays",2,197.823874755382,0.00344854355615286,0.178981931136978
"CR-Ab","WetDays",2,198.434442270059,0.00338772020666192,0.175825154842045
"CR-Ab","WetDays",2,199.045009784736,0.00332863622331747,0.172758652921434
"CR-Ab","WetDays",2,199.655577299413,0.00327150083923208,0.169793284726617
"CR-Ab","WetDays",2,200.26614481409,0.003215733386074,0.16689891314676
"CR-Ab","WetDays",2,200.876712328767,0.00316131613762858,0.164074618178369
"CR-Ab","WetDays",2,201.487279843444,0.00310872002243716,0.161344841356943
"CR-Ab","WetDays",2,202.097847358121,0.00305766335382513,0.158694962938184
"CR-Ab","WetDays",2,202.708414872798,0.00300785773573188,0.156110014955753
"CR-Ab","WetDays",2,203.318982387476,0.00295928724597686,0.153589171036844
"CR-Ab","WetDays",2,203.929549902153,0.00291259406917238,0.151165761032213
"CR-Ab","WetDays",2,204.54011741683,0.00286709610683922,0.148804383532237
"CR-Ab","WetDays",2,205.150684931507,0.00282274983686902,0.146502779707681
"CR-Ab","WetDays",2,205.761252446184,0.0027797144331025,0.144269210797221
"CR-Ab","WetDays",2,206.371819960861,0.00273826468169841,0.142117938403339
"CR-Ab","WetDays",2,206.982387475538,0.00269789779584126,0.140022867522819
"CR-Ab","WetDays",2,207.592954990215,0.00265860351730097,0.137983465746024
"CR-Ab","WetDays",2,208.203522504892,0.00262071980801457,0.136017273544503
"CR-Ab","WetDays",2,208.814090019569,0.00258412931146099,0.134118200029037
"CR-Ab","WetDays",2,209.424657534247,0.00254855670968013,0.132271955996265
"CR-Ab","WetDays",2,210.035225048924,0.0025139933574395,0.130478092752299
"CR-Ab","WetDays",2,210.645792563601,0.00248093441940543,0.128762309705245
"CR-Ab","WetDays",2,211.256360078278,0.0024489145634651,0.127100455778331
"CR-Ab","WetDays",2,211.866927592955,0.00241785438213447,0.125488409665095
"CR-Ab","WetDays",2,212.477495107632,0.00238784750766436,0.123931030947791
"CR-Ab","WetDays",2,213.088062622309,0.00235921264571034,0.12244486068289
"CR-Ab","WetDays",2,213.698630136986,0.00233148300840612,0.12100567223895
"CR-Ab","WetDays",2,214.309197651663,0.00230464800214129,0.119612915799849
"CR-Ab","WetDays",2,214.91976516634,0.00227894463337764,0.118278892174184
"CR-Ab","WetDays",2,215.530332681018,0.00225434059992589,0.117001924854721
"CR-Ab","WetDays",2,216.140900195695,0.00223055917678237,0.115767651611508
"CR-Ab","WetDays",2,216.751467710372,0.00220758619064906,0.11457533684002
"CR-Ab","WetDays",2,217.362035225049,0.00218575546022852,0.113442305974909
"CR-Ab","WetDays",2,217.972602739726,0.00216474370588602,0.112351780566846
"CR-Ab","WetDays",2,218.583170254403,0.00214444006989057,0.111298007018566
"CR-Ab","WetDays",2,219.19373776908,0.00212486630959366,0.110282114552512
"CR-Ab","WetDays",2,219.804305283757,0.00210625958941442,0.109316412175384
"CR-Ab","WetDays",2,220.414872798434,0.00208823257956247,0.108380797187958
"CR-Ab","WetDays",2,221.025440313112,0.002070759996979,0.107473957381003
"CR-Ab","WetDays",2,221.636007827789,0.00205392711083898,0.106600318287022
"CR-Ab","WetDays",2,222.246575342466,0.0020376939054931,0.10575780306457
"CR-Ab","WetDays",2,222.857142857143,0.00202185222865105,0.104935608457638
"CR-Ab","WetDays",2,223.46771037182,0.00200637190340288,0.104132168262544
"CR-Ab","WetDays",2,224.078277886497,0.00199131638531798,0.103350775869719
"CR-Ab","WetDays",2,224.688845401174,0.00197651423547168,0.102582533473667
"CR-Ab","WetDays",2,225.299412915851,0.00196188264998358,0.101823143492472
"CR-Ab","WetDays",2,225.909980430528,0.00194738882272606,0.101070903264133
"CR-Ab","WetDays",2,226.520547945205,0.00193297477914626,0.100322803866983
"CR-Ab","WetDays",2,227.131115459883,0.0019185274815639,0.0995729785627937
"CR-Ab","WetDays",2,227.74168297456,0.00190401189936048,0.0988196092368621
"CR-Ab","WetDays",2,228.352250489237,0.00188935177026542,0.0980587378216034
"CR-Ab","WetDays",2,228.962818003914,0.00187440648210939,0.0972830664426546
"CR-Ab","WetDays",2,229.573385518591,0.00185919018249091,0.0964933293707202
"CR-Ab","WetDays",2,230.183953033268,0.00184366980427815,0.0956878103974891
"CR-Ab","WetDays",2,230.794520547945,0.00182764268232893,0.0948559910539516
"CR-Ab","WetDays",2,231.405088062622,0.00181108161083421,0.0939964593387341
"CR-Ab","WetDays",2,232.015655577299,0.00179403599599746,0.0931117794699079
"CR-Ab","WetDays",2,232.626223091976,0.00177647760468593,0.0922004861272474
"CR-Ab","WetDays",2,233.236790606654,0.0017580217999774,0.091242616373355
"CR-Ab","WetDays",2,233.847358121331,0.00173891917262747,0.0902511760516051
"CR-Ab","WetDays",2,234.457925636008,0.00171916635779549,0.089225990524309
"CR-Ab","WetDays",2,235.068493150685,0.00169863234863918,0.0881602604405977
"CR-Ab","WetDays",2,235.679060665362,0.00167707110899405,0.0870412163437042
"CR-Ab","WetDays",2,236.289628180039,0.00165477064581769,0.0858838060052348
"CR-Ab","WetDays",2,236.900195694716,0.00163172183707208,0.0846875559847483
"CR-Ab","WetDays",2,237.510763209393,0.00160765492997693,0.0834384659157832
"CR-Ab","WetDays",2,238.12133072407,0.00158262148130816,0.0821392116326931
"CR-Ab","WetDays",2,238.731898238748,0.00155681950506589,0.0808000702068141
"CR-Ab","WetDays",2,239.342465753425,0.00153025079558459,0.079421134765417
"CR-Ab","WetDays",2,239.953033268102,0.00150253688156255,0.0779827623713147
"CR-Ab","WetDays",2,240.563600782779,0.00147403812613176,0.0765036561344511
"CR-Ab","WetDays",2,241.174168297456,0.00144482424330101,0.0749874342628356
"CR-Ab","WetDays",2,241.784735812133,0.00141483690491508,0.0734310694825803
"CR-Ab","WetDays",2,242.39530332681,0.00138387867205933,0.0718243145697059
"CR-Ab","WetDays",2,243.005870841487,0.001352311682949,0.0701859647622733
"CR-Ab","WetDays",2,243.616438356164,0.00132015955096647,0.0685172456120869
"CR-Ab","WetDays",2,244.227005870841,0.00128730655604298,0.0668121511629974
"CR-Ab","WetDays",2,244.837573385519,0.00125383402542407,0.0650749023584908
"CR-Ab","WetDays",2,245.448140900196,0.0012199372063629,0.0633156326737152
"CR-Ab","WetDays",2,246.058708414873,0.00118564666574062,0.061535928552143
"CR-Ab","WetDays",2,246.66927592955,0.00115087823705673,0.0597314216908801
"CR-Ab","WetDays",2,247.279843444227,0.00111583852167012,0.0579128348514602
"CR-Ab","WetDays",2,247.890410958904,0.0010806013919751,0.0560840020651421
"CR-Ab","WetDays",2,248.500978473581,0.0010451971843321,0.0542464978112049
"CR-Ab","WetDays",2,249.111545988258,0.00100968532782361,0.0524034065024674
"CR-Ab","WetDays",2,249.722113502935,0.000974184892637191,0.050560907968693
"CR-Ab","WetDays",2,250.332681017613,0.000938731386670276,0.048720845095712
"CR-Ab","WetDays",2,250.94324853229,0.000903406727560125,0.0468874694687724
"CR-Ab","WetDays",2,251.553816046967,0.000868335961269914,0.0450672710647602
"CR-Ab","WetDays",2,252.164383561644,0.000833515893304931,0.0432600840870653
"CR-Ab","WetDays",2,252.774951076321,0.000798979572679084,0.041467623803665
"CR-Ab","WetDays",2,253.385518590998,0.000764941382011164,0.039701016829169
"CR-Ab","WetDays",2,253.996086105675,0.000731396529612311,0.037960014471423
"CR-Ab","WetDays",2,254.606653620352,0.000698314679710808,0.0362430422817025
"CR-Ab","WetDays",2,255.217221135029,0.000665733346964651,0.0345520472981769
"CR-Ab","WetDays",2,255.827788649706,0.000634026241096614,0.0329064253286065
"CR-Ab","WetDays",2,256.438356164384,0.00060293022139032,0.0312925191774791
"CR-Ab","WetDays",2,257.048923679061,0.000572465840198996,0.029711395526949
"CR-Ab","WetDays",2,257.659491193738,0.000542794709280061,0.02817144214535
"CR-Ab","WetDays",2,258.270058708415,0.000514105257345175,0.0266824386205415
"CR-Ab","WetDays",2,258.880626223092,0.000486149502214185,0.025231514496121
"CR-Ab","WetDays",2,259.491193737769,0.000458940602964938,0.0238193527378468
"CR-Ab","WetDays",2,260.101761252446,0.000432793569041604,0.0224623025661148
"CR-Ab","WetDays",2,260.712328767123,0.000407604478865419,0.0211549703750299
"CR-Ab","WetDays",2,261.3228962818,0.000383215621741209,0.0198891708642403
"CR-Ab","WetDays",2,261.933463796477,0.000359632822114043,0.0186652063267023
"CR-Ab","WetDays",2,262.544031311155,0.000337320988037876,0.0175072058302216
"CR-Ab","WetDays",2,263.154598825832,0.000315848637463349,0.0163927751410624
"CR-Ab","WetDays",2,263.765166340509,0.00029519011344301,0.0153205826448989
"CR-Ab","WetDays",2,264.375733855186,0.000275466781684532,0.0142969273106668
"CR-Ab","WetDays",2,264.986301369863,0.000256896905476577,0.0133331371625783
"CR-Ab","WetDays",2,265.59686888454,0.000239116600616965,0.0124103263445738
"CR-Ab","WetDays",2,266.207436399217,0.000222118778079204,0.0115281269309969
"CR-Ab","WetDays",2,266.818003913894,0.000206146037241743,0.0106991300069075
"CR-Ab","WetDays",2,267.428571428571,0.000191110230021781,0.00991876062237976
"CR-Ab","WetDays",2,268.039138943249,0.000176802509066628,0.00917617944716064
"CR-Ab","WetDays",2,268.649706457926,0.000163211950991849,0.00847081954961398
"CR-Ab","WetDays",2,269.260273972603,0.000150667813866317,0.00781976966417206
"CR-Ab","WetDays",2,269.87084148728,0.000138832334537557,0.00720549963634722
"CR-Ab","WetDays",2,270.481409001957,0.000127640067137746,0.00662461277776437
"CR-Ab","WetDays",2,271.091976516634,0.000117140759229281,0.006079691023273
"CR-Ab","WetDays",2,271.702544031311,0.00010752022316501,0.00558037816979781
"CR-Ab","WetDays",2,272.313111545988,9.84605316625118e-05,0.00511017355900515
"CR-Ab","WetDays",2,272.923679060665,8.99472845329558e-05,0.00466832981056947
"CR-Ab","WetDays",2,273.534246575342,8.21062789429793e-05,0.00426137588938559
"CR-Ab","WetDays",2,274.14481409002,7.48991167578171e-05,0.00388731890419362
"CR-Ab","WetDays",2,274.755381604697,6.81537399440157e-05,0.00353722891729851
"CR-Ab","WetDays",2,275.365949119374,6.18559696165219e-05,0.00321037003420251
"CR-Ab","WetDays",2,275.976516634051,5.61719774641751e-05,0.00291536668701285
"CR-Ab","WetDays",2,276.587084148728,5.0918829822354e-05,0.00264272448482773
"CR-Ab","WetDays",2,277.197651663405,4.60330481139919e-05,0.00238914884310033
"CR-Ab","WetDays",2,277.808219178082,4.15209593378952e-05,0.00215496813769314
"CR-Ab","WetDays",2,278.418786692759,3.75009712135301e-05,0.00194632781579178
"CR-Ab","WetDays",2,279.029354207436,3.37751524919083e-05,0.00175295510090396
"CR-Ab","WetDays",2,279.639921722114,3.03321055411484e-05,0.00157425844760441
"CR-Ab","WetDays",2,280.250489236791,2.72180059581088e-05,0.00141263440312022
"CR-Ab","WetDays",2,280.861056751468,2.44259508331705e-05,0.0012677247013968
"CR-Ab","WetDays",2,281.471624266145,2.18543440984792e-05,0.00113425643225498
"CR-Ab","WetDays",2,282.082191780822,1.94935497818562e-05,0.00101172948169566
"CR-Ab","WetDays",2,282.692759295499,1.74062214096333e-05,0.00090339561352952
"CR-Ab","WetDays",2,283.303326810176,1.55186720455241e-05,0.000805430421904819
"CR-Ab","WetDays",2,283.913894324853,1.3791313893099e-05,0.000715779271251771
"CR-Ab","WetDays",2,284.52446183953,1.22182867690943e-05,0.000634138013775735
"CR-Ab","WetDays",2,285.135029354207,1.08573332611274e-05,0.00056350353197864
"CR-Ab","WetDays",2,285.745596868885,9.61524473085126e-06,0.000499038229403221
"CR-Ab","WetDays",2,286.356164383562,8.48609205909069e-06,0.00044043438043063
"CR-Ab","WetDays",2,286.966731898239,7.48160480660516e-06,0.000388300757837531
"CR-Ab","WetDays",2,287.577299412916,6.60424884826785e-06,0.000342765342332172
"CR-Ab","WetDays",2,288.187866927593,5.80868428421559e-06,0.000301474959972301
"CR-Ab","WetDays",2,288.79843444227,5.09039643415776e-06,0.000264195295551012
"CR-Ab","WetDays",2,289.409001956947,4.4672839220351e-06,0.0002318553007331
"CR-Ab","WetDays",2,290.019569471624,3.91666303158018e-06,0.000203277674064546
"CR-Ab","WetDays",2,290.630136986301,3.42070818724895e-06,0.000177537255145734
"CR-Ab","WetDays",2,291.240704500978,2.97608592074711e-06,0.000154461034535728
"CR-Ab","WetDays",2,291.851272015656,2.60057614820771e-06,0.000134971802877339
"CR-Ab","WetDays",2,292.461839530333,2.26418687676858e-06,0.000117512953819592
"CR-Ab","WetDays",2,293.07240704501,1.96329075179086e-06,0.000101896225005465
"CR-Ab","WetDays",2,293.682974559687,1.69964889173187e-06,8.82130197701091e-05
"CR-Ab","WetDays",2,294.293542074364,1.47565612841855e-06,7.65876316357484e-05
"CR-Ab","WetDays",2,294.904109589041,1.27562312946738e-06,6.62057727841983e-05
"CR-Ab","WetDays",2,295.514677103718,1.09797788068252e-06,5.69858545296948e-05
"CR-Ab","WetDays",2,296.125244618395,9.46572507942407e-07,4.91278050208842e-05
"CR-Ab","WetDays",2,296.735812133072,8.16022956771283e-07,4.23521878952185e-05
"CR-Ab","WetDays",2,297.346379647749,7.00257251430143e-07,3.63438631737797e-05
"CR-Ab","WetDays",2,297.956947162427,5.98210135465768e-07,3.10475432680399e-05
"CR-Ab","WetDays",2,298.567514677104,5.13738595237913e-07,2.66634085891778e-05
"CR-Ab","WetDays",2,299.178082191781,4.39676533043376e-07,2.28195334286294e-05
"CR-Ab","WetDays",2,299.788649706458,3.74480852872015e-07,1.94358299756051e-05
"CR-Ab","WetDays",2,300.399217221135,3.18146102095597e-07,1.65120152347143e-05
"CR-Ab","WetDays",2,301.009784735812,2.71667231706184e-07,1.40997278896641e-05
"CR-Ab","WetDays",2,301.620352250489,2.30775855092606e-07,1.19774355555308e-05
"CR-Ab","WetDays",2,302.230919765166,1.95052267325373e-07,1.0123355239708e-05
"CR-Ab","WetDays",2,302.841487279843,1.65102265817915e-07,8.56892827073554e-06
"CR-Ab","WetDays",2,303.452054794521,1.39943376717631e-07,7.26316353756413e-06
"CR-Ab","WetDays",2,304.062622309198,1.17974154697784e-07,6.12294485722483e-06
"CR-Ab","WetDays",2,304.673189823875,9.89317489842018e-08,5.13463008241799e-06
"CR-Ab","WetDays",2,305.283757338552,8.34638821291785e-08,4.33183648703415e-06
"CR-Ab","WetDays",2,305.894324853229,7.02103767949521e-08,3.64396987307716e-06
"CR-Ab","WetDays",2,306.504892367906,5.87269181833697e-08,3.04796997776904e-06
"CR-Ab","WetDays",2,307.115459882583,4.89293431448146e-08,2.53946867212907e-06
"CR-Ab","WetDays",2,307.72602739726,4.10939222941374e-08,2.13280460299675e-06
"CR-Ab","WetDays",2,308.336594911937,3.43003796939895e-08,1.78021477658544e-06
"CR-Ab","WetDays",2,308.947162426614,2.84614687740862e-08,1.47717103212802e-06
"CR-Ab","WetDays",2,309.557729941292,2.36404819344838e-08,1.22695829144841e-06
"CR-Ab","WetDays",2,310.168297455969,1.97017658009423e-08,1.02253604527326e-06
"CR-Ab","WetDays",2,310.778864970646,1.63140348000244e-08,8.46710330201435e-07
"CR-Ab","WetDays",2,311.389432485323,1.34265660808822e-08,6.96848593200144e-07
"CR-Ab","WetDays",2,312,1.11223779393185e-08,5.77259544500388e-07
"CR-Ec","Temperature",2,-6.47438433850488,6.20580831887632e-06,2.56476253840099e-05
"CR-Ec","Temperature",2,-6.39894643502737,7.47695463877954e-06,3.09010723075919e-05
"CR-Ec","Temperature",2,-6.32350853154985,8.958273751926e-06,3.70231301824045e-05
"CR-Ec","Temperature",2,-6.24807062807234,1.06746652579559e-05,4.41167051201048e-05
"CR-Ec","Temperature",2,-6.17263272459482,1.26677899262519e-05,5.23539744989532e-05
"CR-Ec","Temperature",2,-6.09719482111731,1.50603055852742e-05,6.22418637464081e-05
"CR-Ec","Temperature",2,-6.02175691763979,1.78101913232806e-05,7.36067070727305e-05
"CR-Ec","Temperature",2,-5.94631901416228,2.09539378140388e-05,8.65993146677815e-05
"CR-Ec","Temperature",2,-5.87088111068477,2.45296150261768e-05,0.00010137702369758
"CR-Ec","Temperature",2,-5.79544320720725,2.86157093618193e-05,0.000118264206062771
"CR-Ec","Temperature",2,-5.72000530372974,3.33890614120631e-05,0.000137991715988958
"CR-Ec","Temperature",2,-5.64456740025222,3.87682379269765e-05,0.000160223002719055
"CR-Ec","Temperature",2,-5.56912949677471,4.48008008951221e-05,0.000185154632437916
"CR-Ec","Temperature",2,-5.4936915932972,5.15350913238424e-05,0.000212986390891941
"CR-Ec","Temperature",2,-5.41825368981968,5.90987337189053e-05,0.00024424573000126
"CR-Ec","Temperature",2,-5.34281578634217,6.77017327466398e-05,0.000279800565875128
"CR-Ec","Temperature",2,-5.26737788286465,7.72064644296359e-05,0.000319082120356842
"CR-Ec","Temperature",2,-5.19193997938714,8.7661140533545e-05,0.000362289645057311
"CR-Ec","Temperature",2,-5.11650207590962,9.91127993797851e-05,0.000409617541927807
"CR-Ec","Temperature",2,-5.04106417243211,0.000111736989482634,0.000461791325244565
"CR-Ec","Temperature",2,-4.9656262689546,0.000125722930654156,0.000519593010597771
"CR-Ec","Temperature",2,-4.89018836547708,0.000140868391312768,0.000582186806809428
"CR-Ec","Temperature",2,-4.81475046199957,0.000157202620635786,0.000649693596108575
"CR-Ec","Temperature",2,-4.73931255852205,0.000174750876083654,0.000722217763589037
"CR-Ec","Temperature",2,-4.66387465504454,0.000193708230992519,0.000800565516531288
"CR-Ec","Temperature",2,-4.58843675156702,0.000214168496597551,0.000885124561949924
"CR-Ec","Temperature",2,-4.51299884808951,0.000235875340219765,0.00097483551737831
"CR-Ec","Temperature",2,-4.437560944612,0.000258815473168685,0.00106964346275807
"CR-Ec","Temperature",2,-4.36212304113448,0.000282969023874697,0.00116946627203131
"CR-Ec","Temperature",2,-4.28668513765697,0.000308488260789418,0.00127493324665309
"CR-Ec","Temperature",2,-4.21124723417945,0.000335313913275085,0.00138579943044115
"CR-Ec","Temperature",2,-4.13580933070194,0.00036317050933843,0.00150092634116658
"CR-Ec","Temperature",2,-4.06037142722442,0.000391986112539688,0.00162001667688838
"CR-Ec","Temperature",2,-3.98493352374691,0.000421681429063727,0.00174274272879551
"CR-Ec","Temperature",2,-3.9094956202694,0.000452280737070628,0.00186920483468811
"CR-Ec","Temperature",2,-3.83405771679188,0.000483579180108824,0.00199855635521522
"CR-Ec","Temperature",2,-3.75861981331437,0.000515335647360813,0.00212980081745895
"CR-Ec","Temperature",2,-3.68318190983685,0.000547423849519501,0.00226241628766436
"CR-Ec","Temperature",2,-3.60774400635934,0.000579712459281044,0.00239586001083184
"CR-Ec","Temperature",2,-3.53230610288183,0.000612023266781265,0.00252939547374645
"CR-Ec","Temperature",2,-3.45686819940431,0.000644105020629337,0.00266198429410279
"CR-Ec","Temperature",2,-3.3814302959268,0.000675805741441608,0.00279299836511803
"CR-Ec","Temperature",2,-3.30599239244928,0.000706976526055404,0.00292182229354466
"CR-Ec","Temperature",2,-3.23055448897177,0.000737469009022262,0.00304784290842306
"CR-Ec","Temperature",2,-3.15511658549425,0.00076688739223294,0.00316942443869619
"CR-Ec","Temperature",2,-3.07967868201674,0.000795100657315172,0.00328602540612985
"CR-Ec","Temperature",2,-3.00424077853923,0.000822082379996575,0.00339753660338081
"CR-Ec","Temperature",2,-2.92880287506171,0.000847716440739535,0.00350347812674475
"CR-Ec","Temperature",2,-2.8533649715842,0.000871894938878369,0.00360340403981663
"CR-Ec","Temperature",2,-2.77792706810668,0.00089409600697846,0.00369515754693417
"CR-Ec","Temperature",2,-2.70248916462917,0.000914465216310948,0.00377934027116351
"CR-Ec","Temperature",2,-2.62705126115166,0.000933110605221619,0.00385639871791983
"CR-Ec","Temperature",2,-2.55161335767414,0.000950014624907391,0.00392626036077236
"CR-Ec","Temperature",2,-2.47617545419663,0.000965175820693929,0.00398891918778189
"CR-Ec","Temperature",2,-2.40073755071911,0.00097817367552642,0.00404263726839444
"CR-Ec","Temperature",2,-2.3252996472416,0.000989473402067468,0.00408933725304995
"CR-Ec","Temperature",2,-2.24986174376408,0.000999307860452856,0.0041299815159022
"CR-Ec","Temperature",2,-2.17442384028657,0.00100781808720524,0.00416515293861827
"CR-Ec","Temperature",2,-2.09898593680906,0.00101516752424812,0.00419552700084734
"CR-Ec","Temperature",2,-2.02354803333154,0.00102140462258558,0.00422130394293493
"CR-Ec","Temperature",2,-1.94811012985403,0.00102715633367141,0.00424507485619335
"CR-Ec","Temperature",2,-1.87267222637651,0.00103277713704986,0.00426830474857806
"CR-Ec","Temperature",2,-1.797234322899,0.00103860932966512,0.00429240827928311
"CR-Ec","Temperature",2,-1.72179641942148,0.00104502149475446,0.00431890874459907
"CR-Ec","Temperature",2,-1.64635851594397,0.00105302383334836,0.00435198114579263
"CR-Ec","Temperature",2,-1.57092061246646,0.0010630022484885,0.00439322035916989
"CR-Ec","Temperature",2,-1.49548270898894,0.00107546776301834,0.00444473836141108
"CR-Ec","Temperature",2,-1.42004480551143,0.00109098641850305,0.00450887451288141
"CR-Ec","Temperature",2,-1.34460690203391,0.00111015215659602,0.00458808348060303
"CR-Ec","Temperature",2,-1.2691689985564,0.00113553367726729,0.00469298129574717
"CR-Ec","Temperature",2,-1.19373109507888,0.00116662837128819,0.00482149075377419
"CR-Ec","Temperature",2,-1.11829319160137,0.00120420354007304,0.00497678299021071
"CR-Ec","Temperature",2,-1.04285528812386,0.00124905421330129,0.00516214373712258
"CR-Ec","Temperature",2,-0.967417384646343,0.00130221472259683,0.00538184772370692
"CR-Ec","Temperature",2,-0.891979481168828,0.00136785207577399,0.00565311653495351
"CR-Ec","Temperature",2,-0.816541577691314,0.00144433863252722,0.00596922339061524
"CR-Ec","Temperature",2,-0.7411036742138,0.00153265867802329,0.00633423618578844
"CR-Ec","Temperature",2,-0.665665770736286,0.00163381985466891,0.00675231934735185
"CR-Ec","Temperature",2,-0.590227867258771,0.00174955133741204,0.00723061928218922
"CR-Ec","Temperature",2,-0.514789963781257,0.00188547478405763,0.00779236941389501
"CR-Ec","Temperature",2,-0.439352060303743,0.00203859323328286,0.00842518377478398
"CR-Ec","Temperature",2,-0.363914156826229,0.00221004786615227,0.00913377868591135
"CR-Ec","Temperature",2,-0.288476253348715,0.00240098933835727,0.0099229096254683
"CR-Ec","Temperature",2,-0.213038349871201,0.00261409328991198,0.0108036345909337
"CR-Ec","Temperature",2,-0.137600446393686,0.00285589842882968,0.0118029770295369
"CR-Ec","Temperature",2,-0.0621625429161723,0.00312187390642227,0.0129022116594365
"CR-Ec","Temperature",2,0.0132753605613418,0.0034131477155046,0.0141060002967352
"CR-Ec","Temperature",2,0.0887132640388568,0.00373082465307563,0.0154189088928932
"CR-Ec","Temperature",2,0.164151167516371,0.00407859871845536,0.0168562041635193
"CR-Ec","Temperature",2,0.239589070993885,0.00446281693277283,0.0184441173442332
"CR-Ec","Temperature",2,0.315026974471399,0.00487738666936915,0.0201574685715711
"CR-Ec","Temperature",2,0.390464877948913,0.00532307301726297,0.0219994198375776
"CR-Ec","Temperature",2,0.465902781426427,0.00580056162276525,0.0239728048101372
"CR-Ec","Temperature",2,0.541340684903941,0.00631416059040029,0.0260954282046514
"CR-Ec","Temperature",2,0.616778588381456,0.00686833228683607,0.0283857322775912
"CR-Ec","Temperature",2,0.69221649185897,0.00745567730954808,0.0308131364672856
"CR-Ec","Temperature",2,0.767654395336484,0.00807607369335,0.0333771367108875
"CR-Ec","Temperature",2,0.843092298813999,0.00872925113354616,0.0360766158817928
"CR-Ec","Temperature",2,0.918530202291513,0.00941894927439067,0.0389270293389122
"CR-Ec","Temperature",2,0.993968105769027,0.0101459403186503,0.0419315684742874
"CR-Ec","Temperature",2,1.06940600924654,0.0109022430323496,0.0450572481087788
"CR-Ec","Temperature",2,1.14484391272406,0.0116863175745809,0.0482977043231804
"CR-Ec","Temperature",2,1.22028181620157,0.0124964267640847,0.0516457576217875
"CR-Ec","Temperature",2,1.29571971967908,0.0133337397126334,0.0551062397588586
"CR-Ec","Temperature",2,1.3711576231566,0.0141944825294711,0.0586635538401009
"CR-Ec","Temperature",2,1.44659552663411,0.0150713490860332,0.0622875047903849
"CR-Ec","Temperature",2,1.52203343011163,0.015961171825303,0.065965001596973
"CR-Ec","Temperature",2,1.59747133358914,0.0168606000507658,0.0696821963605153
"CR-Ec","Temperature",2,1.67290923706665,0.0177659171025041,0.0734237287127336
"CR-Ec","Temperature",2,1.74834714054417,0.0186700790149089,0.0771604870565761
"CR-Ec","Temperature",2,1.82378504402168,0.0195680010777923,0.0808714570881224
"CR-Ec","Temperature",2,1.8992229474992,0.020455325277389,0.0845386278249625
"CR-Ec","Temperature",2,1.97466085097671,0.02132761398781,0.0881436592603567
"CR-Ec","Temperature",2,2.05009875445423,0.0221747186981701,0.0916446092020848
"CR-Ec","Temperature",2,2.12553665793174,0.0229900621319512,0.0950142948053802
"CR-Ec","Temperature",2,2.20097456140925,0.0237720642310581,0.0982461859397547
"CR-Ec","Temperature",2,2.27641246488677,0.0245163286425687,0.10132211317312
"CR-Ec","Temperature",2,2.35185036836428,0.0252185536060558,0.104224298009225
"CR-Ec","Temperature",2,2.4272882718418,0.025862608156312,0.106886073717249
"CR-Ec","Temperature",2,2.50272617531931,0.0264472865338492,0.109302457083714
"CR-Ec","Temperature",2,2.57816407879683,0.0269749367506006,0.111483152071
"CR-Ec","Temperature",2,2.65360198227434,0.0274426428858112,0.113416107639285
"CR-Ec","Temperature",2,2.72903988575185,0.0278477625010911,0.115090403008159
"CR-Ec","Temperature",2,2.80447778922937,0.0281712475359362,0.116427315552784
"CR-Ec","Temperature",2,2.87991569270688,0.0284207169279549,0.117458333138649
"CR-Ec","Temperature",2,2.9553535961844,0.0286017614568983,0.118206561575232
"CR-Ec","Temperature",2,3.03079149966191,0.0287141814636128,0.118671175702792
"CR-Ec","Temperature",2,3.10622940313942,0.0287581527401038,0.118852902041917
"CR-Ec","Temperature",2,3.18166730661694,0.0287168339425292,0.118682137979113
"CR-Ec","Temperature",2,3.25710521009445,0.0286061971748175,0.118224893696634
"CR-Ec","Temperature",2,3.33254311357197,0.0284335913280869,0.117511541000488
"CR-Ec","Temperature",2,3.40798101704948,0.0282018913592393,0.116553961633363
"CR-Ec","Temperature",2,3.483418920527,0.0279143226429446,0.115365485559222
"CR-Ec","Temperature",2,3.55885682400451,0.0275617818602167,0.113908490198846
"CR-Ec","Temperature",2,3.63429472748202,0.0271635600433926,0.112262702341271
"CR-Ec","Temperature",2,3.70973263095954,0.0267271791874008,0.110459209203207
"CR-Ec","Temperature",2,3.78517053443705,0.0262578839944724,0.108519686310414
"CR-Ec","Temperature",2,3.86060843791457,0.0257611278438818,0.106466671617905
"CR-Ec","Temperature",2,3.93604634139208,0.0252395034018866,0.10431088020573
"CR-Ec","Temperature",2,4.0114842448696,0.0247078176777758,0.10211350710406
"CR-Ec","Temperature",2,4.08692214834711,0.0241727358217527,0.0999020983257195
"CR-Ec","Temperature",2,4.16236005182462,0.0236404213468262,0.0977021266962587
"CR-Ec","Temperature",2,4.23779795530214,0.0231170495617685,0.095539113791253
"CR-Ec","Temperature",2,4.31323585877965,0.0226179361504846,0.0934763569126997
"CR-Ec","Temperature",2,4.38867376225717,0.0221460876223939,0.091526281489059
"CR-Ec","Temperature",2,4.46411166573468,0.0217070822942744,0.0897119418223073
"CR-Ec","Temperature",2,4.53954956921219,0.0213064137659648,0.0880560420926961
"CR-Ec","Temperature",2,4.61498747268971,0.0209503291555596,0.0865844006523853
"CR-Ec","Temperature",2,4.69042537616722,0.0206620291006053,0.085392902071102
"CR-Ec","Temperature",2,4.76586327964474,0.0204315718798032,0.0844404587853187
"CR-Ec","Temperature",2,4.84130118312225,0.0202628856298311,0.0837433051633548
"CR-Ec","Temperature",2,4.91673908659977,0.0201596328973836,0.0833165779320875
"CR-Ec","Temperature",2,4.99217699007728,0.0201281647220431,0.0831865249347696
"CR-Ec","Temperature",2,5.06761489355479,0.020191934492845,0.0834500753231012
"CR-Ec","Temperature",2,5.14305279703231,0.0203321518538776,0.0840295715246129
"CR-Ec","Temperature",2,5.21849070050982,0.0205504814952391,0.0849318934404918
"CR-Ec","Temperature",2,5.29392860398734,0.0208483144299392,0.0861627899077535
"CR-Ec","Temperature",2,5.36936650746485,0.0212318788321227,0.0877480009862075
"CR-Ec","Temperature",2,5.44480441094237,0.0217195567625138,0.0897634968288156
"CR-Ec","Temperature",2,5.52024231441988,0.0222887176908873,0.0921157490293451
"CR-Ec","Temperature",2,5.59568021789739,0.0229389514558387,0.0948030624555074
"CR-Ec","Temperature",2,5.67111812137491,0.0236696390578876,0.0978228788802408
"CR-Ec","Temperature",2,5.74655602485242,0.024486557299522,0.101199072915605
"CR-Ec","Temperature",2,5.82199392832994,0.025400867049449,0.104977770668765
"CR-Ec","Temperature",2,5.89743183180745,0.0263905601178467,0.109068015768054
"CR-Ec","Temperature",2,5.97286973528496,0.0274538341194634,0.113462359239971
"CR-Ec","Temperature",2,6.04830763876248,0.0285887777016717,0.118152901766063
"CR-Ec","Temperature",2,6.12374554223999,0.0298004642839395,0.123160610987489
"CR-Ec","Temperature",2,6.19918344571751,0.0310934693789975,0.128504396775521
"CR-Ec","Temperature",2,6.27462134919502,0.0324492808365119,0.134107751337393
"CR-Ec","Temperature",2,6.35005925267254,0.0338655296824503,0.13996088407768
"CR-Ec","Temperature",2,6.42549715615005,0.0353398284552648,0.146053927994979
"CR-Ec","Temperature",2,6.50093505962756,0.0368764719431873,0.152404632770558
"CR-Ec","Temperature",2,6.57637296310508,0.0384755126318014,0.159013215319042
"CR-Ec","Temperature",2,6.65181086658259,0.0401229664805977,0.165821881810215
"CR-Ec","Temperature",2,6.72724877006011,0.0418165074634548,0.172821019145583
"CR-Ec","Temperature",2,6.80268667353762,0.0435538354261686,0.180001121151202
"CR-Ec","Temperature",2,6.87812457701514,0.0453384194026962,0.187376524796375
"CR-Ec","Temperature",2,6.95356248049265,0.0471677609410773,0.194936904373858
"CR-Ec","Temperature",2,7.02900038397016,0.0490319957146145,0.202641492179783
"CR-Ec","Temperature",2,7.10443828744768,0.0509289943079772,0.210481487676997
"CR-Ec","Temperature",2,7.17987619092519,0.0528566373717732,0.218448131929277
"CR-Ec","Temperature",2,7.25531409440271,0.0548171444315542,0.226550597885085
"CR-Ec","Temperature",2,7.33075199788022,0.0568064989953749,0.234772286017741
"CR-Ec","Temperature",2,7.40618990135773,0.0588178676101826,0.243084954745332
"CR-Ec","Temperature",2,7.48162780483525,0.0608490092878769,0.25147934241807
"CR-Ec","Temperature",2,7.55706570831276,0.0628976348244476,0.259945988117433
"CR-Ec","Temperature",2,7.63250361179028,0.0649634875692014,0.268483831146649
"CR-Ec","Temperature",2,7.70794151526779,0.0670413955087038,0.277071496391274
"CR-Ec","Temperature",2,7.78337941874531,0.0691265340249549,0.28568904446731
"CR-Ec","Temperature",2,7.85881732222282,0.0712160359740008,0.294324625921748
"CR-Ec","Temperature",2,7.93425522570033,0.073306928763762,0.302965955501137
"CR-Ec","Temperature",2,8.00969312917785,0.0753943772902563,0.311593050484571
"CR-Ec","Temperature",2,8.08513103265536,0.0774728698567257,0.32018313190009
"CR-Ec","Temperature",2,8.16056893613288,0.0795390509354587,0.328722331881773
"CR-Ec","Temperature",2,8.23600683961039,0.0815891073020251,0.337194890975464
"CR-Ec","Temperature",2,8.31144474308791,0.0836191112847441,0.345584576734603
"CR-Ec","Temperature",2,8.38688264656542,0.0856172100367854,0.353842403215762
"CR-Ec","Temperature",2,8.46232055004293,0.0875798878285146,0.361953840463779
"CR-Ec","Temperature",2,8.53775845352045,0.0895051689461143,0.369910723165571
"CR-Ec","Temperature",2,8.61319635699796,0.0913884917323107,0.377694198712279
"CR-Ec","Temperature",2,8.68863426047548,0.0932252423931666,0.385285199022453
"CR-Ec","Temperature",2,8.76407216395299,0.0949948170782747,0.392598571637367
"CR-Ec","Temperature",2,8.8395100674305,0.096699573364716,0.399644060050648
"CR-Ec","Temperature",2,8.91494797090802,0.0983389394119493,0.406419300935677
"CR-Ec","Temperature",2,8.99038587438553,0.0999083592322228,0.412905465114835
"CR-Ec","Temperature",2,9.06582377786305,0.101403340872416,0.419083988055518
"CR-Ec","Temperature",2,9.14126168134056,0.102794543798102,0.424833609964172
"CR-Ec","Temperature",2,9.21669958481808,0.104094272065431,0.430205181561071
"CR-Ec","Temperature",2,9.29213748829559,0.105303144723914,0.435201261280037
"CR-Ec","Temperature",2,9.3675753917731,0.106417626002071,0.439807236336134
"CR-Ec","Temperature",2,9.44301329525062,0.107434363238862,0.444009250710936
"CR-Ec","Temperature",2,9.51845119872813,0.108317440197667,0.447658868272568
"CR-Ec","Temperature",2,9.59388910220565,0.109091348464098,0.450857308875161
"CR-Ec","Temperature",2,9.66932700568316,0.109757329203566,0.453609702059286
"CR-Ec","Temperature",2,9.74476490916068,0.110313668580338,0.455908964812601
"CR-Ec","Temperature",2,9.82020281263819,0.110758902263716,0.457749045287676
"CR-Ec","Temperature",2,9.8956407161157,0.111054268074554,0.458969745521773
"CR-Ec","Temperature",2,9.97107861959322,0.11123544940643,0.459718539343266
"CR-Ec","Temperature",2,10.0465165230707,0.111303552821809,0.46
"CR-Ec","Temperature",2,10.1219544265482,0.111258910838306,0.459815501734753
"CR-Ec","Temperature",2,10.1973923300258,0.111100606514637,0.459161254974056
"CR-Ec","Temperature",2,10.2728302335033,0.110795524756528,0.45790040026482
"CR-Ec","Temperature",2,10.3482681369808,0.110382054021593,0.456191591037729
"CR-Ec","Temperature",2,10.4237060404583,0.109862032026701,0.454042422286277
"CR-Ec","Temperature",2,10.4991439439358,0.109237461180123,0.451461169647505
"CR-Ec","Temperature",2,10.5745818474133,0.108506977772143,0.448442197124601
"CR-Ec","Temperature",2,10.6500197508908,0.107647978849132,0.444892090281042
"CR-Ec","Temperature",2,10.7254576543684,0.106694491186835,0.440951476405412
"CR-Ec","Temperature",2,10.8008955578459,0.105649446757228,0.436632472874689
"CR-Ec","Temperature",2,10.8763334613234,0.104515864766366,0.431947557590524
"CR-Ec","Temperature",2,10.9517713648009,0.103292178359624,0.426890254990291
"CR-Ec","Temperature",2,11.0272092682784,0.101965652749039,0.421407934207177
"CR-Ec","Temperature",2,11.1026471717559,0.100563785531164,0.415614238463656
"CR-Ec","Temperature",2,11.1780850752334,0.0990900648844276,0.409523583850106
"CR-Ec","Temperature",2,11.253522978711,0.0975480267156174,0.403150583710674
"CR-Ec","Temperature",2,11.3289608821885,0.0959365173473862,0.396490470079143
"CR-Ec","Temperature",2,11.404398785666,0.0942510546489421,0.38952471901704
"CR-Ec","Temperature",2,11.4798366891435,0.0925121767637754,0.382338211426782
"CR-Ec","Temperature",2,11.555274592621,0.0907237516278642,0.374946932876705
"CR-Ec","Temperature",2,11.6307124960985,0.088889697182883,0.367367075600792
"CR-Ec","Temperature",2,11.706150399576,0.0870103915064358,0.359600202134052
"CR-Ec","Temperature",2,11.7815883030536,0.0850880090868037,0.351655299293021
"CR-Ec","Temperature",2,11.8570262065311,0.0831365570510144,0.343590256320851
"CR-Ec","Temperature",2,11.9324641100086,0.0811603518023922,0.335422912230573
"CR-Ec","Temperature",2,12.0079020134861,0.0791637667731329,0.327171341726533
"CR-Ec","Temperature",2,12.0833399169636,0.0771502090231579,0.318849625649137
"CR-Ec","Temperature",2,12.1587778204411,0.0751267333809235,0.310486920489869
"CR-Ec","Temperature",2,12.2342157239186,0.0731012674808072,0.302115989909197
"CR-Ec","Temperature",2,12.3096536273962,0.0710785173566824,0.293756283201658
"CR-Ec","Temperature",2,12.3850915308737,0.0690632116587273,0.285427343131403
"CR-Ec","Temperature",2,12.4605294343512,0.0670631326410942,0.277161332525396
"CR-Ec","Temperature",2,12.5359673378287,0.0650874615792977,0.268996196144877
"CR-Ec","Temperature",2,12.6114052413062,0.063138313397139,0.260940674635798
"CR-Ec","Temperature",2,12.6868431447837,0.061220290741736,0.253013790011568
"CR-Ec","Temperature",2,12.7622810482612,0.0593379269440855,0.245234277813018
"CR-Ec","Temperature",2,12.8377189517388,0.0575037885358382,0.237654073530191
"CR-Ec","Temperature",2,12.9131568552163,0.0557252817930963,0.230303786132168
"CR-Ec","Temperature",2,12.9885947586938,0.0539991798779726,0.22317007960774
"CR-Ec","Temperature",2,13.0640326621713,0.0523290853893738,0.216267842929048
"CR-Ec","Temperature",2,13.1394705656488,0.0507184118799973,0.209611183770114
"CR-Ec","Temperature",2,13.2149084691263,0.049183373305127,0.203267111846635
"CR-Ec","Temperature",2,13.2903463726038,0.0477256631875061,0.197242626220564
"CR-Ec","Temperature",2,13.3657842760814,0.0463378569434984,0.191507042260674
"CR-Ec","Temperature",2,13.4412221795589,0.0450216299167955,0.18606728389777
"CR-Ec","Temperature",2,13.5166600830364,0.0437783774605022,0.180929117905796
"CR-Ec","Temperature",2,13.5920979865139,0.0426252766955988,0.176163534612109
"CR-Ec","Temperature",2,13.6675358899914,0.0415561781180551,0.171745119088057
"CR-Ec","Temperature",2,13.7429737934689,0.0405613210168571,0.167633531857021
"CR-Ec","Temperature",2,13.8184116969464,0.0396399618896685,0.163825700141305
"CR-Ec","Temperature",2,13.893849600424,0.0387910617752344,0.160317330078178
"CR-Ec","Temperature",2,13.9692875039015,0.0380292406119681,0.157168843563435
"CR-Ec","Temperature",2,14.044725407379,0.0373414925865511,0.154326489625297
"CR-Ec","Temperature",2,14.1201633108565,0.0367178325758565,0.151749001327337
"CR-Ec","Temperature",2,14.195601214334,0.0361553076685636,0.149424174753571
"CR-Ec","Temperature",2,14.2710391178115,0.035650740221543,0.14733887720695
"CR-Ec","Temperature",2,14.346477021289,0.0352129708598263,0.145529645594083
"CR-Ec","Temperature",2,14.4219149247666,0.0348260923623728,0.143930737883441
"CR-Ec","Temperature",2,14.4973528282441,0.0344816057250442,0.1425070290336
"CR-Ec","Temperature",2,14.5727907317216,0.0341752000375292,0.141240702733284
"CR-Ec","Temperature",2,14.6482286351991,0.0339024715262088,0.140113558881836
"CR-Ec","Temperature",2,14.7236665386766,0.0336646529906384,0.139130692445061
"CR-Ec","Temperature",2,14.7991044421541,0.0334483086672292,0.138236575534637
"CR-Ec","Temperature",2,14.8745423456316,0.0332473209035769,0.137405924859649
"CR-Ec","Temperature",2,14.9499802491092,0.0330572197877479,0.136620266980233
"CR-Ec","Temperature",2,15.0254181525867,0.032873593671682,0.135861369251914
"CR-Ec","Temperature",2,15.1008560560642,0.032690336446145,0.135103996089874
"CR-Ec","Temperature",2,15.1762939595417,0.0325011278243527,0.134322026747315
"CR-Ec","Temperature",2,15.2517318630192,0.0323023289520898,0.133500422414637
"CR-Ec","Temperature",2,15.3271697664967,0.0320905017917733,0.132624974225651
"CR-Ec","Temperature",2,15.4026076699742,0.0318623967698779,0.131682252206347
"CR-Ec","Temperature",2,15.4780455734518,0.0316070891824406,0.130627106281138
"CR-Ec","Temperature",2,15.5534834769293,0.0313274310650828,0.129471323462682
"CR-Ec","Temperature",2,15.6289213804068,0.0310219036402251,0.12820862688318
"CR-Ec","Temperature",2,15.7043592838843,0.0306889797833895,0.12683270517842
"CR-Ec","Temperature",2,15.7797971873618,0.0303271320555595,0.125337245684254
"CR-Ec","Temperature",2,15.8552350908393,0.0299257244668281,0.123678291534677
"CR-Ec","Temperature",2,15.9306729943168,0.0294944523419285,0.121895911975136
"CR-Ec","Temperature",2,16.0061108977944,0.029033773031876,0.119991997165126
"CR-Ec","Temperature",2,16.0815488012719,0.028544413229248,0.117969550410266
"CR-Ec","Temperature",2,16.1569867047494,0.0280265770375575,0.11582941523813
"CR-Ec","Temperature",2,16.2324246082269,0.0274756746808941,0.113552622829977
"CR-Ec","Temperature",2,16.3078625117044,0.0269025283448002,0.111183899568957
"CR-Ec","Temperature",2,16.3833004151819,0.0263096115241915,0.108733468018792
"CR-Ec","Temperature",2,16.4587383186594,0.0256995890494354,0.106212341502399
"CR-Ec","Temperature",2,16.534176222137,0.0250748291649788,0.10363030759994
"CR-Ec","Temperature",2,16.6096141256145,0.0244383403108382,0.100999799718728
"CR-Ec","Temperature",2,16.685052029092,0.0237977110953552,0.0983521803781852
"CR-Ec","Temperature",2,16.7604899325695,0.0231565682147709,0.0957024381409274
"CR-Ec","Temperature",2,16.835927836047,0.0225185909787215,0.093065779012422
"CR-Ec","Temperature",2,16.9113657395245,0.0218885070741099,0.0904617417757551
"CR-Ec","Temperature",2,16.986803643002,0.0212748888382134,0.0879257545466295
"CR-Ec","Temperature",2,17.0622415464796,0.0206794460762491,0.085464883679892
"CR-Ec","Temperature",2,17.1376794499571,0.020105723897605,0.0830937805525839
"CR-Ec","Temperature",2,17.2131173534346,0.0195571667029056,0.0808266803283377
"CR-Ec","Temperature",2,17.2885552569121,0.0190404270204669,0.078691076855712
"CR-Ec","Temperature",2,17.3639931603896,0.0185653208799671,0.0767275382346246
"CR-Ec","Temperature",2,17.4394310638671,0.0181273499347235,0.0749174735088865
"CR-Ec","Temperature",2,17.5148689673446,0.0177288101375908,0.0732703714889309
"CR-Ec","Temperature",2,17.5903068708222,0.0173717846950315,0.0717948417379607
"CR-Ec","Temperature",2,17.6657447742997,0.0170636638886413,0.0705214271222886
"CR-Ec","Temperature",2,17.7411826777772,0.0168111483825068,0.0694778204280099
"CR-Ec","Temperature",2,17.8166205812547,0.0166052781767115,0.0686269913909759
"CR-Ec","Temperature",2,17.8920584847322,0.0164464282242299,0.0679704896325952
"CR-Ec","Temperature",2,17.9674963882097,0.0163347276238307,0.0675088486976837
"CR-Ec","Temperature",2,18.0429342916872,0.0162766275607845,0.0672687303158019
"CR-Ec","Temperature",2,18.1183721951648,0.0162733419810267,0.0672551515337211
"CR-Ec","Temperature",2,18.1938100986423,0.0163142949590915,0.0674244037222833
"CR-Ec","Temperature",2,18.2692480021198,0.0163979579851066,0.0677701697916606
"CR-Ec","Temperature",2,18.3446859055973,0.016522602988656,0.0682853078998263
"CR-Ec","Temperature",2,18.4201238090748,0.0166920849040596,0.0689857498813186
"CR-Ec","Temperature",2,18.4955617125523,0.0169025284656281,0.0698554798752612
"CR-Ec","Temperature",2,18.5709996160298,0.0171444645046232,0.0708553633032045
"CR-Ec","Temperature",2,18.6464375195074,0.0174150443993111,0.0719736272615502
"CR-Ec","Temperature",2,18.7218754229849,0.0177113138607738,0.0731980621409204
"CR-Ec","Temperature",2,18.7973133264624,0.0180333743770267,0.0745290873752497
"CR-Ec","Temperature",2,18.8727512299399,0.0183747891650169,0.0759401007570679
"CR-Ec","Temperature",2,18.9481891334174,0.0187289133044745,0.0774036398806689
"CR-Ec","Temperature",2,19.0236270368949,0.0190924081890414,0.0789059068134097
"CR-Ec","Temperature",2,19.0990649403724,0.0194619306825922,0.0804330849018348
"CR-Ec","Temperature",2,19.17450284385,0.0198334346103115,0.0819684519446504
"CR-Ec","Temperature",2,19.2499407473275,0.020201197424435,0.0834883575559981
"CR-Ec","Temperature",2,19.325378650805,0.0205618755609011,0.0849789833138303
"CR-Ec","Temperature",2,19.4008165542825,0.0209124173977783,0.0864277173468011
"CR-Ec","Temperature",2,19.47625445776,0.021249848524488,0.0878222668858887
"CR-Ec","Temperature",2,19.5516923612375,0.021566401659262,0.0891305309826256
"CR-Ec","Temperature",2,19.627130264715,0.0218598238909392,0.0903431987110995
"CR-Ec","Temperature",2,19.7025681681925,0.0221296124305385,0.0914581921238826
"CR-Ec","Temperature",2,19.7780060716701,0.0223735753474109,0.0924664523178855
"CR-Ec","Temperature",2,19.8534439751476,0.022589651944535,0.0933594627578684
"CR-Ec","Temperature",2,19.9288818786251,0.0227675575220328,0.0940947184040201
"CR-Ec","Temperature",2,20.0043197821026,0.0229099907723665,0.0946833725259459
"CR-Ec","Temperature",2,20.0797576855801,0.023018389128532,0.0951313658071302
"CR-Ec","Temperature",2,20.1551955890576,0.0230917583335672,0.0954345891406225
"CR-Ec","Temperature",2,20.2306334925352,0.0231292611793731,0.0955895824776129
"CR-Ec","Temperature",2,20.3060713960127,0.0231199444011294,0.0955510777050027
"CR-Ec","Temperature",2,20.3815092994902,0.0230713561846929,0.095350270282471
"CR-Ec","Temperature",2,20.4569472029677,0.0229859419456925,0.0949972667264831
"CR-Ec","Temperature",2,20.5323851064452,0.0228640007281498,0.094493302938737
"CR-Ec","Temperature",2,20.6078230099227,0.0227059841803186,0.0938402455101147
"CR-Ec","Temperature",2,20.6832609134002,0.0225024499044171,0.0929990705023
"CR-Ec","Temperature",2,20.7586988168778,0.0222641229225465,0.0920141027372909
"CR-Ec","Temperature",2,20.8341367203553,0.0219937251885273,0.0908965916202114
"CR-Ec","Temperature",2,20.9095746238328,0.0216926827825257,0.0896524309150948
"CR-Ec","Temperature",2,20.9850125273103,0.0213625383428127,0.0882879961022089
"CR-Ec","Temperature",2,21.0604504307878,0.0209973473358354,0.0867787193635005
"CR-Ec","Temperature",2,21.1358883342653,0.0206081787059495,0.0851703468973125
"CR-Ec","Temperature",2,21.2113262377428,0.0201975976879588,0.0834734804138308
"CR-Ec","Temperature",2,21.2867641412203,0.0197677502058674,0.0816969886779506
"CR-Ec","Temperature",2,21.3622020446979,0.019320777237603,0.0798497200132139
"CR-Ec","Temperature",2,21.4376399481754,0.0188556511939556,0.0779274275557544
"CR-Ec","Temperature",2,21.5130778516529,0.0183804564191578,0.0759635226231156
"CR-Ec","Temperature",2,21.5885157551304,0.0178975305423003,0.0739676662670287
"CR-Ec","Temperature",2,21.6639536586079,0.0174091995977423,0.0719494716200321
"CR-Ec","Temperature",2,21.7393915620854,0.0169177905774371,0.0699185557722488
"CR-Ec","Temperature",2,21.8148294655629,0.0164269410433331,0.0678899521925471
"CR-Ec","Temperature",2,21.8902673690405,0.0159397206236851,0.065876347169562
"CR-Ec","Temperature",2,21.965705272518,0.0154581904968744,0.0638862592279171
"CR-Ec","Temperature",2,22.0411431759955,0.0149843465030291,0.0619279368595573
"CR-Ec","Temperature",2,22.116581079473,0.0145207327965909,0.0600118946528634
"CR-Ec","Temperature",2,22.1920189829505,0.0140731608227007,0.0581621503925066
"CR-Ec","Temperature",2,22.267456886428,0.013640299516222,0.0563732029965599
"CR-Ec","Temperature",2,22.3428947899055,0.0132235631060772,0.0546508972497385
"CR-Ec","Temperature",2,22.4183326933831,0.0128242717586024,0.0530006891909496
"CR-Ec","Temperature",2,22.4937705968606,0.0124451087233196,0.0514336682665649
"CR-Ec","Temperature",2,22.5692085003381,0.0120917087597535,0.0499731220475182
"CR-Ec","Temperature",2,22.6446464038156,0.0117597368380949,0.0486011345404576
"CR-Ec","Temperature",2,22.7200843072931,0.0114498144611018,0.0473202743180972
"CR-Ec","Temperature",2,22.7955222107706,0.0111624685087972,0.0461327188923356
"CR-Ec","Temperature",2,22.8709601142481,0.0109003323452929,0.0450493515410254
"CR-Ec","Temperature",2,22.9463980177257,0.0106673323252549,0.0440863992677131
"CR-Ec","Temperature",2,23.0218359212032,0.0104577679351833,0.043220302750675
"CR-Ec","Temperature",2,23.0972738246807,0.0102715489883644,0.0424506892624711
"CR-Ec","Temperature",2,23.1727117281582,0.0101085142620187,0.0417768924948234
"CR-Ec","Temperature",2,23.2481496316357,0.00997103253391339,0.041208702232023
"CR-Ec","Temperature",2,23.3235875351132,0.00986086187504077,0.0407533843037396
"CR-Ec","Temperature",2,23.3990254385907,0.00977235387229929,0.0403875947109648
"CR-Ec","Temperature",2,23.4744633420683,0.00970495641400618,0.0401090516633367
"CR-Ec","Temperature",2,23.5499012455458,0.00965808275660228,0.0399153302424192
"CR-Ec","Temperature",2,23.6253391490233,0.00963371569626171,0.0398146250315568
"CR-Ec","Temperature",2,23.7007770525008,0.0096318597399778,0.0398069546574406
"CR-Ec","Temperature",2,23.7762149559783,0.009647813887393,0.0398728906282604
"CR-Ec","Temperature",2,23.8516528594558,0.00968086171178854,0.0400094720655689
"CR-Ec","Temperature",2,23.9270907629333,0.00973028353135037,0.0402137246381246
"CR-Ec","Temperature",2,24.0025286664109,0.0097976811364907,0.0404922682926491
"CR-Ec","Temperature",2,24.0779665698884,0.00988205498054018,0.0408409720606672
"CR-Ec","Temperature",2,24.1534044733659,0.00997993273159564,0.0412454853429843
"CR-Ec","Temperature",2,24.2288423768434,0.0100906251657656,0.0417029596861412
"CR-Ec","Temperature",2,24.3042802803209,0.0102134497317196,0.042210574213319
"CR-Ec","Temperature",2,24.3797181837984,0.0103496188656337,0.0427733397316914
"CR-Ec","Temperature",2,24.4551560872759,0.0104976614941061,0.0433851765272908
"CR-Ec","Temperature",2,24.5305939907535,0.0106551438293116,0.0440360261395263
"CR-Ec","Temperature",2,24.606031894231,0.0108213932946071,0.0447231089153871
"CR-Ec","Temperature",2,24.6814697977085,0.0109957298806055,0.0454436144835034
"CR-Ec","Temperature",2,24.756907701186,0.0111787170732444,0.0461998716422365
"CR-Ec","Temperature",2,24.8323456046635,0.0113685794224861,0.0469845427370665
"CR-Ec","Temperature",2,24.907783508141,0.0115635636744164,0.047790381846547
"CR-Ec","Temperature",2,24.9832214116185,0.0117628507079307,0.0486140036725575
"CR-Ec","Temperature",2,25.0586593150961,0.0119655918134608,0.049451900632533
"CR-Ec","Temperature",2,25.1340972185736,0.0121710800720845,0.0503011511422469
"CR-Ec","Temperature",2,25.2095351220511,0.0123774046869781,0.0511538581802964
"CR-Ec","Temperature",2,25.2849730255286,0.0125832475693314,0.0520045742938609
"CR-Ec","Temperature",2,25.3604109290061,0.0127875048600534,0.0528487374077066
"CR-Ec","Temperature",2,25.4358488324836,0.0129890369151491,0.0536816375532432
"CR-Ec","Temperature",2,25.5112867359611,0.0131850850188199,0.0544918733938989
"CR-Ec","Temperature",2,25.5867246394387,0.0133742720689559,0.0552737535842097
"CR-Ec","Temperature",2,25.6621625429162,0.0135556758933889,0.056023466932289
"CR-Ec","Temperature",2,25.7376004463937,0.0137279693969355,0.0567355287634001
"CR-Ec","Temperature",2,25.8130383498712,0.0138898132275577,0.0574044037471608
"CR-Ec","Temperature",2,25.8884762533487,0.0140359203371402,0.0580082413489627
"CR-Ec","Temperature",2,25.9639141568262,0.014166682997635,0.0585486627668118
"CR-Ec","Temperature",2,26.0393520603037,0.0142816433799612,0.059023775865445
"CR-Ec","Temperature",2,26.1147899637813,0.0143795479955813,0.0594284001747639
"CR-Ec","Temperature",2,26.1902278672588,0.014459177407406,0.0597574959539256
"CR-Ec","Temperature",2,26.2656657707363,0.0145129955130122,0.059979917682174
"CR-Ec","Temperature",2,26.3411036742138,0.0145443999922751,0.0601097074336664
"CR-Ec","Temperature",2,26.4165415776913,0.0145534236342925,0.0601470007205629
"CR-Ec","Temperature",2,26.4919794811688,0.0145392884444602,0.0600885822140734
"CR-Ec","Temperature",2,26.5674173846463,0.0145012970047448,0.0599315695956437
"CR-Ec","Temperature",2,26.6428552881239,0.0144308368269641,0.0596403688122238
"CR-Ec","Temperature",2,26.7182931916014,0.0143347014235919,0.0592430563776242
"CR-Ec","Temperature",2,26.7937310950789,0.0142133375481535,0.0587414786535864
"CR-Ec","Temperature",2,26.8691689985564,0.0140667449945523,0.0581356347883463
"CR-Ec","Temperature",2,26.9446069020339,0.0138950262938837,0.0574259485267222
"CR-Ec","Temperature",2,27.0200448055114,0.0136902714438944,0.05657972907903
"CR-Ec","Temperature",2,27.0954827089889,0.0134616837847738,0.0556350123963214
"CR-Ec","Temperature",2,27.1709206124665,0.0132099990161749,0.0545948390090367
"CR-Ec","Temperature",2,27.246358515944,0.0129360449540991,0.0534626301499301
"CR-Ec","Temperature",2,27.3217964194215,0.012640300753395,0.0522403660902944
"CR-Ec","Temperature",2,27.397234322899,0.0123186613021521,0.0509110810511313
"CR-Ec","Temperature",2,27.4726722263765,0.0119792381221374,0.0495082986704402
"CR-Ec","Temperature",2,27.548110129854,0.0116234098969555,0.0480377168297533
"CR-Ec","Temperature",2,27.6235480333315,0.0112526064468018,0.0465052447500543
"CR-Ec","Temperature",2,27.6989859368091,0.0108678152539261,0.044914963539479
"CR-Ec","Temperature",2,27.7744238402866,0.0104687505879752,0.0432656923196166
"CR-Ec","Temperature",2,27.8498617437641,0.0100610084180961,0.0415805583468977
"CR-Ec","Temperature",2,27.9252996472416,0.00964622066570991,0.0398663060947424
"CR-Ec","Temperature",2,28.0007375507191,0.0092260177637247,0.0381296738847837
"CR-Ec","Temperature",2,28.0761754541966,0.00880194828436818,0.0363770617213939
"CR-Ec","Temperature",2,28.1516133576741,0.00837634298822277,0.0346181022698451
"CR-Ec","Temperature",2,28.2270512611517,0.0079517040685369,0.0328631366995347
"CR-Ec","Temperature",2,28.3024891646292,0.00752949520073038,0.0311182141497403
"CR-Ec","Temperature",2,28.3779270681067,0.00711113413227292,0.0293891939467776
"CR-Ec","Temperature",2,28.4533649715842,0.00669864542754515,0.0276844432953897
"CR-Ec","Temperature",2,28.5288028750617,0.00629525354759197,0.0260172883836724
"CR-Ec","Temperature",2,28.6042407785392,0.00590066910277244,0.0243865332099578
"CR-Ec","Temperature",2,28.6796786820167,0.00551588536561431,0.0227962828126851
"CR-Ec","Temperature",2,28.7551165854943,0.00514182681567125,0.0212503579197998
"CR-Ec","Temperature",2,28.8305544889718,0.00478077696459283,0.0197581959241988
"CR-Ec","Temperature",2,28.9059923924493,0.00443537185721131,0.0183306911827296
"CR-Ec","Temperature",2,28.9814302959268,0.00410342265041832,0.0169587975526202
"CR-Ec","Temperature",2,29.0568681994043,0.00378534665352139,0.015644239707312
"CR-Ec","Temperature",2,29.1323061028818,0.00348149359498576,0.0143884630193013
"CR-Ec","Temperature",2,29.2077440063593,0.00319412598912272,0.0132008181028033
"CR-Ec","Temperature",2,29.2831819098369,0.00292451350691563,0.0120865523074084
"CR-Ec","Temperature",2,29.3586198133144,0.00266962694180728,0.0110331464009721
"CR-Ec","Temperature",2,29.4340577167919,0.00242938439199062,0.0100402618962646
"CR-Ec","Temperature",2,29.5094956202694,0.00220365474076006,0.00910735690865573
"CR-Ec","Temperature",2,29.5849335237469,0.00199442884759886,0.00824265934587232
"CR-Ec","Temperature",2,29.6603714272244,0.00180157767288784,0.00744563590755412
"CR-Ec","Temperature",2,29.7358093307019,0.00162210441781299,0.00670390129763919
"CR-Ec","Temperature",2,29.8112472341795,0.0014556099370078,0.00601580591138499
"CR-Ec","Temperature",2,29.886685137657,0.00130167042939946,0.00537959824590997
"CR-Ec","Temperature",2,29.9621230411345,0.00116185201478932,0.00480175082693647
"CR-Ec","Temperature",2,30.037560944612,0.00103507495005819,0.00427780124673142
"CR-Ec","Temperature",2,30.1129988480895,0.000918890436137791,0.00379762900560855
"CR-Ec","Temperature",2,30.188436751567,0.000812779106774873,0.00335908764489308
"CR-Ec","Temperature",2,30.2638746550445,0.000716218289523946,0.00296001704193993
"CR-Ec","Temperature",2,30.3393125585221,0.000630313233484452,0.00260498501666909
"CR-Ec","Temperature",2,30.4147504619996,0.000553612191420153,0.00228799172710121
"CR-Ec","Temperature",2,30.4901883654771,0.000484381878421562,0.00200187378053093
"CR-Ec","Temperature",2,30.5656262689546,0.000422131421554086,0.00174460247666804
"CR-Ec","Temperature",2,30.6410641724321,0.000366379962955637,0.00151419050593478
"CR-Ec","Temperature",2,30.7165020759096,0.000317827965261126,0.00131353276974166
"CR-Ec","Temperature",2,30.7919399793871,0.000275106118810031,0.00113697012758625
"CR-Ec","Temperature",2,30.8673778828647,0.000237129457502628,0.000980018585982066
"CR-Ec","Temperature",2,30.9428157863422,0.000203513519657522,0.000841089225537436
"CR-Ec","Temperature",2,31.0182536898197,0.000173888897840925,0.00071865534368776
"CR-Ec","Temperature",2,31.0936915932972,0.000148653825682702,0.000614362777112041
"CR-Ec","Temperature",2,31.1691294967747,0.000126755427820472,0.000523860158271537
"CR-Ec","Temperature",2,31.2445674002522,0.000107587113411657,0.00044464054304352
"CR-Ec","Temperature",2,31.3200053037297,9.08879301996148e-05,0.000375625456976706
"CR-Ec","Temperature",2,31.3954432072073,7.6411204694712e-05,0.000315795437508087
"CR-Ec","Temperature",2,31.4708811106848,6.43594425178019e-05,0.000265987408376672
"CR-Ec","Temperature",2,31.5463190141623,5.40388803265855e-05,0.000223334155289953
"CR-Ec","Temperature",2,31.6217569176398,4.51452449345653e-05,0.000186578165237426
"CR-Ec","Temperature",2,31.6971948211173,3.75219517382564e-05,0.000155072298790233
"CR-Ec","Temperature",2,31.7726327245948,3.10231953940025e-05,0.00012821396549747
"CR-Ec","Temperature",2,31.8480706280723,2.57406214513427e-05,0.000106381921937155
"CR-Ec","Temperature",2,31.9235085315499,2.12735997564524e-05,8.79204269753612e-05
"CR-Ec","Temperature",2,31.9989464350274,1.74850017617685e-05,7.22627499886737e-05
"CR-Ec","Temperature",2,32.0743843385049,1.42909245642552e-05,5.90621335338841e-05
"CR-Ec","Humidity",2,27.2470400176294,0.000102547715264028,0.000755908296208251
"CR-Ec","Humidity",2,27.3823638188491,0.000112362346658474,0.00082825472807352
"CR-Ec","Humidity",2,27.5176876200689,0.00012259084604841,0.000903651898324527
"CR-Ec","Humidity",2,27.6530114212886,0.000133198170391044,0.00098184149475312
"CR-Ec","Humidity",2,27.7883352225083,0.000144180928390632,0.00106279851915646
"CR-Ec","Humidity",2,27.9236590237281,0.000155463910914035,0.00114596858368158
"CR-Ec","Humidity",2,28.0589828249478,0.000166925865733806,0.00123045790376757
"CR-Ec","Humidity",2,28.1943066261676,0.000178501964342693,0.00131578861009927
"CR-Ec","Humidity",2,28.3296304273873,0.000190123727723071,0.00140145592441416
"CR-Ec","Humidity",2,28.4649542286071,0.000201699897460576,0.00148678715505509
"CR-Ec","Humidity",2,28.6002780298268,0.000213086919698158,0.00157072412582362
"CR-Ec","Humidity",2,28.7356018310465,0.000224209903275032,0.00165271479273121
"CR-Ec","Humidity",2,28.8709256322663,0.000234985272125011,0.00173214309288818
"CR-Ec","Humidity",2,29.006249433486,0.00024532919991704,0.00180839111863154
"CR-Ec","Humidity",2,29.1415732347058,0.000255092592442464,0.00188035985425967
"CR-Ec","Humidity",2,29.2768970359255,0.000264061361905054,0.00194647119790195
"CR-Ec","Humidity",2,29.4122208371453,0.000272279509690548,0.00200704949625337
"CR-Ec","Humidity",2,29.547544638365,0.000279676078993977,0.00206157170657805
"CR-Ec","Humidity",2,29.6828684395848,0.000286184333622835,0.00210954589747175
"CR-Ec","Humidity",2,29.8181922408045,0.000291660259391442,0.00214991049952313
"CR-Ec","Humidity",2,29.9535160420242,0.000295849388572041,0.00218078975893276
"CR-Ec","Humidity",2,30.088839843244,0.000298954129750146,0.00220367568679636
"CR-Ec","Humidity",2,30.2241636444637,0.00030094773077095,0.00221837108539276
"CR-Ec","Humidity",2,30.3594874456835,0.00030181060856321,0.00222473160234922
"CR-Ec","Humidity",2,30.4948112469032,0.000301464672479734,0.00222218160935538
"CR-Ec","Humidity",2,30.630135048123,0.000299675379136223,0.00220899222059886
"CR-Ec","Humidity",2,30.7654588493427,0.000296772859393496,0.00218759692429424
"CR-Ec","Humidity",2,30.9007826505624,0.00029278733845708,0.00215821851900465
"CR-Ec","Humidity",2,31.0361064517822,0.000287755731858043,0.00212112911958043
"CR-Ec","Humidity",2,31.1714302530019,0.000281688197180896,0.00207640360045816
"CR-Ec","Humidity",2,31.3067540542217,0.000274438166466421,0.00202296156763738
"CR-Ec","Humidity",2,31.4420778554414,0.000266364946222143,0.00196345157130002
"CR-Ec","Humidity",2,31.5774016566612,0.000257541476555997,0.00189841127367068
"CR-Ec","Humidity",2,31.7127254578809,0.0002480438010762,0.00182840121375479
"CR-Ec","Humidity",2,31.8480492591006,0.000237943867098459,0.00175395173562382
"CR-Ec","Humidity",2,31.9833730603204,0.000227227228262062,0.00167495635105535
"CR-Ec","Humidity",2,32.1186968615401,0.000216163326209786,0.00159340119082367
"CR-Ec","Humidity",2,32.2540206627599,0.000204835754507854,0.00150990244681617
"CR-Ec","Humidity",2,32.3893444639796,0.000193326807384198,0.00142506673312918
"CR-Ec","Humidity",2,32.5246682651994,0.000181717420043423,0.0013394906461126
"CR-Ec","Humidity",2,32.6599920664191,0.000170124670657169,0.00125403720217803
"CR-Ec","Humidity",2,32.7953158676389,0.000158650363062561,0.00116945682628494
"CR-Ec","Humidity",2,32.9306396688586,0.000147358198327178,0.00108621907707083
"CR-Ec","Humidity",2,33.0659634700783,0.000136307907281623,0.00100476424743036
"CR-Ec","Humidity",2,33.2012872712981,0.000125555159720357,0.000925502695208872
"CR-Ec","Humidity",2,33.3366110725178,0.00011527820644933,0.000849748357656718
"CR-Ec","Humidity",2,33.4719348737376,0.000105437260369428,0.000777207952780962
"CR-Ec","Humidity",2,33.6072586749573,9.60525708208439e-05,0.000708030744211774
"CR-Ec","Humidity",2,33.7425824761771,8.71502801984123e-05,0.000642409434956593
"CR-Ec","Humidity",2,33.8779062773968,7.87524030063802e-05,0.000580506300170498
"CR-Ec","Humidity",2,34.0132300786165,7.10260967443838e-05,0.000523553505196454
"CR-Ec","Humidity",2,34.1485538798363,6.38641437969578e-05,0.000470760718579281
"CR-Ec","Humidity",2,34.283877681056,5.72431318277625e-05,0.000421955361347061
"CR-Ec","Humidity",2,34.4192014822758,5.11629057937366e-05,0.000377136290633412
"CR-Ec","Humidity",2,34.5545252834955,4.56209868029065e-05,0.000336285233822475
"CR-Ec","Humidity",2,34.6898490847153,4.07453338910326e-05,0.000300345413261595
"CR-Ec","Humidity",2,34.825172885935,3.64240426068358e-05,0.000268491949499418
"CR-Ec","Humidity",2,34.9604966871548,3.26100298282388e-05,0.000240377779488289
"CR-Ec","Humidity",2,35.0958204883745,2.92932030732345e-05,0.000215928508680666
"CR-Ec","Humidity",2,35.2311442895942,2.64633332244616e-05,0.000195068735351056
"CR-Ec","Humidity",2,35.366468090814,2.42183373582398e-05,0.000178520234042557
"CR-Ec","Humidity",2,35.5017918920337,2.24760998709558e-05,0.000165677707349376
"CR-Ec","Humidity",2,35.6371156932535,2.11866890693059e-05,0.000156173094597369
"CR-Ec","Humidity",2,35.7724394944732,2.03446730300198e-05,0.00014996635553938
"CR-Ec","Humidity",2,35.907763295693,1.99458479534085e-05,0.000147026502775521
"CR-Ec","Humidity",2,36.0430870969127,2.00816082071632e-05,0.000148027230113466
"CR-Ec","Humidity",2,36.1784108981324,2.07086161841098e-05,0.000152649083758302
"CR-Ec","Humidity",2,36.3137346993522,2.1781089756956e-05,0.000160554590663954
"CR-Ec","Humidity",2,36.4490585005719,2.33041129899461e-05,0.000171781226910027
"CR-Ec","Humidity",2,36.5843823017917,2.52839795204687e-05,0.000186375384682862
"CR-Ec","Humidity",2,36.7197061030114,2.7820779131307e-05,0.000205074854161177
"CR-Ec","Humidity",2,36.8550299042312,3.09033577418425e-05,0.000227797415452948
"CR-Ec","Humidity",2,36.9903537054509,3.4479802095526e-05,0.00025416040121929
"CR-Ec","Humidity",2,37.1256775066706,3.85606550767314e-05,0.000284241526051346
"CR-Ec","Humidity",2,37.2610013078904,4.31563023885539e-05,0.000318117345912467
"CR-Ec","Humidity",2,37.3963251091101,4.83691076525106e-05,0.000356542412091637
"CR-Ec","Humidity",2,37.5316489103299,5.42044562238616e-05,0.000399556421569999
"CR-Ec","Humidity",2,37.6669727115496,6.0585070421222e-05,0.000446589738638748
"CR-Ec","Humidity",2,37.8022965127694,6.75132922367157e-05,0.000497659626786122
"CR-Ec","Humidity",2,37.9376203139891,7.49892462327512e-05,0.000552767004196966
"CR-Ec","Humidity",2,38.0729441152089,8.30901486970558e-05,0.000612481054030017
"CR-Ec","Humidity",2,38.2082679164286,9.18148157764559e-05,0.000676793049767742
"CR-Ec","Humidity",2,38.3435917176483,0.000101050226040001,0.000744869878384803
"CR-Ec","Humidity",2,38.4789155188681,0.000110775644213214,0.000816558694291608
"CR-Ec","Humidity",2,38.6142393200878,0.000120966714475081,0.000891679963823092
"CR-Ec","Humidity",2,38.7495631213076,0.000131643733969913,0.000970383302987117
"CR-Ec","Humidity",2,38.8848869225273,0.000142771743485231,0.00105241101751255
"CR-Ec","Humidity",2,39.0202107237471,0.000154220362082955,0.00113680203252309
"CR-Ec","Humidity",2,39.1555345249668,0.00016594155169429,0.00122320224578798
"CR-Ec","Humidity",2,39.2908583261865,0.000177884564530971,0.0013112375809656
"CR-Ec","Humidity",2,39.4261821274063,0.000190003858819878,0.00140057233672868
"CR-Ec","Humidity",2,39.561505928626,0.000202213571071563,0.00149057358894188
"CR-Ec","Humidity",2,39.6968297298458,0.000214419643209661,0.00158054800884532
"CR-Ec","Humidity",2,39.8321535310655,0.000226564090450715,0.00167006817415316
"CR-Ec","Humidity",2,39.9674773322853,0.000238590285292466,0.00175871666748419
"CR-Ec","Humidity",2,40.102801133505,0.000250421461089467,0.00184592762012049
"CR-Ec","Humidity",2,40.2381249347248,0.00026194106486257,0.00193084188699324
"CR-Ec","Humidity",2,40.3734487359445,0.000273156474111637,0.00201351384974651
"CR-Ec","Humidity",2,40.5087725371642,0.000284039201557018,0.00209373352056176
"CR-Ec","Humidity",2,40.644096338384,0.000294568150931634,0.00217134539287054
"CR-Ec","Humidity",2,40.7794201396037,0.000304706636862905,0.00224607904838599
"CR-Ec","Humidity",2,40.9147439408235,0.00031439333140066,0.00231748242139213
"CR-Ec","Humidity",2,41.0500677420432,0.00032375819001163,0.00238651345049524
"CR-Ec","Humidity",2,41.185391543263,0.000332847374598295,0.00245351240817206
"CR-Ec","Humidity",2,41.3207153444827,0.000341719094433508,0.00251890837148345
"CR-Ec","Humidity",2,41.4560391457024,0.000350443779182968,0.00258322049747219
"CR-Ec","Humidity",2,41.5913629469222,0.000359170996576964,0.00264755129230218
"CR-Ec","Humidity",2,41.7266867481419,0.000368071587448216,0.0027131600722093
"CR-Ec","Humidity",2,41.8620105493617,0.000377288317067414,0.00278109920049823
"CR-Ec","Humidity",2,41.9973343505814,0.000386975349061527,0.00285250506099089
"CR-Ec","Humidity",2,42.1326581518012,0.000397318290292628,0.00292874581451382
"CR-Ec","Humidity",2,42.2679819530209,0.000408857488444061,0.00301380451710706
"CR-Ec","Humidity",2,42.4033057542406,0.00042160604185305,0.00310777772032956
"CR-Ec","Humidity",2,42.5386295554604,0.000435776405610404,0.00321223149091716
"CR-Ec","Humidity",2,42.6739533566801,0.000451584541172059,0.00332875774201768
"CR-Ec","Humidity",2,42.8092771578999,0.000469251027162872,0.0034589824212406
"CR-Ec","Humidity",2,42.9446009591196,0.00048981265987282,0.00361054804811995
"CR-Ec","Humidity",2,43.0799247603394,0.000512876733230912,0.00378055987481788
"CR-Ec","Humidity",2,43.2152485615591,0.000538646110524552,0.00397051326416674
"CR-Ec","Humidity",2,43.3505723627788,0.000567314143622293,0.00418183346763262
"CR-Ec","Humidity",2,43.4858961639986,0.000599064468495049,0.00441587411804428
"CR-Ec","Humidity",2,43.6212199652183,0.000635141389513413,0.00468180733585628
"CR-Ec","Humidity",2,43.7565437664381,0.000674795692994136,0.00497411045449975
"CR-Ec","Humidity",2,43.8918675676578,0.00071804952730544,0.00529294673587911
"CR-Ec","Humidity",2,44.0271913688776,0.000764972315940305,0.00563882792025263
"CR-Ec","Humidity",2,44.1625151700973,0.000815612008386489,0.00601210745689515
"CR-Ec","Humidity",2,44.2978389713171,0.00087103583464954,0.00642065220089045
"CR-Ec","Humidity",2,44.4331627725368,0.000930277792843764,0.00685734147833889
"CR-Ec","Humidity",2,44.5684865737565,0.000993089001825729,0.00732034071573869
"CR-Ec","Humidity",2,44.7038103749763,0.00105935263919378,0.00780878878203135
"CR-Ec","Humidity",2,44.839134176196,0.00112892756404443,0.00832164528758357
"CR-Ec","Humidity",2,44.9744579774158,0.00120236434488403,0.0088629686290208
"CR-Ec","Humidity",2,45.1097817786355,0.00127869924812022,0.00942565485267706
"CR-Ec","Humidity",2,45.2451055798553,0.00135747480686899,0.0100063318403927
"CR-Ec","Humidity",2,45.380429381075,0.00143841237355808,0.010602945601876
"CR-Ec","Humidity",2,45.5157531822947,0.00152121883555402,0.0112133355207662
"CR-Ec","Humidity",2,45.6510769835145,0.00160581851342106,0.0118369437424763
"CR-Ec","Humidity",2,45.7864007847342,0.00169145951932549,0.0124682278885161
"CR-Ec","Humidity",2,45.921724585954,0.00177768823856094,0.0131038442362199
"CR-Ec","Humidity",2,46.0570483871737,0.0018641768521726,0.0137413763390881
"CR-Ec","Humidity",2,46.1923721883935,0.00195060137831793,0.0143784360350639
"CR-Ec","Humidity",2,46.3276959896132,0.00203644181790588,0.015011190263353
"CR-Ec","Humidity",2,46.463019790833,0.002121276598732,0.01563653149566
"CR-Ec","Humidity",2,46.5983435920527,0.00220490062727965,0.0162529479295003
"CR-Ec","Humidity",2,46.7336673932724,0.00228707762651334,0.0168586978998269
"CR-Ec","Humidity",2,46.8689911944922,0.00236759073513124,0.0174521828604727
"CR-Ec","Humidity",2,47.0043149957119,0.00244582314223519,0.0180288561233529
"CR-Ec","Humidity",2,47.1396387969317,0.0025216763345997,0.0185879915195398
"CR-Ec","Humidity",2,47.2749625981514,0.00259530460413949,0.0191307263785007
"CR-Ec","Humidity",2,47.4102863993712,0.00266664244007532,0.0196565778017001
"CR-Ec","Humidity",2,47.5456102005909,0.00273564608797329,0.0201652232627951
"CR-Ec","Humidity",2,47.6809340018106,0.00280188265941155,0.0206534718184422
"CR-Ec","Humidity",2,47.8162578030304,0.00286546124046031,0.0211221275730065
"CR-Ec","Humidity",2,47.9515816042501,0.00292679100509232,0.0215742066639007
"CR-Ec","Humidity",2,48.0869054054699,0.00298594219568342,0.0220102268676008
"CR-Ec","Humidity",2,48.2222292066896,0.00304299466237408,0.0224307767821413
"CR-Ec","Humidity",2,48.3575530079094,0.0030977493785273,0.0228343893257283
"CR-Ec","Humidity",2,48.4928768091291,0.00315034756209298,0.023222105455926
"CR-Ec","Humidity",2,48.6282006103488,0.00320122026628228,0.0235971025882193
"CR-Ec","Humidity",2,48.7635244115686,0.00325045363499266,0.0239600157137106
"CR-Ec","Humidity",2,48.8988482127883,0.00329812632242299,0.0243114246148094
"CR-Ec","Humidity",2,49.0341720140081,0.00334411729760987,0.024650437137955
"CR-Ec","Humidity",2,49.1694958152278,0.00338841780921998,0.0249769887745871
"CR-Ec","Humidity",2,49.3048196164476,0.00343131628392754,0.0252932055995318
"CR-Ec","Humidity",2,49.4401434176673,0.00347280072343813,0.0255989991699577
"CR-Ec","Humidity",2,49.5754672188871,0.00351284231817112,0.0258941571222743
"CR-Ec","Humidity",2,49.7107910201068,0.00355120982612967,0.0261769749061326
"CR-Ec","Humidity",2,49.8461148213265,0.0035876033626656,0.0264452419867305
"CR-Ec","Humidity",2,49.9814386225463,0.0036222175816024,0.0267003932126133
"CR-Ec","Humidity",2,50.116762423766,0.00365491506787192,0.0269414156583367
"CR-Ec","Humidity",2,50.2520862249858,0.00368554624281584,0.0271672067371833
"CR-Ec","Humidity",2,50.3874100262055,0.00371371634528626,0.0273748565527604
"CR-Ec","Humidity",2,50.5227338274253,0.0037387785687138,0.0275595973103826
"CR-Ec","Humidity",2,50.658057628645,0.0037610687473765,0.0277239045397705
"CR-Ec","Humidity",2,50.7933814298647,0.00378039874976014,0.0278663914701707
"CR-Ec","Humidity",2,50.9287052310845,0.00379658341265467,0.0279856932110414
"CR-Ec","Humidity",2,51.0640290323042,0.00380918535933003,0.0280785857344463
"CR-Ec","Humidity",2,51.199352833524,0.0038172847192678,0.0281382884138787
"CR-Ec","Humidity",2,51.3346766347437,0.00382160492367637,0.0281701338659723
"CR-Ec","Humidity",2,51.4700004359635,0.00382203634137546,0.0281733139682012
"CR-Ec","Humidity",2,51.6053242371832,0.00381848927310048,0.0281471675218432
"CR-Ec","Humidity",2,51.740648038403,0.00381069076385517,0.0280896824981993
"CR-Ec","Humidity",2,51.8759718396227,0.00379768737553398,0.0279938308345567
"CR-Ec","Humidity",2,52.0112956408424,0.00378065270319082,0.0278682634329405
"CR-Ec","Humidity",2,52.1466194420622,0.00375967257465744,0.027713612954643
"CR-Ec","Humidity",2,52.2819432432819,0.00373486364474451,0.0275307392953621
"CR-Ec","Humidity",2,52.4172670445017,0.00370627756859509,0.0273200232198088
"CR-Ec","Humidity",2,52.5525908457214,0.00367333566767324,0.0270771991243564
"CR-Ec","Humidity",2,52.6879146469412,0.00363743394214049,0.026812557322162
"CR-Ec","Humidity",2,52.8232384481609,0.00359890692532497,0.0265285637532752
"CR-Ec","Humidity",2,52.9585622493806,0.00355811988852387,0.0262279109360348
"CR-Ec","Humidity",2,53.0938860506004,0.00351546011069064,0.0259134536134556
"CR-Ec","Humidity",2,53.2292098518201,0.00347123278508721,0.0255874414516375
"CR-Ec","Humidity",2,53.3645336530399,0.00342655600735476,0.0252581162506921
"CR-Ec","Humidity",2,53.4998574542596,0.00338197344932852,0.0249294855699261
"CR-Ec","Humidity",2,53.6351812554794,0.00333804634683665,0.0246056864378196
"CR-Ec","Humidity",2,53.7705050566991,0.00329535319728735,0.0242909831228556
"CR-Ec","Humidity",2,53.9058288579188,0.0032554349882322,0.0239967346813679
"CR-Ec","Humidity",2,54.0411526591386,0.00321858578068358,0.0237251087204873
"CR-Ec","Humidity",2,54.1764764603583,0.00318539073592644,0.0234804186300224
"CR-Ec","Humidity",2,54.3118002615781,0.00315645785875454,0.0232671461857645
"CR-Ec","Humidity",2,54.4471240627978,0.00313238794600035,0.0230897200315781
"CR-Ec","Humidity",2,54.5824478640176,0.0031156607141716,0.0229664188611971
"CR-Ec","Humidity",2,54.7177716652373,0.00310564706839774,0.022892605437892
"CR-Ec","Humidity",2,54.853095466457,0.0031026278110755,0.022870349635777
"CR-Ec","Humidity",2,54.9884192676768,0.00310705060205249,0.0229029512825645
"CR-Ec","Humidity",2,55.1237430688965,0.00311932884653386,0.0229934577052814
"CR-Ec","Humidity",2,55.2590668701163,0.00314219238945575,0.0231619913652549
"CR-Ec","Humidity",2,55.394390671336,0.00317427194345559,0.0233984588569461
"CR-Ec","Humidity",2,55.5297144725558,0.00321525513475869,0.0237005575846587
"CR-Ec","Humidity",2,55.6650382737755,0.00326525130889804,0.0240690935653317
"CR-Ec","Humidity",2,55.8003620749953,0.00332431972880634,0.0245045036428516
"CR-Ec","Humidity",2,55.935685876215,0.00339466555762153,0.0250230427001884
"CR-Ec","Humidity",2,56.0710096774347,0.00347454872338171,0.0256118841733507
"CR-Ec","Humidity",2,56.2063334786545,0.00356303596429218,0.0262641487249362
"CR-Ec","Humidity",2,56.3416572798742,0.00365985439644017,0.026977824850222
"CR-Ec","Humidity",2,56.476981081094,0.00376468833390839,0.0277505855387694
"CR-Ec","Humidity",2,56.6123048823137,0.00387873383064868,0.0285912472435107
"CR-Ec","Humidity",2,56.7476286835335,0.00400030920071839,0.029487413780363
"CR-Ec","Humidity",2,56.8829524847532,0.00412817300389967,0.0304299341413541
"CR-Ec","Humidity",2,57.0182762859729,0.00426181591418862,0.0314150539400423
"CR-Ec","Humidity",2,57.1536000871927,0.00440071670561488,0.0324389310719577
"CR-Ec","Humidity",2,57.2889238884124,0.00454512276049912,0.0335033890623542
"CR-Ec","Humidity",2,57.4242476896322,0.00469377812226771,0.0345991698990837
"CR-Ec","Humidity",2,57.5595714908519,0.00484564481264461,0.0357186223498577
"CR-Ec","Humidity",2,57.6948952920717,0.00500026304306024,0.0368583571827137
"CR-Ec","Humidity",2,57.8302190932914,0.00515720128828813,0.0380151935028081
"CR-Ec","Humidity",2,57.9655428945112,0.00531631420692529,0.0391880599574343
"CR-Ec","Humidity",2,58.1008666957309,0.00547701731583168,0.0403726481555823
"CR-Ec","Humidity",2,58.2361904969506,0.00563886604516335,0.0415656810468327
"CR-Ec","Humidity",2,58.3715142981704,0.00580173263906156,0.0427662169065139
"CR-Ec","Humidity",2,58.5068380993901,0.00596554531290827,0.0439737265898448
"CR-Ec","Humidity",2,58.6421619006099,0.00613047769007976,0.0451894899239794
"CR-Ec","Humidity",2,58.7774857018296,0.00629675322337401,0.0464151540428724
"CR-Ec","Humidity",2,58.9128095030494,0.00646448873755161,0.0476515800949707
"CR-Ec","Humidity",2,59.0481333042691,0.00663401555474138,0.0489012103496633
"CR-Ec","Humidity",2,59.1834571054888,0.0068057214637156,0.0501669033079844
"CR-Ec","Humidity",2,59.3187809067086,0.0069805582643958,0.0514556749571274
"CR-Ec","Humidity",2,59.4541047079283,0.00715963052920603,0.052775667413735
"CR-Ec","Humidity",2,59.5894285091481,0.00734310242005749,0.0541280907618179
"CR-Ec","Humidity",2,59.7247523103678,0.00753167632241882,0.0555181224838927
"CR-Ec","Humidity",2,59.8600761115876,0.0077260862509725,0.0569511732103825
"CR-Ec","Humidity",2,59.9953999128073,0.00792805550950266,0.058439945902284
"CR-Ec","Humidity",2,60.130723714027,0.00813960916579127,0.0599993679086156
"CR-Ec","Humidity",2,60.2660475152468,0.00836019731259721,0.0616253857071252
"CR-Ec","Humidity",2,60.4013713164665,0.00859065466551562,0.0633241522232266
"CR-Ec","Humidity",2,60.5366951176863,0.00883181230481666,0.0651017935853213
"CR-Ec","Humidity",2,60.672018918906,0.0090857691231885,0.0669737813267514
"CR-Ec","Humidity",2,60.8073427201258,0.00935545853262124,0.0689617384593393
"CR-Ec","Humidity",2,60.9426665213455,0.00963897166255769,0.071051594156769
"CR-Ec","Humidity",2,61.0779903225653,0.00993700818956804,0.0732485059334983
"CR-Ec","Humidity",2,61.213314123785,0.0102502328553361,0.0755573737890278
"CR-Ec","Humidity",2,61.3486379250047,0.0105805740945943,0.0779924127627593
"CR-Ec","Humidity",2,61.4839617262245,0.0109317309393402,0.0805808894687523
"CR-Ec","Humidity",2,61.6192855274442,0.0113001662547383,0.0832967306828491
"CR-Ec","Humidity",2,61.754609328664,0.0116862278279509,0.0861425000428711
"CR-Ec","Humidity",2,61.8899331298837,0.0120902050816627,0.0891203309655191
"CR-Ec","Humidity",2,62.0252569311035,0.0125133644515225,0.0922395587071784
"CR-Ec","Humidity",2,62.1605807323232,0.0129597529102224,0.0955300146514581
"CR-Ec","Humidity",2,62.2959045335429,0.0134243838485579,0.0989549410874944
"CR-Ec","Humidity",2,62.4312283347627,0.0139070888533898,0.102513096594267
"CR-Ec","Humidity",2,62.5665521359824,0.0144076228864843,0.106202674925452
"CR-Ec","Humidity",2,62.7018759372022,0.0149262557291774,0.110025664715799
"CR-Ec","Humidity",2,62.8371997384219,0.0154665233094846,0.114008130293654
"CR-Ec","Humidity",2,62.9725235396417,0.0160226209099733,0.118107283440348
"CR-Ec","Humidity",2,63.1078473408614,0.016593742392902,0.122317181885936
"CR-Ec","Humidity",2,63.2431711420812,0.0171789952906756,0.126631246998629
"CR-Ec","Humidity",2,63.3784949433009,0.0177775607104,0.131043442486633
"CR-Ec","Humidity",2,63.5138187445206,0.0183911165636823,0.135566136712332
"CR-Ec","Humidity",2,63.6491425457404,0.0190141779761649,0.140158899111087
"CR-Ec","Humidity",2,63.7844663469601,0.0196452835850716,0.144810957563367
"CR-Ec","Humidity",2,63.9197901481799,0.0202828987200056,0.149510999578381
"CR-Ec","Humidity",2,64.0551139493996,0.0209254158355951,0.154247175483221
"CR-Ec","Humidity",2,64.1904377506194,0.0215710339449428,0.15900620969263
"CR-Ec","Humidity",2,64.3257615518391,0.022216276107195,0.163762472689362
"CR-Ec","Humidity",2,64.4610853530588,0.0228592094823588,0.168501716961594
"CR-Ec","Humidity",2,64.5964091542786,0.0234978926686954,0.173209631886442
"CR-Ec","Humidity",2,64.7317329554983,0.0241303595984738,0.177871725020999
"CR-Ec","Humidity",2,64.8670567567181,0.0247510487374391,0.182447000718777
"CR-Ec","Humidity",2,65.0023805579378,0.0253593977885503,0.186931314128797
"CR-Ec","Humidity",2,65.1377043591576,0.0259537522720167,0.191312469611238
"CR-Ec","Humidity",2,65.2730281603773,0.0265322449386047,0.195576703142367
"CR-Ec","Humidity",2,65.408351961597,0.0270930563891474,0.199710603414863
"CR-Ec","Humidity",2,65.5436757628168,0.0276282309362001,0.203655526799992
"CR-Ec","Humidity",2,65.6789995640365,0.0281399023640379,0.20742720202688
"CR-Ec","Humidity",2,65.8143233652563,0.0286277232354655,0.211023068037412
"CR-Ec","Humidity",2,65.949647166476,0.0290904550768931,0.214433995691473
"CR-Ec","Humidity",2,66.0849709676958,0.0295269709161893,0.217651677757824
"CR-Ec","Humidity",2,66.2202947689155,0.0299289951360114,0.220615112313707
"CR-Ec","Humidity",2,66.3556185701352,0.030300513607025,0.223353680342362
"CR-Ec","Humidity",2,66.490942371355,0.0306430969164339,0.225878959087558
"CR-Ec","Humidity",2,66.6262661725747,0.0309564938544184,0.22818909681046
"CR-Ec","Humidity",2,66.7615899737945,0.0312405874479772,0.230283231269894
"CR-Ec","Humidity",2,66.8969137750142,0.0314887047972656,0.232112174628383
"CR-Ec","Humidity",2,67.032237576234,0.0317055432166743,0.233710552122661
"CR-Ec","Humidity",2,67.1675613774537,0.0318944285230524,0.235102879292072
"CR-Ec","Humidity",2,67.3028851786734,0.0320561018794174,0.236294619459441
"CR-Ec","Humidity",2,67.4382089798932,0.0321914161446639,0.237292059289591
"CR-Ec","Humidity",2,67.5735327811129,0.0322964020780255,0.238065940382981
"CR-Ec","Humidity",2,67.7088565823327,0.0323755197083974,0.238649138877657
"CR-Ec","Humidity",2,67.8441803835524,0.0324330101585826,0.239072917292767
"CR-Ec","Humidity",2,67.9795041847722,0.0324703364628483,0.239348060068875
"CR-Ec","Humidity",2,68.1148279859919,0.0324890296931367,0.239485853171545
"CR-Ec","Humidity",2,68.2501517872117,0.0324880151645774,0.239478374793769
"CR-Ec","Humidity",2,68.3854755884314,0.0324711272833961,0.239353889431444
"CR-Ec","Humidity",2,68.5207993896512,0.0324424247765557,0.239142315112243
"CR-Ec","Humidity",2,68.6561231908709,0.032403761243288,0.238857315241864
"CR-Ec","Humidity",2,68.7914469920906,0.0323570203359814,0.238512774756351
"CR-Ec","Humidity",2,68.9267707933104,0.0323036456328805,0.238119334680405
"CR-Ec","Humidity",2,69.0620945945301,0.0322470752417398,0.23770233828148
"CR-Ec","Humidity",2,69.1974183957499,0.0321901847090012,0.237282982028032
"CR-Ec","Humidity",2,69.3327421969696,0.0321349661291765,0.23687595021375
"CR-Ec","Humidity",2,69.4680659981894,0.0320834146672485,0.23649594976564
"CR-Ec","Humidity",2,69.6033897994091,0.0320388716748313,0.236167610734201
"CR-Ec","Humidity",2,69.7387136006288,0.0320049804809959,0.235917789131422
"CR-Ec","Humidity",2,69.8740374018486,0.0319826057464207,0.235752858616419
"CR-Ec","Humidity",2,70.0093612030683,0.0319736710182838,0.235686998201044
"CR-Ec","Humidity",2,70.1446850042881,0.0319800733994329,0.235734191968488
"CR-Ec","Humidity",2,70.2800088055078,0.0320062512627289,0.235927156424025
"CR-Ec","Humidity",2,70.4153326067276,0.0320566298696116,0.236298511424923
"CR-Ec","Humidity",2,70.5506564079473,0.0321293718228518,0.236834712995042
"CR-Ec","Humidity",2,70.685980209167,0.0322260641474142,0.237547459545545
"CR-Ec","Humidity",2,70.8213040103868,0.0323482261749489,0.238447950500973
"CR-Ec","Humidity",2,70.9566278116065,0.0325003803957451,0.239569522420025
"CR-Ec","Humidity",2,71.0919516128263,0.0326879202364293,0.240951931780172
"CR-Ec","Humidity",2,71.227275414046,0.0329058958274752,0.24255869168914
"CR-Ec","Humidity",2,71.3625992152658,0.0331552225060292,0.244396549356664
"CR-Ec","Humidity",2,71.4979230164855,0.0334367064388733,0.246471447266757
"CR-Ec","Humidity",2,71.6332468177052,0.033753883418984,0.248809448752355
"CR-Ec","Humidity",2,71.768570618925,0.0341127250020791,0.251454571844446
"CR-Ec","Humidity",2,71.9038944201447,0.0345053917161299,0.254349029571092
"CR-Ec","Humidity",2,72.0392182213645,0.0349318667572178,0.257492698065841
"CR-Ec","Humidity",2,72.1745420225842,0.0353920066957446,0.260884520068444
"CR-Ec","Humidity",2,72.309865823804,0.0358876021775804,0.264537694937513
"CR-Ec","Humidity",2,72.4451896250237,0.0364243057477518,0.268493889185748
"CR-Ec","Humidity",2,72.5805134262435,0.0369924921173389,0.272682152078369
"CR-Ec","Humidity",2,72.7158372274632,0.0375911940060793,0.277095353518198
"CR-Ec","Humidity",2,72.851161028683,0.038219337611755,0.28172557820451
"CR-Ec","Humidity",2,72.9864848299027,0.0388768411603723,0.286572223358004
"CR-Ec","Humidity",2,73.1218086311224,0.0395679072779522,0.291666267727126
"CR-Ec","Humidity",2,73.2571324323422,0.0402829224018259,0.29693684701462
"CR-Ec","Humidity",2,73.3924562335619,0.0410202189983646,0.302371669357125
"CR-Ec","Humidity",2,73.5277800347817,0.0417780684922297,0.307957992935519
"CR-Ec","Humidity",2,73.6631038360014,0.042555011660985,0.313685061407326
"CR-Ec","Humidity",2,73.7984276372212,0.0433527244741134,0.319565228818982
"CR-Ec","Humidity",2,73.9337514384409,0.0441635036248363,0.32554171191123
"CR-Ec","Humidity",2,74.0690752396606,0.0449853423767156,0.331599718460587
"CR-Ec","Humidity",2,74.2043990408804,0.0458162148819782,0.337724315368497
"CR-Ec","Humidity",2,74.3397228421001,0.0466540766951007,0.343900432447114
"CR-Ec","Humidity",2,74.4750466433199,0.047497138908449,0.350114883150857
"CR-Ec","Humidity",2,74.6103704445396,0.0483410374293193,0.356335498514556
"CR-Ec","Humidity",2,74.7456942457594,0.049183684340907,0.362546887911224
"CR-Ec","Humidity",2,74.8810180469791,0.0500229933731635,0.368733672852572
"CR-Ec","Humidity",2,75.0163418481988,0.0508568776939483,0.374880470706978
"CR-Ec","Humidity",2,75.1516656494186,0.0516797368154513,0.380945998690252
"CR-Ec","Humidity",2,75.2869894506383,0.052490798132498,0.386924561710508
"CR-Ec","Humidity",2,75.4223132518581,0.0532881657025136,0.392802184237254
"CR-Ec","Humidity",2,75.5576370530778,0.0540697604985933,0.398563541173473
"CR-Ec","Humidity",2,75.6929608542976,0.0548335054912176,0.404193322145442
"CR-Ec","Humidity",2,75.8282846555173,0.0555705738263236,0.40962646190818
"CR-Ec","Humidity",2,75.963608456737,0.0562827611437149,0.414876196632004
"CR-Ec","Humidity",2,76.0989322579568,0.0569689224811631,0.419934086475566
"CR-Ec","Humidity",2,76.2342560591765,0.0576270300156561,0.424785183780266
"CR-Ec","Humidity",2,76.3695798603963,0.058255071595317,0.429414656403884
"CR-Ec","Humidity",2,76.504903661616,0.0588417184831826,0.433738997012942
"CR-Ec","Humidity",2,76.6402274628358,0.0593904161981318,0.437783603504396
"CR-Ec","Humidity",2,76.7755512640555,0.0599014520751834,0.441550593906169
"CR-Ec","Humidity",2,76.9108750652752,0.0603730529287921,0.445026897564655
"CR-Ec","Humidity",2,77.046198866495,0.0608035016029147,0.448199856835599
"CR-Ec","Humidity",2,77.1815226677147,0.0611801999330909,0.450976607075376
"CR-Ec","Humidity",2,77.3168464689345,0.0615075072372763,0.45338928205313
"CR-Ec","Humidity",2,77.4521702701542,0.061787887499598,0.455456044494753
"CR-Ec","Humidity",2,77.587494071374,0.0620201939582876,0.457168441293981
"CR-Ec","Humidity",2,77.7228178725937,0.0622033866446892,0.458518806546869
"CR-Ec","Humidity",2,77.8581416738135,0.0623253227006194,0.459417631801505
"CR-Ec","Humidity",2,77.9934654750332,0.0623906190797473,0.459898949932953
"CR-Ec","Humidity",2,78.1287892762529,0.0624043276916978,0.46
"CR-Ec","Humidity",2,78.2641130774727,0.0623662515024708,0.459719329609142
"CR-Ec","Humidity",2,78.3994368786924,0.0622763242131329,0.459056450052138
"CR-Ec","Humidity",2,78.5347606799122,0.062124501857444,0.457937324404924
"CR-Ec","Humidity",2,78.6700844811319,0.0619150160523917,0.456393145116589
"CR-Ec","Humidity",2,78.8054082823517,0.0616551605905816,0.454477676801262
"CR-Ec","Humidity",2,78.9407320835714,0.0613457007254809,0.452196560359313
"CR-Ec","Humidity",2,79.0760558847911,0.0609875055641748,0.449556202225582
"CR-Ec","Humidity",2,79.2113796860109,0.0605734779857617,0.446504287508851
"CR-Ec","Humidity",2,79.3467034872306,0.0601068938037721,0.443064963159816
"CR-Ec","Humidity",2,79.4820272884504,0.0595961840444488,0.439300376664319
"CR-Ec","Humidity",2,79.6173510896701,0.0590427166497454,0.435220611510509
"CR-Ec","Humidity",2,79.7526748908899,0.0584478988863748,0.430836041060487
"CR-Ec","Humidity",2,79.8879986921096,0.0578073744720271,0.426114553921717
"CR-Ec","Humidity",2,80.0233224933293,0.0571230885332623,0.421070488173794
"CR-Ec","Humidity",2,80.1586462945491,0.0564032792788471,0.415764569990255
"CR-Ec","Humidity",2,80.2939700957688,0.0556493971612956,0.410207491067988
"CR-Ec","Humidity",2,80.4292938969886,0.0548628705660417,0.404409780441183
"CR-Ec","Humidity",2,80.5646176982083,0.0540412176250844,0.398353143556837
"CR-Ec","Humidity",2,80.6999414994281,0.0531849685755685,0.392041488943343
"CR-Ec","Humidity",2,80.8352653006478,0.0523012974750296,0.385527698613671
"CR-Ec","Humidity",2,80.9705891018676,0.0513913757976865,0.378820407836568
"CR-Ec","Humidity",2,81.1059129030873,0.050456330868876,0.371927926446851
"CR-Ec","Humidity",2,81.241236704307,0.04949472116329,0.364839628552594
"CR-Ec","Humidity",2,81.3765605055268,0.0485059194306159,0.357550890513828
"CR-Ec","Humidity",2,81.5118843067465,0.0474959261287195,0.350105943407473
"CR-Ec","Humidity",2,81.6472081079663,0.0464656201768884,0.342511265996897
"CR-Ec","Humidity",2,81.782531909186,0.0454158603514801,0.334773188566219
"CR-Ec","Humidity",2,81.9178557104058,0.0443459075630384,0.326886263077417
"CR-Ec","Humidity",2,82.0531795116255,0.0432546198955226,0.31884207214346
"CR-Ec","Humidity",2,82.1885033128453,0.0421471860063375,0.310678862829806
"CR-Ec","Humidity",2,82.323827114065,0.041024474695426,0.302403039307265
"CR-Ec","Humidity",2,82.4591509152847,0.0398873816230511,0.294021203741684
"CR-Ec","Humidity",2,82.5944747165045,0.0387360000452109,0.285534043549476
"CR-Ec","Humidity",2,82.7297985177242,0.0375697279593862,0.276937121199318
"CR-Ec","Humidity",2,82.865122318944,0.0363931304197894,0.268264087000657
"CR-Ec","Humidity",2,83.0004461201637,0.0352074140574013,0.259523835372706
"CR-Ec","Humidity",2,83.1357699213835,0.0340138467832723,0.250725712447453
"CR-Ec","Humidity",2,83.2710937226032,0.0328135517543778,0.241877997333539
"CR-Ec","Humidity",2,83.4064175238229,0.0316078381821686,0.232990340599917
"CR-Ec","Humidity",2,83.5417413250427,0.0304001271463541,0.224087959995494
"CR-Ec","Humidity",2,83.6770651262624,0.0291921182428459,0.215183383723812
"CR-Ec","Humidity",2,83.8123889274822,0.0279855671241228,0.206289553197272
"CR-Ec","Humidity",2,83.9477127287019,0.026782454731274,0.197421070494524
"CR-Ec","Humidity",2,84.0830365299217,0.0255873620122041,0.188611703081929
"CR-Ec","Humidity",2,84.2183603311414,0.0244012926384408,0.179868849307002
"CR-Ec","Humidity",2,84.3536841323611,0.023226260603171,0.171207354884781
"CR-Ec","Humidity",2,84.4890079335809,0.0220642877552397,0.162642123436586
"CR-Ec","Humidity",2,84.6243317348006,0.0209175138038225,0.154188927365665
"CR-Ec","Humidity",2,84.7596555360204,0.0197946195368408,0.145911755222037
"CR-Ec","Humidity",2,84.8949793372401,0.0186927028768753,0.137789214969887
"CR-Ec","Humidity",2,85.0303031384599,0.017613637700757,0.129835119486851
"CR-Ec","Humidity",2,85.1656269396796,0.0165592377309499,0.122062838235662
"CR-Ec","Humidity",2,85.3009507408994,0.0155312555629074,0.114485290094518
"CR-Ec","Humidity",2,85.4362745421191,0.0145409913356979,0.107185771593705
"CR-Ec","Humidity",2,85.5715983433388,0.0135820932502402,0.100117461820548
"CR-Ec","Humidity",2,85.7069221445586,0.0126553568732802,0.0932862251231877
"CR-Ec","Humidity",2,85.8422459457783,0.01176190230663,0.0867003180897914
"CR-Ec","Humidity",2,85.9775697469981,0.0109027374562744,0.08036717028126
"CR-Ec","Humidity",2,86.1128935482178,0.0100892569515729,0.0743707747426138
"CR-Ec","Humidity",2,86.2482173494376,0.00931334087324933,0.0686512772457069
"CR-Ec","Humidity",2,86.3835411506573,0.00857399879517427,0.0632013770786105
"CR-Ec","Humidity",2,86.518864951877,0.00787141057950227,0.0580224000562826
"CR-Ec","Humidity",2,86.6541887530968,0.00720563508078831,0.0531147800123418
"CR-Ec","Humidity",2,86.7895125543165,0.00658629050116633,0.0485494154428584
"CR-Ec","Humidity",2,86.9248363555363,0.00600509426496587,0.0442652531332663
"CR-Ec","Humidity",2,87.060160156756,0.00545935432567882,0.0402424492451725
"CR-Ec","Humidity",2,87.1954839579758,0.00494840411976156,0.0364760903496305
"CR-Ec","Humidity",2,87.3308077591955,0.00447148878687763,0.0329606121569892
"CR-Ec","Humidity",2,87.4661315604152,0.00403550283143071,0.0297468360147896
"CR-Ec","Humidity",2,87.601455361635,0.0036332983051611,0.0267820723689402
"CR-Ec","Humidity",2,87.7367791628547,0.00326114613034919,0.0240388331298408
"CR-Ec","Humidity",2,87.8721029640745,0.00291787531270133,0.0215084865664081
"CR-Ec","Humidity",2,88.0074267652942,0.00260227858431094,0.0191821335644689
"CR-Ec","Humidity",2,88.142750566514,0.00231855698924841,0.017090741211465
"CR-Ec","Humidity",2,88.2780743677337,0.00206135537461718,0.0151948351564415
"CR-Ec","Humidity",2,88.4133981689534,0.00182677412649586,0.0134656702390833
"CR-Ec","Humidity",2,88.5487219701732,0.00161353277188772,0.0118938077297337
"CR-Ec","Humidity",2,88.6840457713929,0.00142036014845879,0.0104698775302721
"CR-Ec","Humidity",2,88.8193695726127,0.00124940280389612,0.00920970245255404
"CR-Ec","Humidity",2,88.9546933738324,0.00109712794060456,0.00808724124345045
"CR-Ec","Humidity",2,89.0900171750522,0.000960152541189256,0.00707755672217292
"CR-Ec","Humidity",2,89.2253409762719,0.000837372264953594,0.00617250848020751
"CR-Ec","Humidity",2,89.3606647774917,0.000727717147658642,0.00536420950766063
"CR-Ec","Humidity",2,89.4959885787114,0.000632065576819966,0.00465913464805847
"CR-Ec","Humidity",2,89.6313123799311,0.000548346449816599,0.00404201721652701
"CR-Ec","Humidity",2,89.7666361811509,0.000474020644119308,0.00349414062069754
"CR-Ec","Humidity",2,89.9019599823706,0.00040828085136293,0.00300955396162266
"CR-Ec","Humidity",2,90.0372837835904,0.000350359100648075,0.00258259630797298
"CR-Ec","Humidity",2,90.1726075848101,0.000300497091042174,0.0022150492921309
"CR-Ec","Humidity",2,90.3079313860299,0.000257608932154513,0.00189890850802069
"CR-Ec","Humidity",2,90.4432551872496,0.000220003940137042,0.00162171144544681
"CR-Ec","Humidity",2,90.5785789884693,0.000187163650280091,0.00137963635397511
"CR-Ec","Humidity",2,90.7139027896891,0.000158602049952451,0.00116910069664661
"CR-Ec","Humidity",2,90.8492265909088,0.000134311528285818,0.000990048371592275
"CR-Ec","Humidity",2,90.9845503921286,0.000113780752858915,0.000838710202498727
"CR-Ec","Humidity",2,91.1198741933483,9.59933773837868e-05,0.000707594412597389
"CR-Ec","Humidity",2,91.2551979945681,8.06501693707256e-05,0.00059449527433126
"CR-Ec","Humidity",2,91.3905217957878,6.74740044394685e-05,0.000497370025288884
"CR-Ec","Humidity",2,91.5258455970076,5.63957109714179e-05,0.000415708781849493
"CR-Ec","Humidity",2,91.6611693982273,4.71986544680982e-05,0.000347914669677847
"CR-Ec","Humidity",2,91.796493199447,3.93242925563799e-05,0.000289870514514674
"CR-Ec","Humidity",2,91.9318170006668,3.26149755054328e-05,0.000240414235477695
"CR-Ec","Humidity",2,92.0671408018865,2.69262008223112e-05,0.000198480663704209
"CR-Ec","Humidity",2,92.2024646031063,2.21964244911691e-05,0.000163616140796853
"CR-Ec","Humidity",2,92.337788404326,1.83432124209336e-05,0.000135213021688431
"CR-Ec","Humidity",2,92.4731122055458,1.50837157729862e-05,0.000111186347361239
"CR-Ec","Humidity",2,92.6084360067655,1.23413716415916e-05,9.09717509205281e-05
"CR-Ec","Humidity",2,92.7437598079852,1.00466491011415e-05,7.40567001916426e-05
"CR-Ec","Humidity",2,92.879083609205,8.16030901727019e-06,6.01519523852459e-05
"CR-Ec","Humidity",2,93.0144074104247,6.65438532048297e-06,4.9051361670697e-05
"CR-Ec","Humidity",2,93.1497312116445,5.39644116266278e-06,3.97786984756688e-05
"CR-Ec","Precipitation",3,0,2.11469364090873e-05,0.00569466743019899
"CR-Ec","Precipitation",3,6.51272015655577,2.26292629668399e-05,0.00609384377451927
"CR-Ec","Precipitation",3,13.0254403131115,2.41220111708968e-05,0.00649582656837103
"CR-Ec","Precipitation",3,19.5381604696673,2.56174390308915e-05,0.00689853096790119
"CR-Ec","Precipitation",3,26.0508806262231,2.71073843383281e-05,0.00729975896853921
"CR-Ec","Precipitation",3,32.5636007827789,2.8587614962015e-05,0.00769837089789038
"CR-Ec","Precipitation",3,39.0763209393346,3.00549656211321e-05,0.00809351437614685
"CR-Ec","Precipitation",3,45.5890410958904,3.15073452933164e-05,0.00848462631101402
"CR-Ec","Precipitation",3,52.1017612524462,3.29429097895882e-05,0.00887121008006323
"CR-Ec","Precipitation",3,58.614481409002,3.43619303060745e-05,0.00925333871381398
"CR-Ec","Precipitation",3,65.1272015655577,3.57723617867893e-05,0.00963315440249704
"CR-Ec","Precipitation",3,71.6399217221135,3.71805381516336e-05,0.0100123628100756
"CR-Ec","Precipitation",3,78.1526418786693,3.8594446985157e-05,0.010393114916564
"CR-Ec","Precipitation",3,84.665362035225,4.00237296662598e-05,0.0107780070529552
"CR-Ec","Precipitation",3,91.1780821917808,4.14881125184706e-05,0.0111723513292374
"CR-Ec","Precipitation",3,97.6908023483366,4.30077153434216e-05,0.0115815658152832
"CR-Ec","Precipitation",3,104.203522504892,4.45963095893907e-05,0.0120093590302112
"CR-Ec","Precipitation",3,110.716242661448,4.62720140760951e-05,0.0124606101986298
"CR-Ec","Precipitation",3,117.228962818004,4.80539766280068e-05,0.0129404756462719
"CR-Ec","Precipitation",3,123.74168297456,4.99622736313928e-05,0.0134543617516681
"CR-Ec","Precipitation",3,130.254403131115,5.20678674550088e-05,0.0140213780010489
"CR-Ec","Precipitation",3,136.767123287671,5.43594630873767e-05,0.0146384827560064
"CR-Ec","Precipitation",3,143.279843444227,5.68577975112527e-05,0.0153112602873787
"CR-Ec","Precipitation",3,149.792563600783,5.95839883400202e-05,0.0160453973661859
"CR-Ec","Precipitation",3,156.305283757339,6.25586288672749e-05,0.0168464395691514
"CR-Ec","Precipitation",3,162.818003913894,6.58302684852997e-05,0.0177274607826123
"CR-Ec","Precipitation",3,169.33072407045,6.94504044611412e-05,0.0187023287273448
"CR-Ec","Precipitation",3,175.843444227006,7.33860269336005e-05,0.0197621541638956
"CR-Ec","Precipitation",3,182.356164383562,7.76508559223855e-05,0.0209106317621621
"CR-Ec","Precipitation",3,188.868884540117,8.22569130043426e-05,0.0221509988176467
"CR-Ec","Precipitation",3,195.381604696673,8.72144613896464e-05,0.0234860191145486
"CR-Ec","Precipitation",3,201.894324853229,9.26048683773238e-05,0.024937604087162
"CR-Ec","Precipitation",3,208.407045009785,9.83908665951794e-05,0.0264957179891007
"CR-Ec","Precipitation",3,214.91976516634,0.000104545770129173,0.0281531745593103
"CR-Ec","Precipitation",3,221.432485322896,0.000111068841533451,0.0299097752106863
"CR-Ec","Precipitation",3,227.945205479452,0.000117957589495333,0.0317648490565847
"CR-Ec","Precipitation",3,234.457925636008,0.000125216579416018,0.0337196255158218
"CR-Ec","Precipitation",3,240.970645792564,0.000132915824781338,0.0357929585495449
"CR-Ec","Precipitation",3,247.483365949119,0.000140955494803197,0.0379579646826958
"CR-Ec","Precipitation",3,253.996086105675,0.000149325562236064,0.0402119436740941
"CR-Ec","Precipitation",3,260.508806262231,0.000158015460401943,0.0425520500185625
"CR-Ec","Precipitation",3,267.021526418787,0.000167014242736416,0.0449753359111495
"CR-Ec","Precipitation",3,273.534246575342,0.000176346371717159,0.047488388862792
"CR-Ec","Precipitation",3,280.046966731898,0.000186001747813441,0.0500884891665973
"CR-Ec","Precipitation",3,286.559686888454,0.000195927472327728,0.0527613917099817
"CR-Ec","Precipitation",3,293.07240704501,0.000206116167455735,0.0555051097209157
"CR-Ec","Precipitation",3,299.585127201566,0.000216562146530927,0.058318111834568
"CR-Ec","Precipitation",3,306.097847358121,0.000227261605732078,0.0611993737183157
"CR-Ec","Precipitation",3,312.610567514677,0.000238271951720127,0.06416435443611
"CR-Ec","Precipitation",3,319.123287671233,0.000249553311719345,0.0672023166313473
"CR-Ec","Precipitation",3,325.636007827789,0.000261103447952333,0.0703126576920077
"CR-Ec","Precipitation",3,332.148727984344,0.00027293560507191,0.0734989442762383
"CR-Ec","Precipitation",3,338.6614481409,0.000285066707058731,0.0767657338499321
"CR-Ec","Precipitation",3,345.174168297456,0.000297537179346608,0.0801239125952208
"CR-Ec","Precipitation",3,351.686888454012,0.000310446998121551,0.0836004031414282
"CR-Ec","Precipitation",3,358.199608610568,0.000323761340312804,0.0871858279691339
"CR-Ec","Precipitation",3,364.712328767123,0.000337520353043163,0.0908909983139786
"CR-Ec","Precipitation",3,371.225048923679,0.000351767999528828,0.0947277530490067
"CR-Ec","Precipitation",3,377.737769080235,0.000366551943356202,0.0987089275215162
"CR-Ec","Precipitation",3,384.250489236791,0.000382029693980144,0.102876937519079
"CR-Ec","Precipitation",3,390.763209393346,0.000398266844268172,0.107249446572672
"CR-Ec","Precipitation",3,397.275929549902,0.000415253481778141,0.111823785356565
"CR-Ec","Precipitation",3,403.788649706458,0.000433052369724472,0.116616855403259
"CR-Ec","Precipitation",3,410.301369863014,0.000451727217152485,0.121645812948454
"CR-Ec","Precipitation",3,416.814090019569,0.000471342322715473,0.126927973003631
"CR-Ec","Precipitation",3,423.326810176125,0.000492249222331843,0.132558000824618
"CR-Ec","Precipitation",3,429.839530332681,0.000514286290001737,0.138492372077699
"CR-Ec","Precipitation",3,436.352250489237,0.000537492616612997,0.144741613564561
"CR-Ec","Precipitation",3,442.864970645793,0.000561920861556658,0.151319905954839
"CR-Ec","Precipitation",3,449.377690802348,0.000587619141549507,0.158240206619503
"CR-Ec","Precipitation",3,455.890410958904,0.000614745596492514,0.165545101119225
"CR-Ec","Precipitation",3,462.40313111546,0.000643491385313305,0.173286066722299
"CR-Ec","Precipitation",3,468.915851272016,0.000673620460165747,0.181399538004621
"CR-Ec","Precipitation",3,475.428571428571,0.000705138476744821,0.18988703799068
"CR-Ec","Precipitation",3,481.941291585127,0.000738041132558441,0.198747408060567
"CR-Ec","Precipitation",3,488.454011741683,0.000772313761939132,0.207976698890497
"CR-Ec","Precipitation",3,494.966731898239,0.000808166296700763,0.217631443107224
"CR-Ec","Precipitation",3,501.479452054794,0.000845394328586165,0.22765659552491
"CR-Ec","Precipitation",3,507.99217221135,0.000883806697524036,0.238000678567278
"CR-Ec","Precipitation",3,514.504892367906,0.000923317797712082,0.248640639411701
"CR-Ec","Precipitation",3,521.017612524462,0.000963828996951747,0.259549917351805
"CR-Ec","Precipitation",3,527.530332681018,0.00100523752288088,0.270700836774812
"CR-Ec","Precipitation",3,534.043052837573,0.00104753341205984,0.282090714621856
"CR-Ec","Precipitation",3,540.555772994129,0.001090323929672,0.293613791168423
"CR-Ec","Precipitation",3,547.068493150685,0.00113343820298682,0.305224052024796
"CR-Ec","Precipitation",3,553.581213307241,0.00117669511939614,0.316872725300285
"CR-Ec","Precipitation",3,560.093933463796,0.00121990393491533,0.328508445466772
"CR-Ec","Precipitation",3,566.606653620352,0.00126279903591368,0.340059685317543
"CR-Ec","Precipitation",3,573.119373776908,0.00130502717561378,0.351431318878834
"CR-Ec","Precipitation",3,579.632093933464,0.00134641264433664,0.362576029217033
"CR-Ec","Precipitation",3,586.14481409002,0.0013867334021492,0.373434023104858
"CR-Ec","Precipitation",3,592.657534246575,0.001425767499942,0.383945531772959
"CR-Ec","Precipitation",3,599.170254403131,0.00146329413835961,0.394051096069722
"CR-Ec","Precipitation",3,605.682974559687,0.00149864703290911,0.403571291962863
"CR-Ec","Precipitation",3,612.195694716243,0.00153180710515141,0.412500981811466
"CR-Ec","Precipitation",3,618.708414872798,0.00156269115238975,0.420817759926205
"CR-Ec","Precipitation",3,625.221135029354,0.0015911223736206,0.428474015490227
"CR-Ec","Precipitation",3,631.73385518591,0.001616937028312,0.435425654746579
"CR-Ec","Precipitation",3,638.246575342466,0.0016398601047565,0.441598619676495
"CR-Ec","Precipitation",3,644.759295499022,0.00165915615963431,0.446794862438012
"CR-Ec","Precipitation",3,651.272015655577,0.00167538681802927,0.451165623286982
"CR-Ec","Precipitation",3,657.784735812133,0.00168848726353492,0.454693447785949
"CR-Ec","Precipitation",3,664.297455968689,0.00169841199809196,0.457366083743329
"CR-Ec","Precipitation",3,670.810176125245,0.00170513488598662,0.459176493061727
"CR-Ec","Precipitation",3,677.3228962818,0.0017081929484757,0.46
"CR-Ec","Precipitation",3,683.835616438356,0.00170767504641028,0.459860533934234
"CR-Ec","Precipitation",3,690.348336594912,0.00170406439822869,0.458888220961619
"CR-Ec","Precipitation",3,696.861056751468,0.00169744007139221,0.457104353192172
"CR-Ec","Precipitation",3,703.373776908024,0.00168789593712915,0.454534209248583
"CR-Ec","Precipitation",3,709.886497064579,0.00167553989925069,0.451206846593702
"CR-Ec","Precipitation",3,716.399217221135,0.00165989087572572,0.446992714444338
"CR-Ec","Precipitation",3,722.911937377691,0.00164172312969537,0.442100314448532
"CR-Ec","Precipitation",3,729.424657534247,0.00162126762201166,0.43659184215159
"CR-Ec","Precipitation",3,735.937377690802,0.00159868219247235,0.430509802299269
"CR-Ec","Precipitation",3,742.450097847358,0.00157412814071889,0.423897631340088
"CR-Ec","Precipitation",3,748.962818003914,0.00154765609985437,0.416768964283741
"CR-Ec","Precipitation",3,755.47553816047,0.00151930473104895,0.409134212213063
"CR-Ec","Precipitation",3,761.988258317025,0.00148959728347676,0.401134281118979
"CR-Ec","Precipitation",3,768.500978473581,0.00145869002967163,0.392811253698073
"CR-Ec","Precipitation",3,775.013698630137,0.00142673503981721,0.384206080994282
"CR-Ec","Precipitation",3,781.526418786693,0.00139387983743854,0.375358489679921
"CR-Ec","Precipitation",3,788.039138943249,0.00136017212636729,0.36628132593995
"CR-Ec","Precipitation",3,794.551859099804,0.00132586488510059,0.357042714460631
"CR-Ec","Precipitation",3,801.06457925636,0.00129115301346638,0.347695139898878
"CR-Ec","Precipitation",3,807.577299412916,0.00125615266752796,0.33826988197
"CR-Ec","Precipitation",3,814.090019569472,0.00122097496185265,0.328796862762724
"CR-Ec","Precipitation",3,820.602739726027,0.00118572617205404,0.319304701281886
"CR-Ec","Precipitation",3,827.115459882583,0.00115056149832476,0.309835191452857
"CR-Ec","Precipitation",3,833.628180039139,0.00111559155708683,0.300418121218606
"CR-Ec","Precipitation",3,840.140900195695,0.00108090475158255,0.291077296725561
"CR-Ec","Precipitation",3,846.65362035225,0.00104658697436878,0.281835848016609
"CR-Ec","Precipitation",3,853.166340508806,0.00101272177631917,0.272716274541773
"CR-Ec","Precipitation",3,859.679060665362,0.00097945736758226,0.263758487874503
"CR-Ec","Precipitation",3,866.191780821918,0.000946958824637053,0.255006941529498
"CR-Ec","Precipitation",3,872.704500978474,0.000915206568953966,0.246456363196264
"CR-Ec","Precipitation",3,879.217221135029,0.000884273622152005,0.238126416897399
"CR-Ec","Precipitation",3,885.729941291585,0.000854231096770432,0.230036252558614
"CR-Ec","Precipitation",3,892.242661448141,0.000825148084946308,0.222204476030655
"CR-Ec","Precipitation",3,898.755381604697,0.000797321797246861,0.214711123272602
"CR-Ec","Precipitation",3,905.268101761252,0.000770704095306298,0.207543231083617
"CR-Ec","Precipitation",3,911.780821917808,0.000745275619624275,0.20069558613568
"CR-Ec","Precipitation",3,918.293542074364,0.000721087373613909,0.194181923159436
"CR-Ec","Precipitation",3,924.80626223092,0.000698186010977195,0.188014805549982
"CR-Ec","Precipitation",3,931.318982387475,0.000676655456171817,0.182216833359948
"CR-Ec","Precipitation",3,937.831702544031,0.000656838432291683,0.176880298635931
"CR-Ec","Precipitation",3,944.344422700587,0.000638429896180798,0.171923056177717
"CR-Ec","Precipitation",3,950.857142857143,0.000621444390583188,0.16734902220698
"CR-Ec","Precipitation",3,957.369863013699,0.000605890018615306,0.163160378815371
"CR-Ec","Precipitation",3,963.882583170254,0.000591768366355936,0.159357553118715
"CR-Ec","Precipitation",3,970.39530332681,0.000579259440957262,0.155989019318991
"CR-Ec","Precipitation",3,976.908023483366,0.000568350959601357,0.153051469770977
"CR-Ec","Precipitation",3,983.420743639922,0.00055880837617374,0.150481743452518
"CR-Ec","Precipitation",3,989.933463796477,0.00055059494073724,0.148269943957524
"CR-Ec","Precipitation",3,996.446183953033,0.000543667823386786,0.146404537602784
"CR-Ec","Precipitation",3,1002.95890410959,0.000537978267280294,0.144872394637716
"CR-Ec","Precipitation",3,1009.47162426614,0.000533722597536581,0.143726383536421
"CR-Ec","Precipitation",3,1015.9843444227,0.000530583732507915,0.142881117248163
"CR-Ec","Precipitation",3,1022.49706457926,0.000528441279212506,0.142304175096067
"CR-Ec","Precipitation",3,1029.00978473581,0.000527219659744186,0.141975204673885
"CR-Ec","Precipitation",3,1035.52250489237,0.000526840219594318,0.141873025075793
"CR-Ec","Precipitation",3,1042.03522504892,0.000527259932541852,0.141986049752565
"CR-Ec","Precipitation",3,1048.54794520548,0.000528453645919089,0.142307505331702
"CR-Ec","Precipitation",3,1055.06066536204,0.000530172575051229,0.142770396483132
"CR-Ec","Precipitation",3,1061.57338551859,0.00053233039814914,0.143351477575829
"CR-Ec","Precipitation",3,1068.08610567515,0.000534841396893171,0.144027665487321
"CR-Ec","Precipitation",3,1074.5988258317,0.000537620766249393,0.144776123034229
"CR-Ec","Precipitation",3,1081.11154598826,0.000540594313440926,0.145576870812357
"CR-Ec","Precipitation",3,1087.62426614481,0.000543632265476256,0.146394962198051
"CR-Ec","Precipitation",3,1094.13698630137,0.000546641910570754,0.147205430795703
"CR-Ec","Precipitation",3,1100.64970645793,0.00054955309714838,0.147989385457793
"CR-Ec","Precipitation",3,1107.16242661448,0.000552299449724717,0.148728951902112
"CR-Ec","Precipitation",3,1113.67514677104,0.000554818552863653,0.149407322249528
"CR-Ec","Precipitation",3,1120.18786692759,0.000556954703050235,0.149982567034787
"CR-Ec","Precipitation",3,1126.70058708415,0.000558717157598692,0.150457179163946
"CR-Ec","Precipitation",3,1133.2133072407,0.000560069161333599,0.150821260820303
"CR-Ec","Precipitation",3,1139.72602739726,0.000560975278791039,0.151065269572824
"CR-Ec","Precipitation",3,1146.23874755382,0.00056140489605002,0.151180961385805
"CR-Ec","Precipitation",3,1152.75146771037,0.000561284590299477,0.151148564199469
"CR-Ec","Precipitation",3,1159.26418786693,0.00056053800499363,0.150947515927377
"CR-Ec","Precipitation",3,1165.77690802348,0.000559250242683522,0.150600733871417
"CR-Ec","Precipitation",3,1172.28962818004,0.000557416927242958,0.150107039582718
"CR-Ec","Precipitation",3,1178.80234833659,0.000555037497282889,0.149466281884585
"CR-Ec","Precipitation",3,1185.31506849315,0.000552115048500919,0.148679294418733
"CR-Ec","Precipitation",3,1191.82778864971,0.00054855713420203,0.147721182175647
"CR-Ec","Precipitation",3,1198.34050880626,0.000544440026003123,0.146612484371229
"CR-Ec","Precipitation",3,1204.85322896282,0.000539824764673529,0.145369638700013
"CR-Ec","Precipitation",3,1211.36594911937,0.000534729552049349,0.143997546742126
"CR-Ec","Precipitation",3,1217.87866927593,0.000529174079301496,0.142501511141293
"CR-Ec","Precipitation",3,1224.39138943249,0.000523171879187532,0.140885176139508
"CR-Ec","Precipitation",3,1230.90410958904,0.000516656728768816,0.139130708533677
"CR-Ec","Precipitation",3,1237.4168297456,0.00050976438614842,0.13727466668067
"CR-Ec","Precipitation",3,1243.92954990215,0.000502517440604758,0.135323133656805
"CR-Ec","Precipitation",3,1250.44227005871,0.000494938057144137,0.133282078285983
"CR-Ec","Precipitation",3,1256.95499021526,0.000487047873917054,0.131157327514885
"CR-Ec","Precipitation",3,1263.46771037182,0.00047883668903776,0.128946134073392
"CR-Ec","Precipitation",3,1269.98043052838,0.000470325244131669,0.126654083482564
"CR-Ec","Precipitation",3,1276.49315068493,0.000461575632817893,0.124297896959297
"CR-Ec","Precipitation",3,1283.00587084149,0.000452604512611314,0.121882060212805
"CR-Ec","Precipitation",3,1289.51859099804,0.000443427728327546,0.119410840100171
"CR-Ec","Precipitation",3,1296.0313111546,0.000434060368568543,0.116888299837382
"CR-Ec","Precipitation",3,1302.54403131115,0.000424482866860958,0.114309170360574
"CR-Ec","Precipitation",3,1309.05675146771,0.000414744105548014,0.111686615216583
"CR-Ec","Precipitation",3,1315.56947162427,0.000404867051919452,0.109026819276556
"CR-Ec","Precipitation",3,1322.08219178082,0.000394865827708075,0.10633358538788
"CR-Ec","Precipitation",3,1328.59491193738,0.00038475506394067,0.103610853545931
"CR-Ec","Precipitation",3,1335.10763209393,0.000374546675118976,0.100861832211913
"CR-Ec","Precipitation",3,1341.62035225049,0.000364252659492267,0.0980897523994353
"CR-Ec","Precipitation",3,1348.13307240704,0.00035391367984567,0.0953055642070661
"CR-Ec","Precipitation",3,1354.6457925636,0.000343550657259017,0.0925149014812221
"CR-Ec","Precipitation",3,1361.15851272016,0.000333185911774198,0.0897237747954042
"CR-Ec","Precipitation",3,1367.67123287671,0.000322843149156338,0.0869385678851068
"CR-Ec","Precipitation",3,1374.18395303327,0.000312561039108369,0.0841696941309527
"CR-Ec","Precipitation",3,1380.69667318982,0.000302380784944713,0.0814282491908711
"CR-Ec","Precipitation",3,1387.20939334638,0.000292324726356799,0.078720248929795
"CR-Ec","Precipitation",3,1393.72211350294,0.000282422159434857,0.0760535825042264
"CR-Ec","Precipitation",3,1400.23483365949,0.000272702501538157,0.0734361717272577
"CR-Ec","Precipitation",3,1406.74755381605,0.000263195099182504,0.0708759193345153
"CR-Ec","Precipitation",3,1413.2602739726,0.000254001308291398,0.0684001195054139
"CR-Ec","Precipitation",3,1419.77299412916,0.000245101549247055,0.0660034996364167
"CR-Ec","Precipitation",3,1426.28571428571,0.00023651352680606,0.0636908274488965
"CR-Ec","Precipitation",3,1432.79843444227,0.000228258615178622,0.0614678588129413
"CR-Ec","Precipitation",3,1439.31115459883,0.000220355724984635,0.0593396861773628
"CR-Ec","Precipitation",3,1445.82387475538,0.000212851075745941,0.0573187560167039
"CR-Ec","Precipitation",3,1452.33659491194,0.000205806565810158,0.0554217369631176
"CR-Ec","Precipitation",3,1458.84931506849,0.000199153178400767,0.0536300434597281
"CR-Ec","Precipitation",3,1465.36203522505,0.00019289137121381,0.0519437987596955
"CR-Ec","Precipitation",3,1471.8747553816,0.00018701820570343,0.0503622115407659
"CR-Ec","Precipitation",3,1478.38747553816,0.000181527390715594,0.0488835876554148
"CR-Ec","Precipitation",3,1484.90019569472,0.000176471764891348,0.0475221560435887
"CR-Ec","Precipitation",3,1491.41291585127,0.000171796899073222,0.0462632594545019
"CR-Ec","Precipitation",3,1497.92563600783,0.000167447461185662,0.0450919974901771
"CR-Ec","Precipitation",3,1504.43835616438,0.000163401542965576,0.0440024704652001
"CR-Ec","Precipitation",3,1510.95107632094,0.000159635598272265,0.0429883376294047
"CR-Ec","Precipitation",3,1517.46379647749,0.000156125993751791,0.0420432347469355
"CR-Ec","Precipitation",3,1523.97651663405,0.000152893797807301,0.0411728353369671
"CR-Ec","Precipitation",3,1530.48923679061,0.000149843707106807,0.0403514751250078
"CR-Ec","Precipitation",3,1537.00195694716,0.000146949811388589,0.0395721767257445
"CR-Ec","Precipitation",3,1543.51467710372,0.000144187145517508,0.0388282172673991
"CR-Ec","Precipitation",3,1550.02739726027,0.00014153187442141,0.0381131781933325
"CR-Ec","Precipitation",3,1556.54011741683,0.000138967499107629,0.0374226164828466
"CR-Ec","Precipitation",3,1563.05283757339,0.000136468093111034,0.0367495503872047
"CR-Ec","Precipitation",3,1569.56555772994,0.000134004968980976,0.0360862546507145
"CR-Ec","Precipitation",3,1576.0782778865,0.000131565559821936,0.0354293451287779
"CR-Ec","Precipitation",3,1582.59099804305,0.000129139662897354,0.0347760743221612
"CR-Ec","Precipitation",3,1589.10371819961,0.000126719457600359,0.0341243362163395
"CR-Ec","Precipitation",3,1595.61643835616,0.000124299357991341,0.0334726265712776
"CR-Ec","Precipitation",3,1602.12915851272,0.000121878319765503,0.0328206641656962
"CR-Ec","Precipitation",3,1608.64187866928,0.00011945927651117,0.0321692389868334
"CR-Ec","Precipitation",3,1615.15459882583,0.000117046939064118,0.031519619617643
"CR-Ec","Precipitation",3,1621.66731898239,0.000114647660880233,0.0308735169829424
"CR-Ec","Precipitation",3,1628.18003913894,0.000112270577452583,0.0302333911835153
"CR-Ec","Precipitation",3,1634.6927592955,0.000109936844810133,0.0296049393353299
"CR-Ec","Precipitation",3,1641.20547945205,0.000107652806687002,0.0289898697452242
"CR-Ec","Precipitation",3,1647.71819960861,0.000105430125183824,0.0283913229051999
"CR-Ec","Precipitation",3,1654.23091976517,0.000103280508244302,0.0278124516523579
"CR-Ec","Precipitation",3,1660.74363992172,0.000101215570556002,0.0272563837108143
"CR-Ec","Precipitation",3,1667.25636007828,9.92620988663398e-05,0.0267303324950857
"CR-Ec","Precipitation",3,1673.76908023483,9.74359476213274e-05,0.0262385674556297
"CR-Ec","Precipitation",3,1680.28180039139,9.57318942524188e-05,0.0257796822047583
"CR-Ec","Precipitation",3,1686.79452054795,9.41569464542405e-05,0.0253555638475151
"CR-Ec","Precipitation",3,1693.3072407045,9.27167942551522e-05,0.0249677446540383
"CR-Ec","Precipitation",3,1699.81996086106,9.14157432530744e-05,0.024617384080609
"CR-Ec","Precipitation",3,1706.33268101761,9.0290412442536e-05,0.0243143432717182
"CR-Ec","Precipitation",3,1712.84540117417,8.93111977220008e-05,0.0240506501263694
"CR-Ec","Precipitation",3,1719.35812133072,8.84698180345294e-05,0.0238240746352445
"CR-Ec","Precipitation",3,1725.87084148728,8.77615785120768e-05,0.0236333525153465
"CR-Ec","Precipitation",3,1732.38356164384,8.71803225623958e-05,0.0234768258553507
"CR-Ec","Precipitation",3,1738.89628180039,8.67253829005422e-05,0.0233543149618129
"CR-Ec","Precipitation",3,1745.40900195695,8.63975215309641e-05,0.0232660250352326
"CR-Ec","Precipitation",3,1751.9217221135,8.61600236620852e-05,0.0232020691338915
"CR-Ec","Precipitation",3,1758.43444227006,8.60003711989096e-05,0.0231590762547052
"CR-Ec","Precipitation",3,1764.94716242661,8.59055218292679e-05,0.0231335342279253
"CR-Ec","Precipitation",3,1771.45988258317,8.58620225208177e-05,0.0231218202807948
"CR-Ec","Precipitation",3,1777.97260273973,8.58587778177526e-05,0.023120946513337
"CR-Ec","Precipitation",3,1784.48532289628,8.58730792225336e-05,0.0231247977446661
"CR-Ec","Precipitation",3,1790.99804305284,8.58884852202176e-05,0.0231289464322842
"CR-Ec","Precipitation",3,1797.51076320939,8.58930394786733e-05,0.0231301728504658
"CR-Ec","Precipitation",3,1804.02348336595,8.58756393721675e-05,0.0231254871684415
"CR-Ec","Precipitation",3,1810.5362035225,8.58261302293983e-05,0.0231121548304909
"CR-Ec","Precipitation",3,1817.04892367906,8.57213740907207e-05,0.0230839450056964
"CR-Ec","Precipitation",3,1823.56164383562,8.55641721164301e-05,0.0230416120196961
"CR-Ec","Precipitation",3,1830.07436399217,8.5350796795172e-05,0.0229841520893842
"CR-Ec","Precipitation",3,1836.58708414873,8.50786541904214e-05,0.0229108666924992
"CR-Ec","Precipitation",3,1843.09980430528,8.47465293256408e-05,0.0228214286474964
"CR-Ec","Precipitation",3,1849.61252446184,8.43492074120636e-05,0.0227144336617083
"CR-Ec","Precipitation",3,1856.1252446184,8.38856253521015e-05,0.0225895954531366
"CR-Ec","Precipitation",3,1862.63796477495,8.33710426982444e-05,0.0224510232731112
"CR-Ec","Precipitation",3,1869.15068493151,8.2810775079057e-05,0.0223001485694917
"CR-Ec","Precipitation",3,1875.66340508806,8.22107730919347e-05,0.022138573781162
"CR-Ec","Precipitation",3,1882.17612524462,8.15775164237219e-05,0.021968043825727
"CR-Ec","Precipitation",3,1888.68884540117,8.09149515254866e-05,0.0217896214446604
"CR-Ec","Precipitation",3,1895.20156555773,8.02362522552323e-05,0.0216068542317437
"CR-Ec","Precipitation",3,1901.71428571429,7.95496853974394e-05,0.0214219683528583
"CR-Ec","Precipitation",3,1908.22700587084,7.88609959915741e-05,0.0212365108921067
"CR-Ec","Precipitation",3,1914.7397260274,7.81752325925821e-05,0.0210518413769809
"CR-Ec","Precipitation",3,1921.25244618395,7.74969139132356e-05,0.0208691766535503
"CR-Ec","Precipitation",3,1927.76516634051,7.68322296249608e-05,0.0206901835410455
"CR-Ec","Precipitation",3,1934.27788649706,7.61795698825938e-05,0.0205144285235829
"CR-Ec","Precipitation",3,1940.79060665362,7.55379572117901e-05,0.0203416483766838
"CR-Ec","Precipitation",3,1947.30332681018,7.49052580921681e-05,0.0201712685637442
"CR-Ec","Precipitation",3,1953.81604696673,7.42782087415905e-05,0.0200024101794948
"CR-Ec","Precipitation",3,1960.32876712329,7.36513838341462e-05,0.0198336122356316
"CR-Ec","Precipitation",3,1966.84148727984,7.30150037334936e-05,0.0196622411697567
"CR-Ec","Precipitation",3,1973.3542074364,7.23614111230576e-05,0.0194862349398581
"CR-Ec","Precipitation",3,1979.86692759295,7.16825393681524e-05,0.0193034212784769
"CR-Ec","Precipitation",3,1986.37964774951,7.09699942384344e-05,0.0191115396997813
"CR-Ec","Precipitation",3,1992.89236790607,7.02151573092404e-05,0.0189082693445564
"CR-Ec","Precipitation",3,1999.40508806262,6.93945774412307e-05,0.0186872950455926
"CR-Ec","Precipitation",3,2005.91780821918,6.85061475716829e-05,0.0184480493910799
"CR-Ec","Precipitation",3,2012.43052837573,6.75453303457772e-05,0.0181893105148242
"CR-Ec","Precipitation",3,2018.94324853229,6.6505843415614e-05,0.0179093866407081
"CR-Ec","Precipitation",3,2025.45596868885,6.53823105856287e-05,0.0176068300107592
"CR-Ec","Precipitation",3,2031.9686888454,6.41654153053141e-05,0.0172791317671596
"CR-Ec","Precipitation",3,2038.48140900196,6.28362589721325e-05,0.0169212026972561
"CR-Ec","Precipitation",3,2044.99412915851,6.14147879702192e-05,0.0165384141712506
"CR-Ec","Precipitation",3,2051.50684931507,5.99026326573349e-05,0.0161312052288723
"CR-Ec","Precipitation",3,2058.01956947162,5.83027295020727e-05,0.0157003666329881
"CR-Ec","Precipitation",3,2064.53228962818,5.66193039445549e-05,0.0152470362541517
"CR-Ec","Precipitation",3,2071.04500978474,5.48476548660286e-05,0.0147699481261101
"CR-Ec","Precipitation",3,2077.55772994129,5.30024383843952e-05,0.0142730490010383
"CR-Ec","Precipitation",3,2084.07045009785,5.11024027361623e-05,0.0137613875994577
"CR-Ec","Precipitation",3,2090.5831702544,4.91578820424284e-05,0.0132377468012003
"CR-Ec","Precipitation",3,2097.09589041096,4.71798723929718e-05,0.012705087747923
"CR-Ec","Precipitation",3,2103.60861056751,4.51799498215394e-05,0.0121665277546389
"CR-Ec","Precipitation",3,2110.12133072407,4.31731687162227e-05,0.0116261208238707
"CR-Ec","Precipitation",3,2116.63405088063,4.11781934281722e-05,0.0110888930866165
"CR-Ec","Precipitation",3,2123.14677103718,3.92073053151026e-05,0.0105581517948783
"CR-Ec","Precipitation",3,2129.65949119374,3.72723506468499e-05,0.0100370870356598
"CR-Ec","Precipitation",3,2136.17221135029,3.53847612821132e-05,0.00952877729901461
"CR-Ec","Precipitation",3,2142.68493150685,3.35615448867131e-05,0.00903780258644923
"CR-Ec","Precipitation",3,2149.1976516634,3.18250120036565e-05,0.00857017091350571
"CR-Ec","Precipitation",3,2155.71037181996,3.01716344128372e-05,0.00812493216430261
"CR-Ec","Precipitation",3,2162.22309197652,2.86082433222832e-05,0.00770392591773274
"CR-Ec","Precipitation",3,2168.73581213307,2.71406087636168e-05,0.00730870598804684
"CR-Ec","Precipitation",3,2175.24853228963,2.57734135965864e-05,0.00694053342452279
"CR-Ec","Precipitation",3,2181.76125244618,2.45298695222777e-05,0.00660565891594198
"CR-Ec","Precipitation",3,2188.27397260274,2.34019393706157e-05,0.00630191812938302
"CR-Ec","Precipitation",3,2194.7866927593,2.23794538571217e-05,0.00602657257393685
"CR-Ec","Precipitation",3,2201.29941291585,2.14606082305642e-05,0.00577913624738275
"CR-Ec","Precipitation",3,2207.81213307241,2.0642600197248e-05,0.00555885451886886
"CR-Ec","Precipitation",3,2214.32485322896,1.99227098089309e-05,0.00536499493238517
"CR-Ec","Precipitation",3,2220.83757338552,1.93164403564572e-05,0.00520173237566595
"CR-Ec","Precipitation",3,2227.35029354207,1.87915489166531e-05,0.0050603841383223
"CR-Ec","Precipitation",3,2233.86301369863,1.8340953686326e-05,0.00493904315858377
"CR-Ec","Precipitation",3,2240.37573385519,1.79572217680439e-05,0.00483570782836404
"CR-Ec","Precipitation",3,2246.88845401174,1.76326402140944e-05,0.00474830112471852
"CR-Ec","Precipitation",3,2253.4011741683,1.73637227506419e-05,0.00467588422749476
"CR-Ec","Precipitation",3,2259.91389432485,1.7140260261706e-05,0.00461570791954182
"CR-Ec","Precipitation",3,2266.42661448141,1.69466560621251e-05,0.0045635721629303
"CR-Ec","Precipitation",3,2272.93933463796,1.6775831159827e-05,0.0045175706528976
"CR-Ec","Precipitation",3,2279.45205479452,1.66211693444393e-05,0.00447592170736023
"CR-Ec","Precipitation",3,2285.96477495108,1.64765681298989e-05,0.00443698198527092
"CR-Ec","Precipitation",3,2292.47749510763,1.63360039952962e-05,0.00439912941014177
"CR-Ec","Precipitation",3,2298.99021526419,1.61930074658665e-05,0.00436062181438313
"CR-Ec","Precipitation",3,2305.50293542074,1.60446191156603e-05,0.00432066225293209
"CR-Ec","Precipitation",3,2312.0156555773,1.58888488186254e-05,0.00427871480390418
"CR-Ec","Precipitation",3,2318.52837573386,1.57244638528744e-05,0.00423444750710204
"CR-Ec","Precipitation",3,2325.04109589041,1.55506501564837e-05,0.00418764114344677
"CR-Ec","Precipitation",3,2331.55381604697,1.53668749419595e-05,0.0041381522383693
"CR-Ec","Precipitation",3,2338.06653620352,1.51772794567808e-05,0.00408709599015095
"CR-Ec","Precipitation",3,2344.57925636008,1.49843367402778e-05,0.00403513836459667
"CR-Ec","Precipitation",3,2351.09197651663,1.47909084205719e-05,0.00398304997075091
"CR-Ec","Precipitation",3,2357.60469667319,1.46001901191243e-05,0.00393169135886568
"CR-Ec","Precipitation",3,2364.11741682975,1.44173645668733e-05,0.00388245818874252
"CR-Ec","Precipitation",3,2370.6301369863,1.42480263128015e-05,0.00383685701883808
"CR-Ec","Precipitation",3,2377.14285714286,1.40947506361968e-05,0.00379558134719858
"CR-Ec","Precipitation",3,2383.65557729941,1.39607614221765e-05,0.00375949933520788
"CR-Ec","Precipitation",3,2390.16829745597,1.38489710557944e-05,0.00372939526026621
"CR-Ec","Precipitation",3,2396.68101761252,1.37619302552251e-05,0.00370595600634726
"CR-Ec","Precipitation",3,2403.19373776908,1.37087493057569e-05,0.00369163488602113
"CR-Ec","Precipitation",3,2409.70645792564,1.36849161778538e-05,0.00368521685294984
"CR-Ec","Precipitation",3,2416.21917808219,1.36895004865193e-05,0.0036864513633651
"CR-Ec","Precipitation",3,2422.73189823875,1.37217537738676e-05,0.00369513686472691
"CR-Ec","Precipitation",3,2429.2446183953,1.37802863287841e-05,0.00371089912114274
"CR-Ec","Precipitation",3,2435.75733855186,1.38644667018515e-05,0.00373356808933252
"CR-Ec","Precipitation",3,2442.27005870841,1.39723191173297e-05,0.00376261171181337
"CR-Ec","Precipitation",3,2448.78277886497,1.40947499826476e-05,0.00379558117120406
"CR-Ec","Precipitation",3,2455.29549902153,1.42271517064103e-05,0.00383123568727331
"CR-Ec","Precipitation",3,2461.80821917808,1.43645711021699e-05,0.00386824141435223
"CR-Ec","Precipitation",3,2468.32093933464,1.45017573697714e-05,0.00390518436225107
"CR-Ec","Precipitation",3,2474.83365949119,1.46306422273938e-05,0.00393989181995319
"CR-Ec","Precipitation",3,2481.34637964775,1.47431839352698e-05,0.00397019822396286
"CR-Ec","Precipitation",3,2487.85909980431,1.48346487301199e-05,0.00399482881716872
"CR-Ec","Precipitation",3,2494.37181996086,1.48998337314662e-05,0.00401238251369117
"CR-Ec","Precipitation",3,2500.88454011742,1.49338376593352e-05,0.0040215394457776
"CR-Ec","Precipitation",3,2507.39726027397,1.49321099710444e-05,0.00402107419586866
"CR-Ec","Precipitation",3,2513.90998043053,1.48781328167873e-05,0.0040065386652189
"CR-Ec","Precipitation",3,2520.42270058708,1.47791177142167e-05,0.00397987484646053
"CR-Ec","Precipitation",3,2526.93542074364,1.46331584666183e-05,0.00394056941907589
"CR-Ec","Precipitation",3,2533.4481409002,1.44389770497851e-05,0.00388827822338692
"CR-Ec","Precipitation",3,2539.96086105675,1.41959493600225e-05,0.00382283319424628
"CR-Ec","Precipitation",3,2546.47358121331,1.38993615538527e-05,0.0037429649387545
"CR-Ec","Precipitation",3,2552.98630136986,1.35476351232239e-05,0.00364824837981213
"CR-Ec","Precipitation",3,2559.49902152642,1.31516536304097e-05,0.003541614356497
"CR-Ec","Precipitation",3,2566.01174168297,1.27143313336369e-05,0.00342384765063686
"CR-Ec","Precipitation",3,2572.52446183953,1.22390471759934e-05,0.0032958581792419
"CR-Ec","Precipitation",3,2579.03718199609,1.17296100732204e-05,0.00315867164683951
"CR-Ec","Precipitation",3,2585.54990215264,1.11857317887754e-05,0.00301221043408954
"CR-Ec","Precipitation",3,2592.0626223092,1.06181158235955e-05,0.0028593568912765
"CR-Ec","Precipitation",3,2598.57534246575,1.00337819890185e-05,0.00270200138635812
"CR-Ec","Precipitation",3,2605.08806262231,9.43768790035912e-06,0.00254147895765474
"CR-Ec","Precipitation",3,2611.60078277886,8.83476611949746e-06,0.00237911789683672
"CR-Ec","Precipitation",3,2618.11350293542,8.23001957547085e-06,0.00221626544477592
"CR-Ec","Precipitation",3,2624.62622309198,7.63098192811895e-06,0.00205495034390996
"CR-Ec","Precipitation",3,2631.13894324853,7.04219231802989e-06,0.00189639494132347
"CR-Ec","Precipitation",3,2637.65166340509,6.46743150590003e-06,0.00174161735965996
"CR-Ec","Precipitation",3,2644.16438356164,5.91015155654996e-06,0.00159154720691183
"CR-Ec","Precipitation",3,2650.6771037182,5.37346540362407e-06,0.00144702276629392
"CR-Ec","Precipitation",3,2657.18982387476,4.8636173200587e-06,0.00130972556070051
"CR-Ec","Precipitation",3,2663.70254403131,4.38418814337149e-06,0.00118061987537796
"CR-Ec","Precipitation",3,2670.21526418787,3.93313290980645e-06,0.00105915502117336
"CR-Ec","Precipitation",3,2676.72798434442,3.51150361700173e-06,0.000945614290974679
"CR-Ec","Precipitation",3,2683.24070450098,3.12003970945916e-06,0.000840196810103873
"CR-Ec","Precipitation",3,2689.75342465753,2.75918101725712e-06,0.000743021020588372
"CR-Ec","Precipitation",3,2696.26614481409,2.43611835097397e-06,0.000656023338843544
"CR-Ec","Precipitation",3,2702.77886497065,2.14456736487026e-06,0.000577511450753042
"CR-Ec","Precipitation",3,2709.2915851272,1.88261765741548e-06,0.000506970903482477
"CR-Ec","Precipitation",3,2715.80430528376,1.64954656336168e-06,0.000444207090202238
"CR-Ec","Precipitation",3,2722.31702544031,1.44453154715432e-06,0.000388998509965715
"CR-Ec","Precipitation",3,2728.82974559687,1.26819262245374e-06,0.000341512126513159
"CR-Ec","Precipitation",3,2735.34246575342,1.12316887621279e-06,0.000302458620683876
"CR-Ec","Precipitation",3,2741.85518590998,1.00265490612411e-06,0.000270005362818444
"CR-Ec","Precipitation",3,2748.36790606654,9.05751687983424e-07,0.000243910254309484
"CR-Ec","Precipitation",3,2754.88062622309,8.31617694822155e-07,0.000223946680004477
"CR-Ec","Precipitation",3,2761.39334637965,7.79476321833776e-07,0.000209905507667325
"CR-Ec","Precipitation",3,2767.9060665362,7.51914508719046e-07,0.000202483375381807
"CR-Ec","Precipitation",3,2774.41878669276,7.47128654168548e-07,0.00020119459059014
"CR-Ec","Precipitation",3,2780.93150684931,7.62324370248354e-07,0.000205286651386286
"CR-Ec","Precipitation",3,2787.44422700587,7.97209772213025e-07,0.000214680956003963
"CR-Ec","Precipitation",3,2793.95694716243,8.51564651901121e-07,0.000229318204494443
"CR-Ec","Precipitation",3,2800.46966731898,9.25235086546425e-07,0.000249156946931051
"CR-Ec","Precipitation",3,2806.98238747554,1.02315971419658e-06,0.00027552711123788
"CR-Ec","Precipitation",3,2813.49510763209,1.14047633458725e-06,0.000307119353453764
"CR-Ec","Precipitation",3,2820.00782778865,1.27688744935848e-06,0.000343853560119795
"CR-Ec","Precipitation",3,2826.52054794521,1.43230129633139e-06,0.000385705020560102
"CR-Ec","Precipitation",3,2833.03326810176,1.6065751265508e-06,0.000432635293848293
"CR-Ec","Precipitation",3,2839.54598825832,1.8011115803614e-06,0.000485022097594751
"CR-Ec","Precipitation",3,2846.05870841487,2.01708289409153e-06,0.000543181103815043
"CR-Ec","Precipitation",3,2852.57142857143,2.250366676501e-06,0.000606002192032339
"CR-Ec","Precipitation",3,2859.08414872798,2.50014318142303e-06,0.000673264612455432
"CR-Ec","Precipitation",3,2865.59686888454,2.76542289784629e-06,0.000744701899246478
"CR-Ec","Precipitation",3,2872.1095890411,3.04504090431209e-06,0.000820000350214236
"CR-Ec","Precipitation",3,2878.62230919765,3.33958631658077e-06,0.000899318608590432
"CR-Ec","Precipitation",3,2885.13502935421,3.64514390404755e-06,0.000981602340273171
"CR-Ec","Precipitation",3,2891.64774951076,3.95860906502081e-06,0.00106601550576268
"CR-Ec","Precipitation",3,2898.16046966732,4.27778505586592e-06,0.00115196654303852
"CR-Ec","Precipitation",3,2904.67318982387,4.60033622365791e-06,0.00123882648313879
"CR-Ec","Precipitation",3,2911.18590998043,4.92375245021733e-06,0.00132591937527963
"CR-Ec","Precipitation",3,2917.69863013699,5.24371808597998e-06,0.00141208305636856
"CR-Ec","Precipitation",3,2924.21135029354,5.55733439790564e-06,0.00149653692536184
"CR-Ec","Precipitation",3,2930.7240704501,5.8619780086598e-06,0.00157857453186991
"CR-Ec","Precipitation",3,2937.23679060665,6.1551080385935e-06,0.00165751164133979
"CR-Ec","Precipitation",3,2943.74951076321,6.43429080962612e-06,0.00173269288757406
"CR-Ec","Precipitation",3,2950.26223091976,6.69494299658085e-06,0.00180288402500158
"CR-Ec","Precipitation",3,2956.77495107632,6.93340311100048e-06,0.00186709904985045
"CR-Ec","Precipitation",3,2963.28767123288,7.15088825107489e-06,0.00192566571500587
"CR-Ec","Precipitation",3,2969.80039138943,7.34636002011659e-06,0.00197830439018564
"CR-Ec","Precipitation",3,2976.31311154599,7.51912755938859e-06,0.00202482903374891
"CR-Ec","Precipitation",3,2982.82583170254,7.66886069510715e-06,0.00206515073305811
"CR-Ec","Precipitation",3,2989.3385518591,7.79085761519097e-06,0.00209800333515358
"CR-Ec","Precipitation",3,2995.85127201566,7.8901547855844e-06,0.002124743112075
"CR-Ec","Precipitation",3,3002.36399217221,7.96952771263206e-06,0.00214611748109725
"CR-Ec","Precipitation",3,3008.87671232877,8.03085943350245e-06,0.00216263352609413
"CR-Ec","Precipitation",3,3015.38943248532,8.07636548147651e-06,0.00217488786895788
"CR-Ec","Precipitation",3,3021.90215264188,8.10815499587299e-06,0.00218344848070577
"CR-Ec","Precipitation",3,3028.41487279843,8.12887841856844e-06,0.00218902909994929
"CR-Ec","Precipitation",3,3034.92759295499,8.14487315803039e-06,0.00219333633008922
"CR-Ec","Precipitation",3,3041.44031311155,8.15953871395303e-06,0.0021972856238329
"CR-Ec","Precipitation",3,3047.9530332681,8.1762915562919e-06,0.0022017970038165
"CR-Ec","Precipitation",3,3054.46575342466,8.19853014530843e-06,0.00220778564283807
"CR-Ec","Precipitation",3,3060.97847358121,8.2316228472113e-06,0.00221669719049953
"CR-Ec","Precipitation",3,3067.49119373777,8.28003974232589e-06,0.00222973539661822
"CR-Ec","Precipitation",3,3074.00391389432,8.34510953424488e-06,0.00224725806834535
"CR-Ec","Precipitation",3,3080.51663405088,8.42900865374601e-06,0.00226985129764357
"CR-Ec","Precipitation",3,3087.02935420744,8.53354520381401e-06,0.00229800198932872
"CR-Ec","Precipitation",3,3093.54207436399,8.66013669764409e-06,0.00233209186612735
"CR-Ec","Precipitation",3,3100.05479452055,8.81556163409935e-06,0.00237394631285904
"CR-Ec","Precipitation",3,3106.5675146771,8.99462206144235e-06,0.00242216557090672
"CR-Ec","Precipitation",3,3113.08023483366,9.19596866134894e-06,0.00247638628176944
"CR-Ec","Precipitation",3,3119.59295499022,9.41836929197153e-06,0.00253627664144905
"CR-Ec","Precipitation",3,3126.10567514677,9.66014696387718e-06,0.00260138505275343
"CR-Ec","Precipitation",3,3132.61839530333,9.9201948567963e-06,0.00267141345958507
"CR-Ec","Precipitation",3,3139.13111545988,1.01959410395637e-05,0.00274566926551508
"CR-Ec","Precipitation",3,3145.64383561644,1.04805386073663e-05,0.00282230866465674
"CR-Ec","Precipitation",3,3152.15655577299,1.07702789019948e-05,0.00290033295087572
"CR-Ec","Precipitation",3,3158.66927592955,1.10612559262536e-05,0.00297869027653877
"CR-Ec","Precipitation",3,3165.18199608611,1.13493968670053e-05,0.00305628387207728
"CR-Ec","Precipitation",3,3171.69471624266,1.16279989214284e-05,0.0031313087368907
"CR-Ec","Precipitation",3,3178.20743639922,1.18912913360323e-05,0.00320221086233612
"CR-Ec","Precipitation",3,3184.72015655577,1.21359190335792e-05,0.00326808675824823
"CR-Ec","Precipitation",3,3191.23287671233,1.2357898865038e-05,0.00332786380074343
"CR-Ec","Precipitation",3,3197.74559686888,1.25534289305694e-05,0.00338051817460953
"CR-Ec","Precipitation",3,3204.25831702544,1.27187444979559e-05,0.00342503607351881
"CR-Ec","Precipitation",3,3210.771037182,1.28403388390787e-05,0.00345778026495597
"CR-Ec","Precipitation",3,3217.28375733855,1.29239105838173e-05,0.00348028533536621
"CR-Ec","Precipitation",3,3223.79647749511,1.29674177304394e-05,0.00349200139324131
"CR-Ec","Precipitation",3,3230.30919765166,1.29692129006177e-05,0.00349248481537622
"CR-Ec","Precipitation",3,3236.82191780822,1.29280500498592e-05,0.0034814000539236
"CR-Ec","Precipitation",3,3243.33463796477,1.2838408287174e-05,0.00345726038581881
"CR-Ec","Precipitation",3,3249.84735812133,1.26974719161962e-05,0.0034193075709991
"CR-Ec","Precipitation",3,3256.36007827789,1.25133805069145e-05,0.00336973351770194
"CR-Ec","Precipitation",3,3262.87279843444,1.22872691277493e-05,0.00330884388898124
"CR-Ec","Precipitation",3,3269.385518591,1.20206423015134e-05,0.00323704383842024
"CR-Ec","Precipitation",3,3275.89823874755,1.17153615962158e-05,0.0031548346684537
"CR-Ec","Precipitation",3,3282.41095890411,1.13670044878187e-05,0.00306102543571704
"CR-Ec","Precipitation",3,3288.92367906067,1.09847247542877e-05,0.00295808116494178
"CR-Ec","Precipitation",3,3295.43639921722,1.05740981643012e-05,0.00284750335722847
"CR-Ec","Precipitation",3,3301.94911937378,1.01384793525343e-05,0.00273019538356449
"CR-Ec","Precipitation",3,3308.46183953033,9.68136393947888e-06,0.00260709858106737
"CR-Ec","Precipitation",3,3314.97455968689,9.20592720825733e-06,0.00247906802306918
"CR-Ec","Precipitation",3,3321.48727984344,8.71487313813685e-06,0.00234683186528795
"CR-Ec","Precipitation",3,3328,8.21616050138422e-06,0.00221253332886622
"CR-Ec","WetDays",3,0,0.000111309619744469,0.00538022025550124
"CR-Ec","WetDays",3,0.610567514677104,0.000116875630782909,0.00564925688863413
"CR-Ec","WetDays",3,1.22113502935421,0.000122516703088471,0.00592192165517282
"CR-Ec","WetDays",3,1.83170254403131,0.00012822757334948,0.00619796014964754
"CR-Ec","WetDays",3,2.44227005870841,0.000134018252850731,0.00647785627378549
"CR-Ec","WetDays",3,3.05283757338552,0.000139870861500948,0.006760745782165
"CR-Ec","WetDays",3,3.66340508806262,0.000145767842808621,0.00704578007076184
"CR-Ec","WetDays",3,4.27397260273973,0.000151704818989789,0.00733274753664375
"CR-Ec","WetDays",3,4.88454011741683,0.000157686071929224,0.00762185514739567
"CR-Ec","WetDays",3,5.49510763209393,0.000163698655125167,0.00791247712573826
"CR-Ec","WetDays",3,6.10567514677104,0.000169734550434935,0.00820422590971798
"CR-Ec","WetDays",3,6.71624266144814,0.00017579180327082,0.00849700702311267
"CR-Ec","WetDays",3,7.32681017612524,0.00018187538798444,0.0087910609043263
"CR-Ec","WetDays",3,7.93737769080235,0.000187981506396597,0.00908620396598614
"CR-Ec","WetDays",3,8.54794520547945,0.00019410932350586,0.00938239584777454
"CR-Ec","WetDays",3,9.15851272015655,0.000200260863714984,0.00967973440046778
"CR-Ec","WetDays",3,9.76908023483366,0.0002064538080023,0.00997907424523862
"CR-Ec","WetDays",3,10.3796477495108,0.00021269163851081,0.0102805836936521
"CR-Ec","WetDays",3,10.9902152641879,0.000218978260001575,0.0105844514847822
"CR-Ec","WetDays",3,11.600782778865,0.000225321018607317,0.0108910326985597
"CR-Ec","WetDays",3,12.2113502935421,0.000231768157457351,0.0112026591968858
"CR-Ec","WetDays",3,12.8219178082192,0.000238319866163968,0.0115193401447895
"CR-Ec","WetDays",3,13.4324853228963,0.000244983442518195,0.0118414282855755
"CR-Ec","WetDays",3,14.0430528375734,0.000251772482135171,0.0121695807718252
"CR-Ec","WetDays",3,14.6536203522505,0.000258788902539439,0.0125087238509842
"CR-Ec","WetDays",3,15.2641878669276,0.000266008860871206,0.0128577050634762
"CR-Ec","WetDays",3,15.8747553816047,0.000273443921226277,0.013217083367122
"CR-Ec","WetDays",3,16.4853228962818,0.000281114298351645,0.0135878358543911
"CR-Ec","WetDays",3,17.0958904109589,0.000289202535439904,0.0139787858649423
"CR-Ec","WetDays",3,17.706457925636,0.000297629900440799,0.0143861278357657
"CR-Ec","WetDays",3,18.3170254403131,0.000306416106836245,0.014810814630369
"CR-Ec","WetDays",3,18.9275929549902,0.000315590669009425,0.0152542728449673
"CR-Ec","WetDays",3,19.5381604696673,0.000325436486900295,0.0157301766255214
"CR-Ec","WetDays",3,20.1487279843444,0.0003357894714525,0.0162305946246174
"CR-Ec","WetDays",3,20.7592954990215,0.000346681673106483,0.0167570760203881
"CR-Ec","WetDays",3,21.3698630136986,0.000358169607955552,0.0173123525536358
"CR-Ec","WetDays",3,21.9804305283757,0.000370607771141448,0.0179135589692863
"CR-Ec","WetDays",3,22.5909980430528,0.000383758125165213,0.0185491895755905
"CR-Ec","WetDays",3,23.2015655577299,0.00039765636240055,0.0192209695858087
"CR-Ec","WetDays",3,23.812133072407,0.000412398418028094,0.019933536087043
"CR-Ec","WetDays",3,24.4227005870841,0.0004283899976555,0.0207064991141951
"CR-Ec","WetDays",3,25.0332681017613,0.000445316432821535,0.021524648969911
"CR-Ec","WetDays",3,25.6438356164384,0.000463214558199856,0.0223897660812353
"CR-Ec","WetDays",3,26.2544031311155,0.000482231856397412,0.0233089791124386
"CR-Ec","WetDays",3,26.8649706457926,0.000502793070049342,0.0243028182650811
"CR-Ec","WetDays",3,27.4755381604697,0.000524511930568755,0.0253526130048458
"CR-Ec","WetDays",3,28.0861056751468,0.000547423064876915,0.0264600370456812
"CR-Ec","WetDays",3,28.6966731898239,0.000571734471612738,0.0276351441322033
"CR-Ec","WetDays",3,29.307240704501,0.000597848330648153,0.0288973738806669
"CR-Ec","WetDays",3,29.9178082191781,0.000625319796118266,0.0302252243872979
"CR-Ec","WetDays",3,30.5283757338552,0.000654177090420801,0.0316200597993844
"CR-Ec","WetDays",3,31.1389432485323,0.000684690850666911,0.0330949615313686
"CR-Ec","WetDays",3,31.7495107632094,0.0007171940711565,0.0346660250715062
"CR-Ec","WetDays",3,32.3600782778865,0.000751203973530699,0.036309915025145
"CR-Ec","WetDays",3,32.9706457925636,0.000786737501109764,0.0380274503582921
"CR-Ec","WetDays",3,33.5812133072407,0.000824119050844418,0.0398343110009402
"CR-Ec","WetDays",3,34.1917808219178,0.000863567687221911,0.0417410855724223
"CR-Ec","WetDays",3,34.8023483365949,0.000904589725320393,0.0437239115025267
"CR-Ec","WetDays",3,35.412915851272,0.000947185711163996,0.0457828151836722
"CR-Ec","WetDays",3,36.0234833659491,0.000991710067192759,0.047934927846702
"CR-Ec","WetDays",3,36.6340508806262,0.00103823443813412,0.0501837124844341
"CR-Ec","WetDays",3,37.2446183953033,0.00108628524723383,0.0525062784675447
"CR-Ec","WetDays",3,37.8551859099804,0.00113584203027083,0.0549016366450792
"CR-Ec","WetDays",3,38.4657534246575,0.00118724830253644,0.0573863910440085
"CR-Ec","WetDays",3,39.0763209393346,0.00124041687877428,0.0599563275103059
"CR-Ec","WetDays",3,39.6868884540117,0.00129492561283834,0.0625910413453402
"CR-Ec","WetDays",3,40.2974559686888,0.00135072993744155,0.0652883783613503
"CR-Ec","WetDays",3,40.9080234833659,0.00140810496299499,0.068061636192535
"CR-Ec","WetDays",3,41.5185909980431,0.00146682531769434,0.0708999213514362
"CR-Ec","WetDays",3,42.1291585127202,0.00152654718945356,0.0737866154653234
"CR-Ec","WetDays",3,42.7397260273973,0.00158720144316484,0.0767183768454168
"CR-Ec","WetDays",3,43.3502935420744,0.00164892561476847,0.0797018533776184
"CR-Ec","WetDays",3,43.9608610567515,0.00171141462885687,0.0827222990508364
"CR-Ec","WetDays",3,44.5714285714286,0.00177442048890131,0.0857677267973739
"CR-Ec","WetDays",3,45.1819960861057,0.00183785257515298,0.0888337564548591
"CR-Ec","WetDays",3,45.7925636007828,0.00190163967890884,0.0919169461059862
"CR-Ec","WetDays",3,46.4031311154599,0.00196549144248102,0.0950032611298733
"CR-Ec","WetDays",3,47.013698630137,0.00202925970015219,0.0980855398436816
"CR-Ec","WetDays",3,47.6242661448141,0.00209283938471644,0.101158703758141
"CR-Ec","WetDays",3,48.2348336594912,0.00215589103153759,0.104206344637237
"CR-Ec","WetDays",3,48.8454011741683,0.00221825745296475,0.107220864717315
"CR-Ec","WetDays",3,49.4559686888454,0.00227987916552147,0.110199388827248
"CR-Ec","WetDays",3,50.0665362035225,0.00234064726856662,0.113136653186271
"CR-Ec","WetDays",3,50.6771037181996,0.00239992150467526,0.116001710550345
"CR-Ec","WetDays",3,51.2876712328767,0.00245779864419584,0.118799238374929
"CR-Ec","WetDays",3,51.8982387475538,0.0025142832668044,0.121529458021538
"CR-Ec","WetDays",3,52.5088062622309,0.00256927556415459,0.124187545191176
"CR-Ec","WetDays",3,53.119373776908,0.00262184230849964,0.126728391735619
"CR-Ec","WetDays",3,53.7299412915851,0.00267242938785321,0.129173549931555
"CR-Ec","WetDays",3,54.3405088062622,0.00272107263582259,0.131524751818858
"CR-Ec","WetDays",3,54.9510763209393,0.00276769455596716,0.133778251558486
"CR-Ec","WetDays",3,55.5616438356164,0.00281112460063497,0.135877469995809
"CR-Ec","WetDays",3,56.1722113502935,0.00285219955061465,0.137862853454864
"CR-Ec","WetDays",3,56.7827788649706,0.00289095342516333,0.139736046277773
"CR-Ec","WetDays",3,57.3933463796477,0.00292734216340513,0.141494918754474
"CR-Ec","WetDays",3,58.0039138943249,0.00296005977266976,0.143076344910463
"CR-Ec","WetDays",3,58.614481409002,0.00299030261116358,0.144538151469698
"CR-Ec","WetDays",3,59.2250489236791,0.00301807818002172,0.145880701004245
"CR-Ec","WetDays",3,59.8356164383562,0.00304331591104839,0.147100582556121
"CR-Ec","WetDays",3,60.4461839530333,0.00306491092175888,0.148144390937724
"CR-Ec","WetDays",3,61.0567514677104,0.00308410958748949,0.149072370482345
"CR-Ec","WetDays",3,61.6673189823875,0.00310095017703815,0.149886370936325
"CR-Ec","WetDays",3,62.2778864970646,0.0031153403209418,0.150581927563755
"CR-Ec","WetDays",3,62.8884540117417,0.00312651545291015,0.151122084573653
"CR-Ec","WetDays",3,63.4990215264188,0.00313560891045819,0.151561622545347
"CR-Ec","WetDays",3,64.1095890410959,0.00314269479169412,0.151904123057352
"CR-Ec","WetDays",3,64.720156555773,0.00314768926809247,0.152145534205335
"CR-Ec","WetDays",3,65.3307240704501,0.00315020098901426,0.152266939810804
"CR-Ec","WetDays",3,65.9412915851272,0.0031511471392741,0.152312672576798
"CR-Ec","WetDays",3,66.5518590998043,0.00315062718949189,0.152287540478095
"CR-Ec","WetDays",3,67.1624266144814,0.00314860388975316,0.152189743016723
"CR-Ec","WetDays",3,67.7729941291585,0.00314501832156425,0.152016432330353
"CR-Ec","WetDays",3,68.3835616438356,0.00314051094756419,0.151798565582179
"CR-Ec","WetDays",3,68.9941291585127,0.00313519300177764,0.15154151933852
"CR-Ec","WetDays",3,69.6046966731898,0.00312910979950673,0.151247483942914
"CR-Ec","WetDays",3,70.2152641878669,0.0031224379815767,0.150924997440395
"CR-Ec","WetDays",3,70.825831702544,0.00311552758402426,0.15059097904225
"CR-Ec","WetDays",3,71.4363992172211,0.00310848732466266,0.150250683692142
"CR-Ec","WetDays",3,72.0469667318982,0.00310146974674041,0.149911484663626
"CR-Ec","WetDays",3,72.6575342465753,0.00309476201384146,0.149587262188567
"CR-Ec","WetDays",3,73.2681017612524,0.0030884517841473,0.149282253280125
"CR-Ec","WetDays",3,73.8786692759295,0.00308263269424354,0.14900098392137
"CR-Ec","WetDays",3,74.4892367906067,0.00307757142521554,0.148756344309758
"CR-Ec","WetDays",3,75.0998043052838,0.00307354272995235,0.148561614798436
"CR-Ec","WetDays",3,75.7103718199609,0.00307042952575268,0.148411136121633
"CR-Ec","WetDays",3,76.320939334638,0.00306830129006009,0.148308266515142
"CR-Ec","WetDays",3,76.9315068493151,0.00306752577549803,0.148270781532579
"CR-Ec","WetDays",3,77.5420743639922,0.00306826958383222,0.14830673397474
"CR-Ec","WetDays",3,78.1526418786693,0.00307028267579493,0.148404038036858
"CR-Ec","WetDays",3,78.7632093933464,0.00307360564858275,0.148564656009882
"CR-Ec","WetDays",3,79.3737769080235,0.0030786763462596,0.148809751361148
"CR-Ec","WetDays",3,79.9843444227006,0.00308549969808935,0.149139562349714
"CR-Ec","WetDays",3,80.5949119373777,0.00309376382817446,0.149539014258544
"CR-Ec","WetDays",3,81.2054794520548,0.0031034800460666,0.150008653741907
"CR-Ec","WetDays",3,81.8160469667319,0.00311511276170775,0.15057092834551
"CR-Ec","WetDays",3,82.426614481409,0.00312849755435138,0.151217890689485
"CR-Ec","WetDays",3,83.0371819960861,0.00314331992382817,0.151934339210975
"CR-Ec","WetDays",3,83.6477495107632,0.00315956506772468,0.152719558426046
"CR-Ec","WetDays",3,84.2583170254403,0.00317767507645469,0.153594917052014
"CR-Ec","WetDays",3,84.8688845401174,0.00319734831681539,0.154545835458913
"CR-Ec","WetDays",3,85.4794520547945,0.00321830869833257,0.155558968640579
"CR-Ec","WetDays",3,86.0900195694716,0.00324052099018303,0.156632613693085
"CR-Ec","WetDays",3,86.7005870841487,0.00326435830868221,0.157784805427461
"CR-Ec","WetDays",3,87.3111545988258,0.00328944151153889,0.158997217763359
"CR-Ec","WetDays",3,87.9217221135029,0.00331555438524502,0.160259399885314
"CR-Ec","WetDays",3,88.53228962818,0.0033426483642366,0.161569004346342
"CR-Ec","WetDays",3,89.1428571428571,0.00337099017315489,0.162938923449199
"CR-Ec","WetDays",3,89.7534246575342,0.00340019551759764,0.164350582083022
"CR-Ec","WetDays",3,90.3639921722113,0.0034301123594467,0.165796631390049
"CR-Ec","WetDays",3,90.9745596868885,0.0034606863784462,0.167274445766657
"CR-Ec","WetDays",3,91.5851272015656,0.00349205557174554,0.16879069539158
"CR-Ec","WetDays",3,92.1956947162427,0.00352390059211115,0.170329944416069
"CR-Ec","WetDays",3,92.8062622309198,0.0035561254159122,0.171887551477726
"CR-Ec","WetDays",3,93.4168297455969,0.003588677322397,0.173460968285966
"CR-Ec","WetDays",3,94.027397260274,0.00362156257123242,0.17505049740571
"CR-Ec","WetDays",3,94.6379647749511,0.00365458130474041,0.176646478590791
"CR-Ec","WetDays",3,95.2485322896282,0.00368767854763444,0.178246254576267
"CR-Ec","WetDays",3,95.8590998043053,0.00372080972671265,0.179847670888482
"CR-Ec","WetDays",3,96.4696673189824,0.00375386772442277,0.18144554993339
"CR-Ec","WetDays",3,97.0802348336595,0.00378680054689569,0.183037378554729
"CR-Ec","WetDays",3,97.6908023483366,0.00381957803799099,0.184621699136546
"CR-Ec","WetDays",3,98.3013698630137,0.00385216502562307,0.186196811614034
"CR-Ec","WetDays",3,98.9119373776908,0.00388439157392069,0.187754502030314
"CR-Ec","WetDays",3,99.5225048923679,0.00391633723088293,0.189298615387795
"CR-Ec","WetDays",3,100.133072407045,0.0039479877481689,0.190828462983986
"CR-Ec","WetDays",3,100.743639921722,0.0039793128029933,0.19234257914805
"CR-Ec","WetDays",3,101.354207436399,0.00401015749980986,0.193833476906646
"CR-Ec","WetDays",3,101.964774951076,0.00404067078332781,0.195308355595676
"CR-Ec","WetDays",3,102.575342465753,0.00407085578829564,0.196767366735173
"CR-Ec","WetDays",3,103.185909980431,0.00410069108895147,0.198209474697503
"CR-Ec","WetDays",3,103.796477495108,0.00413008868713996,0.199630426036659
"CR-Ec","WetDays",3,104.407045009785,0.00415920921739199,0.201037985123399
"CR-Ec","WetDays",3,105.017612524462,0.00418807126182969,0.202433050136247
"CR-Ec","WetDays",3,105.628180039139,0.00421667257942759,0.203815512753831
"CR-Ec","WetDays",3,106.238747553816,0.00424501287576876,0.205185358745325
"CR-Ec","WetDays",3,106.849315068493,0.00427321754350576,0.206548649043204
"CR-Ec","WetDays",3,107.45988258317,0.00430131623347764,0.207906816839364
"CR-Ec","WetDays",3,108.070450097847,0.00432933870807694,0.209261300717708
"CR-Ec","WetDays",3,108.681017612524,0.00435736209087818,0.210615828494561
"CR-Ec","WetDays",3,109.291585127202,0.00438544659707634,0.211973310709126
"CR-Ec","WetDays",3,109.902152641879,0.00441362690771977,0.213335423691618
"CR-Ec","WetDays",3,110.512720156556,0.00444197542681985,0.214705667135319
"CR-Ec","WetDays",3,111.123287671233,0.00447061286272612,0.216089875553982
"CR-Ec","WetDays",3,111.73385518591,0.00449952393487713,0.217487310352091
"CR-Ec","WetDays",3,112.344422700587,0.00452874191943026,0.218899579953572
"CR-Ec","WetDays",3,112.954990215264,0.00455838624011985,0.220332456779501
"CR-Ec","WetDays",3,113.565557729941,0.00458857701978163,0.22179174704245
"CR-Ec","WetDays",3,114.176125244618,0.00461923120512332,0.223273436309468
"CR-Ec","WetDays",3,114.786692759295,0.00465037531507186,0.224778806389515
"CR-Ec","WetDays",3,115.397260273973,0.00468217215440885,0.226315726553778
"CR-Ec","WetDays",3,116.00782778865,0.00471470161258425,0.227888058308909
"CR-Ec","WetDays",3,116.618395303327,0.00474783334472225,0.229489501353616
"CR-Ec","WetDays",3,117.228962818004,0.00478158414984435,0.231120867679134
"CR-Ec","WetDays",3,117.839530332681,0.00481615021668641,0.232791640191012
"CR-Ec","WetDays",3,118.450097847358,0.00485154764917218,0.234502597282501
"CR-Ec","WetDays",3,119.060665362035,0.00488762464481941,0.236246401485448
"CR-Ec","WetDays",3,119.671232876712,0.00492438845116873,0.238023403114274
"CR-Ec","WetDays",3,120.281800391389,0.00496205729143262,0.239844150124769
"CR-Ec","WetDays",3,120.892367906067,0.00500058023247458,0.241706180631846
"CR-Ec","WetDays",3,121.502935420744,0.00503980789383637,0.243602274237405
"CR-Ec","WetDays",3,122.113502935421,0.00507974118100851,0.245532474708896
"CR-Ec","WetDays",3,122.724070450098,0.00512061456991286,0.247508115587007
"CR-Ec","WetDays",3,123.334637964775,0.00516232239416838,0.249524089420963
"CR-Ec","WetDays",3,123.945205479452,0.00520473450972918,0.251574105616712
"CR-Ec","WetDays",3,124.555772994129,0.00524785076445164,0.253658156820298
"CR-Ec","WetDays",3,125.166340508806,0.00529192799029838,0.255788657165653
"CR-Ec","WetDays",3,125.776908023483,0.00533682169483541,0.257958622520392
"CR-Ec","WetDays",3,126.38747553816,0.00538242903739667,0.260163082016444
"CR-Ec","WetDays",3,126.998043052838,0.00542875452869471,0.26240225368193
"CR-Ec","WetDays",3,127.608610567515,0.00547609818459648,0.26469063897187
"CR-Ec","WetDays",3,128.219178082192,0.00552428173649238,0.267019621161258
"CR-Ec","WetDays",3,128.829745596869,0.00557323065237487,0.269385597698779
"CR-Ec","WetDays",3,129.440313111546,0.00562295835239868,0.271789217256026
"CR-Ec","WetDays",3,130.050880626223,0.00567384067016364,0.274248645985676
"CR-Ec","WetDays",3,130.6614481409,0.00572564896510216,0.276752832402547
"CR-Ec","WetDays",3,131.272015655577,0.00577833471080338,0.279299430952147
"CR-Ec","WetDays",3,131.882583170254,0.00583192132530954,0.281889573560232
"CR-Ec","WetDays",3,132.493150684931,0.00588689542504974,0.284546781136982
"CR-Ec","WetDays",3,133.103718199609,0.00594293822135794,0.287255644832361
"CR-Ec","WetDays",3,133.714285714286,0.00600002536946792,0.290014987926832
"CR-Ec","WetDays",3,134.324853228963,0.00605818722254931,0.292826277559879
"CR-Ec","WetDays",3,134.93542074364,0.00611804366627865,0.295719476294312
"CR-Ec","WetDays",3,135.545988258317,0.00617913349029614,0.298672291238235
"CR-Ec","WetDays",3,136.156555772994,0.00624145700766968,0.301684737523983
"CR-Ec","WetDays",3,136.767123287671,0.006305051516889,0.30475861799744
"CR-Ec","WetDays",3,137.377690802348,0.00637064164229844,0.30792895783059
"CR-Ec","WetDays",3,137.988258317025,0.0064376025355741,0.311165554587952
"CR-Ec","WetDays",3,138.598825831703,0.00650595337807251,0.31446933541242
"CR-Ec","WetDays",3,139.20939334638,0.00657576696059994,0.317843818693249
"CR-Ec","WetDays",3,139.819960861057,0.00664770565194021,0.321321020440876
"CR-Ec","WetDays",3,140.430528375734,0.00672109194512252,0.324868192931107
"CR-Ec","WetDays",3,141.041095890411,0.00679592301409682,0.32848519956504
"CR-Ec","WetDays",3,141.651663405088,0.00687229365137032,0.332176622197941
"CR-Ec","WetDays",3,142.262230919765,0.0069507093360967,0.335966893481613
"CR-Ec","WetDays",3,142.872798434442,0.00703049136329622,0.339823207785348
"CR-Ec","WetDays",3,143.483365949119,0.00711160537262958,0.343743904280602
"CR-Ec","WetDays",3,144.093933463796,0.00719413690114184,0.347733117454077
"CR-Ec","WetDays",3,144.704500978474,0.00727835115350095,0.351803666139667
"CR-Ec","WetDays",3,145.315068493151,0.00736364050951706,0.355926180634551
"CR-Ec","WetDays",3,145.925636007828,0.00744993363059343,0.360097212742928
"CR-Ec","WetDays",3,146.536203522505,0.0075372561579262,0.364318001848092
"CR-Ec","WetDays",3,147.146771037182,0.00762558951046662,0.3685876498234
"CR-Ec","WetDays",3,147.757338551859,0.00771447507263367,0.372883989197217
"CR-Ec","WetDays",3,148.367906066536,0.00780380487133733,0.377201801022544
"CR-Ec","WetDays",3,148.978473581213,0.00789347845506782,0.381536229912677
"CR-Ec","WetDays",3,149.58904109589,0.00798321030941066,0.385873475349391
"CR-Ec","WetDays",3,150.199608610568,0.00807275678087812,0.390201760188598
"CR-Ec","WetDays",3,150.810176125245,0.00816197992113443,0.394514416611002
"CR-Ec","WetDays",3,151.420743639922,0.00825058074449763,0.398796992956219
"CR-Ec","WetDays",3,152.031311154599,0.00833808965827947,0.403026791167253
"CR-Ec","WetDays",3,152.641878669276,0.00842451665428225,0.407204294204131
"CR-Ec","WetDays",3,153.252446183953,0.00850970595375469,0.411321972403246
"CR-Ec","WetDays",3,153.86301369863,0.00859309439185755,0.415352604839019
"CR-Ec","WetDays",3,154.473581213307,0.00867416552817091,0.419271229039973
"CR-Ec","WetDays",3,155.084148727984,0.00875318538044756,0.423090703140968
"CR-Ec","WetDays",3,155.694716242661,0.00882999595030219,0.426803390190992
"CR-Ec","WetDays",3,156.305283757339,0.0089037247059853,0.430367115820905
"CR-Ec","WetDays",3,156.915851272016,0.00897397382527476,0.433762651044185
"CR-Ec","WetDays",3,157.526418786693,0.00904123082646843,0.437013560363408
"CR-Ec","WetDays",3,158.13698630137,0.00910535184378784,0.440112889935975
"CR-Ec","WetDays",3,158.747553816047,0.00916514103774357,0.443002838110438
"CR-Ec","WetDays",3,159.358121330724,0.00922047930160348,0.445677647788226
"CR-Ec","WetDays",3,159.968688845401,0.00927201177230898,0.448168502067867
"CR-Ec","WetDays",3,160.579256360078,0.00931962304830546,0.450469822942869
"CR-Ec","WetDays",3,161.189823874755,0.00936181649013863,0.452509269406897
"CR-Ec","WetDays",3,161.800391389432,0.00939887434615117,0.454300484110548
"CR-Ec","WetDays",3,162.41095890411,0.00943151937959149,0.455878402268568
"CR-Ec","WetDays",3,163.021526418787,0.00945967481511052,0.457239312896326
"CR-Ec","WetDays",3,163.632093933464,0.00948160072360184,0.458299115429621
"CR-Ec","WetDays",3,164.242661448141,0.00949804324140542,0.459093874836233
"CR-Ec","WetDays",3,164.853228962818,0.00950972187406692,0.459658368867802
"CR-Ec","WetDays",3,165.463796477495,0.00951660336745339,0.459990990164963
"CR-Ec","WetDays",3,166.074363992172,0.00951678976898795,0.46
"CR-Ec","WetDays",3,166.684931506849,0.00951148474524109,0.459743578351231
"CR-Ec","WetDays",3,167.295499021526,0.00950133621703601,0.459253042877856
"CR-Ec","WetDays",3,167.906066536204,0.00948635413979207,0.458528874781313
"CR-Ec","WetDays",3,168.516634050881,0.00946458478782528,0.457476639505784
"CR-Ec","WetDays",3,169.127201565558,0.00943761913819923,0.456173237925095
"CR-Ec","WetDays",3,169.737769080235,0.00940598677532798,0.45464426783392
"CR-Ec","WetDays",3,170.348336594912,0.00936973633554372,0.45289208009987
"CR-Ec","WetDays",3,170.958904109589,0.00932696598587716,0.450824748434025
"CR-Ec","WetDays",3,171.569471624266,0.00927953501741386,0.448532142836682
"CR-Ec","WetDays",3,172.180039138943,0.00922783308095929,0.446033097323813
"CR-Ec","WetDays",3,172.79060665362,0.00917194021932649,0.44333148081497
"CR-Ec","WetDays",3,173.401174168297,0.00911010936682568,0.44034284779472
"CR-Ec","WetDays",3,174.011741682975,0.00904432006363052,0.437162880578423
"CR-Ec","WetDays",3,174.622309197652,0.0089748242714379,0.433803757892665
"CR-Ec","WetDays",3,175.232876712329,0.00890172488531614,0.430270453235081
"CR-Ec","WetDays",3,175.843444227006,0.00882351982448966,0.42649036258966
"CR-Ec","WetDays",3,176.454011741683,0.00874215123344945,0.422557360727996
"CR-Ec","WetDays",3,177.06457925636,0.00865775477136044,0.418478004820876
"CR-Ec","WetDays",3,177.675146771037,0.00857037812731537,0.414254599950495
"CR-Ec","WetDays",3,178.285714285714,0.00847904407288152,0.409839911167889
"CR-Ec","WetDays",3,178.896281800391,0.00838529864076309,0.405308666933095
"CR-Ec","WetDays",3,179.506849315068,0.00828926467185432,0.40066680483775
"CR-Ec","WetDays",3,180.117416829746,0.00819095568101369,0.395914978131012
"CR-Ec","WetDays",3,180.727984344423,0.00808988067779172,0.39102945448168
"CR-Ec","WetDays",3,181.3385518591,0.00798714669952558,0.3860637432335
"CR-Ec","WetDays",3,181.949119373777,0.00788287468706019,0.381023690138035
"CR-Ec","WetDays",3,182.559686888454,0.00777708319948515,0.375910192260515
"CR-Ec","WetDays",3,183.170254403131,0.0076696505704456,0.370717368781401
"CR-Ec","WetDays",3,183.780821917808,0.00756128459516928,0.365479431426775
"CR-Ec","WetDays",3,184.391389432485,0.0074520976196049,0.360201810508503
"CR-Ec","WetDays",3,185.001956947162,0.00734214684701855,0.354887270982313
"CR-Ec","WetDays",3,185.61252446184,0.00723155436758421,0.34954171415331
"CR-Ec","WetDays",3,186.223091976517,0.00712068755016501,0.344182897025814
"CR-Ec","WetDays",3,186.833659491194,0.00700964447500367,0.338815560369848
"CR-Ec","WetDays",3,187.444227005871,0.00689854476734783,0.333445486346754
"CR-Ec","WetDays",3,188.054794520548,0.00678763331217763,0.328084511625578
"CR-Ec","WetDays",3,188.665362035225,0.00667700732190949,0.322737335029414
"CR-Ec","WetDays",3,189.275929549902,0.0065667463331501,0.317407801010012
"CR-Ec","WetDays",3,189.886497064579,0.00645704388112092,0.312105264213637
"CR-Ec","WetDays",3,190.497064579256,0.00634816328955411,0.306842452557973
"CR-Ec","WetDays",3,191.107632093933,0.00624000612776349,0.301614608334093
"CR-Ec","WetDays",3,191.718199608611,0.00613263097820689,0.296424563161824
"CR-Ec","WetDays",3,192.328767123288,0.00602630431255998,0.291285197116673
"CR-Ec","WetDays",3,192.939334637965,0.00592122969521797,0.286206349611306
"CR-Ec","WetDays",3,193.549902152642,0.00581718492259447,0.281177280296066
"CR-Ec","WetDays",3,194.160469667319,0.00571420747433568,0.276199800773149
"CR-Ec","WetDays",3,194.771037181996,0.00561262569454242,0.271289781760522
"CR-Ec","WetDays",3,195.381604696673,0.00551253663110133,0.266451914128631
"CR-Ec","WetDays",3,195.99217221135,0.00541365738626482,0.261672523837483
"CR-Ec","WetDays",3,196.602739726027,0.00531600655105238,0.256952509495662
"CR-Ec","WetDays",3,197.213307240704,0.00521995774807812,0.252309930386461
"CR-Ec","WetDays",3,197.823874755382,0.00512548568867489,0.2477435641663
"CR-Ec","WetDays",3,198.434442270059,0.00503229646585924,0.243239204656868
"CR-Ec","WetDays",3,199.045009784736,0.0049403940218971,0.238797042410063
"CR-Ec","WetDays",3,199.655577299413,0.00485018083211636,0.234436531323187
"CR-Ec","WetDays",3,200.26614481409,0.00476151786153538,0.230150951053235
"CR-Ec","WetDays",3,200.876712328767,0.00467413424156363,0.225927208997065
"CR-Ec","WetDays",3,201.487279843444,0.00458802474449882,0.221765052470408
"CR-Ec","WetDays",3,202.097847358121,0.00450360970348961,0.217684798539532
"CR-Ec","WetDays",3,202.708414872798,0.00442065833283602,0.213675292032937
"CR-Ec","WetDays",3,203.318982387476,0.00433894170493527,0.209725467591419
"CR-Ec","WetDays",3,203.929549902153,0.00425845103872661,0.205834900776899
"CR-Ec","WetDays",3,204.54011741683,0.00417962212161443,0.202024655646785
"CR-Ec","WetDays",3,205.150684931507,0.00410215543024552,0.198280254552015
"CR-Ec","WetDays",3,205.761252446184,0.00402587064020984,0.194592981399174
"CR-Ec","WetDays",3,206.371819960861,0.0039507600020329,0.190962461612557
"CR-Ec","WetDays",3,206.982387475538,0.00387728078048329,0.187410797371432
"CR-Ec","WetDays",3,207.592954990215,0.00380507873071243,0.18392086602895
"CR-Ec","WetDays",3,208.203522504892,0.00373402087808457,0.180486240172726
"CR-Ec","WetDays",3,208.814090019569,0.00366410310750855,0.177106720897248
"CR-Ec","WetDays",3,209.424657534247,0.0035958148145316,0.173805963443115
"CR-Ec","WetDays",3,210.035225048924,0.0035287476076031,0.17056422794869
"CR-Ec","WetDays",3,210.645792563601,0.00346281108242419,0.167377144665509
"CR-Ec","WetDays",3,211.256360078278,0.00339800489689218,0.164244697057822
"CR-Ec","WetDays",3,211.866927592955,0.00333485927878743,0.161192514017818
"CR-Ec","WetDays",3,212.477495107632,0.0032729014597988,0.158197743992778
"CR-Ec","WetDays",3,213.088062622309,0.00321207848919019,0.155257827575676
"CR-Ec","WetDays",3,213.698630136986,0.00315239160119256,0.152372824423838
"CR-Ec","WetDays",3,214.309197651663,0.00309441113047917,0.149570302021266
"CR-Ec","WetDays",3,214.91976516634,0.00303758779818783,0.146823710629787
"CR-Ec","WetDays",3,215.530332681018,0.00298190189200824,0.144132097442524
"CR-Ec","WetDays",3,216.140900195695,0.00292736959397213,0.141496244628128
"CR-Ec","WetDays",3,216.751467710372,0.00287453379668235,0.138942393240919
"CR-Ec","WetDays",3,217.362035225049,0.00282281828761179,0.136442691687148
"CR-Ec","WetDays",3,217.972602739726,0.00277221541548033,0.133996770137391
"CR-Ec","WetDays",3,218.583170254403,0.00272276830816377,0.131606713204565
"CR-Ec","WetDays",3,219.19373776908,0.00267491044656767,0.129293473460009
"CR-Ec","WetDays",3,219.804305283757,0.00262810645626553,0.127031173245167
"CR-Ec","WetDays",3,220.414872798434,0.00258233886209603,0.124818967887162
"CR-Ec","WetDays",3,221.025440313112,0.00253766648127095,0.122659700352798
"CR-Ec","WetDays",3,221.636007827789,0.00249439006141329,0.120567907466987
"CR-Ec","WetDays",3,222.246575342466,0.00245203646202975,0.118520719687353
"CR-Ec","WetDays",3,222.857142857143,0.0024105772008262,0.116516760304349
"CR-Ec","WetDays",3,223.46771037182,0.00237007092178689,0.114558863911723
"CR-Ec","WetDays",3,224.078277886497,0.00233067719829326,0.11265474358891
"CR-Ec","WetDays",3,224.688845401174,0.00229200896216411,0.110785690152701
"CR-Ec","WetDays",3,225.299412915851,0.00225402822191463,0.108949867260858
"CR-Ec","WetDays",3,225.909980430528,0.00221677522512488,0.107149220305398
"CR-Ec","WetDays",3,226.520547945205,0.00218028231915202,0.105385312816108
"CR-Ec","WetDays",3,227.131115459883,0.00214426682590392,0.103644481370181
"CR-Ec","WetDays",3,227.74168297456,0.00210868534196596,0.101924628036361
"CR-Ec","WetDays",3,228.352250489237,0.00207354334627272,0.100226017642385
"CR-Ec","WetDays",3,228.962818003914,0.00203878231485542,0.0985458213955298
"CR-Ec","WetDays",3,229.573385518591,0.00200423044720224,0.0968757352103487
"CR-Ec","WetDays",3,230.183953033268,0.00196984485976201,0.0952136862835086
"CR-Ec","WetDays",3,230.794520547945,0.00193558681199583,0.0935578020667748
"CR-Ec","WetDays",3,231.405088062622,0.00190135790055765,0.0919033261727215
"CR-Ec","WetDays",3,232.015655577299,0.00186708908101153,0.090246921295251
"CR-Ec","WetDays",3,232.626223091976,0.0018327444976973,0.0885868543285487
"CR-Ec","WetDays",3,233.236790606654,0.0017982429769109,0.086919201690738
"CR-Ec","WetDays",3,233.847358121331,0.00176349868671053,0.0852398146410996
"CR-Ec","WetDays",3,234.457925636008,0.00172852402592583,0.0835492924848371
"CR-Ec","WetDays",3,235.068493150685,0.00169329582280043,0.0818465152005802
"CR-Ec","WetDays",3,235.679060665362,0.00165770549161648,0.0801262342295782
"CR-Ec","WetDays",3,236.289628180039,0.00162171929867346,0.0783868190322675
"CR-Ec","WetDays",3,236.900195694716,0.00158540152856575,0.0766313768448202
"CR-Ec","WetDays",3,237.510763209393,0.00154874526492818,0.0748595733603899
"CR-Ec","WetDays",3,238.12133072407,0.00151164149954347,0.0730661395984523
"CR-Ec","WetDays",3,238.731898238748,0.00147412417968919,0.0712527164219516
"CR-Ec","WetDays",3,239.342465753425,0.0014362784644471,0.0694234200484944
"CR-Ec","WetDays",3,239.953033268102,0.0013981144463566,0.067578738307301
"CR-Ec","WetDays",3,240.563600782779,0.00135955715438469,0.065715047426488
"CR-Ec","WetDays",3,241.174168297456,0.00132069558050635,0.0638366488889589
"CR-Ec","WetDays",3,241.784735812133,0.00128160984772056,0.061947415490103
"CR-Ec","WetDays",3,242.39530332681,0.00124232491644596,0.0600485537074035
"CR-Ec","WetDays",3,243.005870841487,0.00120283508259516,0.0581397878302207
"CR-Ec","WetDays",3,243.616438356164,0.00116324712862823,0.0562262792557082
"CR-Ec","WetDays",3,244.227005870841,0.0011236198644036,0.0543108705952449
"CR-Ec","WetDays",3,244.837573385519,0.00108398863965915,0.052395270500573
"CR-Ec","WetDays",3,245.448140900196,0.00104444581456682,0.0504839432585082
"CR-Ec","WetDays",3,246.058708414873,0.00100506421436171,0.0485804089224461
"CR-Ec","WetDays",3,246.66927592955,0.000965876232170011,0.0466862332344506
"CR-Ec","WetDays",3,247.279843444227,0.000926921797792345,0.0448033462264683
"CR-Ec","WetDays",3,247.890410958904,0.000888407820016435,0.0429417489644745
"CR-Ec","WetDays",3,248.500978473581,0.000850320362257564,0.0411007678149095
"CR-Ec","WetDays",3,249.111545988258,0.000812670048504159,0.0392809162949144
"CR-Ec","WetDays",3,249.722113502935,0.00077549542729392,0.0374840576722269
"CR-Ec","WetDays",3,250.332681017613,0.000739118961187043,0.0357257783768608
"CR-Ec","WetDays",3,250.94324853229,0.000703398950528951,0.033999229267174
"CR-Ec","WetDays",3,251.553816046967,0.000668335133826514,0.0323043977037322
"CR-Ec","WetDays",3,252.164383561644,0.000633959629182042,0.0306428361351468
"CR-Ec","WetDays",3,252.774951076321,0.000600696110690431,0.0290350231144155
"CR-Ec","WetDays",3,253.385518590998,0.000568254899837391,0.0274669568489373
"CR-Ec","WetDays",3,253.996086105675,0.000536637664825932,0.0259387179723505
"CR-Ec","WetDays",3,254.606653620352,0.000505870471715174,0.0244515664039646
"CR-Ec","WetDays",3,255.217221135029,0.00047644028595248,0.0230290399239793
"CR-Ec","WetDays",3,255.827788649706,0.000447924662438755,0.0216507193836792
"CR-Ec","WetDays",3,256.438356164384,0.000420334337717801,0.0203171237406403
"CR-Ec","WetDays",3,257.048923679061,0.000393714371912929,0.0190304310041733
"CR-Ec","WetDays",3,257.659491193738,0.000368501789409548,0.0178117650219375
"CR-Ec","WetDays",3,258.270058708415,0.000344246429841915,0.0166393670104284
"CR-Ec","WetDays",3,258.880626223092,0.000320948142121282,0.0155132296666768
"CR-Ec","WetDays",3,259.491193737769,0.00029867091487634,0.0144364459211677
"CR-Ec","WetDays",3,260.101761252446,0.000277767993354499,0.0134260901044005
"CR-Ec","WetDays",3,260.712328767123,0.000257800752018378,0.0124609609760314
"CR-Ec","WetDays",3,261.3228962818,0.000238759943823962,0.0115406115743904
"CR-Ec","WetDays",3,261.933463796477,0.000220724475357537,0.0106688558987959
"CR-Ec","WetDays",3,262.544031311155,0.000203949682214119,0.00985803575531454
"CR-Ec","WetDays",3,263.154598825832,0.000188038063358892,0.00908893768221685
"CR-Ec","WetDays",3,263.765166340509,0.000172973855421291,0.00836079974710375
"CR-Ec","WetDays",3,264.375733855186,0.000158844476937551,0.00767784737973087
"CR-Ec","WetDays",3,264.986301369863,0.000145810117853162,0.00704782346154395
"CR-Ec","WetDays",3,265.59686888454,0.000133532386153371,0.00645437160235629
"CR-Ec","WetDays",3,266.207436399217,0.000121991793557824,0.0058965498239189
"CR-Ec","WetDays",3,266.818003913894,0.000111277198042461,0.00537865313220797
"CR-Ec","WetDays",3,267.428571428571,0.000101468058978076,0.00490452224572769
"CR-Ec","WetDays",3,268.039138943249,9.22920826658829e-05,0.00446099567783358
"CR-Ec","WetDays",3,268.649706457926,8.37285977690329e-05,0.00404707426649932
"CR-Ec","WetDays",3,269.260273972603,7.58616092797519e-05,0.00366681844569073
"CR-Ec","WetDays",3,269.87084148728,6.87100802220839e-05,0.00332114480506379
"CR-Ec","WetDays",3,270.481409001957,6.20660794860972e-05,0.00300000286405831
"CR-Ec","WetDays",3,271.091976516634,5.59097532138204e-05,0.00270243297400195
"CR-Ec","WetDays",3,271.702544031311,5.03156508857961e-05,0.00243203853077523
"CR-Ec","WetDays",3,272.313111545988,4.52632656257967e-05,0.002187828321659
"CR-Ec","WetDays",3,272.923679060665,4.06015375602292e-05,0.00196250077295672
"CR-Ec","WetDays",3,273.534246575342,3.63127712634069e-05,0.00175520056517372
"CR-Ec","WetDays",3,274.14481409002,3.24594763531854e-05,0.00156894913987925
"CR-Ec","WetDays",3,274.755381604697,2.90000233145446e-05,0.00140173430836533
"CR-Ec","WetDays",3,275.365949119374,2.58298605185753e-05,0.00124850250210037
"CR-Ec","WetDays",3,275.976516634051,2.29341552440867e-05,0.0011085367722063
"CR-Ec","WetDays",3,276.587084148728,2.03626662540701e-05,0.000984242239688388
"CR-Ec","WetDays",3,277.197651663405,1.80665401239046e-05,0.000873257543639096
"CR-Ec","WetDays",3,277.808219178082,1.59768057379318e-05,0.000772248921941898
"CR-Ec","WetDays",3,278.418786692759,1.40816748508868e-05,0.000680646582371313
"CR-Ec","WetDays",3,279.029354207436,1.24188823332122e-05,0.000600274463547922
"CR-Ec","WetDays",3,279.639921722114,1.09414569547657e-05,0.000528862181614364
"CR-Ec","WetDays",3,280.250489236791,9.60605012618554e-06,0.000464314455326595
"CR-Ec","WetDays",3,280.861056751468,8.40373195480596e-06,0.000406199652724054
"CR-Ec","WetDays",3,281.471624266145,7.36183776415836e-06,0.000355839043807413
"CR-Ec","WetDays",3,282.082191780822,6.44019508685796e-06,0.000311290867179648
"CR-Ec","WetDays",3,282.692759295499,5.61288360799404e-06,0.000271302248168904
"CR-Ec","WetDays",3,283.303326810176,4.87343206688341e-06,0.000235560394332927
"CR-Ec","WetDays",3,283.913894324853,4.24079444881954e-06,0.000204981458434007
"CR-Ec","WetDays",3,284.52446183953,3.68338316668449e-06,0.000178038634645078
"CR-Ec","WetDays",3,285.135029354207,3.18649214961766e-06,0.000154021095811177
"CR-Ec","WetDays",3,285.745596868885,2.74562364435961e-06,0.000132711440208659
"CR-Ec","WetDays",3,286.356164383562,2.373377271907e-06,0.000114718678417683
"CR-Ec","WetDays",3,286.966731898239,2.04653416937381e-06,9.89205121436726e-05
"CR-Ec","WetDays",3,287.577299412916,1.75721357874055e-06,8.49360200069454e-05
"CR-Ec","WetDays",3,288.187866927593,1.50241164663998e-06,7.262000887174e-05
"CR-Ec","WetDays",3,288.79843444227,1.29016785671869e-06,6.23610722204394e-05
"CR-Ec","WetDays",3,289.409001956947,1.10437245666026e-06,5.33805350748797e-05
"CR-Ec","WetDays",3,290.019569471624,9.41066869946311e-07,4.54870571572307e-05
"CR-Ec","WetDays",3,290.630136986301,7.98320740230887e-07,3.85873334832803e-05
"CR-Ec","WetDays",3,291.240704500978,6.81062720404902e-07,3.29195935805117e-05
"CR-Ec","WetDays",3,291.851272015656,5.78678295578232e-07,2.797077821698e-05
"CR-Ec","WetDays",3,292.461839530333,4.89328471527883e-07,2.36519984539664e-05
"CR-Ec","WetDays",3,293.07240704501,4.11818384516566e-07,1.99054998036135e-05
"CR-Ec","WetDays",3,293.682974559687,3.490532731418e-07,1.68717087949609e-05
"CR-Ec","WetDays",3,294.293542074364,2.94364399432503e-07,1.42282877972359e-05
"CR-Ec","WetDays",3,294.904109589041,2.46982021902683e-07,1.19380308731267e-05
"CR-Ec","WetDays",3,295.514677103718,2.06326490709413e-07,9.97292028406579e-06
"CR-Ec","WetDays",3,296.125244618395,1.73645480267288e-07,8.39326315510769e-06
"CR-Ec","WetDays",3,296.735812133072,1.45332438404152e-07,7.02473452589666e-06
"CR-Ec","WetDays",3,297.346379647749,1.20981038872671e-07,5.84769436252312e-06
"CR-Ec","WetDays",3,297.956947162427,1.00340846095152e-07,4.85003770432964e-06
"CR-Ec","WetDays",3,298.567514677104,8.38315609566344e-08,4.05205105672443e-06
"CR-Ec","WetDays",3,299.178082191781,6.96263388159169e-08,3.36543273864163e-06
"CR-Ec","WetDays",3,299.788649706458,5.74990438746989e-08,2.77925233449538e-06
"CR-Ec","WetDays",3,300.399217221135,4.73493176137284e-08,2.28865895233822e-06
"CR-Ec","WetDays",3,301.009784735812,3.92673165116974e-08,1.89801036209101e-06
"CR-Ec","WetDays",3,301.620352250489,3.2361236792726e-08,1.56420066913352e-06
"CR-Ec","WetDays",3,302.230919765166,2.6509525414281e-08,1.28135453094768e-06
"CR-Ec","WetDays",3,302.841487279843,2.16757156088372e-08,1.04770930346247e-06
"CR-Ec","WetDays",3,303.452054794521,1.7842034647002e-08,8.62405930660137e-07
"CR-Ec","WetDays",3,304.062622309198,1.45890410376949e-08,7.05170445102026e-07
"CR-Ec","WetDays",3,304.673189823875,1.18536146394057e-08,5.72951895175305e-07
"CR-Ec","WetDays",3,305.283757338552,9.6243262034096e-09,4.65197840977338e-07
"CR-Ec","WetDays",3,305.894324853229,7.86248512357903e-09,3.80038147804012e-07
"CR-Ec","WetDays",3,306.504892367906,6.37809569258579e-09,3.08289254024518e-07
"CR-Ec","WetDays",3,307.115459882583,5.13948782612566e-09,2.48420366258571e-07
"CR-Ec","WetDays",3,307.72602739726,4.14401155019885e-09,2.00303396351498e-07
"CR-Ec","WetDays",3,308.336594911937,3.35964682644961e-09,1.6239063567453e-07
"CR-Ec","WetDays",3,308.947162426614,2.70354645063788e-09,1.30677612669979e-07
"CR-Ec","WetDays",3,309.557729941292,2.16035507384199e-09,1.04422116920735e-07
"CR-Ec","WetDays",3,310.168297455969,1.72999653253576e-09,8.36204670150111e-08
"CR-Ec","WetDays",3,310.778864970646,1.39176267308686e-09,6.72717213640873e-08
"CR-Ec","WetDays",3,311.389432485323,1.11089886296746e-09,5.36959930154447e-08
"CR-Ec","WetDays",3,312,8.80210095427709e-10,4.25455068069455e-08
"CR-Kp","Temperature",2,-7.33256396893211,8.19875944917761e-06,3.47643896808361e-05
"CR-Kp","Temperature",2,-7.25494140936682,9.80645478797945e-06,4.15813413907411e-05
"CR-Kp","Temperature",2,-7.17731884980153,1.16670703330518e-05,4.94707256635783e-05
"CR-Kp","Temperature",2,-7.09969629023623,1.39314357080595e-05,5.90720904510837e-05
"CR-Kp","Temperature",2,-7.02207373067094,1.65537319647727e-05,7.01911541938454e-05
"CR-Kp","Temperature",2,-6.94445117110565,1.95692236013652e-05,8.29774454594487e-05
"CR-Kp","Temperature",2,-6.86682861154036,2.30188453139973e-05,9.76045355958042e-05
"CR-Kp","Temperature",2,-6.78920605197507,2.69822041618975e-05,0.000114409974551232
"CR-Kp","Temperature",2,-6.71158349240977,3.1665781627859e-05,0.000134269285357503
"CR-Kp","Temperature",2,-6.63396093284448,3.69826080858616e-05,0.000156813699301728
"CR-Kp","Temperature",2,-6.55633837327919,4.29889613619765e-05,0.000182281845689724
"CR-Kp","Temperature",2,-6.4787158137139,4.97428820262907e-05,0.000210919828216608
"CR-Kp","Temperature",2,-6.40109325414861,5.74371187487349e-05,0.000243544940024526
"CR-Kp","Temperature",2,-6.32347069458331,6.6251652078002e-05,0.000280920334852593
"CR-Kp","Temperature",2,-6.24584813501802,7.60771591450938e-05,0.00032258246174015
"CR-Kp","Temperature",2,-6.16822557545273,8.69816939038119e-05,0.000368819883143984
"CR-Kp","Temperature",2,-6.09060301588744,9.90338258887671e-05,0.000419923347687255
"CR-Kp","Temperature",2,-6.01298045632215,0.000112602383150312,0.000477456760512827
"CR-Kp","Temperature",2,-5.93535789675685,0.000127702746178043,0.00054148533799119
"CR-Kp","Temperature",2,-5.85773533719156,0.000144230335521363,0.000611565642210098
"CR-Kp","Temperature",2,-5.78011277762627,0.000162248465144712,0.000687966137117746
"CR-Kp","Temperature",2,-5.70249021806098,0.000181818500977505,0.000770947026601869
"CR-Kp","Temperature",2,-5.62486765849569,0.000203513856041968,0.000862939697249224
"CR-Kp","Temperature",2,-5.54724509893039,0.00022701898196136,0.000962606160453098
"CR-Kp","Temperature",2,-5.4696225393651,0.0002522748855048,0.00106969627304493
"CR-Kp","Temperature",2,-5.39199997979981,0.000279313261737304,0.00118434442847753
"CR-Kp","Temperature",2,-5.31437742023452,0.000308195988625659,0.00130681300178012
"CR-Kp","Temperature",2,-5.23675486066923,0.000339528333604087,0.00143966844865553
"CR-Kp","Temperature",2,-5.15913230110393,0.000372682667494844,0.00158024949510914
"CR-Kp","Temperature",2,-5.08150974153864,0.00040763796313429,0.00172846698173639
"CR-Kp","Temperature",2,-5.00388718197335,0.000444364884731673,0.00188419651888204
"CR-Kp","Temperature",2,-4.92626462240806,0.000482984986857648,0.00204795352238283
"CR-Kp","Temperature",2,-4.84864206284277,0.000523662034631604,0.00222043238929502
"CR-Kp","Temperature",2,-4.77101950327747,0.000565854534879191,0.00239933707960924
"CR-Kp","Temperature",2,-4.69339694371218,0.000609463334325983,0.00258424716349196
"CR-Kp","Temperature",2,-4.61577438414689,0.000654380188165074,0.00277470366118272
"CR-Kp","Temperature",2,-4.5381518245816,0.000700650832992752,0.0029709005050521
"CR-Kp","Temperature",2,-4.46052926501631,0.000748020649585333,0.00317175805836152
"CR-Kp","Temperature",2,-4.38290670545101,0.000796112031113207,0.00337567519217771
"CR-Kp","Temperature",2,-4.30528414588572,0.000844752171540804,0.00358191917414076
"CR-Kp","Temperature",2,-4.22766158632043,0.000893761515220669,0.00378972865217829
"CR-Kp","Temperature",2,-4.15003902675514,0.000942899193175166,0.00399808229336152
"CR-Kp","Temperature",2,-4.07241646718985,0.000991801612734594,0.00420543839161493
"CR-Kp","Temperature",2,-3.99479390762455,0.00104024751218475,0.00441085875275174
"CR-Kp","Temperature",2,-3.91717134805926,0.00108802546928136,0.0046134469039174
"CR-Kp","Temperature",2,-3.83954878849397,0.00113492266459338,0.00481230044790432
"CR-Kp","Temperature",2,-3.76192622892868,0.00118021685759501,0.00500435693956606
"CR-Kp","Temperature",2,-3.68430366936339,0.00122394221995793,0.005189761273666
"CR-Kp","Temperature",2,-3.60668110979809,0.00126593328189486,0.00536781182501302
"CR-Kp","Temperature",2,-3.5290585502328,0.00130599793241247,0.00553769400434203
"CR-Kp","Temperature",2,-3.45143599066751,0.00134382769569041,0.00569809981210845
"CR-Kp","Temperature",2,-3.37381343110222,0.00137853307830763,0.00584525761723821
"CR-Kp","Temperature",2,-3.29619087153693,0.00141063401990283,0.00598137206841279
"CR-Kp","Temperature",2,-3.21856831197163,0.0014400076149713,0.00610592202156328
"CR-Kp","Temperature",2,-3.14094575240634,0.00146654321051874,0.00621843828573015
"CR-Kp","Temperature",2,-3.06332319284105,0.00148974858310963,0.00631683373450985
"CR-Kp","Temperature",2,-2.98570063327576,0.00150920914357664,0.00639935042641629
"CR-Kp","Temperature",2,-2.90807807371047,0.0015255886097806,0.00646880265872148
"CR-Kp","Temperature",2,-2.83045551414517,0.00153888841413211,0.00652519650513456
"CR-Kp","Temperature",2,-2.75283295457988,0.00154912604522122,0.00656860612079611
"CR-Kp","Temperature",2,-2.67521039501459,0.00155573954591671,0.00659664869440226
"CR-Kp","Temperature",2,-2.5975878354493,0.00155904693731893,0.00661067269940527
"CR-Kp","Temperature",2,-2.51996527588401,0.00155963627013368,0.00661317158911543
"CR-Kp","Temperature",2,-2.44234271631871,0.00155765666642232,0.00660477767107674
"CR-Kp","Temperature",2,-2.36472015675342,0.00155327425617186,0.00658619536986001
"CR-Kp","Temperature",2,-2.28709759718813,0.00154617479793019,0.00655609223848189
"CR-Kp","Temperature",2,-2.20947503762284,0.001537205367359,0.00651806004818224
"CR-Kp","Temperature",2,-2.13185247805755,0.00152680104591903,0.00647394363189437
"CR-Kp","Temperature",2,-2.05422991849225,0.00151525672694972,0.00642499339671102
"CR-Kp","Temperature",2,-1.97660735892696,0.00150288173076032,0.00637252092297961
"CR-Kp","Temperature",2,-1.89898479936167,0.00149011670735584,0.00631839465538158
"CR-Kp","Temperature",2,-1.82136223979638,0.00147765181258172,0.00626554099356304
"CR-Kp","Temperature",2,-1.74373968023109,0.00146589672726271,0.00621569706665011
"CR-Kp","Temperature",2,-1.66611712066579,0.00145527431861965,0.00617065591674133
"CR-Kp","Temperature",2,-1.5884945611005,0.00144641610388611,0.00613309530397034
"CR-Kp","Temperature",2,-1.51087200153521,0.00144057172139002,0.00610831394627866
"CR-Kp","Temperature",2,-1.43324944196992,0.0014377975978784,0.00609655110442696
"CR-Kp","Temperature",2,-1.35562688240463,0.00143861171181307,0.00610000311131225
"CR-Kp","Temperature",2,-1.27800432283933,0.00144354295739419,0.00612091258475844
"CR-Kp","Temperature",2,-1.20038176327404,0.00145404677982629,0.00616545090527283
"CR-Kp","Temperature",2,-1.12275920370875,0.001471368057125,0.0062388966061151
"CR-Kp","Temperature",2,-1.04513664414346,0.00149515232129092,0.00633974667164772
"CR-Kp","Temperature",2,-0.967514084578166,0.0015260066390642,0.00647057518699273
"CR-Kp","Temperature",2,-0.889891525012874,0.00156454708617057,0.00663399443718356
"CR-Kp","Temperature",2,-0.812268965447582,0.00161368766926191,0.00684236039673153
"CR-Kp","Temperature",2,-0.73464640588229,0.00167354894182368,0.00709618423667071
"CR-Kp","Temperature",2,-0.657023846316998,0.00174377261404997,0.00739394673613506
"CR-Kp","Temperature",2,-0.579401286751706,0.00182503495591738,0.00773851541589301
"CR-Kp","Temperature",2,-0.501778727186414,0.00191801837224561,0.00813278380968206
"CR-Kp","Temperature",2,-0.424156167621122,0.00202780832131837,0.00859831528383542
"CR-Kp","Temperature",2,-0.34653360805583,0.00215203211986851,0.00912504918390905
"CR-Kp","Temperature",2,-0.268911048490538,0.00229085726022408,0.00971369571107384
"CR-Kp","Temperature",2,-0.191288488925246,0.0024449855232085,0.0103672305572216
"CR-Kp","Temperature",2,-0.113665929359954,0.00261573696299086,0.0110912510176283
"CR-Kp","Temperature",2,-0.0360433697946618,0.00280913907114093,0.0119113148693003
"CR-Kp","Temperature",2,0.0415791897706299,0.00302066379677317,0.0128082222654245
"CR-Kp","Temperature",2,0.119201749335922,0.00325094851252696,0.0137846757942335
"CR-Kp","Temperature",2,0.196824308901214,0.00350061130074194,0.0148432962492074
"CR-Kp","Temperature",2,0.274446868466506,0.00377264376191872,0.0159967686183882
"CR-Kp","Temperature",2,0.352069428031798,0.00407069546188554,0.0172605677951919
"CR-Kp","Temperature",2,0.42969198759709,0.00439026904393366,0.018615624082291
"CR-Kp","Temperature",2,0.507314547162382,0.00473173536556825,0.0200635099901252
"CR-Kp","Temperature",2,0.584937106727674,0.00509541737570521,0.0216055948870762
"CR-Kp","Temperature",2,0.662559666292966,0.00548596045460291,0.0232615761201047
"CR-Kp","Temperature",2,0.740182225858257,0.00590296062145237,0.0250297407292984
"CR-Kp","Temperature",2,0.817804785423551,0.00634255709780288,0.0268937182372255
"CR-Kp","Temperature",2,0.895427344988843,0.00680456057948723,0.0288527059561283
"CR-Kp","Temperature",2,0.973049904554134,0.00728869941143424,0.0309055520138473
"CR-Kp","Temperature",2,1.05067246411943,0.00780016364083913,0.0330742632547441
"CR-Kp","Temperature",2,1.12829502368472,0.00833390496384639,0.0353374338547366
"CR-Kp","Temperature",2,1.20591758325001,0.00888708727058472,0.0376830381373362
"CR-Kp","Temperature",2,1.2835401428153,0.00945866947200972,0.0401066616755243
"CR-Kp","Temperature",2,1.36116270238059,0.0100475024585447,0.0426034320134914
"CR-Kp","Temperature",2,1.43878526194589,0.010656695351458,0.0451865324509799
"CR-Kp","Temperature",2,1.51640782151118,0.0112785334535053,0.0478232511194525
"CR-Kp","Temperature",2,1.59403038107647,0.0119109585129359,0.0505048606173598
"CR-Kp","Temperature",2,1.67165294064176,0.0125519657138691,0.0532228601219919
"CR-Kp","Temperature",2,1.74927550020705,0.0131996186866236,0.0559690390362968
"CR-Kp","Temperature",2,1.82689805977235,0.0138505766572599,0.0587292318065967
"CR-Kp","Temperature",2,1.90452061933764,0.0145004057172539,0.0614846377686326
"CR-Kp","Temperature",2,1.98214317890293,0.0151464358912948,0.0642239356898797
"CR-Kp","Temperature",2,2.05976573846822,0.0157859448076353,0.0669355821663792
"CR-Kp","Temperature",2,2.13738829803351,0.0164140459313145,0.0695988573067111
"CR-Kp","Temperature",2,2.21501085759881,0.0170246620202578,0.0721879923817183
"CR-Kp","Temperature",2,2.2926334171641,0.0176170544357134,0.074699855414477
"CR-Kp","Temperature",2,2.37025597672939,0.0181884045971742,0.0771224950565294
"CR-Kp","Temperature",2,2.44787853629468,0.0187359308325075,0.0794441164583524
"CR-Kp","Temperature",2,2.52550109585997,0.0192498435906366,0.0816232099536914
"CR-Kp","Temperature",2,2.60312365542527,0.0197281449546138,0.0836513039727017
"CR-Kp","Temperature",2,2.68074621499056,0.020172330926476,0.0855347418650192
"CR-Kp","Temperature",2,2.75836877455585,0.0205803352607149,0.0872647623339541
"CR-Kp","Temperature",2,2.83599133412114,0.0209502311683925,0.0888331954067332
"CR-Kp","Temperature",2,2.91361389368643,0.0212674316339498,0.0901781892024327
"CR-Kp","Temperature",2,2.99123645325173,0.0215399285471329,0.0913336309415697
"CR-Kp","Temperature",2,3.06885901281702,0.0217693476382965,0.0923064140479499
"CR-Kp","Temperature",2,3.14648157238231,0.0219552347576535,0.0930946128350997
"CR-Kp","Temperature",2,3.2241041319476,0.0220964308579502,0.0936933127094595
"CR-Kp","Temperature",2,3.30172669151289,0.022179714539848,0.0940464522776461
"CR-Kp","Temperature",2,3.37934925107819,0.022221012703436,0.0942215648005806
"CR-Kp","Temperature",2,3.45697181064348,0.0222217002766782,0.0942244802494692
"CR-Kp","Temperature",2,3.53459437020877,0.0221833889011772,0.0940620323089749
"CR-Kp","Temperature",2,3.61221692977406,0.0221046509330847,0.0937281674819348
"CR-Kp","Temperature",2,3.68983948933935,0.0219844137624605,0.0932183376863894
"CR-Kp","Temperature",2,3.76746204890465,0.0218353732409498,0.09258637588776
"CR-Kp","Temperature",2,3.84508460846994,0.0216608518885771,0.0918463702394516
"CR-Kp","Temperature",2,3.92270716803523,0.0214643557269569,0.091013186978533
"CR-Kp","Temperature",2,4.00032972760052,0.0212476853494641,0.0900944609831984
"CR-Kp","Temperature",2,4.07795228716581,0.0210184025012966,0.0891222555745343
"CR-Kp","Temperature",2,4.15557484673111,0.0207841113481475,0.0881288139450616
"CR-Kp","Temperature",2,4.2331974062964,0.0205493762489019,0.087133489894816
"CR-Kp","Temperature",2,4.31081996586169,0.0203188413148633,0.0861559753901346
"CR-Kp","Temperature",2,4.38844252542698,0.0201019450404162,0.0852362915462627
"CR-Kp","Temperature",2,4.46606508499227,0.0199053314783631,0.0844026104838873
"CR-Kp","Temperature",2,4.54368764455757,0.0197326804779547,0.0836705355042286
"CR-Kp","Temperature",2,4.62131020412286,0.0195887455024059,0.0830602222477294
"CR-Kp","Temperature",2,4.69893276368815,0.0194782394173245,0.0825916542128106
"CR-Kp","Temperature",2,4.77655532325344,0.019421598046356,0.0823514834034815
"CR-Kp","Temperature",2,4.85417788281873,0.0194132978005573,0.0823162886912591
"CR-Kp","Temperature",2,4.93180044238403,0.0194563727005808,0.0824989349341649
"CR-Kp","Temperature",2,5.00942300194932,0.0195547273253959,0.0829159783326422
"CR-Kp","Temperature",2,5.08704556151461,0.0197155456907773,0.0835978805590229
"CR-Kp","Temperature",2,5.1646681210799,0.0199607029034891,0.0846373964673273
"CR-Kp","Temperature",2,5.24229068064519,0.0202747678508155,0.0859690950348517
"CR-Kp","Temperature",2,5.31991324021049,0.0206602785701886,0.0876037380509691
"CR-Kp","Temperature",2,5.39753579977578,0.0211195725000678,0.089551236725048
"CR-Kp","Temperature",2,5.47515835934107,0.021665112438665,0.0918644358290607
"CR-Kp","Temperature",2,5.55278091890636,0.022307299668213,0.0945874388924451
"CR-Kp","Temperature",2,5.63040347847165,0.0230296593304717,0.0976503892014699
"CR-Kp","Temperature",2,5.70802603803695,0.0238329083524063,0.101056326670715
"CR-Kp","Temperature",2,5.78564859760224,0.0247175586725257,0.104807422022463
"CR-Kp","Temperature",2,5.86327115716753,0.0257009115102682,0.108977035908191
"CR-Kp","Temperature",2,5.94089371673282,0.0267775969651565,0.113542398869435
"CR-Kp","Temperature",2,6.01851627629812,0.0279345614700706,0.118448161155187
"CR-Kp","Temperature",2,6.09613883586341,0.0291708207165275,0.123690149099434
"CR-Kp","Temperature",2,6.1737613954287,0.0304852172981312,0.129263455066181
"CR-Kp","Temperature",2,6.25138395499399,0.031897447745225,0.13525159630709
"CR-Kp","Temperature",2,6.32900651455928,0.0333880395800795,0.141572005598663
"CR-Kp","Temperature",2,6.40662907412457,0.0349493549076905,0.148192296729314
"CR-Kp","Temperature",2,6.48425163368987,0.0365790857788722,0.155102683530128
"CR-Kp","Temperature",2,6.56187419325516,0.0382751970676945,0.162294536657689
"CR-Kp","Temperature",2,6.63949675282045,0.0400548516265173,0.169840630059221
"CR-Kp","Temperature",2,6.71711931238574,0.0418917187545248,0.177629316265447
"CR-Kp","Temperature",2,6.79474187195103,0.0437826693409707,0.185647327217214
"CR-Kp","Temperature",2,6.87236443151633,0.0457244931846247,0.193881051015404
"CR-Kp","Temperature",2,6.94998699108162,0.0477174263962383,0.202331488817109
"CR-Kp","Temperature",2,7.02760955064691,0.0497634989765972,0.211007248234103
"CR-Kp","Temperature",2,7.1052321102122,0.0518460735970156,0.219837783645275
"CR-Kp","Temperature",2,7.18285466977749,0.0539614055330574,0.228807216665565
"CR-Kp","Temperature",2,7.26047722934279,0.0561056950119627,0.237899435493947
"CR-Kp","Temperature",2,7.33809978890808,0.0582779935219562,0.247110418249648
"CR-Kp","Temperature",2,7.41572234847337,0.0604716486712172,0.256411957452866
"CR-Kp","Temperature",2,7.49334490803866,0.0626777998210509,0.265766482212747
"CR-Kp","Temperature",2,7.57096746760395,0.0648922824343355,0.275156334053977
"CR-Kp","Temperature",2,7.64859002716925,0.0671108937806605,0.284563692554013
"CR-Kp","Temperature",2,7.72621258673454,0.0693273373377215,0.293961859191403
"CR-Kp","Temperature",2,7.80383514629983,0.0715342550865596,0.303319634485305
"CR-Kp","Temperature",2,7.88145770586512,0.0737274508578071,0.312619225833318
"CR-Kp","Temperature",2,7.95908026543041,0.0759025083229097,0.321841907113792
"CR-Kp","Temperature",2,8.03670282499571,0.0780549957607556,0.330968886937536
"CR-Kp","Temperature",2,8.114325384561,0.0801689118480352,0.339932316474202
"CR-Kp","Temperature",2,8.19194794412629,0.082245207948849,0.348736229698992
"CR-Kp","Temperature",2,8.26957050369158,0.0842806495749833,0.357366911731092
"CR-Kp","Temperature",2,8.34719306325687,0.0862708607747089,0.365805807654715
"CR-Kp","Temperature",2,8.42481562282217,0.0882093390613944,0.374025345618221
"CR-Kp","Temperature",2,8.50243818238746,0.0900732202446176,0.381928576853875
"CR-Kp","Temperature",2,8.58006074195275,0.0918744738956237,0.38956625475207
"CR-Kp","Temperature",2,8.65768330151804,0.0936091558395094,0.396921655217638
"CR-Kp","Temperature",2,8.73530586108333,0.0952734135813752,0.403978442897068
"CR-Kp","Temperature",2,8.81292842064862,0.096854146792717,0.410681069761677
"CR-Kp","Temperature",2,8.89055098021392,0.0983351494302407,0.416960818927191
"CR-Kp","Temperature",2,8.96817353977921,0.0997315421399624,0.422881804975039
"CR-Kp","Temperature",2,9.0457960993445,0.101040416633178,0.428431696175957
"CR-Kp","Temperature",2,9.1234186589098,0.102259015682687,0.433598801331859
"CR-Kp","Temperature",2,9.20104121847509,0.103365893548208,0.438292186188995
"CR-Kp","Temperature",2,9.27866377804038,0.104359994938307,0.442507376099357
"CR-Kp","Temperature",2,9.35628633760567,0.105255133452004,0.446302943502133
"CR-Kp","Temperature",2,9.43390889717096,0.106049892051643,0.449672879872541
"CR-Kp","Temperature",2,9.51153145673625,0.106743037006728,0.452611953945059
"CR-Kp","Temperature",2,9.58915401630155,0.107305272651557,0.454995946202723
"CR-Kp","Temperature",2,9.66677657586684,0.107754984051288,0.456902813020942
"CR-Kp","Temperature",2,9.74439913543213,0.108101097776624,0.458370404855539
"CR-Kp","Temperature",2,9.82202169499742,0.108343801986371,0.459399519537721
"CR-Kp","Temperature",2,9.89964425456271,0.108483457749761,0.459991688073676
"CR-Kp","Temperature",2,9.97726681412801,0.108485418016721,0.46
"CR-Kp","Temperature",2,10.0548893736933,0.108386287973151,0.459579668669985
"CR-Kp","Temperature",2,10.1325119332586,0.108188312307483,0.458740212014221
"CR-Kp","Temperature",2,10.2101344928239,0.107892999723672,0.457488027241038
"CR-Kp","Temperature",2,10.2877570523892,0.107495524701535,0.455802653173946
"CR-Kp","Temperature",2,10.3653796119545,0.106978722783291,0.453611309058409
"CR-Kp","Temperature",2,10.4430021715198,0.106372443134812,0.451040561363479
"CR-Kp","Temperature",2,10.5206247310851,0.105678937171579,0.448099956543775
"CR-Kp","Temperature",2,10.5982472906503,0.10490051900639,0.444799306903182
"CR-Kp","Temperature",2,10.6758698502156,0.104028017565835,0.441099725245178
"CR-Kp","Temperature",2,10.7534924097809,0.103060988493273,0.436999327408207
"CR-Kp","Temperature",2,10.8311149693462,0.102019375219331,0.432582677550812
"CR-Kp","Temperature",2,10.9087375289115,0.100905820640299,0.427860982085011
"CR-Kp","Temperature",2,10.9863600884768,0.0997229935606386,0.422845557278705
"CR-Kp","Temperature",2,11.0639826480421,0.0984597193395582,0.417489020406556
"CR-Kp","Temperature",2,11.1416052076074,0.09712698224788,0.411837946986924
"CR-Kp","Temperature",2,11.2192277671727,0.0957363324316326,0.405941311962896
"CR-Kp","Temperature",2,11.296850326738,0.0942906077238621,0.399811148317566
"CR-Kp","Temperature",2,11.3744728863033,0.0927926694870506,0.393459588803576
"CR-Kp","Temperature",2,11.4520954458686,0.0912322346218046,0.386843031010505
"CR-Kp","Temperature",2,11.5297180054338,0.0896261815562016,0.380033042869394
"CR-Kp","Temperature",2,11.6073405649991,0.0879802270857309,0.373053864743355
"CR-Kp","Temperature",2,11.6849631245644,0.0862975007292008,0.365918766421804
"CR-Kp","Temperature",2,11.7625856841297,0.0845805160440404,0.358638405893976
"CR-Kp","Temperature",2,11.840208243695,0.0828256598072497,0.351197462367361
"CR-Kp","Temperature",2,11.9178308032603,0.0810476599883456,0.343658385396022
"CR-Kp","Temperature",2,11.9954533628256,0.0792500482765739,0.33603615005295
"CR-Kp","Temperature",2,12.0730759223909,0.0774364107594881,0.328345962070904
"CR-Kp","Temperature",2,12.1506984819562,0.0756097912055627,0.320600727640631
"CR-Kp","Temperature",2,12.2283210415215,0.0737757592397842,0.3128240630927
"CR-Kp","Temperature",2,12.3059436010868,0.0719412687282708,0.305045454218592
"CR-Kp","Temperature",2,12.3835661606521,0.0701102567802948,0.297281595153781
"CR-Kp","Temperature",2,12.4611887202174,0.0682866842863102,0.289549280870735
"CR-Kp","Temperature",2,12.5388112797826,0.066477917868194,0.2818797473284
"CR-Kp","Temperature",2,12.6164338393479,0.0646913133762698,0.274304184812169
"CR-Kp","Temperature",2,12.6940563989132,0.0629285537885957,0.266829729487628
"CR-Kp","Temperature",2,12.7716789584785,0.061193520779164,0.259472840433511
"CR-Kp","Temperature",2,12.8493015180438,0.0594900450285835,0.252249760506343
"CR-Kp","Temperature",2,12.9269240776091,0.0578327986116745,0.24522270225543
"CR-Kp","Temperature",2,13.0045466371744,0.0562220362536926,0.238392745767107
"CR-Kp","Temperature",2,13.0821691967397,0.0546572065234798,0.231757552862316
"CR-Kp","Temperature",2,13.159791756305,0.0531413341825901,0.225329949138636
"CR-Kp","Temperature",2,13.2374143158703,0.0516772977209977,0.219122139972719
"CR-Kp","Temperature",2,13.3150368754356,0.0502876320715949,0.213229678014129
"CR-Kp","Temperature",2,13.3926594350009,0.0489582380216898,0.207592779764245
"CR-Kp","Temperature",2,13.4702819945661,0.0476894022187639,0.202212660666064
"CR-Kp","Temperature",2,13.5479045541314,0.0464824811243053,0.197095072389219
"CR-Kp","Temperature",2,13.6255271136967,0.0453421235301803,0.192259726746576
"CR-Kp","Temperature",2,13.703149673262,0.0442851990649099,0.187778154357286
"CR-Kp","Temperature",2,13.7807722328273,0.0432922398440379,0.183567807474254
"CR-Kp","Temperature",2,13.8583947923926,0.0423627445385521,0.1796265603616
"CR-Kp","Temperature",2,13.9360173519579,0.0414959724740767,0.175951272410944
"CR-Kp","Temperature",2,14.0136399115232,0.0406987810585241,0.172571020411568
"CR-Kp","Temperature",2,14.0912624710885,0.0399737930331662,0.169496925314167
"CR-Kp","Temperature",2,14.1688850306538,0.0393048345636511,0.166660406806864
"CR-Kp","Temperature",2,14.2465075902191,0.038689440844471,0.164051013618379
"CR-Kp","Temperature",2,14.3241301497844,0.0381249610032851,0.161657505516622
"CR-Kp","Temperature",2,14.4017527093497,0.0376173910621836,0.159505306841675
"CR-Kp","Temperature",2,14.4793752689149,0.0371578422717355,0.157556727507505
"CR-Kp","Temperature",2,14.5569978284802,0.0367357226465798,0.155766855365041
"CR-Kp","Temperature",2,14.6346203880455,0.0363473211939397,0.154119955058248
"CR-Kp","Temperature",2,14.7122429476108,0.0359888454636321,0.152599945835293
"CR-Kp","Temperature",2,14.7898655071761,0.0356616441535956,0.1512125464468
"CR-Kp","Temperature",2,14.8674880667414,0.0353537730849637,0.149907111171168
"CR-Kp","Temperature",2,14.9451106263067,0.0350596060458256,0.148659783737884
"CR-Kp","Temperature",2,15.022733185872,0.0347752623047204,0.147454109064739
"CR-Kp","Temperature",2,15.1003557454373,0.0344969062404657,0.146273823346178
"CR-Kp","Temperature",2,15.1779783050026,0.0342188512112632,0.145094814076809
"CR-Kp","Temperature",2,15.2556008645679,0.0339357294684068,0.143894320922108
"CR-Kp","Temperature",2,15.3332234241332,0.0336444277556889,0.142659143049358
"CR-Kp","Temperature",2,15.4108459836984,0.033341992528641,0.141376756835752
"CR-Kp","Temperature",2,15.4884685432637,0.0330240749216744,0.140028722216185
"CR-Kp","Temperature",2,15.566091102829,0.0326833967998345,0.138584178434069
"CR-Kp","Temperature",2,15.6437136623943,0.0323221680265039,0.137052495754776
"CR-Kp","Temperature",2,15.7213362219596,0.0319389398781436,0.135427531299013
"CR-Kp","Temperature",2,15.7989587815249,0.0315324847283949,0.133704079684017
"CR-Kp","Temperature",2,15.8765813410902,0.0310976963603648,0.131860489522776
"CR-Kp","Temperature",2,15.9542039006555,0.0306331976135403,0.129890921377623
"CR-Kp","Temperature",2,16.0318264602208,0.0301440504159264,0.127816838841777
"CR-Kp","Temperature",2,16.1094490197861,0.0296308050804216,0.125640575352653
"CR-Kp","Temperature",2,16.1870715793514,0.0290942322177609,0.123365398454815
"CR-Kp","Temperature",2,16.2646941389167,0.0285306697088339,0.120975780026406
"CR-Kp","Temperature",2,16.342316698482,0.0279457054725933,0.118495413968092
"CR-Kp","Temperature",2,16.4199392580472,0.0273439837660267,0.11594399286394
"CR-Kp","Temperature",2,16.4975618176125,0.0267277729846144,0.113331135167194
"CR-Kp","Temperature",2,16.5751843771778,0.0260994976558211,0.110667121362128
"CR-Kp","Temperature",2,16.6528069367431,0.025460660272921,0.107958322322531
"CR-Kp","Temperature",2,16.7304294963084,0.0248183050334227,0.105234606863153
"CR-Kp","Temperature",2,16.8080520558737,0.0241758652287214,0.102510532830299
"CR-Kp","Temperature",2,16.885674615439,0.0235365063339225,0.099799522475321
"CR-Kp","Temperature",2,16.9632971750043,0.0229039025094505,0.0971171549776698
"CR-Kp","Temperature",2,17.0409197345696,0.0222865230050754,0.0944993416604111
"CR-Kp","Temperature",2,17.1185422941349,0.0216854411960477,0.0919506338505735
"CR-Kp","Temperature",2,17.1961648537002,0.0211037113480839,0.089483982249322
"CR-Kp","Temperature",2,17.2737874132655,0.0205443051435519,0.0871119873878095
"CR-Kp","Temperature",2,17.3514099728307,0.0200136368620103,0.084861847101937
"CR-Kp","Temperature",2,17.429032532396,0.0195198751464944,0.0827681980817315
"CR-Kp","Temperature",2,17.5066550919613,0.0190589757811032,0.0808138920380633
"CR-Kp","Temperature",2,17.5842776515266,0.0186329132237801,0.0790073010698796
"CR-Kp","Temperature",2,17.6619002110919,0.0182434928902896,0.0773560805032777
"CR-Kp","Temperature",2,17.7395227706572,0.0179002711308001,0.0759007511857391
"CR-Kp","Temperature",2,17.8171453302225,0.0176039079278041,0.0746441115758224
"CR-Kp","Temperature",2,17.8947678897878,0.0173486359080275,0.0735617068504324
"CR-Kp","Temperature",2,17.9723904493531,0.0171347783783783,0.0726549078959083
"CR-Kp","Temperature",2,18.0500130089184,0.0169624620657528,0.0719242520597893
"CR-Kp","Temperature",2,18.1276355684837,0.0168426282370777,0.0714161325152619
"CR-Kp","Temperature",2,18.205258128049,0.0167662867259964,0.0710924291481236
"CR-Kp","Temperature",2,18.2828806876142,0.0167288045021938,0.0709334969776587
"CR-Kp","Temperature",2,18.3605032471795,0.0167288750667705,0.0709337961856617
"CR-Kp","Temperature",2,18.4381258067448,0.0167650285021589,0.071087094025894
"CR-Kp","Temperature",2,18.5157483663101,0.0168462211542643,0.0714313672070394
"CR-Kp","Temperature",2,18.5933709258754,0.0169576329510758,0.0719037756419258
"CR-Kp","Temperature",2,18.6709934854407,0.0170967133227253,0.0724935044011304
"CR-Kp","Temperature",2,18.748616045006,0.0172610431734341,0.0731902960318211
"CR-Kp","Temperature",2,18.8262386045713,0.0174494256499387,0.0739890756353503
"CR-Kp","Temperature",2,18.9038611641366,0.0176613511074563,0.0748876822152972
"CR-Kp","Temperature",2,18.9814837237019,0.0178875735051677,0.0758469106982551
"CR-Kp","Temperature",2,19.0591062832672,0.0181253088019476,0.0768549561896952
"CR-Kp","Temperature",2,19.1367288428325,0.0183717726562319,0.0779000125211673
"CR-Kp","Temperature",2,19.2143514023978,0.0186243337494567,0.078970922372531
"CR-Kp","Temperature",2,19.291973961963,0.0188781733286357,0.0800472532615761
"CR-Kp","Temperature",2,19.3695965215283,0.0191295930483915,0.0811133234597832
"CR-Kp","Temperature",2,19.4472190810936,0.0193760772690745,0.0821584661488834
"CR-Kp","Temperature",2,19.5248416406589,0.0196151771326924,0.0831722976782719
"CR-Kp","Temperature",2,19.6024642002242,0.0198413534708432,0.0841313308594257
"CR-Kp","Temperature",2,19.6800867597895,0.0200518910496704,0.0850240525544796
"CR-Kp","Temperature",2,19.7577093193548,0.0202463225879548,0.0858484813970456
"CR-Kp","Temperature",2,19.8353318789201,0.0204229098109922,0.0865972467526319
"CR-Kp","Temperature",2,19.9129544384854,0.0205800214217384,0.0872634315935486
"CR-Kp","Temperature",2,19.9905769980507,0.0207089917080637,0.087810291556797
"CR-Kp","Temperature",2,20.068199557616,0.0208134186420847,0.0882530827680755
"CR-Kp","Temperature",2,20.1458221171813,0.0208936046911666,0.088593087749869
"CR-Kp","Temperature",2,20.2234446767465,0.0209488301260774,0.0888272547054232
"CR-Kp","Temperature",2,20.3010672363118,0.0209778370299994,0.0889502498143334
"CR-Kp","Temperature",2,20.3786897958771,0.0209720562601632,0.0889257381871184
"CR-Kp","Temperature",2,20.4563123554424,0.0209401132911134,0.0887902935713209
"CR-Kp","Temperature",2,20.5339349150077,0.0208821931576684,0.0885447005518002
"CR-Kp","Temperature",2,20.611557474573,0.0207985866904444,0.0881901923088849
"CR-Kp","Temperature",2,20.6891800341383,0.0206871942848221,0.0877178660965423
"CR-Kp","Temperature",2,20.7668025937036,0.0205454664651625,0.0871169116250999
"CR-Kp","Temperature",2,20.8444251532689,0.020380794847961,0.0864186708357156
"CR-Kp","Temperature",2,20.9220477128342,0.020194197963194,0.0856274625004203
"CR-Kp","Temperature",2,20.9996702723995,0.0199867688943113,0.0847479215129734
"CR-Kp","Temperature",2,21.0772928319648,0.0197565582289904,0.0837717819728988
"CR-Kp","Temperature",2,21.1549153915301,0.0195061170051033,0.0827098607940516
"CR-Kp","Temperature",2,21.2325379510953,0.0192403609765397,0.0815830017619889
"CR-Kp","Temperature",2,21.3101605106606,0.0189608088414938,0.0803976444626205
"CR-Kp","Temperature",2,21.3877830702259,0.0186690123936409,0.0791603688133567
"CR-Kp","Temperature",2,21.4654056297912,0.0183646248467183,0.0778697043706678
"CR-Kp","Temperature",2,21.5430281893565,0.0180520506506377,0.0765443268883697
"CR-Kp","Temperature",2,21.6206507489218,0.0177339236598178,0.0751954044391367
"CR-Kp","Temperature",2,21.6982733084871,0.0174118707128766,0.073829835146035
"CR-Kp","Temperature",2,21.7758958680524,0.0170875094772631,0.0724544782445279
"CR-Kp","Temperature",2,21.8535184276177,0.0167632826647482,0.0710796913240046
"CR-Kp","Temperature",2,21.931140987183,0.0164415703803463,0.069715566508612
"CR-Kp","Temperature",2,22.0087635467483,0.0161237975792325,0.0683681458949969
"CR-Kp","Temperature",2,22.0863861063136,0.0158113471276722,0.0670432931143626
"CR-Kp","Temperature",2,22.1640086658788,0.0155060527712301,0.0657487836168585
"CR-Kp","Temperature",2,22.2416312254441,0.0152120522241348,0.0645021621433348
"CR-Kp","Temperature",2,22.3192537850094,0.0149283317896385,0.0632991304156221
"CR-Kp","Temperature",2,22.3968763445747,0.01465586460899,0.0621438147484142
"CR-Kp","Temperature",2,22.47449890414,0.0143955644417573,0.0610400896661311
"CR-Kp","Temperature",2,22.5521214637053,0.0141502095341784,0.059999735491813
"CR-Kp","Temperature",2,22.6297440232706,0.0139222881015903,0.0590333027591269
"CR-Kp","Temperature",2,22.7073665828359,0.0137093506274385,0.05813040502503
"CR-Kp","Temperature",2,22.7849891424012,0.0135118441539298,0.0572929378384264
"CR-Kp","Temperature",2,22.8626117019665,0.0133301592193183,0.0565225571600904
"CR-Kp","Temperature",2,22.9402342615318,0.0131681458772356,0.055835587992063
"CR-Kp","Temperature",2,23.0178568210971,0.013025029716092,0.0552287466733899
"CR-Kp","Temperature",2,23.0954793806624,0.0128984878930693,0.0546921838831587
"CR-Kp","Temperature",2,23.1731019402276,0.0127885265891027,0.0542259258297784
"CR-Kp","Temperature",2,23.2507244997929,0.0126951113704931,0.0538298265074366
"CR-Kp","Temperature",2,23.3283470593582,0.0126228612809085,0.0535234715906512
"CR-Kp","Temperature",2,23.4059696189235,0.0125678100175038,0.0532900431573272
"CR-Kp","Temperature",2,23.4835921784888,0.0125285991698143,0.053123781273777
"CR-Kp","Temperature",2,23.5612147380541,0.0125049620178961,0.0530235549937744
"CR-Kp","Temperature",2,23.6388372976194,0.0124967631357687,0.0529887900839131
"CR-Kp","Temperature",2,23.7164598571847,0.0125084856035021,0.0530384957057004
"CR-Kp","Temperature",2,23.79408241675,0.0125344175836775,0.0531484525192403
"CR-Kp","Temperature",2,23.8717049763153,0.0125741718606455,0.0533170186522708
"CR-Kp","Temperature",2,23.9493275358806,0.0126273507249512,0.0535425077366824
"CR-Kp","Temperature",2,24.0269500954459,0.0126946334180064,0.0538277998927271
"CR-Kp","Temperature",2,24.1045726550112,0.0127775190708591,0.0541792517376783
"CR-Kp","Temperature",2,24.1821952145764,0.0128720285070967,0.0545799907629229
"CR-Kp","Temperature",2,24.2598177741417,0.0129776771163354,0.055027962122929
"CR-Kp","Temperature",2,24.337440333707,0.0130939658003371,0.0555210495407474
"CR-Kp","Temperature",2,24.4150628932723,0.0132218993993868,0.0560635137413625
"CR-Kp","Temperature",2,24.4926854528376,0.0133606825586262,0.0566519822601479
"CR-Kp","Temperature",2,24.5703080124029,0.0135077616548671,0.0572756272209889
"CR-Kp","Temperature",2,24.6479305719682,0.013662476980995,0.0579316513329837
"CR-Kp","Temperature",2,24.7255531315335,0.0138241414897712,0.0586171413776053
"CR-Kp","Temperature",2,24.8031756910988,0.0139931803420631,0.0593339001224743
"CR-Kp","Temperature",2,24.8807982506641,0.0141673997182077,0.0600726253308166
"CR-Kp","Temperature",2,24.9584208102294,0.0143452118691454,0.0608265846271596
"CR-Kp","Temperature",2,25.0360433697947,0.0145256698952147,0.0615917629664188
"CR-Kp","Temperature",2,25.11366592936,0.0147077906684638,0.0623639916882702
"CR-Kp","Temperature",2,25.1912884889252,0.0148899991775635,0.0631365924277814
"CR-Kp","Temperature",2,25.2689110484905,0.0150704316986165,0.0639016626206397
"CR-Kp","Temperature",2,25.3465336080558,0.0152478687468033,0.064654031405847
"CR-Kp","Temperature",2,25.4241561676211,0.0154210665983895,0.0653884251445277
"CR-Kp","Temperature",2,25.5017787271864,0.0155884312677167,0.0660980850167755
"CR-Kp","Temperature",2,25.5794012867517,0.0157457008921967,0.0667649398677165
"CR-Kp","Temperature",2,25.657023846317,0.015893283830177,0.0673907212189065
"CR-Kp","Temperature",2,25.7346464058823,0.0160298177499235,0.067969652509688
"CR-Kp","Temperature",2,25.8122689654476,0.0161539446552171,0.0684959755628586
"CR-Kp","Temperature",2,25.8898915250129,0.0162623768513483,0.0689557498913556
"CR-Kp","Temperature",2,25.9675140845782,0.0163509116215055,0.0693311551302981
"CR-Kp","Temperature",2,26.0451366441435,0.0164216761646151,0.0696312110311324
"CR-Kp","Temperature",2,26.1227592037087,0.0164734964963835,0.0698509396642453
"CR-Kp","Temperature",2,26.200381763274,0.0165052446735316,0.0699855583231868
"CR-Kp","Temperature",2,26.2780043228393,0.016511302558734,0.0700112449753106
"CR-Kp","Temperature",2,26.3556268824046,0.0164908410080459,0.0699244838834642
"CR-Kp","Temperature",2,26.4332494419699,0.0164466107462991,0.0697369386743891
"CR-Kp","Temperature",2,26.5108720015352,0.0163779964839288,0.0694460003965326
"CR-Kp","Temperature",2,26.5884945611005,0.0162844640512921,0.0690494040631321
"CR-Kp","Temperature",2,26.6661171206658,0.016158453699341,0.0685150948171781
"CR-Kp","Temperature",2,26.7437396802311,0.0160046333831982,0.0678628657275988
"CR-Kp","Temperature",2,26.8213622397964,0.0158251903637681,0.0671019912207121
"CR-Kp","Temperature",2,26.8989847993617,0.0156203019128715,0.0662332229647064
"CR-Kp","Temperature",2,26.976607358927,0.0153902394842326,0.0652577119779894
"CR-Kp","Temperature",2,27.0542299184922,0.0151270827653837,0.0641418745421062
"CR-Kp","Temperature",2,27.1318524780575,0.0148404651146248,0.0629265580345112
"CR-Kp","Temperature",2,27.2094750376228,0.0145313751419529,0.0616159543605027
"CR-Kp","Temperature",2,27.2870975971881,0.0142007683511968,0.0602141150485652
"CR-Kp","Temperature",2,27.3647201567534,0.0138483192066891,0.0587196597619704
"CR-Kp","Temperature",2,27.4423427163187,0.013472141230284,0.0571245894538141
"CR-Kp","Temperature",2,27.519965275884,0.0130794477108235,0.0554594899201241
"CR-Kp","Temperature",2,27.5975878354493,0.0126716764858296,0.0537304578812904
"CR-Kp","Temperature",2,27.6752103950146,0.0122503043440594,0.0519437552187775
"CR-Kp","Temperature",2,27.7528329545799,0.0118154483523283,0.0500998783194372
"CR-Kp","Temperature",2,27.8304555141452,0.0113694485732014,0.0482087495193735
"CR-Kp","Temperature",2,27.9080780737105,0.0109163555404208,0.046287543896633
"CR-Kp","Temperature",2,27.9857006332758,0.0104577822534962,0.0443431008936774
"CR-Kp","Temperature",2,28.063323192841,0.00999533636015263,0.0423822372603249
"CR-Kp","Temperature",2,28.1409457524063,0.00953077978634947,0.0404124239171481
"CR-Kp","Temperature",2,28.2185683119716,0.00906699401306836,0.0384458789232722
"CR-Kp","Temperature",2,28.2961908715369,0.00860565030359396,0.0364896887712878
"CR-Kp","Temperature",2,28.3738134311022,0.00814815399727592,0.034549812382796
"CR-Kp","Temperature",2,28.4514359906675,0.00769586889275234,0.0326320325384231
"CR-Kp","Temperature",2,28.5290585502328,0.00725285238936598,0.0307535534277437
"CR-Kp","Temperature",2,28.6066811097981,0.00681915694382982,0.0289145974777756
"CR-Kp","Temperature",2,28.6843036693634,0.00639542197015976,0.0271178759325981
"CR-Kp","Temperature",2,28.7619262289287,0.0059825872528912,0.025367373667729
"CR-Kp","Temperature",2,28.839548788494,0.00558188393376202,0.0236683109718466
"CR-Kp","Temperature",2,28.9171713480593,0.00519843571917607,0.022042413391009
"CR-Kp","Temperature",2,28.9947939076245,0.00482883329023713,0.0204752247271307
"CR-Kp","Temperature",2,29.0724164671898,0.00447353055861479,0.018968669657019
"CR-Kp","Temperature",2,29.1500390267551,0.00413292153213767,0.017524418853143
"CR-Kp","Temperature",2,29.2276615863204,0.00380895624118993,0.0161507408366838
"CR-Kp","Temperature",2,29.3052841458857,0.00350423017111902,0.0148586409877344
"CR-Kp","Temperature",2,29.382906705451,0.00321493264391108,0.0136319612647956
"CR-Kp","Temperature",2,29.4605292650163,0.00294103314119117,0.0124705722638172
"CR-Kp","Temperature",2,29.5381518245816,0.00268245563018966,0.011374151590558
"CR-Kp","Temperature",2,29.6157743841469,0.00244178753381563,0.0103536704387503
"CR-Kp","Temperature",2,29.6933969437122,0.00221847792392746,0.00940679276222485
"CR-Kp","Temperature",2,29.7710195032775,0.0020095348448004,0.00852083206671799
"CR-Kp","Temperature",2,29.8486420628428,0.00181460224186085,0.00769427860919825
"CR-Kp","Temperature",2,29.9262646224081,0.00163329830131476,0.00692551342235679
"CR-Kp","Temperature",2,30.0038871819733,0.00146843616738937,0.00622646480373052
"CR-Kp","Temperature",2,30.0815097415386,0.00131708128204202,0.00558468963677632
"CR-Kp","Temperature",2,30.1591323011039,0.00117746629477143,0.00499269399977213
"CR-Kp","Temperature",2,30.2367548606692,0.0010490893302991,0.00444834984055831
"CR-Kp","Temperature",2,30.3143774202345,0.000931441126557751,0.00394949778550445
"CR-Kp","Temperature",2,30.3919999797998,0.000827109097751808,0.00350710899143319
"CR-Kp","Temperature",2,30.4696225393651,0.000732084345786251,0.0031041849238187
"CR-Kp","Temperature",2,30.5472450989304,0.000645665408276951,0.00273775124101581
"CR-Kp","Temperature",2,30.6248676584957,0.00056734955282693,0.00240567625650999
"CR-Kp","Temperature",2,30.702490218061,0.000497040873866425,0.00210755331138895
"CR-Kp","Temperature",2,30.7801127776263,0.000435599901657251,0.00184703122710419
"CR-Kp","Temperature",2,30.8577353371916,0.000380311121219312,0.0016125956737699
"CR-Kp","Temperature",2,30.9353578967568,0.000330744819071028,0.00140242457976447
"CR-Kp","Temperature",2,31.0129804563221,0.000286483510052358,0.00121474772400999
"CR-Kp","Temperature",2,31.0906030158874,0.000247703555800462,0.00105031291533255
"CR-Kp","Temperature",2,31.1682255754527,0.000214111344312725,0.000907875179765384
"CR-Kp","Temperature",2,31.245848135018,0.000184306548344304,0.000781496848040097
"CR-Kp","Temperature",2,31.3234706945833,0.000157973965541323,0.000669841398756542
"CR-Kp","Temperature",2,31.4010932541486,0.000134811568436946,0.000571628174686451
"CR-Kp","Temperature",2,31.4787158137139,0.000115048868021428,0.000487830348606849
"CR-Kp","Temperature",2,31.5563383732792,9.80399257349222e-05,0.000415709011059099
"CR-Kp","Temperature",2,31.6339609328445,8.31649329950937e-05,0.000352636048946657
"CR-Kp","Temperature",2,31.7115834924098,7.02182431982627e-05,0.000297739479293173
"CR-Kp","Temperature",2,31.7892060519751,5.90053608746812e-05,0.000250194602173813
"CR-Kp","Temperature",2,31.8668286115404,4.97089824755277e-05,0.000210776087300676
"CR-Kp","Temperature",2,31.9444511711056,4.17409996737311e-05,0.000176990237037726
"CR-Kp","Temperature",2,32.0220737306709,3.48752323064566e-05,0.00014787800198638
"CR-Kp","Temperature",2,32.0996962902362,2.8990958234506e-05,0.000122927495986762
"CR-Kp","Temperature",2,32.1773188498015,2.39843204730553e-05,0.000101698344526865
"CR-Kp","Temperature",2,32.2549414093668,1.9943598239464e-05,8.45648692503485e-05
"CR-Kp","Temperature",2,32.3325639689321,1.64941520915227e-05,6.99385235436062e-05
"CR-Kp","Humidity",3,27.2821446113199,0.000130526524373503,0.00099349199151884
"CR-Kp","Humidity",3,27.4184947437325,0.000141929353270855,0.00108028369339364
"CR-Kp","Humidity",3,27.5548448761451,0.000153730923336776,0.00117011038114249
"CR-Kp","Humidity",3,27.6911950085576,0.000165934142401421,0.00126299418747738
"CR-Kp","Humidity",3,27.8275451409701,0.000178451053756157,0.00135826563708633
"CR-Kp","Humidity",3,27.9638952733827,0.000191158600974328,0.00145498809601716
"CR-Kp","Humidity",3,28.1002454057952,0.000203991233480804,0.00155266263141509
"CR-Kp","Humidity",3,28.2365955382078,0.000216880019630037,0.00165076457568368
"CR-Kp","Humidity",3,28.3729456706203,0.000229722961628328,0.00174851758093748
"CR-Kp","Humidity",3,28.5092958030329,0.00024238294618942,0.00184487802058426
"CR-Kp","Humidity",3,28.6456459354454,0.000254782549391079,0.00193925658875642
"CR-Kp","Humidity",3,28.781996067858,0.000266837993177233,0.00203101561561503
"CR-Kp","Humidity",3,28.9183462002705,0.000278465079898301,0.00211951423761941
"CR-Kp","Humidity",3,29.0546963326831,0.000289440686092414,0.00220305416874263
"CR-Kp","Humidity",3,29.1910464650956,0.000299666378946687,0.00228088619565987
"CR-Kp","Humidity",3,29.3273965975082,0.000309137321285979,0.00235297350060717
"CR-Kp","Humidity",3,29.4637467299207,0.000317781331370801,0.00241876667816321
"CR-Kp","Humidity",3,29.6000968623333,0.000325529871181182,0.00247774405678052
"CR-Kp","Humidity",3,29.7364469947458,0.000332074224184745,0.00252755586575896
"CR-Kp","Humidity",3,29.8727971271584,0.000337448797056748,0.00256846398870024
"CR-Kp","Humidity",3,30.0091472595709,0.000341724994917831,0.00260101191985467
"CR-Kp","Humidity",3,30.1454973919835,0.000344874019347432,0.00262498046239361
"CR-Kp","Humidity",3,30.281847524396,0.0003468738994925,0.0026402023869615
"CR-Kp","Humidity",3,30.4181976568086,0.000347417452280988,0.00264433959466639
"CR-Kp","Humidity",3,30.5545477892211,0.000346708612084961,0.00263894431534367
"CR-Kp","Humidity",3,30.6908979216337,0.000344872813894472,0.00262497128718674
"CR-Kp","Humidity",3,30.8272480540462,0.000341941658688003,0.00260266103846525
"CR-Kp","Humidity",3,30.9635981864588,0.000337954148303968,0.00257231042849036
"CR-Kp","Humidity",3,31.0999483188713,0.000332713525923147,0.00253242185878463
"CR-Kp","Humidity",3,31.2362984512839,0.000326533992217202,0.00248538684212695
"CR-Kp","Humidity",3,31.3726485836964,0.000319558939094721,0.00243229679433119
"CR-Kp","Humidity",3,31.508998716109,0.000311873114131207,0.00237379676465434
"CR-Kp","Humidity",3,31.6453488485215,0.000303566312470579,0.00231057022150856
"CR-Kp","Humidity",3,31.7816989809341,0.00029463811214648,0.00224261395313136
"CR-Kp","Humidity",3,31.9180491133466,0.000285376528936671,0.00217212016811797
"CR-Kp","Humidity",3,32.0543992457592,0.000275911319948357,0.0021000765021039
"CR-Kp","Humidity",3,32.1907493781717,0.00026635284869037,0.00202732297793284
"CR-Kp","Humidity",3,32.3270995105843,0.000256812479777411,0.0019547072382841
"CR-Kp","Humidity",3,32.4634496429968,0.00024751461738688,0.00188393731724641
"CR-Kp","Humidity",3,32.5997997754094,0.000238573018608304,0.00181587906762605
"CR-Kp","Humidity",3,32.7361499078219,0.000230088867616996,0.00175130264451851
"CR-Kp","Humidity",3,32.8725000402345,0.000222164070285768,0.00169098369616088
"CR-Kp","Humidity",3,33.008850172647,0.000214899436392065,0.00163568952794985
"CR-Kp","Humidity",3,33.1452003050596,0.000208701842142674,0.00158851704493916
"CR-Kp","Humidity",3,33.2815504374721,0.000203425892252497,0.00154835958277808
"CR-Kp","Humidity",3,33.4179005698847,0.000199143617495498,0.00151576539782616
"CR-Kp","Humidity",3,33.5542507022972,0.000195921663989239,0.00149124176157002
"CR-Kp","Humidity",3,33.6906008347098,0.000193850817014573,0.00147547967876833
"CR-Kp","Humidity",3,33.8269509671223,0.000193356467200848,0.00147171697549172
"CR-Kp","Humidity",3,33.9633010995349,0.000194114354321679,0.0014774855714812
"CR-Kp","Humidity",3,34.0996512319474,0.00019614931646555,0.00149297451982088
"CR-Kp","Humidity",3,34.23600136436,0.000199480214790339,0.00151832738067522
"CR-Kp","Humidity",3,34.3723514967725,0.00020418141033416,0.0015541101470192
"CR-Kp","Humidity",3,34.5087016291851,0.000210575705062769,0.00160277979968004
"CR-Kp","Humidity",3,34.6450517615976,0.000218261608331979,0.00166128042537431
"CR-Kp","Humidity",3,34.7814018940102,0.000227217098441607,0.00172944440772768
"CR-Kp","Humidity",3,34.9177520264227,0.000237415147304481,0.00180706602465966
"CR-Kp","Humidity",3,35.0541021588353,0.000248902859912233,0.0018945038119711
"CR-Kp","Humidity",3,35.1904522912478,0.000261842214537002,0.0019929906540657
"CR-Kp","Humidity",3,35.3268024236604,0.000275851773762348,0.00209962327116706
"CR-Kp","Humidity",3,35.4631525560729,0.000290874462969526,0.0022139672444709
"CR-Kp","Humidity",3,35.5995026884855,0.000306850196496758,0.0023355652368646
"CR-Kp","Humidity",3,35.735852820898,0.000323787034148623,0.00246447859489314
"CR-Kp","Humidity",3,35.8722029533106,0.000341693596180466,0.00260077293092682
"CR-Kp","Humidity",3,36.0085530857231,0.000360277144798241,0.00274222009512871
"CR-Kp","Humidity",3,36.1449032181357,0.000379463509895765,0.00288825554778661
"CR-Kp","Humidity",3,36.2812533505482,0.000399177747334545,0.00303830885770455
"CR-Kp","Humidity",3,36.4176034829608,0.000419381028487351,0.00319208448395413
"CR-Kp","Humidity",3,36.5539536153733,0.000439981219799714,0.00334888115950204
"CR-Kp","Humidity",3,36.6903037477858,0.000460803477256676,0.00350736807339273
"CR-Kp","Humidity",3,36.8266538801984,0.000481773333507652,0.00366697842346251
"CR-Kp","Humidity",3,36.963004012611,0.00050281710080153,0.00382715134140545
"CR-Kp","Humidity",3,37.0993541450235,0.000523845499824521,0.00398720728500832
"CR-Kp","Humidity",3,37.235704277436,0.000544729227496356,0.0041461620744246
"CR-Kp","Humidity",3,37.3720544098486,0.000565403874895056,0.00430352546639931
"CR-Kp","Humidity",3,37.5084045422611,0.000585803451647466,0.00445879518059089
"CR-Kp","Humidity",3,37.6447546746737,0.000605863115253943,0.00461147767360334
"CR-Kp","Humidity",3,37.7811048070862,0.000625438094239743,0.00476047102916755
"CR-Kp","Humidity",3,37.9174549394988,0.000644409412413518,0.00490486966970951
"CR-Kp","Humidity",3,38.0538050719113,0.000662794836582899,0.00504480882583603
"CR-Kp","Humidity",3,38.1901552043239,0.000680536880567353,0.0051798509461739
"CR-Kp","Humidity",3,38.3265053367364,0.000697578953265557,0.00530956529217226
"CR-Kp","Humidity",3,38.462855469149,0.000713711122621866,0.00543235398311646
"CR-Kp","Humidity",3,38.5992056015615,0.000728856211208536,0.0055476295893116
"CR-Kp","Humidity",3,38.7355557339741,0.000743086628408172,0.005655943248866
"CR-Kp","Humidity",3,38.8719058663866,0.000756353259021074,0.0057569211254441
"CR-Kp","Humidity",3,39.0082559987992,0.000768608477048361,0.00585020071764092
"CR-Kp","Humidity",3,39.1446061312117,0.000779575852680314,0.00593367800251173
"CR-Kp","Humidity",3,39.2809562636243,0.000789256973675149,0.00600736506514867
"CR-Kp","Humidity",3,39.4173063960368,0.000797765883969785,0.00607212994167356
"CR-Kp","Humidity",3,39.5536565284494,0.000805073823195624,0.00612775372488718
"CR-Kp","Humidity",3,39.6900066608619,0.000811156102201603,0.0061740484953304
"CR-Kp","Humidity",3,39.8263567932745,0.000815708357292543,0.0062086976135683
"CR-Kp","Humidity",3,39.962706925687,0.000818860664360147,0.00623269114163859
"CR-Kp","Humidity",3,40.0990570580996,0.000820767829205558,0.00624720737126714
"CR-Kp","Humidity",3,40.2354071905121,0.000821449403931911,0.00625239512169184
"CR-Kp","Humidity",3,40.3717573229247,0.000820933021596822,0.00624846471967635
"CR-Kp","Humidity",3,40.5081074553372,0.000818995688046963,0.00623371886341514
"CR-Kp","Humidity",3,40.6444575877498,0.000815919662890365,0.00621030594888717
"CR-Kp","Humidity",3,40.7808077201623,0.000811898349866105,0.00617969805287394
"CR-Kp","Humidity",3,40.9171578525749,0.000807030931733268,0.0061426500968546
"CR-Kp","Humidity",3,41.0535079849874,0.00080142763283124,0.00610000104439595
"CR-Kp","Humidity",3,41.1898581174,0.000795124162967577,0.00605202269778488
"CR-Kp","Humidity",3,41.3262082498125,0.000788481356553005,0.00600146151870068
"CR-Kp","Humidity",3,41.4625583822251,0.000781716922245422,0.00594997457883159
"CR-Kp","Humidity",3,41.5989085146376,0.000775019782863884,0.00589899984880198
"CR-Kp","Humidity",3,41.7352586470502,0.000768588750269597,0.00585005056887372
"CR-Kp","Humidity",3,41.8716087794627,0.000762905037247047,0.00580678945089715
"CR-Kp","Humidity",3,42.0079589118753,0.000758194468888967,0.00577093534414209
"CR-Kp","Humidity",3,42.1443090442878,0.000754672752132305,0.00574413008436109
"CR-Kp","Humidity",3,42.2806591767004,0.000752586116372845,0.00572824782651205
"CR-Kp","Humidity",3,42.4170093091129,0.000752183801498257,0.00572518563966618
"CR-Kp","Humidity",3,42.5533594415255,0.000754484077067772,0.00574269399950008
"CR-Kp","Humidity",3,42.689709573938,0.000759274221354114,0.00577915379194107
"CR-Kp","Humidity",3,42.8260597063506,0.00076673696371041,0.00583595584655284
"CR-Kp","Humidity",3,42.9624098387631,0.000777098918357801,0.00591482501899174
"CR-Kp","Humidity",3,43.0987599711757,0.000790578465416548,0.00601742349172703
"CR-Kp","Humidity",3,43.2351101035882,0.000808623097595113,0.00615476873741831
"CR-Kp","Humidity",3,43.3714602360008,0.000830343099508885,0.0063200887600013
"CR-Kp","Humidity",3,43.5078103684133,0.000855858111991435,0.00651429419592005
"CR-Kp","Humidity",3,43.6441605008259,0.000885278899624742,0.00673822812075381
"CR-Kp","Humidity",3,43.7805106332384,0.000918775187873638,0.00699318238603141
"CR-Kp","Humidity",3,43.916860765651,0.000957647107764351,0.00728905283299034
"CR-Kp","Humidity",3,44.0532108980635,0.00100058368132782,0.00761586105977265
"CR-Kp","Humidity",3,44.1895610304761,0.00104753472391805,0.00797322509003968
"CR-Kp","Humidity",3,44.3259111628886,0.00109842586267675,0.00836057884084792
"CR-Kp","Humidity",3,44.4622612953012,0.00115330838563178,0.00877831268683726
"CR-Kp","Humidity",3,44.5986114277137,0.00121287187947421,0.00923167536084835
"CR-Kp","Humidity",3,44.7349615601263,0.00127575116202263,0.00971027589008289
"CR-Kp","Humidity",3,44.8713116925388,0.00134170867722905,0.0102123061360622
"CR-Kp","Humidity",3,45.0076618249514,0.00141048854664069,0.0107358185008184
"CR-Kp","Humidity",3,45.1440119573639,0.00148194745291325,0.0112797221360775
"CR-Kp","Humidity",3,45.2803620897765,0.00155602495167486,0.0118435569744343
"CR-Kp","Humidity",3,45.416712222189,0.00163168413411021,0.0124194306690352
"CR-Kp","Humidity",3,45.5530623546016,0.00170858215373918,0.0130047336718673
"CR-Kp","Humidity",3,45.6894124870141,0.00178637314057112,0.0135968334217137
"CR-Kp","Humidity",3,45.8257626194267,0.00186470594772565,0.0141930571927422
"CR-Kp","Humidity",3,45.9621127518392,0.00194301108148507,0.0147890703299815
"CR-Kp","Humidity",3,46.0984628842517,0.00202083867572105,0.0153814487140973
"CR-Kp","Humidity",3,46.2348130166643,0.00209788068170807,0.0159678476573468
"CR-Kp","Humidity",3,46.3711631490768,0.00217384334692508,0.0165460312863812
"CR-Kp","Humidity",3,46.5075132814894,0.0022482565825056,0.0171124215581447
"CR-Kp","Humidity",3,46.6438634139019,0.00232050974776801,0.017662370630907
"CR-Kp","Humidity",3,46.7802135463145,0.00239075241979905,0.0181970169984608
"CR-Kp","Humidity",3,46.916563678727,0.00245883420874613,0.0187152159807126
"CR-Kp","Humidity",3,47.0529138111396,0.00252462839053328,0.0192160030276964
"CR-Kp","Humidity",3,47.1892639435521,0.00258770920409697,0.0196961374938121
"CR-Kp","Humidity",3,47.3256140759647,0.00264780812734207,0.0201535755450397
"CR-Kp","Humidity",3,47.4619642083772,0.00270544719726025,0.0205922906233516
"CR-Kp","Humidity",3,47.5983143407898,0.00276066496167524,0.0210125761323634
"CR-Kp","Humidity",3,47.7346644732023,0.00281351928773554,0.0214148725231551
"CR-Kp","Humidity",3,47.8710146056149,0.00286376820650551,0.0217973380689134
"CR-Kp","Humidity",3,48.0073647380274,0.00291154293497979,0.022160971517088
"CR-Kp","Humidity",3,48.14371487044,0.00295741102767165,0.0225100927625539
"CR-Kp","Humidity",3,48.2800650028525,0.00300152085794947,0.0228458311370996
"CR-Kp","Humidity",3,48.4164151352651,0.00304402509491293,0.0231693486691223
"CR-Kp","Humidity",3,48.5527652676776,0.00308487389551509,0.0234802659823365
"CR-Kp","Humidity",3,48.6891154000902,0.003124350122199,0.0237807360611507
"CR-Kp","Humidity",3,48.8254655325027,0.00316282123259868,0.0240735557793679
"CR-Kp","Humidity",3,48.9618156649153,0.00320041041609107,0.0243596627828805
"CR-Kp","Humidity",3,49.0981657973278,0.00323722944291822,0.0246399078017674
"CR-Kp","Humidity",3,49.2345159297404,0.00327326665884828,0.0249142021307936
"CR-Kp","Humidity",3,49.3708660621529,0.00330865917838708,0.025183589405834
"CR-Kp","Humidity",3,49.5072161945655,0.00334351498425186,0.0254488915285313
"CR-Kp","Humidity",3,49.643566326978,0.00337783062942875,0.0257100822622207
"CR-Kp","Humidity",3,49.7799164593906,0.00341158470249925,0.025966998635637
"CR-Kp","Humidity",3,49.9162665918031,0.00344456911091374,0.0262180567693158
"CR-Kp","Humidity",3,50.0526167242157,0.00347669929082868,0.0264626130124608
"CR-Kp","Humidity",3,50.1889668566282,0.00350792671092236,0.0267002979728761
"CR-Kp","Humidity",3,50.3253169890408,0.0035381150189078,0.0269300738162534
"CR-Kp","Humidity",3,50.4616671214533,0.0035671159184396,0.0271508117970584
"CR-Kp","Humidity",3,50.5980172538659,0.00359435932037132,0.0273581727282622
"CR-Kp","Humidity",3,50.7343673862784,0.00361975249056073,0.027551450771507
"CR-Kp","Humidity",3,50.870717518691,0.00364324943469227,0.0277302958448121
"CR-Kp","Humidity",3,51.0070676511035,0.0036646686543841,0.0278933264880516
"CR-Kp","Humidity",3,51.1434177835161,0.00368383136514913,0.0280391818976875
"CR-Kp","Humidity",3,51.2797679159286,0.00369984122102476,0.0281610396095522
"CR-Kp","Humidity",3,51.4161180483412,0.00371293113558287,0.0282606724262963
"CR-Kp","Humidity",3,51.5524681807537,0.00372317530171048,0.0283386450610264
"CR-Kp","Humidity",3,51.6888183131663,0.00373047847879112,0.0283942325975604
"CR-Kp","Humidity",3,51.8251684455788,0.00373476398569567,0.0284268513837397
"CR-Kp","Humidity",3,51.9615185779914,0.00373509755311633,0.0284293903049486
"CR-Kp","Humidity",3,52.0978687104039,0.00373222168216198,0.0284075008478019
"CR-Kp","Humidity",3,52.2342188428165,0.00372637409562652,0.0283629924199511
"CR-Kp","Humidity",3,52.370568975229,0.00371765805358936,0.0282966509770664
"CR-Kp","Humidity",3,52.5069191076416,0.00370620548165534,0.0282094806601262
"CR-Kp","Humidity",3,52.6432692400541,0.00369153500095433,0.0280978174931327
"CR-Kp","Humidity",3,52.7796193724667,0.00367472717591896,0.0279698861041094
"CR-Kp","Humidity",3,52.9159695048792,0.00365617448867165,0.0278286738387111
"CR-Kp","Humidity",3,53.0523196372918,0.00363622185477147,0.0276768059935763
"CR-Kp","Humidity",3,53.1886697697043,0.00361524247434611,0.0275171231510302
"CR-Kp","Humidity",3,53.3250199021169,0.00359375056748787,0.0273535392553537
"CR-Kp","Humidity",3,53.4613700345294,0.00357259773700601,0.0271925362118532
"CR-Kp","Humidity",3,53.597720166942,0.00355230369566368,0.0270380697718255
"CR-Kp","Humidity",3,53.7340702993545,0.00353339995571821,0.0268941854974551
"CR-Kp","Humidity",3,53.8704204317671,0.00351647242787933,0.0267653430003085
"CR-Kp","Humidity",3,54.0067705641796,0.00350327485515967,0.0266648907522508
"CR-Kp","Humidity",3,54.1431206965922,0.0034937514147614,0.0265924038626107
"CR-Kp","Humidity",3,54.2794708290047,0.00348847521487403,0.0265522444976163
"CR-Kp","Humidity",3,54.4158209614173,0.00348801121966388,0.0265487128359284
"CR-Kp","Humidity",3,54.5521710938298,0.00349314112636198,0.0265877587022476
"CR-Kp","Humidity",3,54.6885212262424,0.00350635119432469,0.0266883060568284
"CR-Kp","Humidity",3,54.8248713586549,0.00352645627923247,0.02684133427037
"CR-Kp","Humidity",3,54.9612214910674,0.0035538814403744,0.027050078646974
"CR-Kp","Humidity",3,55.09757162348,0.00358901874858432,0.0273175234018055
"CR-Kp","Humidity",3,55.2339217558926,0.0036327260843507,0.0276501982222142
"CR-Kp","Humidity",3,55.3702718883051,0.00368734316076031,0.0280659116434791
"CR-Kp","Humidity",3,55.5066220207176,0.00375073138183455,0.0285483859167821
"CR-Kp","Humidity",3,55.6429721531302,0.00382298855354226,0.0290983654842759
"CR-Kp","Humidity",3,55.7793222855427,0.00390416559505539,0.0297162379130837
"CR-Kp","Humidity",3,55.9156724179553,0.00399497456937836,0.0304074230126711
"CR-Kp","Humidity",3,56.0520225503678,0.00409680650057897,0.0311825084492466
"CR-Kp","Humidity",3,56.1883726827804,0.00420710740529276,0.0320220547867929
"CR-Kp","Humidity",3,56.3247228151929,0.00432559803717255,0.0329239365645205
"CR-Kp","Humidity",3,56.4610729476055,0.00445195952508511,0.0338857267208133
"CR-Kp","Humidity",3,56.597423080018,0.00458653301667994,0.0349100218731733
"CR-Kp","Humidity",3,56.7337732124306,0.00472949617427527,0.0359981742838418
"CR-Kp","Humidity",3,56.8701233448431,0.00487857259981416,0.0371328573347237
"CR-Kp","Humidity",3,57.0064734772557,0.00503324242189825,0.0383101140670832
"CR-Kp","Humidity",3,57.1428236096682,0.00519297473094078,0.0395259035059138
"CR-Kp","Humidity",3,57.2791737420808,0.00535767904321128,0.0407795369416829
"CR-Kp","Humidity",3,57.4155238744933,0.00552675664883129,0.0420664573429954
"CR-Kp","Humidity",3,57.5518740069059,0.00569874919879566,0.0433755646053749
"CR-Kp","Humidity",3,57.6882241393184,0.00587317589008271,0.0447031991358473
"CR-Kp","Humidity",3,57.824574271731,0.00604958235360349,0.0460459025411609
"CR-Kp","Humidity",3,57.9609244041435,0.00622768476683921,0.0474015145293691
"CR-Kp","Humidity",3,58.0972745365561,0.00640695048183785,0.0487659808940401
"CR-Kp","Humidity",3,58.2336246689686,0.00658688587553042,0.0501355444634555
"CR-Kp","Humidity",3,58.3699748013812,0.00676733707282359,0.051509034029896
"CR-Kp","Humidity",3,58.5063249337937,0.00694820393914852,0.0528856874272601
"CR-Kp","Humidity",3,58.6426750662063,0.0071295358086669,0.054265880158495
"CR-Kp","Humidity",3,58.7790251986188,0.00731152088764192,0.0556510447402182
"CR-Kp","Humidity",3,58.9153753310314,0.0074943510891294,0.0570426419029973
"CR-Kp","Humidity",3,59.0517254634439,0.00767834322982944,0.0584430830712983
"CR-Kp","Humidity",3,59.1880755958565,0.00786387057405517,0.0598552093159885
"CR-Kp","Humidity",3,59.324425728269,0.00805194021943024,0.0612866860784683
"CR-Kp","Humidity",3,59.4607758606816,0.0082434413957455,0.0627442816587446
"CR-Kp","Humidity",3,59.5971259930941,0.00843873559089578,0.0642307474924378
"CR-Kp","Humidity",3,59.7334761255067,0.00863853286586521,0.0657514881507994
"CR-Kp","Humidity",3,59.8698262579192,0.00884357642560858,0.06731216047771
"CR-Kp","Humidity",3,60.0061763903318,0.0090562680303531,0.0689310452751962
"CR-Kp","Humidity",3,60.1425265227443,0.00927745916252207,0.0706146235322563
"CR-Kp","Humidity",3,60.2788766551569,0.00950720813356044,0.0723633390816964
"CR-Kp","Humidity",3,60.4152267875694,0.00974635843717628,0.0741836121070607
"CR-Kp","Humidity",3,60.551576919982,0.00999574846864451,0.0760818239855853
"CR-Kp","Humidity",3,60.6879270523945,0.0102591857238137,0.0780869551612949
"CR-Kp","Humidity",3,60.8242771848071,0.0105364385578867,0.0801972424887137
"CR-Kp","Humidity",3,60.9606273172196,0.0108270296683688,0.0824090530188428
"CR-Kp","Humidity",3,61.0969774496322,0.0111316107709925,0.0847273472328123
"CR-Kp","Humidity",3,61.2333275820447,0.0114507906803587,0.0871567590732873
"CR-Kp","Humidity",3,61.3696777144573,0.0117892755297675,0.0897331088899407
"CR-Kp","Humidity",3,61.5060278468698,0.0121449849033527,0.0924405617671344
"CR-Kp","Humidity",3,61.6423779792824,0.0125169352953959,0.0952716318313292
"CR-Kp","Humidity",3,61.7787281116949,0.0129053141897786,0.0982277461007937
"CR-Kp","Humidity",3,61.9150782441075,0.0133102401862909,0.101309807288156
"CR-Kp","Humidity",3,62.05142837652,0.0137363502298318,0.104553109121216
"CR-Kp","Humidity",3,62.1877785089326,0.0141796709466091,0.107927408589517
"CR-Kp","Humidity",3,62.3241286413451,0.0146388865580798,0.111422690752022
"CR-Kp","Humidity",3,62.4604787737577,0.0151135714169437,0.115035715829033
"CR-Kp","Humidity",3,62.5968289061702,0.0156032221688878,0.118762652580261
"CR-Kp","Humidity",3,62.7331790385828,0.0161111489879533,0.122628696125366
"CR-Kp","Humidity",3,62.8695291709953,0.0166323198595888,0.126595545696118
"CR-Kp","Humidity",3,63.0058793034079,0.0171652605167775,0.130651980029394
"CR-Kp","Humidity",3,63.1422294358204,0.0177089376114264,0.134790133880485
"CR-Kp","Humidity",3,63.278579568233,0.0182622508759111,0.139001632652136
"CR-Kp","Humidity",3,63.4149297006455,0.0188259205138093,0.143291958115118
"CR-Kp","Humidity",3,63.5512798330581,0.0193954491422106,0.14762687880632
"CR-Kp","Humidity",3,63.6876299654706,0.0199692975728101,0.151994679319531
"CR-Kp","Humidity",3,63.8239800978832,0.0205460000748797,0.156384203364893
"CR-Kp","Humidity",3,63.9603302302957,0.0211240467229483,0.160783958267867
"CR-Kp","Humidity",3,64.0966803627082,0.0217007322060965,0.165173352775097
"CR-Kp","Humidity",3,64.2330304951208,0.0222740229458224,0.169536908469722
"CR-Kp","Humidity",3,64.3693806275333,0.022842341494326,0.173862618736505
"CR-Kp","Humidity",3,64.5057307599459,0.0234041231327639,0.178138573845623
"CR-Kp","Humidity",3,64.6420808923585,0.0239574931890537,0.182350504883464
"CR-Kp","Humidity",3,64.778431024771,0.0244972007604894,0.186458445032465
"CR-Kp","Humidity",3,64.9147811571835,0.0250243963388609,0.190471151167024
"CR-Kp","Humidity",3,65.0511312895961,0.0255377638334321,0.194378605969875
"CR-Kp","Humidity",3,65.1874814220086,0.0260360478199164,0.19817125388148
"CR-Kp","Humidity",3,65.3238315544212,0.0265170987357101,0.201832733681449
"CR-Kp","Humidity",3,65.4601816868337,0.0269750588165934,0.205318459475319
"CR-Kp","Humidity",3,65.5965318192463,0.0274138332842446,0.208658155539293
"CR-Kp","Humidity",3,65.7328819516588,0.0278327124703663,0.211846420291023
"CR-Kp","Humidity",3,65.8692320840714,0.02823107507296,0.214878524741034
"CR-Kp","Humidity",3,66.0055822164839,0.0286067577937505,0.217738003120995
"CR-Kp","Humidity",3,66.1419323488965,0.0289551409133611,0.220389692813759
"CR-Kp","Humidity",3,66.278282481309,0.0292817551372955,0.222875690333055
"CR-Kp","Humidity",3,66.4146326137216,0.0295866242498733,0.225196176711294
"CR-Kp","Humidity",3,66.5509827461341,0.0298698563274272,0.227351974562663
"CR-Kp","Humidity",3,66.6873328785467,0.0301296059791139,0.229329037845311
"CR-Kp","Humidity",3,66.8236830109592,0.0303634846499616,0.231109186267936
"CR-Kp","Humidity",3,66.9600331433718,0.0305772629526225,0.232736342377956
"CR-Kp","Humidity",3,67.0963832757843,0.0307715740750887,0.234215325634117
"CR-Kp","Humidity",3,67.2327334081969,0.030947108272257,0.23555138985525
"CR-Kp","Humidity",3,67.3690835406094,0.0311026208685124,0.236735061294459
"CR-Kp","Humidity",3,67.505433673022,0.0312379173776702,0.237764859636014
"CR-Kp","Humidity",3,67.6417838054345,0.0313579093705757,0.238678168900703
"CR-Kp","Humidity",3,67.7781339378471,0.0314635961838655,0.239482595457807
"CR-Kp","Humidity",3,67.9144840702596,0.0315560066855555,0.240185970452291
"CR-Kp","Humidity",3,68.0508342026722,0.0316347323600263,0.240785184500846
"CR-Kp","Humidity",3,68.1871843350847,0.0317011390244947,0.241290633409791
"CR-Kp","Humidity",3,68.3235344674973,0.0317587718929041,0.241729301285824
"CR-Kp","Humidity",3,68.4598845999098,0.0318088210913084,0.242110246676313
"CR-Kp","Humidity",3,68.5962347323224,0.031852495257172,0.242442669026713
"CR-Kp","Humidity",3,68.7325848647349,0.0318905432793104,0.242732268443146
"CR-Kp","Humidity",3,68.8689349971475,0.0319251859454123,0.242995948269927
"CR-Kp","Humidity",3,69.00528512956,0.0319585956855699,0.243250243781469
"CR-Kp","Humidity",3,69.1416352619726,0.0319921156210972,0.243505378036076
"CR-Kp","Humidity",3,69.2779853943851,0.0320271081791471,0.243771721036874
"CR-Kp","Humidity",3,69.4143355267977,0.0320659736348224,0.244067542281985
"CR-Kp","Humidity",3,69.5506856592102,0.0321111059122128,0.244411062929314
"CR-Kp","Humidity",3,69.6870357916228,0.032163478396383,0.244809691819869
"CR-Kp","Humidity",3,69.8233859240353,0.0322245762852637,0.245274733416533
"CR-Kp","Humidity",3,69.9597360564479,0.0322958957457488,0.245817575671557
"CR-Kp","Humidity",3,70.0960861888604,0.0323819873969737,0.246472855251237
"CR-Kp","Humidity",3,70.232436321273,0.0324844836171619,0.247252996869247
"CR-Kp","Humidity",3,70.3687864536855,0.0326032763601147,0.24815717814076
"CR-Kp","Humidity",3,70.5051365860981,0.0327398355994475,0.249196587650024
"CR-Kp","Humidity",3,70.6414867185106,0.0328956092927305,0.250382246407957
"CR-Kp","Humidity",3,70.7778368509232,0.0330773835814993,0.251765806577223
"CR-Kp","Humidity",3,70.9141869833357,0.0332847555575699,0.253344201455048
"CR-Kp","Humidity",3,71.0505371157483,0.033516606136044,0.25510891321803
"CR-Kp","Humidity",3,71.1868872481608,0.0337740364118026,0.257068322760023
"CR-Kp","Humidity",3,71.3232373805734,0.0340580750170032,0.259230259430776
"CR-Kp","Humidity",3,71.4595875129859,0.034377025029817,0.261657921432398
"CR-Kp","Humidity",3,71.5959376453985,0.0347273402900759,0.264324317456076
"CR-Kp","Humidity",3,71.732287777811,0.0351070617534439,0.267214536395672
"CR-Kp","Humidity",3,71.8686379102236,0.0355165180786197,0.270331079810057
"CR-Kp","Humidity",3,72.0049880426361,0.0359559240803785,0.273675582744369
"CR-Kp","Humidity",3,72.1413381750487,0.0364335571896338,0.277311048188707
"CR-Kp","Humidity",3,72.2776883074612,0.0369426242962543,0.281185770939509
"CR-Kp","Humidity",3,72.4140384398738,0.0374806694484061,0.285281057719756
"CR-Kp","Humidity",3,72.5503885722863,0.0380470308599223,0.289591871398028
"CR-Kp","Humidity",3,72.6867387046989,0.0386409258718033,0.294112254829203
"CR-Kp","Humidity",3,72.8230888371114,0.0392686851942957,0.298890393697842
"CR-Kp","Humidity",3,72.9594389695239,0.0399216404499779,0.303860309356396
"CR-Kp","Humidity",3,73.0957891019365,0.0405972481965831,0.30900264260155
"CR-Kp","Humidity",3,73.232139234349,0.0412939613007086,0.314305617553632
"CR-Kp","Humidity",3,73.3684893667616,0.0420101436248044,0.319756780885159
"CR-Kp","Humidity",3,73.5048394991742,0.0427485326177712,0.325376968465111
"CR-Kp","Humidity",3,73.6411896315867,0.0435010733602988,0.331104870932301
"CR-Kp","Humidity",3,73.7775397639992,0.0442654105466883,0.336922561069557
"CR-Kp","Humidity",3,73.9138898964118,0.0450394763514723,0.342814299792032
"CR-Kp","Humidity",3,74.0502400288243,0.0458211795208913,0.348764169692348
"CR-Kp","Humidity",3,74.1865901612369,0.0466086962878015,0.354758289315676
"CR-Kp","Humidity",3,74.3229402936495,0.0473972657157442,0.360760421182574
"CR-Kp","Humidity",3,74.459290426062,0.0481847091458054,0.36675398260846
"CR-Kp","Humidity",3,74.5956405584745,0.0489688570782829,0.372722460623344
"CR-Kp","Humidity",3,74.7319906908871,0.0497473255003735,0.378647709508269
"CR-Kp","Humidity",3,74.8683408232996,0.0505142722006013,0.384485261747213
"CR-Kp","Humidity",3,75.0046909557122,0.0512693936098546,0.390232806748649
"CR-Kp","Humidity",3,75.1410410881247,0.0520106740958269,0.395875002691714
"CR-Kp","Humidity",3,75.2773912205373,0.052736130754439,0.401396756863784
"CR-Kp","Humidity",3,75.4137413529498,0.0534428209131625,0.406775671352979
"CR-Kp","Humidity",3,75.5500914853624,0.0541226850847553,0.411950402029675
"CR-Kp","Humidity",3,75.6864416177749,0.0547792120182037,0.416947503222157
"CR-Kp","Humidity",3,75.8227917501875,0.0554106840401412,0.42175390099973
"CR-Kp","Humidity",3,75.9591418826,0.0560154235423282,0.426356826384143
"CR-Kp","Humidity",3,76.0954920150126,0.0565896257463307,0.430727319614748
"CR-Kp","Humidity",3,76.2318421474251,0.0571245986287403,0.434799222064497
"CR-Kp","Humidity",3,76.3681922798377,0.0576266457978595,0.438620513133716
"CR-Kp","Humidity",3,76.5045424122502,0.0580943959249776,0.442180755065801
"CR-Kp","Humidity",3,76.6408925446628,0.0585265243288973,0.445469865157889
"CR-Kp","Humidity",3,76.7772426770753,0.0589181595502819,0.448450764694667
"CR-Kp","Humidity",3,76.9135928094879,0.0592613354788236,0.451062820277428
"CR-Kp","Humidity",3,77.0499429419004,0.0595642461037121,0.453368399786399
"CR-Kp","Humidity",3,77.186293074313,0.0598259461493508,0.455360308333494
"CR-Kp","Humidity",3,77.3226432067255,0.0600455512788325,0.457031814860491
"CR-Kp","Humidity",3,77.4589933391381,0.060217177234055,0.4583381318169
"CR-Kp","Humidity",3,77.5953434715506,0.0603348177474311,0.459233542986992
"CR-Kp","Humidity",3,77.7316936039632,0.0604077271576777,0.459788487014913
"CR-Kp","Humidity",3,77.8680437363757,0.0604355160629119,0.46
"CR-Kp","Humidity",3,78.0043938687883,0.0604178708261784,0.459865694720155
"CR-Kp","Humidity",3,78.1407440012008,0.0603482744893439,0.45933596788022
"CR-Kp","Humidity",3,78.2770941336134,0.0602236250393427,0.458387208760816
"CR-Kp","Humidity",3,78.4134442660259,0.0600533904029549,0.457091481714209
"CR-Kp","Humidity",3,78.5497943984385,0.0598378186611465,0.455450674988431
"CR-Kp","Humidity",3,78.686144530851,0.0595772338662423,0.453467255081316
"CR-Kp","Humidity",3,78.8224946632636,0.0592650790313349,0.451091314021958
"CR-Kp","Humidity",3,78.9588447956761,0.0589014411853464,0.448323514223895
"CR-Kp","Humidity",3,79.0951949280887,0.0584951308762547,0.445230916454273
"CR-Kp","Humidity",3,79.2315450605012,0.0580469569624295,0.44181967727258
"CR-Kp","Humidity",3,79.3678951929138,0.0575577826562017,0.438096366949052
"CR-Kp","Humidity",3,79.5042453253263,0.057021567654459,0.434015010209335
"CR-Kp","Humidity",3,79.6405954577389,0.0564410443005136,0.429596404061637
"CR-Kp","Humidity",3,79.7769455901514,0.0558236457989825,0.424897125736477
"CR-Kp","Humidity",3,79.913295722564,0.0551705051516477,0.419925798984485
"CR-Kp","Humidity",3,80.0496458549765,0.0544827755252975,0.414691201040591
"CR-Kp","Humidity",3,80.1859959873891,0.0537552472276611,0.409153678757099
"CR-Kp","Humidity",3,80.3223461198016,0.052992221284449,0.403345969040312
"CR-Kp","Humidity",3,80.4586962522142,0.0521993992628178,0.397311468903493
"CR-Kp","Humidity",3,80.5950463846267,0.0513779658745986,0.391059195684092
"CR-Kp","Humidity",3,80.7313965170393,0.05052909839142,0.384598110089065
"CR-Kp","Humidity",3,80.8677466494518,0.049648488818728,0.377895422169321
"CR-Kp","Humidity",3,81.0040967818643,0.0487409650921828,0.370987879363263
"CR-Kp","Humidity",3,81.1404469142769,0.0478105753298376,0.363906293591194
"CR-Kp","Humidity",3,81.2767970466895,0.0468584014880094,0.356658900075351
"CR-Kp","Humidity",3,81.413147179102,0.0458855114632641,0.349253827023323
"CR-Kp","Humidity",3,81.5494973115146,0.0448885436505413,0.341665487852444
"CR-Kp","Humidity",3,81.6858474439271,0.0438722276534964,0.333929881555081
"CR-Kp","Humidity",3,81.8221975763396,0.0428393414619957,0.326068152574464
"CR-Kp","Humidity",3,81.9585477087522,0.0417908954364154,0.318087991186169
"CR-Kp","Humidity",3,82.0948978411648,0.0407278999622151,0.309997087856691
"CR-Kp","Humidity",3,82.2312479735773,0.0396482334504379,0.30177929428477
"CR-Kp","Humidity",3,82.3675981059899,0.0385562303013984,0.293467601404787
"CR-Kp","Humidity",3,82.5039482384024,0.0374538733946175,0.285077101742447
"CR-Kp","Humidity",3,82.6402983708149,0.0363422577531652,0.276616129976512
"CR-Kp","Humidity",3,82.7766485032275,0.0352224994121833,0.268093180717412
"CR-Kp","Humidity",3,82.9129986356401,0.0340943824105375,0.259506610194594
"CR-Kp","Humidity",3,83.0493487680526,0.0329614415706919,0.250883323420863
"CR-Kp","Humidity",3,83.1856989004652,0.0318252691472512,0.242235439712239
"CR-Kp","Humidity",3,83.3220490328777,0.0306871848501674,0.233573003933358
"CR-Kp","Humidity",3,83.4583991652902,0.0295485392617025,0.22490629593092
"CR-Kp","Humidity",3,83.5947492977028,0.0284119019562689,0.216254873810934
"CR-Kp","Humidity",3,83.7310994301153,0.0272791098964167,0.207632719463984
"CR-Kp","Humidity",3,83.8674495625279,0.026151644481837,0.199051108442961
"CR-Kp","Humidity",3,84.0037996949404,0.0250310424520587,0.190521737515419
"CR-Kp","Humidity",3,84.140149827353,0.0239188586828686,0.182056441491557
"CR-Kp","Humidity",3,84.2764999597655,0.0228211398320058,0.17370124401345
"CR-Kp","Humidity",3,84.4128500921781,0.0217366610964778,0.165446822593046
"CR-Kp","Humidity",3,84.5492002245906,0.0206669696562205,0.157304953464203
"CR-Kp","Humidity",3,84.6855503570032,0.0196136211720508,0.149287477412312
"CR-Kp","Humidity",3,84.8219004894157,0.0185785614093503,0.141409204471835
"CR-Kp","Humidity",3,84.9582506218283,0.0175701535713183,0.133733790481626
"CR-Kp","Humidity",3,85.0946007542408,0.0165840198232854,0.126227913910258
"CR-Kp","Humidity",3,85.2309508866534,0.0156214751717203,0.118901583822185
"CR-Kp","Humidity",3,85.3673010190659,0.0146837791279689,0.111764386885261
"CR-Kp","Humidity",3,85.5036511514785,0.0137733135385952,0.10483445233029
"CR-Kp","Humidity",3,85.640001283891,0.0128988544134359,0.0981785780401698
"CR-Kp","Humidity",3,85.7763514163036,0.0120534544250293,0.0917438849987098
"CR-Kp","Humidity",3,85.9127015487161,0.0112378757586561,0.0855361745169939
"CR-Kp","Humidity",3,86.0490516811287,0.010452798915648,0.0795606261753895
"CR-Kp","Humidity",3,86.1854018135412,0.00970088082624949,0.0738374629816929
"CR-Kp","Humidity",3,86.3217519459538,0.0089894825895922,0.0684227133414036
"CR-Kp","Humidity",3,86.4581020783663,0.0083101640655203,0.0632521358162976
"CR-Kp","Humidity",3,86.5944522107789,0.00766299500048473,0.0583262612757962
"CR-Kp","Humidity",3,86.7308023431914,0.00704796230023931,0.0536449900541128
"CR-Kp","Humidity",3,86.867152475604,0.00646772216977981,0.0492285396388715
"CR-Kp","Humidity",3,87.0035026080165,0.00592706906562565,0.0451134026447235
"CR-Kp","Humidity",3,87.1398527404291,0.00541739832191045,0.0412340853594216
"CR-Kp","Humidity",3,87.2762028728416,0.00493816091934501,0.0375864089674369
"CR-Kp","Humidity",3,87.4125530052542,0.004488747302866,0.0341657338901339
"CR-Kp","Humidity",3,87.5489031376667,0.00407153379311434,0.0309901472982037
"CR-Kp","Humidity",3,87.6852532700793,0.00368857356592316,0.0280752767719959
"CR-Kp","Humidity",3,87.8216034024918,0.00333224713439449,0.0253631272086073
"CR-Kp","Humidity",3,87.9579535349044,0.00300162002657788,0.0228465859510243
"CR-Kp","Humidity",3,88.0943036673169,0.00269573080386624,0.0205183350877259
"CR-Kp","Humidity",3,88.2306537997295,0.00241649021606851,0.0183929181349983
"CR-Kp","Humidity",3,88.367003932142,0.00216382696643784,0.0164697924234693
"CR-Kp","Humidity",3,88.5033540645546,0.00193177494759915,0.0147035474135868
"CR-Kp","Humidity",3,88.6397041969671,0.00171929070374616,0.0130862409266094
"CR-Kp","Humidity",3,88.7760543293797,0.00152533439833545,0.0116099583315198
"CR-Kp","Humidity",3,88.9124044617922,0.00135129634999612,0.0102852819251373
"CR-Kp","Humidity",3,89.0487545942048,0.00119592391422943,0.00910267730605412
"CR-Kp","Humidity",3,89.1851047266173,0.0010550377577378,0.00803033381983836
"CR-Kp","Humidity",3,89.3214548590299,0.000927700670409886,0.0070611179681881
"CR-Kp","Humidity",3,89.4578049914424,0.00081299794094731,0.00618806750068055
"CR-Kp","Humidity",3,89.594155123855,0.000711852019002586,0.00541820356758963
"CR-Kp","Humidity",3,89.7305052562675,0.000622666059196123,0.00473937191058406
"CR-Kp","Humidity",3,89.8668553886801,0.000542797171020382,0.00413145638418075
"CR-Kp","Humidity",3,90.0032055210926,0.000471522980516605,0.00358895869792607
"CR-Kp","Humidity",3,90.1395556535052,0.000408149719358905,0.00310659829080725
"CR-Kp","Humidity",3,90.2759057859177,0.000353239379321314,0.00268865271736335
"CR-Kp","Humidity",3,90.4122559183303,0.000305369236935007,0.0023242930339815
"CR-Kp","Humidity",3,90.5486060507428,0.000263019175473201,0.00200194899621153
"CR-Kp","Humidity",3,90.6849561831554,0.000225695963922185,0.00171786641643187
"CR-Kp","Humidity",3,90.8213063155679,0.000192932258508086,0.001468488145635
"CR-Kp","Humidity",3,90.9576564479804,0.000165043969208025,0.00125621870683888
"CR-Kp","Humidity",3,91.094006580393,0.00014098507193727,0.0010730963730604
"CR-Kp","Humidity",3,91.2303567128056,0.000119955310926155,0.000913030062796036
"CR-Kp","Humidity",3,91.3667068452181,0.000101650519512548,0.000773704636311816
"CR-Kp","Humidity",3,91.5030569776306,8.57859033338657e-05,0.00065295240455132
"CR-Kp","Humidity",3,91.6394071100432,7.25254939636222e-05,0.00055202188045416
"CR-Kp","Humidity",3,91.7757572424557,6.11979688530483e-05,0.00046580334720891
"CR-Kp","Humidity",3,91.9121073748683,5.14159060916747e-05,0.000391347974551089
"CR-Kp","Humidity",3,92.0484575072809,4.30077227669193e-05,0.000327349773139832
"CR-Kp","Humidity",3,92.1848076396934,3.58145098024222e-05,0.000272599219504711
"CR-Kp","Humidity",3,92.3211577721059,2.99146687224239e-05,0.000227693060451248
"CR-Kp","Humidity",3,92.4575079045185,2.49221913578526e-05,0.000189693226292272
"CR-Kp","Humidity",3,92.593858036931,2.0664142378239e-05,0.000157283433868504
"CR-Kp","Humidity",3,92.7302081693436,1.70512827982012e-05,0.000129784447923098
"CR-Kp","Humidity",3,92.8665583017562,1.40018283305639e-05,0.000106573774026429
"CR-Kp","Humidity",3,93.0029084341687,1.15499964442492e-05,8.79118556516328e-05
"CR-Kp","Humidity",3,93.1392585665812,9.49433633625313e-06,7.22653664466121e-05
"CR-Kp","Humidity",3,93.2756086989938,7.76366501600796e-06,5.90925028859858e-05
"CR-Kp","Humidity",3,93.4119588314063,6.31503238242156e-06,4.80663537792906e-05
"CR-Kp","Precipitation",2,0,4.02598619843885e-05,0.0111519622889003
"CR-Kp","Precipitation",2,6.51272015655577,4.2150917186545e-05,0.0116757836648617
"CR-Kp","Precipitation",2,13.0254403131115,4.39655535668559e-05,0.012178437064149
"CR-Kp","Precipitation",2,19.5381604696673,4.56932344993271e-05,0.0126570038464605
"CR-Kp","Precipitation",2,26.0508806262231,4.73244479081385e-05,0.0131088491713964
"CR-Kp","Precipitation",2,32.5636007827789,4.88434358404598e-05,0.0135296080936478
"CR-Kp","Precipitation",2,39.0763209393346,5.0223284455964e-05,0.0139118254924671
"CR-Kp","Precipitation",2,45.5890410958904,5.14855122157668e-05,0.0142614619711709
"CR-Kp","Precipitation",2,52.1017612524462,5.26298199997296e-05,0.0145784346736257
"CR-Kp","Precipitation",2,58.614481409002,5.36578222241143e-05,0.0148631907923548
"CR-Kp","Precipitation",2,65.1272015655577,5.4573078590002e-05,0.0151167163628352
"CR-Kp","Precipitation",2,71.6399217221135,5.53610190089444e-05,0.0153349754776169
"CR-Kp","Precipitation",2,78.1526418786693,5.6053197826758e-05,0.0155267086752227
"CR-Kp","Precipitation",2,84.665362035225,5.66701672494221e-05,0.015697608906764
"CR-Kp","Precipitation",2,91.1780821917808,5.72274956765589e-05,0.0158519886114032
"CR-Kp","Precipitation",2,97.6908023483366,5.77425506549311e-05,0.0159946585911896
"CR-Kp","Precipitation",2,104.203522504892,5.82354627923873e-05,0.0161311950147567
"CR-Kp","Precipitation",2,110.716242661448,5.87412070434541e-05,0.0162712859275847
"CR-Kp","Precipitation",2,117.228962818004,5.92884459906755e-05,0.0164228708511693
"CR-Kp","Precipitation",2,123.74168297456,5.99026866858545e-05,0.0165930152265177
"CR-Kp","Precipitation",2,130.254403131115,6.06101465637192e-05,0.0167889812703634
"CR-Kp","Precipitation",2,136.767123287671,6.14376539822525e-05,0.0170182004248863
"CR-Kp","Precipitation",2,143.279843444227,6.24619552023722e-05,0.0173019313672248
"CR-Kp","Precipitation",2,149.792563600783,6.36890086501018e-05,0.0176418245785044
"CR-Kp","Precipitation",2,156.305283757339,6.51396251219146e-05,0.0180436446392782
"CR-Kp","Precipitation",2,162.818003913894,6.68397380664575e-05,0.018514575102273
"CR-Kp","Precipitation",2,169.33072407045,6.88144873447067e-05,0.0190615796968145
"CR-Kp","Precipitation",2,175.843444227006,7.11288376768719e-05,0.019702653618966
"CR-Kp","Precipitation",2,182.356164383562,7.38324108276305e-05,0.0204515420735324
"CR-Kp","Precipitation",2,188.868884540117,7.68932340504896e-05,0.0212993886252059
"CR-Kp","Precipitation",2,195.381604696673,8.03283688462355e-05,0.0222509193014487
"CR-Kp","Precipitation",2,201.894324853229,8.41531538840086e-05,0.0233103829061907
"CR-Kp","Precipitation",2,208.407045009785,8.83811669412225e-05,0.0244815404772055
"CR-Kp","Precipitation",2,214.91976516634,9.31447068236606e-05,0.0258010387196789
"CR-Kp","Precipitation",2,221.432485322896,9.83402156208691e-05,0.0272401921425244
"CR-Kp","Precipitation",2,227.945205479452,0.000103968547187626,0.0287992372631023
"CR-Kp","Precipitation",2,234.457925636008,0.000110032407238119,0.0304789235629333
"CR-Kp","Precipitation",2,240.970645792564,0.000116532898244813,0.0322795564263568
"CR-Kp","Precipitation",2,247.483365949119,0.000123534615665329,0.0342190287638778
"CR-Kp","Precipitation",2,253.996086105675,0.000131027605608969,0.036294583352589
"CR-Kp","Precipitation",2,260.508806262231,0.000138946503432155,0.0384881142178482
"CR-Kp","Precipitation",2,267.021526418787,0.000147286040675702,0.0407981619990098
"CR-Kp","Precipitation",2,273.534246575342,0.000156040662252208,0.043223187939552
"CR-Kp","Precipitation",2,280.046966731898,0.00016521280275825,0.0457638664215483
"CR-Kp","Precipitation",2,286.559686888454,0.000174895213256734,0.0484458894445437
"CR-Kp","Precipitation",2,293.07240704501,0.000184974239760848,0.0512377749091856
"CR-Kp","Precipitation",2,299.585127201566,0.000195448090959776,0.054139026623245
"CR-Kp","Precipitation",2,306.097847358121,0.000206316673452975,0.0571496187148164
"CR-Kp","Precipitation",2,312.610567514677,0.000217581726621495,0.0602700329916092
"CR-Kp","Precipitation",2,319.123287671233,0.000229321529117062,0.0635219526022742
"CR-Kp","Precipitation",2,325.636007827789,0.000241522392823265,0.0669015859451889
"CR-Kp","Precipitation",2,332.148727984344,0.000254154505000209,0.0704006749058282
"CR-Kp","Precipitation",2,338.6614481409,0.000267235520592723,0.0740241098953671
"CR-Kp","Precipitation",2,345.174168297456,0.000280786170454107,0.0777776333501379
"CR-Kp","Precipitation",2,351.686888454012,0.000294856591735802,0.0816751332368304
"CR-Kp","Precipitation",2,358.199608610568,0.000309593245161769,0.0857571791051122
"CR-Kp","Precipitation",2,364.712328767123,0.00032491275488442,0.0900006758855456
"CR-Kp","Precipitation",2,371.225048923679,0.000340853491921468,0.0944162523314701
"CR-Kp","Precipitation",2,377.737769080235,0.000357456006312202,0.0990151407841475
"CR-Kp","Precipitation",2,384.250489236791,0.00037476285857603,0.10380913048686
"CR-Kp","Precipitation",2,390.763209393346,0.000392990776057009,0.108858254809042
"CR-Kp","Precipitation",2,397.275929549902,0.000412113652869008,0.114155282432867
"CR-Kp","Precipitation",2,403.788649706458,0.000432115505676822,0.119695785982218
"CR-Kp","Precipitation",2,410.301369863014,0.000453041479006623,0.125492270468999
"CR-Kp","Precipitation",2,416.814090019569,0.000474935326888682,0.131556855738425
"CR-Kp","Precipitation",2,423.326810176125,0.000497921864014977,0.137924115399779
"CR-Kp","Precipitation",2,429.839530332681,0.000522200167642416,0.144649193756894
"CR-Kp","Precipitation",2,436.352250489237,0.000547583401227618,0.151680337177661
"CR-Kp","Precipitation",2,442.864970645793,0.000574094573916007,0.159023919184228
"CR-Kp","Precipitation",2,449.377690802348,0.000601751161528567,0.166684780570552
"CR-Kp","Precipitation",2,455.890410958904,0.000630564837623111,0.174666154906499
"CR-Kp","Precipitation",2,462.40313111546,0.000660812160410561,0.183044648682673
"CR-Kp","Precipitation",2,468.915851272016,0.000692263997081745,0.191756792221806
"CR-Kp","Precipitation",2,475.428571428571,0.00072483411744107,0.200778699801445
"CR-Kp","Precipitation",2,481.941291585127,0.000758489322874761,0.210101175421636
"CR-Kp","Precipitation",2,488.454011741683,0.000793188040280932,0.219712703353273
"CR-Kp","Precipitation",2,494.966731898239,0.000828974742152712,0.229625602455435
"CR-Kp","Precipitation",2,501.479452054794,0.00086581381947636,0.239830009048545
"CR-Kp","Precipitation",2,507.99217221135,0.000903439618893744,0.250252337280945
"CR-Kp","Precipitation",2,514.504892367906,0.000941758622693788,0.260866682791916
"CR-Kp","Precipitation",2,521.017612524462,0.000980669204716121,0.271644895184211
"CR-Kp","Precipitation",2,527.530332681018,0.0010200617608356,0.2825566141682
"CR-Kp","Precipitation",2,534.043052837573,0.00105985256554761,0.293578647819616
"CR-Kp","Precipitation",2,540.555772994129,0.00109977367818307,0.304636776702777
"CR-Kp","Precipitation",2,547.068493150685,0.00113967414137571,0.315689185700267
"CR-Kp","Precipitation",2,553.581213307241,0.00117940587831456,0.326694857607101
"CR-Kp","Precipitation",2,560.093933463796,0.00121881643982374,0.337611564075324
"CR-Kp","Precipitation",2,566.606653620352,0.00125765005732917,0.348368457333677
"CR-Kp","Precipitation",2,573.119373776908,0.00129563458241854,0.358890152403638
"CR-Kp","Precipitation",2,579.632093933464,0.00133268560535464,0.369153267828843
"CR-Kp","Precipitation",2,586.14481409002,0.0013686411286794,0.379112930391792
"CR-Kp","Precipitation",2,592.657534246575,0.00140334074794672,0.388724708138532
"CR-Kp","Precipitation",2,599.170254403131,0.00143661887586598,0.397942733469682
"CR-Kp","Precipitation",2,605.682974559687,0.00146780258508006,0.406580605832939
"CR-Kp","Precipitation",2,612.195694716243,0.00149715579848843,0.414711431743746
"CR-Kp","Precipitation",2,618.708414872798,0.00152454623477998,0.422298569342933
"CR-Kp","Precipitation",2,625.221135029354,0.00154984960761653,0.429307591374968
"CR-Kp","Precipitation",2,631.73385518591,0.00157295000872618,0.435706391304613
"CR-Kp","Precipitation",2,638.246575342466,0.0015933392212453,0.441354193306563
"CR-Kp","Precipitation",2,644.759295499022,0.00161096892503078,0.446237612724552
"CR-Kp","Precipitation",2,651.272015655577,0.00162606935312139,0.45042042399892
"CR-Kp","Precipitation",2,657.784735812133,0.0016385887920401,0.453888302521547
"CR-Kp","Precipitation",2,664.297455968689,0.00164848741900068,0.45663021739992
"CR-Kp","Precipitation",2,670.810176125245,0.00165564934657379,0.458614067872189
"CR-Kp","Precipitation",2,677.3228962818,0.0016594709210428,0.459672642150937
"CR-Kp","Precipitation",2,683.835616438356,0.00166065272039626,0.46
"CR-Kp","Precipitation",2,690.348336594912,0.00165922639166874,0.459604907632645
"CR-Kp","Precipitation",2,696.861056751468,0.00165523418487517,0.458499068282557
"CR-Kp","Precipitation",2,703.373776908024,0.00164872866862467,0.45669704342903
"CR-Kp","Precipitation",2,709.886497064579,0.00163932713308085,0.454092822632569
"CR-Kp","Precipitation",2,716.399217221135,0.00162738500642531,0.450784859327491
"CR-Kp","Precipitation",2,722.911937377691,0.00161323345061819,0.446864885216517
"CR-Kp","Precipitation",2,729.424657534247,0.00159697250976672,0.442360612468934
"CR-Kp","Precipitation",2,735.937377690802,0.00157870731555154,0.437301162509416
"CR-Kp","Precipitation",2,742.450097847358,0.00155844122675881,0.431687465720103
"CR-Kp","Precipitation",2,748.962818003914,0.00153606092014793,0.425488131618178
"CR-Kp","Precipitation",2,755.47553816047,0.00151211581120996,0.41885534802882
"CR-Kp","Precipitation",2,761.988258317025,0.0014867258436143,0.411822339290416
"CR-Kp","Precipitation",2,768.500978473581,0.00146001089857074,0.404422312440067
"CR-Kp","Precipitation",2,775.013698630137,0.00143209052045668,0.396688381212468
"CR-Kp","Precipitation",2,781.526418786693,0.00140288717526636,0.388599068725545
"CR-Kp","Precipitation",2,788.039138943249,0.00137273435617804,0.380246752428299
"CR-Kp","Precipitation",2,794.551859099804,0.00134181571945162,0.371682305015865
"CR-Kp","Precipitation",2,801.06457925636,0.00131024030954946,0.362935931751543
"CR-Kp","Precipitation",2,807.577299412916,0.00127811477419925,0.354037174004306
"CR-Kp","Precipitation",2,814.090019569472,0.00124551676749395,0.345007541920327
"CR-Kp","Precipitation",2,820.602739726027,0.0012125671639626,0.335880517685662
"CR-Kp","Precipitation",2,827.115459882583,0.00117944666025906,0.326706154185994
"CR-Kp","Precipitation",2,833.628180039139,0.00114624742623799,0.317509982426463
"CR-Kp","Precipitation",2,840.140900195695,0.00111305951591003,0.308316947324449
"CR-Kp","Precipitation",2,846.65362035225,0.00107997091570168,0.299151421077509
"CR-Kp","Precipitation",2,853.166340508806,0.00104714985149387,0.290060002173266
"CR-Kp","Precipitation",2,859.679060665362,0.00101467125857557,0.281063447650505
"CR-Kp","Precipitation",2,866.191780821918,0.000982605213891262,0.272181168788937
"CR-Kp","Precipitation",2,872.704500978474,0.000951028569734402,0.263434453636663
"CR-Kp","Precipitation",2,879.217221135029,0.000920016338240051,0.254844080518797
"CR-Kp","Precipitation",2,885.729941291585,0.000889730642768009,0.246454957527559
"CR-Kp","Precipitation",2,892.242661448141,0.000860318685717699,0.238307859656359
"CR-Kp","Precipitation",2,898.755381604697,0.000831733839482424,0.230389871080705
"CR-Kp","Precipitation",2,905.268101761252,0.000804037442667733,0.222717982564653
"CR-Kp","Precipitation",2,911.780821917808,0.000777287903728624,0.215308373221976
"CR-Kp","Precipitation",2,918.293542074364,0.000751540585624079,0.208176378565523
"CR-Kp","Precipitation",2,924.80626223092,0.000727162915499956,0.201423775736907
"CR-Kp","Precipitation",2,931.318982387475,0.000703930255343493,0.19498834011529
"CR-Kp","Precipitation",2,937.831702544031,0.000681866315299615,0.188876639399344
"CR-Kp","Precipitation",2,944.344422700587,0.000661002378739264,0.183097339067682
"CR-Kp","Precipitation",2,950.857142857143,0.000641365017372377,0.177657799471099
"CR-Kp","Precipitation",2,957.369863013699,0.000623163230261831,0.172615913248883
"CR-Kp","Precipitation",2,963.882583170254,0.000606407548546362,0.167974597521368
"CR-Kp","Precipitation",2,970.39530332681,0.000590920754143346,0.163684762965419
"CR-Kp","Precipitation",2,976.908023483366,0.000576697653963661,0.159744971097861
"CR-Kp","Precipitation",2,983.420743639922,0.00056372759612373,0.156152271352098
"CR-Kp","Precipitation",2,989.933463796477,0.000552015245639828,0.152907955935381
"CR-Kp","Precipitation",2,996.446183953033,0.000541830591772719,0.1500868117423
"CR-Kp","Precipitation",2,1002.95890410959,0.000532799256514568,0.147585136245837
"CR-Kp","Precipitation",2,1009.47162426614,0.000524879077907356,0.145391250604023
"CR-Kp","Precipitation",2,1015.9843444227,0.000518023397583064,0.143492230471492
"CR-Kp","Precipitation",2,1022.49706457926,0.000512181207565949,0.141873946663646
"CR-Kp","Precipitation",2,1029.00978473581,0.000507448178948044,0.140562900026684
"CR-Kp","Precipitation",2,1035.52250489237,0.000503666712052481,0.139515435526374
"CR-Kp","Precipitation",2,1042.03522504892,0.000500662123580869,0.138683165973585
"CR-Kp","Precipitation",2,1048.54794520548,0.000498364614607127,0.138046757099568
"CR-Kp","Precipitation",2,1055.06066536204,0.00049670275137559,0.137586421788568
"CR-Kp","Precipitation",2,1061.57338551859,0.000495624583690336,0.137287769861452
"CR-Kp","Precipitation",2,1068.08610567515,0.000495111268792323,0.137145581883083
"CR-Kp","Precipitation",2,1074.5988258317,0.000494953574830827,0.137101900732053
"CR-Kp","Precipitation",2,1081.11154598826,0.000495079852825108,0.137136879675365
"CR-Kp","Precipitation",2,1087.62426614481,0.000495420199525495,0.137231155546687
"CR-Kp","Precipitation",2,1094.13698630137,0.000495906684656143,0.137365911692478
"CR-Kp","Precipitation",2,1100.64970645793,0.000496469648493954,0.137521852403147
"CR-Kp","Precipitation",2,1107.16242661448,0.000497011688639348,0.137671997261141
"CR-Kp","Precipitation",2,1113.67514677104,0.000497475728389595,0.137800536047422
"CR-Kp","Precipitation",2,1120.18786692759,0.000497814313229194,0.137894323884158
"CR-Kp","Precipitation",2,1126.70058708415,0.000497984314680277,0.137941414203848
"CR-Kp","Precipitation",2,1133.2133072407,0.000497928181735875,0.13792586540541
"CR-Kp","Precipitation",2,1139.72602739726,0.000497565018076824,0.137825269247579
"CR-Kp","Precipitation",2,1146.23874755382,0.00049692036570695,0.137646700853056
"CR-Kp","Precipitation",2,1152.75146771037,0.000495978981588228,0.137385937907683
"CR-Kp","Precipitation",2,1159.26418786693,0.000494729950208959,0.137039956820002
"CR-Kp","Precipitation",2,1165.77690802348,0.000493166583134478,0.136606904896846
"CR-Kp","Precipitation",2,1172.28962818004,0.0004912142858543,0.136066119494906
"CR-Kp","Precipitation",2,1178.80234833659,0.000488936664731645,0.135435219546017
"CR-Kp","Precipitation",2,1185.31506849315,0.00048636139036111,0.134721869791492
"CR-Kp","Precipitation",2,1191.82778864971,0.000483500502922459,0.1339294053553
"CR-Kp","Precipitation",2,1198.34050880626,0.00048036779918017,0.133061647934525
"CR-Kp","Precipitation",2,1204.85322896282,0.000476954759198747,0.132116237511159
"CR-Kp","Precipitation",2,1211.36594911937,0.000473267935937951,0.131094989251883
"CR-Kp","Precipitation",2,1217.87866927593,0.00046937112823121,0.130015575402687
"CR-Kp","Precipitation",2,1224.39138943249,0.000465279783952377,0.128882275017153
"CR-Kp","Precipitation",2,1230.90410958904,0.000461008243005548,0.127699060241777
"CR-Kp","Precipitation",2,1237.4168297456,0.000456569575681086,0.126469551540665
"CR-Kp","Precipitation",2,1243.92954990215,0.000451937805240367,0.125186553369788
"CR-Kp","Precipitation",2,1250.44227005871,0.000447159123833245,0.123862860932303
"CR-Kp","Precipitation",2,1256.95499021526,0.000442241049955308,0.122500556847852
"CR-Kp","Precipitation",2,1263.46771037182,0.000437184857598071,0.121099994011467
"CR-Kp","Precipitation",2,1269.98043052838,0.000431989798836971,0.119660965248406
"CR-Kp","Precipitation",2,1276.49315068493,0.00042663315195976,0.11817717665537
"CR-Kp","Precipitation",2,1283.00587084149,0.000421101501319545,0.116644912104663
"CR-Kp","Precipitation",2,1289.51859099804,0.000415408970696035,0.115068083876429
"CR-Kp","Precipitation",2,1296.0313111546,0.000409546722467811,0.113444243953811
"CR-Kp","Precipitation",2,1302.54403131115,0.000403505685461439,0.111770879626158
"CR-Kp","Precipitation",2,1309.05675146771,0.000397276443569421,0.110045382636249
"CR-Kp","Precipitation",2,1315.56947162427,0.000390790312371341,0.108248727432863
"CR-Kp","Precipitation",2,1322.08219178082,0.000384096149221993,0.106394447479638
"CR-Kp","Precipitation",2,1328.59491193738,0.000377190765583272,0.10448165955306
"CR-Kp","Precipitation",2,1335.10763209393,0.00037007320454654,0.102510098589902
"CR-Kp","Precipitation",2,1341.62035225049,0.00036274485587466,0.100480149553802
"CR-Kp","Precipitation",2,1348.13307240704,0.000355178938331136,0.0983843940552105
"CR-Kp","Precipitation",2,1354.6457925636,0.00034739747396155,0.0962289321900979
"CR-Kp","Precipitation",2,1361.15851272016,0.000339442480412502,0.0940254028262411
"CR-Kp","Precipitation",2,1367.67123287671,0.000331332370232586,0.0917789062306909
"CR-Kp","Precipitation",2,1374.18395303327,0.000323088249343633,0.089495288733582
"CR-Kp","Precipitation",2,1380.69667318982,0.000314731738232965,0.0871805391994408
"CR-Kp","Precipitation",2,1387.20939334638,0.000306286855076638,0.0848413106514134
"CR-Kp","Precipitation",2,1393.72211350294,0.000297813558234281,0.0824942115261043
"CR-Kp","Precipitation",2,1400.23483365949,0.00028934423184408,0.0801482122141211
"CR-Kp","Precipitation",2,1406.74755381605,0.00028091176620306,0.0778124233118252
"CR-Kp","Precipitation",2,1413.2602739726,0.000272549344326593,0.0754960364984179
"CR-Kp","Precipitation",2,1419.77299412916,0.000264319714049029,0.0732164328936522
"CR-Kp","Precipitation",2,1426.28571428571,0.000256261408571342,0.0709842861755523
"CR-Kp","Precipitation",2,1432.79843444227,0.000248391482898455,0.0688043205722296
"CR-Kp","Precipitation",2,1439.31115459883,0.000240735929934997,0.066683736105689
"CR-Kp","Precipitation",2,1445.82387475538,0.000233318351445243,0.0646290704532145
"CR-Kp","Precipitation",2,1452.33659491194,0.00022617641434233,0.0626507573315186
"CR-Kp","Precipitation",2,1458.84931506849,0.000219382068225463,0.0607687267447663
"CR-Kp","Precipitation",2,1465.36203522505,0.00021288379741206,0.0589687088738102
"CR-Kp","Precipitation",2,1471.8747553816,0.000206686960383857,0.0572521880154976
"CR-Kp","Precipitation",2,1478.38747553816,0.000200793767326858,0.0556197763902828
"CR-Kp","Precipitation",2,1484.90019569472,0.000195203326420393,0.0540712269642714
"CR-Kp","Precipitation",2,1491.41291585127,0.000189973164447809,0.0526224746286149
"CR-Kp","Precipitation",2,1497.92563600783,0.000185045281727243,0.0512574534995015
"CR-Kp","Precipitation",2,1504.43835616438,0.000180384658672598,0.0499664631685277
"CR-Kp","Precipitation",2,1510.95107632094,0.000175975871992918,0.048745231391562
"CR-Kp","Precipitation",2,1517.46379647749,0.000171802057625548,0.0475890868314084
"CR-Kp","Precipitation",2,1523.97651663405,0.000167861465152767,0.0464975446232056
"CR-Kp","Precipitation",2,1530.48923679061,0.000164146012437006,0.0454683660187577
"CR-Kp","Precipitation",2,1537.00195694716,0.000160592851543025,0.0444841421704139
"CR-Kp","Precipitation",2,1543.51467710372,0.000157183187869539,0.0435396669827121
"CR-Kp","Precipitation",2,1550.02739726027,0.000153899016276809,0.0426299530406574
"CR-Kp","Precipitation",2,1556.54011741683,0.000150723254016932,0.0417502684313461
"CR-Kp","Precipitation",2,1563.05283757339,0.0001476573242215,0.0409010073615407
"CR-Kp","Precipitation",2,1569.56555772994,0.000144665003168356,0.0400721358777318
"CR-Kp","Precipitation",2,1576.0782778865,0.00014173321875879,0.0392600330149017
"CR-Kp","Precipitation",2,1582.59099804305,0.000138854574707312,0.0384626500055486
"CR-Kp","Precipitation",2,1589.10371819961,0.000136023555982002,0.0376784591884994
"CR-Kp","Precipitation",2,1595.61643835616,0.000133241669960255,0.0369078781065629
"CR-Kp","Precipitation",2,1602.12915851272,0.000130511400609599,0.0361515948175428
"CR-Kp","Precipitation",2,1608.64187866928,0.00012782859566144,0.0354084591450471
"CR-Kp","Precipitation",2,1615.15459882583,0.000125198108583007,0.0346798154971505
"CR-Kp","Precipitation",2,1621.66731898239,0.000122626051097312,0.0339673568181696
"CR-Kp","Precipitation",2,1628.18003913894,0.00012011970764481,0.0332731008945856
"CR-Kp","Precipitation",2,1634.6927592955,0.000117712632453825,0.0326063422314083
"CR-Kp","Precipitation",2,1641.20547945205,0.000115398266478888,0.0319652639762165
"CR-Kp","Precipitation",2,1647.71819960861,0.000113185462664478,0.0313523183903474
"CR-Kp","Precipitation",2,1654.23091976517,0.000111084031521015,0.0307702229804399
"CR-Kp","Precipitation",2,1660.74363992172,0.000109103525596472,0.0302216237976606
"CR-Kp","Precipitation",2,1667.25636007828,0.000107273767058125,0.0297147815679143
"CR-Kp","Precipitation",2,1673.76908023483,0.000105607068632276,0.0292531069104293
"CR-Kp","Precipitation",2,1680.28180039139,0.000104089930313159,0.0288328603301405
"CR-Kp","Precipitation",2,1686.79452054795,0.000102726646793065,0.0284552314547344
"CR-Kp","Precipitation",2,1693.3072407045,0.000101520200729024,0.0281210464787653
"CR-Kp","Precipitation",2,1699.81996086106,0.000100474469272098,0.0278313793712009
"CR-Kp","Precipitation",2,1706.33268101761,9.96292427582909e-05,0.0275972520358611
"CR-Kp","Precipitation",2,1712.84540117417,9.89365185164237e-05,0.0274053677560564
"CR-Kp","Precipitation",2,1719.35812133072,9.83905092856227e-05,0.0272541234633252
"CR-Kp","Precipitation",2,1725.87084148728,9.79840627516616e-05,0.0271415379700877
"CR-Kp","Precipitation",2,1732.38356164384,9.77087039827713e-05,0.0270652637243445
"CR-Kp","Precipitation",2,1738.89628180039,9.75722948709995e-05,0.0270274784663888
"CR-Kp","Precipitation",2,1745.40900195695,9.75492804176154e-05,0.0270211034739375
"CR-Kp","Precipitation",2,1751.9217221135,9.76123889717868e-05,0.0270385845129063
"CR-Kp","Precipitation",2,1758.43444227006,9.77476394589921e-05,0.0270760488324177
"CR-Kp","Precipitation",2,1764.94716242661,9.79406730077397e-05,0.0271295190320165
"CR-Kp","Precipitation",2,1771.45988258317,9.8177771383794e-05,0.0271951951674574
"CR-Kp","Precipitation",2,1777.97260273973,9.84418973130894e-05,0.0272683579220681
"CR-Kp","Precipitation",2,1784.48532289628,9.870871543098e-05,0.0273422664116169
"CR-Kp","Precipitation",2,1790.99804305284,9.89650476236861e-05,0.0274132703049635
"CR-Kp","Precipitation",2,1797.51076320939,9.91985060093943e-05,0.0274779381648398
"CR-Kp","Precipitation",2,1804.02348336595,9.9397559898716e-05,0.0275330759958646
"CR-Kp","Precipitation",2,1810.5362035225,9.95397681752357e-05,0.0275724676196494
"CR-Kp","Precipitation",2,1817.04892367906,9.96182487477701e-05,0.0275942067002666
"CR-Kp","Precipitation",2,1823.56164383562,9.96315318572706e-05,0.0275978861151708
"CR-Kp","Precipitation",2,1830.07436399217,9.95753445415274e-05,0.0275823222558976
"CR-Kp","Precipitation",2,1836.58708414873,9.94467329679853e-05,0.0275466969122585
"CR-Kp","Precipitation",2,1843.09980430528,9.92388313561903e-05,0.0274891082663899
"CR-Kp","Precipitation",2,1849.61252446184,9.89419729965382e-05,0.0274068786444088
"CR-Kp","Precipitation",2,1856.1252446184,9.8575430219137e-05,0.0273053464724299
"CR-Kp","Precipitation",2,1862.63796477495,9.81431843027995e-05,0.0271856145627578
"CR-Kp","Precipitation",2,1869.15068493151,9.764997362928e-05,0.0270489954448456
"CR-Kp","Precipitation",2,1875.66340508806,9.71012224345757e-05,0.02689699162944
"CR-Kp","Precipitation",2,1882.17612524462,9.64941518880381e-05,0.0267288333817959
"CR-Kp","Precipitation",2,1888.68884540117,9.58466374914573e-05,0.0265494722072596
"CR-Kp","Precipitation",2,1895.20156555773,9.51678942701248e-05,0.0263614606633779
"CR-Kp","Precipitation",2,1901.71428571429,9.44640086699756e-05,0.0261664846927298
"CR-Kp","Precipitation",2,1908.22700587084,9.37406588456052e-05,0.0259661171413907
"CR-Kp","Precipitation",2,1914.7397260274,9.30021905824311e-05,0.0257615617898185
"CR-Kp","Precipitation",2,1921.25244618395,9.22537208923378e-05,0.0255542360478291
"CR-Kp","Precipitation",2,1927.76516634051,9.14997620777122e-05,0.0253453898210002
"CR-Kp","Precipitation",2,1934.27788649706,9.07412096259641e-05,0.0251352711589112
"CR-Kp","Precipitation",2,1940.79060665362,8.99779589171705e-05,0.024923851081894
"CR-Kp","Precipitation",2,1947.30332681018,8.92088978086557e-05,0.0247108215269655
"CR-Kp","Precipitation",2,1953.81604696673,8.84278564231123e-05,0.024494473441097
"CR-Kp","Precipitation",2,1960.32876712329,8.76308589092465e-05,0.0242737055154041
"CR-Kp","Precipitation",2,1966.84148727984,8.68125761209579e-05,0.0240470415789954
"CR-Kp","Precipitation",2,1973.3542074364,8.59668019630663e-05,0.0238127625465091
"CR-Kp","Precipitation",2,1979.86692759295,8.50868082142928e-05,0.0235690047039066
"CR-Kp","Precipitation",2,1986.37964774951,8.4158516555831e-05,0.0233118683636906
"CR-Kp","Precipitation",2,1992.89236790607,8.31683026328831e-05,0.0230375795861747
"CR-Kp","Precipitation",2,1999.40508806262,8.21157153343912e-05,0.022746013413814
"CR-Kp","Precipitation",2,2005.91780821918,8.09938526338946e-05,0.0224352579886187
"CR-Kp","Precipitation",2,2012.43052837573,7.9796303519678e-05,0.0221035374634458
"CR-Kp","Precipitation",2,2018.94324853229,7.85172194869792e-05,0.0217492318053062
"CR-Kp","Precipitation",2,2025.45596868885,7.71248421462703e-05,0.0213635439556676
"CR-Kp","Precipitation",2,2031.9686888454,7.56402121719801e-05,0.0209523021711658
"CR-Kp","Precipitation",2,2038.48140900196,7.40623044421941e-05,0.0205152224935265
"CR-Kp","Precipitation",2,2044.99412915851,7.23911175401899e-05,0.0200523045303184
"CR-Kp","Precipitation",2,2051.50684931507,7.06278147846845e-05,0.019563870520263
"CR-Kp","Precipitation",2,2058.01956947162,6.87618223317967e-05,0.0190469915137218
"CR-Kp","Precipitation",2,2064.53228962818,6.68030412576286e-05,0.0185044101039841
"CR-Kp","Precipitation",2,2071.04500978474,6.47701900559547e-05,0.017941311304768
"CR-Kp","Precipitation",2,2077.55772994129,6.26712466811386e-05,0.017359905005572
"CR-Kp","Precipitation",2,2084.07045009785,6.05151040464654e-05,0.0167626545390729
"CR-Kp","Precipitation",2,2090.5831702544,5.83106685740603e-05,0.0161520269798898
"CR-Kp","Precipitation",2,2097.09589041096,5.60663730262541e-05,0.0155303581991079
"CR-Kp","Precipitation",2,2103.60861056751,5.38066616473682e-05,0.0149044192405763
"CR-Kp","Precipitation",2,2110.12133072407,5.15437749305401e-05,0.0142776007149712
"CR-Kp","Precipitation",2,2116.63405088063,4.92900242573213e-05,0.0136533128690251
"CR-Kp","Precipitation",2,2123.14677103718,4.70577245004377e-05,0.0130349669165243
"CR-Kp","Precipitation",2,2129.65949119374,4.48689764752951e-05,0.0124286847726422
"CR-Kp","Precipitation",2,2136.17221135029,4.27385428117714e-05,0.0118385556787115
"CR-Kp","Precipitation",2,2142.68493150685,4.06730184754596e-05,0.0112664064370105
"CR-Kp","Precipitation",2,2149.1976516634,3.86820292109255e-05,0.0107149033741262
"CR-Kp","Precipitation",2,2155.71037181996,3.6774401292318e-05,0.010186491363727
"CR-Kp","Precipitation",2,2162.22309197652,3.49637355053594e-05,0.00968493781687697
"CR-Kp","Precipitation",2,2168.73581213307,3.32771833295643e-05,0.00921776368026362
"CR-Kp","Precipitation",2,2175.24853228963,3.16971473112085e-05,0.00878009446772036
"CR-Kp","Precipitation",2,2181.76125244618,3.02264173980404e-05,0.00837270299342347
"CR-Kp","Precipitation",2,2188.27397260274,2.88667098687067e-05,0.00799606466572769
"CR-Kp","Precipitation",2,2194.7866927593,2.76186738396662e-05,0.00765035928957798
"CR-Kp","Precipitation",2,2201.29941291585,2.65048780752111e-05,0.00734183840176281
"CR-Kp","Precipitation",2,2207.81213307241,2.5505939228433e-05,0.00706513282456766
"CR-Kp","Precipitation",2,2214.32485322896,2.46094291261417e-05,0.00681679996003258
"CR-Kp","Precipitation",2,2220.83757338552,2.38104472746634e-05,0.00659548237378113
"CR-Kp","Precipitation",2,2227.35029354207,2.31034197300221e-05,0.00639963608602904
"CR-Kp","Precipitation",2,2233.86301369863,2.24884845553081e-05,0.00622929934018554
"CR-Kp","Precipitation",2,2240.37573385519,2.19639501841443e-05,0.0060840035731827
"CR-Kp","Precipitation",2,2246.88845401174,2.15047680348943e-05,0.00595681034002761
"CR-Kp","Precipitation",2,2253.4011741683,2.11033026322948e-05,0.00584560461776695
"CR-Kp","Precipitation",2,2259.91389432485,2.075195407962e-05,0.00574828123868512
"CR-Kp","Precipitation",2,2266.42661448141,2.04432088338168e-05,0.00566275895499201
"CR-Kp","Precipitation",2,2272.93933463796,2.01754966557329e-05,0.00558860281120222
"CR-Kp","Precipitation",2,2279.45205479452,1.99326614409562e-05,0.00552133757421117
"CR-Kp","Precipitation",2,2285.96477495108,1.97075190812091e-05,0.00545897324950218
"CR-Kp","Precipitation",2,2292.47749510763,1.94949899417153e-05,0.00540010278070013
"CR-Kp","Precipitation",2,2298.99021526419,1.92905980216526e-05,0.00534348631774306
"CR-Kp","Precipitation",2,2305.50293542074,1.90905365987944e-05,0.00528806940041624
"CR-Kp","Precipitation",2,2312.0156555773,1.88908655540738e-05,0.00523276061764464
"CR-Kp","Precipitation",2,2318.52837573386,1.86897904691547e-05,0.00517706291641742
"CR-Kp","Precipitation",2,2325.04109589041,1.84868329178574e-05,0.00512084377291434
"CR-Kp","Precipitation",2,2331.55381604697,1.82821129246626e-05,0.00506413643385843
"CR-Kp","Precipitation",2,2338.06653620352,1.80763293483286e-05,0.00500713448278762
"CR-Kp","Precipitation",2,2344.57925636008,1.78718650682152e-05,0.00495049797613154
"CR-Kp","Precipitation",2,2351.09197651663,1.76715744215564e-05,0.00489501756392287
"CR-Kp","Precipitation",2,2357.60469667319,1.74780803967847e-05,0.00484141981268819
"CR-Kp","Precipitation",2,2364.11741682975,1.72941541926084e-05,0.00479047234312881
"CR-Kp","Precipitation",2,2370.6301369863,1.71226550559841e-05,0.00474296716526815
"CR-Kp","Precipitation",2,2377.14285714286,1.69692649295779e-05,0.00470047817447542
"CR-Kp","Precipitation",2,2383.65557729941,1.68383392710456e-05,0.00466421183041375
"CR-Kp","Precipitation",2,2390.16829745597,1.67296496864093e-05,0.00463410486806174
"CR-Kp","Precipitation",2,2396.68101761252,1.66449130070224e-05,0.00461063284887362
"CR-Kp","Precipitation",2,2403.19373776908,1.65854264807081e-05,0.00459415510986864
"CR-Kp","Precipitation",2,2409.70645792564,1.65523365628067e-05,0.00458498921862136
"CR-Kp","Precipitation",2,2416.21917808219,1.65525632602752e-05,0.00458505201371044
"CR-Kp","Precipitation",2,2422.73189823875,1.65775255249292e-05,0.00459196654894098
"CR-Kp","Precipitation",2,2429.2446183953,1.66253513067593e-05,0.00460521426736616
"CR-Kp","Precipitation",2,2435.75733855186,1.66936361605816e-05,0.00462412913883354
"CR-Kp","Precipitation",2,2442.27005870841,1.6779457746859e-05,0.0046479016767054
"CR-Kp","Precipitation",2,2448.78277886497,1.68805800420435e-05,0.00467591250354087
"CR-Kp","Precipitation",2,2455.29549902153,1.69895666675006e-05,0.00470610174605649
"CR-Kp","Precipitation",2,2461.80821917808,1.70999465050046e-05,0.00473667690763496
"CR-Kp","Precipitation",2,2468.32093933464,1.72066330047594e-05,0.00476622901644402
"CR-Kp","Precipitation",2,2474.83365949119,1.73044067452823e-05,0.00479331229525849
"CR-Kp","Precipitation",2,2481.34637964775,1.73870749918026e-05,0.00481621135954345
"CR-Kp","Precipitation",2,2487.85909980431,1.74423682138308e-05,0.00483152755529022
"CR-Kp","Precipitation",2,2494.37181996086,1.74690484478204e-05,0.00483891796719541
"CR-Kp","Precipitation",2,2500.88454011742,1.74626005665107e-05,0.00483713190719259
"CR-Kp","Precipitation",2,2507.39726027397,1.74188842672246e-05,0.00482502251344362
"CR-Kp","Precipitation",2,2513.90998043053,1.73341625521253e-05,0.00480155463935589
"CR-Kp","Precipitation",2,2520.42270058708,1.71955897721444e-05,0.00476317004635322
"CR-Kp","Precipitation",2,2526.93542074364,1.70047721269942e-05,0.00471031365097867
"CR-Kp","Precipitation",2,2533.4481409002,1.6764741159613e-05,0.00464382518915925
"CR-Kp","Precipitation",2,2539.96086105675,1.64750659471728e-05,0.00456358529548017
"CR-Kp","Precipitation",2,2546.47358121331,1.61359097216782e-05,0.00446963918512767
"CR-Kp","Precipitation",2,2552.98630136986,1.57448686271395e-05,0.00436132099115579
"CR-Kp","Precipitation",2,2559.49902152642,1.52976432731153e-05,0.00423743978449265
"CR-Kp","Precipitation",2,2566.01174168297,1.48079001050285e-05,0.0041017811639075
"CR-Kp","Precipitation",2,2572.52446183953,1.42789817721691e-05,0.00395527104163626
"CR-Kp","Precipitation",2,2579.03718199609,1.37146069364923e-05,0.00379893948524114
"CR-Kp","Precipitation",2,2585.54990215264,1.31188436194075e-05,0.00363391333468415
"CR-Kp","Precipitation",2,2592.0626223092,1.24918151560607e-05,0.00346022675374101
"CR-Kp","Precipitation",2,2598.57534246575,1.18449073117133e-05,0.00328103359387987
"CR-Kp","Precipitation",2,2605.08806262231,1.11846273792065e-05,0.003098136372069
"CR-Kp","Precipitation",2,2611.60078277886,1.05158835921202e-05,0.00291289466663509
"CR-Kp","Precipitation",2,2618.11350293542,9.84353391833417e-06,0.00272665413233013
"CR-Kp","Precipitation",2,2624.62622309198,9.17314194029742e-06,0.00254095587880044
"CR-Kp","Precipitation",2,2631.13894324853,8.51235217900547e-06,0.00235791743466279
"CR-Kp","Precipitation",2,2637.65166340509,7.8647772910881e-06,0.00217853950405553
"CR-Kp","Precipitation",2,2644.16438356164,7.23407382884766e-06,0.00200383495019711
"CR-Kp","Precipitation",2,2650.6771037182,6.62359609953317e-06,0.00183473291457243
"CR-Kp","Precipitation",2,2657.18982387476,6.03638750693119e-06,0.00167207641855774
"CR-Kp","Precipitation",2,2663.70254403131,5.48272844825281e-06,0.00151871312720609
"CR-Kp","Precipitation",2,2670.21526418787,4.95950569518799e-06,0.00137378067778199
"CR-Kp","Precipitation",2,2676.72798434442,4.46723371106273e-06,0.00123742157637782
"CR-Kp","Precipitation",2,2683.24070450098,4.00701596131021e-06,0.00110994148238464
"CR-Kp","Precipitation",2,2689.75342465753,3.57967036152959e-06,0.000991566958027621
"CR-Kp","Precipitation",2,2696.26614481409,3.189966595628e-06,0.000883619203441127
"CR-Kp","Precipitation",2,2702.77886497065,2.83929400441189e-06,0.000786483065356265
"CR-Kp","Precipitation",2,2709.2915851272,2.52186748172332e-06,0.000698556072166564
"CR-Kp","Precipitation",2,2715.80430528376,2.23724322406309e-06,0.000619715290517489
"CR-Kp","Precipitation",2,2722.31702544031,1.98485987205868e-06,0.000549805224134478
"CR-Kp","Precipitation",2,2728.82974559687,1.76405160999464e-06,0.000488641442386525
"CR-Kp","Precipitation",2,2735.34246575342,1.58243271237922e-06,0.000438333095628054
"CR-Kp","Precipitation",2,2741.85518590998,1.43027363572127e-06,0.000396185105019905
"CR-Kp","Precipitation",2,2748.36790606654,1.30661823760649e-06,0.000361932619575974
"CR-Kp","Precipitation",2,2754.88062622309,1.21067260865807e-06,0.000335355726783036
"CR-Kp","Precipitation",2,2761.39334637965,1.14167473364648e-06,0.000316243348791232
"CR-Kp","Precipitation",2,2767.9060665362,1.10280847946276e-06,0.000305477415188782
"CR-Kp","Precipitation",2,2774.41878669276,1.09258096590097e-06,0.000302644398881015
"CR-Kp","Precipitation",2,2780.93150684931,1.10697217961561e-06,0.00030663075811641
"CR-Kp","Precipitation",2,2787.44422700587,1.14553598822238e-06,0.000317312914440387
"CR-Kp","Precipitation",2,2793.95694716243,1.20787181912598e-06,0.000334579909437882
"CR-Kp","Precipitation",2,2800.46966731898,1.29417806127983e-06,0.000358486696752991
"CR-Kp","Precipitation",2,2806.98238747554,1.40954287437108e-06,0.00039044269415702
"CR-Kp","Precipitation",2,2813.49510763209,1.54744551186044e-06,0.000428641658013814
"CR-Kp","Precipitation",2,2820.00782778865,1.7075443251927e-06,0.000472988951838899
"CR-Kp","Precipitation",2,2826.52054794521,1.88945188654629e-06,0.000523377258313167
"CR-Kp","Precipitation",2,2833.03326810176,2.09272664330168e-06,0.000579684267574662
"CR-Kp","Precipitation",2,2839.54598825832,2.32047267726841e-06,0.000642769808782639
"CR-Kp","Precipitation",2,2846.05870841487,2.56997774632947e-06,0.000711882592183071
"CR-Kp","Precipitation",2,2852.57142857143,2.83808816476661e-06,0.000786149048358
"CR-Kp","Precipitation",2,2859.08414872798,3.12370370605066e-06,0.000865264415091217
"CR-Kp","Precipitation",2,2865.59686888454,3.42557686917246e-06,0.000948883135206818
"CR-Kp","Precipitation",2,2872.1095890411,3.74296240756482e-06,0.0010367987757663
"CR-Kp","Precipitation",2,2878.62230919765,4.07563781692133e-06,0.00112894970318446
"CR-Kp","Precipitation",2,2885.13502935421,4.41808521190702e-06,0.00122380746589346
"CR-Kp","Precipitation",2,2891.64774951076,4.76814515618828e-06,0.00132077390107382
"CR-Kp","Precipitation",2,2898.16046966732,5.12353896156494e-06,0.00141921781319667
"CR-Kp","Precipitation",2,2904.67318982387,5.48187745765587e-06,0.00151847740322251
"CR-Kp","Precipitation",2,2911.18590998043,5.8398240981228e-06,0.00161762844943011
"CR-Kp","Precipitation",2,2917.69863013699,6.19349085759766e-06,0.00171559397067384
"CR-Kp","Precipitation",2,2924.21135029354,6.54031743948309e-06,0.00181166476603509
"CR-Kp","Precipitation",2,2930.7240704501,6.87778331233547e-06,0.00190514264952361
"CR-Kp","Precipitation",2,2937.23679060665,7.20345042209575e-06,0.00199535228134476
"CR-Kp","Precipitation",2,2943.74951076321,7.51357471504727e-06,0.00208125656043067
"CR-Kp","Precipitation",2,2950.26223091976,7.80288866022247e-06,0.00216139638325217
"CR-Kp","Precipitation",2,2956.77495107632,8.07283366538914e-06,0.00223617101906346
"CR-Kp","Precipitation",2,2963.28767123288,8.32214736603718e-06,0.00230523079350609
"CR-Kp","Precipitation",2,2969.80039138943,8.54986348466085e-06,0.00236830804817851
"CR-Kp","Precipitation",2,2976.31311154599,8.75532256284533e-06,0.00242522011341892
"CR-Kp","Precipitation",2,2982.82583170254,8.93293423933937e-06,0.00247441846186577
"CR-Kp","Precipitation",2,2989.3385518591,9.08766472091536e-06,0.00251727873039197
"CR-Kp","Precipitation",2,2995.85127201566,9.22168562910138e-06,0.00255440245711002
"CR-Kp","Precipitation",2,3002.36399217221,9.3364001587136e-06,0.00258617832630501
"CR-Kp","Precipitation",2,3008.87671232877,9.43353082512786e-06,0.00261308347390258
"CR-Kp","Precipitation",2,3015.38943248532,9.51383719885096e-06,0.00263532830056556
"CR-Kp","Precipitation",2,3021.90215264188,9.58048848165425e-06,0.00265379067365113
"CR-Kp","Precipitation",2,3028.41487279843,9.6391700313512e-06,0.0026700454345226
"CR-Kp","Precipitation",2,3034.92759295499,9.69295111021157e-06,0.00268494276734355
"CR-Kp","Precipitation",2,3041.44031311155,9.74497847815192e-06,0.00269935432308824
"CR-Kp","Precipitation",2,3047.9530332681,9.79845273540984e-06,0.00271416666647378
"CR-Kp","Precipitation",2,3054.46575342466,9.85930529049908e-06,0.00273102279478842
"CR-Kp","Precipitation",2,3060.97847358121,9.93038272284414e-06,0.00275071120915535
"CR-Kp","Precipitation",2,3067.49119373777,1.00142418530566e-05,0.00277394014764679
"CR-Kp","Precipitation",2,3074.00391389432,1.01133005012476e-05,0.0028013793452636
"CR-Kp","Precipitation",2,3080.51663405088,1.02297006534383e-05,0.00283362213109722
"CR-Kp","Precipitation",2,3087.02935420744,1.03681967869458e-05,0.00287198549306384
"CR-Kp","Precipitation",2,3093.54207436399,1.05308056568876e-05,0.00291702807135523
"CR-Kp","Precipitation",2,3100.05479452055,1.07148787698481e-05,0.00296801623457674
"CR-Kp","Precipitation",2,3106.5675146771,1.09202635127398e-05,0.00302490770897702
"CR-Kp","Precipitation",2,3113.08023483366,1.11463815345675e-05,0.00308754229161024
"CR-Kp","Precipitation",2,3119.59295499022,1.13923725881398e-05,0.00315568169442063
"CR-Kp","Precipitation",2,3126.10567514677,1.16605233221453e-05,0.00322995931798851
"CR-Kp","Precipitation",2,3132.61839530333,1.19426618296788e-05,0.00330811154805528
"CR-Kp","Precipitation",2,3139.13111545988,1.22358460671956e-05,0.00338932343998264
"CR-Kp","Precipitation",2,3145.64383561644,1.25368433385939e-05,0.00347269953851466
"CR-Kp","Precipitation",2,3152.15655577299,1.28421501425422e-05,0.00355726937547775
"CR-Kp","Precipitation",2,3158.66927592955,1.31469780632468e-05,0.00364170656201406
"CR-Kp","Precipitation",2,3165.18199608611,1.34449034744101e-05,0.00372423175674736
"CR-Kp","Precipitation",2,3171.69471624266,1.37317465729858e-05,0.00380368715625638
"CR-Kp","Precipitation",2,3178.20743639922,1.40033005114789e-05,0.00387890746582057
"CR-Kp","Precipitation",2,3184.72015655577,1.42554048337853e-05,0.00394874024111225
"CR-Kp","Precipitation",2,3191.23287671233,1.44828892082662e-05,0.00401175330276927
"CR-Kp","Precipitation",2,3197.74559686888,1.46738884957708e-05,0.00406466001298809
"CR-Kp","Precipitation",2,3204.25831702544,1.48310713621982e-05,0.0041081995909315
"CR-Kp","Precipitation",2,3210.771037182,1.49514158086554e-05,0.00414153494436838
"CR-Kp","Precipitation",2,3217.28375733855,1.5032217785585e-05,0.00416391705287975
"CR-Kp","Precipitation",2,3223.79647749511,1.50711038261119e-05,0.00417468846728967
"CR-Kp","Precipitation",2,3230.30919765166,1.50570257166949e-05,0.00417078883779321
"CR-Kp","Precipitation",2,3236.82191780822,1.49926995310128e-05,0.00415297051548517
"CR-Kp","Precipitation",2,3243.33463796477,1.48818338228099e-05,0.00412226076795821
"CR-Kp","Precipitation",2,3249.84735812133,1.47244013463538e-05,0.00407865204815764
"CR-Kp","Precipitation",2,3256.36007827789,1.45207716849387e-05,0.00402224673047714
"CR-Kp","Precipitation",2,3262.87279843444,1.42688649546388e-05,0.00395246868807566
"CR-Kp","Precipitation",2,3269.385518591,1.39640153636193e-05,0.00386802549887261
"CR-Kp","Precipitation",2,3275.89823874755,1.36185837171087e-05,0.00377234109993521
"CR-Kp","Precipitation",2,3282.41095890411,1.32350657245872e-05,0.00366610680158186
"CR-Kp","Precipitation",2,3288.92367906067,1.28162223200557e-05,0.00355008738119484
"CR-Kp","Precipitation",2,3295.43639921722,1.23650646828405e-05,0.00342511693399053
"CR-Kp","Precipitation",2,3301.94911937378,1.1879691905152e-05,0.00329066890943096
"CR-Kp","Precipitation",2,3308.46183953033,1.13699574057572e-05,0.00314947269974683
"CR-Kp","Precipitation",2,3314.97455968689,1.08414348054629e-05,0.00300307219520463
"CR-Kp","Precipitation",2,3321.48727984344,1.02979191483998e-05,0.00285251862119227
"CR-Kp","Precipitation",2,3328,9.74321963900477e-06,0.00269886712549554
"CR-Kp","WetDays",1,0,0.000223657939505291,0.0107960532358061
"CR-Kp","WetDays",1,0.610567514677104,0.000232057743625298,0.0112015149540466
"CR-Kp","WetDays",1,1.22113502935421,0.000240395963900348,0.0116040039968252
"CR-Kp","WetDays",1,1.83170254403131,0.000248634067062802,0.0120016603487555
"CR-Kp","WetDays",1,2.44227005870841,0.00025672695227599,0.0123923069754127
"CR-Kp","WetDays",1,3.05283757338552,0.000264688895336668,0.0127766329748995
"CR-Kp","WetDays",1,3.66340508806262,0.000272508127481659,0.0131540702645713
"CR-Kp","WetDays",1,4.27397260273973,0.000280113880389753,0.0135212028308276
"CR-Kp","WetDays",1,4.88454011741683,0.000287493687948131,0.013877428929693
"CR-Kp","WetDays",1,5.49510763209393,0.000294676544838402,0.0142241481454028
"CR-Kp","WetDays",1,6.10567514677104,0.000301654400175579,0.0145609718586971
"CR-Kp","WetDays",1,6.71624266144814,0.000308324872477929,0.0148829580767738
"CR-Kp","WetDays",1,7.32681017612524,0.00031473569927902,0.0151924111084131
"CR-Kp","WetDays",1,7.93737769080235,0.00032091453395341,0.0154906657924521
"CR-Kp","WetDays",1,8.54794520547945,0.000326859012317371,0.0157776080088491
"CR-Kp","WetDays",1,9.15851272015655,0.000332451019135426,0.0160475362905646
"CR-Kp","WetDays",1,9.76908023483366,0.000337803625593499,0.0163059086264606
"CR-Kp","WetDays",1,10.3796477495108,0.000342932677298459,0.016553489889967
"CR-Kp","WetDays",1,10.9902152641879,0.000347833589295119,0.0167900587635647
"CR-Kp","WetDays",1,11.600782778865,0.000352435086445866,0.017012174769434
"CR-Kp","WetDays",1,12.2113502935421,0.000356860108238071,0.0172257722430757
"CR-Kp","WetDays",1,12.8219178082192,0.00036112254451671,0.0174315216525543
"CR-Kp","WetDays",1,13.4324853228963,0.000365220906164808,0.0176293511176309
"CR-Kp","WetDays",1,14.0430528375734,0.00036917029945013,0.0178199898235574
"CR-Kp","WetDays",1,14.6536203522505,0.000373052433529209,0.0180073819021886
"CR-Kp","WetDays",1,15.2641878669276,0.000376889814257207,0.0181926137196558
"CR-Kp","WetDays",1,15.8747553816047,0.0003807156316095,0.0183772873686091
"CR-Kp","WetDays",1,16.4853228962818,0.000384605549505082,0.0185650551750036
"CR-Kp","WetDays",1,17.0958904109589,0.000388593763899358,0.0187575677905255
"CR-Kp","WetDays",1,17.706457925636,0.000392710863609664,0.0189563017489439
"CR-Kp","WetDays",1,18.3170254403131,0.000397070738238862,0.0191667545444153
"CR-Kp","WetDays",1,18.9275929549902,0.000401748016273804,0.019392528522194
"CR-Kp","WetDays",1,19.5381604696673,0.000406739643850008,0.0196334762710878
"CR-Kp","WetDays",1,20.1487279843444,0.000412083001127136,0.0198914021455253
"CR-Kp","WetDays",1,20.7592954990215,0.000418028841301591,0.0201784100970293
"CR-Kp","WetDays",1,21.3698630136986,0.000424557873104453,0.0204935689287608
"CR-Kp","WetDays",1,21.9804305283757,0.000431656534475788,0.0208362239949633
"CR-Kp","WetDays",1,22.5909980430528,0.000439366974964216,0.0212084098702723
"CR-Kp","WetDays",1,23.2015655577299,0.000448136125771097,0.0216317000926239
"CR-Kp","WetDays",1,23.812133072407,0.000457736769583343,0.0220951267964749
"CR-Kp","WetDays",1,24.4227005870841,0.000468185092610479,0.0225994712962738
"CR-Kp","WetDays",1,25.0332681017613,0.000479576785099263,0.0231493525963827
"CR-Kp","WetDays",1,25.6438356164384,0.000492453410491444,0.0237709121687323
"CR-Kp","WetDays",1,26.2544031311155,0.000506414679884422,0.0244448279167689
"CR-Kp","WetDays",1,26.8649706457926,0.000521503085236732,0.0251731509433839
"CR-Kp","WetDays",1,27.4755381604697,0.00053794409626827,0.025966764757137
"CR-Kp","WetDays",1,28.0861056751468,0.000556169787765279,0.0268465257711941
"CR-Kp","WetDays",1,28.6966731898239,0.000575740914432483,0.0277912314492093
"CR-Kp","WetDays",1,29.307240704501,0.000596694228567918,0.0288026558384936
"CR-Kp","WetDays",1,29.9178082191781,0.000619422044820427,0.0298997361153594
"CR-Kp","WetDays",1,30.5283757338552,0.000644127013795793,0.0310922543011074
"CR-Kp","WetDays",1,31.1389432485323,0.000670388900539403,0.0323599254957176
"CR-Kp","WetDays",1,31.7495107632094,0.000698234323576989,0.0337040345854833
"CR-Kp","WetDays",1,32.3600782778865,0.000728236308413358,0.0351522417280052
"CR-Kp","WetDays",1,32.9706457925636,0.000760271465015678,0.0366985908397829
"CR-Kp","WetDays",1,33.5812133072407,0.000793994880062208,0.0383264328244709
"CR-Kp","WetDays",1,34.1917808219178,0.000829418591852069,0.0400363487753157
"CR-Kp","WetDays",1,34.8023483365949,0.000867275020530759,0.0418636928894422
"CR-Kp","WetDays",1,35.412915851272,0.000907067480030812,0.0437844899427302
"CR-Kp","WetDays",1,36.0234833659491,0.000948569633101416,0.045787814550575
"CR-Kp","WetDays",1,36.6340508806262,0.000991774924241313,0.0478733502764543
"CR-Kp","WetDays",1,37.2446183953033,0.00103750928399417,0.0500809650997395
"CR-Kp","WetDays",1,37.8551859099804,0.00108492988329824,0.0523699753432078
"CR-Kp","WetDays",1,38.4657534246575,0.00113394725424989,0.05473606235735
"CR-Kp","WetDays",1,39.0763209393346,0.00118461629418369,0.0571818760572459
"CR-Kp","WetDays",1,39.6868884540117,0.00123749347141038,0.0597342773784831
"CR-Kp","WetDays",1,40.2974559686888,0.00129175850652512,0.0623536711242961
"CR-Kp","WetDays",1,40.9080234833659,0.00134735897332698,0.06503752666216
"CR-Kp","WetDays",1,41.5185909980431,0.00140441083616165,0.0677914416348522
"CR-Kp","WetDays",1,42.1291585127202,0.00146304221992974,0.0706216006797282
"CR-Kp","WetDays",1,42.7397260273973,0.00152267418278798,0.0735000580552954
"CR-Kp","WetDays",1,43.3502935420744,0.00158323314645746,0.0764232621102337
"CR-Kp","WetDays",1,43.9608610567515,0.00164479739019992,0.0793949914140799
"CR-Kp","WetDays",1,44.5714285714286,0.00170718448220004,0.0824064399141874
"CR-Kp","WetDays",1,45.1819960861057,0.001770053837765,0.085441167458765
"CR-Kp","WetDays",1,45.7925636007828,0.00183331503989068,0.0884948095848646
"CR-Kp","WetDays",1,46.4031311154599,0.00189688379272665,0.0915632972999393
"CR-Kp","WetDays",1,47.013698630137,0.00196047396459602,0.094632818919848
"CR-Kp","WetDays",1,47.6242661448141,0.00202393477008536,0.0976960959757196
"CR-Kp","WetDays",1,48.2348336594912,0.0020871659538096,0.100748289102241
"CR-Kp","WetDays",1,48.8454011741683,0.00214979167836348,0.103771256485872
"CR-Kp","WetDays",1,49.4559686888454,0.00221168729782539,0.106758981420887
"CR-Kp","WetDays",1,50.0665362035225,0.00227280433204493,0.10970912375211
"CR-Kp","WetDays",1,50.6771037181996,0.00233304181654198,0.112616809885943
"CR-Kp","WetDays",1,51.2876712328767,0.00239162779108176,0.115444777010213
"CR-Kp","WetDays",1,51.8982387475538,0.00244887210541466,0.118207981689431
"CR-Kp","WetDays",1,52.5088062622309,0.00250471880160934,0.12090372281311
"CR-Kp","WetDays",1,53.119373776908,0.00255897493955884,0.123522687089395
"CR-Kp","WetDays",1,53.7299412915851,0.00261072583923881,0.126020722567955
"CR-Kp","WetDays",1,54.3405088062622,0.00266063075916881,0.12842965190659
"CR-Kp","WetDays",1,54.9510763209393,0.0027086198848086,0.130746105131068
"CR-Kp","WetDays",1,55.5616438356164,0.00275429668109572,0.132950941344115
"CR-Kp","WetDays",1,56.1722113502935,0.00279699346162128,0.13501193107053
"CR-Kp","WetDays",1,56.7827788649706,0.00283746129530186,0.136965328690662
"CR-Kp","WetDays",1,57.3933463796477,0.00287565877918048,0.138809135668136
"CR-Kp","WetDays",1,58.0039138943249,0.00291096099952942,0.14051318718123
"CR-Kp","WetDays",1,58.614481409002,0.00294315667711747,0.142067284701632
"CR-Kp","WetDays",1,59.2250489236791,0.00297294379973052,0.143505120363461
"CR-Kp","WetDays",1,59.8356164383562,0.00300031419975601,0.144826299912973
"CR-Kp","WetDays",1,60.4461839530333,0.0030244541250209,0.145991543225349
"CR-Kp","WetDays",1,61.0567514677104,0.00304569373308878,0.147016787130911
"CR-Kp","WetDays",1,61.6673189823875,0.00306457119353142,0.147928009278206
"CR-Kp","WetDays",1,62.2778864970646,0.00308111254105922,0.14872646637254
"CR-Kp","WetDays",1,62.8884540117417,0.00309441672807561,0.149368664506019
"CR-Kp","WetDays",1,63.4990215264188,0.00310529580687948,0.149893801749897
"CR-Kp","WetDays",1,64.1095890410959,0.00311407904402595,0.150317771925182
"CR-Kp","WetDays",1,64.720156555773,0.00312082365864016,0.150643337020662
"CR-Kp","WetDays",1,65.3307240704501,0.0031246883966556,0.15082988938473
"CR-Kp","WetDays",1,65.9412915851272,0.00312677491992418,0.150930606651173
"CR-Kp","WetDays",1,66.5518590998043,0.00312721823689724,0.150952005728943
"CR-Kp","WetDays",1,67.1624266144814,0.00312601318281827,0.150893837313294
"CR-Kp","WetDays",1,67.7729941291585,0.00312280521577772,0.150738987532306
"CR-Kp","WetDays",1,68.3835616438356,0.00311844002010665,0.150528277888134
"CR-Kp","WetDays",1,68.9941291585127,0.00311301552865271,0.150266435636329
"CR-Kp","WetDays",1,69.6046966731898,0.00310651941132702,0.149952865598846
"CR-Kp","WetDays",1,70.2152641878669,0.00309904446747465,0.149592047235128
"CR-Kp","WetDays",1,70.825831702544,0.00309105555365866,0.149206419347093
"CR-Kp","WetDays",1,71.4363992172211,0.00308265511333786,0.1488009269192
"CR-Kp","WetDays",1,72.0469667318982,0.00307393875568021,0.148380185042106
"CR-Kp","WetDays",1,72.6575342465753,0.00306518303318506,0.147957543009435
"CR-Kp","WetDays",1,73.2681017612524,0.00305656062716838,0.147541336213545
"CR-Kp","WetDays",1,73.8786692759295,0.00304816872531085,0.147136255940499
"CR-Kp","WetDays",1,74.4892367906067,0.00304030850456145,0.146756840115408
"CR-Kp","WetDays",1,75.0998043052838,0.00303316809052352,0.146412169632215
"CR-Kp","WetDays",1,75.7103718199609,0.0030267482466741,0.146102281344246
"CR-Kp","WetDays",1,76.320939334638,0.0030211325782396,0.145831210907366
"CR-Kp","WetDays",1,76.9315068493151,0.0030168878002863,0.145626313871923
"CR-Kp","WetDays",1,77.5420743639922,0.00301388727483714,0.145481477374921
"CR-Kp","WetDays",1,78.1526418786693,0.00301208339464148,0.145394403396388
"CR-Kp","WetDays",1,78.7632093933464,0.00301153999211077,0.145368173150938
"CR-Kp","WetDays",1,79.3737769080235,0.00301309989829468,0.145443470411753
"CR-Kp","WetDays",1,79.9843444227006,0.00301618036198843,0.145592165558021
"CR-Kp","WetDays",1,80.5949119373777,0.00302078804016857,0.145814579924514
"CR-Kp","WetDays",1,81.2054794520548,0.00302707563090143,0.146118084304583
"CR-Kp","WetDays",1,81.8160469667319,0.00303578358264152,0.14653842042486
"CR-Kp","WetDays",1,82.426614481409,0.00304617355037226,0.147039948092456
"CR-Kp","WetDays",1,83.0371819960861,0.00305825930715785,0.147623332138382
"CR-Kp","WetDays",1,83.6477495107632,0.00307233215671727,0.148302633903207
"CR-Kp","WetDays",1,84.2583170254403,0.0030887895501962,0.149097038503885
"CR-Kp","WetDays",1,84.8688845401174,0.00310695942991063,0.149974105462111
"CR-Kp","WetDays",1,85.4794520547945,0.00312683199243926,0.150933361563038
"CR-Kp","WetDays",1,86.0900195694716,0.00314881159370637,0.15199432521989
"CR-Kp","WetDays",1,86.7005870841487,0.00317291110409365,0.153157617690854
"CR-Kp","WetDays",1,87.3111545988258,0.0031986038572669,0.15439781659301
"CR-Kp","WetDays",1,87.9217221135029,0.00322585951966913,0.155713457714101
"CR-Kp","WetDays",1,88.53228962818,0.00325513492424947,0.157126592553169
"CR-Kp","WetDays",1,89.1428571428571,0.00328611186380346,0.158621861128239
"CR-Kp","WetDays",1,89.7534246575342,0.00331843881563082,0.160182295305766
"CR-Kp","WetDays",1,90.3639921722113,0.00335206949211736,0.161805660765128
"CR-Kp","WetDays",1,90.9745596868885,0.0033874316395196,0.163512604979724
"CR-Kp","WetDays",1,91.5851272015656,0.00342400278753649,0.165277908110738
"CR-Kp","WetDays",1,92.1956947162427,0.00346159244740937,0.167092375193826
"CR-Kp","WetDays",1,92.8062622309198,0.0035001441295824,0.168953279456784
"CR-Kp","WetDays",1,93.4168297455969,0.00353997180525713,0.170875776408128
"CR-Kp","WetDays",1,94.027397260274,0.00358051689121899,0.172832903025063
"CR-Kp","WetDays",1,94.6379647749511,0.00362170348210233,0.174820995326912
"CR-Kp","WetDays",1,95.2485322896282,0.00366350345227636,0.176838695678852
"CR-Kp","WetDays",1,95.8590998043053,0.00370595229231188,0.178887717224143
"CR-Kp","WetDays",1,96.4696673189824,0.00374872265323074,0.18095225870394
"CR-Kp","WetDays",1,97.0802348336595,0.00379175807621962,0.183029594829995
"CR-Kp","WetDays",1,97.6908023483366,0.00383501315229754,0.185117533693641
"CR-Kp","WetDays",1,98.3013698630137,0.00387836708546798,0.18721024442649
"CR-Kp","WetDays",1,98.9119373776908,0.00392170152603627,0.189302014244069
"CR-Kp","WetDays",1,99.5225048923679,0.00396496974460981,0.191390587500944
"CR-Kp","WetDays",1,100.133072407045,0.00400806606148416,0.193470862997856
"CR-Kp","WetDays",1,100.743639921722,0.00405087160917989,0.195537102956666
"CR-Kp","WetDays",1,101.354207436399,0.0040933946589166,0.197589706632268
"CR-Kp","WetDays",1,101.964774951076,0.00413560291547792,0.19962711512237
"CR-Kp","WetDays",1,102.575342465753,0.00417731782649075,0.201640709636464
"CR-Kp","WetDays",1,103.185909980431,0.00421853374236011,0.203630217466467
"CR-Kp","WetDays",1,103.796477495108,0.00425930922865931,0.205598465594728
"CR-Kp","WetDays",1,104.407045009785,0.00429962911193694,0.207544721593015
"CR-Kp","WetDays",1,105.017612524462,0.00433926391047608,0.209457908292157
"CR-Kp","WetDays",1,105.628180039139,0.0043783622649665,0.211345200634404
"CR-Kp","WetDays",1,106.238747553816,0.00441697824647857,0.21320920865075
"CR-Kp","WetDays",1,106.849315068493,0.00445511406831054,0.215050039177937
"CR-Kp","WetDays",1,107.45988258317,0.00449254069550218,0.216856636611909
"CR-Kp","WetDays",1,108.070450097847,0.004529526919462,0.2186419756155
"CR-Kp","WetDays",1,108.681017612524,0.00456609787085658,0.220407269255481
"CR-Kp","WetDays",1,109.291585127202,0.00460224446381437,0.222152078953399
"CR-Kp","WetDays",1,109.902152641879,0.00463788518043211,0.223872469809268
"CR-Kp","WetDays",1,110.512720156556,0.00467323490555644,0.225578814395817
"CR-Kp","WetDays",1,111.123287671233,0.00470832247244619,0.227272504505341
"CR-Kp","WetDays",1,111.73385518591,0.0047431507108674,0.228953676731716
"CR-Kp","WetDays",1,112.344422700587,0.00477776956559555,0.230624741928125
"CR-Kp","WetDays",1,112.954990215264,0.00481229752117216,0.232291419388148
"CR-Kp","WetDays",1,113.565557729941,0.00484676859116107,0.233955350959362
"CR-Kp","WetDays",1,114.176125244618,0.00488123612549399,0.235619111863125
"CR-Kp","WetDays",1,114.786692759295,0.00491579823591767,0.237287437990519
"CR-Kp","WetDays",1,115.397260273973,0.00495048991507133,0.23896201844946
"CR-Kp","WetDays",1,116.00782778865,0.00498534518067405,0.240644495288098
"CR-Kp","WetDays",1,116.618395303327,0.00502050207597222,0.242341531906088
"CR-Kp","WetDays",1,117.228962818004,0.00505600995088688,0.244055510442763
"CR-Kp","WetDays",1,117.839530332681,0.00509185531375081,0.245785779650249
"CR-Kp","WetDays",1,118.450097847358,0.00512806819862788,0.247533789284156
"CR-Kp","WetDays",1,119.060665362035,0.00516489295640197,0.249311334253961
"CR-Kp","WetDays",1,119.671232876712,0.0052022486619454,0.25111450827318
"CR-Kp","WetDays",1,120.281800391389,0.00524011553137729,0.252942356366408
"CR-Kp","WetDays",1,120.892367906067,0.00527851753935096,0.254796035799218
"CR-Kp","WetDays",1,121.502935420744,0.00531781400030163,0.256692890815143
"CR-Kp","WetDays",1,122.113502935421,0.00535774281390537,0.25862026973253
"CR-Kp","WetDays",1,122.724070450098,0.00539831549244485,0.26057872825361
"CR-Kp","WetDays",1,123.334637964775,0.00543960682401029,0.262571876427755
"CR-Kp","WetDays",1,123.945205479452,0.00548192321118769,0.264614504423544
"CR-Kp","WetDays",1,124.555772994129,0.00552496897135956,0.266692339529328
"CR-Kp","WetDays",1,125.166340508806,0.00556875783897244,0.268806044712028
"CR-Kp","WetDays",1,125.776908023483,0.0056134402010657,0.270962879210849
"CR-Kp","WetDays",1,126.38747553816,0.00565920743088028,0.273172080684432
"CR-Kp","WetDays",1,126.998043052838,0.00570578766881781,0.275420526367257
"CR-Kp","WetDays",1,127.608610567515,0.00575319346648856,0.277708822130293
"CR-Kp","WetDays",1,128.219178082192,0.00580166832493046,0.280048721860633
"CR-Kp","WetDays",1,128.829745596869,0.00585126265285528,0.282442658805839
"CR-Kp","WetDays",1,129.440313111546,0.00590175226350271,0.284879811386295
"CR-Kp","WetDays",1,130.050880626223,0.00595315075045943,0.287360835769565
"CR-Kp","WetDays",1,130.6614481409,0.00600581562579477,0.289902989198301
"CR-Kp","WetDays",1,131.272015655577,0.00605962962482901,0.292500611262112
"CR-Kp","WetDays",1,131.882583170254,0.00611443108022799,0.2951458982177
"CR-Kp","WetDays",1,132.493150684931,0.00617023524731884,0.297839586445469
"CR-Kp","WetDays",1,133.103718199609,0.0062275359065013,0.300605510911862
"CR-Kp","WetDays",1,133.714285714286,0.00628600908542307,0.303428033349038
"CR-Kp","WetDays",1,134.324853228963,0.00634556862486192,0.30630299481879
"CR-Kp","WetDays",1,134.93542074364,0.00640622969573936,0.309231127627232
"CR-Kp","WetDays",1,135.545988258317,0.00646863452316492,0.312243432223026
"CR-Kp","WetDays",1,136.156555772994,0.00653220702278946,0.315312100797
"CR-Kp","WetDays",1,136.767123287671,0.00659695023049892,0.318437279892517
"CR-Kp","WetDays",1,137.377690802348,0.006662977248665,0.321624429003786
"CR-Kp","WetDays",1,137.988258317025,0.00673075415569557,0.324896045911635
"CR-Kp","WetDays",1,138.598825831703,0.00679973499984806,0.328225777319196
"CR-Kp","WetDays",1,139.20939334638,0.00686991855775893,0.331613564174248
"CR-Kp","WetDays",1,139.819960861057,0.00694151422145594,0.335069513909078
"CR-Kp","WetDays",1,140.430528375734,0.00701472756227719,0.338603549529837
"CR-Kp","WetDays",1,141.041095890411,0.00708909564565387,0.342193325009999
"CR-Kp","WetDays",1,141.651663405088,0.00716459884067876,0.345837892758254
"CR-Kp","WetDays",1,142.262230919765,0.00724149649482138,0.349549771574935
"CR-Kp","WetDays",1,142.872798434442,0.00731971054034985,0.353325193101132
"CR-Kp","WetDays",1,143.483365949119,0.00739889076722853,0.357147252566118
"CR-Kp","WetDays",1,144.093933463796,0.00747899316726242,0.361013825677695
"CR-Kp","WetDays",1,144.704500978474,0.00756022890379806,0.364935105370374
"CR-Kp","WetDays",1,145.315068493151,0.00764229672968908,0.368896550330594
"CR-Kp","WetDays",1,145.925636007828,0.00772496839475386,0.372887142835856
"CR-Kp","WetDays",1,146.536203522505,0.00780817217836915,0.37690342090458
"CR-Kp","WetDays",1,147.146771037182,0.00789191772770705,0.380945850209409
"CR-Kp","WetDays",1,147.757338551859,0.00797585578525634,0.384997571958329
"CR-Kp","WetDays",1,148.367906066536,0.00805985052446838,0.389052029752524
"CR-Kp","WetDays",1,148.978473581213,0.00814380300251327,0.393104447584215
"CR-Kp","WetDays",1,149.58904109589,0.00822732507907168,0.397136089773552
"CR-Kp","WetDays",1,150.199608610568,0.00831031275045464,0.401141936023176
"CR-Kp","WetDays",1,150.810176125245,0.00839264408939606,0.405116100857891
"CR-Kp","WetDays",1,151.420743639922,0.00847410053391659,0.409048034208383
"CR-Kp","WetDays",1,152.031311154599,0.00855397657347644,0.41290368081436
"CR-Kp","WetDays",1,152.641878669276,0.00863250156973235,0.416694112049645
"CR-Kp","WetDays",1,153.252446183953,0.00870954056903632,0.420412813650664
"CR-Kp","WetDays",1,153.86301369863,0.00878460024989405,0.424035972802515
"CR-Kp","WetDays",1,154.473581213307,0.00885696195329727,0.427528899563366
"CR-Kp","WetDays",1,155.084148727984,0.00892710000865428,0.430914489992952
"CR-Kp","WetDays",1,155.694716242661,0.00899487876838609,0.434186196331391
"CR-Kp","WetDays",1,156.305283757339,0.00905937939015331,0.437299665711828
"CR-Kp","WetDays",1,156.915851272016,0.00912023336194978,0.440237109920508
"CR-Kp","WetDays",1,157.526418786693,0.00917802008320942,0.443026496786996
"CR-Kp","WetDays",1,158.13698630137,0.00923261569879453,0.445661847777003
"CR-Kp","WetDays",1,158.747553816047,0.00928256172793466,0.448072761472742
"CR-Kp","WetDays",1,159.358121330724,0.00932819160876807,0.450275333059115
"CR-Kp","WetDays",1,159.968688845401,0.00937002382904775,0.452294590135838
"CR-Kp","WetDays",1,160.579256360078,0.00940795767687526,0.454125671301526
"CR-Kp","WetDays",1,161.189823874755,0.00943994477713907,0.455669700715689
"CR-Kp","WetDays",1,161.800391389432,0.00946728812081518,0.456989574244995
"CR-Kp","WetDays",1,162.41095890411,0.00949028700473657,0.458099739060645
"CR-Kp","WetDays",1,163.021526418787,0.00950886296869248,0.458996407858622
"CR-Kp","WetDays",1,163.632093933464,0.00952043467190311,0.459554978344281
"CR-Kp","WetDays",1,164.242661448141,0.00952737487134978,0.459889984393514
"CR-Kp","WetDays",1,164.853228962818,0.00952965402497403,0.46
"CR-Kp","WetDays",1,165.463796477495,0.00952679616317887,0.459862049931474
"CR-Kp","WetDays",1,166.074363992172,0.00951706739136334,0.459392438440499
"CR-Kp","WetDays",1,166.684931506849,0.0095026015809767,0.458694168308088
"CR-Kp","WetDays",1,167.295499021526,0.00948340650377881,0.457767614680024
"CR-Kp","WetDays",1,167.906066536204,0.00945862264029759,0.456571288226673
"CR-Kp","WetDays",1,168.516634050881,0.00942749448550258,0.455068720434791
"CR-Kp","WetDays",1,169.127201565558,0.00939176596565053,0.453344091283631
"CR-Kp","WetDays",1,169.737769080235,0.00935147908536352,0.451399428352169
"CR-Kp","WetDays",1,170.348336594912,0.00930546663215911,0.449178389852916
"CR-Kp","WetDays",1,170.958904109589,0.00925392641153062,0.446690523931764
"CR-Kp","WetDays",1,171.569471624266,0.0091981361385762,0.443997506379208
"CR-Kp","WetDays",1,172.180039138943,0.00913816646054983,0.44110274736489
"CR-Kp","WetDays",1,172.79060665362,0.00907266480805443,0.437940957853023
"CR-Kp","WetDays",1,173.401174168297,0.00900262403306447,0.434560063183505
"CR-Kp","WetDays",1,174.011741682975,0.00892885356097526,0.430999134625962
"CR-Kp","WetDays",1,174.622309197652,0.00885144566648351,0.427262626314864
"CR-Kp","WetDays",1,175.232876712329,0.00876901136873458,0.423283491619613
"CR-Kp","WetDays",1,175.843444227006,0.00868308610028705,0.419135846449885
"CR-Kp","WetDays",1,176.454011741683,0.00859407097256899,0.414839052605848
"CR-Kp","WetDays",1,177.06457925636,0.00850205517940109,0.410397415506924
"CR-Kp","WetDays",1,177.675146771037,0.00840582061104347,0.405752136535779
"CR-Kp","WetDays",1,178.285714285714,0.00830709100077128,0.400986420948813
"CR-Kp","WetDays",1,178.896281800391,0.00820597990537934,0.396105750175415
"CR-Kp","WetDays",1,179.506849315068,0.00810240562236505,0.391106180404916
"CR-Kp","WetDays",1,180.117416829746,0.00799594740926094,0.38596740223946
"CR-Kp","WetDays",1,180.727984344423,0.00788772406162223,0.380743420363167
"CR-Kp","WetDays",1,181.3385518591,0.00777784906512761,0.375439712772621
"CR-Kp","WetDays",1,181.949119373777,0.00766620027659942,0.370050383570493
"CR-Kp","WetDays",1,182.559686888454,0.00755286310956203,0.364579555699873
"CR-Kp","WetDays",1,183.170254403131,0.00743847653676441,0.35905807261675
"CR-Kp","WetDays",1,183.780821917808,0.00732314851759226,0.353491145561459
"CR-Kp","WetDays",1,184.391389432485,0.00720683580730512,0.347876687094041
"CR-Kp","WetDays",1,185.001956947162,0.00708983932819466,0.342229222847199
"CR-Kp","WetDays",1,185.61252446184,0.00697245970216201,0.336563263953674
"CR-Kp","WetDays",1,186.223091976517,0.00685479486547404,0.330883537834067
"CR-Kp","WetDays",1,186.833659491194,0.00673697663151477,0.325196407170221
"CR-Kp","WetDays",1,187.444227005871,0.00661926110656628,0.319514234309129
"CR-Kp","WetDays",1,188.054794520548,0.00650175106870169,0.313841980387208
"CR-Kp","WetDays",1,188.665362035225,0.00638453095932682,0.308183721423018
"CR-Kp","WetDays",1,189.275929549902,0.00626797253608998,0.30255740229869
"CR-Kp","WetDays",1,189.886497064579,0.00615207951655788,0.296963202462572
"CR-Kp","WetDays",1,190.497064579256,0.00603688266222128,0.291402606783446
"CR-Kp","WetDays",1,191.107632093933,0.00592246007619818,0.285879385328324
"CR-Kp","WetDays",1,191.718199608611,0.00580942521896467,0.280423150066146
"CR-Kp","WetDays",1,192.328767123288,0.00569741723889733,0.275016482552725
"CR-Kp","WetDays",1,192.939334637965,0.00558648670473618,0.269661823760244
"CR-Kp","WetDays",1,193.549902152642,0.00547681177620754,0.264367773526
"CR-Kp","WetDays",1,194.160469667319,0.00536892284834853,0.259159934218814
"CR-Kp","WetDays",1,194.771037181996,0.0052623474207707,0.254015498066428
"CR-Kp","WetDays",1,195.381604696673,0.00515711976389731,0.248936119315121
"CR-Kp","WetDays",1,195.99217221135,0.0050535573405897,0.243937122017145
"CR-Kp","WetDays",1,196.602739726027,0.00495196302021762,0.239033125791397
"CR-Kp","WetDays",1,197.213307240704,0.00485186445388113,0.234201330178028
"CR-Kp","WetDays",1,197.823874755382,0.00475328151156691,0.229442694308804
"CR-Kp","WetDays",1,198.434442270059,0.00465668431176011,0.224779910980608
"CR-Kp","WetDays",1,199.045009784736,0.00456207157388709,0.220212918379666
"CR-Kp","WetDays",1,199.655577299413,0.00446904861344593,0.215722664935963
"CR-Kp","WetDays",1,200.26614481409,0.00437762382837861,0.211309556021332
"CR-Kp","WetDays",1,200.876712328767,0.00428841574540156,0.207003448154047
"CR-Kp","WetDays",1,201.487279843444,0.00420109711272279,0.202788544766477
"CR-Kp","WetDays",1,202.097847358121,0.00411539625372803,0.198651731925814
"CR-Kp","WetDays",1,202.708414872798,0.00403131354484486,0.194593027802359
"CR-Kp","WetDays",1,203.318982387476,0.00394960359794042,0.190648857796025
"CR-Kp","WetDays",1,203.929549902153,0.00386962618657653,0.18678831793477
"CR-Kp","WetDays",1,204.54011741683,0.0037912523840653,0.18300518487866
"CR-Kp","WetDays",1,205.150684931507,0.00371450119140071,0.179300375812855
"CR-Kp","WetDays",1,205.761252446184,0.00364018054463194,0.175712890115678
"CR-Kp","WetDays",1,206.371819960861,0.00356743422107721,0.172201397594808
"CR-Kp","WetDays",1,206.982387475538,0.00349625571645467,0.168765584286102
"CR-Kp","WetDays",1,207.592954990215,0.00342680288065058,0.165413069663205
"CR-Kp","WetDays",1,208.203522504892,0.00335957353496122,0.162167883748159
"CR-Kp","WetDays",1,208.814090019569,0.00329387479960589,0.158996580972187
"CR-Kp","WetDays",1,209.424657534247,0.00322969933783908,0.155898807187812
"CR-Kp","WetDays",1,210.035225048924,0.00316733607873424,0.152888509110562
"CR-Kp","WetDays",1,210.645792563601,0.00310698866769353,0.149975516780938
"CR-Kp","WetDays",1,211.256360078278,0.00304812249727334,0.147134024495664
"CR-Kp","WetDays",1,211.866927592955,0.00299072905468152,0.144363621339049
"CR-Kp","WetDays",1,212.477495107632,0.0029352164402019,0.14168400646597
"CR-Kp","WetDays",1,213.088062622309,0.00288150905538147,0.139091530710538
"CR-Kp","WetDays",1,213.698630136986,0.00282922200319859,0.136567614948109
"CR-Kp","WetDays",1,214.309197651663,0.00277834403425044,0.134111716165759
"CR-Kp","WetDays",1,214.91976516634,0.00272938168155938,0.131748284903841
"CR-Kp","WetDays",1,215.530332681018,0.00268199864647882,0.129461087899633
"CR-Kp","WetDays",1,216.140900195695,0.00263595029969439,0.127238316803713
"CR-Kp","WetDays",1,216.751467710372,0.00259122043405291,0.125079189290672
"CR-Kp","WetDays",1,217.362035225049,0.00254837825119016,0.123011180938509
"CR-Kp","WetDays",1,217.972602739726,0.00250686202728624,0.121007177126224
"CR-Kp","WetDays",1,218.583170254403,0.00246655464247858,0.119061524433804
"CR-Kp","WetDays",1,219.19373776908,0.00242745408761989,0.11717412587895
"CR-Kp","WetDays",1,219.804305283757,0.00239007371463579,0.115369761153051
"CR-Kp","WetDays",1,220.414872798434,0.00235375660999829,0.113616720791935
"CR-Kp","WetDays",1,221.025440313112,0.00231847060458932,0.11191345198012
"CR-Kp","WetDays",1,221.636007827789,0.00228428509831668,0.110263304677374
"CR-Kp","WetDays",1,222.246575342466,0.00225141054101904,0.108676437376915
"CR-Kp","WetDays",1,222.857142857143,0.00221937491647082,0.107130065677212
"CR-Kp","WetDays",1,223.46771037182,0.00218813828867575,0.105622261852637
"CR-Kp","WetDays",1,224.078277886497,0.00215779177069455,0.104157423965053
"CR-Kp","WetDays",1,224.688845401174,0.00212831349090345,0.102734496262917
"CR-Kp","WetDays",1,225.299412915851,0.00209940308451796,0.101338980024607
"CR-Kp","WetDays",1,225.909980430528,0.00207101521997793,0.0999686870785895
"CR-Kp","WetDays",1,226.520547945205,0.00204320559294856,0.0986263058756634
"CR-Kp","WetDays",1,227.131115459883,0.00201582666233921,0.0973047145516457
"CR-Kp","WetDays",1,227.74168297456,0.00198871881287474,0.0959962084169026
"CR-Kp","WetDays",1,228.352250489237,0.00196183528214924,0.094698530232435
"CR-Kp","WetDays",1,228.962818003914,0.00193514348865387,0.0934101072765029
"CR-Kp","WetDays",1,229.573385518591,0.00190849632223509,0.0921238384864168
"CR-Kp","WetDays",1,230.183953033268,0.00188182861884186,0.0908365783688158
"CR-Kp","WetDays",1,230.794520547945,0.00185509713483648,0.0895462395369705
"CR-Kp","WetDays",1,231.405088062622,0.00182814667298223,0.0882453305616326
"CR-Kp","WetDays",1,232.015655577299,0.00180094813650812,0.0869324469306735
"CR-Kp","WetDays",1,232.626223091976,0.00177347780041883,0.0856064434296065
"CR-Kp","WetDays",1,233.236790606654,0.001745692359152,0.0842652296825757
"CR-Kp","WetDays",1,233.847358121331,0.00171733653160887,0.0828964831745016
"CR-Kp","WetDays",1,234.457925636008,0.00168855115910738,0.0815070023690089
"CR-Kp","WetDays",1,235.068493150685,0.00165931550446416,0.0800957862744228
"CR-Kp","WetDays",1,235.679060665362,0.00162954929903413,0.0786589602929201
"CR-Kp","WetDays",1,236.289628180039,0.00159905440880819,0.0771869604210288
"CR-Kp","WetDays",1,236.900195694716,0.00156803178699743,0.0756894867461659
"CR-Kp","WetDays",1,237.510763209393,0.00153647616876268,0.0741662851325559
"CR-Kp","WetDays",1,238.12133072407,0.00150427081365543,0.072611720474646
"CR-Kp","WetDays",1,238.731898238748,0.00147134958254615,0.0710226002116664
"CR-Kp","WetDays",1,239.342465753425,0.00143790688217118,0.0694083084302262
"CR-Kp","WetDays",1,239.953033268102,0.00140395308595649,0.0677693458595153
"CR-Kp","WetDays",1,240.563600782779,0.00136936339598602,0.0660996884569779
"CR-Kp","WetDays",1,241.174168297456,0.00133421163932736,0.0644028998830583
"CR-Kp","WetDays",1,241.784735812133,0.00129864431499821,0.0626860517006864
"CR-Kp","WetDays",1,242.39530332681,0.00126268545715469,0.0609503040476582
"CR-Kp","WetDays",1,243.005870841487,0.00122625168793311,0.0591916322429941
"CR-Kp","WetDays",1,243.616438356164,0.00118950051398601,0.0574176391923162
"CR-Kp","WetDays",1,244.227005870841,0.00115251995458058,0.0556325736189056
"CR-Kp","WetDays",1,244.837573385519,0.00111534398124003,0.0538380753410208
"CR-Kp","WetDays",1,245.448140900196,0.00107798872232534,0.0520349228807399
"CR-Kp","WetDays",1,246.058708414873,0.00104059361642364,0.0502298469913425
"CR-Kp","WetDays",1,246.66927592955,0.00100320578109659,0.0484251220553299
"CR-Kp","WetDays",1,247.279843444227,0.00096586805366242,0.0466228158462368
"CR-Kp","WetDays",1,247.890410958904,0.000928737131100778,0.0448304921864697
"CR-Kp","WetDays",1,248.500978473581,0.000891827218200111,0.0430488367465333
"CR-Kp","WetDays",1,249.111545988258,0.000855177262763855,0.0412797295516136
"CR-Kp","WetDays",1,249.722113502935,0.00081887312203211,0.0395273149631261
"CR-Kp","WetDays",1,250.332681017613,0.000783128224542254,0.0378018952572015
"CR-Kp","WetDays",1,250.94324853229,0.000747844823641438,0.036098752165979
"CR-Kp","WetDays",1,251.553816046967,0.000713057123548335,0.0344195367400159
"CR-Kp","WetDays",1,252.164383561644,0.000678929100726308,0.0327721641851476
"CR-Kp","WetDays",1,252.774951076321,0.000645619721403414,0.0311643078612584
"CR-Kp","WetDays",1,253.385518590998,0.000612972143314991,0.0295883969329794
"CR-Kp","WetDays",1,253.996086105675,0.00058101264503273,0.0280456998768939
"CR-Kp","WetDays",1,254.606653620352,0.000550002981875322,0.026548851721124
"CR-Kp","WetDays",1,255.217221135029,0.000519958797066981,0.0250986075700123
"CR-Kp","WetDays",1,255.827788649706,0.00049071838752591,0.0236871619547105
"CR-Kp","WetDays",1,256.438356164384,0.000462298375664075,0.0223153172453241
"CR-Kp","WetDays",1,257.048923679061,0.000435059015518126,0.0210004630403026
"CR-Kp","WetDays",1,257.659491193738,0.000408822263127076,0.019734005090386
"CR-Kp","WetDays",1,258.270058708415,0.00038346544326857,0.0185100218162456
"CR-Kp","WetDays",1,258.880626223092,0.000358995236597074,0.0173288356955964
"CR-Kp","WetDays",1,259.491193737769,0.000335853695314477,0.0162117847552268
"CR-Kp","WetDays",1,260.101761252446,0.00031366150555507,0.0151405593715377
"CR-Kp","WetDays",1,260.712328767123,0.000292361903987111,0.0141124195570613
"CR-Kp","WetDays",1,261.3228962818,0.000271980199502788,0.0131285869815849
"CR-Kp","WetDays",1,261.933463796477,0.000252928386435676,0.012208948767238
"CR-Kp","WetDays",1,262.544031311155,0.00023473802827061,0.0113308933064624
"CR-Kp","WetDays",1,263.154598825832,0.000217399183391446,0.0104939407136911
"CR-Kp","WetDays",1,263.765166340509,0.000201002295753008,0.0097024567527923
"CR-Kp","WetDays",1,264.375733855186,0.000185760804288792,0.00896674420172115
"CR-Kp","WetDays",1,264.986301369863,0.000171304921747239,0.00826895329014261
"CR-Kp","WetDays",1,265.59686888454,0.000157619911385994,0.0076083726699359
"CR-Kp","WetDays",1,266.207436399217,0.000144844331013234,0.00699169057884758
"CR-Kp","WetDays",1,266.818003913894,0.000133017678512443,0.00642081359463527
"CR-Kp","WetDays",1,267.428571428571,0.000121874525770749,0.00588292940201438
"CR-Kp","WetDays",1,268.039138943249,0.000111397551537417,0.00537720189766819
"CR-Kp","WetDays",1,268.649706457926,0.000101752449660409,0.00491162918623542
"CR-Kp","WetDays",1,269.260273972603,9.28475998761627e-05,0.00448178872298056
"CR-Kp","WetDays",1,269.87084148728,8.45125433858094e-05,0.00407945239728452
"CR-Kp","WetDays",1,270.481409001957,7.67293033902691e-05,0.00370375246226423
"CR-Kp","WetDays",1,271.091976516634,6.96705957603049e-05,0.00336302597825188
"CR-Kp","WetDays",1,271.702544031311,6.31620465161166e-05,0.00304885584736565
"CR-Kp","WetDays",1,272.313111545988,5.71100565494748e-05,0.00275672400529042
"CR-Kp","WetDays",1,272.923679060665,5.14974819481937e-05,0.00248580290890819
"CR-Kp","WetDays",1,273.534246575342,4.64879785959848e-05,0.00224399228955338
"CR-Kp","WetDays",1,274.14481409002,4.186873787248e-05,0.00202101979472369
"CR-Kp","WetDays",1,274.755381604697,3.7601929602124e-05,0.00181505934755319
"CR-Kp","WetDays",1,275.365949119374,3.36830873777648e-05,0.00162589535288129
"CR-Kp","WetDays",1,275.976516634051,3.02236040483567e-05,0.00145890478561019
"CR-Kp","WetDays",1,276.587084148728,2.703944254049e-05,0.00130520410667892
"CR-Kp","WetDays",1,277.197651663405,2.4117825462397e-05,0.00116417654655966
"CR-Kp","WetDays",1,277.808219178082,2.14738424647783e-05,0.00103655048839246
"CR-Kp","WetDays",1,278.418786692759,1.91422989251426e-05,0.000924006000898819
"CR-Kp","WetDays",1,279.029354207436,1.70100345745681e-05,0.000821080795146983
"CR-Kp","WetDays",1,279.639921722114,1.50667634642232e-05,0.000727278364500914
"CR-Kp","WetDays",1,280.250489236791,1.33357388363026e-05,0.000643721151746213
"CR-Kp","WetDays",1,280.861056751468,1.18089115044922e-05,0.00057002061961858
"CR-Kp","WetDays",1,281.471624266145,1.04216213414496e-05,0.000503055599343218
"CR-Kp","WetDays",1,282.082191780822,9.16592593707447e-06,0.000442442707784005
"CR-Kp","WetDays",1,282.692759295499,8.06602097946745e-06,0.00038934987994647
"CR-Kp","WetDays",1,283.303326810176,7.09440419178635e-06,0.000342449570537333
"CR-Kp","WetDays",1,283.913894324853,6.21738324518186e-06,0.000300115438114392
"CR-Kp","WetDays",1,284.52446183953,5.42905893506184e-06,0.000262062725843319
"CR-Kp","WetDays",1,285.135029354207,4.75070591526829e-06,0.000229318369302433
"CR-Kp","WetDays",1,285.745596868885,4.14983406181962e-06,0.000200314057932678
"CR-Kp","WetDays",1,286.356164383562,3.61108758516574e-06,0.000174308561971196
"CR-Kp","WetDays",1,286.966731898239,3.13024354083498e-06,0.00015109803829295
"CR-Kp","WetDays",1,287.577299412916,2.72414962605728e-06,0.000131495731608133
"CR-Kp","WetDays",1,288.187866927593,2.36302735447425e-06,0.00011406422313019
"CR-Kp","WetDays",1,288.79843444227,2.04144832860589e-06,9.85414820619651e-05
"CR-Kp","WetDays",1,289.409001956947,1.75772637098797e-06,8.48461159802356e-05
"CR-Kp","WetDays",1,290.019569471624,1.52051720527038e-06,7.33959399356349e-05
"CR-Kp","WetDays",1,290.630136986301,1.3096062812044e-06,6.32151899507881e-05
"CR-Kp","WetDays",1,291.240704500978,1.12309691640497e-06,5.42123124504189e-05
"CR-Kp","WetDays",1,291.851272015656,9.61469470428972e-07,4.64104945718145e-05
"CR-Kp","WetDays",1,292.461839530333,8.25941728099786e-07,3.98685192484663e-05
"CR-Kp","WetDays",1,293.07240704501,7.0624329682605e-07,3.4090630749931e-05
"CR-Kp","WetDays",1,293.682974559687,6.01146299716488e-07,2.90175589947861e-05
"CR-Kp","WetDays",1,294.293542074364,5.11777521303602e-07,2.47036942981043e-05
"CR-Kp","WetDays",1,294.904109589041,4.36528410166609e-07,2.10713912751085e-05
"CR-Kp","WetDays",1,295.514677103718,3.70522581026794e-07,1.78852649661423e-05
"CR-Kp","WetDays",1,296.125244618395,3.12990205595744e-07,1.51081554688902e-05
"CR-Kp","WetDays",1,296.735812133072,2.65030719681638e-07,1.27931329651693e-05
"CR-Kp","WetDays",1,297.346379647749,2.24432638752966e-07,1.08334482611655e-05
"CR-Kp","WetDays",1,297.956947162427,1.89071168314079e-07,9.1265367238464e-06
"CR-Kp","WetDays",1,298.567514677104,1.5847881052104e-07,7.64983205566868e-06
"CR-Kp","WetDays",1,299.178082191781,1.3350171063802e-07,6.44417800819967e-06
"CR-Kp","WetDays",1,299.788649706458,1.12220995030184e-07,5.41694982615336e-06
"CR-Kp","WetDays",1,300.399217221135,9.38186046153648e-08,4.52865948857838e-06
"CR-Kp","WetDays",1,301.009784735812,7.80195419313371e-08,3.76603276408168e-06
"CR-Kp","WetDays",1,301.620352250489,6.53971235986558e-08,3.15674386253111e-06
"CR-Kp","WetDays",1,302.230919765166,5.45607938008593e-08,2.63367012932704e-06
"CR-Kp","WetDays",1,302.841487279843,4.52593654092483e-08,2.18468666687099e-06
"CR-Kp","WetDays",1,303.452054794521,3.73842160930442e-08,1.80455023421978e-06
"CR-Kp","WetDays",1,304.062622309198,3.11470794943076e-08,1.50348129426667e-06
"CR-Kp","WetDays",1,304.673189823875,2.57875467413235e-08,1.24477462349858e-06
"CR-Kp","WetDays",1,305.283757338552,2.12220532481753e-08,1.02439652778341e-06
"CR-Kp","WetDays",1,305.894324853229,1.74379093825758e-08,8.41734473776632e-07
"CR-Kp","WetDays",1,306.504892367906,1.44201353350094e-08,6.96065380413681e-07
"CR-Kp","WetDays",1,307.115459882583,1.18458884235132e-08,5.71805509469261e-07
"CR-Kp","WetDays",1,307.72602739726,9.67009922328174e-09,4.66779342781201e-07
"CR-Kp","WetDays",1,308.336594911937,7.90621840229053e-09,3.81636149174215e-07
"CR-Kp","WetDays",1,308.947162426614,6.48817470525567e-09,3.13186644194645e-07
"CR-Kp","WetDays",1,309.557729941292,5.28762654436569e-09,2.55235730912576e-07
"CR-Kp","WetDays",1,310.168297455969,4.28101080395115e-09,2.06646008832718e-07
"CR-Kp","WetDays",1,310.778864970646,3.48355206080857e-09,1.68152374028742e-07
"CR-Kp","WetDays",1,311.389432485323,2.83652599249897e-09,1.36920181271018e-07
"CR-Kp","WetDays",1,312,2.29297341320887e-09,1.10682692919584e-07
"CR-Pa","Temperature",2,-8.45410579323163,7.61452103954858e-06,3.00915360888526e-05
"CR-Pa","Temperature",2,-8.37522475294501,9.24946790647111e-06,3.65526204293947e-05
"CR-Pa","Temperature",2,-8.29634371265839,1.11684858898228e-05,4.41363146107174e-05
"CR-Pa","Temperature",2,-8.21746267237176,1.3407312286978e-05,5.29838474990981e-05
"CR-Pa","Temperature",2,-8.13858163208515,1.6030404580907e-05,6.3349946169939e-05
"CR-Pa","Temperature",2,-8.05970059179852,1.91886991162466e-05,7.58310902229643e-05
"CR-Pa","Temperature",2,-7.9808195515119,2.28392986332377e-05,9.02577556088672e-05
"CR-Pa","Temperature",2,-7.90193851122528,2.70348957406546e-05,0.000106838176244176
"CR-Pa","Temperature",2,-7.82305747093866,3.18306299230696e-05,0.00012579025576082
"CR-Pa","Temperature",2,-7.74417643065204,3.729767760624e-05,0.000147395273568657
"CR-Pa","Temperature",2,-7.66529539036542,4.37403957176701e-05,0.000172856006233715
"CR-Pa","Temperature",2,-7.5864143500788,5.10274241941467e-05,0.000201653336918271
"CR-Pa","Temperature",2,-7.50753330979218,5.92267277195327e-05,0.000234055852671545
"CR-Pa","Temperature",2,-7.42865226950556,6.84071751001324e-05,0.000270335713509845
"CR-Pa","Temperature",2,-7.34977122921894,7.86384647966666e-05,0.000310768358129212
"CR-Pa","Temperature",2,-7.27089018893232,9.03585918022841e-05,0.000357084682284563
"CR-Pa","Temperature",2,-7.19200914864569,0.000103363005106239,0.000408476328616335
"CR-Pa","Temperature",2,-7.11312810835907,0.0001176887254381,0.000465089597937678
"CR-Pa","Temperature",2,-7.03424706807245,0.000133399638473241,0.000527176957619306
"CR-Pa","Temperature",2,-6.95536602778583,0.000150557115941958,0.000594980940267987
"CR-Pa","Temperature",2,-6.87648498749921,0.000169617917687482,0.000670306597735985
"CR-Pa","Temperature",2,-6.79760394721259,0.00019038162156889,0.000752361889387354
"CR-Pa","Temperature",2,-6.71872290692597,0.00021278024244646,0.000840878147334141
"CR-Pa","Temperature",2,-6.63984186663935,0.000236844586013923,0.000935977111425752
"CR-Pa","Temperature",2,-6.56096082635273,0.000262599143327952,0.00103775556693757
"CR-Pa","Temperature",2,-6.48207978606611,0.000290414196080091,0.00114767681600329
"CR-Pa","Temperature",2,-6.40319874577949,0.000320129021951415,0.00126510570620357
"CR-Pa","Temperature",2,-6.32431770549286,0.000351533644666953,0.00138921244028352
"CR-Pa","Temperature",2,-6.24543666520624,0.000384601947364335,0.00151989380800804
"CR-Pa","Temperature",2,-6.16655562491962,0.000419299524696358,0.00165701384419409
"CR-Pa","Temperature",2,-6.087674584633,0.000455824563948221,0.00180135575763627
"CR-Pa","Temperature",2,-6.00879354434638,0.000494061452479461,0.0019524626631379
"CR-Pa","Temperature",2,-5.92991250405976,0.000533684677640906,0.00210904817964112
"CR-Pa","Temperature",2,-5.85103146377314,0.000574606810516889,0.00227076680013934
"CR-Pa","Temperature",2,-5.77215042348652,0.000616733349425662,0.0024372450670307
"CR-Pa","Temperature",2,-5.6932693831999,0.000660071716077018,0.00260851230988784
"CR-Pa","Temperature",2,-5.61438834291328,0.000704506662552526,0.00278411308484522
"CR-Pa","Temperature",2,-5.53550730262666,0.000749694402856616,0.00296268879710234
"CR-Pa","Temperature",2,-5.45662626234004,0.000795503320520428,0.00314371931654176
"CR-Pa","Temperature",2,-5.37774522205341,0.000841797900909694,0.00332666910803442
"CR-Pa","Temperature",2,-5.29886418176679,0.000888447671957373,0.00351102256398089
"CR-Pa","Temperature",2,-5.21998314148017,0.000935242580717697,0.00369594958413387
"CR-Pa","Temperature",2,-5.14110210119355,0.000981951023996627,0.00388053490463951
"CR-Pa","Temperature",2,-5.06222106090693,0.00102842020300563,0.00406417468577692
"CR-Pa","Temperature",2,-4.98334002062031,0.00107449578146471,0.00424625901187109
"CR-Pa","Temperature",2,-4.90445898033369,0.00111999661399193,0.00442607202137678
"CR-Pa","Temperature",2,-4.82557794004707,0.00116448203105199,0.00460187224911766
"CR-Pa","Temperature",2,-4.74669689976045,0.00120795063255416,0.00477365416212847
"CR-Pa","Temperature",2,-4.66781585947383,0.00125024046980921,0.00494077776154363
"CR-Pa","Temperature",2,-4.58893481918721,0.00129118873336517,0.00510259964688223
"CR-Pa","Temperature",2,-4.51005377890059,0.00133063176850909,0.00525847307730844
"CR-Pa","Temperature",2,-4.43117273861396,0.0013677940829358,0.00540533341427629
"CR-Pa","Temperature",2,-4.35229169832734,0.0014029460331031,0.00554424906918864
"CR-Pa","Temperature",2,-4.27341065804072,0.00143594232823038,0.00567464587293556
"CR-Pa","Temperature",2,-4.1945296177541,0.00146661862260168,0.00579587435393283
"CR-Pa","Temperature",2,-4.11564857746748,0.00149481164137751,0.00590728927255219
"CR-Pa","Temperature",2,-4.03676753718086,0.00151958596439002,0.00600519397740963
"CR-Pa","Temperature",2,-3.95788649689424,0.00154126846715829,0.0060908802354368
"CR-Pa","Temperature",2,-3.87900545660762,0.00155986449712833,0.00616436917900218
"CR-Pa","Temperature",2,-3.800124416321,0.00157523786904516,0.00622512262277626
"CR-Pa","Temperature",2,-3.72124337603438,0.00158725997257156,0.00627263231645885
"CR-Pa","Temperature",2,-3.64236233574776,0.0015950088328321,0.00630325474260572
"CR-Pa","Temperature",2,-3.56348129546114,0.00159876208317974,0.00631808706990509
"CR-Pa","Temperature",2,-3.48460025517451,0.00159880296718858,0.00631824863786466
"CR-Pa","Temperature",2,-3.40571921488789,0.00159508672425105,0.00630356255874177
"CR-Pa","Temperature",2,-3.32683817460127,0.00158758598514877,0.0062739206731633
"CR-Pa","Temperature",2,-3.24795713431465,0.00157563290238579,0.00622668374001056
"CR-Pa","Temperature",2,-3.16907609402803,0.00155942521886402,0.00616263321193678
"CR-Pa","Temperature",2,-3.09019505374141,0.00153959194898005,0.00608425486701216
"CR-Pa","Temperature",2,-3.01131401345479,0.00151624887644948,0.00599200626649873
"CR-Pa","Temperature",2,-2.93243297316817,0.00148953617204975,0.0058864413459607
"CR-Pa","Temperature",2,-2.85355193288155,0.00145924096340456,0.00576671886315037
"CR-Pa","Temperature",2,-2.77467089259493,0.00142558231573144,0.00563370453356916
"CR-Pa","Temperature",2,-2.69578985230831,0.00138942782341955,0.00549082697048585
"CR-Pa","Temperature",2,-2.61690881202169,0.00135108172140286,0.00533928846836484
"CR-Pa","Temperature",2,-2.53802777173506,0.00131087144878225,0.00518038302133526
"CR-Pa","Temperature",2,-2.45914673144844,0.0012690686277032,0.00501518404262305
"CR-Pa","Temperature",2,-2.38026569116182,0.00122618243603366,0.00484570373287869
"CR-Pa","Temperature",2,-2.3013846508752,0.00118299063276044,0.00467501568826127
"CR-Pa","Temperature",2,-2.22250361058858,0.00113995106410984,0.00450492925385898
"CR-Pa","Temperature",2,-2.14362257030196,0.00109753629580416,0.00433731194417637
"CR-Pa","Temperature",2,-2.06474153001534,0.00105632061053759,0.00417443324515064
"CR-Pa","Temperature",2,-1.98586048972872,0.00101751739824302,0.00402108830630802
"CR-Pa","Temperature",2,-1.9069794494421,0.000981348619878435,0.0038781542867164
"CR-Pa","Temperature",2,-1.82809840915548,0.000948354295385404,0.003747765270644
"CR-Pa","Temperature",2,-1.74921736886886,0.000919079828873187,0.00363207661984653
"CR-Pa","Temperature",2,-1.67033632858224,0.00089408851524195,0.00353331439801587
"CR-Pa","Temperature",2,-1.59145528829561,0.0008757981747533,0.00346103349708552
"CR-Pa","Temperature",2,-1.51257424800899,0.00086342166196286,0.00341212322691182
"CR-Pa","Temperature",2,-1.43369320772237,0.000857524602584058,0.00338881886223889
"CR-Pa","Temperature",2,-1.35481216743575,0.000858674359648512,0.00339336254345255
"CR-Pa","Temperature",2,-1.27593112714913,0.000867440070932838,0.00342800342448588
"CR-Pa","Temperature",2,-1.19705008686251,0.000886967566371079,0.0035051733910081
"CR-Pa","Temperature",2,-1.11816904657589,0.000916146798711301,0.00362048568950336
"CR-Pa","Temperature",2,-1.03928800628927,0.000955218422231559,0.00377489135246014
"CR-Pa","Temperature",2,-0.960406966002648,0.00100477466976659,0.00397073080229334
"CR-Pa","Temperature",2,-0.881525925716026,0.00106541387953221,0.0042103685890411
"CR-Pa","Temperature",2,-0.802644885429405,0.00114074480241921,0.00450806599809509
"CR-Pa","Temperature",2,-0.723763845142785,0.00122998737348222,0.00486074032046636
"CR-Pa","Temperature",2,-0.644882804856164,0.00133278763645237,0.00526699276983817
"CR-Pa","Temperature",2,-0.566001764569543,0.00144981261025917,0.00572945931294894
"CR-Pa","Temperature",2,-0.487120724282923,0.00158174336455588,0.00625083144305794
"CR-Pa","Temperature",2,-0.408239683996301,0.00173249492313345,0.00684658079378221
"CR-Pa","Temperature",2,-0.32935864370968,0.00190229552817745,0.00751760934673419
"CR-Pa","Temperature",2,-0.250477603423059,0.00208989083401187,0.00825896010094401
"CR-Pa","Temperature",2,-0.171596563136438,0.0022960677204214,0.00907374269670492
"CR-Pa","Temperature",2,-0.0927155228498187,0.00252162793719047,0.00996512553849667
"CR-Pa","Temperature",2,-0.0138344825631975,0.00277056852623781,0.0109489043842562
"CR-Pa","Temperature",2,0.0650465577234236,0.00304483646432156,0.0120327734173833
"CR-Pa","Temperature",2,0.143927598010045,0.00334178442775349,0.0132062707800819
"CR-Pa","Temperature",2,0.222808638296666,0.0036622587527659,0.0144727410763192
"CR-Pa","Temperature",2,0.301689678583287,0.00400709762492027,0.0158354966997362
"CR-Pa","Temperature",2,0.380570718869906,0.00437987025403408,0.0173086426748611
"CR-Pa","Temperature",2,0.459451759156527,0.00478479069986978,0.0189088323841933
"CR-Pa","Temperature",2,0.538332799443149,0.00521709279482973,0.0206172305912781
"CR-Pa","Temperature",2,0.61721383972977,0.00567739383877757,0.0224362767799684
"CR-Pa","Temperature",2,0.696094880016391,0.00616624257741977,0.0243681395175509
"CR-Pa","Temperature",2,0.774975920303012,0.00668588580596617,0.0264216978285617
"CR-Pa","Temperature",2,0.853856960589633,0.0072426252697763,0.0286218553408094
"CR-Pa","Temperature",2,0.932738000876252,0.00782892607696378,0.0309388352016269
"CR-Pa","Temperature",2,1.01161904116287,0.00844461734431411,0.0333719621041382
"CR-Pa","Temperature",2,1.09050008144949,0.00908937122823841,0.0359199404557334
"CR-Pa","Temperature",2,1.16938112173612,0.00976315008649362,0.0385826214994638
"CR-Pa","Temperature",2,1.24826216202274,0.0104725171646365,0.0413859422758215
"CR-Pa","Temperature",2,1.32714320230936,0.0112074581379381,0.0442903275557911
"CR-Pa","Temperature",2,1.40602424259598,0.0119663636449529,0.0472894173650851
"CR-Pa","Temperature",2,1.4849052828826,0.0127473979050955,0.0503759569522296
"CR-Pa","Temperature",2,1.56378632316922,0.0135484977808171,0.0535417930824138
"CR-Pa","Temperature",2,1.64266736345584,0.0143709357039725,0.05679195423069
"CR-Pa","Temperature",2,1.72154840374246,0.0152059379355417,0.0600917677915211
"CR-Pa","Temperature",2,1.80042944402908,0.0160496985647703,0.0634261933309493
"CR-Pa","Temperature",2,1.8793104843157,0.0168986510147522,0.0667811362293493
"CR-Pa","Temperature",2,1.95819152460232,0.0177490239611107,0.0701416927333536
"CR-Pa","Temperature",2,2.03707256488894,0.0185942137579426,0.0734817661458768
"CR-Pa","Temperature",2,2.11595360517557,0.01942807960806,0.0767770888840695
"CR-Pa","Temperature",2,2.19483464546219,0.0202462976450874,0.0800105736248536
"CR-Pa","Temperature",2,2.27371568574881,0.0210441890216827,0.0831637302093715
"CR-Pa","Temperature",2,2.35259672603543,0.0218170206005047,0.086217853932182
"CR-Pa","Temperature",2,2.43147776632205,0.0225522035788287,0.0891231955825953
"CR-Pa","Temperature",2,2.51035880660867,0.0232448887633044,0.0918605918178414
"CR-Pa","Temperature",2,2.58923984689529,0.0238941643405542,0.0944264392773136
"CR-Pa","Temperature",2,2.66812088718191,0.024495726089845,0.0968037282748011
"CR-Pa","Temperature",2,2.74700192746853,0.0250454532235864,0.0989761740265542
"CR-Pa","Temperature",2,2.82588296775515,0.025529531256081,0.100889183591959
"CR-Pa","Temperature",2,2.90476400804178,0.0259425571935949,0.102521405085573
"CR-Pa","Temperature",2,2.98364504832839,0.026290919510092,0.103898084874679
"CR-Pa","Temperature",2,3.06252608861502,0.0265724832155156,0.105010785773273
"CR-Pa","Temperature",2,3.14140712890164,0.0267855100146424,0.105852638278575
"CR-Pa","Temperature",2,3.22028816918826,0.0269203858497533,0.106385648961541
"CR-Pa","Temperature",2,3.29916920947488,0.0269706260045698,0.106584191118549
"CR-Pa","Temperature",2,3.3780502497615,0.0269510807506297,0.106506950972878
"CR-Pa","Temperature",2,3.45693129004812,0.0268630009270525,0.106158871668073
"CR-Pa","Temperature",2,3.53581233033474,0.0267081081850144,0.105546756931935
"CR-Pa","Temperature",2,3.61469337062136,0.0264841837646469,0.104661838531727
"CR-Pa","Temperature",2,3.69357441090798,0.0261859944841362,0.103483435655277
"CR-Pa","Temperature",2,3.7724554511946,0.0258335304830295,0.102090546574764
"CR-Pa","Temperature",2,3.85133649148123,0.0254314211342581,0.100501465933004
"CR-Pa","Temperature",2,3.93021753176784,0.0249846619522125,0.0987359353133202
"CR-Pa","Temperature",2,4.00909857205447,0.0244976891633787,0.0968114860704362
"CR-Pa","Temperature",2,4.08797961234109,0.0239717144088504,0.0947329064427082
"CR-Pa","Temperature",2,4.16686065262771,0.0234246365063431,0.0925709300871094
"CR-Pa","Temperature",2,4.24574169291433,0.0228632494037576,0.0903524057479517
"CR-Pa","Temperature",2,4.32462273320095,0.0222944882251995,0.08810474007842
"CR-Pa","Temperature",2,4.40350377348757,0.0217254220327833,0.0858558690362236
"CR-Pa","Temperature",2,4.48238481377419,0.0211695935066022,0.0836593114237457
"CR-Pa","Temperature",2,4.56126585406081,0.0206348036452945,0.0815458957108059
"CR-Pa","Temperature",2,4.64014689434743,0.020128081602067,0.0795434001406183
"CR-Pa","Temperature",2,4.71902793463405,0.019656494611888,0.0776797534502618
"CR-Pa","Temperature",2,4.79790897492068,0.0192270093000896,0.0759824867814208
"CR-Pa","Temperature",2,4.8767900152073,0.0188624135084612,0.0745416545393601
"CR-Pa","Temperature",2,4.95567105549392,0.0185620376157426,0.0733546104732901
"CR-Pa","Temperature",2,5.03455209578054,0.0183288966652643,0.0724332696182748
"CR-Pa","Temperature",2,5.11343313606716,0.018168663812772,0.0718000515027365
"CR-Pa","Temperature",2,5.19231417635378,0.0180867544030649,0.0714763568218213
"CR-Pa","Temperature",2,5.2711952166404,0.0181082946553834,0.0715614809257062
"CR-Pa","Temperature",2,5.35007625692702,0.0182303767723379,0.0720439326004814
"CR-Pa","Temperature",2,5.42895729721364,0.0184482499590175,0.0729049373604275
"CR-Pa","Temperature",2,5.50783833750026,0.0187653542583089,0.074158089780192
"CR-Pa","Temperature",2,5.58671937778688,0.0191848125692256,0.075815731125611
"CR-Pa","Temperature",2,5.6656004180735,0.0197284532141698,0.0779641239137773
"CR-Pa","Temperature",2,5.74448145836013,0.0203964112528826,0.0806038018821446
"CR-Pa","Temperature",2,5.82336249864675,0.021174817246513,0.083679954922822
"CR-Pa","Temperature",2,5.90224353893337,0.0220646864898221,0.0871965953405603
"CR-Pa","Temperature",2,5.98112457921999,0.023066725293158,0.0911565143763607
"CR-Pa","Temperature",2,6.06000561950661,0.0241960731768714,0.0956195413248879
"CR-Pa","Temperature",2,6.13888665979323,0.0254585402468927,0.100608636922789
"CR-Pa","Temperature",2,6.21776770007985,0.0268320815736443,0.106036682651312
"CR-Pa","Temperature",2,6.29664874036647,0.0283154514217419,0.111898755536174
"CR-Pa","Temperature",2,6.37552978065309,0.0299071266354234,0.118188836276048
"CR-Pa","Temperature",2,6.45441082093971,0.0316143409358247,0.124935511538367
"CR-Pa","Temperature",2,6.53329186122633,0.0334479983398039,0.132181872492634
"CR-Pa","Temperature",2,6.61217290151295,0.0353805565801276,0.1398190759005
"CR-Pa","Temperature",2,6.69105394179958,0.0374087424742352,0.147834186596295
"CR-Pa","Temperature",2,6.7699349820862,0.0395290326731718,0.156213280791289
"CR-Pa","Temperature",2,6.84881602237282,0.0417412850374932,0.164955796770019
"CR-Pa","Temperature",2,6.92769706265944,0.0440577854530481,0.174110286657494
"CR-Pa","Temperature",2,7.00657810294606,0.0464494807930718,0.183561936507046
"CR-Pa","Temperature",2,7.08545914323268,0.0489112545160042,0.193290526452685
"CR-Pa","Temperature",2,7.1643401835193,0.0514377632731611,0.203274940317972
"CR-Pa","Temperature",2,7.24322122380592,0.0540234797010404,0.213493334725309
"CR-Pa","Temperature",2,7.32210226409254,0.0566755951208825,0.223974128783593
"CR-Pa","Temperature",2,7.40098330437916,0.0593687427585543,0.234617076502917
"CR-Pa","Temperature",2,7.47986434466578,0.0620961810009223,0.245395535958746
"CR-Pa","Temperature",2,7.5587453849524,0.0648509864561577,0.256282146862233
"CR-Pa","Temperature",2,7.63762642523903,0.0676260561527889,0.267248839250572
"CR-Pa","Temperature",2,7.71650746552565,0.0704137308093851,0.278265344700784
"CR-Pa","Temperature",2,7.79538850581227,0.0731999855660457,0.289276238902445
"CR-Pa","Temperature",2,7.87426954609889,0.0759765133388757,0.300248693406658
"CR-Pa","Temperature",2,7.95315058638551,0.0787353489550077,0.311151230949711
"CR-Pa","Temperature",2,8.03203162667213,0.0814684520057061,0.321952076946128
"CR-Pa","Temperature",2,8.11091266695875,0.0841564141381534,0.332574532264579
"CR-Pa","Temperature",2,8.18979370724537,0.0867916197760812,0.342988501198855
"CR-Pa","Temperature",2,8.26867474753199,0.089369168695982,0.353174618742051
"CR-Pa","Temperature",2,8.34755578781861,0.0918810956678885,0.363101407404804
"CR-Pa","Temperature",2,8.42643682810523,0.0943195366227964,0.372737789471915
"CR-Pa","Temperature",2,8.50531786839185,0.0966589665284161,0.381982893539087
"CR-Pa","Temperature",2,8.58419890867848,0.0988921850429785,0.390808264849537
"CR-Pa","Temperature",2,8.6630799489651,0.101023223062819,0.399229832949182
"CR-Pa","Temperature",2,8.74196098925172,0.103045609776491,0.407222026084378
"CR-Pa","Temperature",2,8.82084202953834,0.104953188139749,0.41476051246614
"CR-Pa","Temperature",2,8.89972306982496,0.106721362771725,0.421748094544273
"CR-Pa","Temperature",2,8.97860411011158,0.108338197757467,0.428137603230437
"CR-Pa","Temperature",2,9.0574851503982,0.10982084028085,0.433996801828422
"CR-Pa","Temperature",2,9.13636619068482,0.11116581333158,0.439311949673489
"CR-Pa","Temperature",2,9.21524723097144,0.112370114157343,0.444071180302973
"CR-Pa","Temperature",2,9.29412827125806,0.113416391092113,0.448205922327855
"CR-Pa","Temperature",2,9.37300931154468,0.114285571133958,0.451640801877212
"CR-Pa","Temperature",2,9.4518903518313,0.115008571219183,0.454497998415747
"CR-Pa","Temperature",2,9.53077139211793,0.115585694528591,0.456778710072141
"CR-Pa","Temperature",2,9.60965243240455,0.116017730260512,0.458486055649265
"CR-Pa","Temperature",2,9.68853347269117,0.116297761745459,0.459592701424032
"CR-Pa","Temperature",2,9.76741451297779,0.116400826725822,0.46
"CR-Pa","Temperature",2,9.84629555326441,0.116367607692429,0.459868722965374
"CR-Pa","Temperature",2,9.92517659355103,0.116201707276857,0.459213107422858
"CR-Pa","Temperature",2,10.0040576338377,0.115907045775507,0.458048645842696
"CR-Pa","Temperature",2,10.0829386741243,0.115486115906978,0.456385189104719
"CR-Pa","Temperature",2,10.1618197144109,0.114911935997529,0.454116109358675
"CR-Pa","Temperature",2,10.2407007546975,0.114227529208893,0.451411428201089
"CR-Pa","Temperature",2,10.3195817949841,0.113438146297843,0.44829189589795
"CR-Pa","Temperature",2,10.3984628352708,0.112549087231308,0.444778457186994
"CR-Pa","Temperature",2,10.4773438755574,0.111565693509285,0.440892220938895
"CR-Pa","Temperature",2,10.556224915844,0.110470374062248,0.436563669675048
"CR-Pa","Temperature",2,10.6351059561306,0.109293616415673,0.431913285887828
"CR-Pa","Temperature",2,10.7139869964172,0.108042854024988,0.426970445567028
"CR-Pa","Temperature",2,10.7928680367039,0.106722863049322,0.421754023434246
"CR-Pa","Temperature",2,10.8717490769905,0.10533825487742,0.416282243061283
"CR-Pa","Temperature",2,10.9506301172771,0.103880397544457,0.410520992114652
"CR-Pa","Temperature",2,11.0295111575637,0.102365699258791,0.404535113568896
"CR-Pa","Temperature",2,11.1083921978503,0.100801906882815,0.398355221954867
"CR-Pa","Temperature",2,11.187273238137,0.099192327102715,0.391994384839938
"CR-Pa","Temperature",2,11.2661542784236,0.0975400802217091,0.385464933231722
"CR-Pa","Temperature",2,11.3450353187102,0.0958409598220409,0.37875024394787
"CR-Pa","Temperature",2,11.4239163589968,0.0941025983726494,0.371880479452093
"CR-Pa","Temperature",2,11.5027973992834,0.09233187371626,0.364882820029469
"CR-Pa","Temperature",2,11.5816784395701,0.0905311061157447,0.357766435038595
"CR-Pa","Temperature",2,11.6605594798567,0.0887025792663042,0.350540349327676
"CR-Pa","Temperature",2,11.7394405201433,0.0868451147418072,0.343199905919304
"CR-Pa","Temperature",2,11.8183215604299,0.0849626943966894,0.335760840552579
"CR-Pa","Temperature",2,11.8972026007166,0.0830618267749972,0.328248874095175
"CR-Pa","Temperature",2,11.9760836410032,0.0811451805414356,0.320674552741642
"CR-Pa","Temperature",2,12.0549646812898,0.0792155635516521,0.31304897274992
"CR-Pa","Temperature",2,12.1338457215764,0.0772754029345319,0.305381725798337
"CR-Pa","Temperature",2,12.212726761863,0.0753297721741257,0.297692861595551
"CR-Pa","Temperature",2,12.2916078021497,0.073384381044222,0.290004944379434
"CR-Pa","Temperature",2,12.3704888424363,0.0714432049688516,0.282333684477013
"CR-Pa","Temperature",2,12.4493698827229,0.06951039409052,0.274695482678612
"CR-Pa","Temperature",2,12.5282509230095,0.0675917181155459,0.267113140067189
"CR-Pa","Temperature",2,12.6071319632961,0.0656979371946581,0.259629179273162
"CR-Pa","Temperature",2,12.6860130035828,0.0638307003012544,0.252250116811786
"CR-Pa","Temperature",2,12.7648940438694,0.0619949332152523,0.244995418685371
"CR-Pa","Temperature",2,12.843775084156,0.0601955771225522,0.237884611778546
"CR-Pa","Temperature",2,12.9226561244426,0.0584389820264977,0.230942790428013
"CR-Pa","Temperature",2,13.0015371647292,0.0567451760702707,0.224249103091069
"CR-Pa","Temperature",2,13.0804182050159,0.0551066218333686,0.217773762922306
"CR-Pa","Temperature",2,13.1592992453025,0.053527603529705,0.211533700543744
"CR-Pa","Temperature",2,13.2381802855891,0.0520121648783431,0.205544896174953
"CR-Pa","Temperature",2,13.3170613258757,0.0505641018943045,0.199822351143321
"CR-Pa","Temperature",2,13.3959423661623,0.0492100095108222,0.19447116495399
"CR-Pa","Temperature",2,13.474823406449,0.04793288713345,0.189424153604363
"CR-Pa","Temperature",2,13.5537044467356,0.0467334930624743,0.1846843137925
"CR-Pa","Temperature",2,13.6325854870222,0.0456132273613778,0.180257178376029
"CR-Pa","Temperature",2,13.7114665273088,0.0445730638722642,0.176146595844521
"CR-Pa","Temperature",2,13.7903475675955,0.0436342393084724,0.172436490757712
"CR-Pa","Temperature",2,13.8692286078821,0.0427795225900197,0.169058768265978
"CR-Pa","Temperature",2,13.9481096481687,0.0420026835901367,0.165988807768293
"CR-Pa","Temperature",2,14.0269906884553,0.0413017565386292,0.163218840812191
"CR-Pa","Temperature",2,14.1058717287419,0.0406743540205182,0.16073943266322
"CR-Pa","Temperature",2,14.1847527690286,0.0401315616559951,0.158594392162187
"CR-Pa","Temperature",2,14.2636338093152,0.0396593629212326,0.156728327941677
"CR-Pa","Temperature",2,14.3425148496018,0.0392462534517149,0.155095776341114
"CR-Pa","Temperature",2,14.4213958898884,0.0388875543965653,0.15367824718767
"CR-Pa","Temperature",2,14.500276930175,0.0385783357068781,0.152456257608583
"CR-Pa","Temperature",2,14.5791579704617,0.0383194435620591,0.151433151588062
"CR-Pa","Temperature",2,14.6580390107483,0.038100341307042,0.150567289719699
"CR-Pa","Temperature",2,14.7369200510349,0.0379090083973035,0.149811168470775
"CR-Pa","Temperature",2,14.8158010913215,0.0377396472453923,0.149141876575944
"CR-Pa","Temperature",2,14.8946821316081,0.0375864517861777,0.148536469267243
"CR-Pa","Temperature",2,14.9735631718948,0.0374437474153422,0.147972521291693
"CR-Pa","Temperature",2,15.0524442121814,0.0373022532349885,0.147413355821881
"CR-Pa","Temperature",2,15.131325252468,0.0371549029927949,0.14683104800401
"CR-Pa","Temperature",2,15.2102062927546,0.0369965981127676,0.146205448969529
"CR-Pa","Temperature",2,15.2890873330412,0.0368224564269137,0.145517265064431
"CR-Pa","Temperature",2,15.3679683733279,0.0366254907487519,0.144738883892209
"CR-Pa","Temperature",2,15.4468494136145,0.0363952596479451,0.143829042361439
"CR-Pa","Temperature",2,15.5257304539011,0.0361333731261688,0.142794102976508
"CR-Pa","Temperature",2,15.6046114941877,0.0358369244958546,0.141622578909366
"CR-Pa","Temperature",2,15.6834925344744,0.0355033758230461,0.140304440595337
"CR-Pa","Temperature",2,15.762373574761,0.0351287946749057,0.138824147602655
"CR-Pa","Temperature",2,15.8412546150476,0.03470141959699,0.137135220286836
"CR-Pa","Temperature",2,15.9201356553342,0.034231817196447,0.135279416420781
"CR-Pa","Temperature",2,15.9990166956208,0.033720105872099,0.133257203900293
"CR-Pa","Temperature",2,16.0778977359075,0.0331668141099163,0.131070671228978
"CR-Pa","Temperature",2,16.1567787761941,0.0325728800793568,0.128723525923036
"CR-Pa","Temperature",2,16.2356598164807,0.0319286383910118,0.12617757169767
"CR-Pa","Temperature",2,16.3145408567673,0.0312497133415253,0.12349455361654
"CR-Pa","Temperature",2,16.3934218970539,0.0305391870211121,0.120686651674744
"CR-Pa","Temperature",2,16.4723029373406,0.0298004201349211,0.11776714691514
"CR-Pa","Temperature",2,16.5511839776272,0.0290370783436642,0.114750525522878
"CR-Pa","Temperature",2,16.6300650179138,0.0282498037389115,0.111639324955211
"CR-Pa","Temperature",2,16.7089460582004,0.0274498626191318,0.108478068068562
"CR-Pa","Temperature",2,16.787827098487,0.0266429273136592,0.105289171125487
"CR-Pa","Temperature",2,16.8667081387737,0.0258339200703396,0.102092086170037
"CR-Pa","Temperature",2,16.9455891790603,0.0250278383583759,0.0989065625106847
"CR-Pa","Temperature",2,17.0244702193469,0.0242336628726272,0.095768090613875
"CR-Pa","Temperature",2,17.1033512596335,0.0234579369205402,0.0927025287274419
"CR-Pa","Temperature",2,17.1822322999202,0.0227045474996693,0.0897252377291835
"CR-Pa","Temperature",2,17.2611133402068,0.0219780489588203,0.0868542157769278
"CR-Pa","Temperature",2,17.3399943804934,0.0212828067690883,0.0841067146098614
"CR-Pa","Temperature",2,17.41887542078,0.0206307676087509,0.081529945851494
"CR-Pa","Temperature",2,17.4977564610666,0.0200257230172219,0.0791388931422302
"CR-Pa","Temperature",2,17.5766375013533,0.0194656826768216,0.0769256910213298
"CR-Pa","Temperature",2,17.6555185416399,0.0189530791067548,0.0748999524689211
"CR-Pa","Temperature",2,17.7343995819265,0.0184899844421053,0.0730698662768316
"CR-Pa","Temperature",2,17.8132806222131,0.0180856681158539,0.0714720639647077
"CR-Pa","Temperature",2,17.8921616624997,0.0177431737630808,0.0701185735582627
"CR-Pa","Temperature",2,17.9710427027864,0.0174534343609876,0.0689735634349516
"CR-Pa","Temperature",2,18.049923743073,0.0172160101245437,0.068035295625038
"CR-Pa","Temperature",2,18.1288047833596,0.017030100530802,0.0673006065723336
"CR-Pa","Temperature",2,18.2076858236462,0.0168992900307249,0.0667836615322678
"CR-Pa","Temperature",2,18.2865668639328,0.0168261782497799,0.0664947338658527
"CR-Pa","Temperature",2,18.3654479042195,0.0167972426190132,0.0663803842471507
"CR-Pa","Temperature",2,18.4443289445061,0.0168096860613871,0.0664295590137998
"CR-Pa","Temperature",2,18.5232099847927,0.0168604981253552,0.0666303612768315
"CR-Pa","Temperature",2,18.6020910250793,0.0169481420219443,0.0669767178583527
"CR-Pa","Temperature",2,18.6809720653659,0.0170732397841395,0.0674710869468585
"CR-Pa","Temperature",2,18.7598531056526,0.0172228545058354,0.0680623436751483
"CR-Pa","Temperature",2,18.8387341459392,0.0173931651807418,0.0687353879537897
"CR-Pa","Temperature",2,18.9176151862258,0.0175803333624797,0.0694750507725275
"CR-Pa","Temperature",2,18.9964962265124,0.0177806055377274,0.0702664987648253
"CR-Pa","Temperature",2,19.0753772667991,0.017990502612806,0.0710959830326955
"CR-Pa","Temperature",2,19.1542583070857,0.0182024712176277,0.0719336537001697
"CR-Pa","Temperature",2,19.2331393473723,0.018413041852337,0.0727657997827265
"CR-Pa","Temperature",2,19.3120203876589,0.0186188737175892,0.0735792189024982
"CR-Pa","Temperature",2,19.3909014279455,0.0188167575242095,0.0743612283916553
"CR-Pa","Temperature",2,19.4697824682322,0.0189990142708758,0.075081481896933
"CR-Pa","Temperature",2,19.5486635085188,0.0191648058624733,0.0757366673821231
"CR-Pa","Temperature",2,19.6275445488054,0.0193122292628765,0.0763192643111398
"CR-Pa","Temperature",2,19.706425589092,0.0194391974597186,0.0768210250991876
"CR-Pa","Temperature",2,19.7853066293786,0.0195438083344753,0.0772344328364147
"CR-Pa","Temperature",2,19.8641876696653,0.0196178973057959,0.0775272222243094
"CR-Pa","Temperature",2,19.9430687099519,0.0196636937290282,0.0777082033674799
"CR-Pa","Temperature",2,20.0219497502385,0.0196821422661587,0.0777811094397025
"CR-Pa","Temperature",2,20.1008307905251,0.0196725445428435,0.0777431805619687
"CR-Pa","Temperature",2,20.1797118308117,0.0196343714586739,0.077592325802497
"CR-Pa","Temperature",2,20.2585928710984,0.0195614425552689,0.0773041208428764
"CR-Pa","Temperature",2,20.337473911385,0.0194562010030749,0.0768882207554718
"CR-Pa","Temperature",2,20.4163549516716,0.0193223716118462,0.0763593454742834
"CR-Pa","Temperature",2,20.4952359919582,0.0191604056823855,0.0757192784777886
"CR-Pa","Temperature",2,20.5741170322448,0.0189708798797319,0.0749702986666225
"CR-Pa","Temperature",2,20.6529980725315,0.0187505127271208,0.0740994380975662
"CR-Pa","Temperature",2,20.7318791128181,0.0185008349296912,0.0731127459060393
"CR-Pa","Temperature",2,20.8107601531047,0.0182273129244782,0.0720318246966536
"CR-Pa","Temperature",2,20.8896411933913,0.0179312039868782,0.070861643048229
"CR-Pa","Temperature",2,20.968522233678,0.0176138461505975,0.0696074886852797
"CR-Pa","Temperature",2,21.0474032739646,0.0172746844154949,0.0682671683238557
"CR-Pa","Temperature",2,21.1262843142512,0.0169147143393287,0.0668446162707978
"CR-Pa","Temperature",2,21.2051653545378,0.0165396438023129,0.0653623892808327
"CR-Pa","Temperature",2,21.2840463948244,0.0161512188423463,0.0638273874547246
"CR-Pa","Temperature",2,21.3629274351111,0.0157512269493734,0.0622466747060005
"CR-Pa","Temperature",2,21.4418084753977,0.0153410176483551,0.0606255841710262
"CR-Pa","Temperature",2,21.5206895156843,0.0149223564770851,0.0589710930114588
"CR-Pa","Temperature",2,21.5995705559709,0.0144995498564446,0.0573002196081903
"CR-Pa","Temperature",2,21.6784515962575,0.0140745383754344,0.0556206329010854
"CR-Pa","Temperature",2,21.7573326365442,0.0136492637238714,0.0539400061802826
"CR-Pa","Temperature",2,21.8362136768308,0.0132257913100639,0.0522665016543199
"CR-Pa","Temperature",2,21.9150947171174,0.0128082241310369,0.0506163338010895
"CR-Pa","Temperature",2,21.993975757404,0.0123979081139647,0.0489948215390003
"CR-Pa","Temperature",2,22.0728567976906,0.0119966579916297,0.0474091364415152
"CR-Pa","Temperature",2,22.1517378379773,0.0116062439837785,0.0458662741727224
"CR-Pa","Temperature",2,22.2306188782639,0.0112283904383828,0.0443730491177884
"CR-Pa","Temperature",2,22.3094999185505,0.0108699423916714,0.0429565119150448
"CR-Pa","Temperature",2,22.3883809588371,0.0105288691251262,0.0416086374452154
"CR-Pa","Temperature",2,22.4672619991237,0.0102062699191007,0.0403337699125193
"CR-Pa","Temperature",2,22.5461430394104,0.00990340224725265,0.0391368786792785
"CR-Pa","Temperature",2,22.625024079697,0.0096214355827783,0.0380225853421383
"CR-Pa","Temperature",2,22.7039051199836,0.00936752898298587,0.0370191815073904
"CR-Pa","Temperature",2,22.7827861602702,0.00913852357665192,0.03611418375199
"CR-Pa","Temperature",2,22.8616672005569,0.00893368342218013,0.0353046837363331
"CR-Pa","Temperature",2,22.9405482408435,0.00875350173635281,0.034592630585063
"CR-Pa","Temperature",2,23.0194292811301,0.0085983633704153,0.0339795451771789
"CR-Pa","Temperature",2,23.0983103214167,0.00847399693807988,0.0334880662033306
"CR-Pa","Temperature",2,23.1771913617033,0.00837758918939112,0.0331070760880174
"CR-Pa","Temperature",2,23.25607240199,0.00830630078315425,0.0328253541467617
"CR-Pa","Temperature",2,23.3349534422766,0.0082598165764817,0.0326416549783723
"CR-Pa","Temperature",2,23.4138344825632,0.00823772436165074,0.0325543495948274
"CR-Pa","Temperature",2,23.4927155228498,0.00824340563866752,0.0325768012173908
"CR-Pa","Temperature",2,23.5715965631364,0.00827507906843129,0.032701970239821
"CR-Pa","Temperature",2,23.6504776034231,0.00832836701076554,0.0329125568324016
"CR-Pa","Temperature",2,23.7293586437097,0.0084023123601975,0.0332047786464169
"CR-Pa","Temperature",2,23.8082396839963,0.0084958923489737,0.0335745938448815
"CR-Pa","Temperature",2,23.8871207242829,0.00861014014864171,0.034026085379139
"CR-Pa","Temperature",2,23.9660017645695,0.00874408981010231,0.0345554359516827
"CR-Pa","Temperature",2,24.0448828048562,0.00889292804302363,0.0351436241035167
"CR-Pa","Temperature",2,24.1237638451428,0.00905529780939715,0.035785287007748
"CR-Pa","Temperature",2,24.2026448854294,0.00922980560797652,0.0364749177398011
"CR-Pa","Temperature",2,24.281525925716,0.00941572744861582,0.0372096551905541
"CR-Pa","Temperature",2,24.3604069660026,0.00961193631116969,0.0379850455319593
"CR-Pa","Temperature",2,24.4392880062893,0.00981441401966191,0.0387852094872017
"CR-Pa","Temperature",2,24.5181690465759,0.0100215898193614,0.039603939650401
"CR-Pa","Temperature",2,24.5970500868625,0.0102318761279596,0.0404349621154135
"CR-Pa","Temperature",2,24.6759311271491,0.0104436288885746,0.0412717797963765
"CR-Pa","Temperature",2,24.7548121674358,0.0106541321904674,0.042103659788937
"CR-Pa","Temperature",2,24.8336932077224,0.0108613551659587,0.0429225763843536
"CR-Pa","Temperature",2,24.912574248009,0.0110636646133603,0.0437220753949914
"CR-Pa","Temperature",2,24.9914552882956,0.0112594355677237,0.044495735183674
"CR-Pa","Temperature",2,25.0703363285822,0.0114470522458151,0.0452371703980933
"CR-Pa","Temperature",2,25.1492173688689,0.011620886433067,0.0459241391111611
"CR-Pa","Temperature",2,25.2280984091555,0.0117819747795507,0.0465607380208668
"CR-Pa","Temperature",2,25.3069794494421,0.0119288903408932,0.0471413280400145
"CR-Pa","Temperature",2,25.3858604897287,0.0120602319807427,0.0476603720711458
"CR-Pa","Temperature",2,25.4647415300153,0.0121746520725303,0.0481125444800776
"CR-Pa","Temperature",2,25.543622570302,0.0122653342390048,0.0484709078848029
"CR-Pa","Temperature",2,25.6225036105886,0.0123348323646236,0.0487455548841746
"CR-Pa","Temperature",2,25.7013846508752,0.0123830926488958,0.0489362728660795
"CR-Pa","Temperature",2,25.7802656911618,0.0124093027727996,0.0490398516578707
"CR-Pa","Temperature",2,25.8591467314484,0.0124127516571886,0.0490534811729143
"CR-Pa","Temperature",2,25.9380277717351,0.0123873432697693,0.0489530707330433
"CR-Pa","Temperature",2,26.0169088120217,0.012335843666616,0.048749551410055
"CR-Pa","Temperature",2,26.0957898523083,0.0122602888558055,0.0484509692268311
"CR-Pa","Temperature",2,26.1746708925949,0.0121607313990733,0.0480575319000956
"CR-Pa","Temperature",2,26.2535519328815,0.0120373430365132,0.0475699181229931
"CR-Pa","Temperature",2,26.3324329731682,0.0118862279027841,0.0469727319734555
"CR-Pa","Temperature",2,26.4113140134548,0.011709551605735,0.0462745316347759
"CR-Pa","Temperature",2,26.4901950537414,0.0115112301410804,0.0454907925814786
"CR-Pa","Temperature",2,26.569076094028,0.011292158331413,0.0446250510289348
"CR-Pa","Temperature",2,26.6479571343147,0.0110533214504887,0.0436812006430266
"CR-Pa","Temperature",2,26.7268381746013,0.0107934327909182,0.0426541565337606
"CR-Pa","Temperature",2,26.8057192148879,0.0105139894074717,0.041549834854945
"CR-Pa","Temperature",2,26.8846002551745,0.010219617067532,0.0403865160007655
"CR-Pa","Temperature",2,26.9634812954611,0.00991171795894438,0.0391697412240369
"CR-Pa","Temperature",2,27.0423623357478,0.00959172592388495,0.0379051768711217
"CR-Pa","Temperature",2,27.1212433760344,0.0092602932110051,0.0365954005386577
"CR-Pa","Temperature",2,27.200124416321,0.00891881601266215,0.0352459297861195
"CR-Pa","Temperature",2,27.2790054566076,0.008571067230441,0.0338716745997838
"CR-Pa","Temperature",2,27.3578864968942,0.00821850230042706,0.032478386662161
"CR-Pa","Temperature",2,27.4367675371809,0.00786255251700577,0.0310717222510956
"CR-Pa","Temperature",2,27.5156485774675,0.00750462790513981,0.0296572535906096
"CR-Pa","Temperature",2,27.5945296177541,0.00714680619936489,0.0282431916007908
"CR-Pa","Temperature",2,27.6734106580407,0.00679079464818675,0.0268362830920765
"CR-Pa","Temperature",2,27.7522916983273,0.00643775094501191,0.0254411031090086
"CR-Pa","Temperature",2,27.831172738614,0.00608877768864033,0.0240620089698489
"CR-Pa","Temperature",2,27.9100537789006,0.00574499631653637,0.0227034324406605
"CR-Pa","Temperature",2,27.9889348191872,0.00540971901043005,0.0213784628064483
"CR-Pa","Temperature",2,28.0678158594738,0.0050821373421939,0.0200839052708428
"CR-Pa","Temperature",2,28.1466968997604,0.00476295924159742,0.0188225574745748
"CR-Pa","Temperature",2,28.2255779400471,0.00445283228158984,0.0175969785365531
"CR-Pa","Temperature",2,28.3044589803337,0.00415234383153282,0.0164094896594181
"CR-Pa","Temperature",2,28.3833400206203,0.00386513872599946,0.0152744947262933
"CR-Pa","Temperature",2,28.4622210609069,0.00358915735509885,0.0141838544431851
"CR-Pa","Temperature",2,28.5411021011936,0.00332433807002137,0.0131373251825075
"CR-Pa","Temperature",2,28.6199831414802,0.00307090021513367,0.0121357737629205
"CR-Pa","Temperature",2,28.6988641817668,0.00282901328610037,0.0111798700078947
"CR-Pa","Temperature",2,28.7777452220534,0.00260163949415953,0.0102813201673584
"CR-Pa","Temperature",2,28.85662626234,0.00238683816918969,0.00943245498086906
"CR-Pa","Temperature",2,28.9355073026267,0.00218365371410242,0.00862949806063776
"CR-Pa","Temperature",2,29.0143883429133,0.00199197917416551,0.00787202673632612
"CR-Pa","Temperature",2,29.0932693831999,0.00181167366344221,0.00715948424615911
"CR-Pa","Temperature",2,29.1721504234865,0.0016447131232321,0.00649967923740641
"CR-Pa","Temperature",2,29.2510314637731,0.001489808144624,0.0058875161440328
"CR-Pa","Temperature",2,29.3299125040598,0.00134534160970952,0.00531660433928081
"CR-Pa","Temperature",2,29.4087935443464,0.00121100454779679,0.00478572281362455
"CR-Pa","Temperature",2,29.487674584633,0.00108647061604108,0.00429358190518785
"CR-Pa","Temperature",2,29.5665556249196,0.000972775090002297,0.00384427288008075
"CR-Pa","Temperature",2,29.6454366652062,0.000869349182944216,0.00343554797163332
"CR-Pa","Temperature",2,29.7243177054929,0.000774278580616887,0.00305984207416936
"CR-Pa","Temperature",2,29.8031987457795,0.000687171494436019,0.00271560689328374
"CR-Pa","Temperature",2,29.8820797860661,0.000607633157966577,0.00240128236651621
"CR-Pa","Temperature",2,29.9609608263527,0.000536000662978872,0.00211820063401306
"CR-Pa","Temperature",2,30.0398418666393,0.000472241193629327,0.00186623201209017
"CR-Pa","Temperature",2,30.118722906926,0.000414502787014392,0.00163805779898574
"CR-Pa","Temperature",2,30.1976039472126,0.000362406488356709,0.00143218041772812
"CR-Pa","Temperature",2,30.2764849874992,0.000315580406986647,0.00124713020772433
"CR-Pa","Temperature",2,30.3553660277858,0.000273960945192006,0.00108265583959436
"CR-Pa","Temperature",2,30.4342470680725,0.000237795027018596,0.000939733123083465
"CR-Pa","Temperature",2,30.5131281083591,0.000205546784252884,0.000812292519013111
"CR-Pa","Temperature",2,30.5920091486457,0.000176909131157243,0.000699120466936333
"CR-Pa","Temperature",2,30.6708901889323,0.000151586710085043,0.000599049754202914
"CR-Pa","Temperature",2,30.7497712292189,0.000129363103764935,0.000511225129629333
"CR-Pa","Temperature",2,30.8286522695056,0.00011055477632866,0.000436897215781562
"CR-Pa","Temperature",2,30.9075333097922,9.40481262361064e-05,0.000371665213087458
"CR-Pa","Temperature",2,30.9864143500788,7.96281481340184e-05,0.000314679450068913
"CR-Pa","Temperature",2,31.0652953903654,6.70915978812427e-05,0.000265136733934599
"CR-Pa","Temperature",2,31.144176430652,5.62469444234522e-05,0.00022228016039553
"CR-Pa","Temperature",2,31.2230574709387,4.72824133951972e-05,0.000186853571177994
"CR-Pa","Temperature",2,31.3019385112253,3.95639499678027e-05,0.000156351269119912
"CR-Pa","Temperature",2,31.3808195515119,3.29335635193258e-05,0.000130148897091374
"CR-Pa","Temperature",2,31.4597005917985,2.72686070573124e-05,0.000107761771107602
"CR-Pa","Temperature",2,31.5385816320851,2.24554716525875e-05,8.87409243623421e-05
"CR-Pa","Temperature",2,31.6174626723718,1.85412571283902e-05,7.32724888556778e-05
"CR-Pa","Temperature",2,31.6963437126584,1.52536379579922e-05,6.02802716960418e-05
"CR-Pa","Temperature",2,31.775224752945,1.24773366280769e-05,4.93087120629713e-05
"CR-Pa","Temperature",2,31.8541057932316,1.01470495735862e-05,4.00997392814408e-05
"CR-Pa","Humidity",2,41.2826360941583,4.58117501434665e-06,3.41656159966982e-05
"CR-Pa","Humidity",2,41.3797803755902,5.29212863557555e-06,3.94677859287135e-05
"CR-Pa","Humidity",2,41.476924657022,6.11531642971988e-06,4.56069790352479e-05
"CR-Pa","Humidity",2,41.5740689384539,7.03716706077852e-06,5.24819826245956e-05
"CR-Pa","Humidity",2,41.6712132198858,8.06499887170367e-06,6.01473756408604e-05
"CR-Pa","Humidity",2,41.7683575013176,9.22569350609415e-06,6.88036367624777e-05
"CR-Pa","Humidity",2,41.8655017827495,1.05605848872259e-05,7.87590272861363e-05
"CR-Pa","Humidity",2,41.9626460641814,1.20414628805309e-05,8.98031608760501e-05
"CR-Pa","Humidity",2,42.0597903456132,1.36778045385346e-05,0.000102006715761352
"CR-Pa","Humidity",2,42.1569346270451,1.54969565324799e-05,0.000115573638716735
"CR-Pa","Humidity",2,42.254078908477,1.75730980909362e-05,0.000131057145681404
"CR-Pa","Humidity",2,42.3512231899088,1.98544558294889e-05,0.000148071119651487
"CR-Pa","Humidity",2,42.4483674713407,2.23523596270936e-05,0.00016670005691723
"CR-Pa","Humidity",2,42.5455117527726,2.50888919402189e-05,0.000187108644644178
"CR-Pa","Humidity",2,42.6426560342044,2.81851803230759e-05,0.000210200231316254
"CR-Pa","Humidity",2,42.7398003156363,3.15549779633482e-05,0.000235331603028439
"CR-Pa","Humidity",2,42.8369445970682,3.52106021913253e-05,0.000262594620313341
"CR-Pa","Humidity",2,42.9340888785,3.9164384784844e-05,0.000292081251450889
"CR-Pa","Humidity",2,43.0312331599319,4.35884034850485e-05,0.000325074822663526
"CR-Pa","Humidity",2,43.1283774413638,4.83605378908644e-05,0.000360664580986039
"CR-Pa","Humidity",2,43.2255217227956,5.34893111974966e-05,0.000398914090943586
"CR-Pa","Humidity",2,43.3226660042275,5.89865176867539e-05,0.000439911312263083
"CR-Pa","Humidity",2,43.4198102856594,6.50317390395871e-05,0.000484995534260525
"CR-Pa","Humidity",2,43.5169545670912,7.15114893166122e-05,0.000533320398302183
"CR-Pa","Humidity",2,43.6140988485231,7.84107149879229e-05,0.000584773637748914
"CR-Pa","Humidity",2,43.711243129955,8.57388017971765e-05,0.000639425249864007
"CR-Pa","Humidity",2,43.8083874113868,9.36683910663095e-05,0.000698562763958604
"CR-Pa","Humidity",2,43.9055316928187,0.000102107769127476,0.00076150219525861
"CR-Pa","Humidity",2,44.0026759742506,0.000111010818150006,0.000827899604908093
"CR-Pa","Humidity",2,44.0998202556824,0.000120382692068268,0.000897793430063879
"CR-Pa","Humidity",2,44.1969645371143,0.000130374492850415,0.000972310563238072
"CR-Pa","Humidity",2,44.2941088185461,0.000140926983217887,0.0010510092229869
"CR-Pa","Humidity",2,44.391253099978,0.000151959788622234,0.00113328998974014
"CR-Pa","Humidity",2,44.4883973814099,0.000163472677608503,0.00121915113734652
"CR-Pa","Humidity",2,44.5855416628417,0.000175584096587926,0.00130947601878637
"CR-Pa","Humidity",2,44.6826859442736,0.000188272802493073,0.00140410620691336
"CR-Pa","Humidity",2,44.7798302257055,0.000201427274179996,0.00150220999620047
"CR-Pa","Humidity",2,44.8769745071373,0.000215042030500763,0.00160374650918835
"CR-Pa","Humidity",2,44.9741187885692,0.000229198306681118,0.00170932158423057
"CR-Pa","Humidity",2,45.0712630700011,0.000243912324693418,0.0018190562020093
"CR-Pa","Humidity",2,45.1684073514329,0.000259050879400908,0.00193195694150547
"CR-Pa","Humidity",2,45.2655516328648,0.000274605005545487,0.00204795694136482
"CR-Pa","Humidity",2,45.3626959142967,0.000290621798914627,0.00216740743387706
"CR-Pa","Humidity",2,45.4598401957285,0.000307150499770176,0.00229067564445328
"CR-Pa","Humidity",2,45.5569844771604,0.000324049230932979,0.00241670347747247
"CR-Pa","Humidity",2,45.6541287585923,0.000341308728270634,0.00254542184262719
"CR-Pa","Humidity",2,45.7512730400241,0.000358950762701937,0.00267699310368856
"CR-Pa","Humidity",2,45.848417321456,0.000377054177122978,0.00281200525742672
"CR-Pa","Humidity",2,45.9455616028879,0.000395479504594398,0.00294941818337487
"CR-Pa","Humidity",2,46.0427058843197,0.000414220898057395,0.00308918827517328
"CR-Pa","Humidity",2,46.1398501657516,0.000433284781124607,0.00323136343902111
"CR-Pa","Humidity",2,46.2369944471835,0.000452782997689553,0.00337677778745621
"CR-Pa","Humidity",2,46.3341387286153,0.00047258118604501,0.00352442927395576
"CR-Pa","Humidity",2,46.4312830100472,0.000492679734950038,0.003674320797818
"CR-Pa","Humidity",2,46.5284272914791,0.00051307925634107,0.0038264569227597
"CR-Pa","Humidity",2,46.6255715729109,0.000533926105848288,0.00398192914392
"CR-Pa","Humidity",2,46.7227158543428,0.00055509271622277,0.00413978608667848
"CR-Pa","Humidity",2,46.8198601357747,0.000576582177329545,0.00430005079471753
"CR-Pa","Humidity",2,46.9170044172065,0.000598401669076162,0.00446277681455381
"CR-Pa","Humidity",2,47.0141486986384,0.000620707375695756,0.00462912894135828
"CR-Pa","Humidity",2,47.1112929800703,0.000643401129898078,0.00479837506035
"CR-Pa","Humidity",2,47.2084372615021,0.000666470863835853,0.0049704251715978
"CR-Pa","Humidity",2,47.305581542934,0.000689927128195714,0.00514535796030951
"CR-Pa","Humidity",2,47.4027258243659,0.000713931078753386,0.00532437529856636
"CR-Pa","Humidity",2,47.4998701057977,0.00073840808176351,0.00550692058072106
"CR-Pa","Humidity",2,47.5970143872296,0.000763318125918487,0.00569269540931732
"CR-Pa","Humidity",2,47.6941586686615,0.000788668712424827,0.00588175572706426
"CR-Pa","Humidity",2,47.7913029500933,0.000814604954458007,0.00607518376308733
"CR-Pa","Humidity",2,47.8884472315252,0.000841073940827649,0.00627258491482132
"CR-Pa","Humidity",2,47.985591512957,0.000867995668063766,0.00647336253013542
"CR-Pa","Humidity",2,48.0827357943889,0.000895366522542964,0.00667748965924732
"CR-Pa","Humidity",2,48.1798800758208,0.000923286558087874,0.0068857124863723
"CR-Pa","Humidity",2,48.2770243572526,0.000951716813798265,0.00709774044781173
"CR-Pa","Humidity",2,48.3741686386845,0.000980537670444039,0.00731268144390372
"CR-Pa","Humidity",2,48.4713129201164,0.00100972730169902,0.00753037269765842
"CR-Pa","Humidity",2,48.5684572015482,0.00103931704477034,0.00775104791658143
"CR-Pa","Humidity",2,48.6656014829801,0.00106925647767048,0.00797433106215475
"CR-Pa","Humidity",2,48.762745764412,0.00109941013812001,0.00819921187997709
"CR-Pa","Humidity",2,48.8598900458438,0.00112973467710843,0.00842536708057751
"CR-Pa","Humidity",2,48.9570343272757,0.0011601877732097,0.00865248103803343
"CR-Pa","Humidity",2,49.0541786087076,0.00119065771109873,0.0088797205986483
"CR-Pa","Humidity",2,49.1513228901394,0.00122104500691379,0.00910634382887725
"CR-Pa","Humidity",2,49.2484671715713,0.00125128724931908,0.00933188527570313
"CR-Pa","Humidity",2,49.3456114530032,0.00128128972223557,0.00955563856288513
"CR-Pa","Humidity",2,49.442755734435,0.00131080898918174,0.00977578818297787
"CR-Pa","Humidity",2,49.5399000158669,0.00133985559979713,0.00999241281338019
"CR-Pa","Humidity",2,49.6370442972988,0.0013683566160341,0.0102049684946669
"CR-Pa","Humidity",2,49.7341885787306,0.00139621008615472,0.0104126948882965
"CR-Pa","Humidity",2,49.8313328601625,0.00142296615714823,0.0106122370678208
"CR-Pa","Humidity",2,49.9284771415944,0.00144882492466063,0.0108050873121816
"CR-Pa","Humidity",2,50.0256214230262,0.00147371591168442,0.0109907200159684
"CR-Pa","Humidity",2,50.1227657044581,0.00149756893652569,0.0111686117761684
"CR-Pa","Humidity",2,50.21990998589,0.00151972758615779,0.0113338671772314
"CR-Pa","Humidity",2,50.3170542673218,0.0015405893315845,0.0114894504895995
"CR-Pa","Humidity",2,50.4141985487537,0.00156011832260842,0.0116350943486611
"CR-Pa","Humidity",2,50.5113428301856,0.0015782617865969,0.0117704051851908
"CR-Pa","Humidity",2,50.6084871116174,0.00159434464490687,0.0118903483786788
"CR-Pa","Humidity",2,50.7056313930493,0.00160878776830458,0.0119980627109742
"CR-Pa","Humidity",2,50.8027756744812,0.00162166668577629,0.0120941114642774
"CR-Pa","Humidity",2,50.899919955913,0.00163295816033557,0.0121783213411366
"CR-Pa","Humidity",2,50.9970642373449,0.00164206971378726,0.012246273740988
"CR-Pa","Humidity",2,51.0942085187767,0.00164936840233675,0.0123007061059338
"CR-Pa","Humidity",2,51.1913528002086,0.00165506174651721,0.0123431660884487
"CR-Pa","Humidity",2,51.2884970816405,0.00165916339805343,0.0123737555007501
"CR-Pa","Humidity",2,51.3856413630723,0.00166124144651043,0.0123892532290364
"CR-Pa","Humidity",2,51.4827856445042,0.00166156855536994,0.012391692750698
"CR-Pa","Humidity",2,51.5799299259361,0.00166046675258195,0.0123834756948464
"CR-Pa","Humidity",2,51.6770742073679,0.00165798827454458,0.0123649916315623
"CR-Pa","Humidity",2,51.7742184887998,0.00165390181180996,0.012334515494733
"CR-Pa","Humidity",2,51.8713627702317,0.00164839805751542,0.012293469441007
"CR-Pa","Humidity",2,51.9685070516635,0.00164185652064018,0.0122446837831337
"CR-Pa","Humidity",2,52.0656513330954,0.00163436487545873,0.0121888123807857
"CR-Pa","Humidity",2,52.1627956145273,0.00162589028543596,0.0121256103447271
"CR-Pa","Humidity",2,52.2599398959591,0.001616611152746,0.0120564081677147
"CR-Pa","Humidity",2,52.357084177391,0.00160687436177085,0.0119837928538585
"CR-Pa","Humidity",2,52.4542284588229,0.00159679687862557,0.0119086367163443
"CR-Pa","Humidity",2,52.5513727402547,0.00158650432978736,0.0118318766558505
"CR-Pa","Humidity",2,52.6485170216866,0.00157628375952088,0.0117556533991755
"CR-Pa","Humidity",2,52.7456613031185,0.00156633670411227,0.0116814699693078
"CR-Pa","Humidity",2,52.8428055845503,0.00155680210317386,0.0116103625539999
"CR-Pa","Humidity",2,52.9399498659822,0.00154789474489854,0.0115439330066837
"CR-Pa","Humidity",2,53.0370941474141,0.00154016995529218,0.0114863228532799
"CR-Pa","Humidity",2,53.1342384288459,0.00153355900585225,0.0114370195284274
"CR-Pa","Humidity",2,53.2313827102778,0.00152821520488616,0.0113971663791374
"CR-Pa","Humidity",2,53.3285269917097,0.00152435298526817,0.0113683626089366
"CR-Pa","Humidity",2,53.4256712731415,0.00152297779155349,0.0113581066505352
"CR-Pa","Humidity",2,53.5228155545734,0.00152362216310252,0.0113629122628146
"CR-Pa","Humidity",2,53.6199598360053,0.00152644546399424,0.0113839679556898
"CR-Pa","Humidity",2,53.7171041174371,0.00153160710952342,0.0114224626210342
"CR-Pa","Humidity",2,53.814248398869,0.00154060529774062,0.0114895695624481
"CR-Pa","Humidity",2,53.9113926803008,0.00155259088642203,0.0115789560231489
"CR-Pa","Humidity",2,54.0085369617327,0.00156767205527833,0.0116914287888285
"CR-Pa","Humidity",2,54.1056812431646,0.00158600338820116,0.0118281407195859
"CR-Pa","Humidity",2,54.2028255245964,0.00160926829487479,0.0120016463955579
"CR-Pa","Humidity",2,54.2999698060283,0.00163659408488336,0.0122054374415921
"CR-Pa","Humidity",2,54.3971140874602,0.00166786919607338,0.0124386818463192
"CR-Pa","Humidity",2,54.494258368892,0.00170322945303125,0.0127023925661638
"CR-Pa","Humidity",2,54.5914026503239,0.00174439410892355,0.0130093914957939
"CR-Pa","Humidity",2,54.6885469317558,0.00179064099864435,0.0133542928519513
"CR-Pa","Humidity",2,54.7856912131876,0.00184154054678045,0.0137338929350255
"CR-Pa","Humidity",2,54.8828354946195,0.00189719249984403,0.0141489356373632
"CR-Pa","Humidity",2,54.9799797760514,0.00195919095992659,0.0146113094984215
"CR-Pa","Humidity",2,55.0771240574832,0.00202710847913326,0.015117826685256
"CR-Pa","Humidity",2,55.1742683389151,0.00210012937363619,0.0156624039680513
"CR-Pa","Humidity",2,55.271412620347,0.00217829869247808,0.0162453773148263
"CR-Pa","Humidity",2,55.3685569017788,0.00226293457360617,0.0168765771718737
"CR-Pa","Humidity",2,55.4657011832107,0.00235398611253612,0.0175556239022969
"CR-Pa","Humidity",2,55.5628454646426,0.00245023879204317,0.0182734598453449
"CR-Pa","Humidity",2,55.6599897460744,0.00255166720791583,0.0190298955407738
"CR-Pa","Humidity",2,55.7571340275063,0.00265920178666568,0.0198318699496162
"CR-Pa","Humidity",2,55.8542783089382,0.00277315768479403,0.0206817334549001
"CR-Pa","Humidity",2,55.95142259037,0.00289198721946832,0.0215679437040248
"CR-Pa","Humidity",2,56.0485668718019,0.00301558696812323,0.022489729389271
"CR-Pa","Humidity",2,56.1457111532338,0.0031444553591912,0.0234508077042343
"CR-Pa","Humidity",2,56.2428554346656,0.00327915529923515,0.0244553767093275
"CR-Pa","Humidity",2,56.3399997160975,0.00341796080326383,0.0254905643050908
"CR-Pa","Humidity",2,56.4371439975294,0.00356069591567299,0.0265550582448649
"CR-Pa","Humidity",2,56.5342882789612,0.00370746759481454,0.0276496562056581
"CR-Pa","Humidity",2,56.6314325603931,0.00385887183346135,0.0287788029991511
"CR-Pa","Humidity",2,56.728576841825,0.00401323711471265,0.0299300327395425
"CR-Pa","Humidity",2,56.8257211232568,0.00417033601925066,0.0311016493726419
"CR-Pa","Humidity",2,56.9228654046887,0.00433000608227095,0.0322924412638567
"CR-Pa","Humidity",2,57.0200096861206,0.0044926112472623,0.0335051226411838
"CR-Pa","Humidity",2,57.1171539675524,0.00465680646256702,0.0347296623405029
"CR-Pa","Humidity",2,57.2142982489843,0.00482234826074713,0.0359642446235007
"CR-Pa","Humidity",2,57.3114425304162,0.00498899332804772,0.0372070548980057
"CR-Pa","Humidity",2,57.408586811848,0.00515659521612758,0.038457000977456
"CR-Pa","Humidity",2,57.5057310932799,0.00532442345128008,0.039708635114477
"CR-Pa","Humidity",2,57.6028753747118,0.00549224948946292,0.0409602528668758
"CR-Pa","Humidity",2,57.7000196561436,0.00565986019096374,0.042210264675305
"CR-Pa","Humidity",2,57.7971639375755,0.0058266836743303,0.0434544055461698
"CR-Pa","Humidity",2,57.8943082190073,0.00599254975040934,0.0446914062380117
"CR-Pa","Humidity",2,57.9914525004392,0.00615735700865616,0.0459205104484154
"CR-Pa","Humidity",2,58.0885967818711,0.0063209665570536,0.0471406823445851
"CR-Pa","Humidity",2,58.1857410633029,0.00648270438624217,0.0483468952805438
"CR-Pa","Humidity",2,58.2828853447348,0.00664270491609795,0.049540151736628
"CR-Pa","Humidity",2,58.3800296261667,0.00680110785990127,0.0507214936704731
"CR-Pa","Humidity",2,58.4771739075985,0.00695788217974199,0.0518906896066789
"CR-Pa","Humidity",2,58.5743181890304,0.00711253689270052,0.0530440778790049
"CR-Pa","Humidity",2,58.6714624704623,0.00726533802904442,0.0541836424954703
"CR-Pa","Humidity",2,58.7686067518941,0.00741666644116403,0.055312223787754
"CR-Pa","Humidity",2,58.865751033326,0.00756661383588017,0.0564305056895659
"CR-Pa","Humidity",2,58.9628953147579,0.00771505268197262,0.0575375370949817
"CR-Pa","Humidity",2,59.0600395961897,0.00786235108304615,0.0586360632574281
"CR-Pa","Humidity",2,59.1571838776216,0.0080089951423717,0.0597297094515647
"CR-Pa","Humidity",2,59.2543281590535,0.0081551914960193,0.0608200167336919
"CR-Pa","Humidity",2,59.3514724404853,0.00830121427755016,0.0619090295448003
"CR-Pa","Humidity",2,59.4486167219172,0.00844766512466615,0.0630012347954808
"CR-Pa","Humidity",2,59.5457610033491,0.00859487842088397,0.0640991262605384
"CR-Pa","Humidity",2,59.6429052847809,0.00874314682886895,0.0652048865678379
"CR-Pa","Humidity",2,59.7400495662128,0.00889304333369367,0.0663227889415849
"CR-Pa","Humidity",2,59.8371938476447,0.00904566443320345,0.0674610108742802
"CR-Pa","Humidity",2,59.9343381290765,0.00920086427582737,0.068618464629972
"CR-Pa","Humidity",2,60.0314824105084,0.00935897840172462,0.0697976526095059
"CR-Pa","Humidity",2,60.1286266919403,0.00952067194591599,0.0710035352755659
"CR-Pa","Humidity",2,60.2257709733721,0.00968785829802944,0.0722503823591872
"CR-Pa","Humidity",2,60.322915254804,0.00985958202820545,0.0735310684286652
"CR-Pa","Humidity",2,60.4200595362359,0.010036174097139,0.0748480617319881
"CR-Pa","Humidity",2,60.5172038176677,0.0102181405488015,0.0762051362581334
"CR-Pa","Humidity",2,60.6143480990996,0.0104085095802339,0.0776248757802461
"CR-Pa","Humidity",2,60.7114923805315,0.0106052573377309,0.0790921867451845
"CR-Pa","Humidity",2,60.8086366619633,0.0108086682645588,0.0806091904819489
"CR-Pa","Humidity",2,60.9057809433952,0.0110190247436936,0.0821779929542474
"CR-Pa","Humidity",2,61.0029252248271,0.0112401611223471,0.0838271900646646
"CR-Pa","Humidity",2,61.1000695062589,0.0114693555246575,0.0855364825307692
"CR-Pa","Humidity",2,61.1972137876908,0.0117066470914169,0.0873061622578624
"CR-Pa","Humidity",2,61.2943580691227,0.0119522409237495,0.0891377588548831
"CR-Pa","Humidity",2,61.3915023505545,0.0122098838828076,0.0910592157684187
"CR-Pa","Humidity",2,61.4886466319864,0.0124771056096631,0.0930521094861066
"CR-Pa","Humidity",2,61.5857909134182,0.0127533694997394,0.0951124381032282
"CR-Pa","Humidity",2,61.6829351948501,0.0130387875189221,0.0972410366421173
"CR-Pa","Humidity",2,61.780079476282,0.013336714342995,0.0994629236982794
"CR-Pa","Humidity",2,61.8772237577138,0.0136452565522376,0.101763978472818
"CR-Pa","Humidity",2,61.9743680391457,0.013963234735901,0.104135405123043
"CR-Pa","Humidity",2,62.0715123205776,0.0142906613456793,0.106577296511553
"CR-Pa","Humidity",2,62.1686566020094,0.0146302787063162,0.109110104425023
"CR-Pa","Humidity",2,62.2658008834413,0.0149809480888172,0.111725336418302
"CR-Pa","Humidity",2,62.3629451648732,0.0153408713229895,0.114409582047101
"CR-Pa","Humidity",2,62.460089446305,0.0157099582066298,0.117162168598888
"CR-Pa","Humidity",2,62.5572337277369,0.0160902048236388,0.119997982524373
"CR-Pa","Humidity",2,62.6543780091688,0.0164812307664303,0.122914186809152
"CR-Pa","Humidity",2,62.7515222906006,0.0168807323092947,0.12589360066277
"CR-Pa","Humidity",2,62.8486665720325,0.0172885117398603,0.128934749580336
"CR-Pa","Humidity",2,62.9458108534644,0.0177057680458754,0.132046575406432
"CR-Pa","Humidity",2,63.0429551348962,0.0181326942780989,0.135230517880446
"CR-Pa","Humidity",2,63.1400994163281,0.0185666881875768,0.138467169876864
"CR-Pa","Humidity",2,63.23724369776,0.0190074375379893,0.141754202790872
"CR-Pa","Humidity",2,63.3343879791918,0.019455381264795,0.145094890127689
"CR-Pa","Humidity",2,63.4315322606237,0.0199109043647943,0.148492103127294
"CR-Pa","Humidity",2,63.5286765420556,0.0203714211383131,0.15192655808586
"CR-Pa","Humidity",2,63.6258208234874,0.020836500929373,0.155395043245107
"CR-Pa","Humidity",2,63.7229651049193,0.0213059628311719,0.158896209433195
"CR-Pa","Humidity",2,63.8201093863512,0.0217798108419188,0.162430086468078
"CR-Pa","Humidity",2,63.917253667783,0.0222559122341042,0.165980768834492
"CR-Pa","Humidity",2,64.0143979492149,0.0227337264166985,0.169544224897439
"CR-Pa","Humidity",2,64.1115422306467,0.0232127105747448,0.17311640643625
"CR-Pa","Humidity",2,64.2086865120786,0.0236917604787549,0.176689078297161
"CR-Pa","Humidity",2,64.3058307935105,0.0241697457043524,0.180253809969432
"CR-Pa","Humidity",2,64.4029750749423,0.0246460455500156,0.18380597236778
"CR-Pa","Humidity",2,64.5001193563742,0.0251200375106814,0.187340922956421
"CR-Pa","Humidity",2,64.5972636378061,0.0255889793286533,0.190838210448701
"CR-Pa","Humidity",2,64.6944079192379,0.0260530902658343,0.194299470062214
"CR-Pa","Humidity",2,64.7915522006698,0.026511812071822,0.197720538461393
"CR-Pa","Humidity",2,64.8886964821017,0.0269644996497362,0.201096604624563
"CR-Pa","Humidity",2,64.9858407635335,0.0274072043679771,0.20439822033581
"CR-Pa","Humidity",2,65.0829850449654,0.0278409177731329,0.207632780379198
"CR-Pa","Humidity",2,65.1801293263973,0.0282656009180175,0.210799994293305
"CR-Pa","Humidity",2,65.2772736078291,0.0286806605514158,0.213895437712517
"CR-Pa","Humidity",2,65.374417889261,0.0290815379550999,0.216885112499692
"CR-Pa","Humidity",2,65.4715621706929,0.0294693299356003,0.219777198449449
"CR-Pa","Humidity",2,65.5687064521247,0.0298449495951782,0.222578505321543
"CR-Pa","Humidity",2,65.6658507335566,0.0302079334546766,0.225285576568064
"CR-Pa","Humidity",2,65.7629950149885,0.0305537652502637,0.227864730669463
"CR-Pa","Humidity",2,65.8601392964203,0.0308830244482899,0.230320289186201
"CR-Pa","Humidity",2,65.9572835778522,0.0311978766500391,0.232668402800501
"CR-Pa","Humidity",2,66.0544278592841,0.0314980500791654,0.234907044651079
"CR-Pa","Humidity",2,66.1515721407159,0.03177964979424,0.237007166934093
"CR-Pa","Humidity",2,66.2487164221478,0.0320422937675672,0.238965920552639
"CR-Pa","Humidity",2,66.3458607035797,0.0322894800176788,0.240809393127804
"CR-Pa","Humidity",2,66.4430049850115,0.032521157726371,0.242537205666156
"CR-Pa","Humidity",2,66.5401492664434,0.0327344455579156,0.244127869660983
"CR-Pa","Humidity",2,66.6372935478753,0.0329278267524807,0.245570073378109
"CR-Pa","Humidity",2,66.7344378293071,0.033105956525316,0.246898534612881
"CR-Pa","Humidity",2,66.831582110739,0.0332689945709318,0.248114444339516
"CR-Pa","Humidity",2,66.9287263921709,0.0334152206048498,0.249204972972
"CR-Pa","Humidity",2,67.0258706736027,0.0335421007051421,0.250151222956039
"CR-Pa","Humidity",2,67.1230149550346,0.0336550525483589,0.250993598392337
"CR-Pa","Humidity",2,67.2201592364665,0.0337544021863082,0.251734530919245
"CR-Pa","Humidity",2,67.3173035178983,0.0338395050427148,0.252369213397671
"CR-Pa","Humidity",2,67.4144477993302,0.0339071657444561,0.252873815283982
"CR-Pa","Humidity",2,67.5115920807621,0.0339630438426007,0.253290544537472
"CR-Pa","Humidity",2,67.6087363621939,0.0340075709648795,0.253622620163583
"CR-Pa","Humidity",2,67.7058806436258,0.0340409288549686,0.253871397575421
"CR-Pa","Humidity",2,67.8030249250577,0.0340597619112217,0.254011851272556
"CR-Pa","Humidity",2,67.9001692064895,0.0340694386598908,0.254084018801212
"CR-Pa","Humidity",2,67.9973134879214,0.0340704403989778,0.254091489599177
"CR-Pa","Humidity",2,68.0944577693532,0.0340632493213502,0.254037859777994
"CR-Pa","Humidity",2,68.1916020507851,0.0340455184767034,0.253905626185607
"CR-Pa","Humidity",2,68.288746332217,0.0340212601797917,0.253724711975951
"CR-Pa","Humidity",2,68.3858906136488,0.0339911733959136,0.253500329912106
"CR-Pa","Humidity",2,68.4830348950807,0.0339557555276532,0.253236189537067
"CR-Pa","Humidity",2,68.5801791765126,0.03391412714333,0.252925732200489
"CR-Pa","Humidity",2,68.6773234579444,0.033868712786025,0.252587039728021
"CR-Pa","Humidity",2,68.7744677393763,0.0338203789978475,0.2522265746418
"CR-Pa","Humidity",2,68.8716120208082,0.0337696338964846,0.251848126396219
"CR-Pa","Humidity",2,68.96875630224,0.0337167875548156,0.251454007461527
"CR-Pa","Humidity",2,69.0659005836719,0.0336632835385457,0.251054983702681
"CR-Pa","Humidity",2,69.1630448651038,0.0336098633908145,0.250656585420983
"CR-Pa","Humidity",2,69.2601891465356,0.0335570610844337,0.250262794893903
"CR-Pa","Humidity",2,69.3573334279675,0.0335061315453932,0.249882971143818
"CR-Pa","Humidity",2,69.4544777093994,0.0334581791321979,0.249525350286676
"CR-Pa","Humidity",2,69.5516219908312,0.0334135077980658,0.249192199153345
"CR-Pa","Humidity",2,69.6487662722631,0.0333726943124779,0.248887819191497
"CR-Pa","Humidity",2,69.745910553695,0.0333376860776653,0.248626733792319
"CR-Pa","Humidity",2,69.8430548351268,0.0333099181211455,0.248419645144429
"CR-Pa","Humidity",2,69.9401991165587,0.0332888840607742,0.248262776736816
"CR-Pa","Humidity",2,70.0373433979906,0.0332752026428328,0.248160743072917
"CR-Pa","Humidity",2,70.1344876794224,0.0332711980493338,0.248130877502778
"CR-Pa","Humidity",2,70.2316319608543,0.0332793240700534,0.248191479968874
"CR-Pa","Humidity",2,70.3287762422862,0.0332978207911924,0.248329425336526
"CR-Pa","Humidity",2,70.425920523718,0.0333273174692864,0.248549406492841
"CR-Pa","Humidity",2,70.5230648051499,0.033370109250513,0.248868540243598
"CR-Pa","Humidity",2,70.6202090865818,0.0334303224338,0.249317599817109
"CR-Pa","Humidity",2,70.7173533680136,0.0335044774149751,0.249870634923416
"CR-Pa","Humidity",2,70.8144976494455,0.0335931512260245,0.250531948967911
"CR-Pa","Humidity",2,70.9116419308774,0.03369814348364,0.251314963182624
"CR-Pa","Humidity",2,71.0087862123092,0.0338257625077049,0.252266723933178
"CR-Pa","Humidity",2,71.1059304937411,0.0339704264419545,0.253345602694776
"CR-Pa","Humidity",2,71.203074775173,0.0341325783881574,0.254554904044263
"CR-Pa","Humidity",2,71.3002190566048,0.0343130804031265,0.255901057053208
"CR-Pa","Humidity",2,71.3973633380367,0.0345206415422221,0.257449012359864
"CR-Pa","Humidity",2,71.4945076194685,0.0347474161731919,0.25914025858714
"CR-Pa","Humidity",2,71.5916519009004,0.0349936337013148,0.260976506600185
"CR-Pa","Humidity",2,71.6887961823323,0.0352595154629761,0.262959407087723
"CR-Pa","Humidity",2,71.7859404637641,0.0355541614172831,0.265156825980978
"CR-Pa","Humidity",2,71.883084745196,0.0358694457847239,0.26750816261274
"CR-Pa","Humidity",2,71.9802290266279,0.0362047275843194,0.270008636657016
"CR-Pa","Humidity",2,72.0773733080597,0.0365599574656878,0.27265788006714
"CR-Pa","Humidity",2,72.1745175894916,0.0369426173488553,0.275511691716925
"CR-Pa","Humidity",2,72.2716618709235,0.0373461903909958,0.27852147011247
"CR-Pa","Humidity",2,72.3688061523553,0.0377687131391828,0.281672572159263
"CR-Pa","Humidity",2,72.4659504337872,0.0382098520391469,0.284962510266884
"CR-Pa","Humidity",2,72.5630947152191,0.0386750160705901,0.288431623676434
"CR-Pa","Humidity",2,72.6602389966509,0.039159540790698,0.292045125774973
"CR-Pa","Humidity",2,72.7573832780828,0.0396604028149957,0.295780468680645
"CR-Pa","Humidity",2,72.8545275595147,0.0401770149825363,0.299633273448012
"CR-Pa","Humidity",2,72.9516718409465,0.0407126083045713,0.303627636403746
"CR-Pa","Humidity",2,73.0488161223784,0.0412641916185587,0.307741249971633
"CR-Pa","Humidity",2,73.1459604038103,0.041828202043659,0.31194754279864
"CR-Pa","Humidity",2,73.2431046852421,0.0424038651344504,0.316240739203898
"CR-Pa","Humidity",2,73.340248966674,0.0429924632799502,0.320630403024324
"CR-Pa","Humidity",2,73.4373932481058,0.0435921252170258,0.325102578701044
"CR-Pa","Humidity",2,73.5345375295377,0.0441994337609428,0.329631781457543
"CR-Pa","Humidity",2,73.6316818109696,0.0448135122665618,0.334211473425019
"CR-Pa","Humidity",2,73.7288260924014,0.0454341738882424,0.338840261140795
"CR-Pa","Humidity",2,73.8259703738333,0.0460598618812714,0.343506534670321
"CR-Pa","Humidity",2,73.9231146552652,0.0466880317692044,0.348191317745536
"CR-Pa","Humidity",2,74.020258936697,0.0473177889950427,0.35288793891407
"CR-Pa","Humidity",2,74.1174032181289,0.0479480876517037,0.357588597980636
"CR-Pa","Humidity",2,74.2145474995608,0.048576780065977,0.362277277967502
"CR-Pa","Humidity",2,74.3116917809926,0.0492028485495148,0.366946389129857
"CR-Pa","Humidity",2,74.4088360624245,0.0498254482237931,0.371589630508859
"CR-Pa","Humidity",2,74.5059803438564,0.0504432994754016,0.37619745896759
"CR-Pa","Humidity",2,74.6031246252882,0.0510527947181181,0.380742969747958
"CR-Pa","Humidity",2,74.7002689067201,0.0516549481586889,0.385233726629589
"CR-Pa","Humidity",2,74.797413188152,0.0522490076645914,0.389664120337381
"CR-Pa","Humidity",2,74.8945574695838,0.0528340172953427,0.394027021631486
"CR-Pa","Humidity",2,74.9917017510157,0.0534041701263087,0.398279123465888
"CR-Pa","Humidity",2,75.0888460324476,0.0539628431275979,0.402445610703331
"CR-Pa","Humidity",2,75.1859903138794,0.0545093969256775,0.406521715005883
"CR-Pa","Humidity",2,75.2831345953113,0.0550431959424013,0.410502696340953
"CR-Pa","Humidity",2,75.3802788767432,0.0555570277434514,0.41433476561283
"CR-Pa","Humidity",2,75.477423158175,0.0560554481013021,0.418051898989733
"CR-Pa","Humidity",2,75.5745674396069,0.0565383881324573,0.421653582750386
"CR-Pa","Humidity",2,75.6717117210388,0.0570053306129225,0.425135959527121
"CR-Pa","Humidity",2,75.7688560024706,0.057448898628316,0.428444013560179
"CR-Pa","Humidity",2,75.8660002839025,0.0578732660548628,0.431608872901178
"CR-Pa","Humidity",2,75.9631445653344,0.0582794723260516,0.434638289466453
"CR-Pa","Humidity",2,76.0602888467662,0.0586671207167228,0.43752930454794
"CR-Pa","Humidity",2,76.1574331281981,0.0590291889818419,0.440229547448923
"CR-Pa","Humidity",2,76.25457740963,0.0593687394653735,0.442761856604436
"CR-Pa","Humidity",2,76.3517216910618,0.0596881501095701,0.445143966299155
"CR-Pa","Humidity",2,76.4488659724937,0.0599871515462044,0.447373867631131
"CR-Pa","Humidity",2,76.5460102539256,0.0602595068015627,0.449405046322212
"CR-Pa","Humidity",2,76.6431545353574,0.0605066586005569,0.451248261966864
"CR-Pa","Humidity",2,76.7402988167893,0.0607324475653901,0.452932157265477
"CR-Pa","Humidity",2,76.8374430982212,0.0609367439505814,0.454455764598552
"CR-Pa","Humidity",2,76.934587379653,0.0611144340673725,0.455780946954101
"CR-Pa","Humidity",2,77.0317316610849,0.0612650638681504,0.456904318123052
"CR-Pa","Humidity",2,77.1288759425168,0.0613939341908044,0.457865410843452
"CR-Pa","Humidity",2,77.2260202239486,0.0615010657971424,0.458664379953297
"CR-Pa","Humidity",2,77.3231645053805,0.0615826890384089,0.459273112059968
"CR-Pa","Humidity",2,77.4203087868123,0.061636412956642,0.459673775809867
"CR-Pa","Humidity",2,77.5174530682442,0.0616688452579517,0.459915650339648
"CR-Pa","Humidity",2,77.6145973496761,0.0616801554757014,0.46
"CR-Pa","Humidity",2,77.7117416311079,0.0616679901376101,0.45990927299909
"CR-Pa","Humidity",2,77.8088859125398,0.0616282031093001,0.459612548179227
"CR-Pa","Humidity",2,77.9060301939717,0.0615684003133191,0.459166549203721
"CR-Pa","Humidity",2,78.0031744754035,0.0614888755013739,0.458573466822318
"CR-Pa","Humidity",2,78.1003187568354,0.0613886014104526,0.45782563988401
"CR-Pa","Humidity",2,78.1974630382673,0.0612620218972018,0.45688163162647
"CR-Pa","Humidity",2,78.2946073196991,0.0611173155324382,0.45580243642539
"CR-Pa","Humidity",2,78.391751601131,0.0609548494425481,0.454590792246269
"CR-Pa","Humidity",2,78.4888958825629,0.0607746962851842,0.453247240957393
"CR-Pa","Humidity",2,78.5860401639947,0.0605702880596951,0.451722799538597
"CR-Pa","Humidity",2,78.6831844454266,0.0603499228121183,0.450079353391233
"CR-Pa","Humidity",2,78.7803287268585,0.0601139704695961,0.44831966136836
"CR-Pa","Humidity",2,78.8774730082903,0.0598627996449237,0.446446472520857
"CR-Pa","Humidity",2,78.9746172897222,0.0595906709551991,0.444416983517337
"CR-Pa","Humidity",2,79.0717615711541,0.0593041109604251,0.442279868320733
"CR-Pa","Humidity",2,79.1689058525859,0.0590039294236199,0.440041166004478
"CR-Pa","Humidity",2,79.2660501340178,0.0586904204917634,0.437703070266201
"CR-Pa","Humidity",2,79.3631944154497,0.0583590786880221,0.43523198003393
"CR-Pa","Humidity",2,79.4603386968815,0.0580141922593089,0.432659876316218
"CR-Pa","Humidity",2,79.5574829783134,0.0576570621654679,0.429996461448019
"CR-Pa","Humidity",2,79.6546272597453,0.0572878513928702,0.427242950953677
"CR-Pa","Humidity",2,79.7517715411771,0.0569028181342486,0.424371439077614
"CR-Pa","Humidity",2,79.848915822609,0.0565044068081178,0.421400155873045
"CR-Pa","Humidity",2,79.9460601040409,0.0560943042490826,0.418341681462576
"CR-Pa","Humidity",2,80.0432043854727,0.0556725200505864,0.415196087392458
"CR-Pa","Humidity",2,80.1403486669046,0.0552357449559609,0.411938693795147
"CR-Pa","Humidity",2,80.2374929483365,0.0547848357465185,0.408575890398433
"CR-Pa","Humidity",2,80.3346372297683,0.0543219399594415,0.405123693165576
"CR-Pa","Humidity",2,80.4317815112002,0.0538469336934159,0.401581178061868
"CR-Pa","Humidity",2,80.5289257926321,0.0533568188302174,0.397925985636807
"CR-Pa","Humidity",2,80.6260700740639,0.0528509456926016,0.394153270709152
"CR-Pa","Humidity",2,80.7232143554958,0.0523321497224263,0.390284179517016
"CR-Pa","Humidity",2,80.8203586369277,0.0518002312291885,0.386317222802943
"CR-Pa","Humidity",2,80.9175029183595,0.0512525866064927,0.382232983317858
"CR-Pa","Humidity",2,81.0146471997914,0.0506870173646162,0.378015065103211
"CR-Pa","Humidity",2,81.1117914812232,0.0501073353245854,0.373691896065169
"CR-Pa","Humidity",2,81.2089357626551,0.0495133460349479,0.369262026018215
"CR-Pa","Humidity",2,81.306080044087,0.0489030553410547,0.364710582899667
"CR-Pa","Humidity",2,81.4032243255188,0.0482726710415462,0.360009285123462
"CR-Pa","Humidity",2,81.5003686069507,0.047627204517013,0.355195506704855
"CR-Pa","Humidity",2,81.5975128883826,0.0469665514701214,0.350268469812254
"CR-Pa","Humidity",2,81.6946571698144,0.0462895613478409,0.345219593818877
"CR-Pa","Humidity",2,81.7918014512463,0.045590949065174,0.340009463469037
"CR-Pa","Humidity",2,81.8889457326782,0.0448769604001929,0.334684658702281
"CR-Pa","Humidity",2,81.98609001411,0.0441476517664881,0.32924560024147
"CR-Pa","Humidity",2,82.0832342955419,0.043402855548697,0.323691038040036
"CR-Pa","Humidity",2,82.1803785769738,0.0426361678143852,0.317973212670378
"CR-Pa","Humidity",2,82.2775228584056,0.0418548306138858,0.312146134099357
"CR-Pa","Humidity",2,82.3746671398375,0.0410591047594857,0.306211747420188
"CR-Pa","Humidity",2,82.4718114212694,0.040249258063889,0.300172049933997
"CR-Pa","Humidity",2,82.5689557027012,0.0394200079635695,0.293987645189796
"CR-Pa","Humidity",2,82.6660999841331,0.0385775316310764,0.28770460147893
"CR-Pa","Humidity",2,82.763244265565,0.0377228137309324,0.281330262260199
"CR-Pa","Humidity",2,82.8603885469968,0.0368563376659024,0.27486823266835
"CR-Pa","Humidity",2,82.9575328284287,0.0359748867909025,0.268294523517119
"CR-Pa","Humidity",2,83.0546771098606,0.0350828779350228,0.261642074758842
"CR-Pa","Humidity",2,83.1518213912924,0.0341819639845171,0.254923213335157
"CR-Pa","Humidity",2,83.2489656727243,0.0332728229783753,0.248142995944331
"CR-Pa","Humidity",2,83.3461099541562,0.0323542932556714,0.241292759118805
"CR-Pa","Humidity",2,83.443254235588,0.0314293618345834,0.234394779526842
"CR-Pa","Humidity",2,83.5403985170199,0.030499864429043,0.227462747607483
"CR-Pa","Humidity",2,83.6375427984518,0.0295666266941758,0.220502820954769
"CR-Pa","Humidity",2,83.7346870798836,0.0286302666994677,0.213519609024711
"CR-Pa","Humidity",2,83.8318313613155,0.0276929785544919,0.206529475109457
"CR-Pa","Humidity",2,83.9289756427474,0.0267561503959354,0.19954277169387
"CR-Pa","Humidity",2,84.0261199241792,0.0258206889721941,0.192566261151666
"CR-Pa","Humidity",2,84.1232642056111,0.0248884970796923,0.185614134211588
"CR-Pa","Humidity",2,84.220408487043,0.0239618222339446,0.178703152458115
"CR-Pa","Humidity",2,84.3175527684748,0.0230409137978405,0.171835175596825
"CR-Pa","Humidity",2,84.4146970499067,0.0221266812012721,0.165016985999571
"CR-Pa","Humidity",2,84.5118413313385,0.0212216741324992,0.158267598803238
"CR-Pa","Humidity",2,84.6089856127704,0.0203291072162906,0.151610988126929
"CR-Pa","Humidity",2,84.7061298942023,0.0194474408946531,0.145035672211699
"CR-Pa","Humidity",2,84.8032741756341,0.0185775058483176,0.138547846131689
"CR-Pa","Humidity",2,84.900418457066,0.0177218157837243,0.132166256677557
"CR-Pa","Humidity",2,84.9975627384979,0.0168853728718097,0.125928209180542
"CR-Pa","Humidity",2,85.0947070199297,0.0160643450753701,0.1198051249657
"CR-Pa","Humidity",2,85.1918513013616,0.0152594100320154,0.113802057737878
"CR-Pa","Humidity",2,85.2889955827935,0.0144724220798161,0.107932836831743
"CR-Pa","Humidity",2,85.3861398642253,0.013710748476896,0.102252405992341
"CR-Pa","Humidity",2,85.4832841456572,0.0129679996273305,0.0967131127113002
"CR-Pa","Humidity",2,85.5804284270891,0.0122446434072853,0.0913184463286599
"CR-Pa","Humidity",2,85.6775727085209,0.0115414046723801,0.0860738126930679
"CR-Pa","Humidity",2,85.7747169899528,0.0108682416518902,0.08105347856717
"CR-Pa","Humidity",2,85.8718612713847,0.0102162396450572,0.0761909596446727
"CR-Pa","Humidity",2,85.9690055528165,0.00958562625221644,0.0714879533297646
"CR-Pa","Humidity",2,86.0661498342484,0.00897662113926435,0.0669460978529521
"CR-Pa","Humidity",2,86.1632941156803,0.00839897490004583,0.0626381114675222
"CR-Pa","Humidity",2,86.2604383971121,0.00784421689567186,0.0585008216042929
"CR-Pa","Humidity",2,86.357582678544,0.00731145823960733,0.0545275991002376
"CR-Pa","Humidity",2,86.4547269599759,0.00680067930207068,0.0507182975598188
"CR-Pa","Humidity",2,86.5518712414077,0.00632005669221778,0.0471338967289968
"CR-Pa","Humidity",2,86.6490155228396,0.0058629997859282,0.0437252448656592
"CR-Pa","Humidity",2,86.7461598042715,0.00542725491314114,0.0404755344857784
"CR-Pa","Humidity",2,86.8433040857033,0.0050125937814554,0.0373830630238576
"CR-Pa","Humidity",2,86.9404483671352,0.00462534273623672,0.0344950112764724
"CR-Pa","Humidity",2,87.0375926485671,0.0042610434721467,0.0317781299685544
"CR-Pa","Humidity",2,87.1347369299989,0.00391630262271401,0.0292071119560997
"CR-Pa","Humidity",2,87.2318812114308,0.00359073553186093,0.0267790885401824
"CR-Pa","Humidity",2,87.3290254928627,0.0032888171609163,0.0245274332133855
"CR-Pa","Humidity",2,87.4261697742945,0.00300812878966928,0.0224341075760256
"CR-Pa","Humidity",2,87.5233140557264,0.00274450524863329,0.020468048509843
"CR-Pa","Humidity",2,87.6204583371583,0.00249746858408717,0.0186256915181201
"CR-Pa","Humidity",2,87.7176026185901,0.00226985190626388,0.0169281654501133
"CR-Pa","Humidity",2,87.814746900022,0.00206093545006736,0.0153701024214256
"CR-Pa","Humidity",2,87.9118911814539,0.00186620852178495,0.0139178624534963
"CR-Pa","Humidity",2,88.0090354628857,0.00168516213239256,0.0125676495936518
"CR-Pa","Humidity",2,88.1061797443176,0.00151932186917335,0.0113308414096826
"CR-Pa","Humidity",2,88.2033240257495,0.00136919738926674,0.0102112388369517
"CR-Pa","Humidity",2,88.3004683071813,0.00123033595862857,0.00917563415014568
"CR-Pa","Humidity",2,88.3976125886132,0.00110224956398081,0.00822038783010068
"CR-Pa","Humidity",2,88.494756870045,0.00098553043098054,0.00734991659399499
"CR-Pa","Humidity",2,88.5919011514769,0.0008814306419238,0.00657355825642619
"CR-Pa","Humidity",2,88.6890454329088,0.000785875509311571,0.00586092449824863
"CR-Pa","Humidity",2,88.7861897143406,0.000698434207395277,0.00520880229506545
"CR-Pa","Humidity",2,88.8833339957725,0.000619112580103495,0.00461723522989173
"CR-Pa","Humidity",2,88.9804782772044,0.000549483328731481,0.00409795223872378
"CR-Pa","Humidity",2,89.0776225586362,0.000486055396352169,0.00362491761892653
"CR-Pa","Humidity",2,89.1747668400681,0.000428474294019355,0.00319548765285699
"CR-Pa","Humidity",2,89.2719111215,0.000376438575269531,0.00280741420459293
"CR-Pa","Humidity",2,89.3690554029318,0.000331529804840911,0.00247249231216508
"CR-Pa","Humidity",2,89.4661996843637,0.000290929638058439,0.00216970324531044
"CR-Pa","Humidity",2,89.5633439657956,0.000254364213810401,0.00189700459491998
"CR-Pa","Humidity",2,89.6604882472274,0.000221562196678575,0.00165237278807273
"CR-Pa","Humidity",2,89.7576325286593,0.000193499306394355,0.00144308457485111
"CR-Pa","Humidity",2,89.8547768100912,0.000168444757659251,0.00125623205592891
"CR-Pa","Humidity",2,89.951921091523,0.000146058088779203,0.00108927612649909
"CR-Pa","Humidity",2,90.0490653729549,0.000126141758139628,0.000940743555146963
"CR-Pa","Humidity",2,90.1462096543868,0.000109203894362023,0.000814423877811399
"CR-Pa","Humidity",2,90.2433539358186,9.43011142489794e-05,0.000703281504723497
"CR-Pa","Humidity",2,90.3404982172505,8.1089481100127e-05,0.000604751415076329
"CR-Pa","Humidity",2,90.4376424986824,6.94327465420861e-05,0.000517817491915075
"CR-Pa","Humidity",2,90.5347867801142,5.95709242682552e-05,0.000444269716119515
"CR-Pa","Humidity",2,90.6319310615461,5.10282066985138e-05,0.000380559596523122
"CR-Pa","Humidity",2,90.7290753429779,4.3513589409933e-05,0.000324516872147874
"CR-Pa","Humidity",2,90.8262196244098,3.6937828550255e-05,0.000275475977679904
"CR-Pa","Humidity",2,90.9233639058417,3.13995184618041e-05,0.000234172212781143
"CR-Pa","Precipitation",2,0,3.08083071245531e-07,7.66427726489653e-05
"CR-Pa","Precipitation",2,6.51272015655577,3.89662081596947e-07,9.69374338194526e-05
"CR-Pa","Precipitation",2,13.0254403131115,4.92564061190292e-07,0.000122536675592837
"CR-Pa","Precipitation",2,19.5381604696673,6.21631887421799e-07,0.00015464527546548
"CR-Pa","Precipitation",2,26.0508806262231,7.78956641052609e-07,0.000193783438026093
"CR-Pa","Precipitation",2,32.5636007827789,9.69334502264411e-07,0.000241144323761434
"CR-Pa","Precipitation",2,39.0763209393346,1.19809539974287e-06,0.00029805387541428
"CR-Pa","Precipitation",2,45.5890410958904,1.47112477047295e-06,0.000365976231234597
"CR-Pa","Precipitation",2,52.1017612524462,1.80505174409387e-06,0.000449048270918947
"CR-Pa","Precipitation",2,58.614481409002,2.20747269634661e-06,0.00054915976821088
"CR-Pa","Precipitation",2,65.1272015655577,2.68220109280797e-06,0.000667259410664128
"CR-Pa","Precipitation",2,71.6399217221135,3.23859646497217e-06,0.000805675597698734
"CR-Pa","Precipitation",2,78.1526418786693,3.88664757700016e-06,0.000966893264879435
"CR-Pa","Precipitation",2,84.665362035225,4.63695974614491e-06,0.00115355072957889
"CR-Pa","Precipitation",2,91.1780821917808,5.52544048923855e-06,0.0013745808151354
"CR-Pa","Precipitation",2,97.6908023483366,6.55611040947133e-06,0.0016309837393635
"CR-Pa","Precipitation",2,104.203522504892,7.73366891118072e-06,0.0019239285875257
"CR-Pa","Precipitation",2,110.716242661448,9.07123523734852e-06,0.00225667907402579
"CR-Pa","Precipitation",2,117.228962818004,1.05821079260973e-05,0.00263254351707081
"CR-Pa","Precipitation",2,123.74168297456,1.22796864567627e-05,0.00305485534632371
"CR-Pa","Precipitation",2,130.254403131115,1.42236838868207e-05,0.00353846956264451
"CR-Pa","Precipitation",2,136.767123287671,1.63990240678562e-05,0.00407963562624943
"CR-Pa","Precipitation",2,143.279843444227,1.8808309057039e-05,0.00467900085889911
"CR-Pa","Precipitation",2,149.792563600783,2.14628592864994e-05,0.0053393814792924
"CR-Pa","Precipitation",2,156.305283757339,2.43731331917337e-05,0.00606337926457585
"CR-Pa","Precipitation",2,162.818003913894,2.75486190099152e-05,0.00685335463267694
"CR-Pa","Precipitation",2,169.33072407045,3.1063651150296e-05,0.00772779998308149
"CR-Pa","Precipitation",2,175.843444227006,3.48681971611432e-05,0.0086742685889774
"CR-Pa","Precipitation",2,182.356164383562,3.89592486791102e-05,0.00969201205056755
"CR-Pa","Precipitation",2,188.868884540117,4.3338506148831e-05,0.0107814533926905
"CR-Pa","Precipitation",2,195.381604696673,4.80060521590318e-05,0.0119426131611976
"CR-Pa","Precipitation",2,201.894324853229,5.29605114988765e-05,0.0131751492406618
"CR-Pa","Precipitation",2,208.407045009785,5.82682078082294e-05,0.0144955611668441
"CR-Pa","Precipitation",2,214.91976516634,6.38489939179628e-05,0.0158839104821167
"CR-Pa","Precipitation",2,221.432485322896,6.96947869757155e-05,0.0173381863904517
"CR-Pa","Precipitation",2,227.945205479452,7.57965623384951e-05,0.0188561438036712
"CR-Pa","Precipitation",2,234.457925636008,8.21445365712515e-05,0.0204353488665644
"CR-Pa","Precipitation",2,240.970645792564,8.87336973182258e-05,0.0220745546399818
"CR-Pa","Precipitation",2,247.483365949119,9.55955152922133e-05,0.0237815901898832
"CR-Pa","Precipitation",2,253.996086105675,0.000102665758847859,0.0255404764124121
"CR-Pa","Precipitation",2,260.508806262231,0.000109936030556362,0.0273491242533931
"CR-Pa","Precipitation",2,267.021526418787,0.000117399496132299,0.0292058335266332
"CR-Pa","Precipitation",2,273.534246575342,0.000125051170881622,0.0311093641744722
"CR-Pa","Precipitation",2,280.046966731898,0.000132897165890054,0.0330612364704897
"CR-Pa","Precipitation",2,286.559686888454,0.000140969936179001,0.0350695243501245
"CR-Pa","Precipitation",2,293.07240704501,0.000149239015014417,0.0371266485102966
"CR-Pa","Precipitation",2,299.585127201566,0.000157716546226276,0.0392356300089172
"CR-Pa","Precipitation",2,306.097847358121,0.000166418824113006,0.0414005224286931
"CR-Pa","Precipitation",2,312.610567514677,0.000175366438505427,0.0436264479651287
"CR-Pa","Precipitation",2,319.123287671233,0.000184607061332634,0.0459252661105634
"CR-Pa","Precipitation",2,325.636007827789,0.000194223867707344,0.0483176685934592
"CR-Pa","Precipitation",2,332.148727984344,0.000204208000537413,0.050801452007778
"CR-Pa","Precipitation",2,338.6614481409,0.000214605599616597,0.0533880946918413
"CR-Pa","Precipitation",2,345.174168297456,0.000225467131988589,0.0560901514872391
"CR-Pa","Precipitation",2,351.686888454012,0.000236847224303876,0.0589212120337294
"CR-Pa","Precipitation",2,358.199608610568,0.000248868220303944,0.0619117121599536
"CR-Pa","Precipitation",2,364.712328767123,0.000261669396154558,0.0650963000257896
"CR-Pa","Precipitation",2,371.225048923679,0.000275225927895433,0.0684688000983312
"CR-Pa","Precipitation",2,377.737769080235,0.000289608999809727,0.0720469211105124
"CR-Pa","Precipitation",2,384.250489236791,0.000304891094302131,0.0758486947329518
"CR-Pa","Precipitation",2,390.763209393346,0.000321145574893287,0.0798923718341908
"CR-Pa","Precipitation",2,397.275929549902,0.000338583027656426,0.0842303405589871
"CR-Pa","Precipitation",2,403.788649706458,0.000357334599960256,0.0888952268413877
"CR-Pa","Precipitation",2,410.301369863014,0.000377324331177446,0.0938681337226361
"CR-Pa","Precipitation",2,416.814090019569,0.000398618742635711,0.0991656099179074
"CR-Pa","Precipitation",2,423.326810176125,0.000421280918954211,0.104803349181826
"CR-Pa","Precipitation",2,429.839530332681,0.000445370041632925,0.110796074278059
"CR-Pa","Precipitation",2,436.352250489237,0.000471160953657374,0.117212158740954
"CR-Pa","Precipitation",2,442.864970645793,0.000498678800312375,0.124057858040308
"CR-Pa","Precipitation",2,449.377690802348,0.00052778693974165,0.131299179361512
"CR-Pa","Precipitation",2,455.890410958904,0.000558510927412778,0.138942480216791
"CR-Pa","Precipitation",2,462.40313111546,0.000590868285319012,0.146992119606266
"CR-Pa","Precipitation",2,468.915851272016,0.00062486809466023,0.155450356687948
"CR-Pa","Precipitation",2,475.428571428571,0.000660777689221765,0.164383696909367
"CR-Pa","Precipitation",2,481.941291585127,0.000698447261954851,0.173754872310513
"CR-Pa","Precipitation",2,488.454011741683,0.000737692107090887,0.183517933069564
"CR-Pa","Precipitation",2,494.966731898239,0.000778464093095692,0.19366090535681
"CR-Pa","Precipitation",2,501.479452054794,0.000820703225563073,0.204168864179406
"CR-Pa","Precipitation",2,507.99217221135,0.000864337347122619,0.215023858726511
"CR-Pa","Precipitation",2,514.504892367906,0.00090949640350901,0.226258215997981
"CR-Pa","Precipitation",2,521.017612524462,0.000955866490394273,0.237793845049236
"CR-Pa","Precipitation",2,527.530332681018,0.0010032300627836,0.24957662654321
"CR-Pa","Precipitation",2,534.043052837573,0.00105144192732721,0.261570440283962
"CR-Pa","Precipitation",2,540.555772994129,0.0011003436588743,0.273735874359753
"CR-Pa","Precipitation",2,547.068493150685,0.00114976374427021,0.28603026091588
"CR-Pa","Precipitation",2,553.581213307241,0.00119951686063285,0.298407496609303
"CR-Pa","Precipitation",2,560.093933463796,0.00124926590696626,0.310783719789041
"CR-Pa","Precipitation",2,566.606653620352,0.00129877516658667,0.323100290491109
"CR-Pa","Precipitation",2,573.119373776908,0.00134781249734214,0.335299457998787
"CR-Pa","Precipitation",2,579.632093933464,0.00139613853527251,0.347321675003921
"CR-Pa","Precipitation",2,586.14481409002,0.00144350776817016,0.35910586467995
"CR-Pa","Precipitation",2,592.657534246575,0.00148928569621051,0.370494180555121
"CR-Pa","Precipitation",2,599.170254403131,0.00153340573079581,0.38147005717929
"CR-Pa","Precipitation",2,605.682974559687,0.00157564554680749,0.391978186049301
"CR-Pa","Precipitation",2,612.195694716243,0.0016157636240049,0.401958483432486
"CR-Pa","Precipitation",2,618.708414872798,0.0016535263414001,0.411352830717542
"CR-Pa","Precipitation",2,625.221135029354,0.00168869878455715,0.420102787518143
"CR-Pa","Precipitation",2,631.73385518591,0.00172029690504027,0.427963549080051
"CR-Pa","Precipitation",2,638.246575342466,0.00174880029791827,0.435054425742768
"CR-Pa","Precipitation",2,644.759295499022,0.00177405867824906,0.441338030659284
"CR-Pa","Precipitation",2,651.272015655577,0.00179594324050022,0.446782320481366
"CR-Pa","Precipitation",2,657.784735812133,0.00181434750268678,0.451360805358297
"CR-Pa","Precipitation",2,664.297455968689,0.00182908899670978,0.455028092140213
"CR-Pa","Precipitation",2,670.810176125245,0.00183937647886068,0.45758734069754
"CR-Pa","Precipitation",2,677.3228962818,0.00184602897144523,0.459242301726868
"CR-Pa","Precipitation",2,683.835616438356,0.00184907471213279,0.46
"CR-Pa","Precipitation",2,690.348336594912,0.00184856498713189,0.459873194144685
"CR-Pa","Precipitation",2,696.861056751468,0.00184457326526862,0.458880161226623
"CR-Pa","Precipitation",2,703.373776908024,0.00183703090298963,0.457003824578044
"CR-Pa","Precipitation",2,709.886497064579,0.00182561988880758,0.454165071503709
"CR-Pa","Precipitation",2,716.399217221135,0.00181118816129606,0.450574846289042
"CR-Pa","Precipitation",2,722.911937377691,0.00179390203047947,0.446274522390038
"CR-Pa","Precipitation",2,729.424657534247,0.00177393699819356,0.441307759937845
"CR-Pa","Precipitation",2,735.937377690802,0.00175147610554189,0.43572009463045
"CR-Pa","Precipitation",2,742.450097847358,0.00172655715152361,0.429520929841058
"CR-Pa","Precipitation",2,748.962818003914,0.0016992407897273,0.422725354549343
"CR-Pa","Precipitation",2,755.47553816047,0.00167013253229105,0.415484003871181
"CR-Pa","Precipitation",2,761.988258317025,0.00163941829439884,0.407843128498375
"CR-Pa","Precipitation",2,768.500978473581,0.00160727863132132,0.399847645720608
"CR-Pa","Precipitation",2,775.013698630137,0.00157388792104773,0.391540936086288
"CR-Pa","Precipitation",2,781.526418786693,0.0015393294612286,0.382943721807984
"CR-Pa","Precipitation",2,788.039138943249,0.00150377804588298,0.374099486931113
"CR-Pa","Precipitation",2,794.551859099804,0.00146753895641205,0.36508417724825
"CR-Pa","Precipitation",2,801.06457925636,0.00143074112976195,0.355929868799824
"CR-Pa","Precipitation",2,807.577299412916,0.00139350545274917,0.346666634970769
"CR-Pa","Precipitation",2,814.090019569472,0.00135594511052517,0.337322633179133
"CR-Pa","Precipitation",2,820.602739726027,0.00131815680003506,0.327921919021185
"CR-Pa","Precipitation",2,827.115459882583,0.00128028315624878,0.318499976236843
"CR-Pa","Precipitation",2,833.628180039139,0.00124243822254567,0.309085175748142
"CR-Pa","Precipitation",2,840.140900195695,0.00120470558023137,0.299698310333409
"CR-Pa","Precipitation",2,846.65362035225,0.00116716617896012,0.290359518086956
"CR-Pa","Precipitation",2,853.166340508806,0.00112989885166729,0.281088410520445
"CR-Pa","Precipitation",2,859.679060665362,0.00109304857424818,0.271921053732985
"CR-Pa","Precipitation",2,866.191780821918,0.00105671663211335,0.262882644807505
"CR-Pa","Precipitation",2,872.704500978474,0.00102093886170352,0.253982098885516
"CR-Pa","Precipitation",2,879.217221135029,0.000985791730216916,0.24523843894698
"CR-Pa","Precipitation",2,885.729941291585,0.000951351933352815,0.236670744816756
"CR-Pa","Precipitation",2,892.242661448141,0.000917696350680644,0.22829814206165
"CR-Pa","Precipitation",2,898.755381604697,0.000885067435863143,0.220180946624621
"CR-Pa","Precipitation",2,905.268101761252,0.000853504861466336,0.212329027971867
"CR-Pa","Precipitation",2,911.780821917808,0.000823006257610057,0.204741796541014
"CR-Pa","Precipitation",2,918.293542074364,0.000793643875368174,0.197437226453802
"CR-Pa","Precipitation",2,924.80626223092,0.000765487554339642,0.190432691921941
"CR-Pa","Precipitation",2,931.318982387475,0.000738604317443793,0.183744866443096
"CR-Pa","Precipitation",2,937.831702544031,0.000713331939196293,0.177457779221812
"CR-Pa","Precipitation",2,944.344422700587,0.000689575641328137,0.171547851976769
"CR-Pa","Precipitation",2,950.857142857143,0.000667295803738316,0.166005228293654
"CR-Pa","Precipitation",2,957.369863013699,0.000646532583098687,0.160839898071159
"CR-Pa","Precipitation",2,963.882583170254,0.000627319558165824,0.156060214799777
"CR-Pa","Precipitation",2,970.39530332681,0.000609683390222101,0.151672811088677
"CR-Pa","Precipitation",2,976.908023483366,0.000593989180694525,0.14776851434214
"CR-Pa","Precipitation",2,983.420743639922,0.000579961388684279,0.144278777403782
"CR-Pa","Precipitation",2,989.933463796477,0.000567526028017136,0.141185194505616
"CR-Pa","Precipitation",2,996.446183953033,0.000556664476853981,0.138483133035482
"CR-Pa","Precipitation",2,1002.95890410959,0.000547349372437169,0.136165785876053
"CR-Pa","Precipitation",2,1009.47162426614,0.000539544567307108,0.134224160512691
"CR-Pa","Precipitation",2,1015.9843444227,0.000533531023595479,0.132728152758543
"CR-Pa","Precipitation",2,1022.49706457926,0.000528901968303262,0.131576568444266
"CR-Pa","Precipitation",2,1029.00978473581,0.000525558875216509,0.130744896900755
"CR-Pa","Precipitation",2,1035.52250489237,0.000523419764463779,0.130212743743395
"CR-Pa","Precipitation",2,1042.03522504892,0.000522395672518019,0.129957977242096
"CR-Pa","Precipitation",2,1048.54794520548,0.000522397190078066,0.129958354770174
"CR-Pa","Precipitation",2,1055.06066536204,0.000523495974467945,0.130231702740393
"CR-Pa","Precipitation",2,1061.57338551859,0.000525325580511903,0.130686859459966
"CR-Pa","Precipitation",2,1068.08610567515,0.000527770752282005,0.131295152357418
"CR-Pa","Precipitation",2,1074.5988258317,0.000530714695231253,0.132027526094275
"CR-Pa","Precipitation",2,1081.11154598826,0.000534039819076773,0.132854727374409
"CR-Pa","Precipitation",2,1087.62426614481,0.000537631663315369,0.133748281506599
"CR-Pa","Precipitation",2,1094.13698630137,0.000541351221511356,0.134673607432549
"CR-Pa","Precipitation",2,1100.64970645793,0.000545031564834531,0.135589177754046
"CR-Pa","Precipitation",2,1107.16242661448,0.000548569539590378,0.136469330609424
"CR-Pa","Precipitation",2,1113.67514677104,0.000551868051145342,0.137289911468232
"CR-Pa","Precipitation",2,1120.18786692759,0.000554836653427704,0.138028419783189
"CR-Pa","Precipitation",2,1126.70058708415,0.000557364474542149,0.138657273612088
"CR-Pa","Precipitation",2,1133.2133072407,0.000559277441736505,0.139133168341289
"CR-Pa","Precipitation",2,1139.72602739726,0.00056060796814895,0.139464167486813
"CR-Pa","Precipitation",2,1146.23874755382,0.000561313755093328,0.139639748274481
"CR-Pa","Precipitation",2,1152.75146771037,0.000561362090302154,0.139651772772958
"CR-Pa","Precipitation",2,1159.26418786693,0.000560729779371645,0.139494470839117
"CR-Pa","Precipitation",2,1165.77690802348,0.000559349302043192,0.139151045250675
"CR-Pa","Precipitation",2,1172.28962818004,0.000557152653935616,0.138604578348686
"CR-Pa","Precipitation",2,1178.80234833659,0.000554279873969361,0.137889908045855
"CR-Pa","Precipitation",2,1185.31506849315,0.000550753793322946,0.137012714124643
"CR-Pa","Precipitation",2,1191.82778864971,0.000546603085953573,0.135980129893522
"CR-Pa","Precipitation",2,1198.34050880626,0.000541861605806468,0.134800577302511
"CR-Pa","Precipitation",2,1204.85322896282,0.000536518249626759,0.133471294160766
"CR-Pa","Precipitation",2,1211.36594911937,0.000530610490395093,0.132001602736869
"CR-Pa","Precipitation",2,1217.87866927593,0.000524267942856477,0.130423747689358
"CR-Pa","Precipitation",2,1224.39138943249,0.000517534866282994,0.128748739533398
"CR-Pa","Precipitation",2,1230.90410958904,0.000510454110644123,0.126987238187612
"CR-Pa","Precipitation",2,1237.4168297456,0.000503066528886657,0.125149406765152
"CR-Pa","Precipitation",2,1243.92954990215,0.000495382815664263,0.123237905807884
"CR-Pa","Precipitation",2,1250.44227005871,0.000487449308804999,0.121264262919733
"CR-Pa","Precipitation",2,1256.95499021526,0.000479324312965648,0.119242982729388
"CR-Pa","Precipitation",2,1263.46771037182,0.000471026869701157,0.117178802263006
"CR-Pa","Precipitation",2,1269.98043052838,0.000462571377427793,0.11507530345886
"CR-Pa","Precipitation",2,1276.49315068493,0.000453967668477284,0.112934932336338
"CR-Pa","Precipitation",2,1283.00587084149,0.000445199562729336,0.110753663717179
"CR-Pa","Precipitation",2,1289.51859099804,0.000436270765382217,0.108532419354945
"CR-Pa","Precipitation",2,1296.0313111546,0.000427190268852297,0.106273436320698
"CR-Pa","Precipitation",2,1302.54403131115,0.000417950058234375,0.103974720721834
"CR-Pa","Precipitation",2,1309.05675146771,0.000408541076538103,0.101634019423025
"CR-Pa","Precipitation",2,1315.56947162427,0.000398953770238257,0.0992489557644327
"CR-Pa","Precipitation",2,1322.08219178082,0.000389144630151358,0.0968087058327417
"CR-Pa","Precipitation",2,1328.59491193738,0.000379120844832384,0.0943150579468705
"CR-Pa","Precipitation",2,1335.10763209393,0.000368896276796758,0.0917714607273925
"CR-Pa","Precipitation",2,1341.62035225049,0.000358472478662403,0.0891783004238411
"CR-Pa","Precipitation",2,1348.13307240704,0.000347854849426759,0.0865369201614056
"CR-Pa","Precipitation",2,1354.6457925636,0.000337052890858878,0.0838496837243804
"CR-Pa","Precipitation",2,1361.15851272016,0.000326054227793727,0.0811135125049201
"CR-Pa","Precipitation",2,1367.67123287671,0.000314913074382366,0.0783418935240328
"CR-Pa","Precipitation",2,1374.18395303327,0.000303668810600612,0.0755446234593523
"CR-Pa","Precipitation",2,1380.69667318982,0.000292354533344297,0.072729935927391
"CR-Pa","Precipitation",2,1387.20939334638,0.000281006630058721,0.0699068831447675
"CR-Pa","Precipitation",2,1393.72211350294,0.000269664416214976,0.0670852457420773
"CR-Pa","Precipitation",2,1400.23483365949,0.000258395916934511,0.0642819465378851
"CR-Pa","Precipitation",2,1406.74755381605,0.000247251307741883,0.0615094678516692
"CR-Pa","Precipitation",2,1413.2602739726,0.000236272152289311,0.0587781496009545
"CR-Pa","Precipitation",2,1419.77299412916,0.000225500996478683,0.0560985760605357
"CR-Pa","Precipitation",2,1426.28571428571,0.000214978651833712,0.0534809000386167
"CR-Pa","Precipitation",2,1432.79843444227,0.00020474370985992,0.0509347220626528
"CR-Pa","Precipitation",2,1439.31115459883,0.000194921817577151,0.0484912997279963
"CR-Pa","Precipitation",2,1445.82387475538,0.000185475119772441,0.0461412156769552
"CR-Pa","Precipitation",2,1452.33659491194,0.000176420587279728,0.0438886917960549
"CR-Pa","Precipitation",2,1458.84931506849,0.00016777501061804,0.0417379051143261
"CR-Pa","Precipitation",2,1465.36203522505,0.000159550538474642,0.039691877898044
"CR-Pa","Precipitation",2,1471.8747553816,0.000151759021106925,0.0377535581721656
"CR-Pa","Precipitation",2,1478.38747553816,0.000144502310536691,0.0359482839772373
"CR-Pa","Precipitation",2,1484.90019569472,0.000137667311668326,0.0342479202986809
"CR-Pa","Precipitation",2,1491.41291585127,0.000131242956198633,0.0326497136406869
"CR-Pa","Precipitation",2,1497.92563600783,0.000125215285239022,0.0311501914076329
"CR-Pa","Precipitation",2,1504.43835616438,0.000119567812407559,0.0297452522316078
"CR-Pa","Precipitation",2,1510.95107632094,0.000114293111149762,0.0284330485858242
"CR-Pa","Precipitation",2,1517.46379647749,0.000109425079581015,0.027222013408646
"CR-Pa","Precipitation",2,1523.97651663405,0.000104861878177587,0.0260868117687101
"CR-Pa","Precipitation",2,1530.48923679061,0.0001005823662328,0.0250221844274325
"CR-Pa","Precipitation",2,1537.00195694716,9.65662733726171e-05,0.0240230886615543
"CR-Pa","Precipitation",2,1543.51467710372,9.27944740433885e-05,0.0230847665483045
"CR-Pa","Precipitation",2,1550.02739726027,8.92610650491563e-05,0.0222057495314788
"CR-Pa","Precipitation",2,1556.54011741683,8.59744524305994e-05,0.0213881288076561
"CR-Pa","Precipitation",2,1563.05283757339,8.28795540784063e-05,0.0206182014311864
"CR-Pa","Precipitation",2,1569.56555772994,7.99684906797582e-05,0.0198940072411996
"CR-Pa","Precipitation",2,1576.0782778865,7.72357600505261e-05,0.0192141774424367
"CR-Pa","Precipitation",2,1582.59099804305,7.46782010846091e-05,0.0185779256368162
"CR-Pa","Precipitation",2,1589.10371819961,7.23093608331014e-05,0.0179886219658808
"CR-Pa","Precipitation",2,1595.61643835616,7.01498265816958e-05,0.0174513879919757
"CR-Pa","Precipitation",2,1602.12915851272,6.81749400803136e-05,0.0169600894064318
"CR-Pa","Precipitation",2,1608.64187866928,6.63918313459138e-05,0.016516499965485
"CR-Pa","Precipitation",2,1615.15459882583,6.48086273665859e-05,0.0161226414449437
"CR-Pa","Precipitation",2,1621.66731898239,6.34342336750855e-05,0.0157807293015664
"CR-Pa","Precipitation",2,1628.18003913894,6.2302357095481e-05,0.0154991488855877
"CR-Pa","Precipitation",2,1634.6927592955,6.14378999325841e-05,0.0152840952199227
"CR-Pa","Precipitation",2,1641.20547945205,6.08160572866141e-05,0.0151293975134053
"CR-Pa","Precipitation",2,1647.71819960861,6.04441676975493e-05,0.0150368813971839
"CR-Pa","Precipitation",2,1654.23091976517,6.03282505977864e-05,0.0150080443439588
"CR-Pa","Precipitation",2,1660.74363992172,6.04728133202332e-05,0.0150440076567926
"CR-Pa","Precipitation",2,1667.25636007828,6.09141449307862e-05,0.0151537990781572
"CR-Pa","Precipitation",2,1673.76908023483,6.16507422440744e-05,0.0153370446560072
"CR-Pa","Precipitation",2,1680.28180039139,6.26437078000236e-05,0.0155840677496332
"CR-Pa","Precipitation",2,1686.79452054795,6.38852122292259e-05,0.0158929206227409
"CR-Pa","Precipitation",2,1693.3072407045,6.53648145703052e-05,0.0162610058452744
"CR-Pa","Precipitation",2,1699.81996086106,6.70694425519638e-05,0.0166850713881202
"CR-Pa","Precipitation",2,1706.33268101761,6.90103072603972e-05,0.0171679062676528
"CR-Pa","Precipitation",2,1712.84540117417,7.11475637778609e-05,0.0176995981412057
"CR-Pa","Precipitation",2,1719.35812133072,7.34354660985849e-05,0.0182687666343052
"CR-Pa","Precipitation",2,1725.87084148728,7.5847764691893e-05,0.0188688815705167
"CR-Pa","Precipitation",2,1732.38356164384,7.83565017083151e-05,0.0194929877896878
"CR-Pa","Precipitation",2,1738.89628180039,8.09322165360711e-05,0.0201337562848673
"CR-Pa","Precipitation",2,1745.40900195695,8.3541706911121e-05,0.0207829272267696
"CR-Pa","Precipitation",2,1751.9217221135,8.61360943110151e-05,0.0214283409551174
"CR-Pa","Precipitation",2,1758.43444227006,8.86813533716543e-05,0.0220615328754934
"CR-Pa","Precipitation",2,1764.94716242661,9.11465562262276e-05,0.0226748089674019
"CR-Pa","Precipitation",2,1771.45988258317,9.35018430158284e-05,0.0232607409019568
"CR-Pa","Precipitation",2,1777.97260273973,9.57187129765908e-05,0.0238122384565226
"CR-Pa","Precipitation",2,1784.48532289628,9.77304132792052e-05,0.0243126953245608
"CR-Pa","Precipitation",2,1790.99804305284,9.95296213776431e-05,0.0247602898537871
"CR-Pa","Precipitation",2,1797.51076320939,0.000101108669842487,0.0251531145942166
"CR-Pa","Precipitation",2,1804.02348336595,0.000102453340714033,0.0254876325003089
"CR-Pa","Precipitation",2,1810.5362035225,0.000103552765198721,0.0257611397088811
"CR-Pa","Precipitation",2,1817.04892367906,0.000104399522337355,0.0259717900851021
"CR-Pa","Precipitation",2,1823.56164383562,0.000104933864668161,0.0261047200692493
"CR-Pa","Precipitation",2,1830.07436399217,0.000105208173600847,0.0261729607456306
"CR-Pa","Precipitation",2,1836.58708414873,0.00010523936538447,0.0261807204215227
"CR-Pa","Precipitation",2,1843.09980430528,0.000105038693180547,0.0261307985805074
"CR-Pa","Precipitation",2,1849.61252446184,0.000104620155857539,0.0260266777641228
"CR-Pa","Precipitation",2,1856.1252446184,0.000104000289383826,0.0258724716760523
"CR-Pa","Precipitation",2,1862.63796477495,0.000103162053613554,0.0256639411868323
"CR-Pa","Precipitation",2,1869.15068493151,0.000102176234790958,0.0254186960080309
"CR-Pa","Precipitation",2,1875.66340508806,0.00010106754389537,0.0251428835659354
"CR-Pa","Precipitation",2,1882.17612524462,9.98590132213906e-05,0.0248422336752723
"CR-Pa","Precipitation",2,1888.68884540117,9.85734792333007e-05,0.0245224274334579
"CR-Pa","Precipitation",2,1895.20156555773,9.72329234428276e-05,0.0241889332487333
"CR-Pa","Precipitation",2,1901.71428571429,9.58593439338184e-05,0.023847223652037
"CR-Pa","Precipitation",2,1908.22700587084,9.44832662294442e-05,0.0235048925716005
"CR-Pa","Precipitation",2,1914.7397260274,9.31198059761865e-05,0.0231657003732631
"CR-Pa","Precipitation",2,1921.25244618395,9.17817468077075e-05,0.0228328272808663
"CR-Pa","Precipitation",2,1927.76516634051,9.04794496624653e-05,0.0225088508169188
"CR-Pa","Precipitation",2,1934.27788649706,8.92225568444978e-05,0.0221961697270357
"CR-Pa","Precipitation",2,1940.79060665362,8.80251199426442e-05,0.0218982796681655
"CR-Pa","Precipitation",2,1947.30332681018,8.68763002813e-05,0.0216124842696611
"CR-Pa","Precipitation",2,1953.81604696673,8.57725927092397e-05,0.0213379115442777
"CR-Pa","Precipitation",2,1960.32876712329,8.47084163364645e-05,0.0210731731168553
"CR-Pa","Precipitation",2,1966.84148727984,8.36762810226494e-05,0.0208164056421613
"CR-Pa","Precipitation",2,1973.3542074364,8.26673558345863e-05,0.0205654122217961
"CR-Pa","Precipitation",2,1979.86692759295,8.16664018822744e-05,0.0203164018302514
"CR-Pa","Precipitation",2,1986.37964774951,8.06562638901114e-05,0.0200651066968823
"CR-Pa","Precipitation",2,1992.89236790607,7.96239194176119e-05,0.0198082871891394
"CR-Pa","Precipitation",2,1999.40508806262,7.85564190203822e-05,0.0195427218339357
"CR-Pa","Precipitation",2,2005.91780821918,7.74410964317569e-05,0.0192652596051781
"CR-Pa","Precipitation",2,2012.43052837573,7.62594500623492e-05,0.0189712978056029
"CR-Pa","Precipitation",2,2018.94324853229,7.49894791480316e-05,0.0186553632374901
"CR-Pa","Precipitation",2,2025.45596868885,7.36335275304696e-05,0.0183180389855354
"CR-Pa","Precipitation",2,2031.9686888454,7.21850341960581e-05,0.0179576928462165
"CR-Pa","Precipitation",2,2038.48140900196,7.06391021394133e-05,0.0175731065764511
"CR-Pa","Precipitation",2,2044.99412915851,6.89925555788949e-05,0.0171634901272786
"CR-Pa","Precipitation",2,2051.50684931507,6.72333055445261e-05,0.0167258360884777
"CR-Pa","Precipitation",2,2058.01956947162,6.53598962175457e-05,0.0162597822915399
"CR-Pa","Precipitation",2,2064.53228962818,6.33923376848318e-05,0.0157703067072871
"CR-Pa","Precipitation",2,2071.04500978474,6.13371231384326e-05,0.0152590246670643
"CR-Pa","Precipitation",2,2077.55772994129,5.9202217095382e-05,0.0147279175282562
"CR-Pa","Precipitation",2,2084.07045009785,5.69969576735933e-05,0.0141793083631604
"CR-Pa","Precipitation",2,2090.5831702544,5.47265774161235e-05,0.0136144988875977
"CR-Pa","Precipitation",2,2097.09589041096,5.24100459700199e-05,0.0130382082389745
"CR-Pa","Precipitation",2,2103.60861056751,5.00680304182328e-05,0.012455577831045
"CR-Pa","Precipitation",2,2110.12133072407,4.77143068106483e-05,0.0118700347740854
"CR-Pa","Precipitation",2,2116.63405088063,4.53628009890728e-05,0.0112850434425686
"CR-Pa","Precipitation",2,2123.14677103718,4.30274491036017e-05,0.0107040707753919
"CR-Pa","Precipitation",2,2129.65949119374,4.07297857093177e-05,0.0101324739900184
"CR-Pa","Precipitation",2,2136.17221135029,3.84871578983632e-05,0.00957456857588331
"CR-Pa","Precipitation",2,2142.68493150685,3.63078877334269e-05,0.009032424838103
"CR-Pa","Precipitation",2,2149.1976516634,3.42026040265866e-05,0.00850868693892991
"CR-Pa","Precipitation",2,2155.71037181996,3.21808628297587e-05,0.00800573216677354
"CR-Pa","Precipitation",2,2162.22309197652,3.02510701436812e-05,0.00752565170827669
"CR-Pa","Precipitation",2,2168.73581213307,2.84393742657321e-05,0.0070749505557552
"CR-Pa","Precipitation",2,2175.24853228963,2.67423931744035e-05,0.00665278735332259
"CR-Pa","Precipitation",2,2181.76125244618,2.51546358547781e-05,0.00625779608431906
"CR-Pa","Precipitation",2,2188.27397260274,2.36770222314051e-05,0.00589020560120244
"CR-Pa","Precipitation",2,2194.7866927593,2.23091370516634e-05,0.00554991260030178
"CR-Pa","Precipitation",2,2201.29941291585,2.10492642073016e-05,0.00523649016009223
"CR-Pa","Precipitation",2,2207.81213307241,1.991397508772e-05,0.00495406079605362
"CR-Pa","Precipitation",2,2214.32485322896,1.8880832480228e-05,0.00469704273381527
"CR-Pa","Precipitation",2,2220.83757338552,1.79377669585035e-05,0.00446243342509086
"CR-Pa","Precipitation",2,2227.35029354207,1.70776736850031e-05,0.00424846537760519
"CR-Pa","Precipitation",2,2233.86301369863,1.62929127566099e-05,0.0040532379891756
"CR-Pa","Precipitation",2,2240.37573385519,1.55754163017904e-05,0.00387474419060093
"CR-Pa","Precipitation",2,2246.88845401174,1.49269668156699e-05,0.00371342741867266
"CR-Pa","Precipitation",2,2253.4011741683,1.43250121081949e-05,0.00356367729574816
"CR-Pa","Precipitation",2,2259.91389432485,1.37598271826173e-05,0.00342307450449273
"CR-Pa","Precipitation",2,2266.42661448141,1.32238297886524e-05,0.003289732785196
"CR-Pa","Precipitation",2,2272.93933463796,1.27099307810136e-05,0.00316188854939378
"CR-Pa","Precipitation",2,2279.45205479452,1.22116071987057e-05,0.00303791906002834
"CR-Pa","Precipitation",2,2285.96477495108,1.17235800654191e-05,0.00291651104993616
"CR-Pa","Precipitation",2,2292.47749510763,1.12379852619116e-05,0.00279570813799984
"CR-Pa","Precipitation",2,2298.99021526419,1.07516482801236e-05,0.00267472059209129
"CR-Pa","Precipitation",2,2305.50293542074,1.02622401078782e-05,0.00255296901669215
"CR-Pa","Precipitation",2,2312.0156555773,9.76819888160728e-06,0.00243006486220156
"CR-Pa","Precipitation",2,2318.52837573386,9.26862587361468e-06,0.00230578454936794
"CR-Pa","Precipitation",2,2325.04109589041,8.76269637112526e-06,0.00217992291185915
"CR-Pa","Precipitation",2,2331.55381604697,8.25309954784026e-06,0.00205314894368307
"CR-Pa","Precipitation",2,2338.06653620352,7.74162237638161e-06,0.00192590719551185
"CR-Pa","Precipitation",2,2344.57925636008,7.23038774037993e-06,0.00179872578363179
"CR-Pa","Precipitation",2,2351.09197651663,6.72179402848973e-06,0.00167220136256086
"CR-Pa","Precipitation",2,2357.60469667319,6.21881893314319e-06,0.00154707470199854
"CR-Pa","Precipitation",2,2364.11741682975,5.72689799304368e-06,0.00142469801761634
"CR-Pa","Precipitation",2,2370.6301369863,5.24755689800692e-06,0.00130545085995954
"CR-Pa","Precipitation",2,2377.14285714286,4.78332234650796e-06,0.00118996180357457
"CR-Pa","Precipitation",2,2383.65557729941,4.3365286046177e-06,0.00107881155100719
"CR-Pa","Precipitation",2,2390.16829745597,3.90928940582702e-06,0.000972525942235313
"CR-Pa","Precipitation",2,2396.68101761252,3.50495852854304e-06,0.000871939307022449
"CR-Pa","Precipitation",2,2403.19373776908,3.12852531616066e-06,0.000778292859661668
"CR-Pa","Precipitation",2,2409.70645792564,2.77665213111686e-06,0.000690756285796866
"CR-Pa","Precipitation",2,2416.21917808219,2.44984031015358e-06,0.000609454304510396
"CR-Pa","Precipitation",2,2422.73189823875,2.14830411788637e-06,0.000534440219069289
"CR-Pa","Precipitation",2,2429.2446183953,1.87198286443578e-06,0.000465698931465685
"CR-Pa","Precipitation",2,2435.75733855186,1.62263515038596e-06,0.000403667934172657
"CR-Pa","Precipitation",2,2442.27005870841,1.40118698994426e-06,0.000348577594591036
"CR-Pa","Precipitation",2,2448.78277886497,1.20242396328352e-06,0.000299130705471841
"CR-Pa","Precipitation",2,2455.29549902153,1.02519690187734e-06,0.000255041384628331
"CR-Pa","Precipitation",2,2461.80821917808,8.68257149604679e-07,0.000215999000039037
"CR-Pa","Precipitation",2,2468.32093933464,7.30275973984969e-07,0.000181672998840385
"CR-Pa","Precipitation",2,2474.83365949119,6.11576074800817e-07,0.000152143660049239
"CR-Pa","Precipitation",2,2481.34637964775,5.10570891367772e-07,0.000127016290087206
"CR-Pa","Precipitation",2,2487.85909980431,4.23346643831697e-07,0.000105317245909421
"CR-Pa","Precipitation",2,2494.37181996086,3.48552868169382e-07,8.67105684296447e-05
"CR-Pa","Precipitation",2,2500.88454011742,2.84890220993435e-07,7.08730159993498e-05
"CR-Pa","Precipitation",2,2507.39726027397,2.31117719401807e-07,5.74958654873414e-05
"CR-Pa","Precipitation",2,2513.90998043053,1.87017768632523e-07,4.65249851758195e-05
"CR-Pa","Precipitation",2,2520.42270058708,1.50914328537826e-07,3.7543421405254e-05
"CR-Pa","Precipitation",2,2526.93542074364,1.20869980012597e-07,3.00691964694403e-05
"CR-Pa","Precipitation",2,2533.4481409002,9.60618715506661e-08,2.38976070698289e-05
"CR-Pa","Precipitation",2,2539.96086105675,7.57429192094428e-08,1.88427988375635e-05
"CR-Pa","Precipitation",2,2546.47358121331,5.9239925419105e-08,1.47372983438602e-05
"CR-Pa","Precipitation",2,2552.98630136986,4.63401513236696e-08,1.15281818895792e-05
"CR-Pa","Precipitation",2,2559.49902152642,3.61429962684196e-08,8.99140428149398e-06
"CR-Pa","Precipitation",2,2566.01174168297,2.79566318515674e-08,6.95485724148365e-06
"CR-Pa","Precipitation",2,2572.52446183953,2.14419284769963e-08,5.3341744574732e-06
"CR-Pa","Precipitation",2,2579.03718199609,1.63040885942393e-08,4.05601823665602e-06
"CR-Pa","Precipitation",2,2585.54990215264,1.22893305465268e-08,3.05725453617925e-06
"CR-Pa","Precipitation",2,2592.0626223092,9.29973827884426e-09,2.31352447805319e-06
"CR-Pa","Precipitation",2,2598.57534246575,7.01046390101825e-09,1.74401465409085e-06
"CR-Pa","Precipitation",2,2605.08806262231,5.23620059461641e-09,1.30262571745699e-06
"CR-Pa","Precipitation",2,2611.60078277886,3.87471530547046e-09,9.63924837012434e-07
"CR-Pa","Precipitation",2,2618.11350293542,2.84045018737939e-09,7.06627524361864e-07
"CR-Pa","Precipitation",2,2624.62622309198,2.06269993935513e-09,5.13144204437761e-07
"CR-Pa","Precipitation",2,2631.13894324853,1.5113162999462e-09,3.75974801566226e-07
"CR-Pa","Precipitation",2,2637.65166340509,1.10109245413668e-09,2.73922154458894e-07
"CR-Pa","Precipitation",2,2644.16438356164,7.9402268175445e-10,1.97531463282927e-07
"CR-Pa","Precipitation",2,2650.6771037182,5.66757371362034e-10,1.40993973426755e-07
"CR-Pa","Precipitation",2,2657.18982387476,4.00437015335147e-10,9.96179472065266e-08
"CR-Pa","Precipitation",2,2663.70254403131,2.8006821323349e-10,6.96734303065595e-08
"CR-Pa","Precipitation",2,2670.21526418787,1.98881576098625e-10,4.94763810272679e-08
"CR-Pa","Precipitation",2,2676.72798434442,1.40030731170477e-10,3.48358754331358e-08
"CR-Pa","Precipitation",2,2683.24070450098,9.74746500592069e-11,2.42490683221323e-08
"CR-Pa","Precipitation",2,2689.75342465753,6.70944431353421e-11,1.66912908600964e-08
"CR-Pa","Precipitation",2,2696.26614481409,4.56758406896321e-11,1.13629192911281e-08
"CR-Pa","Precipitation",2,2702.77886497065,3.07583373077135e-11,7.65184611995934e-09
"CR-Pa","Precipitation",2,2709.2915851272,2.11928110908932e-11,5.27220075957148e-09
"CR-Pa","Precipitation",2,2715.80430528376,1.44187551426801e-11,3.58699803859333e-09
"CR-Pa","Precipitation",2,2722.31702544031,9.68639485162913e-12,2.40971422220684e-09
"CR-Pa","Precipitation",2,2728.82974559687,6.42791730584107e-12,1.59909274692117e-09
"CR-Pa","Precipitation",2,2735.34246575342,4.2150650387774e-12,1.04859468636677e-09
"CR-Pa","Precipitation",2,2741.85518590998,2.74106184798e-12,6.81902381660094e-10
"CR-Pa","Precipitation",2,2748.36790606654,1.82869636738747e-12,4.54930416536803e-10
"CR-Pa","Precipitation",2,2754.88062622309,1.20204991856479e-12,2.99037653217388e-10
"CR-Pa","Precipitation",2,2761.39334637965,7.79143355511118e-13,1.93829887555877e-10
"CR-Pa","Precipitation",2,2767.9060665362,4.98327438528739e-13,1.23970448689343e-10
"CR-Pa","Precipitation",2,2774.41878669276,3.14667813095527e-13,7.82808791197982e-11
"CR-Pa","Precipitation",2,2780.93150684931,1.97922118047328e-13,4.92376936985728e-11
"CR-Pa","Precipitation",2,2787.44422700587,1.27778292470648e-13,3.17877985950614e-11
"CR-Pa","Precipitation",2,2793.95694716243,8.11320497343827e-14,2.01834694038777e-11
"CR-Pa","Precipitation",2,2800.46966731898,5.07260505454831e-14,1.26192755207863e-11
"CR-Pa","Precipitation",2,2806.98238747554,3.12600358945458e-14,7.77665521957471e-12
"CR-Pa","Precipitation",2,2813.49510763209,1.90020296012089e-14,4.72719331414900e-12
"CR-Pa","Precipitation",2,2820.00782778865,1.15741345110743e-14,2.87933302000177e-12
"CR-Pa","Precipitation",2,2826.52054794521,7.23007825081048e-15,1.79864879096025e-12
"CR-Pa","Precipitation",2,2833.03326810176,4.4333948742529e-15,1.10290927066114e-12
"CR-Pa","Precipitation",2,2839.54598825832,2.67303892550524e-15,6.6498011014068e-13
"CR-Pa","Precipitation",2,2846.05870841487,1.58675736846713e-15,3.9474250808015e-13
"CR-Pa","Precipitation",2,2852.57142857143,9.2829435106437e-16,2.30934639194257e-13
"CR-Pa","Precipitation",2,2859.08414872798,5.48362213158905e-16,1.36417753375766e-13
"CR-Pa","Precipitation",2,2865.59686888454,3.31483908238969e-16,8.2464270799554e-14
"CR-Pa","Precipitation",2,2872.1095890411,1.96335647896235e-16,4.88430226424418e-14
"CR-Pa","Precipitation",2,2878.62230919765,1.14198741484399e-16,2.84095719540895e-14
"CR-Pa","Precipitation",2,2885.13502935421,6.53442332859182e-17,1.62558857758927e-14
"CR-Pa","Precipitation",2,2891.64774951076,3.68438235457552e-17,9.16575123754669e-15
"CR-Pa","Precipitation",2,2898.16046966732,2.12056519239118e-17,5.27539521307288e-15
"CR-Pa","Precipitation",2,2904.67318982387,1.24467522101843e-17,3.09641680734511e-15
"CR-Pa","Precipitation",2,2911.18590998043,7.22590951444507e-18,1.79761172160037e-15
"CR-Pa","Precipitation",2,2917.69863013699,4.13309129721452e-18,1.02820182669944e-15
"CR-Pa","Precipitation",2,2924.21135029354,2.31031645729824e-18,5.74744526753806e-16
"CR-Pa","Precipitation",2,2930.7240704501,1.3292960365121e-18,3.30693061120428e-16
"CR-Pa","Precipitation",2,2937.23679060665,7.66366892457267e-19,1.90651447568456e-16
"CR-Pa","Precipitation",2,2943.74951076321,4.64110453533265e-19,1.15458184152578e-16
"CR-Pa","Precipitation",2,2950.26223091976,2.78955683379154e-19,6.93966628348956e-17
"CR-Pa","Precipitation",2,2956.77495107632,1.81535968443762e-19,4.51612608923797e-17
"CR-Pa","Precipitation",2,2963.28767123288,1.42789717818066e-19,3.55222370222937e-17
"CR-Pa","Precipitation",2,2969.80039138943,1.19422455881502e-19,2.97090914418096e-17
"CR-Pa","Precipitation",2,2976.31311154599,8.56467072382114e-20,2.13065946286912e-17
"CR-Pa","Precipitation",2,2982.82583170254,5.18709585949217e-20,1.2904097815573e-17
"CR-Pa","Precipitation",2,2989.3385518591,2.56160004571576e-20,6.37257117463963e-18
"CR-Pa","Precipitation",2,2995.85127201566,2.9233065847726e-20,7.27239965033293e-18
"CR-Pa","Precipitation",2,3002.36399217221,5.71430105798548e-20,1.42156423936025e-17
"CR-Pa","Precipitation",2,3008.87671232877,6.6484720419129e-20,1.653960826576e-17
"CR-Pa","Precipitation",2,3015.38943248532,4.3967554656937e-20,1.09379437236815e-17
"CR-Pa","Precipitation",2,3021.90215264188,5.02611777549371e-20,1.25036276877117e-17
"CR-Pa","Precipitation",2,3028.41487279843,3.95908046007571e-20,9.84912615853265e-18
"CR-Pa","Precipitation",2,3034.92759295499,2.2089346575351e-20,5.49523464789657e-18
"CR-Pa","Precipitation",2,3041.44031311155,1.08307636942543e-20,2.69440237685711e-18
"CR-Pa","Precipitation",2,3047.9530332681,0,0
"CR-Pa","Precipitation",2,3054.46575342466,0,0
"CR-Pa","Precipitation",2,3060.97847358121,0,0
"CR-Pa","Precipitation",2,3067.49119373777,3.54925675899642e-20,8.82959513980474e-18
"CR-Pa","Precipitation",2,3074.00391389432,4.85443588082597e-20,1.20765293610245e-17
"CR-Pa","Precipitation",2,3080.51663405088,1.10419021880201e-20,2.74692794896892e-18
"CR-Pa","Precipitation",2,3087.02935420744,0,0
"CR-Pa","Precipitation",2,3093.54207436399,0,0
"CR-Pa","Precipitation",2,3100.05479452055,0,0
"CR-Pa","Precipitation",2,3106.5675146771,0,0
"CR-Pa","Precipitation",2,3113.08023483366,0,0
"CR-Pa","Precipitation",2,3119.59295499022,0,0
"CR-Pa","Precipitation",2,3126.10567514677,0,0
"CR-Pa","Precipitation",2,3132.61839530333,0,0
"CR-Pa","Precipitation",2,3139.13111545988,0,0
"CR-Pa","Precipitation",2,3145.64383561644,0,0
"CR-Pa","Precipitation",2,3152.15655577299,0,0
"CR-Pa","Precipitation",2,3158.66927592955,0,0
"CR-Pa","Precipitation",2,3165.18199608611,0,0
"CR-Pa","Precipitation",2,3171.69471624266,0,0
"CR-Pa","Precipitation",2,3178.20743639922,0,0
"CR-Pa","Precipitation",2,3184.72015655577,0,0
"CR-Pa","Precipitation",2,3191.23287671233,4.17115376172419e-21,1.03767074299556e-18
"CR-Pa","Precipitation",2,3197.74559686888,1.16753176693174e-20,2.90450466530437e-18
"CR-Pa","Precipitation",2,3204.25831702544,4.16734788220679e-22,1.03672394264914e-19
"CR-Pa","Precipitation",2,3210.771037182,0,0
"CR-Pa","Precipitation",2,3217.28375733855,3.4191615271613e-20,8.50595323257685e-18
"CR-Pa","Precipitation",2,3223.79647749511,2.9194270452552e-20,7.26274840062251e-18
"CR-Pa","Precipitation",2,3230.30919765166,0,0
"CR-Pa","Precipitation",2,3236.82191780822,0,0
"CR-Pa","Precipitation",2,3243.33463796477,0,0
"CR-Pa","Precipitation",2,3249.84735812133,0,0
"CR-Pa","Precipitation",2,3256.36007827789,4.16838266206873e-21,1.0369813680162e-18
"CR-Pa","Precipitation",2,3262.87279843444,3.75485305345169e-21,9.3410633613367e-19
"CR-Pa","Precipitation",2,3269.385518591,0,0
"CR-Pa","Precipitation",2,3275.89823874755,0,0
"CR-Pa","Precipitation",2,3282.41095890411,0,0
"CR-Pa","Precipitation",2,3288.92367906067,0,0
"CR-Pa","Precipitation",2,3295.43639921722,0,0
"CR-Pa","Precipitation",2,3301.94911937378,0,0
"CR-Pa","Precipitation",2,3308.46183953033,0,0
"CR-Pa","Precipitation",2,3314.97455968689,0,0
"CR-Pa","Precipitation",2,3321.48727984344,0,0
"CR-Pa","Precipitation",2,3328,0,0
"CR-Pa","WetDays",2,0,5.21683628560335e-07,2.5374475824869e-05
"CR-Pa","WetDays",2,0.610567514677104,6.17448377974286e-07,3.00324336097142e-05
"CR-Pa","WetDays",2,1.22113502935421,7.34707197761702e-07,3.5735854083459e-05
"CR-Pa","WetDays",2,1.83170254403131,8.70075805291028e-07,4.23201271392921e-05
"CR-Pa","WetDays",2,2.44227005870841,1.02541781789823e-06,4.98758983532857e-05
"CR-Pa","WetDays",2,3.05283757338552,1.20513501540969e-06,5.86172684747758e-05
"CR-Pa","WetDays",2,3.66340508806262,1.422706950834e-06,6.91998773843738e-05
"CR-Pa","WetDays",2,4.27397260273973,1.67202099909244e-06,8.13264095276044e-05
"CR-Pa","WetDays",2,4.88454011741683,1.95613288335051e-06,9.51454940148044e-05
"CR-Pa","WetDays",2,5.49510763209393,2.2829402056644e-06,0.000111041266942025
"CR-Pa","WetDays",2,6.10567514677104,2.67420577371967e-06,0.000130072262269827
"CR-Pa","WetDays",2,6.71624266144814,3.1192776788825e-06,0.000151720375569929
"CR-Pa","WetDays",2,7.32681017612524,3.62298421579493e-06,0.000176220453095814
"CR-Pa","WetDays",2,7.93737769080235,4.19899436322434e-06,0.000204237348318617
"CR-Pa","WetDays",2,8.54794520547945,4.88112306386295e-06,0.000237415806058549
"CR-Pa","WetDays",2,9.15851272015655,5.65145677415229e-06,0.000274884518969401
"CR-Pa","WetDays",2,9.76908023483366,6.51734160589067e-06,0.000317000798889282
"CR-Pa","WetDays",2,10.3796477495108,7.50159935080905e-06,0.00036487468832452
"CR-Pa","WetDays",2,10.9902152641879,8.65474902250804e-06,0.000420963411192306
"CR-Pa","WetDays",2,11.600782778865,9.94771264237343e-06,0.000483852626645068
"CR-Pa","WetDays",2,12.2113502935421,1.13912399598841e-05,0.000554065198049302
"CR-Pa","WetDays",2,12.8219178082192,1.30220806464133e-05,0.000633388614213899
"CR-Pa","WetDays",2,13.4324853228963,1.49127079447092e-05,0.000725347943677308
"CR-Pa","WetDays",2,14.0430528375734,1.70175607021001e-05,0.000827727110826403
"CR-Pa","WetDays",2,14.6536203522505,1.93517422239431e-05,0.000941260734184128
"CR-Pa","WetDays",2,15.2641878669276,2.19723032610334e-05,0.00106872373866204
"CR-Pa","WetDays",2,15.8747553816047,2.49788895946871e-05,0.00121496285383077
"CR-Pa","WetDays",2,16.4853228962818,2.8302601042229e-05,0.00137662680331532
"CR-Pa","WetDays",2,17.0958904109589,3.19637609153928e-05,0.00155470410458879
"CR-Pa","WetDays",2,17.706457925636,3.60476905143905e-05,0.00175334475038826
"CR-Pa","WetDays",2,18.3170254403131,4.06853491132689e-05,0.00197891854561351
"CR-Pa","WetDays",2,18.9275929549902,4.57762064735367e-05,0.0022265357410629
"CR-Pa","WetDays",2,19.5381604696673,5.13463588614424e-05,0.00249746564832834
"CR-Pa","WetDays",2,20.1487279843444,5.75185954970733e-05,0.00279768068426572
"CR-Pa","WetDays",2,20.7592954990215,6.44568026346728e-05,0.0031351522084667
"CR-Pa","WetDays",2,21.3698630136986,7.20195433362308e-05,0.00350300078679187
"CR-Pa","WetDays",2,21.9804305283757,8.02386193346546e-05,0.00390277324237056
"CR-Pa","WetDays",2,22.5909980430528,8.92838056047753e-05,0.00434272735972709
"CR-Pa","WetDays",2,23.2015655577299,9.93492939421333e-05,0.00483230854744161
"CR-Pa","WetDays",2,23.812133072407,0.000110243389206678,0.00536219283322391
"CR-Pa","WetDays",2,24.4227005870841,0.000122002559905773,0.00593415403018176
"CR-Pa","WetDays",2,25.0332681017613,0.000134851822824269,0.00655913686162029
"CR-Pa","WetDays",2,25.6438356164384,0.000149007181459476,0.00724764764826819
"CR-Pa","WetDays",2,26.2544031311155,0.000164218689232955,0.00798752909197603
"CR-Pa","WetDays",2,26.8649706457926,0.000180525145425092,0.00878066837368687
"CR-Pa","WetDays",2,27.4755381604697,0.000198211520225131,0.0096409263254874
"CR-Pa","WetDays",2,28.0861056751468,0.000217500206555622,0.010579120047106
"CR-Pa","WetDays",2,28.6966731898239,0.000238078283678548,0.0115800292033295
"CR-Pa","WetDays",2,29.307240704501,0.00025998305072168,0.0126454680082988
"CR-Pa","WetDays",2,29.9178082191781,0.000283557784747273,0.0137921333162766
"CR-Pa","WetDays",2,30.5283757338552,0.000309009071671138,0.0150300733807246
"CR-Pa","WetDays",2,31.1389432485323,0.000335961758378829,0.0163410409093912
"CR-Pa","WetDays",2,31.7495107632094,0.000364446373977721,0.0177265208254265
"CR-Pa","WetDays",2,32.3600782778865,0.000394853586564864,0.0192055150634158
"CR-Pa","WetDays",2,32.9706457925636,0.000427347157596127,0.0207859889128096
"CR-Pa","WetDays",2,33.5812133072407,0.000461498005508234,0.0224470720239203
"CR-Pa","WetDays",2,34.1917808219178,0.000497323605049781,0.0241896143612888
"CR-Pa","WetDays",2,34.8023483365949,0.000535239531208879,0.0260338293203754
"CR-Pa","WetDays",2,35.412915851272,0.000575338943777741,0.0279842481549246
"CR-Pa","WetDays",2,36.0234833659491,0.000617156163257012,0.030018220406782
"CR-Pa","WetDays",2,36.6340508806262,0.000660689162531981,0.0321356474779269
"CR-Pa","WetDays",2,37.2446183953033,0.000706343583797381,0.0343562596368597
"CR-Pa","WetDays",2,37.8551859099804,0.000754119384587353,0.0366800548180587
"CR-Pa","WetDays",2,38.4657534246575,0.000803540870726386,0.0390838954536652
"CR-Pa","WetDays",2,39.0763209393346,0.000854581132898985,0.0415664726857084
"CR-Pa","WetDays",2,39.6868884540117,0.000907590292400639,0.0441448162691237
"CR-Pa","WetDays",2,40.2974559686888,0.000962464533974279,0.0468138766727651
"CR-Pa","WetDays",2,40.9080234833659,0.00101875245966387,0.0495516980868357
"CR-Pa","WetDays",2,41.5185909980431,0.00107639938737403,0.0523556207968431
"CR-Pa","WetDays",2,42.1291585127202,0.0011356481424918,0.0552374557291342
"CR-Pa","WetDays",2,42.7397260273973,0.00119629870697618,0.0581874740889599
"CR-Pa","WetDays",2,43.3502935420744,0.00125796252070856,0.0611867764729346
"CR-Pa","WetDays",2,43.9608610567515,0.00132055802383337,0.0642313958434318
"CR-Pa","WetDays",2,44.5714285714286,0.00138417021264113,0.0673254663848512
"CR-Pa","WetDays",2,45.1819960861057,0.00144853190017182,0.0704559922340183
"CR-Pa","WetDays",2,45.7925636007828,0.00151335491754218,0.0736089569756923
"CR-Pa","WetDays",2,46.4031311154599,0.00157853628683376,0.0767793518065309
"CR-Pa","WetDays",2,47.013698630137,0.00164396322843879,0.0799616911730806
"CR-Pa","WetDays",2,47.6242661448141,0.0017093505931449,0.0831421055356431
"CR-Pa","WetDays",2,48.2348336594912,0.00177454102233672,0.0863129410362813
"CR-Pa","WetDays",2,48.8454011741683,0.00183942005717345,0.0894686304443395
"CR-Pa","WetDays",2,49.4559686888454,0.0019036572501874,0.0925931009317273
"CR-Pa","WetDays",2,50.0665362035225,0.00196701208411158,0.0956746538381006
"CR-Pa","WetDays",2,50.6771037181996,0.00202947546674892,0.0987128469227577
"CR-Pa","WetDays",2,51.2876712328767,0.00209093474250668,0.101702200664283
"CR-Pa","WetDays",2,51.8982387475538,0.00215084925825492,0.104616417918154
"CR-Pa","WetDays",2,52.5088062622309,0.00220908748406068,0.107449101122857
"CR-Pa","WetDays",2,53.119373776908,0.0022657889912307,0.110207038968999
"CR-Pa","WetDays",2,53.7299412915851,0.00232085748464193,0.112885547701641
"CR-Pa","WetDays",2,54.3405088062622,0.00237357987335457,0.115449942872542
"CR-Pa","WetDays",2,54.9510763209393,0.00242398559382055,0.117901656258543
"CR-Pa","WetDays",2,55.5616438356164,0.00247234503491686,0.120253839462737
"CR-Pa","WetDays",2,56.1722113502935,0.00251859147517005,0.122503247180263
"CR-Pa","WetDays",2,56.7827788649706,0.00256190471621765,0.124609985302163
"CR-Pa","WetDays",2,57.3933463796477,0.00260250164669161,0.126584603201748
"CR-Pa","WetDays",2,58.0039138943249,0.00264074965750652,0.128444970621079
"CR-Pa","WetDays",2,58.614481409002,0.00267662092761249,0.130189734355803
"CR-Pa","WetDays",2,59.2250489236791,0.00270927264882192,0.131777900564422
"CR-Pa","WetDays",2,59.8356164383562,0.00273910176383202,0.133228776375475
"CR-Pa","WetDays",2,60.4461839530333,0.00276652828078977,0.134562790811438
"CR-Pa","WetDays",2,61.0567514677104,0.00279156690924238,0.135780659338599
"CR-Pa","WetDays",2,61.6673189823875,0.00281344342803858,0.136844724160526
"CR-Pa","WetDays",2,62.2778864970646,0.00283269251753761,0.137780991908648
"CR-Pa","WetDays",2,62.8884540117417,0.00284973920185232,0.13861013557994
"CR-Pa","WetDays",2,63.4990215264188,0.00286463805902139,0.139334809827621
"CR-Pa","WetDays",2,64.1095890410959,0.00287676754873943,0.139924783188426
"CR-Pa","WetDays",2,64.720156555773,0.0028867297481283,0.140409340444426
"CR-Pa","WetDays",2,65.3307240704501,0.0028949114856039,0.140807296769705
"CR-Pa","WetDays",2,65.9412915851272,0.00290139900973559,0.141122847258987
"CR-Pa","WetDays",2,66.5518590998043,0.00290578839796511,0.141336345286179
"CR-Pa","WetDays",2,67.1624266144814,0.00290866381320993,0.141476204293865
"CR-Pa","WetDays",2,67.7729941291585,0.00291034120664401,0.141557792016407
"CR-Pa","WetDays",2,68.3835616438356,0.00291092661200181,0.141586265890774
"CR-Pa","WetDays",2,68.9941291585127,0.00291027166231735,0.141554409409135
"CR-Pa","WetDays",2,69.6046966731898,0.0029088580185434,0.141485650360924
"CR-Pa","WetDays",2,70.2152641878669,0.00290691204913277,0.141390999214017
"CR-Pa","WetDays",2,70.825831702544,0.00290454637450426,0.141275933778982
"CR-Pa","WetDays",2,71.4363992172211,0.00290187659243426,0.141146076683831
"CR-Pa","WetDays",2,72.0469667318982,0.00289921229762838,0.141016486486936
"CR-Pa","WetDays",2,72.6575342465753,0.00289668588558044,0.140893602850332
"CR-Pa","WetDays",2,73.2681017612524,0.00289440428345818,0.140782626667213
"CR-Pa","WetDays",2,73.8786692759295,0.00289272823080703,0.140701104159798
"CR-Pa","WetDays",2,74.4892367906067,0.00289175047626831,0.140653546583621
"CR-Pa","WetDays",2,75.0998043052838,0.00289151703846665,0.140642192265543
"CR-Pa","WetDays",2,75.7103718199609,0.00289211934381,0.140671488148214
"CR-Pa","WetDays",2,76.320939334638,0.00289412264708348,0.140768927990487
"CR-Pa","WetDays",2,76.9315068493151,0.00289738678079931,0.140927694103753
"CR-Pa","WetDays",2,77.5420743639922,0.00290188701355763,0.141146583562959
"CR-Pa","WetDays",2,78.1526418786693,0.00290769258308895,0.141428964062667
"CR-Pa","WetDays",2,78.7632093933464,0.00291551729954822,0.141809555033444
"CR-Pa","WetDays",2,79.3737769080235,0.00292499950717053,0.142270765688535
"CR-Pa","WetDays",2,79.9843444227006,0.00293606303454586,0.142808891082077
"CR-Pa","WetDays",2,80.5949119373777,0.0029487512231615,0.143426039326076
"CR-Pa","WetDays",2,81.2054794520548,0.00296386105801651,0.1441609754411
"CR-Pa","WetDays",2,81.8160469667319,0.00298084397932975,0.144987017706386
"CR-Pa","WetDays",2,82.426614481409,0.00299959165705568,0.145898896993344
"CR-Pa","WetDays",2,83.0371819960861,0.00302012025515909,0.146897399510532
"CR-Pa","WetDays",2,83.6477495107632,0.00304323995593308,0.148021932189441
"CR-Pa","WetDays",2,84.2583170254403,0.00306826772911253,0.149239272720607
"CR-Pa","WetDays",2,84.8688845401174,0.00309507983651959,0.150543402530261
"CR-Pa","WetDays",2,85.4794520547945,0.00312366587261417,0.15193381549724
"CR-Pa","WetDays",2,86.0900195694716,0.00315477893385122,0.153447141921486
"CR-Pa","WetDays",2,86.7005870841487,0.00318766679678468,0.155046793965848
"CR-Pa","WetDays",2,87.3111545988258,0.00322220332704635,0.156726636506849
"CR-Pa","WetDays",2,87.9217221135029,0.00325835382004969,0.158484981527762
"CR-Pa","WetDays",2,88.53228962818,0.00329674857152952,0.160352486352315
"CR-Pa","WetDays",2,89.1428571428571,0.00333663949539349,0.162292764382529
"CR-Pa","WetDays",2,89.7534246575342,0.00337790715799928,0.164300006415462
"CR-Pa","WetDays",2,90.3639921722113,0.00342049660298214,0.166371539396273
"CR-Pa","WetDays",2,90.9745596868885,0.0034648604773565,0.168529379888444
"CR-Pa","WetDays",2,91.5851272015656,0.0035103305383276,0.170741024838949
"CR-Pa","WetDays",2,92.1956947162427,0.00355679969342889,0.173001265314529
"CR-Pa","WetDays",2,92.8062622309198,0.00360419878515832,0.175306737522902
"CR-Pa","WetDays",2,93.4168297455969,0.00365276638686457,0.177669045573029
"CR-Pa","WetDays",2,94.027397260274,0.00370198444469429,0.180062991539847
"CR-Pa","WetDays",2,94.6379647749511,0.00375176113768022,0.182484109289505
"CR-Pa","WetDays",2,95.2485322896282,0.00380202113267645,0.184928734648957
"CR-Pa","WetDays",2,95.8590998043053,0.00385277828195182,0.187397541386829
"CR-Pa","WetDays",2,96.4696673189824,0.00390371974603968,0.189875313120912
"CR-Pa","WetDays",2,97.0802348336595,0.00395477001348207,0.192358377005139
"CR-Pa","WetDays",2,97.6908023483366,0.00400585695827195,0.194843224860369
"CR-Pa","WetDays",2,98.3013698630137,0.00405678963932316,0.197320569391184
"CR-Pa","WetDays",2,98.9119373776908,0.00410748938406498,0.199786583996298
"CR-Pa","WetDays",2,99.5225048923679,0.00415789693562877,0.202238386446139
"CR-Pa","WetDays",2,100.133072407045,0.00420794799586515,0.204672849305328
"CR-Pa","WetDays",2,100.743639921722,0.00425731156151551,0.207073872712332
"CR-Pa","WetDays",2,101.354207436399,0.00430612297015634,0.209448039430871
"CR-Pa","WetDays",2,101.964774951076,0.00435434360033322,0.211793470929383
"CR-Pa","WetDays",2,102.575342465753,0.0044019199777839,0.214107566241878
"CR-Pa","WetDays",2,103.185909980431,0.00444846914732197,0.216371698586554
"CR-Pa","WetDays",2,103.796477495108,0.0044942829682988,0.218600063881493
"CR-Pa","WetDays",2,104.407045009785,0.00453934788838823,0.220792002947157
"CR-Pa","WetDays",2,105.017612524462,0.00458362568635929,0.222945656718689
"CR-Pa","WetDays",2,105.628180039139,0.00462676571974117,0.2250439700914
"CR-Pa","WetDays",2,106.238747553816,0.00466914121303091,0.227105096550389
"CR-Pa","WetDays",2,106.849315068493,0.00471076356821637,0.229129590683629
"CR-Pa","WetDays",2,107.45988258317,0.00475161445938478,0.231116561126304
"CR-Pa","WetDays",2,108.070450097847,0.00479143978219542,0.23305364834843
"CR-Pa","WetDays",2,108.681017612524,0.00483061476864318,0.234959103478968
"CR-Pa","WetDays",2,109.291585127202,0.00486917098891809,0.236834462078899
"CR-Pa","WetDays",2,109.902152641879,0.0049071131686412,0.238679954000476
"CR-Pa","WetDays",2,110.512720156556,0.00494431680277875,0.240489523370375
"CR-Pa","WetDays",2,111.123287671233,0.00498109025743505,0.242278168988311
"CR-Pa","WetDays",2,111.73385518591,0.00501747688166699,0.244047999334473
"CR-Pa","WetDays",2,112.344422700587,0.00505350453883132,0.245800369671004
"CR-Pa","WetDays",2,112.954990215264,0.00508917727144901,0.247535476624451
"CR-Pa","WetDays",2,113.565557729941,0.00512469044647647,0.249262822762733
"CR-Pa","WetDays",2,114.176125244618,0.00516008924530638,0.250984605690094
"CR-Pa","WetDays",2,114.786692759295,0.00519542088083195,0.252703121822124
"CR-Pa","WetDays",2,115.397260273973,0.00523078869639129,0.254423397736025
"CR-Pa","WetDays",2,116.00782778865,0.00526625830327766,0.256148624737952
"CR-Pa","WetDays",2,116.618395303327,0.00530186770120605,0.257880651118319
"CR-Pa","WetDays",2,117.228962818004,0.005337676262599,0.25962236472719
"CR-Pa","WetDays",2,117.839530332681,0.0053738419552733,0.261381449053808
"CR-Pa","WetDays",2,118.450097847358,0.00541031259279588,0.263155365771663
"CR-Pa","WetDays",2,119.060665362035,0.00544711315153035,0.264945329720745
"CR-Pa","WetDays",2,119.671232876712,0.00548430643562771,0.266754395668972
"CR-Pa","WetDays",2,120.281800391389,0.00552206047050659,0.268590736303178
"CR-Pa","WetDays",2,120.892367906067,0.00556023836534062,0.270447693310213
"CR-Pa","WetDays",2,121.502935420744,0.00559885075406626,0.272325783920346
"CR-Pa","WetDays",2,122.113502935421,0.00563795648184316,0.274227870337793
"CR-Pa","WetDays",2,122.724070450098,0.00567770269452464,0.27616110967597
"CR-Pa","WetDays",2,123.334637964775,0.00571790985014245,0.278116769087837
"CR-Pa","WetDays",2,123.945205479452,0.00575857751022987,0.280094827246553
"CR-Pa","WetDays",2,124.555772994129,0.00579975756146862,0.282097807898846
"CR-Pa","WetDays",2,125.166340508806,0.00584156647886701,0.284131376340925
"CR-Pa","WetDays",2,125.776908023483,0.005883819846736,0.286186562669984
"CR-Pa","WetDays",2,126.38747553816,0.00592651275963968,0.28826312828765
"CR-Pa","WetDays",2,126.998043052838,0.00596969369109241,0.290363430925604
"CR-Pa","WetDays",2,127.608610567515,0.00601345934120252,0.292492174037101
"CR-Pa","WetDays",2,128.219178082192,0.00605764332627095,0.294641264787868
"CR-Pa","WetDays",2,128.829745596869,0.00610224396999885,0.29681062164342
"CR-Pa","WetDays",2,129.440313111546,0.00614731666353049,0.299002938806097
"CR-Pa","WetDays",2,130.050880626223,0.00619296206325198,0.301223112160867
"CR-Pa","WetDays",2,130.6614481409,0.00623903471941634,0.303464067092224
"CR-Pa","WetDays",2,131.272015655577,0.00628554234186128,0.305726178603481
"CR-Pa","WetDays",2,131.882583170254,0.00633256208661792,0.308013199532069
"CR-Pa","WetDays",2,132.493150684931,0.00638022277763057,0.31033139582133
"CR-Pa","WetDays",2,133.103718199609,0.00642838433894277,0.312673954234706
"CR-Pa","WetDays",2,133.714285714286,0.00647706619658961,0.315041819646504
"CR-Pa","WetDays",2,134.324853228963,0.00652638195534588,0.317440517745963
"CR-Pa","WetDays",2,134.93542074364,0.00657650072492343,0.319878273959489
"CR-Pa","WetDays",2,135.545988258317,0.00662726132292941,0.32234724844219
"CR-Pa","WetDays",2,136.156555772994,0.0066786921110532,0.324848820694903
"CR-Pa","WetDays",2,136.767123287671,0.00673095148087916,0.327390694818749
"CR-Pa","WetDays",2,137.377690802348,0.00678424042639164,0.329982647077958
"CR-Pa","WetDays",2,137.988258317025,0.00683835047589627,0.332614537495579
"CR-Pa","WetDays",2,138.598825831703,0.00689331117626401,0.335287803219189
"CR-Pa","WetDays",2,139.20939334638,0.00694932160438506,0.338012127266352
"CR-Pa","WetDays",2,139.819960861057,0.00700658452107531,0.340797371839252
"CR-Pa","WetDays",2,140.430528375734,0.007064829847234,0.343630400402183
"CR-Pa","WetDays",2,141.041095890411,0.00712407720787727,0.346512167507812
"CR-Pa","WetDays",2,141.651663405088,0.00718454571009826,0.349453330434482
"CR-Pa","WetDays",2,142.262230919765,0.00724639486426944,0.352461647700708
"CR-Pa","WetDays",2,142.872798434442,0.00730929903322061,0.355521280449275
"CR-Pa","WetDays",2,143.483365949119,0.00737325617543083,0.358632129381452
"CR-Pa","WetDays",2,144.093933463796,0.00743846770890481,0.361803991385642
"CR-Pa","WetDays",2,144.704500978474,0.00750500293824492,0.365040237409025
"CR-Pa","WetDays",2,145.315068493151,0.00757250996980533,0.368323751490281
"CR-Pa","WetDays",2,145.925636007828,0.00764095582605265,0.37165292961583
"CR-Pa","WetDays",2,146.536203522505,0.0077104733146882,0.37503423149731
"CR-Pa","WetDays",2,147.146771037182,0.00778100774138916,0.378464996825491
"CR-Pa","WetDays",2,147.757338551859,0.00785222982426297,0.381929209465373
"CR-Pa","WetDays",2,148.367906066536,0.00792407149287241,0.385423558499056
"CR-Pa","WetDays",2,148.978473581213,0.00799654058525734,0.388948425165558
"CR-Pa","WetDays",2,149.58904109589,0.00806945014733344,0.392494716095574
"CR-Pa","WetDays",2,150.199608610568,0.00814255263319419,0.396050390758646
"CR-Pa","WetDays",2,150.810176125245,0.00821574723069342,0.399610545693699
"CR-Pa","WetDays",2,151.420743639922,0.00828886496827488,0.403166962194155
"CR-Pa","WetDays",2,152.031311154599,0.00836160947549055,0.406705224924059
"CR-Pa","WetDays",2,152.641878669276,0.00843387195858289,0.410220042200062
"CR-Pa","WetDays",2,153.252446183953,0.00850552746618922,0.413705336439586
"CR-Pa","WetDays",2,153.86301369863,0.00857619256274973,0.417142457495665
"CR-Pa","WetDays",2,154.473581213307,0.00864551235905404,0.420514143703958
"CR-Pa","WetDays",2,155.084148727984,0.00871355970952821,0.423823938673599
"CR-Pa","WetDays",2,155.694716242661,0.00878019856274115,0.427065224919278
"CR-Pa","WetDays",2,156.305283757339,0.00884481445312179,0.43020811508988
"CR-Pa","WetDays",2,156.915851272016,0.00890706231695566,0.433235825429115
"CR-Pa","WetDays",2,157.526418786693,0.00896721694306138,0.436161721551418
"CR-Pa","WetDays",2,158.13698630137,0.00902514585875999,0.4389793600405
"CR-Pa","WetDays",2,158.747553816047,0.00908001060972516,0.441647958824872
"CR-Pa","WetDays",2,159.358121330724,0.00913154708482274,0.444154671648258
"CR-Pa","WetDays",2,159.968688845401,0.00918022667451797,0.446522426747828
"CR-Pa","WetDays",2,160.579256360078,0.00922593388048393,0.448745606332755
"CR-Pa","WetDays",2,161.189823874755,0.00926763481865947,0.450773922710115
"CR-Pa","WetDays",2,161.800391389432,0.00930520607528335,0.45260137308563
"CR-Pa","WetDays",2,162.41095890411,0.00933928737533207,0.454259073417444
"CR-Pa","WetDays",2,163.021526418787,0.00936979009057787,0.455742712865232
"CR-Pa","WetDays",2,163.632093933464,0.00939552947315,0.4569946657828
"CR-Pa","WetDays",2,164.242661448141,0.00941656137669422,0.458017648868366
"CR-Pa","WetDays",2,164.853228962818,0.0094336496009584,0.458848813025612
"CR-Pa","WetDays",2,165.463796477495,0.00944673779132459,0.45948541718924
"CR-Pa","WetDays",2,166.074363992172,0.00945454404206067,0.459865109994882
"CR-Pa","WetDays",2,166.684931506849,0.00945731729766651,0.46
"CR-Pa","WetDays",2,167.295499021526,0.00945589394984611,0.459930768950985
"CR-Pa","WetDays",2,167.906066536204,0.00945025110684984,0.459656303402607
"CR-Pa","WetDays",2,168.516634050881,0.00943906641622459,0.459112284678726
"CR-Pa","WetDays",2,169.127201565558,0.00942277306109964,0.458319782627502
"CR-Pa","WetDays",2,169.737769080235,0.00940222942280564,0.457320548561667
"CR-Pa","WetDays",2,170.348336594912,0.00937744420492819,0.456115005820023
"CR-Pa","WetDays",2,170.958904109589,0.00934711022690624,0.454639573680981
"CR-Pa","WetDays",2,171.569471624266,0.00931181874281101,0.452923010497909
"CR-Pa","WetDays",2,172.180039138943,0.00927240610320417,0.451005996016051
"CR-Pa","WetDays",2,172.79060665362,0.00922890909529514,0.448890319550053
"CR-Pa","WetDays",2,173.401174168297,0.00918008829020498,0.446515695792107
"CR-Pa","WetDays",2,174.011741682975,0.00912665536760275,0.443916740546829
"CR-Pa","WetDays",2,174.622309197652,0.00906938994342457,0.441131374010754
"CR-Pa","WetDays",2,175.232876712329,0.00900835281917943,0.43816255354412
"CR-Pa","WetDays",2,175.843444227006,0.00894242113851937,0.434955663878791
"CR-Pa","WetDays",2,176.454011741683,0.00887238224649465,0.431549001152214
"CR-Pa","WetDays",2,177.06457925636,0.00879893391742276,0.427976504818459
"CR-Pa","WetDays",2,177.675146771037,0.00872215679019807,0.424242097119981
"CR-Pa","WetDays",2,178.285714285714,0.00864108879477483,0.42029898336785
"CR-Pa","WetDays",2,178.896281800391,0.0085565435657719,0.416186738413254
"CR-Pa","WetDays",2,179.506849315068,0.00846912046238036,0.411934514839236
"CR-Pa","WetDays",2,180.117416829746,0.00837891553672981,0.407546984581634
"CR-Pa","WetDays",2,180.727984344423,0.00828516511580162,0.402987002900824
"CR-Pa","WetDays",2,181.3385518591,0.00818865677262774,0.398292877023188
"CR-Pa","WetDays",2,181.949119373777,0.00808988211292914,0.393488518447574
"CR-Pa","WetDays",2,182.559686888454,0.00798894752868497,0.38857910203582
"CR-Pa","WetDays",2,183.170254403131,0.00788531547580592,0.383538481865857
"CR-Pa","WetDays",2,183.780821917808,0.0077796944563633,0.378401119185259
"CR-Pa","WetDays",2,184.391389432485,0.00767246534352331,0.373185539507228
"CR-Pa","WetDays",2,185.001956947162,0.00756373890053683,0.367897130310455
"CR-Pa","WetDays",2,185.61252446184,0.00745321786274252,0.362521432764818
"CR-Pa","WetDays",2,186.223091976517,0.00734148200824277,0.357086647037308
"CR-Pa","WetDays",2,186.833659491194,0.00722880446808356,0.351606058108985
"CR-Pa","WetDays",2,187.444227005871,0.00711529372584273,0.346084942576183
"CR-Pa","WetDays",2,188.054794520548,0.00700089069198915,0.34052042634856
"CR-Pa","WetDays",2,188.665362035225,0.00688600565593295,0.33493246573325
"CR-Pa","WetDays",2,189.275929549902,0.00677081269163005,0.329329527615438
"CR-Pa","WetDays",2,189.886497064579,0.00665541139592481,0.323716456344422
"CR-Pa","WetDays",2,190.497064579256,0.00653996224441588,0.318101057386918
"CR-Pa","WetDays",2,191.107632093933,0.00642467982166393,0.312493768047162
"CR-Pa","WetDays",2,191.718199608611,0.00630965287934159,0.306898905169786
"CR-Pa","WetDays",2,192.328767123288,0.00619496660043206,0.301320612019846
"CR-Pa","WetDays",2,192.939334637965,0.00608096876979637,0.295775804709071
"CR-Pa","WetDays",2,193.549902152642,0.00596767041612419,0.290265019668364
"CR-Pa","WetDays",2,194.160469667319,0.00585509244429393,0.28478927370236
"CR-Pa","WetDays",2,194.771037181996,0.00574330216121431,0.279351840591247
"CR-Pa","WetDays",2,195.381604696673,0.00563279436602436,0.273976787160406
"CR-Pa","WetDays",2,195.99217221135,0.00552338738234056,0.268655276745718
"CR-Pa","WetDays",2,196.602739726027,0.00541505355811541,0.263385964363033
"CR-Pa","WetDays",2,197.213307240704,0.00530784149871241,0.258171214157121
"CR-Pa","WetDays",2,197.823874755382,0.00520235169379415,0.253040233696693
"CR-Pa","WetDays",2,198.434442270059,0.00509823564180224,0.247976072010154
"CR-Pa","WetDays",2,199.045009784736,0.00499543604446445,0.242975942133254
"CR-Pa","WetDays",2,199.655577299413,0.00489398455344573,0.238041383589879
"CR-Pa","WetDays",2,200.26614481409,0.00479455152511211,0.233205002236285
"CR-Pa","WetDays",2,200.876712328767,0.00469665573098161,0.228443391318235
"CR-Pa","WetDays",2,201.487279843444,0.0046002267775127,0.223753126922998
"CR-Pa","WetDays",2,202.097847358121,0.00450528297781653,0.219135099792724
"CR-Pa","WetDays",2,202.708414872798,0.00441253846943833,0.214624045282107
"CR-Pa","WetDays",2,203.318982387476,0.00432141366550692,0.210191772525562
"CR-Pa","WetDays",2,203.929549902153,0.00423183790693195,0.205834844694172
"CR-Pa","WetDays",2,204.54011741683,0.00414382050133769,0.201553714506931
"CR-Pa","WetDays",2,205.150684931507,0.00405810381328162,0.19738449026873
"CR-Pa","WetDays",2,205.761252446184,0.00397403788997826,0.193295558545027
"CR-Pa","WetDays",2,206.371819960861,0.00389156036238145,0.189283885731227
"CR-Pa","WetDays",2,206.982387475538,0.00381067532212656,0.18534967084278
"CR-Pa","WetDays",2,207.592954990215,0.00373214554388105,0.181530014923881
"CR-Pa","WetDays",2,208.203522504892,0.00365526902888276,0.177790773045221
"CR-Pa","WetDays",2,208.814090019569,0.00357999617419069,0.174129532540274
"CR-Pa","WetDays",2,209.424657534247,0.00350632808475942,0.170546347153574
"CR-Pa","WetDays",2,210.035225048924,0.0034350424102916,0.167079041444873
"CR-Pa","WetDays",2,210.645792563601,0.00336539478451662,0.163691409746781
"CR-Pa","WetDays",2,211.256360078278,0.00329734946414404,0.160381713520441
"CR-Pa","WetDays",2,211.866927592955,0.00323090474522502,0.157149869886486
"CR-Pa","WetDays",2,212.477495107632,0.00316684353038761,0.154033958904787
"CR-Pa","WetDays",2,213.088062622309,0.00310438505970619,0.150996004735634
"CR-Pa","WetDays",2,213.698630136986,0.00304350605267444,0.148034875024832
"CR-Pa","WetDays",2,214.309197651663,0.00298420028762604,0.145150267153105
"CR-Pa","WetDays",2,214.91976516634,0.00292723702730306,0.142379597741914
"CR-Pa","WetDays",2,215.530332681018,0.00287180850729116,0.139683577464392
"CR-Pa","WetDays",2,216.140900195695,0.00281790086037486,0.137061531824915
"CR-Pa","WetDays",2,216.751467710372,0.00276551579522335,0.134513543932445
"CR-Pa","WetDays",2,217.362035225049,0.00271533282931167,0.132072665235791
"CR-Pa","WetDays",2,217.972602739726,0.00266658257718347,0.129701473144721
"CR-Pa","WetDays",2,218.583170254403,0.00261924127793485,0.1273988119387
"CR-Pa","WetDays",2,219.19373776908,0.00257331299716028,0.125164879366562
"CR-Pa","WetDays",2,219.804305283757,0.00252935624224924,0.123026840996625
"CR-Pa","WetDays",2,220.414872798434,0.00248666515492931,0.120950364174597
"CR-Pa","WetDays",2,221.025440313112,0.00244520437822021,0.118933729151588
"CR-Pa","WetDays",2,221.636007827789,0.0024049735874807,0.116976920137182
"CR-Pa","WetDays",2,222.246575342466,0.00236638313622639,0.115099896556577
"CR-Pa","WetDays",2,222.857142857143,0.00232882140970362,0.113272909721236
"CR-Pa","WetDays",2,223.46771037182,0.00229224222671988,0.111493713397066
"CR-Pa","WetDays",2,224.078277886497,0.00225663434501411,0.10976176076514
"CR-Pa","WetDays",2,224.688845401174,0.00222224456430432,0.108089056061618
"CR-Pa","WetDays",2,225.299412915851,0.00218858674656525,0.106451953734112
"CR-Pa","WetDays",2,225.909980430528,0.00215560725732945,0.104847845024319
"CR-Pa","WetDays",2,226.520547945205,0.00212327905127827,0.10327541445913
"CR-Pa","WetDays",2,227.131115459883,0.00209168816132147,0.101738846643676
"CR-Pa","WetDays",2,227.74168297456,0.00206049822018768,0.100221780813064
"CR-Pa","WetDays",2,228.352250489237,0.00202965376657838,0.0987215193526836
"CR-Pa","WetDays",2,228.962818003914,0.00199911012301151,0.0972358891682943
"CR-Pa","WetDays",2,229.573385518591,0.00196881589702228,0.0957623905516747
"CR-Pa","WetDays",2,230.183953033268,0.00193859487024795,0.0942924523145784
"CR-Pa","WetDays",2,230.794520547945,0.00190839664800455,0.0928236232804303
"CR-Pa","WetDays",2,231.405088062622,0.00187816117945597,0.0913529826014104
"CR-Pa","WetDays",2,232.015655577299,0.00184774088321783,0.0898733519800503
"CR-Pa","WetDays",2,232.626223091976,0.00181711170353921,0.0883835613545797
"CR-Pa","WetDays",2,233.236790606654,0.00178623508268171,0.0868817352925576
"CR-Pa","WetDays",2,233.847358121331,0.0017550422362564,0.0853645281497684
"CR-Pa","WetDays",2,234.457925636008,0.00172334139472727,0.0838226123353337
"CR-Pa","WetDays",2,235.068493150685,0.00169123374152989,0.0822609093696904
"CR-Pa","WetDays",2,235.679060665362,0.00165869776956001,0.0806783731561875
"CR-Pa","WetDays",2,236.289628180039,0.00162566633135428,0.0790717376699926
"CR-Pa","WetDays",2,236.900195694716,0.00159195649430445,0.0774321051447363
"CR-Pa","WetDays",2,237.510763209393,0.00155775239974132,0.075768432138553
"CR-Pa","WetDays",2,238.12133072407,0.00152305214118692,0.0740806259211424
"CR-Pa","WetDays",2,238.731898238748,0.00148780275361437,0.0723661102955145
"CR-Pa","WetDays",2,239.342465753425,0.00145187440189638,0.0706185701348018
"CR-Pa","WetDays",2,239.953033268102,0.00141548343281221,0.0688485284568252
"CR-Pa","WetDays",2,240.563600782779,0.00137864692092077,0.0670568157610647
"CR-Pa","WetDays",2,241.174168297456,0.00134133863834802,0.0652421563345804
"CR-Pa","WetDays",2,241.784735812133,0.0013035099632881,0.0634021852328538
"CR-Pa","WetDays",2,242.39530332681,0.00126535873593963,0.0615465253212822
"CR-Pa","WetDays",2,243.005870841487,0.00122691742200836,0.059676755718358
"CR-Pa","WetDays",2,243.616438356164,0.00118819679773625,0.0577934005760317
"CR-Pa","WetDays",2,244.227005870841,0.00114923809000436,0.055898465152739
"CR-Pa","WetDays",2,244.837573385519,0.00111017808956849,0.0539986028942386
"CR-Pa","WetDays",2,245.448140900196,0.00107105891063993,0.0520958622183411
"CR-Pa","WetDays",2,246.058708414873,0.00103193441153333,0.0501928627711853
"CR-Pa","WetDays",2,246.66927592955,0.000992925942213332,0.0482955069648377
"CR-Pa","WetDays",2,247.279843444227,0.000954080853423902,0.0464060979198914
"CR-Pa","WetDays",2,247.890410958904,0.000915444209340162,0.0445268275391772
"CR-Pa","WetDays",2,248.500978473581,0.000877113757348229,0.0426624502151088
"CR-Pa","WetDays",2,249.111545988258,0.000839267660629036,0.0408216317310844
"CR-Pa","WetDays",2,249.722113502935,0.000801852356940245,0.0390017668418001
"CR-Pa","WetDays",2,250.332681017613,0.000764909471790665,0.0372048801947803
"CR-Pa","WetDays",2,250.94324853229,0.000728576121265534,0.0354376410596733
"CR-Pa","WetDays",2,251.553816046967,0.000693057196153344,0.0337100152396494
"CR-Pa","WetDays",2,252.164383561644,0.00065820302947802,0.0320147229949232
"CR-Pa","WetDays",2,252.774951076321,0.000624046774937519,0.0303533769076446
"CR-Pa","WetDays",2,253.385518590998,0.000590755985668953,0.0287341266930707
"CR-Pa","WetDays",2,253.996086105675,0.000558532380016389,0.0271667838479874
"CR-Pa","WetDays",2,254.606653620352,0.000527147864107732,0.0256402539808396
"CR-Pa","WetDays",2,255.217221135029,0.000496624073214935,0.0241555894223023
"CR-Pa","WetDays",2,255.827788649706,0.000467147268173342,0.0227218498223337
"CR-Pa","WetDays",2,256.438356164384,0.000438891814350129,0.0213475162402422
"CR-Pa","WetDays",2,257.048923679061,0.000411576699460122,0.0200189203547575
"CR-Pa","WetDays",2,257.659491193738,0.000385211132507242,0.0187365100880196
"CR-Pa","WetDays",2,258.270058708415,0.000359987464674531,0.0175096413219786
"CR-Pa","WetDays",2,258.880626223092,0.000336037435280699,0.0163447218025837
"CR-Pa","WetDays",2,259.491193737769,0.000313055078532874,0.0152268694802757
"CR-Pa","WetDays",2,260.101761252446,0.000291038139883139,0.014155974694777
"CR-Pa","WetDays",2,260.712328767123,0.000270173350852073,0.0131411199899805
"CR-Pa","WetDays",2,261.3228962818,0.000250544143112487,0.0121863634479284
"CR-Pa","WetDays",2,261.933463796477,0.000231845405295215,0.011276864577877
"CR-Pa","WetDays",2,262.544031311155,0.000214065705465764,0.010412067335263
"CR-Pa","WetDays",2,263.154598825832,0.000197376714717373,0.00960032173102553
"CR-Pa","WetDays",2,263.765166340509,0.000181816114423506,0.0088434605715776
"CR-Pa","WetDays",2,264.375733855186,0.000167100132058203,0.00812768127867924
"CR-Pa","WetDays",2,264.986301369863,0.000153211113691612,0.00745212517248743
"CR-Pa","WetDays",2,265.59686888454,0.000140299257728679,0.00682409784126799
"CR-Pa","WetDays",2,266.207436399217,0.000128364721294016,0.00624360692749697
"CR-Pa","WetDays",2,266.818003913894,0.000117158729249353,0.00569855211138996
"CR-Pa","WetDays",2,267.428571428571,0.000106660422585751,0.00518791881938351
"CR-Pa","WetDays",2,268.039138943249,9.69952889276843e-05,0.00471781071760633
"CR-Pa","WetDays",2,268.649706457926,8.8136941253491e-05,0.00428694435224346
"CR-Pa","WetDays",2,269.260273972603,7.98784181090624e-05,0.003885253203806
"CR-Pa","WetDays",2,269.87084148728,7.21982767174492e-05,0.00351169430449596
"CR-Pa","WetDays",2,270.481409001957,6.51968765592395e-05,0.00317114909792124
"CR-Pa","WetDays",2,271.091976516634,5.88324602899953e-05,0.00286158652412723
"CR-Pa","WetDays",2,271.702544031311,5.29408997766864e-05,0.00257502345863816
"CR-Pa","WetDays",2,272.313111545988,4.75021315684724e-05,0.00231048402350726
"CR-Pa","WetDays",2,272.923679060665,4.2593122187253e-05,0.00207171183851162
"CR-Pa","WetDays",2,273.534246575342,3.81663132020034e-05,0.00185639368124547
"CR-Pa","WetDays",2,274.14481409002,3.40972353950232e-05,0.00165847542046418
"CR-Pa","WetDays",2,274.755381604697,3.03684325651409e-05,0.00147710799376601
"CR-Pa","WetDays",2,275.365949119374,2.70365792807152e-05,0.00131504802870447
"CR-Pa","WetDays",2,275.976516634051,2.40553551803549e-05,0.00117004252206844
"CR-Pa","WetDays",2,276.587084148728,2.13342886308997e-05,0.00103769097105743
"CR-Pa","WetDays",2,277.197651663405,1.88590883793768e-05,0.000917298255040447
"CR-Pa","WetDays",2,277.808219178082,1.66698616029731e-05,0.000810815170519832
"CR-Pa","WetDays",2,278.418786692759,1.47258675834808e-05,0.000716260105820128
"CR-Pa","WetDays",2,279.029354207436,1.29639737259078e-05,0.000630562317644667
"CR-Pa","WetDays",2,279.639921722114,1.13730900268367e-05,0.000553182392816168
"CR-Pa","WetDays",2,280.250489236791,9.98051211881099e-06,0.000485447979606843
"CR-Pa","WetDays",2,280.861056751468,8.75307685625641e-06,0.000425746036338595
"CR-Pa","WetDays",2,281.471624266145,7.64843802374006e-06,0.000372016860615275
"CR-Pa","WetDays",2,282.082191780822,6.65839948167309e-06,0.000323861795598774
"CR-Pa","WetDays",2,282.692759295499,5.80083443857731e-06,0.00028215018675581
"CR-Pa","WetDays",2,283.303326810176,5.05042649639543e-06,0.00024565065496059
"CR-Pa","WetDays",2,283.913894324853,4.37984908027468e-06,0.000213034046919782
"CR-Pa","WetDays",2,284.52446183953,3.78331417136502e-06,0.000184018835791553
"CR-Pa","WetDays",2,285.135029354207,3.27208548470426e-06,0.000159152884014512
"CR-Pa","WetDays",2,285.745596868885,2.82789336263891e-06,0.000137547563000225
"CR-Pa","WetDays",2,286.356164383562,2.43376117406427e-06,0.000118377136436545
"CR-Pa","WetDays",2,286.966731898239,2.08577413221332e-06,0.000101451190715031
"CR-Pa","WetDays",2,287.577299412916,1.79076515397815e-06,8.71020760859109e-05
"CR-Pa","WetDays",2,288.187866927593,1.53620605050903e-06,7.47204266275928e-05
"CR-Pa","WetDays",2,288.79843444227,1.31193852249633e-06,6.38121468650752e-05
"CR-Pa","WetDays",2,289.409001956947,1.11542227442436e-06,5.42536778756281e-05
"CR-Pa","WetDays",2,290.019569471624,9.50647605753423e-07,4.62391061738484e-05
"CR-Pa","WetDays",2,290.630136986301,8.09422082192528e-07,3.93699551457824e-05
"CR-Pa","WetDays",2,291.240704500978,6.85889166249699e-07,3.33613652312067e-05
"CR-Pa","WetDays",2,291.851272015656,5.78465389654224e-07,2.81363171886597e-05
"CR-Pa","WetDays",2,292.461839530333,4.89393962629492e-07,2.38039198351854e-05
"CR-Pa","WetDays",2,293.07240704501,4.13553367507569e-07,2.01150646706566e-05
"CR-Pa","WetDays",2,293.682974559687,3.47689646259564e-07,1.69114805230086e-05
"CR-Pa","WetDays",2,294.293542074364,2.9085372471201e-07,1.41470048171627e-05
"CR-Pa","WetDays",2,294.904109589041,2.44259424692699e-07,1.18806773445536e-05
"CR-Pa","WetDays",2,295.514677103718,2.04840207852368e-07,9.96334294878089e-06
"CR-Pa","WetDays",2,296.125244618395,1.70853471631078e-07,8.31024216240345e-06
"CR-Pa","WetDays",2,296.735812133072,1.41751852518875e-07,6.89475145079159e-06
"CR-Pa","WetDays",2,297.346379647749,1.18167446395997e-07,5.74761569600406e-06
"CR-Pa","WetDays",2,297.956947162427,9.83392264672839e-08,4.78317928342238e-06
"CR-Pa","WetDays",2,298.567514677104,8.13676212482642e-08,3.95768742827702e-06
"CR-Pa","WetDays",2,299.178082191781,6.69486935990588e-08,3.25635675385087e-06
"CR-Pa","WetDays",2,299.788649706458,5.53991404981062e-08,2.69459127012865e-06
"CR-Pa","WetDays",2,300.399217221135,4.57479721477407e-08,2.22516243513931e-06
"CR-Pa","WetDays",2,301.009784735812,3.75475407561407e-08,1.82629684552155e-06
"CR-Pa","WetDays",2,301.620352250489,3.06352848897693e-08,1.49008758041469e-06
"CR-Pa","WetDays",2,302.230919765166,2.51638180720517e-08,1.22395769844794e-06
"CR-Pa","WetDays",2,302.841487279843,2.0618674980854e-08,1.00288381923413e-06
"CR-Pa","WetDays",2,303.452054794521,1.67851248483694e-08,8.16421527080943e-07
"CR-Pa","WetDays",2,304.062622309198,1.35793896781806e-08,6.60495894909262e-07
"CR-Pa","WetDays",2,304.673189823875,1.10721738631723e-08,5.3854595513211e-07
"CR-Pa","WetDays",2,305.283757338552,9.00137154930378e-09,4.3782298746616e-07
"CR-Pa","WetDays",2,305.894324853229,7.26769699266745e-09,3.53497774411345e-07
"CR-Pa","WetDays",2,306.504892367906,5.82953586357945e-09,2.83546212191506e-07
"CR-Pa","WetDays",2,307.115459882583,4.7183637531467e-09,2.29499260533747e-07
"CR-Pa","WetDays",2,307.72602739726,3.805709270664e-09,1.85108124154551e-07
"CR-Pa","WetDays",2,308.336594911937,3.047326001565e-09,1.48220675758206e-07
"CR-Pa","WetDays",2,308.947162426614,2.42328638648197e-09,1.17867647102921e-07
"CR-Pa","WetDays",2,309.557729941292,1.94704555902938e-09,9.47034903200833e-08
"CR-Pa","WetDays",2,310.168297455969,1.55799523800644e-09,7.5780243691284e-08
"CR-Pa","WetDays",2,310.778864970646,1.23713256883548e-09,6.01736162330869e-08
"CR-Pa","WetDays",2,311.389432485323,9.75256388419129e-10,4.74360671798006e-08
"CR-Pa","WetDays",2,312,7.77885277636233e-10,3.78360180218292e-08
