"Bacteria","Climate_Factor","NAME","Region","Climate_Zone_Majority","n_observations","effect","se","OR","CI_Lower","CI_Upper","Z_value","P_Value","Significance","Effect_Direction"
"3GCR-Ec","Temperature","Argentina","Latin America and the Caribbean","Temperate Zone",4,-0.139370973965035,0.064175809782818,0.869905256389769,0.767086611826585,0.986505491593202,-2.17170573206151,0.0298778659061866,"*","Negative"
"3GCR-Kp","Temperature","Argentina","Latin America and the Caribbean","Temperate Zone",4,-0.0282322552264994,0.030215346193566,0.972162550745365,0.916260712871726,1.0314750068347,-0.934368087184487,0.350114053574267,"","Negative"
"CR-Ab","Temperature","Argentina","Latin America and the Caribbean","Temperate Zone",4,0.385576548552916,0.0529296812177626,1.47046186975441,1.3255591539036,1.63120454038892,7.28469432805729,3.22400448039108e-13,"***","Positive"
"CR-Ec","Temperature","Argentina","Latin America and the Caribbean","Temperate Zone",4,-0.039146176646748,0.0124308316468018,0.961610133927354,0.938464165263963,0.985326967078912,-3.14911968555373,0.00163763110450241,"**","Negative"
"CR-Kp","Temperature","Argentina","Latin America and the Caribbean","Temperate Zone",4,0.156627678165412,0.0467865184265823,1.16956008007189,1.06708016643299,1.28188192783141,3.3477096273191,0.00081482337284717,"***","Positive"
"CR-Pa","Temperature","Argentina","Latin America and the Caribbean","Temperate Zone",2,0.0317296042432148,0.0207891521306939,1.03223835469515,0.991023398498958,1.07516736993054,1.52625773498324,0.126945690000297,"","Positive"
"3GCR-Ec","Temperature","Australia","East Asia and Pacific","Temperate Zone",4,-0.463958381973739,0.175032313974462,0.628789722909756,0.44618495422013,0.886126956763909,-2.65070129874095,0.00803248451988184,"**","Negative"
"3GCR-Kp","Temperature","Australia","East Asia and Pacific","Temperate Zone",4,-0.128342164527574,0.0375754275220862,0.879552376028066,0.817103096913422,0.946774507524094,-3.41558760581331,0.000636445534036378,"***","Negative"
"CR-Ab","Temperature","Australia","East Asia and Pacific","Temperate Zone",1,-0.0458205072837081,0.0845586475783779,0.955213400652198,0.809324397479534,1.12740038929645,-0.541878431076334,0.58790225628477,"","Negative"
"CR-Ec","Temperature","Australia","East Asia and Pacific","Temperate Zone",4,-0.0137598718640898,0.0334523977356947,0.98633436246021,0.923738208677788,1.05317227914855,-0.411326924090935,0.680832829713216,"","Negative"
"CR-Kp","Temperature","Australia","East Asia and Pacific","Temperate Zone",4,0.136707721501534,0.0984717372449402,1.14649300429126,0.945258462589416,1.39056804134612,1.38829399507277,0.165047540012662,"","Positive"
"CR-Pa","Temperature","Australia","East Asia and Pacific","Temperate Zone",1,0.0845380772517318,0.0688593354244345,1.08821427965219,0.950824077713657,1.24545680551809,1.22769231986712,0.219562490587779,"","Positive"
"3GCR-Ec","Temperature","Austria","Europe and Central Asia","Temperate Zone",19,0.0884909314851152,0.0463742316046145,1.09252434499227,0.997600321383257,1.19648061334398,1.90819186481809,0.0563664226991509,"","Positive"
"3GCR-Kp","Temperature","Austria","Europe and Central Asia","Temperate Zone",15,0.0182504996074607,0.0223199754872494,1.01841805776327,0.974825642337731,1.06395984608187,0.817675611601213,0.413542439980324,"","Positive"
"CR-Ab","Temperature","Austria","Europe and Central Asia","Temperate Zone",7,-0.157012437459089,0.0432948306948239,0.854693428537027,0.785158001528157,0.93038707541998,-3.62658624457586,0.000287192925397729,"***","Negative"
"CR-Ec","Temperature","Austria","Europe and Central Asia","Temperate Zone",19,0.0256522109176429,0.0098294204026239,1.02598406036128,1.00640698440447,1.0459419583006,2.60973789571511,0.00906116185916175,"**","Positive"
"CR-Kp","Temperature","Austria","Europe and Central Asia","Temperate Zone",15,-0.089447993086037,0.0374236815018259,0.914435820872741,0.849762475761039,0.984031296211705,-2.39014414126181,0.0168417614993705,"*","Negative"
"CR-Pa","Temperature","Austria","Europe and Central Asia","Temperate Zone",16,-0.0227674805558916,0.0156301701006786,0.97748974272279,0.947998258311251,1.00789868414986,-1.45663677421547,0.145216670960759,"","Negative"
"3GCR-Ec","Temperature","Bahrain","Middle East and North Africa","Temperate Zone",1,-0.660406007886799,0.375057514730235,0.516641531367337,0.247704509600065,1.07756807643326,-1.76081262726279,0.078270121908672,"","Negative"
"3GCR-Kp","Temperature","Bahrain","Middle East and North Africa","Temperate Zone",1,-0.155138373647723,0.0510587387118881,0.856296680390166,0.774751069768764,0.946425288662159,-3.03842941603259,0.00237814808578934,"**","Negative"
"CR-Ec","Temperature","Bahrain","Middle East and North Africa","Temperate Zone",1,0.0697970734056909,0.0781086790005456,1.07229056290265,0.920078821159694,1.24968320631577,0.893589218237879,0.371541717157899,"","Positive"
"CR-Kp","Temperature","Bahrain","Middle East and North Africa","Temperate Zone",1,-0.189910062064479,0.218633718789356,0.827033512285297,0.538788514821475,1.26948591446792,-0.868622018214167,0.385053907242754,"","Negative"
"3GCR-Ec","Temperature","Belarus","Europe and Central Asia","Temperate Zone",4,0.0884562889890539,0.0463921833478616,1.09248649787752,0.997530663467043,1.19648126293825,1.90670674681948,0.0565585728248352,"","Positive"
"3GCR-Kp","Temperature","Belarus","Europe and Central Asia","Temperate Zone",3,0.0162382127758215,0.0229537297391411,1.0163707690734,0.971658282533936,1.06314077571894,0.707432428644996,0.479297790396173,"","Positive"
"CR-Ab","Temperature","Belarus","Europe and Central Asia","Temperate Zone",4,-0.207192771625824,0.0478016838308566,0.812862937973116,0.740163573504629,0.892702882960983,-4.33442412528738,1.46142181384111e-05,"***","Negative"
"CR-Ec","Temperature","Belarus","Europe and Central Asia","Temperate Zone",3,0.0246333990239863,0.00947908977189771,1.02493930789137,1.0060727478921,1.04415966644741,2.59870932935101,0.00935749721298331,"**","Positive"
"CR-Kp","Temperature","Belarus","Europe and Central Asia","Temperate Zone",4,-0.0898850994854772,0.0375169064870959,0.914036202467804,0.84923593291977,0.983781004825538,-2.39585583945717,0.0165816104917904,"*","Negative"
"CR-Pa","Temperature","Belarus","Europe and Central Asia","Temperate Zone",4,-0.0228338909563066,0.0154786743912131,0.977424829393059,0.948216817188264,1.00753253875729,-1.47518388068613,0.140163113911417,"","Negative"
"3GCR-Ec","Temperature","Belgium","Europe and Central Asia","Temperate Zone",19,0.0845826717071452,0.0324301169146249,1.08826280905743,1.02124211124432,1.15968185069703,2.60815192032198,0.00910325426651004,"**","Positive"
"3GCR-Kp","Temperature","Belgium","Europe and Central Asia","Temperate Zone",11,0.0480980511160509,0.0146849338211593,1.04927353272169,1.01950333356064,1.0799130421919,3.27533318854642,0.00105537420876709,"**","Positive"
"CR-Ab","Temperature","Belgium","Europe and Central Asia","Temperate Zone",4,0.104197530821731,0.0328769273384966,1.10981965685409,1.04055971224871,1.18368956268542,3.16932083551867,0.00152795628222254,"**","Positive"
"CR-Ec","Temperature","Belgium","Europe and Central Asia","Temperate Zone",10,-0.0037223389853511,0.00657252372622129,0.996284580330401,0.983532609136404,1.00920188693659,-0.566348504836995,0.57115689330907,"","Negative"
"CR-Kp","Temperature","Belgium","Europe and Central Asia","Temperate Zone",11,-0.0349667150197823,0.0249398113802849,0.965637556949643,0.919570334888715,1.0140125839363,-1.40204408472086,0.160902082653493,"","Negative"
"CR-Pa","Temperature","Belgium","Europe and Central Asia","Temperate Zone",12,-0.00877142514652604,0.00965920997783731,0.991266931573399,0.972676745359018,1.01021242084723,-0.908089291634797,0.363831047606707,"","Negative"
"3GCR-Ec","Temperature","Bosnia and Herz.","Europe and Central Asia","Temperate Zone",3,0.0681386011599004,0.0338134537717394,1.07051367263353,1.00186597052765,1.14386510472231,2.01513284090634,0.0438907320277891,"*","Positive"
"3GCR-Kp","Temperature","Bosnia and Herz.","Europe and Central Asia","Temperate Zone",3,0.0473825418978714,0.0162436621329616,1.04852303636219,1.01566641557542,1.0824425627575,2.91698642276748,0.00353431157114675,"**","Positive"
"CR-Ab","Temperature","Bosnia and Herz.","Europe and Central Asia","Temperate Zone",3,0.115426202002702,0.033431277451964,1.1223516841854,1.05116691867696,1.19835706452719,3.45264108344508,0.000555127095259952,"***","Positive"
"CR-Ec","Temperature","Bosnia and Herz.","Europe and Central Asia","Temperate Zone",3,-0.00901552106896563,0.00682152324719396,0.991024996886189,0.977862994060281,1.00436415982496,-1.32162872459229,0.18629181342818,"","Negative"
"CR-Kp","Temperature","Bosnia and Herz.","Europe and Central Asia","Temperate Zone",3,-0.0139530504258054,0.0268367956508968,0.986143842209505,0.935613168073752,1.03940358121495,-0.519922371035349,0.603117682411855,"","Negative"
"CR-Pa","Temperature","Bosnia and Herz.","Europe and Central Asia","Temperate Zone",3,-0.00482533765334833,0.00946443162187111,0.99518628558552,0.976895469823366,1.01381956781577,-0.509839137323109,0.610164164196106,"","Negative"
"3GCR-Ec","Temperature","Bulgaria","Europe and Central Asia","Temperate Zone",19,0.0595427578993531,0.034367088126993,1.06135114115462,0.992213736395292,1.13530603690558,1.7325517273774,0.0831753755327529,"","Positive"
"3GCR-Kp","Temperature","Bulgaria","Europe and Central Asia","Temperate Zone",14,0.0436891583159469,0.0170478045604699,1.04465758129265,1.01032843521876,1.08015317010839,2.56274396864288,0.010384859798519,"*","Positive"
"CR-Ab","Temperature","Bulgaria","Europe and Central Asia","Temperate Zone",8,0.160024357011683,0.0352077404444493,1.17353945455791,1.09528782842918,1.25738168147015,4.54514703277165,5.4896919313625e-06,"***","Positive"
"CR-Ec","Temperature","Bulgaria","Europe and Central Asia","Temperate Zone",19,-0.0101036612747424,0.00690553958986152,0.989947209240529,0.976638682411258,1.0034370896139,-1.46312408223337,0.14343342932069,"","Negative"
"CR-Kp","Temperature","Bulgaria","Europe and Central Asia","Temperate Zone",14,-0.00202295762254076,0.0278522348297279,0.99797908717715,0.944959378724697,1.05397362137098,-0.0726317882535435,0.942099130148421,"","Negative"
"CR-Pa","Temperature","Bulgaria","Europe and Central Asia","Temperate Zone",13,-0.00140208980425804,0.00990103920197135,0.998598892664428,0.979406868628563,1.01816699511917,-0.141610367927729,0.887387777048217,"","Negative"
"CR-Pa","Temperature","Canada","North America","Temperate Zone",1,0.0347959241840895,0.0254712990372454,1.03540838542631,0.984986028742005,1.08841190974082,1.3660836117235,0.171912721492293,"","Positive"
"3GCR-Ec","Temperature","China","East Asia and Pacific","Temperate Zone",6,0.0947438159539934,0.0413620680795324,1.09937717615374,1.01376808147785,1.19221565319541,2.2905966832175,0.0219867509505072,"*","Positive"
"3GCR-Kp","Temperature","China","East Asia and Pacific","Temperate Zone",6,0.0259334686577834,0.0196689641739322,1.02627266690403,0.987461568318054,1.06660919333628,1.31849691872202,0.187337355853247,"","Positive"
"CR-Ab","Temperature","China","East Asia and Pacific","Temperate Zone",6,-0.166867081364111,0.0442723727038302,0.846312094510607,0.775970378267173,0.923030287463269,-3.7691018387563,0.000163836035628203,"***","Negative"
"CR-Ec","Temperature","China","East Asia and Pacific","Temperate Zone",6,0.0226283915633887,0.00883175178464069,1.02288635571236,1.0053323245702,1.04074689645517,2.56216344335467,0.0104022352363637,"*","Positive"
"CR-Kp","Temperature","China","East Asia and Pacific","Temperate Zone",6,-0.0874730112500979,0.0341666671816899,0.916243599586547,0.856895179420513,0.97970248163963,-2.56018565653296,0.0104616258234682,"*","Negative"
"CR-Pa","Temperature","China","East Asia and Pacific","Temperate Zone",7,-0.0222682989012154,0.0146175052803079,0.977977809476842,0.950356017573167,1.00640241987576,-1.52339940873592,0.127658809862491,"","Negative"
"3GCR-Ec","Temperature","Croatia","Europe and Central Asia","Temperate Zone",18,0.0300037119789407,0.0368016915505176,1.03045835898615,0.958747433276858,1.10753300895439,0.815280785062683,0.414911604953326,"","Positive"
"3GCR-Kp","Temperature","Croatia","Europe and Central Asia","Temperate Zone",14,0.0341919727974226,0.0189336042504299,1.03478323789452,0.997086361374567,1.07390532145211,1.80588821574457,0.0709358021821772,"","Positive"
"CR-Ab","Temperature","Croatia","Europe and Central Asia","Temperate Zone",7,0.222653554785236,0.0367136788533765,1.24938765437465,1.16264170082363,1.34260581725048,6.06459395350838,1.32287430303764e-09,"***","Positive"
"CR-Ec","Temperature","Croatia","Europe and Central Asia","Temperate Zone",18,-0.0171096040381346,0.00739770325010264,0.983035934022066,0.968885242973637,0.997393297696175,-2.31282648947796,0.0207321807593832,"*","Negative"
"CR-Kp","Temperature","Croatia","Europe and Central Asia","Temperate Zone",14,0.0290001549384643,0.0300677088637105,1.02942475397261,0.970510988003676,1.09191481311446,0.964495002592807,0.334797812689102,"","Positive"
"CR-Pa","Temperature","Croatia","Europe and Central Asia","Temperate Zone",15,0.00405794729464993,0.0107950247776607,1.00406619191107,0.983045079020393,1.02553681337119,0.375909030153174,0.70698452697761,"","Positive"
"3GCR-Ec","Temperature","Cyprus","Europe and Central Asia","Temperate Zone",16,-0.324747934374343,0.108786225618791,0.72270950090709,0.583933053824416,0.894467301141046,-2.98519350705599,0.00283398982370047,"**","Negative"
"3GCR-Kp","Temperature","Cyprus","Europe and Central Asia","Temperate Zone",13,-0.0950110816088153,0.0401930653312292,0.909362857208941,0.840473807465737,0.9838983662854,-2.36386751858395,0.0180852785979897,"*","Negative"
"CR-Ab","Temperature","Cyprus","Europe and Central Asia","Temperate Zone",6,0.290972229278361,0.073716545244344,1.337727433778,1.15776080674448,1.54566873974101,3.94717669301907,7.90781972808752e-05,"***","Positive"
"CR-Ec","Temperature","Cyprus","Europe and Central Asia","Temperate Zone",16,-0.0382245874174299,0.0210403339667911,0.962496751955644,0.923611600035779,1.00301901523246,-1.81672912025834,0.0692586005564474,"","Negative"
"CR-Kp","Temperature","Cyprus","Europe and Central Asia","Temperate Zone",13,0.209110108792888,0.0735016717889654,1.23258070903267,1.06720900283824,1.42357794981022,2.84497078370238,0.00444154967533888,"**","Positive"
"CR-Pa","Temperature","Cyprus","Europe and Central Asia","Temperate Zone",15,0.0616891173251694,0.0411829307295424,1.06363162867799,0.981150489596005,1.15304660551107,1.49792926905314,0.134151628246604,"","Positive"
"3GCR-Ec","Temperature","Czechia","Europe and Central Asia","Temperate Zone",17,0.0967840864339493,0.0386163246793471,1.10162249270024,1.021320185643,1.18823864786246,2.50629978998782,0.0122002129066823,"*","Positive"
"3GCR-Kp","Temperature","Czechia","Europe and Central Asia","Temperate Zone",13,0.0329588826029177,0.017299921858407,1.03350804320705,0.999051485884609,1.06915298206867,1.90514632798189,0.0567610526962729,"","Positive"
"CR-Ab","Temperature","Czechia","Europe and Central Asia","Temperate Zone",5,-0.0540862080948943,0.0327050921707818,0.947350433705334,0.888528825751278,1.01006609828651,-1.65375495083344,0.0981773125657759,"","Negative"
"CR-Ec","Temperature","Czechia","Europe and Central Asia","Temperate Zone",14,0.0179556705009416,0.00794440144967105,1.01811784273547,1.00238748918368,1.0340950509473,2.26016656065198,0.0238109153848119,"*","Positive"
"CR-Kp","Temperature","Czechia","Europe and Central Asia","Temperate Zone",12,-0.0791678107323857,0.0290855663481348,0.923884873638571,0.872689443917929,0.978083630651123,-2.72189338810873,0.00649090789198617,"**","Negative"
"CR-Pa","Temperature","Czechia","Europe and Central Asia","Temperate Zone",13,-0.0204715331043105,0.013258075696997,0.979736586136751,0.954605262666951,1.00552952697243,-1.54408027018185,0.122568887875315,"","Negative"
"3GCR-Ec","Temperature","Denmark","Europe and Central Asia","Temperate Zone",15,0.0979324092513826,0.0365987571802083,1.10288823754756,1.02654505171401,1.18490899399867,2.67583974967167,0.00745422776006786,"**","Positive"
"3GCR-Kp","Temperature","Denmark","Europe and Central Asia","Temperate Zone",14,0.0357785902866751,0.0163453422600015,1.03642634622487,1.00374872842846,1.07016780268388,2.1889165560166,0.0286029055066915,"*","Positive"
"CR-Ab","Temperature","Denmark","Europe and Central Asia","Temperate Zone",8,-0.0655306411396777,0.0341860384511702,0.936570348737086,0.875872035857864,1.00147508108805,-1.91688315197091,0.0552527779442113,"","Negative"
"CR-Ec","Temperature","Denmark","Europe and Central Asia","Temperate Zone",15,0.0160884506606889,0.00761375458235668,1.01621856663463,1.00116617112864,1.0314972728341,2.11307712727839,0.0345941670227802,"*","Positive"
"CR-Kp","Temperature","Denmark","Europe and Central Asia","Temperate Zone",14,-0.0775312382039643,0.0286500051522671,0.925398116170018,0.874865386637631,0.978849645317745,-2.70615093407162,0.00680681008678151,"**","Negative"
"CR-Pa","Temperature","Denmark","Europe and Central Asia","Temperate Zone",14,-0.0193229065120305,0.0125558221869368,0.980862584184869,0.957018728224184,1.00530050319814,-1.53895987250714,0.123814092897176,"","Negative"
"3GCR-Kp","Temperature","Egypt","Middle East and North Africa","Temperate Zone",2,-0.135286336820998,0.0365997067913625,0.873465770465457,0.813001957139092,0.938426341382456,-3.69637761286452,0.000218697612964742,"***","Negative"
"CR-Kp","Temperature","Egypt","Middle East and North Africa","Temperate Zone",2,0.0883558293442802,0.114454543968308,1.0923767525846,0.872864386761979,1.36709320220286,0.771973101991878,0.440130358695482,"","Positive"
"3GCR-Ec","Temperature","Estonia","Europe and Central Asia","Temperate Zone",19,0.0703624224289254,0.0568994052740363,1.0728969527198,0.959675174274023,1.19947655416452,1.23661085893691,0.216231586560294,"","Positive"
"3GCR-Kp","Temperature","Estonia","Europe and Central Asia","Temperate Zone",15,-0.0071251341482709,0.0291157392511287,0.992900189439696,0.937824935726566,1.05120982459867,-0.244717610870714,0.806675091080329,"","Negative"
"CR-Ec","Temperature","Estonia","Europe and Central Asia","Temperate Zone",19,0.0326685337710676,0.0119646836779252,1.03320800891341,1.00926036809003,1.05772387724193,2.73041349445291,0.00632549314958836,"**","Positive"
"CR-Kp","Temperature","Estonia","Europe and Central Asia","Temperate Zone",13,-0.095299078188491,0.0485115772626412,0.909101001524961,0.826643486322509,0.999783636656211,-1.96446051779646,0.0494767106400123,"*","Negative"
"CR-Pa","Temperature","Estonia","Europe and Central Asia","Temperate Zone",12,-0.0236819302573138,0.0182246112428461,0.976596286092249,0.942327718610837,1.01211105984992,-1.29944776005084,0.193790310283707,"","Negative"
"3GCR-Ec","Temperature","Finland","Europe and Central Asia","Temperate Zone",19,-0.0139773105296847,0.0695921385239219,0.98611991854765,0.860382774578964,1.13023240642201,-0.200846113169522,0.840818904441226,"","Negative"
"3GCR-Kp","Temperature","Finland","Europe and Central Asia","Temperate Zone",15,-0.116227439629438,0.0491799081932499,0.890272716972517,0.808463246649172,0.980360596317331,-2.36331143955633,0.0181124412112097,"*","Negative"
"CR-Ab","Temperature","Finland","Europe and Central Asia","Temperate Zone",4,-1.1373725858413,0.155824931818053,0.320660423714039,0.236267780939444,0.435197329604669,-7.29904112628997,2.89825729691458e-13,"***","Negative"
"CR-Ec","Temperature","Finland","Europe and Central Asia","Temperate Zone",19,0.0421087905202477,0.0147218425443254,1.04300794195542,1.01334220245394,1.07354215027033,2.86029349882421,0.00423249097862786,"**","Positive"
"CR-Kp","Temperature","Finland","Europe and Central Asia","Temperate Zone",15,-0.0840410854206665,0.0818365399844951,0.919393481651189,0.78314242436605,1.07934948714718,-1.02693839984668,0.30444947116794,"","Negative"
"CR-Pa","Temperature","Finland","Europe and Central Asia","Temperate Zone",16,-0.0139700777801038,0.0183570631797358,0.986127050931871,0.951277061729332,1.02225376780533,-0.76101921333066,0.446645591394663,"","Negative"
"3GCR-Ec","Temperature","France","Europe and Central Asia","Temperate Zone",18,0.0575304904179249,0.034523640719302,1.05921756614864,0.989915349176257,1.13337150835318,1.66640856002652,0.0956320670118925,"","Positive"
"3GCR-Kp","Temperature","France","Europe and Central Asia","Temperate Zone",15,0.0439744929823676,0.016993259928348,1.04495570084503,1.01072480634338,1.0803459159956,2.58776086329438,0.0096602019142319,"**","Positive"
"CR-Ab","Temperature","France","Europe and Central Asia","Temperate Zone",8,0.153768532271616,0.0348089437166178,1.16622091302901,1.08930840341633,1.24856396381475,4.41750067234034,9.98487600966838e-06,"***","Positive"
"CR-Ec","Temperature","France","Europe and Central Asia","Temperate Zone",18,-0.0107559736277835,0.00693940023301326,0.989301665018208,0.975937044647431,1.00284930239673,-1.5499860602669,0.121144861827141,"","Negative"
"CR-Kp","Temperature","France","Europe and Central Asia","Temperate Zone",15,-0.00403544104706556,0.0276254400105307,0.995972690403483,0.943478875937425,1.05138718558373,-0.146076987209155,0.883860613074771,"","Negative"
"CR-Pa","Temperature","France","Europe and Central Asia","Temperate Zone",16,-0.00202593669671727,0.0098320070834872,0.997976114127852,0.978928502198899,1.01739434711787,-0.206055251945437,0.836747752411529,"","Negative"
"3GCR-Kp","Temperature","Georgia","Europe and Central Asia","Temperate Zone",1,0.0262667400595797,0.0195377357077646,1.02661475123465,0.988044816011355,1.06669032656557,1.34441065497374,0.178815630212959,"","Positive"
"CR-Ab","Temperature","Georgia","Europe and Central Asia","Temperate Zone",1,-0.0429088287058932,0.0311603399063508,0.957998728069402,0.901240532833624,1.01833143267206,-1.3770333967746,0.168501922712407,"","Negative"
"CR-Kp","Temperature","Georgia","Europe and Central Asia","Temperate Zone",1,-0.0712198734505383,0.0235138481827847,0.931257110901128,0.889312118295979,0.975180466747314,-3.02884805995646,0.00245488113014451,"**","Negative"
"3GCR-Ec","Temperature","Germany","Europe and Central Asia","Temperate Zone",20,0.0980034307856131,0.0327207449808187,1.10296656914385,1.03445091664268,1.17602027614538,2.99514668272571,0.00274312892333579,"**","Positive"
"3GCR-Kp","Temperature","Germany","Europe and Central Asia","Temperate Zone",15,0.044541374429405,0.013759065853158,1.04554823477719,1.01772892969535,1.07412797194724,3.2372382620134,0.00120692597508194,"**","Positive"
"CR-Ab","Temperature","Germany","Europe and Central Asia","Temperate Zone",8,0.00512388701461101,0.029806866501296,1.00513703657304,0.948097843767344,1.06560780507244,0.171902907485704,0.863513860771477,"","Positive"
"CR-Ec","Temperature","Germany","Europe and Central Asia","Temperate Zone",19,0.00938992614964804,0.00667740790086292,1.00943414981681,0.996309035082448,1.022732171381,1.40622323647992,0.159657846284526,"","Positive"
"CR-Kp","Temperature","Germany","Europe and Central Asia","Temperate Zone",15,-0.063112935792603,0.023979053038261,0.938837439351371,0.895733915205989,0.984015143967329,-2.63200284397804,0.00848831523298572,"**","Negative"
"CR-Pa","Temperature","Germany","Europe and Central Asia","Temperate Zone",16,-0.015644673682927,0.010692884143417,0.984477068525189,0.964059054296683,1.0053275202721,-1.46309204075296,0.143442195467713,"","Negative"
"CR-Pa","Temperature","Ghana","Sub-Saharan Africa","Tropical Zone",1,0.0525717346093097,0.0329253790549311,1.05397816607876,0.98810925206121,1.12423800531515,1.59669337508921,0.110334073126129,"","Positive"
"3GCR-Ec","Temperature","Greece","Europe and Central Asia","Temperate Zone",20,-0.162804627957308,0.0692619134869775,0.849757190996127,0.741887267172521,0.973311331250699,-2.35056497519259,0.0187449346420274,"*","Negative"
"3GCR-Kp","Temperature","Greece","Europe and Central Asia","Temperate Zone",15,-0.0386671550709949,0.0324214129318995,0.96207087627292,0.902837114528931,1.02519087449731,-1.19264250303385,0.233009412511426,"","Negative"
"CR-Ab","Temperature","Greece","Europe and Central Asia","Temperate Zone",8,0.401924107004327,0.0593796488608219,1.4946978912708,1.33048028719394,1.67918443262415,6.76871815032764,1.29928370487517e-11,"***","Positive"
"CR-Ec","Temperature","Greece","Europe and Central Asia","Temperate Zone",20,-0.0408030692981149,0.013569823208708,0.960018168385175,0.934821270242065,0.98589421632541,-3.00689763385649,0.00263928623140126,"**","Negative"
"CR-Kp","Temperature","Greece","Europe and Central Asia","Temperate Zone",15,0.176068399054602,0.051901614459922,1.19251962307599,1.07717431205705,1.32021626908791,3.39234917616216,0.00069296070314741,"***","Positive"
"CR-Pa","Temperature","Greece","Europe and Central Asia","Temperate Zone",16,0.0355434736991802,0.0227859826901351,1.03618269384363,0.990924381933314,1.08350808053213,1.55988329239661,0.118787463409768,"","Positive"
"3GCR-Ec","Temperature","Hungary","Europe and Central Asia","Temperate Zone",19,0.0679110025049019,0.0336950717103452,1.0702700528863,1.00187040898941,1.14333947367573,2.01545801975699,0.0438566804569198,"*","Positive"
"3GCR-Kp","Temperature","Hungary","Europe and Central Asia","Temperate Zone",15,0.0453710050196746,0.0163897644956049,1.04641601349447,1.01333519772476,1.08057676843382,2.76825240727781,0.00563577893808727,"**","Positive"
"CR-Ab","Temperature","Hungary","Europe and Central Asia","Temperate Zone",8,0.140436035603991,0.03449523336151,1.15077546855284,1.07554270732868,1.23127065991841,4.07117221478753,4.67771501025512e-05,"***","Positive"
"CR-Ec","Temperature","Hungary","Europe and Central Asia","Temperate Zone",19,-0.00738299191413336,0.00675419536870831,0.992644195421564,0.979589948441919,1.00587240637917,-1.09309718050772,0.27435113379767,"","Negative"
"CR-Kp","Temperature","Hungary","Europe and Central Asia","Temperate Zone",15,-0.0122099982401123,0.0269212753030868,0.987864241326216,0.937090236423015,1.04138931488183,-0.453544570331417,0.650156656832269,"","Negative"
"CR-Pa","Temperature","Hungary","Europe and Central Asia","Temperate Zone",16,-0.00410382072371046,0.00967987162597399,0.995904588441388,0.977187853956292,1.01497981709766,-0.423954044255988,0.671599328829962,"","Negative"
"3GCR-Ec","Temperature","Iceland","Europe and Central Asia","Temperate Zone",19,-0.0185764160505826,0.0696656259820663,0.981595062107831,0.856311520715914,1.12520834140936,-0.266651103592533,0.789737804733979,"","Negative"
"3GCR-Kp","Temperature","Iceland","Europe and Central Asia","Temperate Zone",1,-0.142311835040058,0.0541301857355482,0.867350743956477,0.780042402121562,0.964431306549175,-2.62906607664934,0.00856197227172975,"**","Negative"
"CR-Ec","Temperature","Iceland","Europe and Central Asia","Temperate Zone",10,0.0423434007201045,0.0147710227287925,1.04325267096397,1.01348227329181,1.07389755514755,2.86665327767496,0.00414837220754032,"**","Positive"
"3GCR-Ec","Temperature","India","South Asia","Tropical Zone",10,0.0857701566094512,0.0482141895805372,1.08955587230752,0.991308337834467,1.19754061735536,1.77894012853167,0.0752495782341553,"","Positive"
"3GCR-Kp","Temperature","India","South Asia","Tropical Zone",10,0.0239565374155884,0.0206019712955677,1.02424580055364,0.983710801222723,1.06645109380501,1.1628274339331,0.244899524084384,"","Positive"
"CR-Ab","Temperature","India","South Asia","Tropical Zone",10,-0.359023035616932,0.0609730039964539,0.698358264052832,0.619693595783161,0.787008722196863,-5.8882294144112,3.90355007496547e-09,"***","Negative"
"CR-Ec","Temperature","India","South Asia","Tropical Zone",10,0.0317503639812904,0.0117145521236867,1.03225978391546,1.00882858591342,1.05623519829625,2.71033528606625,0.00672152240547552,"**","Positive"
"CR-Kp","Temperature","India","South Asia","Tropical Zone",10,-0.093040604934529,0.0439301483910597,0.911156502094878,0.835985763138561,0.993086494909805,-2.117921480854,0.0341817180534697,"*","Negative"
"CR-Pa","Temperature","India","South Asia","Tropical Zone",7,-0.0228119426942342,0.0190650762494149,0.977446282404797,0.941595509419541,1.01466205544664,-1.19653036766293,0.231489655275469,"","Negative"
"3GCR-Ec","Temperature","Ireland","Europe and Central Asia","Temperate Zone",18,0.0981238064353128,0.0316616737462146,1.10309934745269,1.03672522793059,1.17372292828203,3.09913516328378,0.00194086453715279,"**","Positive"
"3GCR-Kp","Temperature","Ireland","Europe and Central Asia","Temperate Zone",15,0.046311229955606,0.0129746369627881,1.04740034259659,1.0211004737182,1.07437760133114,3.569366147849,0.000357845995777563,"***","Positive"
"CR-Ab","Temperature","Ireland","Europe and Central Asia","Temperate Zone",7,-0.0102263106448845,0.0289373593356772,0.98982580028436,0.935248008678173,1.04758856027216,-0.353394742286535,0.723792526922483,"","Negative"
"CR-Ec","Temperature","Ireland","Europe and Central Asia","Temperate Zone",18,0.00823433758423675,0.00639988655515791,1.00826833298777,0.995699832248686,1.02099548315686,1.28663805416994,0.198220473457559,"","Positive"
"CR-Kp","Temperature","Ireland","Europe and Central Asia","Temperate Zone",14,-0.065022478713401,0.0228428493660182,0.937046399543202,0.896018280859111,0.979953170213212,-2.84651348312661,0.00442008573700544,"**","Negative"
"CR-Pa","Temperature","Ireland","Europe and Central Asia","Temperate Zone",15,-0.0157056893943858,0.0103686452832073,0.984417001788964,0.964613058069376,1.00462752945801,-1.51472916329987,0.129841005819226,"","Negative"
"3GCR-Ec","Temperature","Italy","Europe and Central Asia","Temperate Zone",18,-0.0914880966233002,0.0545595776523709,0.91257217877777,0.820021377598205,1.0155686232454,-1.67684759596603,0.0935722877672645,"","Negative"
"3GCR-Kp","Temperature","Italy","Europe and Central Asia","Temperate Zone",15,-0.010212398131212,0.0265448101212407,0.989839571345134,0.939657129631462,1.04270200917328,-0.38472296786332,0.700442676661919,"","Negative"
"CR-Ab","Temperature","Italy","Europe and Central Asia","Temperate Zone",8,0.36533290265605,0.0485508919843502,1.44099363891936,1.31019129643724,1.58485457280361,7.52474131214336,5.28248060195587e-14,"***","Positive"
"CR-Ec","Temperature","Italy","Europe and Central Asia","Temperate Zone",13,-0.0358028722222788,0.0109578839677921,0.964830469624362,0.944329313334323,0.985776700956861,-3.26731623801749,0.0010857232623354,"**","Negative"
"CR-Kp","Temperature","Italy","Europe and Central Asia","Temperate Zone",14,0.130185263917866,0.0413841334294225,1.13903938667774,1.05029634995085,1.23528061814546,3.14577721289941,0.00165646132496795,"**","Positive"
"CR-Pa","Temperature","Italy","Europe and Central Asia","Temperate Zone",15,0.0246662230832854,0.0176116978994598,1.02497295111214,0.990195674078307,1.06097166248421,1.400559061602,0.161345970221785,"","Positive"
"3GCR-Ec","Temperature","Japan","East Asia and Pacific","Temperate Zone",1,0.0453258653554318,0.0353342057475434,1.04636877969303,0.976354854801022,1.1214033685933,1.28277583708198,0.199570621810229,"","Positive"
"3GCR-Kp","Temperature","Japan","East Asia and Pacific","Temperate Zone",1,0.0413723647189264,0.017912994648428,1.04224012675014,1.00628254814287,1.07948258052661,2.30962859817284,0.0209087249156368,"*","Positive"
"CR-Ab","Temperature","Japan","East Asia and Pacific","Temperate Zone",1,0.194464809095455,0.0360415037520157,1.21466073712286,1.13181604452775,1.30356935072737,5.39557978583453,6.83026322334564e-08,"***","Positive"
"CR-Ec","Temperature","Japan","East Asia and Pacific","Temperate Zone",1,-0.0184991106912263,0.0074249347730679,0.98167094759999,0.967488265487891,0.996061537631045,-2.49148460648129,0.0127210479344784,"*","Negative"
"CR-Kp","Temperature","Japan","East Asia and Pacific","Temperate Zone",1,0.0263780243951369,0.0298923911464601,1.02672900373225,0.968302188469626,1.08868126051755,0.882432732326287,0.377542841425393,"","Positive"
"3GCR-Kp","Temperature","Kosovo","Europe and Central Asia","Temperate Zone",3,0.0486183090292888,0.0127317326760271,1.04981956760741,1.0239463298463,1.07634657443114,3.81867183881685,0.000134172106892055,"***","Positive"
"CR-Ab","Temperature","Kosovo","Europe and Central Asia","Temperate Zone",4,0.0198836440847671,0.0285771004554133,1.02008264047195,0.964517335913394,1.07884903116521,0.695789417676928,0.486560717419191,"","Positive"
"CR-Kp","Temperature","Kosovo","Europe and Central Asia","Temperate Zone",3,-0.0542502524599201,0.0224042893662359,0.947195038951145,0.906501440583286,0.989715406559502,-2.42142259337523,0.0154598931991691,"*","Negative"
"3GCR-Ec","Temperature","Latvia","Europe and Central Asia","Temperate Zone",14,0.0798727362096358,0.05201917634185,1.0831492132288,0.978157235455547,1.19941066281821,1.5354479218345,0.124673840057461,"","Positive"
"3GCR-Kp","Temperature","Latvia","Europe and Central Asia","Temperate Zone",12,0.00351868833311615,0.0265239271493425,1.00352488618421,0.952687625831432,1.05707492139635,0.13266091078083,0.894461558230258,"","Positive"
"CR-Ab","Temperature","Latvia","Europe and Central Asia","Temperate Zone",6,-0.245589236355231,0.0510676412396246,0.782243476123153,0.70773764407051,0.864592778219201,-4.80909692309564,1.51613684920872e-06,"***","Negative"
"CR-Ec","Temperature","Latvia","Europe and Central Asia","Temperate Zone",14,0.0293029148858834,0.0109501531342702,1.02973646974214,1.00787143285414,1.05207585268512,2.67602786249403,0.00745004513234459,"**","Positive"
"CR-Kp","Temperature","Latvia","Europe and Central Asia","Temperate Zone",12,-0.0936668868178915,0.044920132954249,0.91058603993841,0.833842830176878,0.99439235563713,-2.08518721245306,0.0370523101914112,"*","Negative"
"CR-Pa","Temperature","Latvia","Europe and Central Asia","Temperate Zone",3,-0.022550976871889,0.0151956139410554,0.977701395764169,0.949011483136357,1.00725864361523,-1.48404513034916,0.137796948213663,"","Negative"
"3GCR-Ec","Temperature","Lebanon","Middle East and North Africa","Temperate Zone",1,-0.240988413024155,0.0860601485871391,0.785850731969041,0.663871744354776,0.930241990546671,-2.80023236051173,0.00510658338049447,"**","Negative"
"CR-Ec","Temperature","Lebanon","Middle East and North Africa","Temperate Zone",1,-0.0425329595265793,0.0178026338855961,0.958358877945484,0.925495395673236,0.992389311962827,-2.38913858476819,0.0168879306719933,"*","Negative"
"3GCR-Ec","Temperature","Lithuania","Europe and Central Asia","Temperate Zone",14,0.08662308532794,0.0477273206978972,1.09048558223319,0.993101441816285,1.19741927157372,1.81495805884944,0.0695303551117272,"","Positive"
"3GCR-Kp","Temperature","Lithuania","Europe and Central Asia","Temperate Zone",14,0.0136233588486615,0.0237472523573453,1.01371657964759,0.967614750665988,1.0620149218944,0.573681478752116,0.566183363847523,"","Positive"
"CR-Ab","Temperature","Lithuania","Europe and Central Asia","Temperate Zone",6,-0.182822933359176,0.0456513768066302,0.832915624252505,0.76162601944588,0.910878067990213,-4.00476275082734,6.20797547433908e-05,"***","Negative"
"CR-Ec","Temperature","Lithuania","Europe and Central Asia","Temperate Zone",13,0.0262214486577136,0.0100420570113247,1.02656825546632,1.00656044296293,1.04697377142008,2.61116309418907,0.00902348486743481,"**","Positive"
"CR-Kp","Temperature","Lithuania","Europe and Central Asia","Temperate Zone",13,-0.090785810068867,0.0400338877917285,0.913213291044788,0.844295919648137,0.987756183031664,-2.267724047716,0.0233460311998691,"*","Negative"
"CR-Pa","Temperature","Lithuania","Europe and Central Asia","Temperate Zone",10,-0.0227614712878731,0.015756899762201,0.977495616738289,0.947768509514484,1.0081551255929,-1.44453995591666,0.148587148862561,"","Negative"
"3GCR-Ec","Temperature","Luxembourg","Europe and Central Asia","Temperate Zone",19,0.0979560456020096,0.0324310886523996,1.10291430610872,1.03498932416044,1.17529711488185,3.02043655246713,0.00252410585646507,"**","Positive"
"3GCR-Kp","Temperature","Luxembourg","Europe and Central Asia","Temperate Zone",12,0.0449963701584469,0.0137573555161878,1.04602406300022,1.01819551062418,1.07461320439797,3.27071362701221,0.00107276483333875,"**","Positive"
"CR-Ec","Temperature","Luxembourg","Europe and Central Asia","Temperate Zone",17,0.00858131737357973,0.00661191946117725,1.0086182424238,0.995631524897107,1.0217743547797,1.29785570195857,0.194336924573659,"","Positive"
"CR-Kp","Temperature","Luxembourg","Europe and Central Asia","Temperate Zone",10,-0.0584915150423397,0.0232608896319139,0.943186243261054,0.901150626139452,0.987182679201997,-2.51458632786295,0.0119172122619057,"*","Negative"
"CR-Pa","Temperature","Luxembourg","Europe and Central Asia","Temperate Zone",11,-0.0151355802909625,0.0106646687251995,0.984978386893423,0.964603318572057,1.00578383255344,-1.41922648335045,0.155832997307269,"","Negative"
"3GCR-Ec","Temperature","Malawi","Sub-Saharan Africa","Tropical Zone",12,0.00659310862050478,0.0686573503920055,1.00661489100604,0.879875113421188,1.15161063580402,0.0960291736115772,0.923497402436341,"","Positive"
"3GCR-Kp","Temperature","Malawi","Sub-Saharan Africa","Tropical Zone",11,-0.0755245823418398,0.0414607079570912,0.927256936106853,0.854885642940395,1.00575490144033,-1.8215941324495,0.0685165918967155,"","Negative"
"3GCR-Ec","Temperature","Malaysia","East Asia and Pacific","Tropical Zone",4,-0.0465182145466591,0.0461335868715402,0.95454717376759,0.872022506835672,1.04488163987194,-1.00833725927684,0.313292581691933,"","Negative"
"3GCR-Kp","Temperature","Malaysia","East Asia and Pacific","Tropical Zone",4,-0.00650259691018399,0.0257370141323454,0.993518499221789,0.944643997574323,1.04492169624807,-0.252655450890543,0.800534476145101,"","Negative"
"CR-Ab","Temperature","Malaysia","East Asia and Pacific","Tropical Zone",4,0.314023169318815,0.0415552364698833,1.36892145315753,1.26184496237318,1.48508414329329,7.55676530793898,4.13216571504631e-14,"***","Positive"
"CR-Ec","Temperature","Malaysia","East Asia and Pacific","Tropical Zone",4,-0.0294852702219653,0.00903081383030699,0.970945179342839,0.953910273082901,0.988284294540948,-3.26496269062863,0.0010947849590201,"**","Negative"
"CR-Kp","Temperature","Malaysia","East Asia and Pacific","Tropical Zone",4,0.0996626767906738,0.0364005187815242,1.10479818114465,1.02872241646492,1.18649987744497,2.73794660424619,0.00618241129007252,"**","Positive"
"3GCR-Ec","Temperature","Malta","Middle East and North Africa","Temperate Zone",19,-0.383613867613012,0.130133605521184,0.681394484867655,0.527991161798201,0.879367833406105,-2.94784630055119,0.00319996120114896,"**","Negative"
"3GCR-Kp","Temperature","Malta","Middle East and North Africa","Temperate Zone",13,-0.110450241882192,0.0399425993598182,0.895430884036436,0.828003633246669,0.968348973231391,-2.76522418802076,0.00568836866569496,"**","Negative"
"CR-Ec","Temperature","Malta","Middle East and North Africa","Temperate Zone",19,-0.0311083498164891,0.0248321819524338,0.969370536266055,0.923319983900143,1.01771785834364,-1.25274331011577,0.210299138672238,"","Negative"
"CR-Kp","Temperature","Malta","Middle East and North Africa","Temperate Zone",13,0.191929324277241,0.0810963516615157,1.21158488430148,1.0335303593854,1.4203142835018,2.36668259847651,0.0179483180334416,"*","Positive"
"CR-Pa","Temperature","Malta","Middle East and North Africa","Temperate Zone",13,0.0709555712825941,0.0510648385816641,1.07353352909102,0.971288719616904,1.1865413597485,1.38951915355848,0.164674940757152,"","Positive"
"3GCR-Ec","Temperature","Mexico","Latin America and the Caribbean","Temperate Zone",7,-0.433796891103998,0.155926620849927,0.648043865593408,0.47739403115646,0.879694391477655,-2.78205792403794,0.00540153985301828,"**","Negative"
"3GCR-Kp","Temperature","Mexico","Latin America and the Caribbean","Temperate Zone",5,-0.12077982844895,0.0387877396171587,0.886229060541094,0.821351768283318,0.956230908699561,-3.11386612473597,0.00184653253356476,"**","Negative"
"CR-Ab","Temperature","Mexico","Latin America and the Caribbean","Temperate Zone",5,0.0511075927331747,0.0804831082396405,1.05243612167064,0.898849830183154,1.2322656721996,0.635010176060802,0.525421778191708,"","Positive"
"CR-Ec","Temperature","Mexico","Latin America and the Caribbean","Temperate Zone",7,-0.0207875449718043,0.0299734758710571,0.979427026663323,0.923545180261626,1.03869017029228,-0.693531342885632,0.487976163316801,"","Negative"
"CR-Kp","Temperature","Mexico","Latin America and the Caribbean","Temperate Zone",7,0.16149602142543,0.0907814546265039,1.17526778225856,0.983698698389587,1.40414373046971,1.77895388534874,0.0752473226321347,"","Positive"
"CR-Pa","Temperature","Mexico","Latin America and the Caribbean","Temperate Zone",8,0.0803326694418702,0.0631465050341068,1.08364750412892,0.957495286720107,1.22642056779973,1.27216335090091,0.203315086176922,"","Positive"
"3GCR-Ec","Temperature","Netherlands","Europe and Central Asia","Temperate Zone",20,0.0895960207224253,0.0321319087140284,1.09373234924073,1.02697488881832,1.16482931062911,2.78838152815083,0.00529721182607136,"**","Positive"
"3GCR-Kp","Temperature","Netherlands","Europe and Central Asia","Temperate Zone",15,0.0483261997242231,0.0140666581127898,1.04951295032813,1.02097244423594,1.07885128450335,3.43551391785684,0.000591431083207882,"***","Positive"
"CR-Ab","Temperature","Netherlands","Europe and Central Asia","Temperate Zone",8,0.0595047517132078,0.0309160625378106,1.06131080401212,0.998909863769791,1.12760987108687,1.92471960620577,0.0542644463084511,"","Positive"
"CR-Ec","Temperature","Netherlands","Europe and Central Asia","Temperate Zone",20,0.00163186241230375,0.00642610080670148,1.00163319462433,0.989096582732178,1.01432870569831,0.25394285919106,0.799539702957656,"","Positive"
"CR-Kp","Temperature","Netherlands","Europe and Central Asia","Temperate Zone",15,-0.0446891992783548,0.0240536675655281,0.956294652718415,0.912256217879597,1.00245900756199,-1.85789543971248,0.0631838641258247,"","Negative"
"CR-Pa","Temperature","Netherlands","Europe and Central Asia","Temperate Zone",16,-0.0109368223090743,0.00974337799108978,0.989122767293887,0.970412691149526,1.00819358372176,-1.12248773670445,0.261655118819418,"","Negative"
"3GCR-Ec","Temperature","New Zealand","East Asia and Pacific","Temperate Zone",11,0.0850016065688767,0.0323066600366538,1.08871881579876,1.02191728380759,1.15988708543795,2.63108617456702,0.0085112451504748,"**","Positive"
"3GCR-Kp","Temperature","New Zealand","East Asia and Pacific","Temperate Zone",9,0.0496364122835757,0.0143042928794748,1.05088893659726,1.02183496692662,1.08076900165604,3.4700360725135,0.000520388470665602,"***","Positive"
"CR-Ec","Temperature","New Zealand","East Asia and Pacific","Temperate Zone",11,-0.00173084030374733,0.00641726045782955,0.998270656736494,0.98579321171562,1.01090603207419,-0.269716386785512,0.787378452782981,"","Negative"
"CR-Kp","Temperature","New Zealand","East Asia and Pacific","Temperate Zone",9,-0.0363884449794555,0.0242191864021636,0.964265656571763,0.919561778324208,1.01114278383584,-1.5024635582393,0.132977432537112,"","Negative"
"3GCR-Ec","Temperature","North Macedonia","Europe and Central Asia","Temperate Zone",4,0.0718664954495074,0.0335444843718841,1.07451188226178,1.00613806728306,1.14753215554158,2.14242361434965,0.0321594093327145,"*","Positive"
"3GCR-Kp","Temperature","North Macedonia","Europe and Central Asia","Temperate Zone",2,0.0479485129721767,0.0160515411072303,1.04911663803636,1.01662416118022,1.08264761180469,2.98715946661214,0.0028158280208173,"**","Positive"
"CR-Ab","Temperature","North Macedonia","Europe and Central Asia","Temperate Zone",1,0.0999404052408031,0.0327685872028569,1.1051050576434,1.03635937870155,1.17841090024113,3.04988447082302,0.00228929409451008,"**","Positive"
"CR-Ec","Temperature","North Macedonia","Europe and Central Asia","Temperate Zone",4,-0.00757642216232832,0.00673491278892952,0.992452206577298,0.979437500460406,1.00563985131991,-1.12494733039187,0.260611353854666,"","Negative"
"CR-Kp","Temperature","North Macedonia","Europe and Central Asia","Temperate Zone",2,-0.0144092070608121,0.0268985132645053,0.985694108735063,0.935073359830729,1.03905524179503,-0.535687861969166,0.592174293857947,"","Negative"
"3GCR-Ec","Temperature","Norway","Europe and Central Asia","Polar Zone",20,-0.00989510822877068,0.059486158468569,0.99015368727643,0.881184742353933,1.1125979346943,-0.166343036489724,0.867886999571663,"","Negative"
"3GCR-Kp","Temperature","Norway","Europe and Central Asia","Polar Zone",15,-0.0143455139778056,0.0427034568503155,0.985756892631178,0.906608749703158,1.07181477311799,-0.335933318655902,0.736921150982043,"","Negative"
"CR-Ab","Temperature","Norway","Europe and Central Asia","Polar Zone",6,0.115022000634985,0.0532195110390442,1.12189811977145,1.01076933528634,1.24524493097146,2.16127503596567,0.0306741001234225,"*","Positive"
"CR-Ec","Temperature","Norway","Europe and Central Asia","Polar Zone",20,-0.00803076292912442,0.012898986023005,0.992001397498979,0.96723598452069,1.01740091186493,-0.622588699204867,0.533554839301253,"","Negative"
"CR-Kp","Temperature","Norway","Europe and Central Asia","Polar Zone",15,0.041868586824801,0.0711240400975338,1.04275743768061,0.907071018250501,1.1987408394278,0.588669973856741,0.556082683832524,"","Positive"
"CR-Pa","Temperature","Norway","Europe and Central Asia","Polar Zone",16,0.00344055853530413,0.0156722897511775,1.00344648405057,0.973091531903829,1.03474833902157,0.219531325028344,0.826236181099814,"","Positive"
"3GCR-Ec","Temperature","Oman","Middle East and North Africa","Tropical Zone",1,-0.263331921171337,0.0912990867936066,0.768486777942251,0.642570891530619,0.919076689679027,-2.88427771207211,0.00392312616112525,"**","Negative"
"3GCR-Kp","Temperature","Oman","Middle East and North Africa","Tropical Zone",1,-0.0841998919984263,0.0396921526409951,0.919247487511475,0.850444171586134,0.993617184441571,-2.12132339507992,0.0338945969036069,"*","Negative"
"CR-Ab","Temperature","Oman","Middle East and North Africa","Tropical Zone",1,0.364290670917699,0.0706131607104989,1.43949257197979,1.25343637058173,1.6531663779816,5.15896282296759,2.48321608206547e-07,"***","Positive"
"CR-Ec","Temperature","Oman","Middle East and North Africa","Tropical Zone",1,-0.0423387511268508,0.0180503530664405,0.958545017363869,0.92522581851753,0.99306410599878,-2.34559130068031,0.0189969252994171,"*","Negative"
"CR-Kp","Temperature","Oman","Middle East and North Africa","Tropical Zone",1,0.212699997076469,0.0663504693578076,1.23701348790852,1.08616492772932,1.40881217041924,3.20570448310537,0.00134732279481694,"**","Positive"
"3GCR-Ec","Temperature","Pakistan","South Asia","Temperate Zone",6,-0.40649558233735,0.140942306519983,0.665980037684705,0.50522949715976,0.877877109487674,-2.8841275013455,0.00392499802651497,"**","Negative"
"3GCR-Kp","Temperature","Pakistan","South Asia","Temperate Zone",3,-0.116132726425221,0.0393923166544047,0.89035704154743,0.824200323918548,0.961824011017297,-2.94810603407951,0.00319727377707417,"**","Negative"
"CR-Ab","Temperature","Pakistan","South Asia","Temperate Zone",1,0.0597502217674066,0.080037015780329,1.06157135601025,0.907444992357789,1.24187554440447,0.746532353622456,0.455345894953869,"","Positive"
"CR-Ec","Temperature","Pakistan","South Asia","Temperate Zone",6,-0.0260020167924342,0.0273965623728521,0.974333124579094,0.923393988561854,1.02808232391743,-0.949097789662847,0.342570878484744,"","Negative"
"CR-Kp","Temperature","Pakistan","South Asia","Temperate Zone",3,0.171016250057417,0.0878138796633536,1.18651002972116,0.998901649546141,1.40935401525122,1.94748541703237,0.0514765664030503,"","Positive"
"3GCR-Ec","Temperature","Philippines","East Asia and Pacific","Tropical Zone",2,-0.0870366103496384,0.0543988075062241,0.916643536378487,0.823939418460048,1.01977809770877,-1.599972763,0.109604625832325,"","Negative"
"3GCR-Kp","Temperature","Philippines","East Asia and Pacific","Tropical Zone",2,-0.022453182099506,0.0292109060475857,0.977797014525058,0.923387267284995,1.03541280618398,-0.768657502883645,0.442096659399637,"","Negative"
"CR-Ab","Temperature","Philippines","East Asia and Pacific","Tropical Zone",2,0.334267041501435,0.0439665761553369,1.39691612835138,1.28157853966595,1.52263369684455,7.60275351713645,2.8989531985081e-14,"***","Positive"
"CR-Ec","Temperature","Philippines","East Asia and Pacific","Tropical Zone",2,-0.0317331536990194,0.00963261003964229,0.968765058963367,0.950646433595515,0.987229012072028,-3.2943463472957,0.000986508625332113,"***","Negative"
"CR-Kp","Temperature","Philippines","East Asia and Pacific","Tropical Zone",2,0.113483186362326,0.0385334884188693,1.12017305455017,1.03868713869858,1.20805161187656,2.94505353703598,0.00322898785405309,"**","Positive"
"3GCR-Ec","Temperature","Poland","Europe and Central Asia","Temperate Zone",19,0.0979924482760837,0.0364347062432534,1.10295445586951,1.02693683434898,1.184599179845,2.6895358404112,0.00715514632296652,"**","Positive"
"3GCR-Kp","Temperature","Poland","Europe and Central Asia","Temperate Zone",14,0.0369373369235709,0.0160058482420622,1.03762799783837,1.0055813926254,1.07069588776604,2.30774004382362,0.0210135994331942,"*","Positive"
"CR-Ab","Temperature","Poland","Europe and Central Asia","Temperate Zone",8,-0.041427966685989,0.0319740712720813,0.959418442942386,0.901137750899138,1.02146841339135,-1.29567380811347,0.195087888699829,"","Negative"
"CR-Ec","Temperature","Poland","Europe and Central Asia","Temperate Zone",11,0.0141132611432022,0.00733950653476088,1.01421332339399,0.999727865370418,1.02890866702885,1.92291689861708,0.054490487152442,"","Positive"
"CR-Kp","Temperature","Poland","Europe and Central Asia","Temperate Zone",12,-0.074716885771229,0.0274307135173132,0.928006180894712,0.879430197329505,0.979265295180803,-2.72384040335191,0.00645276801293697,"**","Negative"
"CR-Pa","Temperature","Poland","Europe and Central Asia","Temperate Zone",14,-0.0187445984396114,0.0121714507400601,0.981429988986812,0.95829401614652,1.0051245307321,-1.54004636258494,0.123549052711732,"","Negative"
"3GCR-Ec","Temperature","Portugal","Europe and Central Asia","Temperate Zone",19,-0.17316053037729,0.0713554543774133,0.841002597543438,0.731237319853996,0.967244627525346,-2.42673152162145,0.0152355258095894,"*","Negative"
"3GCR-Kp","Temperature","Portugal","Europe and Central Asia","Temperate Zone",14,-0.0427488456489998,0.033232159296746,0.958152003894859,0.897731836910517,1.02263863753252,-1.28636978618436,0.198314037758271,"","Negative"
"CR-Ab","Temperature","Portugal","Europe and Central Asia","Temperate Zone",8,0.40257613586323,0.0599640920951556,1.49567279522947,1.32982388391518,1.68220554424349,6.71362013160127,1.89854173088114e-11,"***","Positive"
"CR-Ec","Temperature","Portugal","Europe and Central Asia","Temperate Zone",13,-0.0417005899216653,0.0141738848334171,0.959156918832498,0.932877480830831,0.986176656472514,-2.94207201566571,0.00326024098474373,"**","Negative"
"CR-Kp","Temperature","Portugal","Europe and Central Asia","Temperate Zone",13,0.18111626292139,0.0531428919865041,1.19855451864283,1.07999476578373,1.33012953365257,3.40809948708447,0.000654170394294133,"***","Positive"
"CR-Pa","Temperature","Portugal","Europe and Central Asia","Temperate Zone",15,0.0372208062893084,0.0235652586921457,1.03792217528197,0.991072983797081,1.08698598342847,1.57947794147127,0.114226472206948,"","Positive"
"3GCR-Ec","Temperature","Romania","Europe and Central Asia","Temperate Zone",17,0.0911656972266813,0.0321182931771826,1.09545050333156,1.02861562274305,1.16662801800466,2.83843530301439,0.00453353088607322,"**","Positive"
"3GCR-Kp","Temperature","Romania","Europe and Central Asia","Temperate Zone",10,0.0490043917830968,0.0140758319507607,1.05022496309014,1.02164672437703,1.07960261289953,3.4814561550977,0.000498695418093662,"***","Positive"
"CR-Ab","Temperature","Romania","Europe and Central Asia","Temperate Zone",8,0.0615693501006565,0.0302604798021215,1.06350424809808,1.00226136272101,1.1284893619485,2.03464553448158,0.0418865521805685,"*","Positive"
"CR-Ec","Temperature","Romania","Europe and Central Asia","Temperate Zone",16,0.00248809884290396,0.00642364937614456,1.00249119672958,0.989948602434213,1.01519270500419,0.387334161192544,0.698508838505122,"","Positive"
"CR-Kp","Temperature","Romania","Europe and Central Asia","Temperate Zone",9,-0.0396012265421053,0.0238272589836532,0.961172652881936,0.917316559539359,1.00712546725639,-1.66201351860379,0.0965100639576256,"","Negative"
"CR-Pa","Temperature","Romania","Europe and Central Asia","Temperate Zone",9,-0.00950025167032875,0.00939950369214421,0.990544733152151,0.972462972361509,1.00896270219193,-1.0107184359392,0.312151210686928,"","Negative"
"3GCR-Ec","Temperature","Russia","Europe and Central Asia","Temperate Zone",2,-0.198106665120638,0.108597137371884,0.82028235295517,0.66301540460389,1.01485294896227,-1.8242346890069,0.0681165993799124,"","Negative"
"3GCR-Kp","Temperature","Russia","Europe and Central Asia","Temperate Zone",3,-0.357330401439365,0.120133801763409,0.699541330085297,0.552781400601242,0.885265083024226,-2.97443680458135,0.002935269096438,"**","Negative"
"CR-Ab","Temperature","Russia","Europe and Central Asia","Temperate Zone",3,-2.97462141164408,0.495199923788527,0.0510667636270222,0.0193470899253783,0.134791038724505,-6.0069100756049,1.89092321785654e-09,"***","Negative"
"CR-Ec","Temperature","Russia","Europe and Central Asia","Temperate Zone",2,0.0284914700661162,0.0235555584008537,1.02890123433759,0.982477904647932,1.07751812535751,1.20954339444076,0.226454150118058,"","Positive"
"CR-Kp","Temperature","Russia","Europe and Central Asia","Temperate Zone",3,-0.000196324111690039,0.193648557091913,0.999803695158627,0.684034108748274,1.46134149754907,-0.00101381654807196,0.999191091567376,"","Negative"
"CR-Pa","Temperature","Russia","Europe and Central Asia","Temperate Zone",2,0.0284813998655055,0.02207914881707,1.02889087314792,0.985315157811934,1.07439373123817,1.28996820038125,0.197061699296495,"","Positive"
"3GCR-Ec","Temperature","Saudi Arabia","Middle East and North Africa","Tropical Zone",1,0.0126944564129106,0.0380124980634347,1.01277537305982,0.940061444099158,1.0911137380593,0.333954805909526,0.738413662322253,"","Positive"
"3GCR-Kp","Temperature","Saudi Arabia","Middle East and North Africa","Tropical Zone",1,0.0182226894582909,0.0213671047832786,1.01838973579899,0.976620793439362,1.06194508753834,0.852838493708872,0.393748873906242,"","Positive"
"CR-Ab","Temperature","Saudi Arabia","Middle East and North Africa","Tropical Zone",1,0.291831767978072,0.0395478909733704,1.33887775657966,1.23901647759939,1.44678757665674,7.3791992643698,1.59244346555402e-13,"***","Positive"
"CR-Ec","Temperature","Saudi Arabia","Middle East and North Africa","Tropical Zone",1,-0.0270809404448663,0.00850261691706024,0.973282460420764,0.957196988027161,0.989638245430643,-3.18501241547519,0.00144747798057986,"**","Negative"
"CR-Kp","Temperature","Saudi Arabia","Middle East and North Africa","Tropical Zone",1,0.0855003666456401,0.0345392806045436,1.08926196071714,1.01796280146564,1.16555498625006,2.47545302476255,0.0133067265603322,"*","Positive"
"3GCR-Ec","Temperature","Serbia","Europe and Central Asia","Temperate Zone",4,0.0459591965072552,0.035325000560707,1.04703168753544,0.976991033474774,1.12209356804873,1.30103880474886,0.19324517251697,"","Positive"
"3GCR-Kp","Temperature","Serbia","Europe and Central Asia","Temperate Zone",4,0.0414485192282415,0.0178482399086571,1.0423195010579,1.00648691851349,1.07942778222113,2.32227488202562,0.0202181391466583,"*","Positive"
"CR-Ab","Temperature","Serbia","Europe and Central Asia","Temperate Zone",4,0.151804397425793,0.0350350536175001,1.16393254596222,1.08668925394723,1.24666639209804,4.33292893121095,1.47138618312261e-05,"***","Positive"
"CR-Ec","Temperature","Serbia","Europe and Central Asia","Temperate Zone",4,-0.0135735331841644,0.0070945236032925,0.986518171828141,0.972895308253733,1.00033178810779,-1.91324096488523,0.0557172114546715,"","Negative"
"CR-Kp","Temperature","Serbia","Europe and Central Asia","Temperate Zone",4,0.00397862954634763,0.0284671419950573,1.00398655479994,0.949502639581226,1.06159684049286,0.139762170260661,0.888847903619889,"","Positive"
"CR-Pa","Temperature","Serbia","Europe and Central Asia","Temperate Zone",5,-0.000292062662910631,0.00989986083638945,0.999707979983237,0.980496905001239,1.0192954614588,-0.0295016937851369,0.976464468085601,"","Negative"
"3GCR-Ec","Temperature","Slovakia","Europe and Central Asia","Temperate Zone",14,0.0953782770048453,0.040024508442602,1.10007490947111,1.0170743692076,1.18984888724578,2.38299683659137,0.0171723418963272,"*","Positive"
"3GCR-Kp","Temperature","Slovakia","Europe and Central Asia","Temperate Zone",9,0.0348831731212995,0.0165411744261909,1.03549872764859,1.00246550561846,1.06962045970881,2.10886919045278,0.0349558742427344,"*","Positive"
"CR-Ab","Temperature","Slovakia","Europe and Central Asia","Temperate Zone",7,-0.0813004024493012,0.0354926967762139,0.921916703806933,0.859962850181769,0.988333866490387,-2.29062341928851,0.0219852032425927,"*","Negative"
"CR-Ec","Temperature","Slovakia","Europe and Central Asia","Temperate Zone",13,0.0197671307169689,0.00836750333420075,1.0199637941318,1.0033724983006,1.03682943582939,2.36236902782866,0.0181585564792574,"*","Positive"
"CR-Kp","Temperature","Slovakia","Europe and Central Asia","Temperate Zone",9,-0.0793828221427528,0.0283869573092483,0.923686249202898,0.873697338022941,0.976535294129642,-2.79645406437732,0.00516667550372758,"**","Negative"
"CR-Pa","Temperature","Slovakia","Europe and Central Asia","Temperate Zone",10,-0.0201076638635144,0.0128344186123446,0.980093147011362,0.955745968714168,1.00506055820562,-1.56669845910855,0.117185191143975,"","Negative"
"3GCR-Ec","Temperature","Slovenia","Europe and Central Asia","Temperate Zone",19,0.0954325230101957,0.0321174544472238,1.10013458575912,1.0330156213054,1.17161452530017,2.97136011096436,0.00296483908411469,"**","Positive"
"3GCR-Kp","Temperature","Slovenia","Europe and Central Asia","Temperate Zone",15,0.047114172800706,0.0134891681652473,1.04824168293653,1.02089062001796,1.07632551842457,3.49274115523952,0.000478089691024927,"***","Positive"
"CR-Ab","Temperature","Slovenia","Europe and Central Asia","Temperate Zone",6,0.0383949344129136,0.0291619390986243,1.03914154460591,0.981412453167583,1.10026640302022,1.31661115823141,0.187968996664568,"","Positive"
"CR-Ec","Temperature","Slovenia","Europe and Central Asia","Temperate Zone",18,0.00624790970991901,0.0064811932668083,1.00626746861066,0.993565561139005,1.01913175938113,0.964006079237911,0.335042878020206,"","Positive"
"CR-Kp","Temperature","Slovenia","Europe and Central Asia","Temperate Zone",15,-0.0550608122839427,0.0228480169498504,0.946427591779998,0.904979556078705,0.989773946235517,-2.40987269944682,0.0159580875581408,"*","Negative"
"CR-Pa","Temperature","Slovenia","Europe and Central Asia","Temperate Zone",16,-0.0137613026012696,0.0100916066339232,0.986332951275975,0.967015406294282,1.00603639243025,-1.36363842750377,0.172681391535936,"","Negative"
"3GCR-Ec","Temperature","South Africa","Sub-Saharan Africa","Temperate Zone",6,-0.301346716589343,0.101524291525072,0.739821219983612,0.606327913437047,0.902705327279753,-2.96822279734818,0.00299527134899061,"**","Negative"
"3GCR-Kp","Temperature","South Africa","Sub-Saharan Africa","Temperate Zone",6,-0.0858714544442949,0.0397386102679983,0.917712191461985,0.848946482510767,0.992048007392831,-2.16090733584228,0.0307024981266841,"*","Negative"
"CR-Ab","Temperature","South Africa","Sub-Saharan Africa","Temperate Zone",6,0.33818005807702,0.071997727528811,1.40239299285878,1.21782260249033,1.61493644673508,4.6970935012038,2.63889669896972e-06,"***","Positive"
"CR-Ec","Temperature","South Africa","Sub-Saharan Africa","Temperate Zone",6,-0.0402288096121801,0.0197920878388576,0.960569626441954,0.924020240962933,0.998564713562208,-2.03257028463663,0.0420959561967494,"*","Negative"
"CR-Kp","Temperature","South Africa","Sub-Saharan Africa","Temperate Zone",6,0.212902795394547,0.0700200582314896,1.23726437760245,1.07859954411885,1.41926922594296,3.04059723416226,0.00236109440428642,"**","Positive"
"CR-Pa","Temperature","South Africa","Sub-Saharan Africa","Temperate Zone",4,0.0547913133839163,0.0347050060225548,1.05632015179449,0.98685663990611,1.13067310687932,1.57877262284027,0.114388220278275,"","Positive"
"3GCR-Ec","Temperature","South Korea","East Asia and Pacific","Temperate Zone",2,-0.00711881353984512,0.0403354962504605,0.992906465192833,0.917432394542351,1.07458953323041,-0.176490044789367,0.859908969032637,"","Negative"
"3GCR-Kp","Temperature","South Korea","East Asia and Pacific","Temperate Zone",2,0.023256510345261,0.020636314514127,1.02352905166767,0.982956250329686,1.06577654830146,1.1269701442736,0.259755104200456,"","Positive"
"CR-Ab","Temperature","South Korea","East Asia and Pacific","Temperate Zone",2,0.223381636603479,0.0366265021516834,1.25029764204228,1.16368732534454,1.34335414647027,6.09890717050666,1.06796063952283e-09,"***","Positive"
"CR-Ec","Temperature","South Korea","East Asia and Pacific","Temperate Zone",2,-0.0216591082645649,0.00772435675978055,0.978573765908336,0.963870000697228,0.99350183596473,-2.80400154189411,0.00504726637021717,"**","Negative"
"CR-Kp","Temperature","South Korea","East Asia and Pacific","Temperate Zone",2,0.0424810339613318,0.0308606760486811,1.04339626709207,0.982155246372297,1.10845589249033,1.37654255837818,0.168653720764198,"","Positive"
"3GCR-Ec","Temperature","Spain","Europe and Central Asia","Temperate Zone",19,-0.063520241527908,0.0492856697479565,0.938455123342841,0.852041406433044,1.0336328867107,-1.28881765942811,0.197461485184915,"","Negative"
"3GCR-Kp","Temperature","Spain","Europe and Central Asia","Temperate Zone",15,0.000814084514262305,0.0244227788797838,1.000814415971,0.954035342007951,1.04988720135593,0.0333330010589488,0.973409037335172,"","Positive"
"CR-Ab","Temperature","Spain","Europe and Central Asia","Temperate Zone",7,0.344402066231731,0.0450250086360676,1.41114589557463,1.29195044492683,1.54133832796498,7.64912826592654,2.02346328911695e-14,"***","Positive"
"CR-Ec","Temperature","Spain","Europe and Central Asia","Temperate Zone",19,-0.0319687943371934,0.00972961302238438,0.968536805440592,0.950241766358611,0.987184079571442,-3.28572105217798,0.00101721691641117,"**","Negative"
"CR-Kp","Temperature","Spain","Europe and Central Asia","Temperate Zone",15,0.107051122856945,0.0376572682966113,1.11299115231238,1.03380159537771,1.1982466564806,2.84277452134197,0.00447226975518397,"**","Positive"
"CR-Pa","Temperature","Spain","Europe and Central Asia","Temperate Zone",16,0.0197304795014688,0.0155829771862031,1.01992641190404,0.989246085479328,1.0515582532686,1.26615596401808,0.205457249692298,"","Positive"
"3GCR-Ec","Temperature","Sweden","Europe and Central Asia","Temperate Zone",18,0.00607340560875731,0.0688701959775628,1.00609188613089,0.879051161741005,1.15149257221123,0.0881862687124625,0.929728630775568,"","Positive"
"3GCR-Kp","Temperature","Sweden","Europe and Central Asia","Temperate Zone",14,-0.0924617154383281,0.0447034062986482,0.911684113723016,0.835203065248159,0.995168669511481,-2.0683371379045,0.0386083318640683,"*","Negative"
"CR-Ab","Temperature","Sweden","Europe and Central Asia","Temperate Zone",7,-0.941630405133635,0.126099877656908,0.389991472635903,0.304590762590669,0.499336708162466,-7.46733797550241,8.18333921188196e-14,"***","Negative"
"CR-Ec","Temperature","Sweden","Europe and Central Asia","Temperate Zone",13,0.0415526741707788,0.0145239466108707,1.04242806943951,1.01317173177806,1.07252921283973,2.86097679123097,0.00422337968265219,"**","Positive"
"CR-Kp","Temperature","Sweden","Europe and Central Asia","Temperate Zone",12,-0.0889667816728597,0.0751440300323794,0.91487596371875,0.789583979436364,1.06004940676202,-1.18395009736002,0.23643281737321,"","Negative"
"CR-Pa","Temperature","Sweden","Europe and Central Asia","Temperate Zone",15,-0.0171287822750192,0.0191488124950032,0.983017081306839,0.946806577042026,1.0206124519751,-0.894508851631865,0.371049695907376,"","Negative"
"3GCR-Ec","Temperature","Switzerland","Europe and Central Asia","Temperate Zone",4,0.0829449545347729,0.0502394041710258,1.08648200099498,0.984595602803547,1.19891164974214,1.65099399372673,0.0987398013389159,"","Positive"
"3GCR-Kp","Temperature","Switzerland","Europe and Central Asia","Temperate Zone",4,0.00812301997766572,0.0253241992035806,1.00815610121697,0.959337429447502,1.05945905290732,0.320761178364021,0.748391381206125,"","Positive"
"CR-Ab","Temperature","Switzerland","Europe and Central Asia","Temperate Zone",4,-0.23330180352137,0.0500350251407524,0.791914534859528,0.717939157202161,0.873512224860015,-4.66276978706564,3.11981690088565e-06,"***","Negative"
"CR-Ec","Temperature","Switzerland","Europe and Central Asia","Temperate Zone",4,0.0262918747210019,0.00994671739245483,1.02664055517311,1.00681945594635,1.04685186932097,2.64327151196091,0.00821091630782668,"**","Positive"
"CR-Kp","Temperature","Switzerland","Europe and Central Asia","Temperate Zone",4,-0.0913485763114273,0.0394469259614112,0.9126995100152,0.844792240407693,0.98606539659973,-2.31573371270524,0.0205728124913278,"*","Negative"
"CR-Pa","Temperature","Switzerland","Europe and Central Asia","Temperate Zone",5,-0.0236730425328028,0.0170998315885167,0.97660496584957,0.944415829527504,1.00989122535061,-1.38440208666735,0.166235370370124,"","Negative"
"3GCR-Ec","Temperature","Taiwan","East Asia and Pacific","Temperate Zone",7,0.0976347383043288,0.0321183820114611,1.1025599886189,1.03529116869255,1.17419965055677,3.03983987330024,0.00236703960479675,"**","Positive"
"3GCR-Kp","Temperature","Taiwan","East Asia and Pacific","Temperate Zone",7,0.0456463349651841,0.0133006775031064,1.0467041628247,1.01976989331751,1.07434982308645,3.43188044026505,0.000599411749531254,"***","Positive"
"CR-Ab","Temperature","Taiwan","East Asia and Pacific","Temperate Zone",7,-0.0140604546764963,0.0303039671847067,0.986037931856772,0.929176814637529,1.04637867383687,-0.463980659390105,0.642661602376961,"","Negative"
"CR-Ec","Temperature","Taiwan","East Asia and Pacific","Temperate Zone",7,0.0081347975164863,0.00650486890956383,1.00816797488451,0.995395886031673,1.02110394451679,1.25057055408543,0.211091199286255,"","Positive"
"CR-Kp","Temperature","Taiwan","East Asia and Pacific","Temperate Zone",7,-0.0629062148520409,0.0232654191397036,0.939031536771178,0.897173120263946,0.982842895239019,-2.70385048617879,0.00685411218897534,"**","Negative"
"CR-Pa","Temperature","Taiwan","East Asia and Pacific","Temperate Zone",8,-0.0154436888090319,0.0104136653526812,0.984674953409928,0.964780685002437,1.00497945175011,-1.48302142290904,0.138068719069678,"","Negative"
"3GCR-Ec","Temperature","Thailand","East Asia and Pacific","Tropical Zone",10,-0.0955949374973568,0.0570470530009759,0.908832075315083,0.81268868716772,1.01634950032356,-1.67572087370966,0.0937928792206919,"","Negative"
"3GCR-Kp","Temperature","Thailand","East Asia and Pacific","Tropical Zone",10,-0.0253713864792312,0.0300316232913451,0.974947762366852,0.91921671517646,1.03405771854536,-0.844822347200362,0.398210035498801,"","Negative"
"CR-Ab","Temperature","Thailand","East Asia and Pacific","Tropical Zone",9,0.360557971122878,0.050556948206667,1.43412939414524,1.29883323852427,1.5835190062492,7.13171945523664,9.91227532991792e-13,"***","Positive"
"CR-Ec","Temperature","Thailand","East Asia and Pacific","Tropical Zone",10,-0.0359669581448899,0.0116877330849159,0.964672167514519,0.942824695016723,0.987025897492699,-3.07732542175425,0.00208867143490291,"**","Negative"
"CR-Kp","Temperature","Thailand","East Asia and Pacific","Tropical Zone",9,0.138746019556768,0.0444669948664994,1.14883228201496,1.05294469417176,1.2534519804365,3.12020229775627,0.00180726875885098,"**","Positive"
"CR-Pa","Temperature","Thailand","East Asia and Pacific","Tropical Zone",6,0.0232690327338992,0.018208613138327,1.02354186877649,0.987656958997435,1.06073059840728,1.27791351033323,0.201279923833381,"","Positive"
"3GCR-Ec","Temperature","Tunisia","Middle East and North Africa","Temperate Zone",2,-0.390043661918515,0.132946988617877,0.677027313541429,0.521722334112939,0.878563084826461,-2.93382848286693,0.0033480916766875,"**","Negative"
"3GCR-Kp","Temperature","Tunisia","Middle East and North Africa","Temperate Zone",2,-0.111358929293527,0.0398696272848389,0.894617586836817,0.827369904851167,0.967331083696718,-2.7930767573509,0.00522093016802108,"**","Negative"
"CR-Ab","Temperature","Tunisia","Middle East and North Africa","Temperate Zone",2,0.200953590585507,0.075972110216122,1.22256803184017,1.05342657392476,1.41886737004253,2.64509686533444,0.00816675348405446,"**","Positive"
"CR-Ec","Temperature","Tunisia","Middle East and North Africa","Temperate Zone",2,-0.0311046955610088,0.0248250944346806,0.969374078600122,0.923336184421064,1.01770743973499,-1.25295376591017,0.210222533120813,"","Negative"
"CR-Kp","Temperature","Tunisia","Middle East and North Africa","Temperate Zone",2,0.193745379495515,0.0804909610804139,1.21378718850074,1.03663832277837,1.42120863814863,2.40704517494772,0.0160821803854667,"*","Positive"
"3GCR-Ec","Temperature","Turkey","Europe and Central Asia","Temperate Zone",4,0.0488377972127232,0.0351371984736161,1.05005001588665,0.980168178040403,1.12491413266235,1.3899172197634,0.16455401598073,"","Positive"
"3GCR-Kp","Temperature","Turkey","Europe and Central Asia","Temperate Zone",4,0.0422652449422577,0.0176633461143114,1.04317113792616,1.00767438484751,1.0799183142547,2.39282209999911,0.0167193455805338,"*","Positive"
"CR-Ab","Temperature","Turkey","Europe and Central Asia","Temperate Zone",3,0.137827569110641,0.0346182751841236,1.14777762089414,1.07248217297779,1.22835931469856,3.98135286572136,6.85241331377567e-05,"***","Positive"
"CR-Ec","Temperature","Turkey","Europe and Central Asia","Temperate Zone",4,-0.013096204263564,0.00706628850995423,0.986989177885716,0.973413678156874,1.00075400533516,-1.85333562946311,0.0638342673709298,"","Negative"
"CR-Kp","Temperature","Turkey","Europe and Central Asia","Temperate Zone",4,0.00199398868206366,0.0283124840118192,1.0019959779995,0.947907381839842,1.0591709265714,0.070427896091041,0.943853088500026,"","Positive"
"CR-Pa","Temperature","Turkey","Europe and Central Asia","Temperate Zone",5,-0.000776456633507641,0.00984683897046287,0.99922384473094,0.980123925210644,1.01869596914931,-0.0788533899901017,0.937149237142533,"","Negative"
"3GCR-Ec","Temperature","United Arab Emirates","Middle East and North Africa","Temperate Zone",1,-0.666602819260185,0.382815772600474,0.513449900430578,0.242459223427706,1.08732015439609,-1.74131492736556,0.0816283910471939,"","Negative"
"3GCR-Kp","Temperature","United Arab Emirates","Middle East and North Africa","Temperate Zone",1,-0.156044795923138,0.0530502172767499,0.855520865665689,0.771033680816873,0.949265861919209,-2.94145441684226,0.00326674918169878,"**","Negative"
"CR-Ab","Temperature","United Arab Emirates","Middle East and North Africa","Temperate Zone",1,-1.13232663926323,0.189062699644492,0.322282548216771,0.222486349333853,0.466842308285795,-5.9891593708988,2.10928398149978e-09,"***","Negative"
"CR-Ec","Temperature","United Arab Emirates","Middle East and North Africa","Temperate Zone",1,0.0712818162726364,0.0789366612168666,1.07388382116394,0.91995176495301,1.25357274728047,0.903025478577062,0.366512372765213,"","Positive"
"CR-Kp","Temperature","United Arab Emirates","Middle East and North Africa","Temperate Zone",1,-0.195897893202223,0.221048946428692,0.822096172000416,0.533042655891953,1.26789499592079,-0.886219529055377,0.375499242084574,"","Negative"
"3GCR-Ec","Temperature","United Kingdom","Europe and Central Asia","Temperate Zone",17,0.0999462026580593,0.0333827307184761,1.1051114644171,1.03511864236264,1.17983707258773,2.9939492817687,0.00275391718793406,"**","Positive"
"3GCR-Kp","Temperature","United Kingdom","Europe and Central Asia","Temperate Zone",13,0.0412471442149086,0.0142214552050779,1.04210962508708,1.01346291175055,1.07156607124704,2.90034624587369,0.0037275065900981,"**","Positive"
"CR-Ab","Temperature","United Kingdom","Europe and Central Asia","Temperate Zone",6,-0.0520152331029754,0.0323865027682106,0.949314405728648,0.89092700601768,1.01152825634073,-1.60607749083768,0.108256884866242,"","Negative"
"CR-Ec","Temperature","United Kingdom","Europe and Central Asia","Temperate Zone",12,0.0137976558366579,0.00702816473468714,1.01389328279307,1.00002245320874,1.02795650797086,1.96319471121106,0.0496235536714934,"*","Positive"
"CR-Kp","Temperature","United Kingdom","Europe and Central Asia","Temperate Zone",13,-0.0737085416633357,0.0253185695327211,0.928942402396698,0.883969306635834,0.976203563282824,-2.91124431686698,0.00359992405952483,"**","Negative"
"CR-Pa","Temperature","United Kingdom","Europe and Central Asia","Temperate Zone",13,-0.0182244419044151,0.0115233868525668,0.981940619001678,0.960011245875286,1.00437092105758,-1.58151784172339,0.113759682754822,"","Negative"
"3GCR-Ec","Temperature","United States of America","North America","Temperate Zone",15,0.100145978723736,0.033973987848323,1.10533226129183,1.03412634851313,1.18144113590101,2.94772515875493,0.00320121534108472,"**","Positive"
"3GCR-Kp","Temperature","United States of America","North America","Temperate Zone",15,0.039940248505732,0.0145100399870211,1.04074858605132,1.01156695593529,1.07077204629162,2.75259396538242,0.00591251761618774,"**","Positive"
"CR-Ab","Temperature","United States of America","North America","Temperate Zone",15,-0.0701785798679279,0.0342236842666265,0.932227328007226,0.871746157679559,0.996904641824576,-2.05058518309097,0.0403073605244987,"*","Negative"
"CR-Ec","Temperature","United States of America","North America","Temperate Zone",15,0.0146179544226495,0.00708598840696529,1.01472531923179,1.00072968323438,1.02891669023163,2.06293795348022,0.0391185235801156,"*","Positive"
"CR-Kp","Temperature","United States of America","North America","Temperate Zone",15,-0.0758170959586313,0.0257693486923955,0.926985740492916,0.881328351419448,0.975008419612538,-2.94214249896836,0.0032594989899616,"**","Negative"
"CR-Pa","Temperature","United States of America","North America","Temperate Zone",16,-0.018898693791358,0.0118019191497903,0.981278766839059,0.95884057832642,1.00424203982884,-1.6013237806068,0.109305224569019,"","Negative"
"3GCR-Ec","Temperature","Venezuela","Latin America and the Caribbean","Tropical Zone",11,0.0617633042212807,0.0342218258379992,1.06371053913416,0.994702606517853,1.13750592755159,1.80479278088956,0.071107114497176,"","Positive"
"3GCR-Kp","Temperature","Venezuela","Latin America and the Caribbean","Tropical Zone",11,0.0383991914095697,0.0181803851535125,1.0391459682374,1.00276946440938,1.07684206752352,2.11212199770976,0.0346759866640819,"*","Positive"
"CR-Ab","Temperature","Venezuela","Latin America and the Caribbean","Tropical Zone",10,0.118214504327829,0.0333779834905894,1.12548550698837,1.05421209305827,1.20157759029886,3.54169101800769,0.000397570881144395,"***","Positive"
"CR-Ec","Temperature","Venezuela","Latin America and the Caribbean","Tropical Zone",11,-0.00704101067805519,0.00670708174823641,0.992983719162565,0.980015500207241,1.00612354224337,-1.04978751450384,0.293815816891467,"","Negative"
"CR-Kp","Temperature","Venezuela","Latin America and the Caribbean","Tropical Zone",11,-0.00839906192002923,0.0272943128772061,0.991636111656637,0.939980719442947,1.04613015735498,-0.307722050297277,0.758293839659346,"","Negative"
"CR-Pa","Temperature","Venezuela","Latin America and the Caribbean","Tropical Zone",12,-0.00693732284176145,0.00968463073267265,0.993086684833932,0.974413819963222,1.0121173811263,-0.71632290721806,0.473791985360082,"","Negative"
"3GCR-Ec","Relative Humidity","Argentina","Latin America and the Caribbean","Temperate Zone",4,-2.79017733387003e-06,0.000521140636893306,0.999997209826559,0.998976298514597,1.00101916446648,-0.00535398150968078,0.995728161223405,"","Negative"
"3GCR-Kp","Relative Humidity","Argentina","Latin America and the Caribbean","Temperate Zone",4,-0.110799579566042,0.0410566168696612,0.895118130916765,0.825909109343099,0.970126687346019,-2.69870213412341,0.00696104500000413,"**","Negative"
"CR-Ab","Relative Humidity","Argentina","Latin America and the Caribbean","Temperate Zone",4,-4.03684379040173e-07,0.000278624570976726,0.999999596315702,0.999453641464717,1.00054584939633,-0.00144884701885784,0.99884398773713,"","Negative"
"CR-Ec","Relative Humidity","Argentina","Latin America and the Caribbean","Temperate Zone",4,1.27599736438976e-06,0.000222718542655273,1.00000127599818,0.999564842362321,1.00043790019128,0.00572919232129121,0.995428790908276,"","Positive"
"CR-Kp","Relative Humidity","Argentina","Latin America and the Caribbean","Temperate Zone",4,-0.0117181061879037,0.0236290684282969,0.988350283425508,0.943620618962158,1.03520023102257,-0.495919093190771,0.619951494650385,"","Negative"
"CR-Pa","Relative Humidity","Argentina","Latin America and the Caribbean","Temperate Zone",2,3.35086819503024e-07,0.000168418854179675,1.00000033508688,0.999670288499415,1.00033049064101,0.00198960396171287,0.998412526764179,"","Positive"
"3GCR-Ec","Relative Humidity","Australia","East Asia and Pacific","Temperate Zone",4,-4.46411330644379e-06,0.00106068858329706,0.999995535896658,0.9979187550634,1.00207663874371,-0.00420869365121993,0.996641958228102,"","Negative"
"3GCR-Kp","Relative Humidity","Australia","East Asia and Pacific","Temperate Zone",4,-0.171509924558018,0.0771820649964274,0.842391907611177,0.724128242359738,0.979970238001385,-2.22214739351632,0.0262733462795066,"*","Negative"
"CR-Ab","Relative Humidity","Australia","East Asia and Pacific","Temperate Zone",1,-6.1450328610784e-07,0.000453787478192696,0.999999385496903,0.999110358005758,1.0008892040617,-0.00135416536515117,0.998919532692592,"","Negative"
"CR-Ec","Relative Humidity","Australia","East Asia and Pacific","Temperate Zone",4,4.01970016285053e-06,0.000627748721112441,1.00000401970824,0.998774383888454,1.00123516938769,0.0064033585854658,0.994890893962176,"","Positive"
"CR-Kp","Relative Humidity","Australia","East Asia and Pacific","Temperate Zone",4,-0.0231469148100924,0.0467437599319954,0.977118919987145,0.891575921056581,1.07086941363937,-0.495187268712817,0.620467936581167,"","Negative"
"CR-Pa","Relative Humidity","Australia","East Asia and Pacific","Temperate Zone",1,-2.41180476580586e-07,0.000512837583846041,0.999999758819552,0.998995102403285,1.00100542558563,-0.000470286274207608,0.999624765856484,"","Negative"
"3GCR-Ec","Relative Humidity","Austria","Europe and Central Asia","Temperate Zone",19,6.70727930619899e-07,0.000141170307209758,1.00000067072816,0.999724015016664,1.00027740299916,0.00475119693281745,0.996209107584497,"","Positive"
"3GCR-Kp","Relative Humidity","Austria","Europe and Central Asia","Temperate Zone",15,0.03509392453599,0.0144801072569379,1.0357169834684,1.00673549642399,1.06553277763151,2.42359562075587,0.0153677069480824,"*","Positive"
"CR-Ab","Relative Humidity","Austria","Europe and Central Asia","Temperate Zone",7,1.59417697174687e-07,0.000126684376490442,1.00000015941771,0.999751888824446,1.00024849166456,0.00125838482685128,0.998995954440097,"","Positive"
"CR-Ec","Relative Humidity","Austria","Europe and Central Asia","Temperate Zone",19,-3.59004041388809e-07,7.59264729282674e-05,0.999999640996023,0.99985083623504,1.00014846790317,-0.004728311846225,0.996227367036658,"","Negative"
"CR-Kp","Relative Humidity","Austria","Europe and Central Asia","Temperate Zone",15,0.00376134738519916,0.00791908889226709,1.00376843012971,0.988308812469594,1.01946987481311,0.474972239403964,0.634806760187351,"","Positive"
"CR-Pa","Relative Humidity","Austria","Europe and Central Asia","Temperate Zone",16,-7.56570955312751e-08,5.32534090582007e-05,0.999999924342907,0.999895553116106,1.0001043064642,-0.00142069957340364,0.998866446126167,"","Negative"
"3GCR-Ec","Relative Humidity","Bahrain","Middle East and North Africa","Temperate Zone",1,-2.72056538738169e-06,0.000501547777586308,0.999997279438313,0.999014731486619,1.0009807937426,-0.00542433943277424,0.995672024538047,"","Negative"
"3GCR-Kp","Relative Humidity","Bahrain","Middle East and North Africa","Temperate Zone",1,-0.100186542386087,0.0382076570996426,0.904668643247294,0.839395280722856,0.975017816838452,-2.62215875013766,0.00873747209430016,"**","Negative"
"CR-Ec","Relative Humidity","Bahrain","Middle East and North Africa","Temperate Zone",1,1.18279597661508e-06,0.000210986370576869,1.00000118279668,0.999587734514425,1.00041480208891,0.00560603025390283,0.995527058441981,"","Positive"
"CR-Kp","Relative Humidity","Bahrain","Middle East and North Africa","Temperate Zone",1,-0.0117668999408503,0.0236970932819785,0.988302059282482,0.943448780096245,1.03528774533192,-0.496554568985848,0.619503197120892,"","Negative"
"3GCR-Ec","Relative Humidity","Belarus","Europe and Central Asia","Temperate Zone",4,3.88651935061817e-07,0.000118910828969364,1.00000038865201,0.99976735049425,1.00023348112919,0.00326843180247232,0.997392173369853,"","Positive"
"3GCR-Kp","Relative Humidity","Belarus","Europe and Central Asia","Temperate Zone",3,0.0312676411296253,0.0144932203132688,1.03176160877884,1.00286502567943,1.06149081889528,2.1573977662507,0.0309746851301525,"*","Positive"
"CR-Ab","Relative Humidity","Belarus","Europe and Central Asia","Temperate Zone",4,1.32979818876723e-07,0.000118385672288502,1.00000013297983,0.999768123949541,1.00023219585079,0.00112327629100805,0.999103755378361,"","Positive"
"CR-Ec","Relative Humidity","Belarus","Europe and Central Asia","Temperate Zone",3,-4.01759181439418e-07,7.71719864180988e-05,0.999999598240899,0.999848352647062,1.00015086671344,-0.00520602358558954,0.995846212921019,"","Negative"
"CR-Kp","Relative Humidity","Belarus","Europe and Central Asia","Temperate Zone",4,0.00267504292812635,0.00706373005732799,1.00267862404796,0.988892283368449,1.01665716279852,0.378701182861771,0.704909774879982,"","Positive"
"CR-Pa","Relative Humidity","Belarus","Europe and Central Asia","Temperate Zone",4,-5.9894734511902e-08,5.39557466598854e-05,0.999999940105267,0.999894192439827,1.00010569895446,-0.00111007146077421,0.999114291301964,"","Negative"
"3GCR-Ec","Relative Humidity","Belgium","Europe and Central Asia","Temperate Zone",19,8.88081180279608e-07,0.000173656700339406,1.00000088808157,0.999660578565008,1.00034131344803,0.00511400469169276,0.995919632398305,"","Positive"
"3GCR-Kp","Relative Humidity","Belgium","Europe and Central Asia","Temperate Zone",11,0.0346493189628126,0.0152936868948609,1.03525660027737,1.00468463138516,1.06675885639877,2.26559620325793,0.0234761177657844,"*","Positive"
"CR-Ab","Relative Humidity","Belgium","Europe and Central Asia","Temperate Zone",4,1.51300205421583e-07,0.00012004353238974,1.00000015130022,0.999764893618559,1.00023546434107,0.00126037781802658,0.998994364264469,"","Positive"
"CR-Ec","Relative Humidity","Belgium","Europe and Central Asia","Temperate Zone",10,-3.08264897665641e-07,7.56701433524425e-05,0.99999969173515,0.999851389297796,1.00014801616939,-0.0040737982513111,0.996749588262004,"","Negative"
"CR-Kp","Relative Humidity","Belgium","Europe and Central Asia","Temperate Zone",11,0.00442191302042264,0.00930067348012381,1.00443170410426,0.986287478035963,1.02290972021546,0.47544008827668,0.634473326664589,"","Positive"
"CR-Pa","Relative Humidity","Belgium","Europe and Central Asia","Temperate Zone",12,-8.65515884201179e-08,5.46667018944707e-05,0.999999913448415,0.999892772461982,1.00010706591527,-0.00158325974351257,0.998736742022681,"","Negative"
"3GCR-Ec","Relative Humidity","Bosnia and Herz.","Europe and Central Asia","Temperate Zone",3,2.1127032341514e-07,0.000103049758481301,1.00000021127035,0.999798254097142,1.00020220923848,0.00205017776391468,0.998364195961214,"","Positive"
"3GCR-Kp","Relative Humidity","Bosnia and Herz.","Europe and Central Asia","Temperate Zone",3,0.0263444308734646,0.0140856343002346,1.02669451286855,0.998737385414388,1.05543422940659,1.87030490157095,0.0614414892763611,"","Positive"
"CR-Ab","Relative Humidity","Bosnia and Herz.","Europe and Central Asia","Temperate Zone",3,5.84652866312162e-08,5.83466700250507e-05,1.00000005846529,0.999885705524149,1.00011442448452,0.00100203296274003,0.999200493503408,"","Positive"
"CR-Ec","Relative Humidity","Bosnia and Herz.","Europe and Central Asia","Temperate Zone",3,-4.86794633788364e-07,7.8762520471888e-05,0.999999513205485,0.999845150655639,1.00015389958682,-0.00618053651498001,0.995068676732535,"","Negative"
"CR-Kp","Relative Humidity","Bosnia and Herz.","Europe and Central Asia","Temperate Zone",3,0.000419599453741552,0.00278895115173094,1.00041968749791,0.994965968616784,1.00590329991365,0.150450628538665,0.880409099998241,"","Positive"
"CR-Pa","Relative Humidity","Bosnia and Herz.","Europe and Central Asia","Temperate Zone",3,-3.71501585767121e-08,5.59365975948295e-05,0.999999962849842,0.999890333132406,1.00010960458727,-0.000664147627387083,0.999470086900971,"","Negative"
"3GCR-Ec","Relative Humidity","Bulgaria","Europe and Central Asia","Temperate Zone",19,-5.83991221733515e-07,0.00013508660199581,0.999999416008949,0.999734681472054,1.00026422064882,-0.0043230876571433,0.99655068584746,"","Negative"
"3GCR-Kp","Relative Humidity","Bulgaria","Europe and Central Asia","Temperate Zone",14,0.00238264384003158,0.0167592196349369,1.00238548459158,0.969993967433815,1.03585866866586,0.14216913984853,0.886946406988833,"","Positive"
"CR-Ab","Relative Humidity","Bulgaria","Europe and Central Asia","Temperate Zone",8,-2.15112350847875e-08,7.94650567493592e-05,0.999999978488765,0.999844239109523,1.00015574212654,-0.000270700556505435,0.999784012208002,"","Negative"
"CR-Ec","Relative Humidity","Bulgaria","Europe and Central Asia","Temperate Zone",19,-4.44075175841902e-07,8.60273538649101e-05,0.999999555924923,0.999830956600695,1.00016818367969,-0.0051620229600371,0.995881319869073,"","Negative"
"CR-Kp","Relative Humidity","Bulgaria","Europe and Central Asia","Temperate Zone",14,-0.00157093303734681,0.00491624732135318,0.998430300232078,0.988855784222711,1.00809752071694,-0.319539057875229,0.749317778584559,"","Negative"
"CR-Pa","Relative Humidity","Bulgaria","Europe and Central Asia","Temperate Zone",13,5.8086196058099e-09,6.21839619173401e-05,1.00000000580862,0.999878132669688,1.00012189380242,9.34102528483337e-05,0.99992546940154,"","Positive"
"CR-Pa","Relative Humidity","Canada","North America","Temperate Zone",1,-1.39404551056737e-07,6.65047257712659e-05,0.999999860595459,0.999869519846213,1.00013021833563,-0.00209616007644631,0.998327507462823,"","Negative"
"3GCR-Ec","Relative Humidity","China","East Asia and Pacific","Temperate Zone",6,-2.90195823629509e-06,0.000546288586029502,0.999997098045974,0.998926948545041,1.00106839399706,-0.00531213411831814,0.995761550136062,"","Negative"
"3GCR-Kp","Relative Humidity","China","East Asia and Pacific","Temperate Zone",6,-0.112985579853457,0.0415778090572955,0.893163539572281,0.823264219395512,0.968997667610323,-2.71744910122031,0.00657872732221497,"**","Negative"
"CR-Ab","Relative Humidity","China","East Asia and Pacific","Temperate Zone",6,-4.32965750129484e-07,0.000297696627864641,0.999999567034344,0.999416252090781,1.00058322243297,-0.00145438580623207,0.998839568428855,"","Negative"
"CR-Ec","Relative Humidity","China","East Asia and Pacific","Temperate Zone",6,1.41269183174359e-06,0.000235908438603332,1.00000141269283,0.999539138381524,1.0004639008002,0.00598830563292805,0.995222051946182,"","Positive"
"CR-Kp","Relative Humidity","China","East Asia and Pacific","Temperate Zone",6,-0.0126368529413624,0.0254659503483659,0.987442656814676,0.939365984721173,1.03797988894248,-0.496225460605018,0.619735349564893,"","Negative"
"CR-Pa","Relative Humidity","China","East Asia and Pacific","Temperate Zone",7,3.26382645059779e-07,0.00017935039758899,1.0000003263827,0.999648861267011,1.0003519150695,0.00181980441330126,0.998548006956371,"","Positive"
"3GCR-Ec","Relative Humidity","Croatia","Europe and Central Asia","Temperate Zone",18,-3.1407628246242e-07,0.000119308390451187,0.999999685923767,0.9997658688914,1.00023355763934,-0.00263247439073381,0.997899591752869,"","Negative"
"3GCR-Kp","Relative Humidity","Croatia","Europe and Central Asia","Temperate Zone",14,0.00922637596659933,0.015983403819586,1.0092690701766,0.978141344344957,1.04138738425098,0.577247254135779,0.563772439541044,"","Positive"
"CR-Ab","Relative Humidity","Croatia","Europe and Central Asia","Temperate Zone",7,3.59670625069558e-08,6.96166845176728e-05,1.00000003596706,0.999863596569202,1.00013649398317,0.000516644289456578,0.999587777516354,"","Positive"
"CR-Ec","Relative Humidity","Croatia","Europe and Central Asia","Temperate Zone",18,-4.75427125753264e-07,8.36581641100457e-05,0.999999524572987,0.999835568091627,1.0001635079405,-0.00568297345287039,0.995465667629457,"","Negative"
"CR-Kp","Relative Humidity","Croatia","Europe and Central Asia","Temperate Zone",14,-0.000520621634583531,0.00432312940983544,0.999479513865344,0.991046369354708,1.00798441881882,-0.1204270298731,0.904144880471047,"","Negative"
"CR-Pa","Relative Humidity","Croatia","Europe and Central Asia","Temperate Zone",15,-1.20007725651498e-08,5.96083817905148e-05,0.999999987999228,0.999883162396963,1.00011682725131,-0.0002013269309562,0.999839364351201,"","Negative"
"3GCR-Ec","Relative Humidity","Cyprus","Europe and Central Asia","Temperate Zone",16,-1.87139511655864e-06,0.000330296568030175,0.999998128606635,0.999350958050452,1.00064571826456,-0.00566580248689618,0.995479367857535,"","Negative"
"3GCR-Kp","Relative Humidity","Cyprus","Europe and Central Asia","Temperate Zone",13,-0.0580824576649692,0.0271586707652214,0.94357213947356,0.894658272222165,0.995160286373143,-2.13863403577718,0.0324653187580397,"*","Negative"
"CR-Ab","Relative Humidity","Cyprus","Europe and Central Asia","Temperate Zone",6,-2.09468845255701e-07,0.000167735116320443,0.999999790531177,0.999671083807962,1.00032860533805,-0.00124880734488257,0.999003596159086,"","Negative"
"CR-Ec","Relative Humidity","Cyprus","Europe and Central Asia","Temperate Zone",16,3.27318943923491e-07,0.000134014849804276,1.000000327319,0.999737692621925,1.00026303101115,0.00244240801971967,0.998051242287391,"","Positive"
"CR-Kp","Relative Humidity","Cyprus","Europe and Central Asia","Temperate Zone",13,-0.00735988299263514,0.0150973484798871,0.992667134623401,0.963723659233045,1.02247986829091,-0.487495072557945,0.625907533882889,"","Negative"
"CR-Pa","Relative Humidity","Cyprus","Europe and Central Asia","Temperate Zone",15,2.52553203817564e-07,0.000101672578006139,1.00000025255324,0.999800994104612,1.00019955071369,0.00248398544396421,0.998018068403149,"","Positive"
"3GCR-Ec","Relative Humidity","Czechia","Europe and Central Asia","Temperate Zone",17,5.33688502664884e-07,0.000128839083997962,1.00000053368865,0.999748040830911,1.00025309031509,0.00414228730990766,0.996694942360681,"","Positive"
"3GCR-Kp","Relative Humidity","Czechia","Europe and Central Asia","Temperate Zone",13,0.0330750613591514,0.0142444091659173,1.03362812186122,1.00516933453649,1.06289264663553,2.32196793660563,0.0202346621688298,"*","Positive"
"CR-Ab","Relative Humidity","Czechia","Europe and Central Asia","Temperate Zone",5,1.48399577662732e-07,0.000118121134431905,1.00000014839959,0.99976865773984,1.00023169265966,0.00125633383370765,0.998997590894567,"","Positive"
"CR-Ec","Relative Humidity","Czechia","Europe and Central Asia","Temperate Zone",14,-3.95684361090344e-07,7.65182291416824e-05,0.999999604315717,0.999849639891736,1.00014959123241,-0.00517111236797821,0.995874067667604,"","Negative"
"CR-Kp","Relative Humidity","Czechia","Europe and Central Asia","Temperate Zone",12,0.0032968172154574,0.00706643763907623,1.00330225769445,0.989502091194079,1.01729488927107,0.466545858584606,0.640824830498913,"","Positive"
"CR-Pa","Relative Humidity","Czechia","Europe and Central Asia","Temperate Zone",13,-7.0582314973026e-08,5.28764360977963e-05,0.999999929417688,0.999896296980463,1.00010357259571,-0.0013348538627392,0.998934941028286,"","Negative"
"3GCR-Ec","Relative Humidity","Denmark","Europe and Central Asia","Temperate Zone",15,1.98502215242419e-06,0.000336143171248016,1.00000198502412,0.999343360088915,1.00066104403116,0.00590528775299614,0.995288289459596,"","Positive"
"3GCR-Kp","Relative Humidity","Denmark","Europe and Central Asia","Temperate Zone",14,0.0114532539817683,0.0213281776574147,1.01151909361441,0.97010596204739,1.05470012222905,0.537001058681008,0.591266882768928,"","Positive"
"CR-Ab","Relative Humidity","Denmark","Europe and Central Asia","Temperate Zone",8,3.56756375448825e-07,0.00029508236863446,1.00000035675644,0.999422162326381,1.00057888568858,0.00120900607210038,0.999035352956158,"","Positive"
"CR-Ec","Relative Humidity","Denmark","Europe and Central Asia","Temperate Zone",15,3.24756023322348e-07,8.97695206704458e-05,1.00000032475608,0.999824391916414,1.00017628855354,0.00361766466944348,0.997113527510207,"","Positive"
"CR-Kp","Relative Humidity","Denmark","Europe and Central Asia","Temperate Zone",14,0.00905069347764307,0.0182456948977266,1.00909177484862,0.97364271158779,1.04583149234135,0.496045424872844,0.619862362483275,"","Positive"
"CR-Pa","Relative Humidity","Denmark","Europe and Central Asia","Temperate Zone",14,-1.6572621947758e-07,9.09991913766193e-05,0.999999834273794,0.999821491793169,1.00017820856614,-0.00182118342998992,0.998546906662069,"","Negative"
"3GCR-Kp","Relative Humidity","Egypt","Middle East and North Africa","Temperate Zone",2,-0.191958048010521,0.123694772036769,0.825341492483014,0.647653271161008,1.0517797246557,-1.55186872371179,0.120693637892002,"","Negative"
"CR-Kp","Relative Humidity","Egypt","Middle East and North Africa","Temperate Zone",2,-0.0314262174947414,0.0633643596837267,0.969062453671669,0.855884054406061,1.09720707411453,-0.495960468181175,0.619922302287909,"","Negative"
"3GCR-Ec","Relative Humidity","Estonia","Europe and Central Asia","Temperate Zone",19,1.0075211295398e-06,0.000186848600195133,1.00000100752164,0.999634850947896,1.00036729821499,0.00539217916798737,0.995697684341522,"","Positive"
"3GCR-Kp","Relative Humidity","Estonia","Europe and Central Asia","Temperate Zone",15,0.0355441227128806,0.0162690547125937,1.03618336634062,1.00366346963683,1.06975694658835,2.18476877365016,0.0289058046952526,"*","Positive"
"CR-Ec","Relative Humidity","Estonia","Europe and Central Asia","Temperate Zone",19,-2.07451607105647e-07,7.46815395265363e-05,0.999999792548414,0.999853427473723,1.00014617904898,-0.00277781642452528,0.997783626012481,"","Negative"
"CR-Kp","Relative Humidity","Estonia","Europe and Central Asia","Temperate Zone",13,0.00531869101342228,0.0108984604958956,1.00533286036012,0.984085700657206,1.0270387624217,0.488022231711105,0.625534094054887,"","Positive"
"CR-Pa","Relative Humidity","Estonia","Europe and Central Asia","Temperate Zone",12,-1.0101883601502e-07,5.63202510215727e-05,0.999999898981169,0.999889517392815,1.00011029275496,-0.00179365031552018,0.998568874873132,"","Negative"
"3GCR-Ec","Relative Humidity","Finland","Europe and Central Asia","Temperate Zone",19,1.58471990896955e-06,0.000272935270539234,1.00000158472116,0.999466773805297,1.00053668181234,0.00580621150882642,0.995367339509812,"","Positive"
"3GCR-Kp","Relative Humidity","Finland","Europe and Central Asia","Temperate Zone",15,0.0230499293198558,0.0199555957875104,1.02331763182506,0.984065284175686,1.06413567518666,1.15506094457385,0.248065470179831,"","Positive"
"CR-Ab","Relative Humidity","Finland","Europe and Central Asia","Temperate Zone",4,3.08897332636986e-07,0.000252534308387532,1.00000030889738,0.999505463976163,1.00049539881125,0.00122318957217868,0.999024036168795,"","Positive"
"CR-Ec","Relative Humidity","Finland","Europe and Central Asia","Temperate Zone",19,8.14521062686351e-08,7.90876763182101e-05,1.00000008145211,0.999845081607616,1.00015510532528,0.00102989631331324,0.999178261777647,"","Positive"
"CR-Kp","Relative Humidity","Finland","Europe and Central Asia","Temperate Zone",15,0.00762609725220362,0.0154767192105742,1.00765524999194,0.977547619800731,1.0386901694296,0.492746372693331,0.622191807062702,"","Positive"
"CR-Pa","Relative Humidity","Finland","Europe and Central Asia","Temperate Zone",16,-1.45842502916425e-07,7.33516190730189e-05,0.999999854157508,0.999856095339383,1.0001436336452,-0.00198826562739187,0.998413594598359,"","Negative"
"3GCR-Ec","Relative Humidity","France","Europe and Central Asia","Temperate Zone",18,2.88455050641684e-07,9.55417335250951e-05,1.00000028845509,0.999813044135768,1.00018756784141,0.00301915236409143,0.997591068601662,"","Positive"
"3GCR-Kp","Relative Humidity","France","Europe and Central Asia","Temperate Zone",15,0.0313295123097922,0.0136553883157121,1.03182544706208,1.00457538647355,1.05981469140135,2.29429669705869,0.0217734621750992,"*","Positive"
"CR-Ab","Relative Humidity","France","Europe and Central Asia","Temperate Zone",8,1.04460633076789e-07,7.86464053790398e-05,1.00000010446064,0.999845969370026,1.00015426331254,0.00132823150115172,0.998940224903668,"","Positive"
"CR-Ec","Relative Humidity","France","Europe and Central Asia","Temperate Zone",18,-4.99590917833716e-07,7.82590654349439e-05,0.999999500409207,0.999846124480882,1.00015289986533,-0.00638380889238987,0.994906492041638,"","Negative"
"CR-Kp","Relative Humidity","France","Europe and Central Asia","Temperate Zone",15,0.00212789137173151,0.00469432329836338,1.00213015693925,0.99295197237689,1.01139317850703,0.453290333129246,0.650339692794874,"","Positive"
"CR-Pa","Relative Humidity","France","Europe and Central Asia","Temperate Zone",16,-5.17109344824732e-08,5.31990129031808e-05,0.999999948289067,0.999895683665103,1.00010422378528,-0.000972028082110925,0.999224433922748,"","Negative"
"3GCR-Kp","Relative Humidity","Georgia","Europe and Central Asia","Temperate Zone",1,4.98139237766863e-05,0.0168455729689761,1.00004981516451,0.967569996302753,1.03361993099426,0.00295709287350611,0.997640584689981,"","Positive"
"CR-Ab","Relative Humidity","Georgia","Europe and Central Asia","Temperate Zone",1,-4.68696310978541e-08,7.03919804887183e-05,0.99999995313037,0.999861994372264,1.00013793092372,-0.000665837653273101,0.999468738455707,"","Negative"
"CR-Kp","Relative Humidity","Georgia","Europe and Central Asia","Temperate Zone",1,-0.000138686952872684,0.000359229217715827,0.999861322663718,0.999157578816537,1.00056556218387,-0.386068131524854,0.699446210996018,"","Negative"
"3GCR-Ec","Relative Humidity","Germany","Europe and Central Asia","Temperate Zone",20,5.45761624464935e-07,0.000131571320360682,1.00000054576177,0.999742699081278,1.00025845894429,0.00414802878749576,0.996690361363713,"","Positive"
"3GCR-Kp","Relative Humidity","Germany","Europe and Central Asia","Temperate Zone",15,0.033391425498605,0.0142770705827151,1.03395517646396,1.005423018776,1.06329702719368,2.33881490640182,0.0193450149152202,"*","Positive"
"CR-Ab","Relative Humidity","Germany","Europe and Central Asia","Temperate Zone",8,1.3570479981488e-07,0.00011202542740192,1.00000013570481,0.999780589941,1.00021972967954,0.00121137497943217,0.999033462842956,"","Positive"
"CR-Ec","Relative Humidity","Germany","Europe and Central Asia","Temperate Zone",19,-4.01053111512677e-07,7.67452508471182e-05,0.999999598946969,0.999849189628256,1.00015003089206,-0.00522577106838314,0.995830456923711,"","Negative"
"CR-Kp","Relative Humidity","Germany","Europe and Central Asia","Temperate Zone",15,0.00312777128704729,0.00688434012367702,1.00313266786746,0.989688001666603,1.01675997652628,0.454331312930062,0.649590381774557,"","Positive"
"CR-Pa","Relative Humidity","Germany","Europe and Central Asia","Temperate Zone",16,-6.603195086178e-08,5.31692093082428e-05,0.999999933968051,0.999895727754534,1.00010415104164,-0.00124192087339435,0.999009090764104,"","Negative"
"CR-Pa","Relative Humidity","Ghana","Sub-Saharan Africa","Tropical Zone",1,4.89972169449895e-09,6.27643167944608e-05,1.00000000489972,0.999876994404613,1.00012303052827,7.80654031580468e-05,0.999937712820151,"","Positive"
"3GCR-Ec","Relative Humidity","Greece","Europe and Central Asia","Temperate Zone",20,-1.271069417399e-06,0.000225657034949415,0.99999872893139,0.999556539499769,1.00044111398125,-0.00563274890890919,0.995505740376255,"","Negative"
"3GCR-Kp","Relative Humidity","Greece","Europe and Central Asia","Temperate Zone",15,-0.032035590657702,0.0218630371413385,0.968472112906347,0.927848194161692,1.01087466611357,-1.46528547020255,0.142843049006651,"","Negative"
"CR-Ab","Relative Humidity","Greece","Europe and Central Asia","Temperate Zone",8,-1.44712490407119e-07,0.000132755571902433,0.99999985528752,0.999739688253564,1.00026009002599,-0.0010900671688076,0.999130252408016,"","Negative"
"CR-Ec","Relative Humidity","Greece","Europe and Central Asia","Temperate Zone",20,-1.27555271661605e-07,0.000101304454442295,0.999999872444736,0.999801335450437,1.00019844886381,-0.0012591279659303,0.998995361501369,"","Negative"
"CR-Kp","Relative Humidity","Greece","Europe and Central Asia","Temperate Zone",15,-0.00479827221576877,0.0100194350927481,0.995213221102322,0.975859785782474,1.01495047740151,-0.47889648182278,0.6320122739417,"","Negative"
"CR-Pa","Relative Humidity","Greece","Europe and Central Asia","Temperate Zone",16,1.34242845447132e-07,7.83063559328394e-05,1.00000013424285,0.999846665542147,1.00015362649982,0.00171432885425377,0.998632164145046,"","Positive"
"3GCR-Ec","Relative Humidity","Hungary","Europe and Central Asia","Temperate Zone",19,-7.47121505940926e-07,0.000157257588477297,0.999999252878773,0.99969107573201,1.00030752502804,-0.00475094088097878,0.996209311882,"","Negative"
"3GCR-Kp","Relative Humidity","Hungary","Europe and Central Asia","Temperate Zone",15,-0.00636170789724722,0.0180255551997135,0.993658484923471,0.95916535353533,1.02939204488691,-0.352927154074475,0.724143053079548,"","Negative"
"CR-Ab","Relative Humidity","Hungary","Europe and Central Asia","Temperate Zone",8,-4.67498414426813e-08,8.26285147850443e-05,0.99999995325016,0.999838014482251,1.00016191824648,-0.000565783392867458,0.999548570190157,"","Negative"
"CR-Ec","Relative Humidity","Hungary","Europe and Central Asia","Temperate Zone",19,-3.8147915638362e-07,8.92730805252027e-05,0.999999618520916,0.999824658657105,1.00017460900105,-0.00427317119717768,0.996590513052308,"","Negative"
"CR-Kp","Relative Humidity","Hungary","Europe and Central Asia","Temperate Zone",15,-0.00239689000594466,0.00622366333113678,0.997605980241225,0.985510724520054,1.00984968204961,-0.385125267614189,0.70014460831476,"","Negative"
"CR-Pa","Relative Humidity","Hungary","Europe and Central Asia","Temperate Zone",16,3.35510234680131e-08,6.57348187166599e-05,1.00000003355102,0.999871201601565,1.00012888210029,0.000510399573970527,0.99959276007777,"","Positive"
"3GCR-Ec","Relative Humidity","Iceland","Europe and Central Asia","Temperate Zone",19,1.8606289497202e-06,0.000318080039669016,1.00000186063068,0.999378616889696,1.00062549304594,0.00584956211542326,0.995332751317496,"","Positive"
"3GCR-Kp","Relative Humidity","Iceland","Europe and Central Asia","Temperate Zone",1,0.0160948859166372,0.0210507717461504,1.01622510628225,0.97514936318604,1.05903106295866,0.764574625136034,0.444524883910347,"","Positive"
"CR-Ec","Relative Humidity","Iceland","Europe and Central Asia","Temperate Zone",10,2.02105753173816e-07,8.44279205489215e-05,1.00000020210577,0.999834737038905,1.00016569455586,0.00239382602176855,0.998090005000156,"","Positive"
"3GCR-Ec","Relative Humidity","India","South Asia","Tropical Zone",10,-1.27352964509373e-06,0.000221950153095395,0.999998726471166,0.999563799333473,1.00043384285302,-0.00573790838768363,0.995421836607777,"","Negative"
"3GCR-Kp","Relative Humidity","India","South Asia","Tropical Zone",10,-0.0373874980210497,0.0226015538792334,0.963302785094587,0.921560782529983,1.0069354874493,-1.65420033599556,0.0980868146265101,"","Negative"
"CR-Ab","Relative Humidity","India","South Asia","Tropical Zone",10,-2.92072322626491e-07,0.000212283644805,0.99999970792772,0.999583718652993,1.00041587032159,-0.00137585880859914,0.99890222384512,"","Negative"
"CR-Ec","Relative Humidity","India","South Asia","Tropical Zone",10,1.07562357955814e-07,0.000115072452748347,1.00000010756236,0.999774590963406,1.00022567503052,0.000934735945804885,0.999254188729021,"","Positive"
"CR-Kp","Relative Humidity","India","South Asia","Tropical Zone",10,-0.00612733268850596,0.0124476537906372,0.993891401132119,0.969936441247975,1.01843798751739,-0.492248000431596,0.622544035245241,"","Negative"
"CR-Pa","Relative Humidity","India","South Asia","Tropical Zone",7,3.20217881648166e-07,0.00013127828258771,1.00000032021793,0.999743047801882,1.00025765884009,0.00243922966797057,0.998053778237626,"","Positive"
"3GCR-Ec","Relative Humidity","Ireland","Europe and Central Asia","Temperate Zone",18,1.54527168944023e-06,0.000263997588622464,1.00000154527288,0.999484243046356,1.00051911523909,0.00585335531852179,0.995329724831121,"","Positive"
"3GCR-Kp","Relative Humidity","Ireland","Europe and Central Asia","Temperate Zone",15,0.0262328614871183,0.0195172178367682,1.02657997158155,0.9880510767324,1.06661129456752,1.34408816392358,0.178919879059665,"","Positive"
"CR-Ab","Relative Humidity","Ireland","Europe and Central Asia","Temperate Zone",7,2.85901779975117e-07,0.000231591083302296,1.00000028590182,0.999546470254229,1.0004543075915,0.00123451117330769,0.999015002844871,"","Positive"
"CR-Ec","Relative Humidity","Ireland","Europe and Central Asia","Temperate Zone",18,5.24558611191327e-08,7.71926199050907e-05,1.00000005245586,0.999848766357808,1.00015136144486,0.000679545028833428,0.999457801554853,"","Positive"
"CR-Kp","Relative Humidity","Ireland","Europe and Central Asia","Temperate Zone",14,0.00730104430294134,0.0147434494061432,1.00732776190946,0.978635409905728,1.03686133737106,0.495205979402566,0.620454730283603,"","Positive"
"CR-Pa","Relative Humidity","Ireland","Europe and Central Asia","Temperate Zone",15,-1.42463880251609e-07,6.9168347472087e-05,0.99999985753613,0.999864296783589,1.00013543666788,-0.00205966869902596,0.99835662330661,"","Negative"
"3GCR-Ec","Relative Humidity","Italy","Europe and Central Asia","Temperate Zone",18,-4.30803353428076e-07,0.00011542738865339,0.999999569196739,0.999773357202246,1.0002258323747,-0.00373224551342584,0.997022105841221,"","Negative"
"3GCR-Kp","Relative Humidity","Italy","Europe and Central Asia","Temperate Zone",15,0.0104976535424443,0.0156709157149309,1.01055294722265,0.979985658842459,1.0420736772277,0.669881309644357,0.502933455247586,"","Positive"
"CR-Ab","Relative Humidity","Italy","Europe and Central Asia","Temperate Zone",8,1.00664547209076e-08,6.54685349112929e-05,1.00000001006645,0.999871699969182,1.00012833662932,0.000153760195406041,0.999877317114503,"","Positive"
"CR-Ec","Relative Humidity","Italy","Europe and Central Asia","Temperate Zone",13,-5.05344024950971e-07,8.35336433183959e-05,0.999999494656103,0.99983578220029,1.00016323391809,-0.0060495867877426,0.995173157544569,"","Negative"
"CR-Kp","Relative Humidity","Italy","Europe and Central Asia","Temperate Zone",14,-0.000920270293999052,0.00372955409010678,0.999080153024842,0.991803579032298,1.00641011312144,-0.24675075672993,0.805101122609036,"","Negative"
"CR-Pa","Relative Humidity","Italy","Europe and Central Asia","Temperate Zone",15,-1.20021180954895e-08,5.99280813334678e-05,0.999999987997882,0.999882535857921,1.00011745393447,-0.000200275360539312,0.999840203382985,"","Negative"
"3GCR-Ec","Relative Humidity","Japan","East Asia and Pacific","Temperate Zone",1,2.57560420866804e-07,8.31208364489205e-05,1.00000025756045,0.999837353949284,1.00016318771353,0.00309862643195465,0.997527657766608,"","Positive"
"3GCR-Kp","Relative Humidity","Japan","East Asia and Pacific","Temperate Zone",1,0.0288644147801739,0.0134705323501308,1.0292850291769,1.00246520500712,1.05682238744653,2.14278203933742,0.0321306041700927,"*","Positive"
"CR-Ab","Relative Humidity","Japan","East Asia and Pacific","Temperate Zone",1,1.00050615119988e-07,7.02451286729307e-05,1.00000010005062,0.999862429062166,1.00013778999498,0.001424306809741,0.998863567970898,"","Positive"
"CR-Ec","Relative Humidity","Japan","East Asia and Pacific","Temperate Zone",1,-5.28305468739615e-07,7.84626964581885e-05,0.999999471694671,0.99984569671545,1.00015327032429,-0.00673320561983414,0.994627719784255,"","Negative"
"CR-Kp","Relative Humidity","Japan","East Asia and Pacific","Temperate Zone",1,0.0016846884504695,0.00339825829086191,1.0016861083353,0.995036461471848,1.00838019357375,0.495750559926452,0.620070410453224,"","Positive"
"3GCR-Kp","Relative Humidity","Kosovo","Europe and Central Asia","Temperate Zone",3,-0.0204376165670708,0.0203003484020708,0.979769815972677,0.941551436915011,1.01953951176199,-1.00676186251986,0.314049225808011,"","Negative"
"CR-Ab","Relative Humidity","Kosovo","Europe and Central Asia","Temperate Zone",4,-9.18745620552427e-08,0.000112686515733549,0.999999908125442,0.999779066963899,1.00022079806858,-0.000815311055250685,0.999349475968834,"","Negative"
"CR-Kp","Relative Humidity","Kosovo","Europe and Central Asia","Temperate Zone",3,-0.00298408024174481,0.0078477657697253,0.997020367700261,0.981801920606675,1.01247470874259,-0.380245834203748,0.70376293904003,"","Negative"
"3GCR-Ec","Relative Humidity","Latvia","Europe and Central Asia","Temperate Zone",14,9.29344957174925e-07,0.000174918970612556,1.00000092934539,0.999658146607748,1.00034382962322,0.00531300266586531,0.995760857145163,"","Positive"
"3GCR-Kp","Relative Humidity","Latvia","Europe and Central Asia","Temperate Zone",12,0.0357098635211418,0.0156117018118014,1.03635511844203,1.00512401104175,1.06855663552185,2.28737801628696,0.022173768318552,"*","Positive"
"CR-Ab","Relative Humidity","Latvia","Europe and Central Asia","Temperate Zone",6,1.79562707386112e-07,0.000142001495973323,1.00000017956272,0.999721895308881,1.00027854128024,0.00126451278668111,0.998991065039449,"","Positive"
"CR-Ec","Relative Humidity","Latvia","Europe and Central Asia","Temperate Zone",14,-2.47555005335924e-07,7.48527711955805e-05,0.999999752445025,0.999853051811394,1.0001464746029,-0.0033072256562031,0.997361220520207,"","Negative"
"CR-Kp","Relative Humidity","Latvia","Europe and Central Asia","Temperate Zone",12,0.00471066383345433,0.00979378663874002,1.00472177645275,0.985619247205905,1.02419453652114,0.480984935369223,0.630527205547699,"","Positive"
"CR-Pa","Relative Humidity","Latvia","Europe and Central Asia","Temperate Zone",3,-6.59274830949971e-08,5.21144401942314e-05,0.999999934072519,0.999897794993024,1.00010208358547,-0.00126505212085718,0.998990634713381,"","Negative"
"3GCR-Ec","Relative Humidity","Lebanon","Middle East and North Africa","Temperate Zone",1,-1.63405930104252e-06,0.000280094469366051,0.999998365942034,0.999449532343685,1.0005475009246,-0.0058339577526859,0.995345201585164,"","Negative"
"CR-Ec","Relative Humidity","Lebanon","Middle East and North Africa","Temperate Zone",1,1.18488748406657e-07,0.000114511017298247,1.00000011848876,0.99977570205339,1.00022458529816,0.00103473666728547,0.999174399736002,"","Positive"
"3GCR-Ec","Relative Humidity","Lithuania","Europe and Central Asia","Temperate Zone",14,7.76552814021692e-07,0.000156437070268421,1.00000077655312,0.999694206659405,1.00030744046067,0.00496399486828313,0.996039321400708,"","Positive"
"3GCR-Kp","Relative Humidity","Lithuania","Europe and Central Asia","Temperate Zone",14,0.0353522331339217,0.0149518972564529,1.03598455262648,1.00606483157967,1.06679406693453,2.36439781036246,0.0180594088448436,"*","Positive"
"CR-Ab","Relative Humidity","Lithuania","Europe and Central Asia","Temperate Zone",6,1.54368324060354e-07,0.000123405738554158,1.00000015436834,0.999758308332896,1.00024205890742,0.00125090069448115,0.999001925909066,"","Positive"
"CR-Ec","Relative Humidity","Lithuania","Europe and Central Asia","Temperate Zone",13,-3.20448859343535e-07,7.56333007574269e-05,0.999999679551192,0.999851449316402,1.00014793176145,-0.00423687524059392,0.996619472773522,"","Negative"
"CR-Kp","Relative Humidity","Lithuania","Europe and Central Asia","Temperate Zone",13,0.00402923182039705,0.00856711160132439,1.00403736008815,0.987318785976687,1.02103903498155,0.470313917677245,0.638130755424471,"","Positive"
"CR-Pa","Relative Humidity","Lithuania","Europe and Central Asia","Temperate Zone",10,-8.06051034430787e-08,5.44535094540171e-05,0.9999999193949,0.999893196220296,1.00010665396056,-0.00148025543718436,0.998818927471945,"","Negative"
"3GCR-Ec","Relative Humidity","Luxembourg","Europe and Central Asia","Temperate Zone",19,1.03924553497564e-06,0.000196307424147269,1.00000103924607,0.999616350306578,1.00038587622795,0.00529396959636129,0.995776043123896,"","Positive"
"3GCR-Kp","Relative Humidity","Luxembourg","Europe and Central Asia","Temperate Zone",12,0.0334501648153985,0.0163769427850589,1.03401591206839,1.00135227045093,1.06774502636233,2.04251582572029,0.0411003912290377,"*","Positive"
"CR-Ec","Relative Humidity","Luxembourg","Europe and Central Asia","Temperate Zone",17,-2.03588813827314e-07,7.52380730760393e-05,0.999999796411207,0.999852340690666,1.00014727387815,-0.00270592806944374,0.997840984405484,"","Negative"
"CR-Kp","Relative Humidity","Luxembourg","Europe and Central Asia","Temperate Zone",10,0.00513805858933364,0.0108101944933623,1.00515128104859,0.984078191069695,1.02667563102419,0.475297515922448,0.634574929406037,"","Positive"
"CR-Pa","Relative Humidity","Luxembourg","Europe and Central Asia","Temperate Zone",11,-1.00001769166564e-07,5.78221958272333e-05,0.999999899998236,0.999886574927519,1.00011323791298,-0.00172947027929134,0.99862008305369,"","Negative"
"3GCR-Ec","Relative Humidity","Malawi","Sub-Saharan Africa","Tropical Zone",12,-4.19189261003326e-07,0.000101575802019722,0.999999580810827,0.99980051213913,1.00019868911877,-0.00412686144404685,0.996707250315687,"","Negative"
"3GCR-Kp","Relative Humidity","Malawi","Sub-Saharan Africa","Tropical Zone",11,0.0059570133872789,0.016063387298665,1.00597479167583,0.974795839087735,1.03815100650645,0.370844161105047,0.710753607089411,"","Positive"
"3GCR-Ec","Relative Humidity","Malaysia","East Asia and Pacific","Tropical Zone",4,1.81730580672167e-06,0.000307902515937423,1.00000181730746,0.999398509342646,1.00060548947183,0.00590221161781937,0.995290743817588,"","Positive"
"3GCR-Kp","Relative Humidity","Malaysia","East Asia and Pacific","Tropical Zone",4,0.0179102133072542,0.0207090105904016,1.01807156300738,0.977575797968685,1.06024485217206,0.864851231258501,0.387120447907545,"","Positive"
"CR-Ab","Relative Humidity","Malaysia","East Asia and Pacific","Tropical Zone",4,2.73686175955951e-07,0.000220774763238866,1.00000027368621,0.999567648641025,1.00043308597679,0.00123966241404068,0.999010892752567,"","Positive"
"CR-Ec","Relative Humidity","Malaysia","East Asia and Pacific","Tropical Zone",4,1.41484301139698e-07,8.03657846719482e-05,1.00000014148431,0.999842636929211,1.000157670851,0.00176050419612319,0.998595321608289,"","Positive"
"CR-Kp","Relative Humidity","Malaysia","East Asia and Pacific","Tropical Zone",4,0.00833225840935238,0.0168128095224154,1.00836706828892,0.975679772596011,1.04214945617266,0.495589889259349,0.620183787718069,"","Positive"
"3GCR-Ec","Relative Humidity","Malta","Middle East and North Africa","Temperate Zone",19,-1.46915748658975e-06,0.000256778663566156,0.999998530843593,0.999495372029469,1.00050194295433,-0.00572149362484409,0.995434933478633,"","Negative"
"3GCR-Kp","Relative Humidity","Malta","Middle East and North Africa","Temperate Zone",13,-0.0402161411940223,0.0233897810159184,0.960581795416732,0.917539074467091,1.00564369557988,-1.71938938490499,0.0855434938049454,"","Negative"
"CR-Ec","Relative Humidity","Malta","Middle East and North Africa","Temperate Zone",19,5.15604466804741e-09,0.000109041882378219,1.00000000515604,0.99978630590242,1.0002137500868,4.72849932117215e-05,0.999962272033973,"","Positive"
"CR-Kp","Relative Humidity","Malta","Middle East and North Africa","Temperate Zone",13,-0.00549368035432742,0.0113111480065833,0.99452138231181,0.972715600929216,1.01681599321585,-0.485687248644433,0.627188925808389,"","Negative"
"CR-Pa","Relative Humidity","Malta","Middle East and North Africa","Temperate Zone",13,1.82131199464693e-07,8.51665954840272e-05,1.00000018213122,0.999833269505125,1.00016712262178,0.00213852859128144,0.998293702354751,"","Positive"
"3GCR-Ec","Relative Humidity","Mexico","Latin America and the Caribbean","Temperate Zone",7,-3.14642666359525e-06,0.000614698094944681,0.999996853578286,0.998792774590838,1.0012023841243,-0.00511865367644975,0.995915923093693,"","Negative"
"3GCR-Kp","Relative Humidity","Mexico","Latin America and the Caribbean","Temperate Zone",5,-0.119708519203046,0.0435176707210672,0.887178994673396,0.81464474716745,0.96617153836249,-2.75080254111794,0.0059449466507046,"**","Negative"
"CR-Ab","Relative Humidity","Mexico","Latin America and the Caribbean","Temperate Zone",5,-4.74005015632384e-07,0.000328919341980427,0.999999525995097,0.999355052153032,1.00064441545174,-0.00144109802962147,0.998850170529549,"","Negative"
"CR-Ec","Relative Humidity","Mexico","Latin America and the Caribbean","Temperate Zone",7,1.72107001701298e-06,0.000276318749495897,1.0000017210715,0.99946028202118,1.00054345343637,0.00622856762399519,0.995030354189865,"","Positive"
"CR-Kp","Relative Humidity","Mexico","Latin America and the Caribbean","Temperate Zone",7,-0.0140215648617296,0.0283642674560539,0.986076279434955,0.932752367140874,1.04244863172503,-0.494339044131983,0.621066755215102,"","Negative"
"CR-Pa","Relative Humidity","Mexico","Latin America and the Caribbean","Temperate Zone",8,2.94871247253417e-07,0.000207147770428537,1.00000029487129,0.999594367532311,1.00040638705414,0.00142348260202561,0.998864225592843,"","Positive"
"3GCR-Ec","Relative Humidity","Netherlands","Europe and Central Asia","Temperate Zone",20,8.31378105141134e-07,0.000163148658211556,1.00000083137845,0.999681110863963,1.00032065414675,0.00509583170499066,0.995934132154884,"","Positive"
"3GCR-Kp","Relative Humidity","Netherlands","Europe and Central Asia","Temperate Zone",15,0.0359335818110414,0.0150255482889771,1.03658699597352,1.00650457059425,1.06756852538384,2.3914988737817,0.0167797354418639,"*","Positive"
"CR-Ab","Relative Humidity","Netherlands","Europe and Central Asia","Temperate Zone",8,1.73824523817466e-07,0.000137870898098626,1.00000017382454,0.999729983325316,1.00027043734638,0.00126077748251934,0.998994045378594,"","Positive"
"CR-Ec","Relative Humidity","Netherlands","Europe and Central Asia","Temperate Zone",20,-2.85363215383166e-07,7.5112990902143e-05,0.999999714636825,0.999852504053213,1.00014694689459,-0.00379911932617537,0.996968748636829,"","Negative"
"CR-Kp","Relative Humidity","Netherlands","Europe and Central Asia","Temperate Zone",15,0.00428708978781374,0.00890097181952361,1.00429629250349,0.98692738372221,1.02197087624854,0.481642889646087,0.630059652630978,"","Positive"
"CR-Pa","Relative Humidity","Netherlands","Europe and Central Asia","Temperate Zone",16,-8.49586256414675e-08,5.37496961368269e-05,0.999999915041378,0.999894571194953,1.0001052699863,-0.00158063452908076,0.998738836638124,"","Negative"
"3GCR-Ec","Relative Humidity","New Zealand","East Asia and Pacific","Temperate Zone",11,1.04538189596767e-06,0.000187028112261776,1.00000104538244,0.999634537079711,1.00036768806262,0.00558943724195047,0.995540297542612,"","Positive"
"3GCR-Kp","Relative Humidity","New Zealand","East Asia and Pacific","Temperate Zone",9,0.0369341855891146,0.0159017939028,1.03762472793066,1.00578332878581,1.07047417192025,2.32264270401664,0.0201983546160373,"*","Positive"
"CR-Ec","Relative Humidity","New Zealand","East Asia and Pacific","Temperate Zone",11,-1.91218768828585e-07,7.39655264842084e-05,0.999999808781249,0.999854846885055,1.00014479169445,-0.00258524177299556,0.997937277801077,"","Negative"
"CR-Kp","Relative Humidity","New Zealand","East Asia and Pacific","Temperate Zone",9,0.00517791248838799,0.0104584081610885,1.00519134104455,0.984796195335508,1.02600887056301,0.495095659744178,0.620532597390573,"","Positive"
"3GCR-Ec","Relative Humidity","North Macedonia","Europe and Central Asia","Temperate Zone",4,-1.16191913311063e-06,0.000213810436588591,0.999998838081542,0.99957985790957,1.00041799387168,-0.00543434245609986,0.995664043397808,"","Negative"
"3GCR-Kp","Relative Humidity","North Macedonia","Europe and Central Asia","Temperate Zone",2,-0.0398236825782384,0.0237548573352325,0.960958858004399,0.917242673762217,1.00675857457599,-1.67644376963583,0.0936513016206687,"","Negative"
"CR-Ab","Relative Humidity","North Macedonia","Europe and Central Asia","Temperate Zone",1,-1.88819357885039e-07,0.000153211643493027,0.99999981118066,0.999699561500083,1.0003001510382,-0.00123240867064802,0.999016680398006,"","Negative"
"CR-Ec","Relative Humidity","North Macedonia","Europe and Central Asia","Temperate Zone",4,-1.80551933485172e-07,9.92608390453938e-05,0.999999819448083,0.999805287162543,1.0001943895838,-0.00181896440954526,0.998548677181289,"","Negative"
"CR-Kp","Relative Humidity","North Macedonia","Europe and Central Asia","Temperate Zone",2,-0.00435543579853724,0.0103004762508247,0.995654035356635,0.975754394467127,1.0159595116795,-0.422838293344787,0.672413246620996,"","Negative"
"3GCR-Ec","Relative Humidity","Norway","Europe and Central Asia","Polar Zone",20,-3.76725604198122e-07,0.000329762212356801,0.999999623274467,0.999353498410444,1.0006461658859,-0.00114241592905893,0.999088484166461,"","Negative"
"3GCR-Kp","Relative Humidity","Norway","Europe and Central Asia","Polar Zone",15,-0.017463557159545,0.0260615715050226,0.982688046956249,0.933752152506998,1.0341885638903,-0.670088415665166,0.502801429147859,"","Negative"
"CR-Ab","Relative Humidity","Norway","Europe and Central Asia","Polar Zone",6,-1.23158751761367e-07,0.000246507909083916,0.999999876841256,0.999516838099766,1.00048314902196,-0.000499613794214778,0.999601365883816,"","Negative"
"CR-Ec","Relative Humidity","Norway","Europe and Central Asia","Polar Zone",20,2.32804825902263e-07,0.000146828438732457,1.00000023280485,0.999712490403718,1.00028805802549,0.00158555677573108,0.998734909258439,"","Positive"
"CR-Kp","Relative Humidity","Norway","Europe and Central Asia","Polar Zone",15,-0.0016437604778464,0.0182828121248096,0.998357589756486,0.963215538646031,1.03478176694018,-0.0899074205119589,0.928360784320828,"","Negative"
"CR-Pa","Relative Humidity","Norway","Europe and Central Asia","Polar Zone",16,2.38673503731128e-08,8.72590239137502e-05,1.00000002386735,0.999829010800799,1.00017106618437,0.000273523004299293,0.999781760220566,"","Positive"
"3GCR-Ec","Relative Humidity","Oman","Middle East and North Africa","Tropical Zone",1,-3.21921891760194e-06,0.000629576627535411,0.999996780786264,0.998763575594413,1.00123150865584,-0.00511330754161592,0.995920188636315,"","Negative"
"3GCR-Kp","Relative Humidity","Oman","Middle East and North Africa","Tropical Zone",1,-0.129242227369366,0.0457525896026018,0.878761079778589,0.803388153204364,0.961205405199938,-2.82480682496748,0.00473091287678874,"**","Negative"
"CR-Ab","Relative Humidity","Oman","Middle East and North Africa","Tropical Zone",1,-5.98577197066543e-07,0.000435465289657874,0.999999401422982,0.999146254103661,1.00085327722459,-0.00137456925105746,0.9989032527622,"","Negative"
"CR-Ec","Relative Humidity","Oman","Middle East and North Africa","Tropical Zone",1,2.38994623641942e-06,0.00035913030908748,1.00000238994909,0.999298740537854,1.00070653483028,0.00665481630467801,0.994690264007222,"","Positive"
"CR-Kp","Relative Humidity","Oman","Middle East and North Africa","Tropical Zone",1,-0.0163587575341812,0.0329516820449519,0.983774320289071,0.922245285620437,1.04940836060673,-0.496446812999256,0.619579203818769,"","Negative"
"3GCR-Ec","Relative Humidity","Pakistan","South Asia","Temperate Zone",6,-4.1928660485189e-06,0.000957404768054189,0.999995807142741,0.998121061208319,1.00187407436577,-0.0043794079457536,0.996505749184127,"","Negative"
"3GCR-Kp","Relative Humidity","Pakistan","South Asia","Temperate Zone",3,-0.160923766890349,0.0628447657046753,0.851356970222652,0.752691742376929,0.962955549980948,-2.56065505354215,0.0104475031519813,"*","Negative"
"CR-Ab","Relative Humidity","Pakistan","South Asia","Temperate Zone",1,-6.38510762048154e-07,0.000484638138044671,0.999999361489442,0.999049922348508,1.00094970292231,-0.00131750003131058,0.998948787370277,"","Negative"
"CR-Ec","Relative Humidity","Pakistan","South Asia","Temperate Zone",6,3.50328424571702e-06,0.000540777753093759,1.00000350329038,0.998944136704518,1.00106399332001,0.00647823292595698,0.994831154121044,"","Positive"
"CR-Kp","Relative Humidity","Pakistan","South Asia","Temperate Zone",3,-0.0204889000968555,0.0413687779939449,0.979719571206513,0.903416397578504,1.06246736364077,-0.495274482119206,0.62040638103855,"","Negative"
"3GCR-Ec","Relative Humidity","Philippines","East Asia and Pacific","Tropical Zone",2,1.41901099271373e-06,0.000243753823686932,1.000001419012,0.99952377494773,1.00047929132882,0.00582149223856382,0.99535514745753,"","Positive"
"3GCR-Kp","Relative Humidity","Philippines","East Asia and Pacific","Tropical Zone",2,0.0344919809094336,0.0171520316493812,1.03509372783248,1.00087438092496,1.07048301546893,2.01095599719686,0.0443301047579491,"*","Positive"
"CR-Ab","Relative Humidity","Philippines","East Asia and Pacific","Tropical Zone",2,2.00251143982284e-07,0.000155669193879469,1.00000020025116,0.999695135111887,1.00030535848356,0.00128638903428339,0.998973610333437,"","Positive"
"CR-Ec","Relative Humidity","Philippines","East Asia and Pacific","Tropical Zone",2,-8.60537633144776e-08,7.42188820749909e-05,0.99999991394624,0.999854455529994,1.00014539352372,-0.00115945916872648,0.999074885637671,"","Negative"
"CR-Kp","Relative Humidity","Philippines","East Asia and Pacific","Tropical Zone",2,0.00636590099172755,0.0128435758092472,1.00638620640399,0.981368249997718,1.03204194393142,0.495648648497422,0.620142323211335,"","Positive"
"3GCR-Ec","Relative Humidity","Poland","Europe and Central Asia","Temperate Zone",19,4.71602467406972e-07,0.000120436804155905,1.00000047160258,0.999764443214179,1.0002365557135,0.00391576703410766,0.996875677924112,"","Positive"
"3GCR-Kp","Relative Humidity","Poland","Europe and Central Asia","Temperate Zone",14,0.0325351743124155,0.0142924185889706,1.03307023003992,1.00453227370236,1.06241892683178,2.27639388742244,0.022822445203717,"*","Positive"
"CR-Ab","Relative Humidity","Poland","Europe and Central Asia","Temperate Zone",8,1.25497233392064e-07,0.000105566985053574,1.00000012549724,0.999793235585237,1.00020705822153,0.00118879243665409,0.999051481092207,"","Positive"
"CR-Ec","Relative Humidity","Poland","Europe and Central Asia","Temperate Zone",11,-4.16005081236382e-07,7.72903615769211e-05,0.999999583995005,0.999848106423226,1.00015108451573,-0.00538236686630537,0.99570551331193,"","Negative"
"CR-Kp","Relative Humidity","Poland","Europe and Central Asia","Temperate Zone",12,0.00279930869438541,0.00666277634638965,1.00280323041749,0.989792718582694,1.01598476131013,0.420141476893827,0.674382104310693,"","Positive"
"CR-Pa","Relative Humidity","Poland","Europe and Central Asia","Temperate Zone",14,-6.46178421352159e-08,5.36254505131404e-05,0.99999993538216,0.999894835029375,1.00010504678219,-0.00120498460184277,0.999038561622851,"","Negative"
"3GCR-Ec","Relative Humidity","Portugal","Europe and Central Asia","Temperate Zone",19,-9.20584159970209e-07,0.000182008663654194,0.999999079416264,0.99964240638692,1.00035587970677,-0.00505791395578435,0.995964385751664,"","Negative"
"3GCR-Kp","Relative Humidity","Portugal","Europe and Central Asia","Temperate Zone",14,-0.0121569579578887,0.0189438120750225,0.987916639313964,0.951908055107019,1.02528734891698,-0.641737677176271,0.521043521347536,"","Negative"
"CR-Ab","Relative Humidity","Portugal","Europe and Central Asia","Temperate Zone",8,-8.48906242183455e-08,0.000105209812302179,0.999999915109379,0.999793725154845,1.00020614758698,-0.000806869838095766,0.999356211083461,"","Negative"
"CR-Ec","Relative Humidity","Portugal","Europe and Central Asia","Temperate Zone",13,-2.94353708967872e-07,9.39476165995657e-05,0.999999705646334,0.999815585324233,1.00018385987498,-0.00313316845729573,0.997500097351681,"","Negative"
"CR-Kp","Relative Humidity","Portugal","Europe and Central Asia","Temperate Zone",13,-0.00354957909159818,0.00794231139597376,0.996456713217048,0.981065052256058,1.01208984973218,-0.44692016147813,0.654932706311904,"","Negative"
"CR-Pa","Relative Humidity","Portugal","Europe and Central Asia","Temperate Zone",15,6.4371640999484e-08,7.00445217390621e-05,1.00000006437164,0.999862786523663,1.00013736106742,0.000919010358001853,0.999266735927349,"","Positive"
"3GCR-Ec","Relative Humidity","Romania","Europe and Central Asia","Temperate Zone",17,-3.22314817211396e-07,0.000106847653363181,0.999999677685235,0.999790278279266,1.00020912094851,-0.00301658302326801,0.997593118629701,"","Negative"
"3GCR-Kp","Relative Humidity","Romania","Europe and Central Asia","Temperate Zone",10,0.0150968052780024,0.0149874247102778,1.01521133767474,0.985822907849572,1.04547586786308,1.00729815627694,0.313791515531978,"","Positive"
"CR-Ab","Relative Humidity","Romania","Europe and Central Asia","Temperate Zone",8,2.93226455664762e-08,5.49264858819753e-05,1.00000002932265,0.99989237920185,1.00010769103324,0.000533852568494624,0.999574047298086,"","Positive"
"CR-Ec","Relative Humidity","Romania","Europe and Central Asia","Temperate Zone",16,-5.12821271545564e-07,8.29194171724183e-05,0.99999948717886,0.999836978410534,1.00016202236059,-0.00618457400007082,0.995065455347084,"","Negative"
"CR-Kp","Relative Humidity","Romania","Europe and Central Asia","Temperate Zone",9,-0.000333957656602476,0.00286081690084775,0.999666098101049,0.994076455002214,1.00528717148859,-0.116735068400747,0.907069999682597,"","Negative"
"CR-Pa","Relative Humidity","Romania","Europe and Central Asia","Temperate Zone",9,-2.05127435134803e-08,5.85430839458385e-05,0.999999979487257,0.999885241627968,1.00011473051283,-0.0003503871359503,0.999720431519642,"","Negative"
"3GCR-Ec","Relative Humidity","Russia","Europe and Central Asia","Temperate Zone",2,1.10228117777232e-06,0.000194986117967434,1.00000110228179,0.999619002088107,1.00038334853167,0.00565312643414143,0.995489481722347,"","Positive"
"3GCR-Kp","Relative Humidity","Russia","Europe and Central Asia","Temperate Zone",3,0.0363479388455724,0.016379735549617,1.03701660208621,1.004252674232,1.07084945910136,2.21907971196899,0.0264813020203073,"*","Positive"
"CR-Ab","Relative Humidity","Russia","Europe and Central Asia","Temperate Zone",3,2.25642500969377e-07,0.000177523020955425,1.00000022564253,0.99965234096884,1.00034823138205,0.00127106050671611,0.998985840718923,"","Positive"
"CR-Ec","Relative Humidity","Russia","Europe and Central Asia","Temperate Zone",2,-1.64451983373461e-07,7.38196747320523e-05,0.99999983554803,0.999855159475944,1.00014453255431,-0.00222775274979715,0.998222511945895,"","Negative"
"CR-Kp","Relative Humidity","Russia","Europe and Central Asia","Temperate Zone",3,0.00547946744487426,0.0110351398417417,1.00549450718399,0.983980295877671,1.02747911539771,0.496547168722553,0.61950841683611,"","Positive"
"CR-Pa","Relative Humidity","Russia","Europe and Central Asia","Temperate Zone",2,-1.12817646128308e-07,5.69106367142246e-05,0.99999988718236,0.999888348567879,1.00011143823909,-0.00198236485553341,0.998418302723843,"","Negative"
"3GCR-Ec","Relative Humidity","Saudi Arabia","Middle East and North Africa","Tropical Zone",1,-4.2665857642793e-06,0.000979262507422552,0.999995733423338,0.998078227872992,1.00191692288085,-0.00435693772807567,0.996523677652843,"","Negative"
"3GCR-Kp","Relative Humidity","Saudi Arabia","Middle East and North Africa","Tropical Zone",1,-0.173342407478218,0.0752587697063655,0.840849652338162,0.725532365679718,0.974495654890357,-2.30328516071339,0.0212628040062974,"*","Negative"
"CR-Ab","Relative Humidity","Saudi Arabia","Middle East and North Africa","Tropical Zone",1,-7.37549759298969e-07,0.000671764300327612,0.999999262450513,0.998683471806216,1.00131678668215,-0.00109792937632928,0.999123979277775,"","Negative"
"CR-Ec","Relative Humidity","Saudi Arabia","Middle East and North Africa","Tropical Zone",1,4.36403107909227e-06,0.000685016873071738,1.0000043640406,0.998662626042539,1.00134790471037,0.00637069136636471,0.994916958100304,"","Positive"
"CR-Kp","Relative Humidity","Saudi Arabia","Middle East and North Africa","Tropical Zone",1,-0.0266739738032852,0.0537656107584457,0.973678634524346,0.87629317367631,1.08188687508753,-0.496115889450676,0.619812649268955,"","Negative"
"3GCR-Ec","Relative Humidity","Serbia","Europe and Central Asia","Temperate Zone",4,-4.68028109910417e-07,0.000139420477091768,0.999999531972,0.999726305298021,1.00027283331923,-0.00335695386842177,0.99732154336771,"","Negative"
"3GCR-Kp","Relative Humidity","Serbia","Europe and Central Asia","Temperate Zone",4,0.00305637008897221,0.0166582107395946,1.00306104555013,0.970839883388963,1.03635159444415,0.183475292559937,0.85442510337901,"","Positive"
"CR-Ab","Relative Humidity","Serbia","Europe and Central Asia","Temperate Zone",4,9.84192327980629e-09,7.0652039601376e-05,1.00000000984192,0.999861541430577,1.00013849742943,0.000139301332775885,0.999888853617638,"","Positive"
"CR-Ec","Relative Humidity","Serbia","Europe and Central Asia","Temperate Zone",4,-4.22465705374841e-07,8.57545837228846e-05,0.999999577534384,0.99983151274577,1.00016767057353,-0.00492645042438823,0.996069277166544,"","Negative"
"CR-Kp","Relative Humidity","Serbia","Europe and Central Asia","Temperate Zone",4,-0.000941500068412426,0.00461769441540529,0.999058943003715,0.990057574857695,1.0081421494494,-0.203889643557063,0.83843973833343,"","Negative"
"CR-Pa","Relative Humidity","Serbia","Europe and Central Asia","Temperate Zone",5,1.35754374452029e-08,6.2796636813913e-05,1.00000001357544,0.999876939739817,1.00012310256009,0.000216180963407823,0.999827512548301,"","Positive"
"3GCR-Ec","Relative Humidity","Slovakia","Europe and Central Asia","Temperate Zone",14,3.80531069212325e-07,0.000109281195392425,1.00000038053114,0.99978621224396,1.00021459469619,0.00348212762356645,0.997221669745053,"","Positive"
"3GCR-Kp","Relative Humidity","Slovakia","Europe and Central Asia","Temperate Zone",9,0.0329301636845329,0.0138356449324315,1.03347836240011,1.00582922380398,1.06188754539246,2.38009603783217,0.0173081265200414,"*","Positive"
"CR-Ab","Relative Humidity","Slovakia","Europe and Central Asia","Temperate Zone",7,1.31125541556061e-07,0.000102574891890183,1.00000013112555,0.999799104519637,1.00020119815128,0.00127833955405426,0.998980032884153,"","Positive"
"CR-Ec","Relative Humidity","Slovakia","Europe and Central Asia","Temperate Zone",13,-4.68391031110905e-07,7.78326881863459e-05,0.999999531609079,0.999846991247157,1.00015209524312,-0.0060179218015635,0.995198422088261,"","Negative"
"CR-Kp","Relative Humidity","Slovakia","Europe and Central Asia","Temperate Zone",9,0.00230973744378826,0.00534571139431619,1.0023124069422,0.991865409420908,1.01286943930913,0.432072978396118,0.665688373273348,"","Positive"
"CR-Pa","Relative Humidity","Slovakia","Europe and Central Asia","Temperate Zone",10,-5.62967291309232e-08,5.3276323397088e-05,0.999999943703272,0.999895527567037,1.00010437074338,-0.00105669320893867,0.999156880959987,"","Negative"
"3GCR-Ec","Relative Humidity","Slovenia","Europe and Central Asia","Temperate Zone",19,5.95402636270386e-07,0.000139551154638504,1.00000059540281,0.999727112380146,1.00027415323886,0.00426655471115755,0.996595792196226,"","Positive"
"3GCR-Kp","Relative Humidity","Slovenia","Europe and Central Asia","Temperate Zone",15,0.0333072867834243,0.014486163622939,1.03386818446361,1.00492650158198,1.06364338204178,2.29924827928091,0.0214908449193849,"*","Positive"
"CR-Ab","Relative Humidity","Slovenia","Europe and Central Asia","Temperate Zone",6,1.63341598420988e-07,0.000133912148123691,1.00000016334161,0.999737729930085,1.0002626656425,0.00121976684497745,0.999026767107948,"","Positive"
"CR-Ec","Relative Humidity","Slovenia","Europe and Central Asia","Temperate Zone",18,-3.83642832736009e-07,7.6697851407652e-05,0.999999616357241,0.999849299924806,1.00014995538811,-0.00500200234680543,0.996008996196895,"","Negative"
"CR-Kp","Relative Humidity","Slovenia","Europe and Central Asia","Temperate Zone",15,0.00338517927470648,0.00752695220987997,1.00339091546492,0.988696720509677,1.01830349828461,0.449741034659826,0.652897179429244,"","Positive"
"CR-Pa","Relative Humidity","Slovenia","Europe and Central Asia","Temperate Zone",16,-7.13463904023075e-08,5.38367044464676e-05,0.999999928653612,0.999894414287458,1.00010545415422,-0.0013252369574971,0.998942614201714,"","Negative"
"3GCR-Ec","Relative Humidity","South Africa","Sub-Saharan Africa","Temperate Zone",6,-3.98975683517219e-06,0.000878023017709831,0.999996010251124,0.998276571939114,1.0017184101353,-0.0045440230548611,0.996374406637562,"","Negative"
"3GCR-Kp","Relative Humidity","South Africa","Sub-Saharan Africa","Temperate Zone",6,-0.157630953520719,0.0581015535987525,0.854164950376671,0.762227662240044,0.95719139909962,-2.71302476022093,0.00666721246586415,"**","Negative"
"CR-Ab","Relative Humidity","South Africa","Sub-Saharan Africa","Temperate Zone",6,-5.79915255606253e-07,0.000419660612139113,0.999999420084912,0.999177223950942,1.00082229278203,-0.00138186724899028,0.998897429807855,"","Negative"
"CR-Ec","Relative Humidity","South Africa","Sub-Saharan Africa","Temperate Zone",6,3.12238062828183e-06,0.000473094936777891,1.0000031223855,0.999076283193816,1.00093082140231,0.00659990286420615,0.99473407763135,"","Positive"
"CR-Kp","Relative Humidity","South Africa","Sub-Saharan Africa","Temperate Zone",6,-0.0187459566076062,0.0379303678869964,0.981428656040917,0.911111972475865,1.05717215446183,-0.494220268663222,0.6211506268397,"","Negative"
"CR-Pa","Relative Humidity","South Africa","Sub-Saharan Africa","Temperate Zone",4,1.23928435143103e-07,0.000317017017235989,1.00000012392844,0.9993789634977,1.00062167043924,0.000390920450339265,0.999688090616117,"","Positive"
"3GCR-Ec","Relative Humidity","South Korea","East Asia and Pacific","Temperate Zone",2,-1.80965304232305e-06,0.000314573665466297,0.999998190348595,0.999381817116465,1.00061494373169,-0.00575271626644456,0.995410021824932,"","Negative"
"3GCR-Kp","Relative Humidity","South Korea","East Asia and Pacific","Temperate Zone",2,-0.0543843131424261,0.0258094108260949,0.947068065848997,0.900350849935348,0.996209334855815,-2.10715050835024,0.0351045353645229,"*","Negative"
"CR-Ab","Relative Humidity","South Korea","East Asia and Pacific","Temperate Zone",2,-2.00917849851214e-07,0.000163572423164394,0.99999979908217,0.999679248584486,1.00032045236545,-0.00122831126399153,0.999019949653043,"","Negative"
"CR-Ec","Relative Humidity","South Korea","East Asia and Pacific","Temperate Zone",2,2.65304886983509e-07,0.000127080545123056,1.00000026530492,0.999751218387725,1.00024937426192,0.0020876908162977,0.998334264939951,"","Positive"
"CR-Kp","Relative Humidity","South Korea","East Asia and Pacific","Temperate Zone",2,-0.00641478373314184,0.0132813220025787,0.993605747068355,0.968074555179214,1.01981027734429,-0.482992862600301,0.629100804059789,"","Negative"
"3GCR-Ec","Relative Humidity","Spain","Europe and Central Asia","Temperate Zone",19,-1.7752784047793e-06,0.000316598911355621,0.999998224723171,0.999377884449513,1.00061895005844,-0.00560734210101315,0.995526011755877,"","Negative"
"3GCR-Kp","Relative Humidity","Spain","Europe and Central Asia","Temperate Zone",15,-0.0555313035437485,0.0269283081337792,0.945982410605165,0.897348668352339,0.997251963183376,-2.0621905864962,0.0391895945803591,"*","Negative"
"CR-Ab","Relative Humidity","Spain","Europe and Central Asia","Temperate Zone",7,-2.32958440951253e-07,0.00018336490053203,0.999999767041586,0.999640436494973,1.00035922675308,-0.00127046365076047,0.998986316940691,"","Negative"
"CR-Ec","Relative Humidity","Spain","Europe and Central Asia","Temperate Zone",19,2.55405036618858e-07,0.00013002832753303,1.00000025540507,0.999745432290931,1.00025514347056,0.00196422611491315,0.998432775316759,"","Positive"
"CR-Kp","Relative Humidity","Spain","Europe and Central Asia","Temperate Zone",15,-0.00732910598936456,0.015186308464852,0.992697686413194,0.963585293322317,1.02268963986821,-0.482612743335711,0.629370729136581,"","Negative"
"CR-Pa","Relative Humidity","Spain","Europe and Central Asia","Temperate Zone",16,2.43034998587215e-07,0.000102807779278951,1.00000024303503,0.99979876003909,1.00020176663454,0.00236397479151634,0.9981138227685,"","Positive"
"3GCR-Ec","Relative Humidity","Sweden","Europe and Central Asia","Temperate Zone",18,1.397114817505e-06,0.000242786801715925,1.00000139711579,0.999525647524181,1.00047737315249,0.0057544924502927,0.99540860465872,"","Positive"
"3GCR-Kp","Relative Humidity","Sweden","Europe and Central Asia","Temperate Zone",14,0.0295131134627196,0.0185810050045306,1.02995294163284,0.993118132906991,1.068153955535,1.58834860953557,0.112207531295265,"","Positive"
"CR-Ab","Relative Humidity","Sweden","Europe and Central Asia","Temperate Zone",7,2.67405408772193e-07,0.000215815405675496,1.00000026740544,0.999577358548356,1.00042335519006,0.00123904689720931,0.999011383863566,"","Positive"
"CR-Ec","Relative Humidity","Sweden","Europe and Central Asia","Temperate Zone",13,4.37993039111264e-09,7.6580551143655e-05,1.00000000437993,0.999849917763155,1.00015011352608,5.71937695107008e-05,0.999954365974358,"","Positive"
"CR-Kp","Relative Humidity","Sweden","Europe and Central Asia","Temperate Zone",12,0.0069128087682984,0.0140351923705998,1.00693675738309,0.979614484106354,1.03502107188025,0.492533952208522,0.622341926197418,"","Positive"
"CR-Pa","Relative Humidity","Sweden","Europe and Central Asia","Temperate Zone",15,-1.33226828123914e-07,6.55799957139511e-05,0.999999866773181,0.999871338259204,1.00012841180886,-0.00203151626762872,0.998379085649974,"","Negative"
"3GCR-Ec","Relative Humidity","Switzerland","Europe and Central Asia","Temperate Zone",4,8.21540747129848e-07,0.000161098394119737,1.00000082154108,0.999685118273932,1.00031662450818,0.00509962095909679,0.995931108806819,"","Positive"
"3GCR-Kp","Relative Humidity","Switzerland","Europe and Central Asia","Temperate Zone",4,0.0359769642781552,0.0142661789011022,1.03663196665024,1.00804746177202,1.06602702256908,2.52183605207529,0.011674410515143,"*","Positive"
"CR-Ab","Relative Humidity","Switzerland","Europe and Central Asia","Temperate Zone",4,1.92332258029367e-07,0.000153342025743625,1.00000019233228,0.99969968706476,1.00030078793034,0.00125426970914634,0.998999237826388,"","Positive"
"CR-Ec","Relative Humidity","Switzerland","Europe and Central Asia","Temperate Zone",4,-2.94775356557214e-07,7.52145982568401e-05,0.999999705224687,0.999852295521441,1.00014713666076,-0.00391912425764246,0.996872999267841,"","Negative"
"CR-Kp","Relative Humidity","Switzerland","Europe and Central Asia","Temperate Zone",4,0.00448443197120256,0.00941166693272127,1.00449450208354,0.986134587498953,1.02319624269048,0.476475846761179,0.633735410742109,"","Positive"
"CR-Pa","Relative Humidity","Switzerland","Europe and Central Asia","Temperate Zone",5,-8.66437690944601e-08,5.4253096885919e-05,0.999999913356235,0.999893582949031,1.0001062550708,-0.00159702900051311,0.998725755758996,"","Negative"
"3GCR-Ec","Relative Humidity","Taiwan","East Asia and Pacific","Temperate Zone",7,1.74102615140804e-06,0.000295802045160233,1.00000174102767,0.999422136045362,1.00058168214615,0.00588578131860088,0.995303853071959,"","Positive"
"3GCR-Kp","Relative Humidity","Taiwan","East Asia and Pacific","Temperate Zone",7,0.0209341884231237,0.0203958769346868,1.02115484561546,0.981138418120412,1.0628033715381,1.02639315240824,0.304706304419373,"","Positive"
"CR-Ab","Relative Humidity","Taiwan","East Asia and Pacific","Temperate Zone",7,3.16314962778646e-07,0.000258832591514487,1.00000031631501,0.999493132936128,1.00050775705933,0.0012220832041584,0.999024918922097,"","Positive"
"CR-Ec","Relative Humidity","Taiwan","East Asia and Pacific","Temperate Zone",7,1.65873018536032e-07,8.16080164408201e-05,1.00000016587303,0.999840226925872,1.00016013040475,0.00203255790019499,0.998378254549147,"","Positive"
"CR-Kp","Relative Humidity","Taiwan","East Asia and Pacific","Temperate Zone",7,0.00803867414156817,0.0162319175802292,1.00807107103371,0.976504535218035,1.04065802830927,0.495238723449373,0.620431619317515,"","Positive"
"CR-Pa","Relative Humidity","Taiwan","East Asia and Pacific","Temperate Zone",8,-1.53112914545275e-07,7.70507659858023e-05,0.999999846887097,0.999848838811757,1.00015087776932,-0.00198716927192506,0.998414469361731,"","Negative"
"3GCR-Ec","Relative Humidity","Thailand","East Asia and Pacific","Tropical Zone",10,3.88239675131915e-07,9.93943714119571e-05,1.00000038823975,0.99980559417097,1.00019522026064,0.00390605292449397,0.996883428602921,"","Positive"
"3GCR-Kp","Relative Humidity","Thailand","East Asia and Pacific","Tropical Zone",10,0.0306524983155519,0.0135993041452077,1.03112712320899,1.00400586430222,1.05898100999259,2.25397549670611,0.024197709521254,"*","Positive"
"CR-Ab","Relative Humidity","Thailand","East Asia and Pacific","Tropical Zone",9,3.40661545181081e-08,4.2627807453256e-05,1.00000003406616,0.999916487050947,1.00008358806205,0.000799153335659211,0.999362367959634,"","Positive"
"CR-Ec","Relative Humidity","Thailand","East Asia and Pacific","Tropical Zone",10,-5.39495646008526e-07,7.90782941534957e-05,0.9999994605045,0.999844479142436,1.00015446588952,-0.00682229746839674,0.994556636406547,"","Negative"
"CR-Kp","Relative Humidity","Thailand","East Asia and Pacific","Tropical Zone",9,0.00164536929842724,0.00355469368007738,1.0016467236612,0.994692305537106,1.00864976378747,0.462872316579307,0.64345589168903,"","Positive"
"CR-Pa","Relative Humidity","Thailand","East Asia and Pacific","Tropical Zone",6,-4.48181218129209e-08,5.39481411518463e-05,0.999999955181879,0.999894222420063,1.00010569912429,-0.000830763041246826,0.99933714707195,"","Negative"
"3GCR-Ec","Relative Humidity","Tunisia","Middle East and North Africa","Temperate Zone",2,-3.74081075580317e-06,0.000790420236715358,0.999996259196241,0.998448240750641,1.0015466777273,-0.0047326859587355,0.996223877038868,"","Negative"
"3GCR-Kp","Relative Humidity","Tunisia","Middle East and North Africa","Temperate Zone",2,-0.146418611254012,0.0514693583996799,0.863796032749787,0.780907515883281,0.955482654498864,-2.84477242006815,0.00444431639761633,"**","Negative"
"CR-Ab","Relative Humidity","Tunisia","Middle East and North Africa","Temperate Zone",2,-5.84293298697592e-07,0.000420422691056862,0.999999415706872,0.999175727131903,1.00082378330441,-0.00138977584018786,0.9988911196711,"","Negative"
"CR-Ec","Relative Humidity","Tunisia","Middle East and North Africa","Temperate Zone",2,2.68072356723081e-06,0.000402833912722905,1.00000268072716,0.99921343575859,1.00079254909369,0.00665466208917418,0.994690387050667,"","Positive"
"CR-Kp","Relative Humidity","Tunisia","Middle East and North Africa","Temperate Zone",2,-0.0188559798568897,0.0379960167373741,0.981320682011175,0.910894520560592,1.05719186931789,-0.496262015758679,0.619709561754813,"","Negative"
"3GCR-Ec","Relative Humidity","Turkey","Europe and Central Asia","Temperate Zone",4,-2.37445196409586e-06,0.000429697445045971,0.999997625550855,0.999155775114266,1.00084018529842,-0.00552586940292798,0.995591016556625,"","Negative"
"3GCR-Kp","Relative Humidity","Turkey","Europe and Central Asia","Temperate Zone",4,-0.0867653091576689,0.0345997179196131,0.916892256600039,0.856774299442945,0.981228557812378,-2.50768833894121,0.0121523799910179,"*","Negative"
"CR-Ab","Relative Humidity","Turkey","Europe and Central Asia","Temperate Zone",3,-3.18486631961648e-07,0.00022859003372708,0.999999681513419,0.999551745543325,1.00044781822013,-0.00139326560641702,0.998888335243201,"","Negative"
"CR-Ec","Relative Humidity","Turkey","Europe and Central Asia","Temperate Zone",4,8.05239069921934e-07,0.000176624874373876,1.00000080523939,0.999654680121936,1.00034705020083,0.00455903548566676,0.996362428574874,"","Positive"
"CR-Kp","Relative Humidity","Turkey","Europe and Central Asia","Temperate Zone",4,-0.00986257822297213,0.0200556079081572,0.990185897505515,0.952017778259356,1.0298842458714,-0.491761619400264,0.622887871866104,"","Negative"
"CR-Pa","Relative Humidity","Turkey","Europe and Central Asia","Temperate Zone",5,3.27102227308216e-07,0.000139217148892302,1.00000032710228,0.999727498625644,1.00027323003458,0.00234958286325244,0.998125305833971,"","Positive"
"3GCR-Ec","Relative Humidity","United Arab Emirates","Middle East and North Africa","Temperate Zone",1,-4.69684493414406e-06,0.0011508851487993,0.999995303166096,0.997742121115359,1.00225357353499,-0.00408107180724699,0.996743784852263,"","Negative"
"3GCR-Kp","Relative Humidity","United Arab Emirates","Middle East and North Africa","Temperate Zone",1,-0.171647829252249,0.0725411028965573,0.842275745822547,0.730644402608218,0.970962659083469,-2.36621477201714,0.0179710157973455,"*","Negative"
"CR-Ab","Relative Humidity","United Arab Emirates","Middle East and North Africa","Temperate Zone",1,-6.57360296166684e-07,0.000512222546846583,0.99999934263992,0.998995890903137,1.00100380230416,-0.00128334900564924,0.998976035923346,"","Negative"
"CR-Ec","Relative Humidity","United Arab Emirates","Middle East and North Africa","Temperate Zone",1,4.47186537754424e-06,0.000704511117873001,1.00000447187538,0.998624576837018,1.00138627364662,0.00634747311163138,0.994935483212721,"","Positive"
"CR-Kp","Relative Humidity","United Arab Emirates","Middle East and North Africa","Temperate Zone",1,-0.023458901029402,0.0472747943803427,0.976814119898668,0.890370600373054,1.07165019199154,-0.496224284777776,0.619736179059244,"","Negative"
"3GCR-Ec","Relative Humidity","United Kingdom","Europe and Central Asia","Temperate Zone",17,1.56572241325769e-06,0.00026730623982325,1.00000156572364,0.999477781895724,1.0005256240444,0.00585741063991991,0.995326489208256,"","Positive"
"3GCR-Kp","Relative Humidity","United Kingdom","Europe and Central Asia","Temperate Zone",13,0.0261521719071062,0.0195653060242128,1.02649714061664,0.987878239797335,1.06662576139981,1.33666050889989,0.181333478066574,"","Positive"
"CR-Ab","Relative Humidity","United Kingdom","Europe and Central Asia","Temperate Zone",6,2.99039801714769e-07,0.000243275593043375,1.00000029903985,0.999523592395595,1.00047723304164,0.00122922237275752,0.999019222693974,"","Positive"
"CR-Ec","Relative Humidity","United Kingdom","Europe and Central Asia","Temperate Zone",12,7.45150690915433e-08,7.78456755069629e-05,1.00000007451507,0.999847508619068,1.00015266369098,0.000957215267338496,0.999236252833458,"","Positive"
"CR-Kp","Relative Humidity","United Kingdom","Europe and Central Asia","Temperate Zone",13,0.00736447076624649,0.014858225840781,1.00739165517303,0.978477338461058,1.03716039914464,0.495649402907407,0.620141790856295,"","Positive"
"CR-Pa","Relative Humidity","United Kingdom","Europe and Central Asia","Temperate Zone",13,-1.44342510314209e-07,7.00311565582572e-05,0.9999998556575,0.999862604030326,1.00013712612527,-0.00206111847080712,0.998355466558545,"","Negative"
"3GCR-Ec","Relative Humidity","United States of America","North America","Temperate Zone",15,-1.71922557281743e-06,0.00029855485967929,0.999998280775905,0.999413285433799,1.00058361853846,-0.00575849133611236,0.995405414062328,"","Negative"
"3GCR-Kp","Relative Humidity","United States of America","North America","Temperate Zone",15,-0.052349793228415,0.0255362831097318,0.948996856104668,0.902667592346926,0.997703961604523,-2.05001616732799,0.0403628531644173,"*","Negative"
"CR-Ab","Relative Humidity","United States of America","North America","Temperate Zone",15,-2.11727335987489e-07,0.000167374366882075,0.999999788272686,0.999671788386795,1.00032789577782,-0.00126499260270041,0.998990682201962,"","Negative"
"CR-Ec","Relative Humidity","United States of America","North America","Temperate Zone",15,1.92287945075503e-07,0.000121532087759188,1.00000019228796,0.999762017718214,1.00023842359834,0.00158219897823623,0.998737588389858,"","Positive"
"CR-Kp","Relative Humidity","United States of America","North America","Temperate Zone",15,-0.0066778266942849,0.0135738008502212,0.993344420442009,0.967265291415581,1.02012668745634,-0.491964392874974,0.62274451551367,"","Negative"
"CR-Pa","Relative Humidity","United States of America","North America","Temperate Zone",16,2.32076382634204e-07,9.40675994199281e-05,1.00000023207641,0.999815876534326,1.00018462161172,0.00246712347360104,0.998031522267741,"","Positive"
"3GCR-Ec","Relative Humidity","Venezuela","Latin America and the Caribbean","Tropical Zone",11,9.76786967603334e-07,0.00017763854587601,1.00000097678744,0.999652865502178,1.00034920929626,0.00549873318758825,0.995612667794938,"","Positive"
"3GCR-Kp","Relative Humidity","Venezuela","Latin America and the Caribbean","Tropical Zone",11,0.0368282325570697,0.015764097375457,1.03751479426862,1.00594822253627,1.07007192240199,2.33620940545617,0.0194803303501216,"*","Positive"
"CR-Ab","Relative Humidity","Venezuela","Latin America and the Caribbean","Tropical Zone",10,1.23015733647071e-07,9.0068565231582e-05,1.00000012301574,0.999823604187451,1.00017667300843,0.00136580096874838,0.998910248832712,"","Positive"
"CR-Ec","Relative Humidity","Venezuela","Latin America and the Caribbean","Tropical Zone",11,-3.10777525301097e-07,7.50075604405986e-05,0.999999689222523,0.999852685255894,1.0001467148025,-0.00414328267011448,0.996694148184954,"","Negative"
"CR-Kp","Relative Humidity","Venezuela","Latin America and the Caribbean","Tropical Zone",11,0.00420881468143407,0.00853784743596806,1.00421768418094,0.987552749623696,1.02116383920352,0.492959696574486,0.622041065303518,"","Positive"
"CR-Pa","Relative Humidity","Venezuela","Latin America and the Caribbean","Tropical Zone",12,-9.96030664199094e-08,5.52661982520989e-05,0.999999900396939,0.999891584525742,1.00010822800174,-0.00180224204975284,0.998562019672118,"","Negative"
"3GCR-Ec","Precipitation","Argentina","Latin America and the Caribbean","Temperate Zone",4,0.0740579934143974,0.0263549752697687,1.07686925501033,1.02265505644776,1.13395752074467,2.81001946146191,0.00495385043516043,"**","Positive"
"3GCR-Kp","Precipitation","Argentina","Latin America and the Caribbean","Temperate Zone",4,0.0206172605959271,0.016092481694256,1.02083126450765,0.989135446726515,1.0535427418409,1.28117346893029,0.200132742804766,"","Positive"
"CR-Ab","Precipitation","Argentina","Latin America and the Caribbean","Temperate Zone",4,-0.0411824475420759,0.0207497944131057,0.959654027456222,0.921408275949284,0.999487280992947,-1.98471593126074,0.0471760853172598,"*","Negative"
"CR-Ec","Precipitation","Argentina","Latin America and the Caribbean","Temperate Zone",4,-0.00412645732242042,0.00321388476788105,0.995882044804022,0.989628487467478,1.00217511896921,-1.28394688062853,0.199160542309129,"","Negative"
"CR-Kp","Precipitation","Argentina","Latin America and the Caribbean","Temperate Zone",4,0.033441336009109,0.0176102508614251,1.0340067829825,0.998925821663748,1.07031974153303,1.89896988249961,0.057568435985247,"","Positive"
"CR-Pa","Precipitation","Argentina","Latin America and the Caribbean","Temperate Zone",2,0.0526074259428619,0.0121619838315328,1.05401578463636,1.0291877898573,1.07944272679007,4.32556289101985,1.52142852167726e-05,"***","Positive"
"3GCR-Ec","Precipitation","Australia","East Asia and Pacific","Temperate Zone",4,0.0887035969045294,0.0434587578435157,1.09275671184764,1.003530649643,1.18991605459471,2.04109830345196,0.041241056993734,"*","Positive"
"3GCR-Kp","Precipitation","Australia","East Asia and Pacific","Temperate Zone",4,-0.0208773811282291,0.0249505730948676,0.979339042655881,0.932598498714549,1.0284221578655,-0.836749562779528,0.402733353505401,"","Negative"
"CR-Ab","Precipitation","Australia","East Asia and Pacific","Temperate Zone",1,-0.038587468731904,0.029949941242712,0.96214754323361,0.907293439554204,1.02031807416719,-1.28839881251166,0.197607171904194,"","Negative"
"CR-Ec","Precipitation","Australia","East Asia and Pacific","Temperate Zone",4,-0.00868622983831289,0.0066606631446486,0.991351386462685,0.978493505271036,1.00437822647506,-1.3041088626876,0.192196467528362,"","Negative"
"CR-Kp","Precipitation","Australia","East Asia and Pacific","Temperate Zone",4,0.0272695205335187,0.0264778460634642,1.02764473679984,0.975673714134894,1.08238408985814,1.02989950421787,0.303057183504836,"","Positive"
"CR-Pa","Precipitation","Australia","East Asia and Pacific","Temperate Zone",1,0.0276163028666593,0.0277329793716674,1.02800116763769,0.973614020531938,1.08542644043589,0.995792860786991,0.319350799784068,"","Positive"
"3GCR-Ec","Precipitation","Austria","Europe and Central Asia","Temperate Zone",19,-0.17492630826343,0.0490558733472837,0.839518884094223,0.762558676995886,0.924246196407273,-3.56585860830701,0.000362666872020179,"***","Negative"
"3GCR-Kp","Precipitation","Austria","Europe and Central Asia","Temperate Zone",15,-0.127226394687345,0.0269663236025754,0.880534301741818,0.835203067616199,0.928325920493678,-4.71797329744994,2.38205749814318e-06,"***","Negative"
"CR-Ab","Precipitation","Austria","Europe and Central Asia","Temperate Zone",7,0.114030769963082,0.041446492928113,1.12078661091622,1.0333393483852,1.21563417590948,2.75127669211634,0.00593634783009205,"**","Positive"
"CR-Ec","Precipitation","Austria","Europe and Central Asia","Temperate Zone",19,0.00907086532896537,0.00731459656292444,1.00911213030318,0.994748095792416,1.02368357962408,1.24010466618801,0.214936683300925,"","Positive"
"CR-Kp","Precipitation","Austria","Europe and Central Asia","Temperate Zone",15,-0.0737103155116054,0.0331646303424394,0.928940754595286,0.870477827595039,0.991330161656352,-2.22255803096594,0.0262456168692039,"*","Negative"
"CR-Pa","Precipitation","Austria","Europe and Central Asia","Temperate Zone",16,-0.104479710909064,0.0252689727401643,0.900793073494062,0.857266108015414,0.946530084028809,-4.13470353478187,3.5541314419374e-05,"***","Negative"
"3GCR-Ec","Precipitation","Bahrain","Middle East and North Africa","Temperate Zone",1,0.145270041841155,0.192670163742433,1.15635179147652,0.792657956342689,1.68691861975441,0.753983071480422,0.45085938680891,"","Positive"
"3GCR-Kp","Precipitation","Bahrain","Middle East and North Africa","Temperate Zone",1,0.222335748051966,0.103544825235112,1.24899065365372,1.01957705627207,1.53002428145859,2.14724152121676,0.0317740587168731,"*","Positive"
"CR-Ec","Precipitation","Bahrain","Middle East and North Africa","Temperate Zone",1,-0.0229790963029268,0.0175832193638486,0.977282912385715,0.944176456301963,1.01155020808489,-1.30687650693662,0.191254656090123,"","Negative"
"CR-Kp","Precipitation","Bahrain","Middle East and North Africa","Temperate Zone",1,0.00924118271118553,0.0316024668225086,1.00928401427658,0.948664899055202,1.07377665442111,0.292419663410692,0.769965775699553,"","Positive"
"3GCR-Ec","Precipitation","Belarus","Europe and Central Asia","Temperate Zone",4,0.0707700170416066,0.0310084230712746,1.0733343488718,1.01004360967989,1.14059097392157,2.28228365173352,0.0224725990983645,"*","Positive"
"3GCR-Kp","Precipitation","Belarus","Europe and Central Asia","Temperate Zone",3,0.00700412063541788,0.0188052146560158,1.00702870685646,0.970587131793485,1.04483851394061,0.372456298082046,0.70955314420282,"","Positive"
"CR-Ab","Precipitation","Belarus","Europe and Central Asia","Temperate Zone",4,-0.0374736507456146,0.0225631978273444,0.963219797509925,0.921550668582275,1.00677305106011,-1.66083066027991,0.0967474615088425,"","Negative"
"CR-Ec","Precipitation","Belarus","Europe and Central Asia","Temperate Zone",3,-0.0056653097882837,0.00467474767365034,0.994350707816708,0.985281575481087,1.00350331797569,-1.21189638110668,0.225552047614998,"","Negative"
"CR-Kp","Precipitation","Belarus","Europe and Central Asia","Temperate Zone",4,0.0270103727886528,0.0195252414608661,1.02737845948785,0.988804045984138,1.06745770641451,1.38335665875318,0.166555533036079,"","Positive"
"CR-Pa","Precipitation","Belarus","Europe and Central Asia","Temperate Zone",4,0.0410041978976356,0.0161794178861875,1.04185647914315,1.00933584852813,1.07542491898554,2.53434321222652,0.0112658329543699,"*","Positive"
"3GCR-Ec","Precipitation","Belgium","Europe and Central Asia","Temperate Zone",19,-0.0041426119198433,0.0335096853168049,0.995865956860455,0.93256017833326,1.06346917558298,-0.123624315796418,0.901612738948502,"","Negative"
"3GCR-Kp","Precipitation","Belgium","Europe and Central Asia","Temperate Zone",11,0.046730148864009,0.0197894825494099,1.04783921032335,1.00797439049066,1.08928066134358,2.36136284752945,0.0182079056047484,"*","Positive"
"CR-Ab","Precipitation","Belgium","Europe and Central Asia","Temperate Zone",4,-0.0202641211836393,0.0200354200506511,0.97993981625928,0.942203927317582,1.01918705245069,-1.0114148409372,0.311817920961211,"","Negative"
"CR-Ec","Precipitation","Belgium","Europe and Central Asia","Temperate Zone",10,0.00140377084055747,0.0017761344586371,1.00140475658804,0.997924703712946,1.00489694541686,0.79035167283148,0.429322417266402,"","Positive"
"CR-Kp","Precipitation","Belgium","Europe and Central Asia","Temperate Zone",11,-0.00278996477247679,0.0198032832044921,0.997213923562293,0.959249184639567,1.03668121408949,-0.140883950588755,0.887961621254896,"","Negative"
"CR-Pa","Precipitation","Belgium","Europe and Central Asia","Temperate Zone",12,-0.00292973328051162,0.0159156077760426,0.997074554199956,0.966451343567282,1.02866809927905,-0.184079258658389,0.853951277619984,"","Negative"
"3GCR-Ec","Precipitation","Bosnia and Herz.","Europe and Central Asia","Temperate Zone",3,-0.102425646897393,0.0422202088476231,0.902645261733666,0.830956978488557,0.980518233341317,-2.4259862680229,0.0152668479302532,"*","Negative"
"3GCR-Kp","Precipitation","Bosnia and Herz.","Europe and Central Asia","Temperate Zone",3,-0.0375480551211863,0.0241008064326562,0.963148132408484,0.918709201722796,1.00973662092682,-1.55795845363536,0.119243097114132,"","Negative"
"CR-Ab","Precipitation","Bosnia and Herz.","Europe and Central Asia","Temperate Zone",3,0.0549882755720919,0.0315064407522542,1.05652822741384,0.993258478403389,1.12382820745367,1.74530268285407,0.0809321951927115,"","Positive"
"CR-Ec","Precipitation","Bosnia and Herz.","Europe and Central Asia","Temperate Zone",3,0.006241998584374,0.00520368120776714,1.0062615204549,0.996050602880855,1.01657711427471,1.19953516273384,0.23031992062632,"","Positive"
"CR-Kp","Precipitation","Bosnia and Herz.","Europe and Central Asia","Temperate Zone",3,-0.0505106462665167,0.0281669285737775,0.950743806746491,0.899678477893086,1.00470757973853,-1.7932607076492,0.0729312470446926,"","Negative"
"CR-Pa","Precipitation","Bosnia and Herz.","Europe and Central Asia","Temperate Zone",3,-0.0687529278585155,0.022005537268782,0.933557307589397,0.894148168552668,0.974703384970618,-3.12434670504734,0.00178200348340288,"**","Negative"
"3GCR-Ec","Precipitation","Bulgaria","Europe and Central Asia","Temperate Zone",19,0.0654339954863284,0.0304538309763434,1.06762226709932,1.0057610179761,1.13328841030244,2.14862936414002,0.0316637920615743,"*","Positive"
"3GCR-Kp","Precipitation","Bulgaria","Europe and Central Asia","Temperate Zone",14,0.0234771301861654,0.0184263085193324,1.02375488739521,0.987441095105869,1.06140414315369,1.27410925316559,0.202624699555673,"","Positive"
"CR-Ab","Precipitation","Bulgaria","Europe and Central Asia","Temperate Zone",8,-0.0315977216074227,0.0215131662259391,0.968896269726442,0.928891325209121,1.01062412363305,-1.46876202580187,0.141897347297512,"","Negative"
"CR-Ec","Precipitation","Bulgaria","Europe and Central Asia","Temperate Zone",19,-0.00385510158983324,0.00377950318786509,0.996152319774533,0.988800261478961,1.00355904306494,-1.02000220616585,0.307727414441819,"","Negative"
"CR-Kp","Precipitation","Bulgaria","Europe and Central Asia","Temperate Zone",14,0.0240259674754276,0.0193817906313671,1.02431691646963,0.986134679263592,1.063977535147,1.23961546858031,0.21511765645006,"","Positive"
"CR-Pa","Precipitation","Bulgaria","Europe and Central Asia","Temperate Zone",13,0.0351041087118394,0.0151409036731232,1.035727531446,1.00544269545499,1.06692457386624,2.31849495047994,0.020422437073966,"*","Positive"
"CR-Pa","Precipitation","Canada","North America","Temperate Zone",1,0.0382950539647619,0.0220708943343708,1.03903775986586,0.995048400855644,1.08497181192263,1.73509298647339,0.0827243363800793,"","Positive"
"3GCR-Ec","Precipitation","China","East Asia and Pacific","Temperate Zone",6,0.0751513830459362,0.0265405922076536,1.07804733662202,1.02340143780645,1.13561112684076,2.83156391002701,0.00463209756236525,"**","Positive"
"3GCR-Kp","Precipitation","China","East Asia and Pacific","Temperate Zone",6,0.0172685292512113,0.0161311252649176,1.01741849227244,0.9857539725375,1.05010014390639,1.07050989733291,0.284389856399479,"","Positive"
"CR-Ab","Precipitation","China","East Asia and Pacific","Temperate Zone",6,-0.0406831576022643,0.0193602273810098,0.96013329269403,0.924382618959421,0.997266630540085,-2.10137808826408,0.0356077898539001,"*","Negative"
"CR-Ec","Precipitation","China","East Asia and Pacific","Temperate Zone",6,-0.00436027568495307,0.00336879309794297,0.995649216515856,0.989096765726843,1.00224507520269,-1.2943138857698,0.195557022044283,"","Negative"
"CR-Kp","Precipitation","China","East Asia and Pacific","Temperate Zone",6,0.0328339207612924,0.0165084645136292,1.03337890220765,1.00047744425482,1.0673623495063,1.98891427692655,0.0467106656444791,"*","Positive"
"CR-Pa","Precipitation","China","East Asia and Pacific","Temperate Zone",7,0.0552634429610765,0.0127122391702288,1.05681898952986,1.03081263190401,1.08348146119238,4.34726268291896,1.37847091276977e-05,"***","Positive"
"3GCR-Ec","Precipitation","Croatia","Europe and Central Asia","Temperate Zone",18,-0.179169578207121,0.0550996755992709,0.835964126078825,0.750387947853671,0.931299632529558,-3.25173562745062,0.0011470265729969,"**","Negative"
"3GCR-Kp","Precipitation","Croatia","Europe and Central Asia","Temperate Zone",14,-0.119508284119048,0.0294387293194745,0.887356656820419,0.837605382301372,0.940063009433005,-4.05955986829874,4.91653013361318e-05,"***","Negative"
"CR-Ab","Precipitation","Croatia","Europe and Central Asia","Temperate Zone",7,0.110817688860637,0.0455485327911397,1.11719121188437,1.02177628090027,1.22151612563561,2.4329584746184,0.0149760183054924,"*","Positive"
"CR-Ec","Precipitation","Croatia","Europe and Central Asia","Temperate Zone",18,0.0101524645792438,0.00871077696224241,1.01020417569804,0.993103234339378,1.02759959016407,1.16550620263272,0.243814150970442,"","Positive"
"CR-Kp","Precipitation","Croatia","Europe and Central Asia","Temperate Zone",14,-0.0665147589939396,0.0363983906438414,0.935649106514932,0.871224483422813,1.00483775098103,-1.8274093391872,0.0676382461953151,"","Negative"
"CR-Pa","Precipitation","Croatia","Europe and Central Asia","Temperate Zone",15,-0.0977897654969588,0.0256968450476415,0.90683953267332,0.862296946802471,0.953682998726361,-3.80551640933579,0.00014150863162072,"***","Negative"
"3GCR-Ec","Precipitation","Cyprus","Europe and Central Asia","Temperate Zone",16,0.0908584486028544,0.0524950085848939,1.09511397937285,0.988040324077471,1.21379117693155,1.73080167147549,0.083487143687277,"","Positive"
"3GCR-Kp","Precipitation","Cyprus","Europe and Central Asia","Temperate Zone",13,0.00966367172885956,0.0346528189445243,1.00971051577808,0.943408542270548,1.08067213724726,0.278871157475822,0.780343703779795,"","Positive"
"CR-Ab","Precipitation","Cyprus","Europe and Central Asia","Temperate Zone",6,-0.0366850515116332,0.0292401108976979,0.963979691490922,0.910286704801264,1.02083974280368,-1.25461396641015,0.209618930916582,"","Negative"
"CR-Ec","Precipitation","Cyprus","Europe and Central Asia","Temperate Zone",16,-0.00930667594800774,0.00758017694490947,0.990736497124188,0.976125785038371,1.00556590326658,-1.22776500016371,0.219535197863944,"","Negative"
"CR-Kp","Precipitation","Cyprus","Europe and Central Asia","Temperate Zone",13,0.0250473621064384,0.0269633450821182,1.0253636827583,0.972582091445649,1.08100970721854,0.928941198881498,0.352919560406634,"","Positive"
"CR-Pa","Precipitation","Cyprus","Europe and Central Asia","Temperate Zone",15,0.0232182214700131,0.0368377573627202,1.02348986264175,0.952196571382307,1.1001210573671,0.630283250996975,0.528509279284219,"","Positive"
"3GCR-Ec","Precipitation","Czechia","Europe and Central Asia","Temperate Zone",17,0.0654951474206172,0.0286577210437261,1.0676875562623,1.00936963694852,1.12937488514479,2.28542762771277,0.022287765564042,"*","Positive"
"3GCR-Kp","Precipitation","Czechia","Europe and Central Asia","Temperate Zone",13,0.0295197002915006,0.0168533047361211,1.02995972577886,0.99649338559176,1.06455000310565,1.75156746725359,0.0798482107191212,"","Positive"
"CR-Ab","Precipitation","Czechia","Europe and Central Asia","Temperate Zone",5,-0.0387247807647227,0.0216250102012918,0.962015437868613,0.922092439435983,1.00366694608582,-1.79074046228239,0.0733349533828322,"","Negative"
"CR-Ec","Precipitation","Czechia","Europe and Central Asia","Temperate Zone",14,-0.00304416910501912,0.00286021317630376,0.996960459679625,0.991387118293179,1.00256513305903,-1.06431546090319,0.287185816336388,"","Negative"
"CR-Kp","Precipitation","Czechia","Europe and Central Asia","Temperate Zone",12,0.0258594912942915,0.0178957110775057,1.02619674876605,0.990826235690324,1.06282991835023,1.44501054930396,0.148454922500673,"","Positive"
"CR-Pa","Precipitation","Czechia","Europe and Central Asia","Temperate Zone",13,0.0431753086520255,0.0133762961856775,1.04412092223843,1.01710236728132,1.07185720466865,3.22774765545749,0.00124768986137695,"**","Positive"
"3GCR-Ec","Precipitation","Denmark","Europe and Central Asia","Temperate Zone",15,0.0513607356466798,0.0281201545948929,1.05270257214036,0.996252272965301,1.11235149516143,1.82647415658262,0.0677788705897482,"","Positive"
"3GCR-Kp","Precipitation","Denmark","Europe and Central Asia","Temperate Zone",14,0.0409897546399077,0.0173858071998384,1.04184143145018,1.00693752644133,1.07795522540732,2.35765611390702,0.0183907206773867,"*","Positive"
"CR-Ab","Precipitation","Denmark","Europe and Central Asia","Temperate Zone",8,-0.028148620673427,0.0206037563947211,0.972243860525916,0.933763594871514,1.01230989248452,-1.36618877325879,0.171879720349239,"","Negative"
"CR-Ec","Precipitation","Denmark","Europe and Central Asia","Temperate Zone",15,-0.00180813521147358,0.002394852837412,0.998193498480204,0.993519045793606,1.00288994421063,-0.755008902103372,0.450243640859494,"","Negative"
"CR-Kp","Precipitation","Denmark","Europe and Central Asia","Temperate Zone",14,0.0179306200827353,0.0173765644138505,1.01809233877717,0.984001904791132,1.05336382503933,1.03188522516241,0.30212588817271,"","Positive"
"CR-Pa","Precipitation","Denmark","Europe and Central Asia","Temperate Zone",14,0.0295896167577283,0.013554925999811,1.03003173944068,1.00302653252768,1.05776402702081,2.18294196206907,0.0290400843308625,"*","Positive"
"3GCR-Kp","Precipitation","Egypt","Middle East and North Africa","Temperate Zone",2,0.415279404319557,0.169645092268638,1.51479392153493,1.08629738964103,2.11231348487125,2.44793055175419,0.0143679346620688,"*","Positive"
"CR-Kp","Precipitation","Egypt","Middle East and North Africa","Temperate Zone",2,0.00865251825817604,0.0344012780464726,1.00869005949157,0.942919857492249,1.07904784063312,0.251517349049863,0.801414150618024,"","Positive"
"3GCR-Ec","Precipitation","Estonia","Europe and Central Asia","Temperate Zone",19,0.0710855101266692,0.0298839453140208,1.07367303186009,1.01259159217157,1.13843901949791,2.37871905398374,0.0173729112320676,"*","Positive"
"3GCR-Kp","Precipitation","Estonia","Europe and Central Asia","Temperate Zone",15,0.0188880464497359,0.0175171621982181,1.01906755400025,0.984673079920166,1.05466342158988,1.07825949408959,0.280917968161028,"","Positive"
"CR-Ec","Precipitation","Estonia","Europe and Central Asia","Temperate Zone",19,-0.00429720953211621,0.00381565765188683,0.995712010261576,0.988293165998492,1.0031865457427,-1.12620416299435,0.260079111834176,"","Negative"
"CR-Kp","Precipitation","Estonia","Europe and Central Asia","Temperate Zone",13,0.027215065608446,0.0180174734112987,1.02758877800632,0.991933527731406,1.06452566342778,1.5104817965975,0.130920530828286,"","Positive"
"CR-Pa","Precipitation","Estonia","Europe and Central Asia","Temperate Zone",12,0.0426961680208096,0.0147486977133724,1.04362076131396,1.01388422335836,1.07422945179863,2.8949110525262,0.00379265984291172,"**","Positive"
"3GCR-Ec","Precipitation","Finland","Europe and Central Asia","Temperate Zone",19,0.0803122089001513,0.0329520404612955,1.08362533234078,1.01585051720444,1.15592190091324,2.43724539591057,0.0147996321227407,"*","Positive"
"3GCR-Kp","Precipitation","Finland","Europe and Central Asia","Temperate Zone",15,0.00160367044419275,0.0186539773021098,1.00160495701129,0.965645851765378,1.0389031217558,0.0859693575381036,0.931490776160635,"","Positive"
"CR-Ab","Precipitation","Finland","Europe and Central Asia","Temperate Zone",4,-0.0410909866722214,0.0224640801743357,0.959741802262252,0.918401533364598,1.00294293241769,-1.82918625438162,0.0673717109088898,"","Negative"
"CR-Ec","Precipitation","Finland","Europe and Central Asia","Temperate Zone",19,-0.00604399635495686,0.00484448466191378,0.993974231848791,0.984580923919893,1.00345715580792,-1.24760356916255,0.212176270770339,"","Negative"
"CR-Kp","Precipitation","Finland","Europe and Central Asia","Temperate Zone",15,0.0312067427217957,0.0203249260239301,1.03169877805277,0.991407020237861,1.0736280325917,1.53539268408916,0.12468739969302,"","Positive"
"CR-Pa","Precipitation","Finland","Europe and Central Asia","Temperate Zone",16,0.0485103350765203,0.0170768198703287,1.04970622055838,1.01515343456744,1.08543508001672,2.84071246548708,0.00450128773442396,"**","Positive"
"3GCR-Ec","Precipitation","France","Europe and Central Asia","Temperate Zone",18,0.0170109623199857,0.0309699091392021,1.01715647265885,0.957250602140959,1.08081132313506,0.549273885290577,0.582817506149457,"","Positive"
"3GCR-Kp","Precipitation","France","Europe and Central Asia","Temperate Zone",15,0.0443716869561557,0.0191175585433283,1.04537083339089,1.00692514086674,1.08528443173413,2.32099129476136,0.0202873136840026,"*","Positive"
"CR-Ab","Precipitation","France","Europe and Central Asia","Temperate Zone",8,-0.0112817596046749,0.0217442740693868,0.988781640798528,0.947526345835801,1.03183319121098,-0.518838180970048,0.603873590036933,"","Negative"
"CR-Ec","Precipitation","France","Europe and Central Asia","Temperate Zone",18,0.000831574159092507,0.00197666652918069,1.00083192001274,0.996961932058633,1.00471693041283,0.420695219358617,0.673977652516016,"","Positive"
"CR-Kp","Precipitation","France","Europe and Central Asia","Temperate Zone",15,-0.00126236081336037,0.0196401490993035,0.998738435628883,0.961022888374824,1.03793413754094,-0.0642745025497357,0.948751655482464,"","Negative"
"CR-Pa","Precipitation","France","Europe and Central Asia","Temperate Zone",16,0.00285454897440152,0.0155084836569726,1.00285862707878,0.972833745827533,1.03381017591123,0.184063705874824,0.853963478488293,"","Positive"
"3GCR-Kp","Precipitation","Georgia","Europe and Central Asia","Temperate Zone",1,-0.213663156805044,0.0331445173824325,0.8076203806395,0.756822591097082,0.861827708233173,-6.44641025662637,1.14530380683948e-10,"***","Negative"
"CR-Ab","Precipitation","Georgia","Europe and Central Asia","Temperate Zone",1,0.0812867610307899,0.0342070922145551,1.08468189647201,1.01434274440582,1.15989868614214,2.37631309089179,0.0174866181211133,"*","Positive"
"CR-Kp","Precipitation","Georgia","Europe and Central Asia","Temperate Zone",1,-0.0675192508784192,0.0304637264252192,0.934709726459525,0.880532752016456,0.992220074423436,-2.21638186792946,0.0266653604272809,"*","Negative"
"3GCR-Ec","Precipitation","Germany","Europe and Central Asia","Temperate Zone",20,0.0592775258232525,0.0278233154006307,1.06106967411667,1.0047550974019,1.12054057375905,2.13049828784634,0.0331304970156273,"*","Positive"
"3GCR-Kp","Precipitation","Germany","Europe and Central Asia","Temperate Zone",15,0.033536398275873,0.0166547587233128,1.03410508268336,1.00089347008499,1.06841872186533,2.01362258277148,0.0440491736197478,"*","Positive"
"CR-Ab","Precipitation","Germany","Europe and Central Asia","Temperate Zone",8,-0.0377746158249048,0.0199802847543246,0.962929945607032,0.925949136580493,1.00138770426528,-1.89059446796567,0.0586784992902958,"","Negative"
"CR-Ec","Precipitation","Germany","Europe and Central Asia","Temperate Zone",19,-0.00259870249284959,0.00276566670173394,0.997404671211423,0.992012660450053,1.00282598984477,-0.939629670929016,0.347407551292138,"","Negative"
"CR-Kp","Precipitation","Germany","Europe and Central Asia","Temperate Zone",15,0.025438447249992,0.016917734861382,1.02576476568504,0.992309411993887,1.06034805455152,1.50365562874851,0.132670059643091,"","Positive"
"CR-Pa","Precipitation","Germany","Europe and Central Asia","Temperate Zone",16,0.0427765608554268,0.0130125802086338,1.04370466431779,1.0174219254504,1.07066635686711,3.28732351075498,0.00101144566071275,"**","Positive"
"CR-Pa","Precipitation","Ghana","Sub-Saharan Africa","Tropical Zone",1,0.0324391014654131,0.0250924987907665,1.03297098480923,0.983397175521724,1.08504384801763,1.29278083206882,0.196086871667578,"","Positive"
"3GCR-Ec","Precipitation","Greece","Europe and Central Asia","Temperate Zone",20,0.0640672992847807,0.0301765321771573,1.06616414843178,1.00493342568519,1.13112566698259,2.12308355740351,0.0337468506033428,"*","Positive"
"3GCR-Kp","Precipitation","Greece","Europe and Central Asia","Temperate Zone",15,0.0276443273531572,0.0171827255660541,1.02802997724622,0.993984352147007,1.06324172189841,1.60884414098837,0.107650426214634,"","Positive"
"CR-Ab","Precipitation","Greece","Europe and Central Asia","Temperate Zone",8,-0.0346876142565706,0.0196164438221598,0.965907104742521,0.929474557769922,1.00376769562209,-1.7682926921436,0.0770119849829736,"","Negative"
"CR-Ec","Precipitation","Greece","Europe and Central Asia","Temperate Zone",20,-0.00346700923361387,0.00350109758204321,0.996538993903252,0.98972400208479,1.00340091205005,-0.99026352518588,0.322045329798489,"","Negative"
"CR-Kp","Precipitation","Greece","Europe and Central Asia","Temperate Zone",15,0.0248798608189444,0.0177886392459961,1.02519194740463,0.990063821169844,1.06156644304145,1.39863766277369,0.161921666233129,"","Positive"
"CR-Pa","Precipitation","Greece","Europe and Central Asia","Temperate Zone",16,0.0416803894385885,0.0139509656644278,1.04256121192155,1.01443975717987,1.07146222622918,2.9876347230117,0.00281145351976619,"**","Positive"
"3GCR-Ec","Precipitation","Hungary","Europe and Central Asia","Temperate Zone",19,0.0736070652666998,0.0327520600399311,1.07638377381865,1.00945746946738,1.14774724402345,2.24740261152913,0.024614308266089,"*","Positive"
"3GCR-Kp","Precipitation","Hungary","Europe and Central Asia","Temperate Zone",15,0.0103461759045856,0.0194082122111033,1.01039988264249,0.972686040957911,1.04957599868357,0.533082377297309,0.593976557456485,"","Positive"
"CR-Ab","Precipitation","Hungary","Europe and Central Asia","Temperate Zone",8,-0.039833597598074,0.0211712883849736,0.960949330125495,0.921890042008006,1.00166350973625,-1.88149142715122,0.0599051003640211,"","Negative"
"CR-Ec","Precipitation","Hungary","Europe and Central Asia","Temperate Zone",19,-0.00516895971520653,0.00452840803269237,0.994844376369273,0.98605352638416,1.00371359841168,-1.14145184751236,0.253681939323868,"","Negative"
"CR-Kp","Precipitation","Hungary","Europe and Central Asia","Temperate Zone",15,0.0278566267821183,0.0200475655179662,1.02824825059218,0.988628547696531,1.06945572966645,1.3895266613372,0.164672659420919,"","Positive"
"CR-Pa","Precipitation","Hungary","Europe and Central Asia","Temperate Zone",16,0.0435653703302397,0.0170458193472087,1.04452827323846,1.01020730716457,1.0800152660317,2.55578036132207,0.0105949971472293,"*","Positive"
"3GCR-Ec","Precipitation","Iceland","Europe and Central Asia","Temperate Zone",19,-0.22149889992821,0.0545804226145264,0.801316803653461,0.720019828150955,0.891792968349725,-4.05821152196903,4.94499690930691e-05,"***","Negative"
"3GCR-Kp","Precipitation","Iceland","Europe and Central Asia","Temperate Zone",1,-0.174547720210296,0.0261294799288372,0.83983677608538,0.797908379427893,0.883968421250582,-6.6801069399648,2.3876795118489e-11,"***","Negative"
"CR-Ec","Precipitation","Iceland","Europe and Central Asia","Temperate Zone",10,0.0104489719181762,0.00835401880725782,1.0105037530612,0.994092612691399,1.02718581942401,1.25077189305563,0.211017712228913,"","Positive"
"3GCR-Ec","Precipitation","India","South Asia","Tropical Zone",10,0.0790041690877558,0.0293151975145306,1.08220883388451,1.02178018140509,1.14621127073255,2.69499016844747,0.0070390707978774,"**","Positive"
"3GCR-Kp","Precipitation","India","South Asia","Tropical Zone",10,-0.00354819798297707,0.0179480869868478,0.996458089432956,0.962013833504803,1.03213559869399,-0.197692265787276,0.843285841300685,"","Negative"
"CR-Ab","Precipitation","India","South Asia","Tropical Zone",10,-0.039657347851246,0.027660273231506,0.961118712127974,0.910399756217739,1.01466325369007,-1.43372943279805,0.151649489541679,"","Negative"
"CR-Ec","Precipitation","India","South Asia","Tropical Zone",10,-0.00671106933738668,0.00518557278500764,0.993311399596816,0.983266789800022,1.00345862059437,-1.29418091609658,0.195602937030542,"","Negative"
"CR-Kp","Precipitation","India","South Asia","Tropical Zone",10,0.0314726104842113,0.0216027082598816,1.03197310996477,0.989190153185928,1.07660645049929,1.45688263275115,0.145148780838738,"","Positive"
"CR-Pa","Precipitation","India","South Asia","Tropical Zone",7,0.0153085357239744,0.0391091159442287,1.01542631158148,0.940498399942196,1.09632360279969,0.391431392767993,0.695478391604573,"","Positive"
"3GCR-Ec","Precipitation","Ireland","Europe and Central Asia","Temperate Zone",18,-0.224552295268786,0.059143547210759,0.798873798287517,0.711433274141265,0.897061423449251,-3.79673363974248,0.000146615177514205,"***","Negative"
"3GCR-Kp","Precipitation","Ireland","Europe and Central Asia","Temperate Zone",15,-0.174619666760499,0.0292784850109819,0.839776354900181,0.792941764190901,0.889377200315623,-5.96409502387169,2.45993559981075e-09,"***","Negative"
"CR-Ab","Precipitation","Ireland","Europe and Central Asia","Temperate Zone",7,0.136232891426263,0.0487521117944658,1.1459487441575,1.04151746671618,1.26085117744263,2.79439979955347,0.00519961516009271,"**","Positive"
"CR-Ec","Precipitation","Ireland","Europe and Central Asia","Temperate Zone",18,0.0123266052548036,0.00984947193271293,1.01240289097912,0.993045932479525,1.03213716520007,1.25149909954699,0.210752441979853,"","Positive"
"CR-Kp","Precipitation","Ireland","Europe and Central Asia","Temperate Zone",14,-0.0835997084038282,0.0393284697552049,0.919799370371808,0.851561539920404,0.993505274810148,-2.12567915619866,0.0335299836434454,"*","Negative"
"CR-Pa","Precipitation","Ireland","Europe and Central Asia","Temperate Zone",15,-0.118537315259947,0.0278198139274279,0.888218670927811,0.841083657128251,0.937995169325312,-4.2608953305428,2.0360957982637e-05,"***","Negative"
"3GCR-Ec","Precipitation","Italy","Europe and Central Asia","Temperate Zone",18,0.0451861360269022,0.0281891892200767,1.04622258150038,0.989985804500738,1.10565392459676,1.6029597614223,0.108943538188017,"","Positive"
"3GCR-Kp","Precipitation","Italy","Europe and Central Asia","Temperate Zone",15,0.0402644432845072,0.0174421291379829,1.04108604600735,1.00609637790385,1.07729257255592,2.30845918901181,0.0209736102063475,"*","Positive"
"CR-Ab","Precipitation","Italy","Europe and Central Asia","Temperate Zone",8,-0.0319980948695353,0.01914495546853,0.96850842721235,0.932839417041219,1.00554131444886,-1.67135906490526,0.0946507763308876,"","Negative"
"CR-Ec","Precipitation","Italy","Europe and Central Asia","Temperate Zone",13,-0.00128771944200735,0.0021506542016111,0.998713109312901,0.994512112100141,1.00293185229001,-0.598757085654538,0.549334883508368,"","Negative"
"CR-Kp","Precipitation","Italy","Europe and Central Asia","Temperate Zone",14,0.0168600276535824,0.0173915275823819,1.01700296007145,0.982920176197016,1.0522675654048,0.969439146372747,0.332326128636366,"","Positive"
"CR-Pa","Precipitation","Italy","Europe and Central Asia","Temperate Zone",15,0.0306903226628634,0.013448802332224,1.03116612565704,1.00434006099483,1.05870871828941,2.28201158026746,0.0224886565748275,"*","Positive"
"3GCR-Ec","Precipitation","Japan","East Asia and Pacific","Temperate Zone",1,-0.177822432587569,0.121202485370019,0.837091050384516,0.660089858548782,1.06155460133019,-1.46715170109504,0.142334792398545,"","Negative"
"3GCR-Kp","Precipitation","Japan","East Asia and Pacific","Temperate Zone",1,-0.0247072019625066,0.0608305833601216,0.975595522667599,0.865943906728534,1.09913196045785,-0.406164146351155,0.684621996017236,"","Negative"
"CR-Ab","Precipitation","Japan","East Asia and Pacific","Temperate Zone",1,0.047539693028633,0.193615537150994,1.04868782589107,0.717525523048995,1.53269273474618,0.245536560382334,0.806041003291767,"","Positive"
"CR-Ec","Precipitation","Japan","East Asia and Pacific","Temperate Zone",1,0.022457776950051,0.0171812880130323,1.02271185123922,0.988845134532387,1.05773846089636,1.30710671592354,0.19117647071213,"","Positive"
"CR-Kp","Precipitation","Japan","East Asia and Pacific","Temperate Zone",1,0.0574068941484892,0.161855742172165,1.05908665889894,0.77118239769727,1.45447374629786,0.354679379168555,0.722829800923886,"","Positive"
"3GCR-Kp","Precipitation","Kosovo","Europe and Central Asia","Temperate Zone",3,-0.0661639133385875,0.0249021375530768,0.935977432531398,0.89139101074615,0.982794019287624,-2.65695718681035,0.00788494559085005,"**","Negative"
"CR-Ab","Precipitation","Kosovo","Europe and Central Asia","Temperate Zone",4,0.0154294547226341,0.0258246014872342,1.01554910333807,0.965425092581402,1.06827550808018,0.597471164473197,0.550192853361741,"","Positive"
"CR-Kp","Precipitation","Kosovo","Europe and Central Asia","Temperate Zone",3,-0.0247425649928074,0.0237750700077175,0.975561023263575,0.931143663915184,1.02209717683024,-1.04069367555073,0.298017739403583,"","Negative"
"3GCR-Ec","Precipitation","Latvia","Europe and Central Asia","Temperate Zone",14,0.0643278072482067,0.0281062926458626,1.0664419288632,1.00928228936235,1.12683874434772,2.28873327616462,0.0220948543575343,"*","Positive"
"3GCR-Kp","Precipitation","Latvia","Europe and Central Asia","Temperate Zone",12,0.028694408010856,0.016970279409249,1.0291100586279,0.995443074802929,1.06391569701641,1.69086243772847,0.0908630787876512,"","Positive"
"CR-Ab","Precipitation","Latvia","Europe and Central Asia","Temperate Zone",6,-0.0369191582750566,0.0212157741835758,0.963754043739204,0.924500140967856,1.0046746513757,-1.74017492624132,0.0818283069585179,"","Negative"
"CR-Ec","Precipitation","Latvia","Europe and Central Asia","Temperate Zone",14,-0.00326249273770298,0.00312839837925019,0.996742823408861,0.990649833650894,1.00287328808776,-1.04286358135914,0.297011478818445,"","Negative"
"CR-Kp","Precipitation","Latvia","Europe and Central Asia","Temperate Zone",12,0.0249722067152164,0.017641543663221,1.0252866240453,0.990440763907391,1.0613584373275,1.41553410472114,0.156911956252801,"","Positive"
"CR-Pa","Precipitation","Latvia","Europe and Central Asia","Temperate Zone",3,0.0514000879241441,0.0146520818965549,1.05274399919919,1.02294120009738,1.08341508558301,3.50803990088464,0.000451421338130985,"***","Positive"
"3GCR-Ec","Precipitation","Lebanon","Middle East and North Africa","Temperate Zone",1,0.0718020536073102,0.0253753139380647,1.07444264096767,1.02231170285428,1.12923190207687,2.82960257290068,0.00466058578482445,"**","Positive"
"CR-Ec","Precipitation","Lebanon","Middle East and North Africa","Temperate Zone",1,-0.00349581571571128,0.00267460343130499,0.996510287534031,0.991300027262947,1.00174793286649,-1.30704076529417,0.191198866976775,"","Negative"
"3GCR-Ec","Precipitation","Lithuania","Europe and Central Asia","Temperate Zone",14,0.0620449140927343,0.0281528416304424,1.06401013270462,1.00688896499795,1.12437180449227,2.20385973491371,0.027534210035807,"*","Positive"
"3GCR-Kp","Precipitation","Lithuania","Europe and Central Asia","Temperate Zone",14,0.0275119152318859,0.0173154933542242,1.02789386262801,0.993594153734941,1.06337762642492,1.58886118166389,0.112091736763093,"","Positive"
"CR-Ab","Precipitation","Lithuania","Europe and Central Asia","Temperate Zone",6,-0.035584265685443,0.0217711648913292,0.965041410927694,0.924727898181616,1.00711239126302,-1.63446769445098,0.102160684222814,"","Negative"
"CR-Ec","Precipitation","Lithuania","Europe and Central Asia","Temperate Zone",13,-0.00297673404065072,0.00304386801933546,0.99702769203928,0.991097151791741,1.002993719532,-0.9779445172201,0.328101765858894,"","Negative"
"CR-Kp","Precipitation","Lithuania","Europe and Central Asia","Temperate Zone",13,0.0235570182654097,0.017616209469251,1.02383667647373,0.989089206942339,1.05980485150909,1.33723536306311,0.181145822132929,"","Positive"
"CR-Pa","Precipitation","Lithuania","Europe and Central Asia","Temperate Zone",10,0.0404478447549212,0.0143942788505316,1.04127700022913,1.01231021272643,1.07107265892929,2.80999452455567,0.00495423428182453,"**","Positive"
"3GCR-Ec","Precipitation","Luxembourg","Europe and Central Asia","Temperate Zone",19,-0.0528825661325818,0.0382737834913319,0.94849139095462,0.879942088871772,1.02238082493418,-1.38169162566744,0.167066406800982,"","Negative"
"3GCR-Kp","Precipitation","Luxembourg","Europe and Central Asia","Temperate Zone",12,0.0137051011878073,0.023040636413378,1.01379944659886,0.969035001792924,1.06063177906116,0.594823031010106,0.551961770930082,"","Positive"
"CR-Ec","Precipitation","Luxembourg","Europe and Central Asia","Temperate Zone",17,0.00410962457964982,0.00400574383305678,1.00411808066656,0.996265357854653,1.01203269989498,1.02593294801724,0.304923190895263,"","Positive"
"CR-Kp","Precipitation","Luxembourg","Europe and Central Asia","Temperate Zone",10,-0.0170642309264623,0.0224474145817566,0.983080538433191,0.940765697487237,1.02729866493586,-0.760186918823637,0.447142863054533,"","Negative"
"CR-Pa","Precipitation","Luxembourg","Europe and Central Asia","Temperate Zone",11,-0.0349956410729669,0.0194290660450765,0.965609625270292,0.929529615549512,1.00309009289976,-1.80120037637296,0.0716713030817634,"","Negative"
"3GCR-Ec","Precipitation","Malawi","Sub-Saharan Africa","Tropical Zone",12,0.0803159193934912,0.0305990739267747,1.08362935313282,1.02055003759614,1.1506075466294,2.62478268413259,0.0086704286368039,"**","Positive"
"3GCR-Kp","Precipitation","Malawi","Sub-Saharan Africa","Tropical Zone",11,-0.00719612967311907,0.0185323830821247,0.992829700471855,0.957413788104619,1.02955569095201,-0.388300287190807,0.697793824755096,"","Negative"
"3GCR-Ec","Precipitation","Malaysia","East Asia and Pacific","Tropical Zone",4,-0.253533980883611,0.0764121559262625,0.776053373497716,0.668110428822832,0.901436068852163,-3.31797968281736,0.000906710794976348,"***","Negative"
"3GCR-Kp","Precipitation","Malaysia","East Asia and Pacific","Tropical Zone",4,-0.17014594139348,0.0386042007513774,0.843541699961545,0.782070667505081,0.909844377419243,-4.40744629034728,1.045965264305e-05,"***","Negative"
"CR-Ab","Precipitation","Malaysia","East Asia and Pacific","Tropical Zone",4,0.136864354539695,0.0535870725721286,1.14667259703847,1.03234580396989,1.27366047282088,2.55405544603084,0.0106476299634162,"*","Positive"
"CR-Ec","Precipitation","Malaysia","East Asia and Pacific","Tropical Zone",4,0.0152579067730398,0.0119302919833751,1.01537490291397,0.991907456850345,1.03939756309656,1.27892148778099,0.200924704976278,"","Positive"
"CR-Kp","Precipitation","Malaysia","East Asia and Pacific","Tropical Zone",4,-0.0825674410773525,0.0474934749983335,0.920749339435413,0.838907648332977,1.01057529723969,-1.73850073257957,0.0821226211201677,"","Negative"
"3GCR-Ec","Precipitation","Malta","Middle East and North Africa","Temperate Zone",19,0.103529414164383,0.0704756059905094,1.10907841550012,0.965989056434044,1.27336321621386,1.46901062728464,0.141829906760685,"","Positive"
"3GCR-Kp","Precipitation","Malta","Middle East and North Africa","Temperate Zone",13,0.0353657448763855,0.0498110903615353,1.03599855067752,0.939634797758006,1.14224483763992,0.709997404587943,0.47770574564986,"","Positive"
"CR-Ec","Precipitation","Malta","Middle East and North Africa","Temperate Zone",19,-0.0129052917393951,0.00996032611099078,0.987177624468828,0.968092604072606,1.00663888780089,-1.29566959912634,0.195089339402582,"","Negative"
"CR-Kp","Precipitation","Malta","Middle East and North Africa","Temperate Zone",13,0.0179298894664306,0.032675879707656,1.01809159494258,0.954932296472486,1.08542825446537,0.548719410979765,0.583198022997772,"","Positive"
"CR-Pa","Precipitation","Malta","Middle East and North Africa","Temperate Zone",13,-0.00443545994377937,0.0557725344077459,0.99557436218143,0.892481380810471,1.11057589765388,-0.0795276741657871,0.936612920516946,"","Negative"
"3GCR-Ec","Precipitation","Mexico","Latin America and the Caribbean","Temperate Zone",7,0.0555132772132347,0.0266347493976589,1.05708305209634,1.00331464973611,1.11373294441899,2.08424252034127,0.0371381128336607,"*","Positive"
"3GCR-Kp","Precipitation","Mexico","Latin America and the Caribbean","Temperate Zone",5,0.0523177033356415,0.0172624763777406,1.05371045666753,1.01865512218184,1.08997216262198,3.03071831589027,0.00243972739084347,"**","Positive"
"CR-Ab","Precipitation","Mexico","Latin America and the Caribbean","Temperate Zone",5,-0.0346386354588045,0.0183905719733426,0.965954414869852,0.931756134751843,1.00140787573678,-1.88349962736416,0.0596326902907718,"","Negative"
"CR-Ec","Precipitation","Mexico","Latin America and the Caribbean","Temperate Zone",7,-0.00180394159646163,0.00182144534779857,0.998197684528222,0.994640439491039,1.00176765174294,-0.990390185816942,0.321983440559445,"","Negative"
"CR-Kp","Precipitation","Mexico","Latin America and the Caribbean","Temperate Zone",7,0.0141204566457901,0.0172775339374203,1.01422062119484,0.980450116835388,1.04915431269161,0.817272690473934,0.413772609822385,"","Positive"
"CR-Pa","Precipitation","Mexico","Latin America and the Caribbean","Temperate Zone",8,0.0276190123564928,0.0132595354327874,1.02800395300018,1.00163165260714,1.05507061865835,2.08295475331648,0.0372553480423503,"*","Positive"
"3GCR-Ec","Precipitation","Netherlands","Europe and Central Asia","Temperate Zone",20,0.030310143238289,0.0297287232085652,1.03077417202382,0.972429057972632,1.09261995515285,1.01955751767894,0.307938361495572,"","Positive"
"3GCR-Kp","Precipitation","Netherlands","Europe and Central Asia","Temperate Zone",15,0.0485105722476589,0.0181263834277008,1.04970646951843,1.01306750397289,1.08767053313589,2.67624109581202,0.00744530650388359,"**","Positive"
"CR-Ab","Precipitation","Netherlands","Europe and Central Asia","Temperate Zone",8,-0.0274335973086651,0.0194252830314257,0.972939286195611,0.936592348180127,1.01069676307111,-1.41226242440246,0.157872705967532,"","Negative"
"CR-Ec","Precipitation","Netherlands","Europe and Central Asia","Temperate Zone",20,-2.64871772378421e-05,0.00186464502366867,0.999973513173544,0.996325575855091,1.00363480701621,-0.0142049435155915,0.98866647603032,"","Negative"
"CR-Kp","Precipitation","Netherlands","Europe and Central Asia","Temperate Zone",15,0.0113238662388433,0.017665924219296,1.01138822390861,0.976968034752012,1.04702109288628,0.641000498942172,0.521522358794534,"","Positive"
"CR-Pa","Precipitation","Netherlands","Europe and Central Asia","Temperate Zone",16,0.0183711379106076,0.0138808288422365,1.01854092540077,0.991203629827661,1.04663218081298,1.3234899817155,0.185672485721724,"","Positive"
"3GCR-Ec","Precipitation","New Zealand","East Asia and Pacific","Temperate Zone",11,-0.170809582173802,0.131671444007582,0.842982077004395,0.651234418044102,1.09118738577254,-1.2972408973047,0.194548313025427,"","Negative"
"3GCR-Kp","Precipitation","New Zealand","East Asia and Pacific","Temperate Zone",9,-0.0118717374923512,0.069875680713898,0.988198453545424,0.861717255753898,1.13324431774923,-0.169897986982901,0.865090364261571,"","Negative"
"CR-Ec","Precipitation","New Zealand","East Asia and Pacific","Temperate Zone",11,0.022229231338244,0.0171736715370536,1.02247814164114,0.988633922646014,1.05748096053169,1.29437850783873,0.195534710625833,"","Positive"
"CR-Kp","Precipitation","New Zealand","East Asia and Pacific","Temperate Zone",9,-0.0524173037351291,0.0763792069034428,0.948932791008601,0.816996433685346,1.1021754866046,-0.686277140863667,0.492538361007166,"","Negative"
"3GCR-Ec","Precipitation","North Macedonia","Europe and Central Asia","Temperate Zone",4,0.0615727618279882,0.029658945948499,1.06350787649079,1.00344715559092,1.12716349541284,2.07602663745724,0.0378914874241216,"*","Positive"
"3GCR-Kp","Precipitation","North Macedonia","Europe and Central Asia","Temperate Zone",2,0.0178386815702254,0.019172687289263,1.01799874118463,0.98045376838631,1.05698144111285,0.930421557556796,0.352152861175276,"","Positive"
"CR-Ab","Precipitation","North Macedonia","Europe and Central Asia","Temperate Zone",1,-0.0361004676519662,0.0174059232698831,0.9645433832061,0.932192372568107,0.998017110485098,-2.07403348229334,0.0380762013887584,"*","Negative"
"CR-Ec","Precipitation","North Macedonia","Europe and Central Asia","Temperate Zone",4,-0.003110748128899,0.00330511741159207,0.99689408523497,0.99045704749066,1.00337295766058,-0.941191413651039,0.346606776100699,"","Negative"
"CR-Kp","Precipitation","North Macedonia","Europe and Central Asia","Temperate Zone",2,0.0189409546937353,0.01847975573654,1.0191214725014,0.982869065537175,1.05671102299449,1.0249569834023,0.30538348529819,"","Positive"
"3GCR-Ec","Precipitation","Norway","Europe and Central Asia","Polar Zone",20,-0.0159573010255318,0.0506296078975801,0.984169342179742,0.891195612904416,1.08684252936329,-0.315177258686503,0.752627071230328,"","Negative"
"3GCR-Kp","Precipitation","Norway","Europe and Central Asia","Polar Zone",15,-0.00833481992840946,0.0371946005084478,0.991699818381713,0.92197586097353,1.06669661474636,-0.224086824820619,0.822689744087717,"","Negative"
"CR-Ab","Precipitation","Norway","Europe and Central Asia","Polar Zone",6,0.0457044360224302,0.0373281361627094,1.04676497920991,0.972914852545135,1.12622077752637,1.22439641302232,0.220802721807069,"","Positive"
"CR-Ec","Precipitation","Norway","Europe and Central Asia","Polar Zone",20,-0.000728830478164942,0.00704227197046988,0.999271435054255,0.985573391783432,1.01315986129505,-0.103493656766044,0.91757118362967,"","Negative"
"CR-Kp","Precipitation","Norway","Europe and Central Asia","Polar Zone",15,-0.0177589692674565,0.0293357438116606,0.98239779188342,0.927505061717285,1.04053925022308,-0.605369660352623,0.544933405361822,"","Negative"
"CR-Pa","Precipitation","Norway","Europe and Central Asia","Polar Zone",16,-0.0236464339326241,0.0285965337142758,0.976630952286369,0.923397348826967,1.03293345835944,-0.826898608372925,0.408294532257687,"","Negative"
"3GCR-Ec","Precipitation","Oman","Middle East and North Africa","Tropical Zone",1,0.127973904579666,0.129311080143711,1.1365233442557,0.882077099407084,1.4643678119593,0.989659234440248,0.322340706746151,"","Positive"
"3GCR-Kp","Precipitation","Oman","Middle East and North Africa","Tropical Zone",1,0.273606173665499,0.120416943638077,1.31469693799506,1.0383043648226,1.66466413638634,2.27215676963072,0.0230770432938005,"*","Positive"
"CR-Ab","Precipitation","Oman","Middle East and North Africa","Tropical Zone",1,0.0113263059091356,0.0398377281453876,1.01139069136542,0.935423752384821,1.0935270009691,0.284311039720946,0.776172026612994,"","Positive"
"CR-Ec","Precipitation","Oman","Middle East and North Africa","Tropical Zone",1,-0.0201923845588905,0.0154500474052598,0.980010116355671,0.950778194624615,1.0101407810879,-1.30694644678024,0.191230900085161,"","Negative"
"CR-Kp","Precipitation","Oman","Middle East and North Africa","Tropical Zone",1,0.0104885052745339,0.0285274271084243,1.01054370245583,0.955591028556359,1.06865651105568,0.367663905849981,0.713123857185219,"","Positive"
"3GCR-Ec","Precipitation","Pakistan","South Asia","Temperate Zone",6,0.111007871526925,0.0849600268347055,1.11740370249317,0.945998986703201,1.3198650864276,1.30658941225262,0.191352194398444,"","Positive"
"3GCR-Kp","Precipitation","Pakistan","South Asia","Temperate Zone",3,0.0886565527911075,0.0653437079313432,1.09270530528614,0.961349632388931,1.24200898816949,1.35677260439917,0.174853474775168,"","Positive"
"CR-Ab","Precipitation","Pakistan","South Asia","Temperate Zone",1,-0.00319580249583422,0.0308093145148105,0.996809298645435,0.938397112264254,1.05885745478104,-0.103728451806286,0.917384847165965,"","Negative"
"CR-Ec","Precipitation","Pakistan","South Asia","Temperate Zone",6,-0.0148573921033229,0.0114201584014452,0.985252434362354,0.963444011252019,1.00755451077584,-1.30097951193416,0.193265467716111,"","Negative"
"CR-Kp","Precipitation","Pakistan","South Asia","Temperate Zone",3,0.0151958818403651,0.0310314421264166,1.01531192630706,0.955399458573888,1.07898146523978,0.489693059654135,0.62435111374835,"","Positive"
"3GCR-Ec","Precipitation","Philippines","East Asia and Pacific","Tropical Zone",2,-0.23477450699103,0.0697168351674998,0.790749137929049,0.689754526130493,0.906531491200739,-3.36754395730913,0.000758409350215223,"***","Negative"
"3GCR-Kp","Precipitation","Philippines","East Asia and Pacific","Tropical Zone",2,-0.154672995215335,0.034770482187804,0.856695275138451,0.800256369878296,0.91711459236015,-4.44839948954138,8.65125150579884e-06,"***","Negative"
"CR-Ab","Precipitation","Philippines","East Asia and Pacific","Tropical Zone",2,0.141949578718207,0.0510226593282169,1.1525185356101,1.04283729469629,1.27373558816928,2.78208898922886,0.005401022830982,"**","Positive"
"CR-Ec","Precipitation","Philippines","East Asia and Pacific","Tropical Zone",2,0.0135944300452002,0.0108965990919419,1.01368725446406,0.992267149347787,1.03556975612697,1.24758467577772,0.212183193256326,"","Positive"
"CR-Kp","Precipitation","Philippines","East Asia and Pacific","Tropical Zone",2,-0.087511478316009,0.0450987655311962,0.916208355061492,0.838697606550389,1.00088249129163,-1.94044065918999,0.0523261593067138,"","Negative"
"3GCR-Ec","Precipitation","Poland","Europe and Central Asia","Temperate Zone",19,0.0787498874088678,0.0331398444560118,1.08193368298972,1.01389139334227,1.15454229326171,2.37629019392039,0.0174877033691305,"*","Positive"
"3GCR-Kp","Precipitation","Poland","Europe and Central Asia","Temperate Zone",14,0.00327884011935852,0.0191029029489166,1.00328422139546,0.966414111612158,1.04156097971494,0.1716409347902,0.863719823686996,"","Positive"
"CR-Ab","Precipitation","Poland","Europe and Central Asia","Temperate Zone",8,-0.0396314147564984,0.0245125338591601,0.96114363723379,0.916057648613786,1.00844864162526,-1.61678164257542,0.105925423364268,"","Negative"
"CR-Ec","Precipitation","Poland","Europe and Central Asia","Temperate Zone",11,-0.00555515961620743,0.0046626336660819,0.994460241750759,0.98541350723697,1.00359003114939,-1.1914209895189,0.233488357041128,"","Negative"
"CR-Kp","Precipitation","Poland","Europe and Central Asia","Temperate Zone",12,0.0295909582086394,0.0205824007103328,1.03003312117863,0.989307033423027,1.07243575035953,1.43768254369784,0.150524148278696,"","Positive"
"CR-Pa","Precipitation","Poland","Europe and Central Asia","Temperate Zone",14,0.0453968289822043,0.0175679845235469,1.04644303645132,1.01102389959226,1.08310300971033,2.58406585692045,0.00976431477265779,"**","Positive"
"3GCR-Ec","Precipitation","Portugal","Europe and Central Asia","Temperate Zone",19,-0.0190863654164316,0.0376075235158432,0.981094625937788,0.91137838972714,1.05614383212684,-0.507514551134722,0.611793829166802,"","Negative"
"3GCR-Kp","Precipitation","Portugal","Europe and Central Asia","Temperate Zone",14,-0.00182058596296814,0.0224854624835069,0.998181070298382,0.955145024007965,1.04315619519336,-0.0809672455838318,0.935468001190714,"","Negative"
"CR-Ab","Precipitation","Portugal","Europe and Central Asia","Temperate Zone",8,0.00133441916076934,0.0259470025619526,1.00133530989418,0.951684500781106,1.05357647625648,0.0514286441211544,0.958983960260257,"","Positive"
"CR-Ec","Precipitation","Portugal","Europe and Central Asia","Temperate Zone",13,0.0017784267785507,0.00474903053821391,1.00178000911734,0.992498603895342,1.01114820991019,0.374482068338007,0.708045695100073,"","Positive"
"CR-Kp","Precipitation","Portugal","Europe and Central Asia","Temperate Zone",13,-0.0126084895192,0.0245858182557369,0.987470664464806,0.941014534888884,1.03622024636815,-0.512835870990704,0.60806613533266,"","Negative"
"CR-Pa","Precipitation","Portugal","Europe and Central Asia","Temperate Zone",15,-0.0160610590130497,0.0192298465481261,0.984067232046883,0.947667517436571,1.02186505221567,-0.835215141881351,0.403596585686938,"","Negative"
"3GCR-Ec","Precipitation","Romania","Europe and Central Asia","Temperate Zone",17,0.0729475482295231,0.0309849083572319,1.07567411442323,1.01229206180409,1.14302467054624,2.35429285084514,0.0185579840819032,"*","Positive"
"3GCR-Kp","Precipitation","Romania","Europe and Central Asia","Temperate Zone",10,0.0130799309825009,0.0171021793295979,1.01316584746498,0.979767147145607,1.04770305624146,0.764810772382914,0.444384232196149,"","Positive"
"CR-Ab","Precipitation","Romania","Europe and Central Asia","Temperate Zone",8,-0.0398162489722218,0.0215608896790612,0.960966001420498,0.921202319853903,1.00244608158668,-1.84668859054037,0.0647922862296511,"","Negative"
"CR-Ec","Precipitation","Romania","Europe and Central Asia","Temperate Zone",16,-0.00464275173451279,0.00409364202389301,0.995368009177466,0.987413589735043,1.00338650793713,-1.13413720775164,0.256736998299641,"","Negative"
"CR-Kp","Precipitation","Romania","Europe and Central Asia","Temperate Zone",9,0.0312582699711807,0.0186177074402381,1.03175194002263,0.994781228740011,1.07009665541113,1.67895376332012,0.0931610552489855,"","Positive"
"CR-Pa","Precipitation","Romania","Europe and Central Asia","Temperate Zone",9,0.0497476809684977,0.0150067858927659,1.05100587413286,1.02054253262293,1.08237855077218,3.31501237666613,0.000916390671627128,"***","Positive"
"3GCR-Ec","Precipitation","Russia","Europe and Central Asia","Temperate Zone",2,0.0909544303359537,0.0477409136972873,1.09521909535505,0.997385662836497,1.20264899679732,1.90516735629888,0.056758320058641,"","Positive"
"3GCR-Kp","Precipitation","Russia","Europe and Central Asia","Temperate Zone",3,-0.0191359024019176,0.0290699225694015,0.981046026671283,0.926711527989461,1.03856623920023,-0.658271529834059,0.510363668741153,"","Negative"
"CR-Ab","Precipitation","Russia","Europe and Central Asia","Temperate Zone",3,-0.0364192094213812,0.032349560075508,0.964235991933281,0.904996369249398,1.02735334608104,-1.12580230879104,0.26024920670585,"","Negative"
"CR-Ec","Precipitation","Russia","Europe and Central Asia","Temperate Zone",2,-0.00939504391440546,0.00718758125421461,0.990648951622867,0.976790869905744,1.00470364290586,-1.30712176768735,0.191171359533608,"","Negative"
"CR-Kp","Precipitation","Russia","Europe and Central Asia","Temperate Zone",3,0.0249632598778591,0.0289637269436023,1.02527745101366,0.968694834535519,1.08516512536284,0.861880100115126,0.388753500719684,"","Positive"
"CR-Pa","Precipitation","Russia","Europe and Central Asia","Temperate Zone",2,0.0282451738198521,0.0274393980547407,1.02864785103076,0.974787240793386,1.08548445973604,1.029365650205,0.303307884116121,"","Positive"
"3GCR-Ec","Precipitation","Saudi Arabia","Middle East and North Africa","Tropical Zone",1,0.12529522742809,0.120715534618512,1.13348303895731,0.894663847696757,1.43605199082478,1.03793789112603,0.29929897145315,"","Positive"
"3GCR-Kp","Precipitation","Saudi Arabia","Middle East and North Africa","Tropical Zone",1,0.246025428479228,0.111260138381769,1.27893209442646,1.02834998070572,1.59057454450628,2.21126300989342,0.0270176292778858,"*","Positive"
"CR-Ab","Precipitation","Saudi Arabia","Middle East and North Africa","Tropical Zone",1,0.00715764021973539,0.0363123615771608,1.00718331735249,0.937991315571341,1.08147934625096,0.197113046600563,0.843739074008033,"","Positive"
"CR-Ec","Precipitation","Saudi Arabia","Middle East and North Africa","Tropical Zone",1,-0.0195619137537283,0.0149674639921919,0.98062817893753,0.952278120781458,1.00982224031064,-1.30696247299698,0.191225456871708,"","Negative"
"CR-Kp","Precipitation","Saudi Arabia","Middle East and North Africa","Tropical Zone",1,0.0110853157870299,0.0282090319696043,1.01114698556574,0.956758388632229,1.06862739701747,0.392970442905469,0.694341312010218,"","Positive"
"3GCR-Ec","Precipitation","Serbia","Europe and Central Asia","Temperate Zone",4,0.021911443487646,0.0305167313908595,1.02215326213434,0.962807917170439,1.08515652256204,0.718014102067595,0.472748591686694,"","Positive"
"3GCR-Kp","Precipitation","Serbia","Europe and Central Asia","Temperate Zone",4,0.040928240777296,0.0188177383637874,1.0417773457306,1.00405366755831,1.08091835441103,2.1749819232293,0.029631471035782,"*","Positive"
"CR-Ab","Precipitation","Serbia","Europe and Central Asia","Temperate Zone",4,-0.0167962601812022,0.0214625486601624,0.98334401055756,0.942836065019542,1.02559233675409,-0.782584605731309,0.43387108438903,"","Negative"
"CR-Ec","Precipitation","Serbia","Europe and Central Asia","Temperate Zone",4,0.000385561240749356,0.00214670389203797,1.00038563557904,0.9961853160757,1.00460366532529,0.179606159088538,0.857461769064091,"","Positive"
"CR-Kp","Precipitation","Serbia","Europe and Central Asia","Temperate Zone",4,0.00615804118348731,0.0193099207146621,1.00617704089942,0.968807443634829,1.04498808745189,0.318905565407707,0.749798123922684,"","Positive"
"CR-Pa","Precipitation","Serbia","Europe and Central Asia","Temperate Zone",5,0.016995473206501,0.0146777403948685,1.01714071792883,0.988296131438228,1.04682716764579,1.1579080123561,0.246901577432981,"","Positive"
"3GCR-Ec","Precipitation","Slovakia","Europe and Central Asia","Temperate Zone",14,0.0269457211318509,0.0302114972420386,1.02731203991537,0.968246269460707,1.08998099000463,0.891902871147895,0.37244499559847,"","Positive"
"3GCR-Kp","Precipitation","Slovakia","Europe and Central Asia","Temperate Zone",9,0.0416521156330384,0.0184174654304688,1.04253173516528,1.00556933479152,1.08085278779118,2.26155524984081,0.0237248954978848,"*","Positive"
"CR-Ab","Precipitation","Slovakia","Europe and Central Asia","Temperate Zone",7,-0.0107764421118509,0.0218477060792995,0.989281415720077,0.947813101929332,1.03256403345444,-0.49325279609384,0.621833977273759,"","Negative"
"CR-Ec","Precipitation","Slovakia","Europe and Central Asia","Temperate Zone",13,-0.000131800604257525,0.00210641918278047,0.999868208081061,0.9957486803512,1.00400477877473,-0.0625709285858045,0.9501081796682,"","Negative"
"CR-Kp","Precipitation","Slovakia","Europe and Central Asia","Temperate Zone",9,0.00207704759692988,0.0192875444885235,1.00207920615451,0.964904120474552,1.04068654501484,0.107688544706444,0.914242756666521,"","Positive"
"CR-Pa","Precipitation","Slovakia","Europe and Central Asia","Temperate Zone",10,0.0101109704163047,0.0150896528493785,1.01016225899103,0.980723465897006,1.04048472884916,0.670059842809513,0.502819642703679,"","Positive"
"3GCR-Ec","Precipitation","Slovenia","Europe and Central Asia","Temperate Zone",19,-0.209317107895612,0.0612799168184394,0.81113797659932,0.719336697643357,0.914654874743849,-3.41575378628169,0.000636057289595514,"***","Negative"
"3GCR-Kp","Precipitation","Slovenia","Europe and Central Asia","Temperate Zone",15,-0.161097722741865,0.0321278307691517,0.851208884576509,0.799260566149075,0.906533608523911,-5.01427326044516,5.32342864519459e-07,"***","Negative"
"CR-Ab","Precipitation","Slovenia","Europe and Central Asia","Temperate Zone",6,0.144362483156067,0.0550250225189718,1.15530281044307,1.03718824271647,1.28686821624774,2.62357881100899,0.00870113119395988,"**","Positive"
"CR-Ec","Precipitation","Slovenia","Europe and Central Asia","Temperate Zone",18,0.012472828855677,0.0102293107941402,1.01255093899916,0.992452009934316,1.03305690734199,1.21932250438827,0.222721810361388,"","Positive"
"CR-Kp","Precipitation","Slovenia","Europe and Central Asia","Temperate Zone",15,-0.0778772852877563,0.0427087901943305,0.925077940251737,0.850792922724005,1.00584898238276,-1.82344863746794,0.0682354695467399,"","Negative"
"CR-Pa","Precipitation","Slovenia","Europe and Central Asia","Temperate Zone",16,-0.112442705428315,0.0277548234781932,0.893648546852497,0.846333186494508,0.943609134127651,-4.05128519432526,5.09370757907874e-05,"***","Negative"
"3GCR-Ec","Precipitation","South Africa","Sub-Saharan Africa","Temperate Zone",6,0.0928777250794421,0.0517455615760828,1.09732755142541,0.991492817017618,1.21445938331583,1.79489259079509,0.0726708146482029,"","Positive"
"3GCR-Kp","Precipitation","South Africa","Sub-Saharan Africa","Temperate Zone",6,-0.00972846011833572,0.032782412835196,0.990318708267291,0.928688420042108,1.05603894996314,-0.296758514000868,0.766650880405955,"","Negative"
"CR-Ab","Precipitation","South Africa","Sub-Saharan Africa","Temperate Zone",6,-0.0329466248973623,0.0336264848998107,0.967590203437192,0.905874471197163,1.03351052662997,-0.97978200800726,0.327193735134645,"","Negative"
"CR-Ec","Precipitation","South Africa","Sub-Saharan Africa","Temperate Zone",6,-0.00992067686413962,0.00767992259528026,0.990128370721497,0.975335928620065,1.00514516254378,-1.29176781940959,0.196437562918886,"","Negative"
"CR-Kp","Precipitation","South Africa","Sub-Saharan Africa","Temperate Zone",6,0.0223118801277795,0.0311585099774084,1.02256265171415,0.96198271194607,1.0869575551575,0.716076607769653,0.473944046954533,"","Positive"
"CR-Pa","Precipitation","South Africa","Sub-Saharan Africa","Temperate Zone",4,0.0279459863620753,0.028599805542352,1.02834013852941,0.972281767276208,1.08763063969941,0.977139034064115,0.328500325430132,"","Positive"
"3GCR-Ec","Precipitation","South Korea","East Asia and Pacific","Temperate Zone",2,-0.182148878455325,0.0611678039896328,0.83347724437366,0.73931013745762,0.939638565322029,-2.97785544967737,0.00290272847597094,"**","Negative"
"3GCR-Kp","Precipitation","South Korea","East Asia and Pacific","Temperate Zone",2,-0.107203484471985,0.0313771716893617,0.898342855569057,0.844759978587725,0.955324478677539,-3.41660763861426,0.000634065921460389,"***","Negative"
"CR-Ab","Precipitation","South Korea","East Asia and Pacific","Temperate Zone",2,0.0965243263061961,0.0587428314587665,1.10133637226375,0.981560503402005,1.23572800725693,1.64316775186347,0.100348230049656,"","Positive"
"CR-Ec","Precipitation","South Korea","East Asia and Pacific","Temperate Zone",2,0.0118074372266435,0.0100339550312973,1.01187742018213,0.9921716874615,1.03197453264777,1.17674807090668,0.239296074851926,"","Positive"
"CR-Kp","Precipitation","South Korea","East Asia and Pacific","Temperate Zone",2,-0.056826005569583,0.049068177513844,0.944758437772777,0.858130036318811,1.04013199394789,-1.15810304047975,0.24682198937786,"","Negative"
"3GCR-Ec","Precipitation","Spain","Europe and Central Asia","Temperate Zone",19,0.0740640141022554,0.0322530138793655,1.0768757385235,1.01090716095874,1.14714921508786,2.2963439751483,0.0216562215908901,"*","Positive"
"3GCR-Kp","Precipitation","Spain","Europe and Central Asia","Temperate Zone",15,0.00796423001077291,0.0197419600052939,1.00799602885231,0.969737355572753,1.04776410678943,0.403416378547888,0.686641939798938,"","Positive"
"CR-Ab","Precipitation","Spain","Europe and Central Asia","Temperate Zone",7,-0.0379905458545131,0.0240230914387042,0.962722042562429,0.918442659148433,1.00913619593293,-1.58141786003885,0.113782526455113,"","Negative"
"CR-Ec","Precipitation","Spain","Europe and Central Asia","Temperate Zone",19,-0.00503697520133879,0.00439027850811625,0.994975689086095,0.986450708235755,1.00357434345898,-1.14730197458476,0.251256838223594,"","Negative"
"CR-Kp","Precipitation","Spain","Europe and Central Asia","Temperate Zone",15,0.0283434441230591,0.0199510051843466,1.02874894153399,0.989297161321195,1.06977400328726,1.42065243636432,0.155417826362946,"","Positive"
"CR-Pa","Precipitation","Spain","Europe and Central Asia","Temperate Zone",16,0.0426313220073986,0.0178948188168721,1.04355308886225,1.00758610693418,1.0808039548972,2.38232766945948,0.0172035820074179,"*","Positive"
"3GCR-Ec","Precipitation","Sweden","Europe and Central Asia","Temperate Zone",18,0.07657139582088,0.0286332786499619,1.07957926503356,1.02066070711303,1.1418989497372,2.67420985060618,0.00749055630728536,"**","Positive"
"3GCR-Kp","Precipitation","Sweden","Europe and Central Asia","Temperate Zone",14,0.0129118108418637,0.016876366413972,1.01299552819767,0.980036103853267,1.04706340522952,0.765082395412675,0.444222482154156,"","Positive"
"CR-Ab","Precipitation","Sweden","Europe and Central Asia","Temperate Zone",7,-0.0406750636720154,0.0215260342910135,0.960141063977381,0.920474398882206,1.00151711319197,-1.88957534500426,0.0588147771621184,"","Negative"
"CR-Ec","Precipitation","Sweden","Europe and Central Asia","Temperate Zone",13,-0.00474382002927592,0.00379638323374447,0.995267414113688,0.987889202079158,1.0027007315312,-1.24956300173019,0.211459225605207,"","Negative"
"CR-Kp","Precipitation","Sweden","Europe and Central Asia","Temperate Zone",12,0.0319520917835666,0.0179646764154209,1.0324680404179,0.99674662972484,1.06946963520574,1.77860658576287,0.0753042836343686,"","Positive"
"CR-Pa","Precipitation","Sweden","Europe and Central Asia","Temperate Zone",15,0.0526492315321828,0.0141405286902095,1.05405984930846,1.02524724209079,1.08368217958668,3.72328593121384,0.000196646600706583,"***","Positive"
"3GCR-Ec","Precipitation","Switzerland","Europe and Central Asia","Temperate Zone",4,-0.220686664985703,0.0558694143326927,0.80196792555759,0.718786635472215,0.894775336495534,-3.95004436007781,7.81367103304849e-05,"***","Negative"
"3GCR-Kp","Precipitation","Switzerland","Europe and Central Asia","Temperate Zone",4,-0.164424549353331,0.0287653056110171,0.848381765482394,0.801873392451776,0.897587607692457,-5.71607170029009,1.09014754632041e-08,"***","Negative"
"CR-Ab","Precipitation","Switzerland","Europe and Central Asia","Temperate Zone",4,0.0885282284054726,0.0389973143095946,1.09256509354565,1.01216691431481,1.1793494400501,2.27011090309088,0.0232008549656603,"*","Positive"
"CR-Ec","Precipitation","Switzerland","Europe and Central Asia","Temperate Zone",4,0.011577308396683,0.00929344484916266,1.01164458480745,0.993384138311357,1.03024069592046,1.24574994359881,0.21285621176624,"","Positive"
"CR-Kp","Precipitation","Switzerland","Europe and Central Asia","Temperate Zone",4,-0.0665838201274272,0.0337119756998593,0.9355844917583,0.87576342045085,0.999491781431126,-1.97507914458141,0.0482591671613929,"*","Negative"
"CR-Pa","Precipitation","Switzerland","Europe and Central Asia","Temperate Zone",5,-0.11364195886223,0.0274944672436046,0.892577478133759,0.845750301646623,0.94199736366692,-4.13326644431211,3.57643709423198e-05,"***","Negative"
"3GCR-Ec","Precipitation","Taiwan","East Asia and Pacific","Temperate Zone",7,0.0330898276784926,0.237355407732106,1.03364338485684,0.649127080670454,1.64593140368568,0.139410464647344,0.889125803518573,"","Positive"
"3GCR-Kp","Precipitation","Taiwan","East Asia and Pacific","Temperate Zone",7,0.336605877866975,0.135423055051525,1.40018711024661,1.07377093365788,1.82583070769302,2.48558768474765,0.0129337719983077,"*","Positive"
"CR-Ab","Precipitation","Taiwan","East Asia and Pacific","Temperate Zone",7,0.067476530925156,0.171839659852142,1.0698051519661,0.763891739268093,1.49822678311689,0.392671464685251,0.694562149087327,"","Positive"
"CR-Ec","Precipitation","Taiwan","East Asia and Pacific","Temperate Zone",7,0.0290561227014738,0.0222542893047239,1.02948237018559,0.985543232915065,1.07538047558617,1.30564145651266,0.191674515327467,"","Positive"
"CR-Kp","Precipitation","Taiwan","East Asia and Pacific","Temperate Zone",7,0.0342411283624301,0.143332747839645,1.03483410449942,0.781382058447677,1.37049681683576,0.238892569064103,0.811188887790543,"","Positive"
"CR-Pa","Precipitation","Taiwan","East Asia and Pacific","Temperate Zone",8,-0.0254331815269057,0.0115874417933003,0.974887517284839,0.952996004923885,0.997281905115337,-2.19489184762169,0.0281713567610904,"*","Negative"
"3GCR-Ec","Precipitation","Thailand","East Asia and Pacific","Tropical Zone",10,0.00219762095876653,0.0327351588242278,1.00220003749759,0.939917390208686,1.06860977956496,0.0671333525695326,0.946475542266943,"","Positive"
"3GCR-Kp","Precipitation","Thailand","East Asia and Pacific","Tropical Zone",10,0.0415137599837922,0.0202603567981968,1.04238750498797,1.00180508787256,1.08461388718088,2.04901425958535,0.040460720581944,"*","Positive"
"CR-Ab","Precipitation","Thailand","East Asia and Pacific","Tropical Zone",9,-0.0214203865174212,0.0200159162255293,0.978807400633178,0.941151096339207,1.01797036762838,-1.07016767436809,0.28454384191738,"","Negative"
"CR-Ec","Precipitation","Thailand","East Asia and Pacific","Tropical Zone",10,0.000575664824507032,0.00169813709613185,1.0005758305513,0.997251101276458,1.0039116441205,0.338997849948821,0.734611349861933,"","Positive"
"CR-Kp","Precipitation","Thailand","East Asia and Pacific","Tropical Zone",9,0.00251482580469305,0.0191304758730243,1.00251799063155,0.965623852828131,1.04082176366743,0.131456521070612,0.895414179188122,"","Positive"
"CR-Pa","Precipitation","Thailand","East Asia and Pacific","Tropical Zone",6,-0.0162956401936975,0.0172591013438718,0.983836415467424,0.951111975057925,1.01768678955056,-0.944176632897726,0.345079394013492,"","Negative"
"3GCR-Ec","Precipitation","Tunisia","Middle East and North Africa","Temperate Zone",2,0.11190593959612,0.0850656157011273,1.11840765782142,0.946653005718573,1.32132437283513,1.31552494711018,0.188333538750882,"","Positive"
"3GCR-Kp","Precipitation","Tunisia","Middle East and North Africa","Temperate Zone",2,0.0901736667059257,0.0639668635193427,1.09436432184994,0.965410976625414,1.2405424196899,1.40969342163632,0.158630228016156,"","Positive"
"CR-Ab","Precipitation","Tunisia","Middle East and North Africa","Temperate Zone",2,-0.0197259393615502,0.0322024149173608,0.980467343995318,0.920495955064415,1.04434593911275,-0.612560871977201,0.540166736940242,"","Negative"
"CR-Ec","Precipitation","Tunisia","Middle East and North Africa","Temperate Zone",2,-0.0151081629274145,0.0115592983026161,0.985005392774157,0.96293979472093,1.00757662017214,-1.30701384564107,0.191208009213529,"","Negative"
"CR-Kp","Precipitation","Tunisia","Middle East and North Africa","Temperate Zone",2,0.0159501420191687,0.032401837248705,1.01607802454451,0.953555681213774,1.08269980694585,0.492260420195962,0.622535256437132,"","Positive"
"3GCR-Ec","Precipitation","Turkey","Europe and Central Asia","Temperate Zone",4,0.0762434584911735,0.0290808183807363,1.07922528873637,1.01943143423527,1.14252629920308,2.62177829705366,0.00874723131042586,"**","Positive"
"3GCR-Kp","Precipitation","Turkey","Europe and Central Asia","Temperate Zone",4,0.0144493427346712,0.0168841901590086,1.01455423910634,0.981529048205639,1.04869061793981,0.855791281583126,0.392113238507746,"","Positive"
"CR-Ab","Precipitation","Turkey","Europe and Central Asia","Temperate Zone",3,-0.0402168265620297,0.0212120929651835,0.960581137064926,0.921463115948422,1.00135979933959,-1.89593863406311,0.0579681595222494,"","Negative"
"CR-Ec","Precipitation","Turkey","Europe and Central Asia","Temperate Zone",4,-0.00477332432000811,0.00388599398818387,0.995238049887733,0.987686565920635,1.00284726969135,-1.22834063421671,0.219319123218745,"","Negative"
"CR-Kp","Precipitation","Turkey","Europe and Central Asia","Temperate Zone",4,0.031892941499676,0.0176933883417912,1.03240697144634,0.997217777923458,1.0688378990901,1.80253442040527,0.0714613642970353,"","Positive"
"CR-Pa","Precipitation","Turkey","Europe and Central Asia","Temperate Zone",5,0.0497185783746174,0.015717520056936,1.05097528758081,1.01909220820572,1.08385585348583,3.16325846536312,0.0015601375169562,"**","Positive"
"3GCR-Ec","Precipitation","United Arab Emirates","Middle East and North Africa","Temperate Zone",1,0.138716016326358,0.167410395927837,1.14879781385238,0.827448541062119,1.5949468173791,0.828598579900335,0.407331591854544,"","Positive"
"3GCR-Kp","Precipitation","United Arab Emirates","Middle East and North Africa","Temperate Zone",1,0.338637614909798,0.142619713727459,1.40303481417857,1.06088448076002,1.85553349633961,2.37440958237318,0.0175770405785467,"*","Positive"
"CR-Ab","Precipitation","United Arab Emirates","Middle East and North Africa","Temperate Zone",1,0.0160069524637294,0.0444409746610437,1.01613575002848,0.931371211394317,1.10861474979475,0.360184550087306,0.718709127679539,"","Positive"
"CR-Ec","Precipitation","United Arab Emirates","Middle East and North Africa","Temperate Zone",1,-0.0214745434882342,0.0164314907191949,0.978754392824734,0.947735081857459,1.01078896393306,-1.30691389206386,0.191241957460624,"","Negative"
"CR-Kp","Precipitation","United Arab Emirates","Middle East and North Africa","Temperate Zone",1,0.00929354583181177,0.0313985996007359,1.00933686492086,0.949093738295499,1.07340388602488,0.29598599778297,0.767240774707093,"","Positive"
"3GCR-Ec","Precipitation","United Kingdom","Europe and Central Asia","Temperate Zone",17,-0.231207279493306,0.0581864595645809,0.793574957171152,0.708041380303586,0.889441253248749,-3.97355813059376,7.08068671358432e-05,"***","Negative"
"3GCR-Kp","Precipitation","United Kingdom","Europe and Central Asia","Temperate Zone",13,-0.186789955072641,0.0293335843245162,0.829617975133103,0.783265327413464,0.878713713700024,-6.36778489141292,1.91777616216487e-10,"***","Negative"
"CR-Ab","Precipitation","United Kingdom","Europe and Central Asia","Temperate Zone",6,0.127655134897508,0.0454591044228412,1.13616111280775,1.039308190357,1.24203973973605,2.80813131974872,0.00498299026029141,"**","Positive"
"CR-Ec","Precipitation","United Kingdom","Europe and Central Asia","Temperate Zone",12,0.0130796888552977,0.0102290697722056,1.01316560215,0.993054941269323,1.03368353020618,1.27867823238803,0.201010388109909,"","Positive"
"CR-Kp","Precipitation","United Kingdom","Europe and Central Asia","Temperate Zone",13,-0.0854141796176765,0.0385984587248977,0.91813193410678,0.851234901342352,0.990286285368872,-2.21289094019137,0.0269051654616302,"*","Negative"
"CR-Pa","Precipitation","United Kingdom","Europe and Central Asia","Temperate Zone",13,-0.119772360942855,0.0276713503113402,0.887122357430783,0.840290000905342,0.93656484809487,-4.32838873402466,1.5020418287934e-05,"***","Negative"
"3GCR-Ec","Precipitation","United States of America","North America","Temperate Zone",15,0.0544946828655415,0.0263442241405918,1.05600686146833,1.00286409726188,1.11196571351281,2.06856283087779,0.0385871288883542,"*","Positive"
"3GCR-Kp","Precipitation","United States of America","North America","Temperate Zone",15,0.0506230863970643,0.0168819734824212,1.05192633320918,1.01768904874775,1.08731543476911,2.99864743003991,0.00271180918606088,"**","Positive"
"CR-Ab","Precipitation","United States of America","North America","Temperate Zone",15,-0.0320251838415607,0.0178789461169571,0.968482191670007,0.935131686690178,1.00302210793623,-1.79122324280549,0.0732574778006887,"","Negative"
"CR-Ec","Precipitation","United States of America","North America","Temperate Zone",15,-0.00141791897084413,0.001244920957312,0.998583085801309,0.996149468335092,1.0010226486544,-1.13896305023708,0.254718565919844,"","Negative"
"CR-Kp","Precipitation","United States of America","North America","Temperate Zone",15,0.0197334853582446,0.0159941466500125,1.01992947766136,0.98845215211935,1.05240920076116,1.23379419921908,0.217279601522674,"","Positive"
"CR-Pa","Precipitation","United States of America","North America","Temperate Zone",16,0.0326088043864631,0.0121452776680321,1.03314629787786,1.00884292988147,1.05803514224375,2.68489574942313,0.00725524326318724,"**","Positive"
"3GCR-Ec","Precipitation","Venezuela","Latin America and the Caribbean","Tropical Zone",11,-0.0538899279697108,0.0386428196557687,0.947536398017006,0.8784205141576,1.02209045792612,-1.39456510807865,0.163147023050497,"","Negative"
"3GCR-Kp","Precipitation","Venezuela","Latin America and the Caribbean","Tropical Zone",11,0.00726289139853109,0.0233496937940944,1.0072893301628,0.962229291044374,1.05445947665817,0.311048678521344,0.75576361569006,"","Positive"
"CR-Ab","Precipitation","Venezuela","Latin America and the Caribbean","Tropical Zone",10,0.00262245937810514,0.02404158269876,1.00262590103258,0.956476515717186,1.05100196492291,0.109080147133591,0.913138921211006,"","Positive"
"CR-Ec","Precipitation","Venezuela","Latin America and the Caribbean","Tropical Zone",11,0.00309742591460841,0.00300986255460416,1.0031022278949,0.997202016978965,1.00903734897775,1.02909214570954,0.303436376629867,"","Positive"
"CR-Kp","Precipitation","Venezuela","Latin America and the Caribbean","Tropical Zone",11,-0.0227893212280742,0.0236618387682105,0.977468393922895,0.933171270593446,1.02386827716052,-0.963125539452644,0.335484526478477,"","Negative"
"CR-Pa","Precipitation","Venezuela","Latin America and the Caribbean","Tropical Zone",12,-0.0660497393979896,0.0222981680379728,0.936084302863968,0.896054404311916,0.977902477630474,-2.96211506189701,0.00305533583321047,"**","Negative"
"3GCR-Ec","Wet Days","Argentina","Latin America and the Caribbean","Temperate Zone",4,-0.108297741256165,0.0983614745641429,0.897360375445635,0.740013957554336,1.0881627774714,-1.10101787042184,0.27088887958074,"","Negative"
"3GCR-Kp","Wet Days","Argentina","Latin America and the Caribbean","Temperate Zone",4,-5.764861837563e-07,0.000183405611561264,0.999999423513982,0.999640013325913,1.00035896292425,-0.00314323089053212,0.997492068731092,"","Negative"
"CR-Ab","Wet Days","Argentina","Latin America and the Caribbean","Temperate Zone",4,0.0188037194283083,0.0406915901074266,1.018981622692,0.940868591200198,1.10357977415264,0.462103333358713,0.644007219893026,"","Positive"
"CR-Ec","Wet Days","Argentina","Latin America and the Caribbean","Temperate Zone",4,-0.0158334811979013,0.0195818526139461,0.984291209402684,0.947229460775665,1.02280305356428,-0.808579326484398,0.418757160211259,"","Negative"
"CR-Kp","Wet Days","Argentina","Latin America and the Caribbean","Temperate Zone",4,-0.0943247685486744,0.0724898411902738,0.909987179029854,0.789460990193597,1.04891397584527,-1.30121361834809,0.193185345090167,"","Negative"
"CR-Pa","Wet Days","Argentina","Latin America and the Caribbean","Temperate Zone",2,-0.213360823757077,0.0478844293955662,0.807864587884879,0.735492963923109,0.887357492690623,-4.45574535293164,8.36022205989414e-06,"***","Negative"
"3GCR-Ec","Wet Days","Australia","East Asia and Pacific","Temperate Zone",4,-0.0807860404396215,0.0942166429663948,0.92239102471133,0.766860278337028,1.10946573515716,-0.857449786959999,0.391196354156975,"","Negative"
"3GCR-Kp","Wet Days","Australia","East Asia and Pacific","Temperate Zone",4,-5.72300480497158e-07,0.000182186775151614,0.999999427699683,0.999642405572356,1.00035657733741,-0.00314128443198413,0.997493621772648,"","Negative"
"CR-Ab","Wet Days","Australia","East Asia and Pacific","Temperate Zone",1,0.0193165767578891,0.0407007162710364,1.01950434891644,0.941334408246031,1.10416564863087,0.474600413153791,0.635071811725542,"","Positive"
"CR-Ec","Wet Days","Australia","East Asia and Pacific","Temperate Zone",4,-0.0120151355852361,0.0189909029557931,0.988056757931477,0.951955198803403,1.02552741780412,-0.632678478385408,0.526943626844144,"","Negative"
"CR-Kp","Wet Days","Australia","East Asia and Pacific","Temperate Zone",4,-0.072703815020644,0.0712093437268064,0.929876204607338,0.808742967497916,1.06915273534935,-1.02098701119296,0.307260592592733,"","Negative"
"CR-Pa","Wet Days","Australia","East Asia and Pacific","Temperate Zone",1,-0.21864578622178,0.048700196184383,0.803606316175834,0.730447316083601,0.884092661001418,-4.48962844818878,7.13475138178288e-06,"***","Negative"
"3GCR-Ec","Wet Days","Austria","Europe and Central Asia","Temperate Zone",19,-0.0558092476920095,0.0456284078102815,0.945719516866359,0.864813910988037,1.03419405402501,-1.22312503044285,0.221282475945655,"","Negative"
"3GCR-Kp","Wet Days","Austria","Europe and Central Asia","Temperate Zone",15,1.95747608951094e-07,0.000112853604231521,1.00000019574763,0.999779027101423,1.00022141332021,0.00173452687031169,0.998616048483836,"","Positive"
"CR-Ab","Wet Days","Austria","Europe and Central Asia","Temperate Zone",7,-0.0203740100632596,0.0295115741175056,0.979832137687223,0.924764012783736,1.03817947581534,-0.690373545719276,0.489959308426022,"","Negative"
"CR-Ec","Wet Days","Austria","Europe and Central Asia","Temperate Zone",19,0.000176735893405519,0.00916444598913095,1.00017675151211,0.982371651630136,1.01830456182785,0.0192849511705485,0.984613788923699,"","Positive"
"CR-Kp","Wet Days","Austria","Europe and Central Asia","Temperate Zone",15,-0.0489408575103914,0.0362818888070621,0.952237445726392,0.886873112284666,1.02241926210576,-1.34890600019879,0.17736716072464,"","Negative"
"CR-Pa","Wet Days","Austria","Europe and Central Asia","Temperate Zone",16,0.0763285282408795,0.0229079404871573,1.07931710206677,1.03192806986401,1.12888237158559,3.33196815679135,0.000862341227032104,"***","Positive"
"3GCR-Ec","Wet Days","Bahrain","Middle East and North Africa","Temperate Zone",1,-0.0213736596079968,0.026929690449247,0.978853138346513,0.928526968953503,1.03190698653665,-0.793683820773161,0.427379521461858,"","Negative"
"3GCR-Kp","Wet Days","Bahrain","Middle East and North Africa","Temperate Zone",1,-5.14067616915466e-08,0.000132260302153027,0.99999994859324,0.999740752011587,1.00025921237518,-0.000388678695381085,0.999689879277651,"","Negative"
"CR-Ec","Wet Days","Bahrain","Middle East and North Africa","Temperate Zone",1,-0.0159504340873667,0.0059064373520065,0.984176100432963,0.972848365387139,0.995635734329454,-2.70051693377365,0.00692318125540353,"**","Negative"
"CR-Kp","Wet Days","Bahrain","Middle East and North Africa","Temperate Zone",1,-0.15816231821259,0.0630348451179601,0.85371119784572,0.754491991877917,0.965978190852824,-2.50912519760481,0.0121030579346858,"*","Negative"
"3GCR-Ec","Wet Days","Belarus","Europe and Central Asia","Temperate Zone",4,0.0476108301125657,0.0434041132769183,1.04876242913846,0.963231759652341,1.14188783929777,1.09691977368155,0.27267646398394,"","Positive"
"3GCR-Kp","Wet Days","Belarus","Europe and Central Asia","Temperate Zone",3,-2.56204770717155e-07,7.97005749021159e-05,0.999999743795262,0.999843542909109,1.00015596908395,-0.00321459125021134,0.997435131689551,"","Negative"
"CR-Ab","Wet Days","Belarus","Europe and Central Asia","Temperate Zone",4,0.0143666649059172,0.0211220327325627,1.01447036143216,0.973329589061535,1.05735007523668,0.680174351011626,0.496394070864213,"","Positive"
"CR-Ec","Wet Days","Belarus","Europe and Central Asia","Temperate Zone",3,0.0218560881038892,0.00809953561594805,1.02209668201428,1.00599892017938,1.03845203650748,2.69843718704741,0.00696658835355689,"**","Positive"
"CR-Kp","Wet Days","Belarus","Europe and Central Asia","Temperate Zone",4,-0.032223231825488,0.0356815816372997,0.968290404716614,0.902885862352701,1.03843281522112,-0.90307745192,0.366484790069086,"","Negative"
"CR-Pa","Wet Days","Belarus","Europe and Central Asia","Temperate Zone",4,0.0553142635522845,0.0201245664794602,1.05687269906047,1.01599671232711,1.0993932248668,2.74859404344138,0.00598514626538061,"**","Positive"
"3GCR-Ec","Wet Days","Belgium","Europe and Central Asia","Temperate Zone",19,-0.0932848156182732,0.0534968309941213,0.910934015110458,0.820256154173604,1.0116361525154,-1.74374470197168,0.0812036167985494,"","Negative"
"3GCR-Kp","Wet Days","Belgium","Europe and Central Asia","Temperate Zone",11,7.49310301201918e-07,0.000181247282735403,1.00000074931058,0.999645567462197,1.00035605735784,0.00413418777867037,0.99670140479627,"","Positive"
"CR-Ab","Wet Days","Belgium","Europe and Central Asia","Temperate Zone",4,-0.0382578583072674,0.0374823988099715,0.962464729364954,0.894291620139898,1.03583477068324,-1.02068863044832,0.307401982879367,"","Negative"
"CR-Ec","Wet Days","Belgium","Europe and Central Asia","Temperate Zone",10,-0.0147177900969614,0.0113871405627352,0.985389987180065,0.963640879324446,1.00762996637859,-1.29249217710773,0.196186753334227,"","Negative"
"CR-Kp","Wet Days","Belgium","Europe and Central Asia","Temperate Zone",11,-0.0359225869116506,0.0427083563723635,0.964714972157904,0.887247801445178,1.04894593820318,-0.841113776387237,0.400284198048547,"","Negative"
"CR-Pa","Wet Days","Belgium","Europe and Central Asia","Temperate Zone",12,0.0754265566949943,0.0263186146278779,1.07834402766041,1.02412856656711,1.13542955440514,2.86590148309322,0.00415823627821441,"**","Positive"
"3GCR-Ec","Wet Days","Bosnia and Herz.","Europe and Central Asia","Temperate Zone",3,0.0404303897065285,0.0414237553440432,1.04125882484732,0.960059352637043,1.12932594984294,0.976019420999755,0.329054840274668,"","Positive"
"3GCR-Kp","Wet Days","Bosnia and Herz.","Europe and Central Asia","Temperate Zone",3,-4.40062667292453e-07,8.47583084280275e-05,0.99999955993743,0.999833447524218,1.00016569994857,-0.00519197085753702,0.995857425224236,"","Negative"
"CR-Ab","Wet Days","Bosnia and Herz.","Europe and Central Asia","Temperate Zone",3,0.0189400576564699,0.0183264742268565,1.01912055831187,0.983163513045627,1.05639265350331,1.03348071331223,0.301378991677158,"","Positive"
"CR-Ec","Wet Days","Bosnia and Herz.","Europe and Central Asia","Temperate Zone",3,0.0200982251171413,0.0075676198364238,1.02030155434459,1.00527957835072,1.03554800496981,2.65581854685754,0.00791161722289389,"**","Positive"
"CR-Kp","Wet Days","Bosnia and Herz.","Europe and Central Asia","Temperate Zone",3,-0.0302905131307873,0.0353856065539763,0.970163647326105,0.905157513847525,1.03983835762716,-0.856012262629522,0.391990996633234,"","Negative"
"CR-Pa","Wet Days","Bosnia and Herz.","Europe and Central Asia","Temperate Zone",3,0.050589241779449,0.0188354327198284,1.05189073176714,1.01376567999638,1.09144956611824,2.68585503353968,0.0072344469507716,"**","Positive"
"3GCR-Ec","Wet Days","Bulgaria","Europe and Central Asia","Temperate Zone",19,0.0749905553988914,0.0751236716302239,1.07787397074686,0.930296579489739,1.24886226868731,0.998228038799971,0.318168793084229,"","Positive"
"3GCR-Kp","Wet Days","Bulgaria","Europe and Central Asia","Temperate Zone",14,-6.29516808917758e-07,0.000180163826580266,0.999999370483389,0.999646311945466,1.00035255371575,-0.00349413542588861,0.997212088963256,"","Negative"
"CR-Ab","Wet Days","Bulgaria","Europe and Central Asia","Temperate Zone",8,0.0317825666874084,0.0368146168788508,1.03229302600915,0.960430091954621,1.10953301075607,0.863313797125694,0.387964960362999,"","Positive"
"CR-Ec","Wet Days","Bulgaria","Europe and Central Asia","Temperate Zone",19,0.0113234574509896,0.0155416053772626,1.01138781046547,0.981043881433499,1.0426702847007,0.728589947828418,0.466252529248479,"","Positive"
"CR-Kp","Wet Days","Bulgaria","Europe and Central Asia","Temperate Zone",14,0.128653966807764,0.0559663175787825,1.13729651372536,1.01914086622066,1.26915071606186,2.29877491272604,0.0215177240876834,"*","Positive"
"CR-Pa","Wet Days","Bulgaria","Europe and Central Asia","Temperate Zone",13,-0.104901025574238,0.0330984004935799,0.900413636098794,0.843855598759102,0.960762383119648,-3.16936842898453,0.00152770607568969,"**","Negative"
"CR-Pa","Wet Days","Canada","North America","Temperate Zone",1,-0.0174523673159164,0.0249994818135628,0.982699043143353,0.935708435401379,1.03204948556504,-0.698109162664649,0.485108928350919,"","Negative"
"3GCR-Ec","Wet Days","China","East Asia and Pacific","Temperate Zone",6,0.137509625317339,0.0701373909826504,1.14741275013076,1.00004033980497,1.31650291169193,1.96057514245653,0.0499286044392991,"*","Positive"
"3GCR-Kp","Wet Days","China","East Asia and Pacific","Temperate Zone",6,-6.33633123994732e-07,0.000178804052405962,0.999999366367077,0.999648972048893,1.00034988350455,-0.0035437291015984,0.997172519180093,"","Negative"
"CR-Ab","Wet Days","China","East Asia and Pacific","Temperate Zone",6,0.0344301773493418,0.0357497816595639,1.0350297573319,0.964988210608873,1.11015511566363,0.963087765883765,0.335503480782997,"","Positive"
"CR-Ec","Wet Days","China","East Asia and Pacific","Temperate Zone",6,0.018886675156336,0.0145608762847207,1.0190661565606,0.990393794856503,1.04856859649212,1.29708369105193,0.194602392369046,"","Positive"
"CR-Kp","Wet Days","China","East Asia and Pacific","Temperate Zone",6,0.185993831961284,0.0555570001982109,1.20441483147741,1.08015236681857,1.34297264982655,3.34780192050889,0.000814552079709678,"***","Positive"
"CR-Pa","Wet Days","China","East Asia and Pacific","Temperate Zone",7,-0.083640839872796,0.0302075957292794,0.919761538450595,0.866886061751738,0.975862140295059,-2.76886782458245,0.00562514504058241,"**","Negative"
"3GCR-Ec","Wet Days","Croatia","Europe and Central Asia","Temperate Zone",18,0.0305925107210836,0.04261514824438,1.0310652702285,0.948443385505738,1.12088460704958,0.717878782109318,0.472832031630374,"","Positive"
"3GCR-Kp","Wet Days","Croatia","Europe and Central Asia","Temperate Zone",14,-3.36544532308618e-07,9.0407162079937e-05,0.999999663455524,0.999822481176122,1.00017687713406,-0.00372254282255922,0.997029847414682,"","Negative"
"CR-Ab","Wet Days","Croatia","Europe and Central Asia","Temperate Zone",7,0.010823913732047,0.0201907424613793,1.01088270420917,0.971659405791613,1.05168934256003,0.536082997083978,0.591901190638987,"","Positive"
"CR-Ec","Wet Days","Croatia","Europe and Central Asia","Temperate Zone",18,0.0159476334492709,0.00792506156937448,1.01607547564496,1.00041459869559,1.03198151401755,2.01230404453875,0.0441878963535113,"*","Positive"
"CR-Kp","Wet Days","Croatia","Europe and Central Asia","Temperate Zone",14,-0.0215205148670295,0.0359575284897859,0.978709399170012,0.912107638950678,1.05017439512479,-0.598498166333723,0.549507582066957,"","Negative"
"CR-Pa","Wet Days","Croatia","Europe and Central Asia","Temperate Zone",15,0.0565970768347004,0.0196489261946729,1.05822933936871,1.01824970872633,1.09977869387411,2.88041576796419,0.00397151057887285,"**","Positive"
"3GCR-Ec","Wet Days","Cyprus","Europe and Central Asia","Temperate Zone",16,-0.138806925857273,0.101503149383098,0.870396063209884,0.713371398519081,1.06198441432328,-1.36751348801387,0.171464412462782,"","Negative"
"3GCR-Kp","Wet Days","Cyprus","Europe and Central Asia","Temperate Zone",13,-5.24129245165252e-07,0.000178062495326559,0.999999475870892,0.999650534457228,1.00034853908723,-0.00294351286161649,0.997651419924647,"","Negative"
"CR-Ab","Wet Days","Cyprus","Europe and Central Asia","Temperate Zone",6,0.0159623827351531,0.0401201496922834,1.01609046214315,0.939250454471566,1.09921674495132,0.397864485989773,0.690730079649351,"","Positive"
"CR-Ec","Wet Days","Cyprus","Europe and Central Asia","Temperate Zone",16,-0.0235125994863139,0.0200847006570185,0.976761667896048,0.939057456350589,1.01597974588136,-1.1706721393479,0.241730588111642,"","Negative"
"CR-Kp","Wet Days","Cyprus","Europe and Central Asia","Temperate Zone",13,-0.124149752268982,0.0770486213589447,0.883247562651936,0.759446766090767,1.02722967792235,-1.61131698503219,0.107110650588876,"","Negative"
"CR-Pa","Wet Days","Cyprus","Europe and Central Asia","Temperate Zone",15,-0.264913867878375,0.0612137443602769,0.767272033897984,0.680523579778498,0.865078582866394,-4.32768605558924,1.50684043125783e-05,"***","Negative"
"3GCR-Ec","Wet Days","Czechia","Europe and Central Asia","Temperate Zone",17,0.00805911411903418,0.0431335846223707,1.00809167619427,0.92636892945654,1.09702386953799,0.186840815331968,0.851785444369168,"","Positive"
"3GCR-Kp","Wet Days","Czechia","Europe and Central Asia","Temperate Zone",13,-1.68199930717382e-07,9.13891171191795e-05,0.999999831800083,0.999820725202163,1.00017897048293,-0.00184048096775062,0.998531509480434,"","Negative"
"CR-Ab","Wet Days","Czechia","Europe and Central Asia","Temperate Zone",5,0.0100495536144734,0.0222130151023252,1.01010021996089,0.967066558524351,1.05504884371342,0.452417358390101,0.650968344225681,"","Positive"
"CR-Ec","Wet Days","Czechia","Europe and Central Asia","Temperate Zone",14,0.00771427977981204,0.00834281960836019,1.0077441114968,0.991399550641201,1.02435813451768,0.924660982970517,0.355142280834066,"","Positive"
"CR-Kp","Wet Days","Czechia","Europe and Central Asia","Temperate Zone",12,-0.0276345295446474,0.0353647584378042,0.972743810968656,0.907601878728233,1.04256121979796,-0.781414344827157,0.434558836888076,"","Negative"
"CR-Pa","Wet Days","Czechia","Europe and Central Asia","Temperate Zone",13,0.0686008832641201,0.020666041024988,1.07100866635127,1.02849384212591,1.11528092480216,3.31949806840955,0.000901794286171709,"***","Positive"
"3GCR-Ec","Wet Days","Denmark","Europe and Central Asia","Temperate Zone",15,-0.0582391563005658,0.0449698532185255,0.943424294590566,0.863829326375355,1.03035330295901,-1.2950710783413,0.195295710863479,"","Negative"
"3GCR-Kp","Wet Days","Denmark","Europe and Central Asia","Temperate Zone",14,7.26734653275311e-08,9.81094782755616e-05,1.00000007267347,0.999807796569492,1.00019238575465,0.000740738475067741,0.999408976261199,"","Positive"
"CR-Ab","Wet Days","Denmark","Europe and Central Asia","Temperate Zone",8,-0.0127232971300439,0.0267349616627778,0.987357301824612,0.936951441003387,1.04047488354613,-0.475904820456807,0.634142187812074,"","Negative"
"CR-Ec","Wet Days","Denmark","Europe and Central Asia","Temperate Zone",15,0.000257120063396834,0.0090169972432097,1.00025715312159,0.982734590745147,1.01809214999981,0.0285150429196882,0.977251370393065,"","Positive"
"CR-Kp","Wet Days","Denmark","Europe and Central Asia","Temperate Zone",14,-0.0558416675431144,0.0352433884769981,0.945688857277428,0.882568644593293,1.01332334913259,-1.58445796378404,0.11308954036207,"","Negative"
"CR-Pa","Wet Days","Denmark","Europe and Central Asia","Temperate Zone",14,0.0770184784169809,0.0225193958203062,1.08006203404484,1.03342699869057,1.12880154946906,3.42009523841363,0.000625992157188391,"***","Positive"
"3GCR-Kp","Wet Days","Egypt","Middle East and North Africa","Temperate Zone",2,5.21069291387011e-07,0.000161859258427799,1.00000052106943,0.999683327074232,1.00031781570852,0.00321927393247909,0.997431395468999,"","Positive"
"CR-Kp","Wet Days","Egypt","Middle East and North Africa","Temperate Zone",2,0.0272324341545938,0.0239534085344742,1.02760662588443,0.980476847504045,1.07700184889601,1.13689181710404,0.255583513326257,"","Positive"
"3GCR-Ec","Wet Days","Estonia","Europe and Central Asia","Temperate Zone",19,-0.0350769931639941,0.0450132681876832,0.965531074103354,0.883995772308963,1.05458678000708,-0.779258973548427,0.435827176834521,"","Negative"
"3GCR-Kp","Wet Days","Estonia","Europe and Central Asia","Temperate Zone",15,1.66206560347006e-07,0.000111878447531904,1.00000016620657,0.999780908453457,1.00021947204419,0.0014855994520268,0.998814663569698,"","Positive"
"CR-Ec","Wet Days","Estonia","Europe and Central Asia","Temperate Zone",19,0.00352447905619828,0.00894532637444163,1.00353069733576,0.986089299893014,1.02128058848672,0.394002287749762,0.693579350197359,"","Positive"
"CR-Kp","Wet Days","Estonia","Europe and Central Asia","Temperate Zone",13,-0.0515325760577144,0.0358380694758408,0.949772709607641,0.885347379101875,1.01888616966431,-1.43792834858065,0.15045438523138,"","Negative"
"CR-Pa","Wet Days","Estonia","Europe and Central Asia","Temperate Zone",12,0.0706708370307063,0.0228103033508446,1.07322790083822,1.0263026076197,1.12229874365127,3.09819803549827,0.00194701274889091,"**","Positive"
"3GCR-Ec","Wet Days","Finland","Europe and Central Asia","Temperate Zone",19,-0.0806073053905421,0.0537821517924568,0.922555903050732,0.830256721583028,1.0251159335765,-1.49877427183655,0.133932201249115,"","Negative"
"3GCR-Kp","Wet Days","Finland","Europe and Central Asia","Temperate Zone",15,7.47348631955362e-07,0.000186966081186664,1.00000074734891,0.999634360691857,1.00036726829425,0.00399724178424224,0.996810670987712,"","Positive"
"CR-Ab","Wet Days","Finland","Europe and Central Asia","Temperate Zone",4,-0.0526117069301118,0.0431281477168452,0.948748333372362,0.87184565101686,1.03243435237303,-1.21989256936167,0.222505603049488,"","Negative"
"CR-Ec","Wet Days","Finland","Europe and Central Asia","Temperate Zone",19,-0.0130388806937174,0.0112872768427212,0.987045757250443,0.96544905558582,1.0091255683242,-1.15518391861946,0.248015118697797,"","Negative"
"CR-Kp","Wet Days","Finland","Europe and Central Asia","Temperate Zone",15,-0.0331858932979783,0.0439205117549768,0.967358717371518,0.88756803950713,1.05432242534816,-0.755589859314831,0.449895137743321,"","Negative"
"CR-Pa","Wet Days","Finland","Europe and Central Asia","Temperate Zone",16,0.0729815495384789,0.0255557540229941,1.07571068937292,1.02315631067229,1.13096452141398,2.85577758624586,0.00429315760439157,"**","Positive"
"3GCR-Ec","Wet Days","France","Europe and Central Asia","Temperate Zone",18,-0.0119174816082392,0.0420280545192463,0.988153250314744,0.910016572165702,1.07299897163828,-0.283560153915326,0.776747476701926,"","Negative"
"3GCR-Kp","Wet Days","France","Europe and Central Asia","Temperate Zone",15,-1.59753621476877e-07,7.7812585422121e-05,0.999999840246391,0.999847339232792,1.0001523645201,-0.00205305633542748,0.998361899198281,"","Negative"
"CR-Ab","Wet Days","France","Europe and Central Asia","Temperate Zone",8,-0.00051501506544187,0.0222623974833813,0.999485117532053,0.956811081389666,1.04406242736776,-0.0231338545557065,0.981543500876341,"","Negative"
"CR-Ec","Wet Days","France","Europe and Central Asia","Temperate Zone",18,0.00946750575541265,0.00797410931790565,1.00951246435796,0.993857196133976,1.02541433483438,1.18728065768469,0.235116934958146,"","Positive"
"CR-Kp","Wet Days","France","Europe and Central Asia","Temperate Zone",15,-0.0573667974744234,0.0342473704853899,0.944247658182782,0.882945639559734,1.00980581367189,-1.67507159415046,0.0939201854943096,"","Negative"
"CR-Pa","Wet Days","France","Europe and Central Asia","Temperate Zone",16,0.0687925083569301,0.0200732164311753,1.07121391815143,1.02988691417601,1.11419928017963,3.42707949136093,0.00061011044087907,"***","Positive"
"3GCR-Kp","Wet Days","Georgia","Europe and Central Asia","Temperate Zone",1,-6.04478961835945e-07,0.00014327036362832,0.999999395521221,0.999718625201642,1.00028024469496,-0.0042191486538285,0.996633616417001,"","Negative"
"CR-Ab","Wet Days","Georgia","Europe and Central Asia","Temperate Zone",1,0.031341221235376,0.0200309444441492,1.03183752870019,0.992111846192284,1.07315388856647,1.56464021568041,0.117667293698307,"","Positive"
"CR-Kp","Wet Days","Georgia","Europe and Central Asia","Temperate Zone",1,0.183763797781176,0.0436748531646295,1.20173193782031,1.10314047081773,1.30913486412736,4.20754242924391,2.58162941901693e-05,"***","Positive"
"3GCR-Ec","Wet Days","Germany","Europe and Central Asia","Temperate Zone",20,-0.0539699165865448,0.0463674881699397,0.947460608922302,0.865151888866627,1.0376000064398,-1.16396032471592,0.244440090741433,"","Negative"
"3GCR-Kp","Wet Days","Germany","Europe and Central Asia","Temperate Zone",15,2.20879458647516e-07,0.00012056698468865,1.00000022087948,0.999763937456617,1.00023656014539,0.00183200616004382,0.998538271387259,"","Positive"
"CR-Ab","Wet Days","Germany","Europe and Central Asia","Temperate Zone",8,-0.0113541814498617,0.0274234243225069,0.988710034000594,0.936969926176203,1.04330726528529,-0.414032227205964,0.678850505221977,"","Negative"
"CR-Ec","Wet Days","Germany","Europe and Central Asia","Temperate Zone",19,-0.00117026993513844,0.00948988208928539,0.99883041456368,0.98042371469029,1.0175826860457,-0.123317647588029,0.901855566738886,"","Negative"
"CR-Kp","Wet Days","Germany","Europe and Central Asia","Temperate Zone",15,-0.0445628746682405,0.037038130844483,0.956415463898126,0.889444995690363,1.02842845146762,-1.20316208329607,0.228913604524559,"","Negative"
"CR-Pa","Wet Days","Germany","Europe and Central Asia","Temperate Zone",16,0.0752574983462835,0.0229684925910841,1.07816174000881,1.03070110265082,1.12780779474205,3.2765536548749,0.00105082344581183,"**","Positive"
"CR-Pa","Wet Days","Ghana","Sub-Saharan Africa","Tropical Zone",1,0.0794248376661066,0.0210492208509385,1.08266418090451,1.03890613337611,1.12826528880381,3.77329109844773,0.000161108124324666,"***","Positive"
"3GCR-Ec","Wet Days","Greece","Europe and Central Asia","Temperate Zone",20,0.0344812537217883,0.0797015961362165,1.03508262424739,0.885383960220207,1.21009199077019,0.43262940007948,0.665284027134058,"","Positive"
"3GCR-Kp","Wet Days","Greece","Europe and Central Asia","Temperate Zone",15,-6.23993763458754e-07,0.000182432216265741,0.999999376006431,0.999641873005143,1.0003570068619,-0.00342041431185493,0.997270909550401,"","Negative"
"CR-Ab","Wet Days","Greece","Europe and Central Asia","Temperate Zone",8,0.0291049126123164,0.037973475621148,1.02953259976398,0.955688649318729,1.10908230911015,0.766453745311304,0.44340636402768,"","Positive"
"CR-Ec","Wet Days","Greece","Europe and Central Asia","Temperate Zone",20,0.00401342660181465,0.0166432004237536,1.00402149118362,0.971798066879474,1.03731339782918,0.241145122309924,0.809442641907931,"","Positive"
"CR-Kp","Wet Days","Greece","Europe and Central Asia","Temperate Zone",15,0.0748159724333818,0.0585035284351663,1.07768580873802,0.960932661929848,1.20862444203203,1.27882837898048,0.200957498032991,"","Positive"
"CR-Pa","Wet Days","Greece","Europe and Central Asia","Temperate Zone",16,-0.134195326270146,0.0367513349100769,0.874419250870856,0.813647590120042,0.939729971031737,-3.65144086870571,0.000260773144750445,"***","Negative"
"3GCR-Ec","Wet Days","Hungary","Europe and Central Asia","Temperate Zone",19,0.123736291024624,0.0468044999123128,1.13171738761183,1.03251695930638,1.24044862786887,2.64368364700918,0.00820092642447757,"**","Positive"
"3GCR-Kp","Wet Days","Hungary","Europe and Central Asia","Temperate Zone",15,-5.32753396340115e-07,0.000116562694567465,0.999999467246746,0.999771030582751,1.000227956106,-0.00457053089169764,0.996353256663441,"","Negative"
"CR-Ab","Wet Days","Hungary","Europe and Central Asia","Temperate Zone",8,0.0306929678850114,0.020238879733894,1.03116885332412,0.991064920810801,1.07289561131462,1.51653492132818,0.129384147041596,"","Positive"
"CR-Ec","Wet Days","Hungary","Europe and Central Asia","Temperate Zone",19,0.0265062692943872,0.00882384466786622,1.02686068493343,1.00925409049294,1.04477442914989,3.00393652564114,0.00266510920498405,"**","Positive"
"CR-Kp","Wet Days","Hungary","Europe and Central Asia","Temperate Zone",15,0.0588059773519131,0.0390728410112338,1.06056944628396,0.982380283979158,1.14498180463782,1.50503459257047,0.132315183341009,"","Positive"
"CR-Pa","Wet Days","Hungary","Europe and Central Asia","Temperate Zone",16,0.0307340088156909,0.0205570535745343,1.03121117432199,0.990487714561121,1.07360896093266,1.49505904162081,0.13489903402225,"","Positive"
"3GCR-Ec","Wet Days","Iceland","Europe and Central Asia","Temperate Zone",19,-0.0872187675700138,0.0647604424410709,0.916476578346593,0.807227909574422,1.04051075129538,-1.34679079207,0.17804762113479,"","Negative"
"3GCR-Kp","Wet Days","Iceland","Europe and Central Asia","Temperate Zone",1,1.48987813319938e-06,0.000263737378031595,1.00000148987924,0.999484697431188,1.00051854953943,0.00564909738740517,0.995492696385202,"","Positive"
"CR-Ec","Wet Days","Iceland","Europe and Central Asia","Temperate Zone",10,-0.0243351183416845,0.0136383956965452,0.975958593324265,0.950215598917585,1.00239901025461,-1.78430945128311,0.0743733953197388,"","Negative"
"3GCR-Ec","Wet Days","India","South Asia","Tropical Zone",10,-0.0136804403184222,0.0834090286284666,0.986412711634822,0.837643960910699,1.16160335784776,-0.164016300673632,0.869718311506954,"","Negative"
"3GCR-Kp","Wet Days","India","South Asia","Tropical Zone",10,-6.1600487708667e-07,0.000185296249741551,0.999999383995313,0.999636269511608,1.00036263037912,-0.0033244325125083,0.997347491510694,"","Negative"
"CR-Ab","Wet Days","India","South Asia","Tropical Zone",10,0.0194839834793114,0.0406183156473738,1.01967503508357,0.941644075299818,1.10417216488262,0.479684673497069,0.631451627655794,"","Positive"
"CR-Ec","Wet Days","India","South Asia","Tropical Zone",10,-0.0109529444153042,0.0187850353375184,0.989106820680105,0.953351494658385,1.02620314563672,-0.583067543845845,0.559847831649453,"","Negative"
"CR-Kp","Wet Days","India","South Asia","Tropical Zone",10,-0.0172741934709256,0.0629474059545135,0.982874150009607,0.868792372543493,1.1119360911617,-0.27442264234698,0.783759844583212,"","Negative"
"CR-Pa","Wet Days","India","South Asia","Tropical Zone",7,-0.252207651903459,0.0559216766790572,0.777083358475602,0.696411792167005,0.867099829169624,-4.51001591656338,6.48227619305727e-06,"***","Negative"
"3GCR-Ec","Wet Days","Ireland","Europe and Central Asia","Temperate Zone",18,-0.0111510493141251,0.109764901093049,0.988910893181211,0.797486593233834,1.22628363028256,-0.101590300752626,0.919081878494255,"","Negative"
"3GCR-Kp","Wet Days","Ireland","Europe and Central Asia","Temperate Zone",15,2.56263881065706e-06,0.00042395749310368,1.00000256264209,0.99917194897595,1.00083386679906,0.00604456543956014,0.995177163927507,"","Positive"
"CR-Ab","Wet Days","Ireland","Europe and Central Asia","Temperate Zone",7,-0.142235895684778,0.0888540500720694,0.867416612513751,0.728775293523293,1.03243288617438,-1.60078123134973,0.109425382020788,"","Negative"
"CR-Ec","Wet Days","Ireland","Europe and Central Asia","Temperate Zone",18,-0.0582210806251886,0.0217417566048711,0.943441347775981,0.904082263240095,0.98451392410182,-2.67784621469567,0.00740972303948023,"**","Negative"
"CR-Kp","Wet Days","Ireland","Europe and Central Asia","Temperate Zone",14,0.103531425405832,0.0969859545702557,1.10908064612684,0.917079563447837,1.34127934874987,1.0674888530466,0.285751144564135,"","Positive"
"CR-Pa","Wet Days","Ireland","Europe and Central Asia","Temperate Zone",15,-0.00858741747885258,0.0197920996542488,0.991449349072114,0.953724977344863,1.03066589963081,-0.43388107522029,0.664374803042057,"","Negative"
"3GCR-Ec","Wet Days","Italy","Europe and Central Asia","Temperate Zone",18,0.196468133458557,0.053515545830867,1.21709653560303,1.09590188510617,1.35169397654005,3.67123478623359,0.000241381471051522,"***","Positive"
"3GCR-Kp","Wet Days","Italy","Europe and Central Asia","Temperate Zone",15,-5.9932405322453e-07,0.000144013848674914,0.999999400676126,0.999717173535491,1.00028170749145,-0.00416157236778942,0.996679555243369,"","Negative"
"CR-Ab","Wet Days","Italy","Europe and Central Asia","Temperate Zone",8,0.036591826032917,0.0262858496812444,1.0372695479924,0.985182437383751,1.09211053137488,1.39207316775559,0.16390024257091,"","Positive"
"CR-Ec","Wet Days","Italy","Europe and Central Asia","Temperate Zone",13,0.0323945547561339,0.0102064298643864,1.03292497037598,1.01246702566312,1.05379628904697,3.17393595866162,0.00150386868253434,"**","Positive"
"CR-Kp","Wet Days","Italy","Europe and Central Asia","Temperate Zone",14,0.165396719223148,0.0432251296841362,1.17986109945557,1.08401903740204,1.28417690647275,3.82640192017398,0.000130029923219623,"***","Positive"
"CR-Pa","Wet Days","Italy","Europe and Central Asia","Temperate Zone",15,0.00346060995773164,0.0231894047369277,1.00346660478163,0.958878771623358,1.05012777079967,0.149232375603883,0.881370273984586,"","Positive"
"3GCR-Ec","Wet Days","Japan","East Asia and Pacific","Temperate Zone",1,0.0251725350287134,0.117027828050777,1.02549203856003,0.815297657941979,1.28987727476686,0.215098711545696,0.829690358432996,"","Positive"
"3GCR-Kp","Wet Days","Japan","East Asia and Pacific","Temperate Zone",1,2.21290640880792e-06,0.000360695025390601,1.00000221290886,0.999295498934134,1.00070942668033,0.00613511762856039,0.99510491507371,"","Positive"
"CR-Ab","Wet Days","Japan","East Asia and Pacific","Temperate Zone",1,-0.141203810838622,0.0864794915396769,0.868312322199518,0.732931074001911,1.02870012696658,-1.63280112226189,0.10251083097725,"","Negative"
"CR-Ec","Wet Days","Japan","East Asia and Pacific","Temperate Zone",1,-0.0478160359177519,0.0169823479618252,0.953309145589243,0.922100150776375,0.985574426269118,-2.81563162085938,0.00486814512382971,"**","Negative"
"CR-Kp","Wet Days","Japan","East Asia and Pacific","Temperate Zone",1,0.0563825626869785,0.0680552162861481,1.05800235855005,0.925884611942332,1.20897245321881,0.828482602272686,0.407397243732049,"","Positive"
"3GCR-Kp","Wet Days","Kosovo","Europe and Central Asia","Temperate Zone",3,-5.51521322654042e-07,0.000110231281699833,0.999999448478829,0.999783418623679,1.00021552501299,-0.00500331044100412,0.99600795250179,"","Negative"
"CR-Ab","Wet Days","Kosovo","Europe and Central Asia","Temperate Zone",4,0.0306674058986392,0.0199456318035756,1.03114249493683,0.991609367079343,1.07225171540707,1.53754998591429,0.124158684238291,"","Positive"
"CR-Kp","Wet Days","Kosovo","Europe and Central Asia","Temperate Zone",3,0.0422981553073531,0.0376010739374312,1.0432054696341,0.969087909226828,1.1229916723889,1.1249188089079,0.260623440837424,"","Positive"
"3GCR-Ec","Wet Days","Latvia","Europe and Central Asia","Temperate Zone",14,-0.0435086073267963,0.0436631595950173,0.957424313191555,0.878896267564406,1.04296872033667,-0.996460350793335,0.319026522502138,"","Negative"
"3GCR-Kp","Wet Days","Latvia","Europe and Central Asia","Temperate Zone",12,-4.70309379102131e-08,8.78542857589795e-05,0.999999952969063,0.999827773401678,1.00017216218736,-0.00053532889720643,0.999572869358368,"","Negative"
"CR-Ab","Wet Days","Latvia","Europe and Central Asia","Temperate Zone",6,-0.00459301708663055,0.0235842359013654,0.995417514685975,0.95045152345535,1.04251085309576,-0.194749454925721,0.845589093646186,"","Negative"
"CR-Ec","Wet Days","Latvia","Europe and Central Asia","Temperate Zone",14,0.00443712030387053,0.00855228210553362,1.00444697889803,0.987750293428626,1.02142590098889,0.518822958494267,0.603884206321188,"","Positive"
"CR-Kp","Wet Days","Latvia","Europe and Central Asia","Temperate Zone",12,-0.0580235802537123,0.0347827483077464,0.943627696193968,0.881440509755265,1.01020229858912,-1.66817123650893,0.0952817390544978,"","Negative"
"CR-Pa","Wet Days","Latvia","Europe and Central Asia","Temperate Zone",3,0.0691171740198266,0.0198745184849899,1.07156176099152,1.03062263312862,1.1141271021126,3.47767791567011,0.000505777268974004,"***","Positive"
"3GCR-Ec","Wet Days","Lebanon","Middle East and North Africa","Temperate Zone",1,-0.0377406162845203,0.0866175506669385,0.962962685339169,0.812604290406703,1.14114230542829,-0.43571557950929,0.663043100748666,"","Negative"
"CR-Ec","Wet Days","Lebanon","Middle East and North Africa","Temperate Zone",1,-0.0193958970588464,0.0201265717900482,0.980790993101266,0.942853863846689,1.02025457924515,-0.963696016449105,0.335198352102964,"","Negative"
"3GCR-Ec","Wet Days","Lithuania","Europe and Central Asia","Temperate Zone",14,-0.0126681880995545,0.0433049008920531,0.987411715627595,0.907060802800189,1.07488041942587,-0.292534744072794,0.769877799133727,"","Negative"
"3GCR-Kp","Wet Days","Lithuania","Europe and Central Asia","Temperate Zone",14,-1.56336508337366e-07,9.0783628373727e-05,0.999999843663504,0.999821923609362,1.00017779537883,-0.00172207821099394,0.998625981062074,"","Negative"
"CR-Ab","Wet Days","Lithuania","Europe and Central Asia","Temperate Zone",6,0.0050642852338794,0.0220838393276934,1.00507713040105,0.962501128986018,1.04953647079815,0.229320869380205,0.818619534210673,"","Positive"
"CR-Ec","Wet Days","Lithuania","Europe and Central Asia","Temperate Zone",13,0.00871979536604784,0.00843979226223915,1.00875792352433,0.992208316305251,1.02558357106136,1.03317653979014,0.301521289607022,"","Positive"
"CR-Kp","Wet Days","Lithuania","Europe and Central Asia","Temperate Zone",13,-0.0446870148052571,0.0354662155070731,0.956296741720639,0.892078810970474,1.02513751809735,-1.25998824984146,0.207673601053507,"","Negative"
"CR-Pa","Wet Days","Lithuania","Europe and Central Asia","Temperate Zone",10,0.0614060779534925,0.0201713885986037,1.06333062165055,1.02211106117222,1.10621247914391,3.0442166960059,0.00233287037506259,"**","Positive"
"3GCR-Ec","Wet Days","Luxembourg","Europe and Central Asia","Temperate Zone",19,-0.0894666322139528,0.0604976606117216,0.914418776745349,0.812172886550128,1.02953658403475,-1.47884449265165,0.139181881377242,"","Negative"
"3GCR-Kp","Wet Days","Luxembourg","Europe and Central Asia","Temperate Zone",12,1.1265579086733e-06,0.000230749027332853,1.00000112655854,0.999548960213377,1.00045349745037,0.00488217836363078,0.996104600735485,"","Positive"
"CR-Ec","Wet Days","Luxembourg","Europe and Central Asia","Temperate Zone",17,-0.024949689230121,0.0133135714081999,0.975358981855238,0.950236584391639,1.00114556639044,-1.87400423711659,0.0609298411118152,"","Negative"
"CR-Kp","Wet Days","Luxembourg","Europe and Central Asia","Temperate Zone",10,-0.0149034434048896,0.0500913128403947,0.985207063250087,0.893077052733548,1.08684122440155,-0.297525510109433,0.766065335038439,"","Negative"
"CR-Pa","Wet Days","Luxembourg","Europe and Central Asia","Temperate Zone",11,0.0652246726658348,0.0271521535219642,1.06739881278301,1.01207881853747,1.12574258512495,2.40219150989525,0.0162971739369531,"*","Positive"
"3GCR-Ec","Wet Days","Malawi","Sub-Saharan Africa","Tropical Zone",12,0.211935259058568,0.0555772914385815,1.23606785829121,1.10849558570098,1.37832190764606,3.81334270837538,0.000137099792742785,"***","Positive"
"3GCR-Kp","Wet Days","Malawi","Sub-Saharan Africa","Tropical Zone",11,-6.15282128793271e-07,0.000156074635356751,0.99999938471806,0.999693525405508,1.00030533760921,-0.00394223012206228,0.996854563597775,"","Negative"
"3GCR-Ec","Wet Days","Malaysia","East Asia and Pacific","Tropical Zone",4,0.0160734262428247,0.121525877566277,1.01620329865694,0.800821427447661,1.28951237917362,0.13226340401499,0.89477595238992,"","Positive"
"3GCR-Kp","Wet Days","Malaysia","East Asia and Pacific","Tropical Zone",4,2.66939908711224e-06,0.000434652364283532,1.00000266940265,0.999151111275161,1.00085495329748,0.00614145764860247,0.995099856564903,"","Positive"
"CR-Ab","Wet Days","Malaysia","East Asia and Pacific","Tropical Zone",4,-0.0961297622654027,0.0626445393699094,0.908346139368084,0.803391562437461,1.02701191732908,-1.53452740226513,0.12489995724501,"","Negative"
"CR-Ec","Wet Days","Malaysia","East Asia and Pacific","Tropical Zone",4,-0.0553864891295608,0.0199324989898825,0.946119412413467,0.909869417382603,0.983813639017162,-2.77870271849377,0.00545764473050508,"**","Negative"
"CR-Kp","Wet Days","Malaysia","East Asia and Pacific","Tropical Zone",4,0.0674918436008169,0.0792219699787027,1.06982153367083,0.915959419122458,1.24952928045909,0.851933417194255,0.394251048178912,"","Positive"
"3GCR-Ec","Wet Days","Malta","Middle East and North Africa","Temperate Zone",19,-0.176612804210399,0.102646061565183,0.838104232136496,0.685368187666639,1.0248778927375,-1.72059990921566,0.0853234499574463,"","Negative"
"3GCR-Kp","Wet Days","Malta","Middle East and North Africa","Temperate Zone",13,-3.78438570652094e-07,0.00016271972559341,0.999999621561501,0.999680741872992,1.00031860296674,-0.00232570801893867,0.998144355151592,"","Negative"
"CR-Ec","Wet Days","Malta","Middle East and North Africa","Temperate Zone",19,-0.0307608161763427,0.0196864020821698,0.969707483684064,0.933003651654758,1.00785522355151,-1.5625412936274,0.118160525905859,"","Negative"
"CR-Kp","Wet Days","Malta","Middle East and North Africa","Temperate Zone",13,-0.193123836617325,0.0839049506544149,0.824379879402049,0.699368467879174,0.971736955233088,-2.30169775574694,0.0213522228559953,"*","Negative"
"CR-Pa","Wet Days","Malta","Middle East and North Africa","Temperate Zone",13,-0.344124904000191,0.0812816899257188,0.70884038552032,0.60444958237327,0.831259887998915,-4.23373215191118,2.2984467752003e-05,"***","Negative"
"3GCR-Ec","Wet Days","Mexico","Latin America and the Caribbean","Temperate Zone",7,-0.176345985323669,0.104218155569296,0.838327884010623,0.683441940903523,1.02831506094083,-1.69208507251325,0.0906297542150184,"","Negative"
"3GCR-Kp","Wet Days","Mexico","Latin America and the Caribbean","Temperate Zone",5,-4.27418055363698e-07,0.000168173331676528,0.999999572582036,0.999670007311427,1.00032924650177,-0.00254153290003085,0.997972152321403,"","Negative"
"CR-Ab","Wet Days","Mexico","Latin America and the Caribbean","Temperate Zone",5,0.00570814476890487,0.0366971607559097,1.00572446726954,0.935926538294549,1.08072766683989,0.15554731350669,0.876389857024537,"","Positive"
"CR-Ec","Wet Days","Mexico","Latin America and the Caribbean","Temperate Zone",7,-0.0303109052448595,0.0201439516759493,0.970143863840055,0.932586798280768,1.00921342472527,-1.50471495029692,0.132397377734106,"","Negative"
"CR-Kp","Wet Days","Mexico","Latin America and the Caribbean","Temperate Zone",7,-0.18379556836404,0.0841919879460302,0.832105895209499,0.705525852075582,0.98139595991477,-2.18305295845799,0.0290319102574849,"*","Negative"
"CR-Pa","Wet Days","Mexico","Latin America and the Caribbean","Temperate Zone",8,-0.321516887089464,0.0739079715450183,0.725048385967099,0.627271064925335,0.838066971981355,-4.35023286890811,1.35993033615951e-05,"***","Negative"
"3GCR-Ec","Wet Days","Netherlands","Europe and Central Asia","Temperate Zone",20,-0.0840767241070823,0.0509035555578809,0.919360716259065,0.832062523122578,1.015818046255,-1.65168666875305,0.0985984417119922,"","Negative"
"3GCR-Kp","Wet Days","Netherlands","Europe and Central Asia","Temperate Zone",15,5.45335960553124e-07,0.000154593244002136,1.00000054533611,0.999697588313351,1.00030359416959,0.00352755363970233,0.997185425250735,"","Positive"
"CR-Ab","Wet Days","Netherlands","Europe and Central Asia","Temperate Zone",8,-0.0334846658669515,0.0349926685534871,0.967069740293772,0.902966074325338,1.03572427490216,-0.95690518188887,0.338615115478843,"","Negative"
"CR-Ec","Wet Days","Netherlands","Europe and Central Asia","Temperate Zone",20,-0.0109010992379602,0.0108626592868346,0.98915810242798,0.968320732420138,1.01044387344006,-1.0035387238162,0.315601002819663,"","Negative"
"CR-Kp","Wet Days","Netherlands","Europe and Central Asia","Temperate Zone",15,-0.0423682548297524,0.0403108526605355,0.958516737153647,0.88569952183036,1.03732057290152,-1.05103841852572,0.293240945274871,"","Negative"
"CR-Pa","Wet Days","Netherlands","Europe and Central Asia","Temperate Zone",16,0.0775987093077651,0.0252345855963443,1.08068890124722,1.0285385606566,1.13548343830043,3.07509346692053,0.00210436594881294,"**","Positive"
"3GCR-Ec","Wet Days","New Zealand","East Asia and Pacific","Temperate Zone",11,-0.0273019229262596,0.0411646662770131,0.97306740581009,0.897641358217918,1.05483127262515,-0.66323683380631,0.50717888450547,"","Negative"
"3GCR-Kp","Wet Days","New Zealand","East Asia and Pacific","Temperate Zone",9,-2.02558354510365e-07,6.47672066804312e-05,0.999999797441666,0.999872861799298,1.00012674919874,-0.00312748325722631,0.997504633462817,"","Negative"
"CR-Ec","Wet Days","New Zealand","East Asia and Pacific","Temperate Zone",11,0.00722226920178448,0.00790799172183787,1.00724841268853,0.991756768731407,1.02298204242287,0.91328740036996,0.361091407186971,"","Positive"
"CR-Kp","Wet Days","New Zealand","East Asia and Pacific","Temperate Zone",9,-0.0659026269720951,0.0329539657405908,0.9362220226265,0.877663163318205,0.998688007295421,-1.99983903275472,0.0455176482487442,"*","Negative"
"3GCR-Ec","Wet Days","North Macedonia","Europe and Central Asia","Temperate Zone",4,0.200492386084447,0.0519480151214612,1.22200430796702,1.10370673772242,1.35298125639015,3.85948116815763,0.000113628012606256,"***","Positive"
"3GCR-Kp","Wet Days","North Macedonia","Europe and Central Asia","Temperate Zone",2,-6.04449204516246e-07,0.000143340971217303,0.999999395550978,0.999718486879466,1.00028038315439,-0.00421686276703058,0.99663544027456,"","Negative"
"CR-Ab","Wet Days","North Macedonia","Europe and Central Asia","Temperate Zone",1,0.0389804225197828,0.0278012956586215,1.03975012776334,0.984609545435013,1.09797871978405,1.40210812468715,0.160882961269156,"","Positive"
"CR-Ec","Wet Days","North Macedonia","Europe and Central Asia","Temperate Zone",4,0.0332967879035202,0.0102755646916571,1.03385733006268,1.01324361105494,1.05489042048978,3.24038521508743,0.00119368320419666,"**","Positive"
"CR-Kp","Wet Days","North Macedonia","Europe and Central Asia","Temperate Zone",2,0.183369807736993,0.0435479577540125,1.2012585606601,1.10298022368264,1.30829374686448,4.21075561735377,2.54517957502021e-05,"***","Positive"
"3GCR-Ec","Wet Days","Norway","Europe and Central Asia","Polar Zone",20,-0.0067601580317474,0.0637652379316012,0.993262640433888,0.876568851992267,1.12549136401484,-0.106016353910555,0.915569376766827,"","Negative"
"3GCR-Kp","Wet Days","Norway","Europe and Central Asia","Polar Zone",15,6.61545811054743e-08,0.000173114553146333,1.00000006615458,0.999660819165244,1.00033942827149,0.000382143383690879,0.999695093701561,"","Positive"
"CR-Ab","Wet Days","Norway","Europe and Central Asia","Polar Zone",6,-0.0137887363139254,0.039233549478605,0.986305892872365,0.91330399294949,1.06514295549407,-0.35145268519344,0.725248762946843,"","Negative"
"CR-Ec","Wet Days","Norway","Europe and Central Asia","Polar Zone",20,0.000799793997945266,0.0125605844953986,1.00080011391845,0.976462480712442,1.02574434533153,0.0636749028867457,0.949229088778173,"","Positive"
"CR-Kp","Wet Days","Norway","Europe and Central Asia","Polar Zone",15,-0.0154937215960161,0.0533290257800364,0.984625688610173,0.886903929396843,1.09311472701488,-0.290530745112846,0.771410233389455,"","Negative"
"CR-Pa","Wet Days","Norway","Europe and Central Asia","Polar Zone",16,0.00883094132333316,0.0296499159651676,1.00887004912045,0.951911801497551,1.06923642968924,0.297840349149982,0.765825017144218,"","Positive"
"3GCR-Ec","Wet Days","Oman","Middle East and North Africa","Tropical Zone",1,-0.166131160664558,0.0877404576066236,0.846935142328012,0.713122219382899,1.00585722308707,-1.89343850255936,0.0582995792220468,"","Negative"
"3GCR-Kp","Wet Days","Oman","Middle East and North Africa","Tropical Zone",1,-1.45852058464623e-07,0.000138671784823961,0.999999854147952,0.99972809442271,1.00027168774663,-0.00105177890837546,0.999160802002355,"","Negative"
"CR-Ab","Wet Days","Oman","Middle East and North Africa","Tropical Zone",1,-0.00931436511580496,0.0234438889545055,0.990728879214306,0.946234942220096,1.03731501376,-0.397304608202169,0.691142849602582,"","Negative"
"CR-Ec","Wet Days","Oman","Middle East and North Africa","Tropical Zone",1,-0.0310896054958228,0.0149088048201557,0.969388706628526,0.941471819388772,0.998133396227423,-2.08531843235292,0.037040405369462,"*","Negative"
"CR-Kp","Wet Days","Oman","Middle East and North Africa","Tropical Zone",1,-0.181693707950943,0.0727010386303822,0.83385670498446,0.723114469473197,0.961558693403124,-2.49918998921993,0.0124477556441321,"*","Negative"
"3GCR-Ec","Wet Days","Pakistan","South Asia","Temperate Zone",6,-0.139497459502777,0.0729468928283504,0.869795232913966,0.753916718911625,1.00348450727028,-1.9123153035596,0.0558357640939874,"","Negative"
"3GCR-Kp","Wet Days","Pakistan","South Asia","Temperate Zone",3,-6.80344217192992e-08,0.000135811179494566,0.999999931965581,0.99973377749727,1.00026615729096,-0.000500948610950113,0.999600300854285,"","Negative"
"CR-Ab","Wet Days","Pakistan","South Asia","Temperate Zone",1,-0.0156061906719567,0.017289798818165,0.984514954896003,0.951710681510839,1.01844995043574,-0.902624191066961,0.366725383051746,"","Negative"
"CR-Ec","Wet Days","Pakistan","South Asia","Temperate Zone",6,-0.0302769732440421,0.0138487439938727,0.970176783320944,0.944196940228472,0.996871469067902,-2.18626131419845,0.0287964927140012,"*","Negative"
"CR-Kp","Wet Days","Pakistan","South Asia","Temperate Zone",3,-0.157849016583246,0.0646815884160494,0.853978708858624,0.75229636529936,0.969404703814622,-2.44040105459252,0.0146709643257698,"*","Negative"
"3GCR-Ec","Wet Days","Philippines","East Asia and Pacific","Tropical Zone",2,-0.10853043907315,0.0580361426212049,0.897151585938594,0.800690115653985,1.00523405049746,-1.87004914819228,0.0614769931290674,"","Negative"
"3GCR-Kp","Wet Days","Philippines","East Asia and Pacific","Tropical Zone",2,4.28807914356125e-07,0.000137077635860148,1.00000042880801,0.999731792615661,1.00026913718512,0.00312821206512207,0.997504051961093,"","Positive"
"CR-Ab","Wet Days","Philippines","East Asia and Pacific","Tropical Zone",2,-0.0304089452128571,0.0323718038485057,0.97004875562897,0.910412322214601,1.03359166537676,-0.939365175792044,0.347543286204275,"","Negative"
"CR-Ec","Wet Days","Philippines","East Asia and Pacific","Tropical Zone",2,-0.00894150026878156,0.0103613556710515,0.99109835606448,0.971173876326974,1.01143160389438,-0.86296625197059,0.388156022346126,"","Negative"
"CR-Kp","Wet Days","Philippines","East Asia and Pacific","Tropical Zone",2,-0.0538404244849065,0.0360839871121464,0.94758330553172,0.882880837613817,1.01702753380539,-1.4920863461561,0.135676510810017,"","Negative"
"3GCR-Ec","Wet Days","Poland","Europe and Central Asia","Temperate Zone",19,-0.00213984695706193,0.0430040766165534,0.997862440883271,0.917201734310246,1.08561662465055,-0.0497591653029064,0.960314307715638,"","Negative"
"3GCR-Kp","Wet Days","Poland","Europe and Central Asia","Temperate Zone",14,-1.34904973779215e-07,9.1604592278759e-05,0.999999865095035,0.999820336235627,1.00017942619085,-0.00147268789067573,0.998824965493886,"","Negative"
"CR-Ab","Wet Days","Poland","Europe and Central Asia","Temperate Zone",8,0.00697241486675572,0.0217227248556476,1.00699677874339,0.965022245236484,1.0507970333379,0.32097330850936,0.748230618286446,"","Positive"
"CR-Ec","Wet Days","Poland","Europe and Central Asia","Temperate Zone",11,0.00923561812066688,0.00844718648719139,1.00927839803995,0.992705864881214,1.02612759809973,1.09333659611647,0.27424604054719,"","Positive"
"CR-Kp","Wet Days","Poland","Europe and Central Asia","Temperate Zone",12,-0.0376735493906274,0.0351975528734733,0.963027270421146,0.898830546819791,1.03180908443329,-1.07034570062455,0.284463730770489,"","Negative"
"CR-Pa","Wet Days","Poland","Europe and Central Asia","Temperate Zone",14,0.0648313582748871,0.0207854171169627,1.06697907201952,1.02438449621506,1.11134475808058,3.11907901150461,0.00181417305619181,"**","Positive"
"3GCR-Ec","Wet Days","Portugal","Europe and Central Asia","Temperate Zone",19,0.168229768978972,0.0565689366963949,1.18320844401327,1.05903133249793,1.32194598877653,2.97388953732434,0.0029405091028997,"**","Positive"
"3GCR-Kp","Wet Days","Portugal","Europe and Central Asia","Temperate Zone",14,-5.89231133257421e-07,0.000146473395256433,0.99999941076904,0.999712364289249,1.00028653966822,-0.00402278606449893,0.996790289764746,"","Negative"
"CR-Ab","Wet Days","Portugal","Europe and Central Asia","Temperate Zone",8,0.0355488066119319,0.028292841123459,1.03618821973027,0.980291637806504,1.09527204486846,1.25645941518601,0.208949451577777,"","Positive"
"CR-Ec","Wet Days","Portugal","Europe and Central Asia","Temperate Zone",13,0.0288310428352978,0.0110078552638513,1.02925068050679,1.00728203249853,1.05169846095239,2.6191335318494,0.0088153433049116,"**","Positive"
"CR-Kp","Wet Days","Portugal","Europe and Central Asia","Temperate Zone",13,0.156127557487851,0.0454397263915104,1.16897530513341,1.06936572652305,1.27786334470884,3.43592644336479,0.000590531280555158,"***","Positive"
"CR-Pa","Wet Days","Portugal","Europe and Central Asia","Temperate Zone",15,-0.00263280090081213,0.0238774208180542,0.997370661879876,0.951769356902932,1.04515682288367,-0.11026320308521,0.912200638960168,"","Negative"
"3GCR-Ec","Wet Days","Romania","Europe and Central Asia","Temperate Zone",17,0.169884870208275,0.0501264370151603,1.18516839527493,1.07426537261201,1.30752061917745,3.38912718166851,0.000701154819212465,"***","Positive"
"3GCR-Kp","Wet Days","Romania","Europe and Central Asia","Temperate Zone",10,-5.93001604380845e-07,0.00013666598682678,0.999999406998571,0.99973157769593,1.00026730805301,-0.00433905771399035,0.996537943705177,"","Negative"
"CR-Ab","Wet Days","Romania","Europe and Central Asia","Temperate Zone",8,0.0373643899782424,0.0250119066664073,1.03807121467628,0.988408755068296,1.09022895761888,1.49386412145961,0.135211137771694,"","Positive"
"CR-Ec","Wet Days","Romania","Europe and Central Asia","Temperate Zone",16,0.0305953536280044,0.00974508335520519,1.03106820145526,1.01156131152945,1.05095126112011,3.13956818149352,0.0016919703629236,"**","Positive"
"CR-Kp","Wet Days","Romania","Europe and Central Asia","Temperate Zone",9,0.149395251465308,0.0418448582941728,1.16113183758309,1.06970117012277,1.26037736697468,3.57021764573911,0.00035668474354794,"***","Positive"
"CR-Pa","Wet Days","Romania","Europe and Central Asia","Temperate Zone",9,0.0137810088699989,0.0223238581510603,1.01387640468588,0.970471005063756,1.05922315928567,0.617322004858931,0.53702235542605,"","Positive"
"3GCR-Ec","Wet Days","Russia","Europe and Central Asia","Temperate Zone",2,0.035350731873217,0.041697287376281,1.03598299734474,0.954682980327063,1.12420645691171,0.847794523279368,0.396552413689429,"","Positive"
"3GCR-Kp","Wet Days","Russia","Europe and Central Asia","Temperate Zone",3,-4.27337290311686e-07,7.75306715107552e-05,0.999999572662801,0.999847624156927,1.00015154426054,-0.00551184817549794,0.995602203707145,"","Negative"
"CR-Ab","Wet Days","Russia","Europe and Central Asia","Temperate Zone",3,0.0170188568410004,0.0176702876289694,1.0171645026537,0.982539328618344,1.05300988502276,0.963134115208121,0.335480223367662,"","Positive"
"CR-Ec","Wet Days","Russia","Europe and Central Asia","Temperate Zone",2,0.0158696493831512,0.00734861187872797,1.01599624103744,1.00146744574718,1.03073581291708,2.15954382202292,0.0308080014014528,"*","Positive"
"CR-Kp","Wet Days","Russia","Europe and Central Asia","Temperate Zone",3,-0.049214458241074,0.03476329638678,0.951976948503198,0.889273431151971,1.01910175063646,-1.41570171290745,0.156862856664597,"","Negative"
"CR-Pa","Wet Days","Russia","Europe and Central Asia","Temperate Zone",2,0.0558778042305763,0.0184145757878393,1.05746845766951,1.01998226071229,1.09633234031444,3.03443342243471,0.00240987939202941,"**","Positive"
"3GCR-Ec","Wet Days","Saudi Arabia","Middle East and North Africa","Tropical Zone",1,-0.174770142339363,0.0944298481859494,0.839649998574071,0.697779139891771,1.01036571574035,-1.85079342704447,0.064199277050134,"","Negative"
"3GCR-Kp","Wet Days","Saudi Arabia","Middle East and North Africa","Tropical Zone",1,-2.24570156312747e-07,0.000145763356969732,0.999999775429869,0.999714120121625,1.0002855123604,-0.0015406489050563,0.998770740511333,"","Negative"
"CR-Ab","Wet Days","Saudi Arabia","Middle East and North Africa","Tropical Zone",1,-0.00637170157681798,0.0264741366310752,0.99364855466859,0.943403678095703,1.04656943058348,-0.240676463433331,0.809805882279394,"","Negative"
"CR-Ec","Wet Days","Saudi Arabia","Middle East and North Africa","Tropical Zone",1,-0.0316153448477416,0.0159253838872737,0.968879194785095,0.9391039554081,0.999598488198761,-1.98521712704245,0.0471203195927918,"*","Negative"
"CR-Kp","Wet Days","Saudi Arabia","Middle East and North Africa","Tropical Zone",1,-0.19267248393193,0.0781331118134014,0.824752049458062,0.707644533223959,0.961239592972303,-2.46595175157074,0.0136649739535485,"*","Negative"
"3GCR-Ec","Wet Days","Serbia","Europe and Central Asia","Temperate Zone",4,0.164610091750402,0.04693488952914,1.17893335324388,1.07531937262763,1.29253121144333,3.50720100551642,0.000452846940366036,"***","Positive"
"3GCR-Kp","Wet Days","Serbia","Europe and Central Asia","Temperate Zone",4,-5.86434722563933e-07,0.000130015752979658,0.999999413565449,0.999744615305662,1.00025427676397,-0.00451048976084987,0.996401162060933,"","Negative"
"CR-Ab","Wet Days","Serbia","Europe and Central Asia","Temperate Zone",4,0.0341638150345289,0.0223798763275562,1.03475410112368,0.990346157856866,1.08115333340549,1.52654172590146,0.12687500715923,"","Positive"
"CR-Ec","Wet Days","Serbia","Europe and Central Asia","Temperate Zone",4,0.0308519265166027,0.00865222722930522,1.03133277954238,1.01399052520613,1.04897163801642,3.56577857919713,0.000362777571954866,"***","Positive"
"CR-Kp","Wet Days","Serbia","Europe and Central Asia","Temperate Zone",4,0.125238402087853,0.0405237177988329,1.133418630228,1.04687749069744,1.22711377669615,3.09049635350733,0.00199822258292317,"**","Positive"
"CR-Pa","Wet Days","Serbia","Europe and Central Asia","Temperate Zone",5,0.0266215551140495,0.020849380870239,1.02697907423334,0.985857723552044,1.06981564754917,1.2768511103392,0.201654817213845,"","Positive"
"3GCR-Ec","Wet Days","Slovakia","Europe and Central Asia","Temperate Zone",14,0.01453879185421,0.0424712942313727,1.01464499414867,0.933602103562358,1.10272294826958,0.342320433538155,0.732109759723171,"","Positive"
"3GCR-Kp","Wet Days","Slovakia","Europe and Central Asia","Temperate Zone",9,-2.38788149882994e-07,6.82645501718053e-05,0.999999761211879,0.999865971676112,1.00013356864968,-0.00349798173842826,0.99720902006862,"","Negative"
"CR-Ab","Wet Days","Slovakia","Europe and Central Asia","Temperate Zone",7,0.00693484302041661,0.0196025046853496,1.00695894472591,0.969004458309975,1.04640005282531,0.353773312733833,0.723508775101097,"","Positive"
"CR-Ec","Wet Days","Slovakia","Europe and Central Asia","Temperate Zone",13,0.013616378308168,0.00803015284631604,1.01370950338265,0.997879530108886,1.02979059720383,1.69565618099221,0.0899510115155215,"","Positive"
"CR-Kp","Wet Days","Slovakia","Europe and Central Asia","Temperate Zone",9,-0.0608259166453144,0.0336740538865565,0.940987035698414,0.88088599785644,1.00518864360107,-1.80631404969028,0.0708692984888334,"","Negative"
"CR-Pa","Wet Days","Slovakia","Europe and Central Asia","Temperate Zone",10,0.0619205896041433,0.0196830892417513,1.06387785841165,1.02361628497788,1.10572302749464,3.14587760303392,0.00165589287526822,"**","Positive"
"3GCR-Ec","Wet Days","Slovenia","Europe and Central Asia","Temperate Zone",19,-0.00147248364982574,0.0426186926908227,0.998528599922311,0.918507580414645,1.08552110632849,-0.0345501834255658,0.972438425625823,"","Negative"
"3GCR-Kp","Wet Days","Slovenia","Europe and Central Asia","Temperate Zone",15,-1.94500690250754e-07,8.56785592181797e-05,0.999999805499329,0.99983188965537,1.00016774954376,-0.00227012092670069,0.998188707117164,"","Negative"
"CR-Ab","Wet Days","Slovenia","Europe and Central Asia","Temperate Zone",6,0.0047051625972998,0.0208284115040919,1.00471624925619,0.964525967279846,1.04658119715148,0.225901173326417,0.821278285229629,"","Positive"
"CR-Ec","Wet Days","Slovenia","Europe and Central Asia","Temperate Zone",18,0.0106786646217905,0.00816504647751746,1.01073588505875,0.994689325284651,1.027041311671,1.30785105157629,0.19092383458336,"","Positive"
"CR-Kp","Wet Days","Slovenia","Europe and Central Asia","Temperate Zone",15,-0.0402964705863046,0.0352204487959166,0.960504635564012,0.89643584491023,1.02915245990899,-1.14412143978632,0.25257327737565,"","Negative"
"CR-Pa","Wet Days","Slovenia","Europe and Central Asia","Temperate Zone",16,0.0664146351899112,0.0203202172127109,1.06866973339245,1.02694359717513,1.11209126013404,3.26840183324255,0.00108156689484104,"**","Positive"
"3GCR-Ec","Wet Days","South Africa","Sub-Saharan Africa","Temperate Zone",6,-0.162561367521192,0.105240964412548,0.849963928445504,0.691540433261419,1.0446803178975,-1.54465866431959,0.122428848214159,"","Negative"
"3GCR-Kp","Wet Days","South Africa","Sub-Saharan Africa","Temperate Zone",6,-4.67440622972974e-07,0.000172683413242231,0.999999532559486,0.999661130498666,1.00033804917508,-0.00270692253642956,0.997840190938535,"","Negative"
"CR-Ab","Wet Days","South Africa","Sub-Saharan Africa","Temperate Zone",6,0.0108959154879615,0.039229471463663,1.0109554921593,0.936136622842686,1.09175411172734,0.277748210246831,0.781205649605388,"","Positive"
"CR-Ec","Wet Days","South Africa","Sub-Saharan Africa","Temperate Zone",6,-0.0252872221640022,0.0205368407752593,0.975029821630838,0.936562117309069,1.01507752182094,-1.23131023124382,0.218206856746246,"","Negative"
"CR-Kp","Wet Days","South Africa","Sub-Saharan Africa","Temperate Zone",6,-0.175502415537786,0.083617036465605,0.839035370449375,0.712203348151294,0.988454146828263,-2.09888346868137,0.0358271744668675,"*","Negative"
"CR-Pa","Wet Days","South Africa","Sub-Saharan Africa","Temperate Zone",4,-0.263135452368525,0.058631248255653,0.768637776452253,0.685194390689735,0.862242948011796,-4.48797288471774,7.19040778299816e-06,"***","Negative"
"3GCR-Ec","Wet Days","South Korea","East Asia and Pacific","Temperate Zone",2,0.191997858531156,0.0630535359726291,1.21166792221302,1.07080738357774,1.37105811580671,3.04499748617587,0.00232682254746254,"**","Positive"
"3GCR-Kp","Wet Days","South Korea","East Asia and Pacific","Temperate Zone",2,-6.20866519464183e-07,0.000162586013173644,0.999999379133673,0.999680761515113,1.00031809830184,-0.0038186957619847,0.996953129014245,"","Negative"
"CR-Ab","Wet Days","South Korea","East Asia and Pacific","Temperate Zone",2,0.0372551344808577,0.0319638885306792,1.03795780588478,0.974925630757835,1.10506522016422,1.16553824310518,0.243801189417762,"","Positive"
"CR-Ec","Wet Days","South Korea","East Asia and Pacific","Temperate Zone",2,0.0283556747104096,0.0126956466333127,1.02876152381472,1.00347824240393,1.0546818338046,2.23349590055586,0.0255162603617182,"*","Positive"
"CR-Kp","Wet Days","South Korea","East Asia and Pacific","Temperate Zone",2,0.228143825287515,0.0474793642085195,1.25626599525755,1.14463324017709,1.37878596867961,4.80511542415679,1.54662253612466e-06,"***","Positive"
"3GCR-Ec","Wet Days","Spain","Europe and Central Asia","Temperate Zone",19,0.167731340284181,0.0519447703560855,1.18261884592136,1.0681408249216,1.3093660518322,3.22903228052351,0.00124209873603742,"**","Positive"
"3GCR-Kp","Wet Days","Spain","Europe and Central Asia","Temperate Zone",15,-5.79066269731897e-07,0.00013620395996722,0.999999420933898,0.999732496957515,1.00026641617775,-0.00425146427366179,0.996607832514119,"","Negative"
"CR-Ab","Wet Days","Spain","Europe and Central Asia","Temperate Zone",7,0.0350417016092927,0.0258512719415415,1.03566289670859,0.984494673383882,1.08949054232272,1.35551170126305,0.175254583069485,"","Positive"
"CR-Ec","Wet Days","Spain","Europe and Central Asia","Temperate Zone",19,0.0301361094329884,0.0101138495327806,1.03059479808127,1.0103663262476,1.05122826270033,2.97968734212552,0.00288542728969759,"**","Positive"
"CR-Kp","Wet Days","Spain","Europe and Central Asia","Temperate Zone",15,0.13527511340317,0.0419478432142831,1.14485170507858,1.05449010859015,1.24295658721135,3.22484073167102,0.00126042768151109,"**","Positive"
"CR-Pa","Wet Days","Spain","Europe and Central Asia","Temperate Zone",16,0.00655288708890467,0.022957707065167,1.00657440422762,0.962285380715651,1.0529018226305,0.285432995128994,0.775312431991273,"","Positive"
"3GCR-Ec","Wet Days","Sweden","Europe and Central Asia","Temperate Zone",18,-0.0571407037428803,0.0445574803701168,0.944461170795343,0.865477963869473,1.03065235670707,-1.2824042847181,0.199700861930498,"","Negative"
"3GCR-Kp","Wet Days","Sweden","Europe and Central Asia","Temperate Zone",14,1.42136855678987e-07,0.000102471350510897,1.00000014213687,0.999799318429095,1.00020100618289,0.00138708873231715,0.998893263670917,"","Positive"
"CR-Ab","Wet Days","Sweden","Europe and Central Asia","Temperate Zone",7,-0.0152910841830622,0.0270783558532942,0.984825230829118,0.933919846716785,1.03850532643381,-0.564697659854482,0.572279426219673,"","Negative"
"CR-Ec","Wet Days","Sweden","Europe and Central Asia","Temperate Zone",13,-0.000735918194123299,0.00911166243311337,0.999264352527257,0.981577039684931,1.01727037803597,-0.0807666218459591,0.935627553227441,"","Negative"
"CR-Kp","Wet Days","Sweden","Europe and Central Asia","Temperate Zone",12,-0.0572028201543762,0.035105750093656,0.944402506078656,0.881605951036558,1.01167204286562,-1.62944304000823,0.103219263728806,"","Negative"
"CR-Pa","Wet Days","Sweden","Europe and Central Asia","Temperate Zone",15,0.078823421624666,0.0226042327439769,1.08201324505987,1.03512182535386,1.13102886424482,3.4871089197075,0.00048827245778015,"***","Positive"
"3GCR-Ec","Wet Days","Switzerland","Europe and Central Asia","Temperate Zone",4,-0.0732435261664516,0.0564498737300863,0.929374475462075,0.832031250077143,1.03810633982837,-1.29749672278567,0.194460331994675,"","Negative"
"3GCR-Kp","Wet Days","Switzerland","Europe and Central Asia","Temperate Zone",4,6.70580578551889e-07,0.000180498016094058,1.0000006705808,0.999646956803455,1.00035450951577,0.00371516869305892,0.997035731078075,"","Positive"
"CR-Ab","Wet Days","Switzerland","Europe and Central Asia","Temperate Zone",4,-0.0460811051924987,0.0419387515396425,0.9549645064696,0.879606123876854,1.03677905810533,-1.09877150608407,0.271867743729179,"","Negative"
"CR-Ec","Wet Days","Switzerland","Europe and Central Asia","Temperate Zone",4,-0.0227050209897812,0.0129179951878047,0.977550798214728,0.95311063425416,1.00261766970845,-1.75762729894929,0.0788109452786662,"","Negative"
"CR-Kp","Wet Days","Switzerland","Europe and Central Asia","Temperate Zone",4,-0.0366453400590855,0.0434553783199649,0.964017973284805,0.885309585016969,1.04972392544279,-0.843286641972449,0.39906815177518,"","Negative"
"CR-Pa","Wet Days","Switzerland","Europe and Central Asia","Temperate Zone",5,0.0664436145149962,0.0273174374783165,1.0687007031688,1.012985019655,1.1274808321869,2.43227845099806,0.0150041675349833,"*","Positive"
"3GCR-Ec","Wet Days","Taiwan","East Asia and Pacific","Temperate Zone",7,0.0444427189868904,0.137444330065193,1.04544509084136,0.79855760857188,1.36866198034091,0.323350690172597,0.746429668832994,"","Positive"
"3GCR-Kp","Wet Days","Taiwan","East Asia and Pacific","Temperate Zone",7,2.79811688204628e-06,0.00045161185743618,1.0000027981208,0.999118028042413,1.0008883517083,0.00619584458639175,0.995056462892558,"","Positive"
"CR-Ab","Wet Days","Taiwan","East Asia and Pacific","Temperate Zone",7,-0.147967112072676,0.0924188272351182,0.86245947898029,0.719565289817396,1.03373017488339,-1.60104944522008,0.109365968110565,"","Negative"
"CR-Ec","Wet Days","Taiwan","East Asia and Pacific","Temperate Zone",7,-0.0754419543585908,0.0264940180097954,0.927333556642894,0.880407659224581,0.976760613411017,-2.84750898601708,0.00440628502089464,"**","Negative"
"CR-Kp","Wet Days","Taiwan","East Asia and Pacific","Temperate Zone",7,0.117504499072554,0.103581942851622,1.12468668997937,0.918038354331735,1.37785109374599,1.13441103572343,0.256622172083013,"","Positive"
"CR-Pa","Wet Days","Taiwan","East Asia and Pacific","Temperate Zone",8,-0.0358478718822393,0.0172278336694973,0.964787053558171,0.932753396154917,0.997920846550165,-2.08081135271869,0.0374511766201661,"*","Negative"
"3GCR-Ec","Wet Days","Thailand","East Asia and Pacific","Tropical Zone",10,-0.00471205370548502,0.0411019528414775,0.99529903060279,0.918262592055547,1.07879834035418,-0.114643061454003,0.908728046600811,"","Negative"
"3GCR-Kp","Wet Days","Thailand","East Asia and Pacific","Tropical Zone",10,-3.53192644939623e-07,7.65292823755085e-05,0.999999646807417,0.999849660715982,1.00014965539806,-0.00461513075748709,0.996317671494437,"","Negative"
"CR-Ab","Wet Days","Thailand","East Asia and Pacific","Tropical Zone",9,0.0238170585067971,0.0185113734855328,1.02410294982961,0.987612135689797,1.06194204581861,1.28661757731866,0.19822761406695,"","Positive"
"CR-Ec","Wet Days","Thailand","East Asia and Pacific","Tropical Zone",10,0.0169218632822846,0.00744405797495994,1.01706584903325,1.00233422973355,1.0320139835439,2.27320412323572,0.0230138819467097,"*","Positive"
"CR-Kp","Wet Days","Thailand","East Asia and Pacific","Tropical Zone",9,-0.0351748147482128,0.0350717043425609,0.965436628943536,0.901301584631128,1.0341354108318,-1.00293998844894,0.315889817071485,"","Negative"
"CR-Pa","Wet Days","Thailand","East Asia and Pacific","Tropical Zone",6,0.0676116163982704,0.0191329136988871,1.06994967686258,1.0305690295301,1.11083515826234,3.53378567751567,0.00040965311558941,"***","Positive"
"3GCR-Ec","Wet Days","Tunisia","Middle East and North Africa","Temperate Zone",2,-0.166993588407097,0.0887367368726156,0.846205036842004,0.711117507081684,1.00695448677025,-1.88189913549359,0.0598497118540649,"","Negative"
"3GCR-Kp","Wet Days","Tunisia","Middle East and North Africa","Temperate Zone",2,-2.89983417381151e-07,0.000152627737977859,0.999999710016625,0.999700604477933,1.00029890504623,-0.00189993916717299,0.998484068784075,"","Negative"
"CR-Ab","Wet Days","Tunisia","Middle East and North Africa","Temperate Zone",2,-0.003700484018792,0.0291332858169823,0.996306354334522,0.941009800732294,1.05485229900356,-0.127019109414528,0.898925273927067,"","Negative"
"CR-Ec","Wet Days","Tunisia","Middle East and North Africa","Temperate Zone",2,-0.0314945735076674,0.0156791474792285,0.968996214690002,0.939670776748694,0.999236846901186,-2.0086917065734,0.0445698387967454,"*","Negative"
"CR-Kp","Wet Days","Tunisia","Middle East and North Africa","Temperate Zone",2,-0.196703447349352,0.081183543108982,0.821434195684402,0.700596480457721,0.963113798971475,-2.4229473094725,0.0153951594523091,"*","Negative"
"3GCR-Ec","Wet Days","Turkey","Europe and Central Asia","Temperate Zone",4,0.206301626643007,0.0601578566401666,1.22912388460008,1.09241651394749,1.38293911196495,3.42933804768007,0.000605055408082655,"***","Positive"
"3GCR-Kp","Wet Days","Turkey","Europe and Central Asia","Temperate Zone",4,-6.16720922541071e-07,0.000158777440180941,0.999999383279268,0.999688228107283,1.00031063529899,-0.00388418481768105,0.996900876695359,"","Negative"
"CR-Ab","Wet Days","Turkey","Europe and Central Asia","Temperate Zone",3,0.0377974126639594,0.0315963134519912,1.03852082039934,0.976157471628466,1.10486834936957,1.19626021312234,0.231595029912423,"","Positive"
"CR-Ec","Wet Days","Turkey","Europe and Central Asia","Temperate Zone",4,0.0310727139777023,0.0119610851093679,1.03156051002742,1.00765816203028,1.05602983823799,2.59781731285953,0.00938183931186767,"**","Positive"
"CR-Kp","Wet Days","Turkey","Europe and Central Asia","Temperate Zone",4,0.204943400391091,0.0472265318298094,1.22745558949074,1.11893730270371,1.34649834314354,4.33958185050826,1.42754089371252e-05,"***","Positive"
"CR-Pa","Wet Days","Turkey","Europe and Central Asia","Temperate Zone",5,-0.0334201684858038,0.0263514647035855,0.967132115770914,0.918448873140823,1.01839585926751,-1.26824709221027,0.204709724575705,"","Negative"
"3GCR-Ec","Wet Days","United Arab Emirates","Middle East and North Africa","Temperate Zone",1,0.0197557181436075,0.0317964152578934,1.0199521537866,0.958327927061476,1.08553905885202,0.621319038117142,0.534389729804636,"","Positive"
"3GCR-Kp","Wet Days","United Arab Emirates","Middle East and North Africa","Temperate Zone",1,4.65138424638494e-07,0.000154097971557766,1.00000046513853,0.999698478580894,1.00030254291956,0.00301845910063864,0.997591621743347,"","Positive"
"CR-Ab","Wet Days","United Arab Emirates","Middle East and North Africa","Temperate Zone",1,-0.0310578600618587,0.0204440816233773,0.969419480782165,0.931342430445867,1.00905327514184,-1.51916141962302,0.128721869788882,"","Negative"
"CR-Ec","Wet Days","United Arab Emirates","Middle East and North Africa","Temperate Zone",1,-0.0146653138266997,0.00668969338282368,0.985441698128132,0.972605123821456,0.998447691283111,-2.19222511219334,0.0283632560488929,"*","Negative"
"CR-Kp","Wet Days","United Arab Emirates","Middle East and North Africa","Temperate Zone",1,0.00709005594774132,0.021786746914474,1.0071152499014,0.965014677412794,1.05105253870671,0.325429765883544,0.744855830550981,"","Positive"
"3GCR-Ec","Wet Days","United Kingdom","Europe and Central Asia","Temperate Zone",17,-0.0945428413560754,0.0540443644359761,0.909788757207012,0.81834620726723,1.01144915854665,-1.74935615105764,0.0802294754540884,"","Negative"
"3GCR-Kp","Wet Days","United Kingdom","Europe and Central Asia","Temperate Zone",13,8.85073631347403e-07,0.000196012445986583,1.00000088507402,0.999616774129298,1.00038514361653,0.00451539506531123,0.996397248234093,"","Positive"
"CR-Ab","Wet Days","United Kingdom","Europe and Central Asia","Temperate Zone",6,-0.0494101834477884,0.0411509130667242,0.951790640851312,0.878037502190158,1.03173887419669,-1.20070685594928,0.229864933725875,"","Negative"
"CR-Ec","Wet Days","United Kingdom","Europe and Central Asia","Temperate Zone",12,-0.0170760127673487,0.011772578494182,0.98306895600294,0.960645075421462,1.00601626655163,-1.4504904576162,0.146921798279526,"","Negative"
"CR-Kp","Wet Days","United Kingdom","Europe and Central Asia","Temperate Zone",13,-0.0294970891642066,0.0451935272930848,0.970933703865659,0.888628156467219,1.06086246585983,-0.652683933540191,0.513960062359321,"","Negative"
"CR-Pa","Wet Days","United Kingdom","Europe and Central Asia","Temperate Zone",13,0.074709581203087,0.0266368536282111,1.07757115851795,1.02275641293304,1.13532370658989,2.80474496897644,0.00503564059290167,"**","Positive"
"3GCR-Ec","Wet Days","United States of America","North America","Temperate Zone",15,0.186873613174238,0.0668372193841843,1.20547491927303,1.05746302118597,1.37420387463437,2.79595134112444,0.00517471907978315,"**","Positive"
"3GCR-Kp","Wet Days","United States of America","North America","Temperate Zone",15,-6.27992303661479e-07,0.000171622228686777,0.999999372007894,0.999663049220139,1.00033580794679,-0.00365915481034576,0.997080423386476,"","Negative"
"CR-Ab","Wet Days","United States of America","North America","Temperate Zone",15,0.0368985602367427,0.0335011660904838,1.03758776284255,0.971646012716888,1.10800471726353,1.10141122064476,0.27071772411864,"","Positive"
"CR-Ec","Wet Days","United States of America","North America","Temperate Zone",15,0.0261723549371463,0.0133944072271846,1.02651785864834,0.999919320026669,1.05382393661108,1.95397634947429,0.05070401422126,"","Positive"
"CR-Kp","Wet Days","United States of America","North America","Temperate Zone",15,0.224107217453964,0.0515259350593979,1.25120516326895,1.13101604629346,1.38416635707455,4.34940612325849,1.36506704006011e-05,"***","Positive"
"CR-Pa","Wet Days","United States of America","North America","Temperate Zone",16,-0.0536430016155301,0.0280176309661495,0.94777039861449,0.89712725620288,1.00127236384704,-1.91461589598138,0.0555415064048966,"","Negative"
"3GCR-Ec","Wet Days","Venezuela","Latin America and the Caribbean","Tropical Zone",11,-0.0578678308248967,0.0447004269829935,0.943774677114465,0.864606604736653,1.03019180779195,-1.29456997909467,0.195468614207308,"","Negative"
"3GCR-Kp","Wet Days","Venezuela","Latin America and the Caribbean","Tropical Zone",11,9.48175784257445e-08,9.28738292075492e-05,1.00000009481758,0.999818078662025,1.00018214410905,0.00102092892297841,0.999185416716185,"","Positive"
"CR-Ab","Wet Days","Venezuela","Latin America and the Caribbean","Tropical Zone",10,0.00772421535226509,0.0196624267970119,1.00775412406118,0.969655775417449,1.04734937934557,0.392841404166801,0.694436621918385,"","Positive"
"CR-Ec","Wet Days","Venezuela","Latin America and the Caribbean","Tropical Zone",11,0.00594029087377544,0.00816583027053159,1.00595796938945,0.989985743505716,1.02218788787265,0.727457059107931,0.466946011433509,"","Positive"
"CR-Kp","Wet Days","Venezuela","Latin America and the Caribbean","Tropical Zone",11,-0.061068650371856,0.033964251108259,0.940758654127688,0.88017143098583,1.00551644163782,-1.79802728984671,0.0721726832705188,"","Negative"
"CR-Pa","Wet Days","Venezuela","Latin America and the Caribbean","Tropical Zone",12,0.0782152317180163,0.0232060371581928,1.08135537560043,1.03327296369733,1.1316752585452,3.37046912339373,0.000750403149409943,"***","Positive"
