"Bacteria","Model","Climate_Variable","x_value","Density","Scaled_Density"
"3GCR-Ec","Model A","Temperature",-6.54658904421483,5.48984014547878e-06,2.30017536154302e-05
"3GCR-Ec","Model A","Temperature",-6.47086853914941,6.57445369685561e-06,2.75461507227435e-05
"3GCR-Ec","Model A","Temperature",-6.39514803408399,7.83079462088043e-06,3.28100643569502e-05
"3GCR-Ec","Model A","Temperature",-6.31942752901857,9.35157127975563e-06,3.91819311298567e-05
"3GCR-Ec","Model A","Temperature",-6.24370702395315,1.1119284610065e-05,4.65884321224172e-05
"3GCR-Ec","Model A","Temperature",-6.16798651888773,1.31522145442468e-05,5.5106157998642e-05
"3GCR-Ec","Model A","Temperature",-6.09226601382231,1.54778532686141e-05,6.48502976309144e-05
"3GCR-Ec","Model A","Temperature",-6.01654550875689,1.81269227015903e-05,7.59495720711128e-05
"3GCR-Ec","Model A","Temperature",-5.94082500369147,2.1273219569939e-05,8.91321681848368e-05
"3GCR-Ec","Model A","Temperature",-5.86510449862605,2.48420920911976e-05,0.000104085304204011
"3GCR-Ec","Model A","Temperature",-5.78938399356063,2.88702544311731e-05,0.000120962807958538
"3GCR-Ec","Model A","Temperature",-5.71366348849521,3.33954127630276e-05,0.000139922663666878
"3GCR-Ec","Model A","Temperature",-5.63794298342979,3.84860069790044e-05,0.000161251626042671
"3GCR-Ec","Model A","Temperature",-5.56222247836437,4.43570507575916e-05,0.000185850575899468
"3GCR-Ec","Model A","Temperature",-5.48650197329895,5.08897572023687e-05,0.000213221810781134
"3GCR-Ec","Model A","Temperature",-5.41078146823353,5.81261051629851e-05,0.000243541216894024
"3GCR-Ec","Model A","Temperature",-5.33506096316811,6.61079236748782e-05,0.000276984052741411
"3GCR-Ec","Model A","Temperature",-5.25934045810269,7.49570372747763e-05,0.00031406074811795
"3GCR-Ec","Model A","Temperature",-5.18361995303727,8.4878075435489e-05,0.000355628675295197
"3GCR-Ec","Model A","Temperature",-5.10789944797185,9.57059519063955e-05,0.000400996143229072
"3GCR-Ec","Model A","Temperature",-5.03217894290643,0.000107475135209836,0.000450307570780112
"3GCR-Ec","Model A","Temperature",-4.95645843784101,0.000120217978494049,0.000503698513652085
"3GCR-Ec","Model A","Temperature",-4.88073793277559,0.000134108818961893,0.000561899423238812
"3GCR-Ec","Model A","Temperature",-4.80501742771017,0.000149262803140653,0.000625392749298409
"3GCR-Ec","Model A","Temperature",-4.72929692264475,0.00016548086472947,0.000693344428564163
"3GCR-Ec","Model A","Temperature",-4.65357641757933,0.000182771444923145,0.00076578982860196
"3GCR-Ec","Model A","Temperature",-4.57785591251391,0.000201138620390645,0.000842746030152335
"3GCR-Ec","Model A","Temperature",-4.50213540744849,0.00022077358483123,0.000925014111251566
"3GCR-Ec","Model A","Temperature",-4.42641490238307,0.000241633367791397,0.00101241403099536
"3GCR-Ec","Model A","Temperature",-4.35069439731765,0.000263511129535376,0.00110407915638276
"3GCR-Ec","Model A","Temperature",-4.27497389225223,0.000286371970086783,0.00119986326081395
"3GCR-Ec","Model A","Temperature",-4.19925338718681,0.000310175155272183,0.00129959567312252
"3GCR-Ec","Model A","Temperature",-4.12353288212139,0.000335049691541991,0.00140381691443634
"3GCR-Ec","Model A","Temperature",-4.04781237705597,0.0003607941243886,0.00151168291519674
"3GCR-Ec","Model A","Temperature",-3.97209187199055,0.000387223640496914,0.00162241933039075
"3GCR-Ec","Model A","Temperature",-3.89637136692513,0.000414254302101321,0.00173567447112535
"3GCR-Ec","Model A","Temperature",-3.82065086185971,0.000441796827589836,0.0018510742584498
"3GCR-Ec","Model A","Temperature",-3.74493035679429,0.000469812337023382,0.00196845579021114
"3GCR-Ec","Model A","Temperature",-3.66920985172887,0.000498050617572568,0.00208677070549163
"3GCR-Ec","Model A","Temperature",-3.59348934666345,0.000526366887828816,0.00220541238803289
"3GCR-Ec","Model A","Temperature",-3.51776884159803,0.000554643084158531,0.00232388616576088
"3GCR-Ec","Model A","Temperature",-3.44204833653261,0.000582758939434629,0.00244168813423541
"3GCR-Ec","Model A","Temperature",-3.36632783146719,0.000610424965293347,0.00255760537289024
"3GCR-Ec","Model A","Temperature",-3.29060732640177,0.000637544378707809,0.00267123237277077
"3GCR-Ec","Model A","Temperature",-3.21488682133635,0.0006640106136525,0.0027821226353638
"3GCR-Ec","Model A","Temperature",-3.13916631627093,0.00068970940634259,0.00288979740949329
"3GCR-Ec","Model A","Temperature",-3.06344581120551,0.000714518311484518,0.00299374366446998
"3GCR-Ec","Model A","Temperature",-2.98772530614009,0.000737946430347655,0.00309190459511324
"3GCR-Ec","Model A","Temperature",-2.91200480107466,0.00076021334853865,0.00318520023805213
"3GCR-Ec","Model A","Temperature",-2.83628429600925,0.000781253042488152,0.00327335396266815
"3GCR-Ec","Model A","Temperature",-2.76056379094382,0.00080101011600257,0.00335613366573744
"3GCR-Ec","Model A","Temperature",-2.6848432858784,0.000819364491071637,0.00343303623519596
"3GCR-Ec","Model A","Temperature",-2.60912278081298,0.000835969643411454,0.0035026097770015
"3GCR-Ec","Model A","Temperature",-2.53340227574756,0.000851243502617181,0.00356660536465012
"3GCR-Ec","Model A","Temperature",-2.45768177068214,0.000865233033060256,0.00362521977307003
"3GCR-Ec","Model A","Temperature",-2.38196126561672,0.000878002838730545,0.00367872368501669
"3GCR-Ec","Model A","Temperature",-2.3062407605513,0.000889543451477752,0.00372707743010724
"3GCR-Ec","Model A","Temperature",-2.23052025548588,0.000899938750393706,0.00377063245139879
"3GCR-Ec","Model A","Temperature",-2.15479975042046,0.000909659802154555,0.00381136246020788
"3GCR-Ec","Model A","Temperature",-2.07907924535504,0.00091892399618531,0.00385017829143322
"3GCR-Ec","Model A","Temperature",-2.00335874028962,0.000927972378939684,0.00388808990000813
"3GCR-Ec","Model A","Temperature",-1.9276382352242,0.000937160173383958,0.00392658562638196
"3GCR-Ec","Model A","Temperature",-1.85191773015878,0.000947106311411346,0.00396825871890715
"3GCR-Ec","Model A","Temperature",-1.77619722509336,0.0009581920134923,0.00401470644437146
"3GCR-Ec","Model A","Temperature",-1.70047672002794,0.00097085179128549,0.00406774935307343
"3GCR-Ec","Model A","Temperature",-1.62475621496252,0.000985548353099714,0.00412932613580055
"3GCR-Ec","Model A","Temperature",-1.5490357098971,0.00100344472601841,0.00420430973269539
"3GCR-Ec","Model A","Temperature",-1.47331520483168,0.00102548280145886,0.00429664655271317
"3GCR-Ec","Model A","Temperature",-1.39759469976626,0.00105188509126221,0.0044072688930449
"3GCR-Ec","Model A","Temperature",-1.32187419470084,0.00108333549696358,0.0045390422168354
"3GCR-Ec","Model A","Temperature",-1.24615368963542,0.0011205486967645,0.00469496093766872
"3GCR-Ec","Model A","Temperature",-1.17043318457,0.00116615090297617,0.00488602856146185
"3GCR-Ec","Model A","Temperature",-1.09471267950458,0.00122077657381139,0.00511490338993281
"3GCR-Ec","Model A","Temperature",-1.01899217443916,0.00128455222254855,0.00538211549812589
"3GCR-Ec","Model A","Temperature",-0.943271669373743,0.00135842077006667,0.00569161560831413
"3GCR-Ec","Model A","Temperature",-0.867551164308323,0.00144335479401268,0.00604747870097302
"3GCR-Ec","Model A","Temperature",-0.791830659242903,0.00154428555712782,0.00647036615923604
"3GCR-Ec","Model A","Temperature",-0.716110154177483,0.00166042230795354,0.00695696483194781
"3GCR-Ec","Model A","Temperature",-0.640389649112064,0.00179201436601133,0.00750831933717609
"3GCR-Ec","Model A","Temperature",-0.564669144046643,0.00194022470123444,0.00812930237561115
"3GCR-Ec","Model A","Temperature",-0.488948638981223,0.00210623672387676,0.00882487229036772
"3GCR-Ec","Model A","Temperature",-0.413228133915803,0.0022981648015694,0.00962902728176671
"3GCR-Ec","Model A","Temperature",-0.337507628850383,0.00251219577695194,0.0105257906904197
"3GCR-Ec","Model A","Temperature",-0.261787123784963,0.00274904769314213,0.0115181710284949
"3GCR-Ec","Model A","Temperature",-0.186066618719543,0.00300996441077263,0.0126113799187439
"3GCR-Ec","Model A","Temperature",-0.110346113654122,0.00329665374312286,0.0138125728883285
"3GCR-Ec","Model A","Temperature",-0.0346256085887022,0.00361953203732374,0.0151653931479667
"3GCR-Ec","Model A","Temperature",0.041094896476717,0.00397134346370748,0.0166394396655937
"3GCR-Ec","Model A","Temperature",0.116815401542137,0.00435316424328241,0.0182392216745958
"3GCR-Ec","Model A","Temperature",0.192535906607557,0.00476601960598939,0.0199690347620708
"3GCR-Ec","Model A","Temperature",0.268256411672978,0.00521293560053799,0.0218415576991672
"3GCR-Ec","Model A","Temperature",0.343976916738398,0.00570275406483348,0.0238938366969978
"3GCR-Ec","Model A","Temperature",0.419697421803818,0.00622684004293004,0.0260896923543628
"3GCR-Ec","Model A","Temperature",0.495417926869238,0.00678563994155937,0.0284309950604506
"3GCR-Ec","Model A","Temperature",0.571138431934658,0.00737948651390966,0.0309191390101098
"3GCR-Ec","Model A","Temperature",0.646858937000078,0.00801230987517633,0.0335705909016429
"3GCR-Ec","Model A","Temperature",0.722579442065499,0.00868871180324567,0.0364046316172485
"3GCR-Ec","Model A","Temperature",0.798299947130918,0.00939959486555426,0.0393831440356968
"3GCR-Ec","Model A","Temperature",0.874020452196338,0.0101442284109645,0.0425030668187703
"3GCR-Ec","Model A","Temperature",0.949740957261758,0.010921708857228,0.0457606140682098
"3GCR-Ec","Model A","Temperature",1.02546146232718,0.0117353100578888,0.04916950282688
"3GCR-Ec","Model A","Temperature",1.1011819673926,0.0125836575927606,0.0527239744435897
"3GCR-Ec","Model A","Temperature",1.17690247245802,0.013458417463531,0.0563891104925323
"3GCR-Ec","Model A","Temperature",1.25262297752344,0.0143572801902062,0.0601552345371651
"3GCR-Ec","Model A","Temperature",1.32834348258886,0.0152777412955946,0.0640118531267184
"3GCR-Ec","Model A","Temperature",1.40406398765428,0.0162196212630894,0.067958214108735
"3GCR-Ec","Model A","Temperature",1.4797844927197,0.0171764904167349,0.0719673779333837
"3GCR-Ec","Model A","Temperature",1.55550499778512,0.0181419043386942,0.0760123432841693
"3GCR-Ec","Model A","Temperature",1.63122550285054,0.0191120304707972,0.0800770522147017
"3GCR-Ec","Model A","Temperature",1.70694600791596,0.0200828884355163,0.0841448274337013
"3GCR-Ec","Model A","Temperature",1.78266651298138,0.0210475183313353,0.0881865078115864
"3GCR-Ec","Model A","Temperature",1.8583870180468,0.0219990102179337,0.0921731415500279
"3GCR-Ec","Model A","Temperature",1.93410752311222,0.0229332975614908,0.0960876903734965
"3GCR-Ec","Model A","Temperature",2.00982802817764,0.0238457437182188,0.0999107273159635
"3GCR-Ec","Model A","Temperature",2.08554853324306,0.0247316881679775,0.103622725372426
"3GCR-Ec","Model A","Temperature",2.16126903830848,0.0255750952640976,0.10715649715965
"3GCR-Ec","Model A","Temperature",2.2369895433739,0.0263757698800826,0.110511225121662
"3GCR-Ec","Model A","Temperature",2.31271004843932,0.0271315746330719,0.113677953887699
"3GCR-Ec","Model A","Temperature",2.38843055350474,0.0278383583588429,0.116639290591277
"3GCR-Ec","Model A","Temperature",2.46415105857016,0.0284921151664279,0.119378451042946
"3GCR-Ec","Model A","Temperature",2.53987156363558,0.0290682908018698,0.121792555944809
"3GCR-Ec","Model A","Temperature",2.615592068701,0.0295798709865822,0.123936013869168
"3GCR-Ec","Model A","Temperature",2.69131257376642,0.0300255440868247,0.125803329232302
"3GCR-Ec","Model A","Temperature",2.76703307883184,0.0304030690318329,0.127385112223909
"3GCR-Ec","Model A","Temperature",2.84275358389726,0.0307088297484389,0.128666211943077
"3GCR-Ec","Model A","Temperature",2.91847408896268,0.0309191897130823,0.129547594269166
"3GCR-Ec","Model A","Temperature",2.9941945940281,0.0310568281436976,0.130124282330226
"3GCR-Ec","Model A","Temperature",3.06991509909352,0.0311220127729843,0.130397397893272
"3GCR-Ec","Model A","Temperature",3.14563560415894,0.0311153759913497,0.130369590596172
"3GCR-Ec","Model A","Temperature",3.22135610922436,0.0310333419346061,0.130025878008685
"3GCR-Ec","Model A","Temperature",3.29707661428978,0.030864503371771,0.129318465238877
"3GCR-Ec","Model A","Temperature",3.3727971193552,0.0306316168223389,0.128342699298808
"3GCR-Ec","Model A","Temperature",3.44851762442062,0.0303379362006475,0.127112213688523
"3GCR-Ec","Model A","Temperature",3.52423812948604,0.0299870297657839,0.12564195897383
"3GCR-Ec","Model A","Temperature",3.59995863455146,0.0295776999909679,0.123926917665108
"3GCR-Ec","Model A","Temperature",3.67567913961688,0.0291120950286402,0.121976090256335
"3GCR-Ec","Model A","Temperature",3.7513996446823,0.0286079234441138,0.119863673453684
"3GCR-Ec","Model A","Temperature",3.82712014974772,0.0280706404188016,0.117612523794953
"3GCR-Ec","Model A","Temperature",3.90284065481314,0.0275058720476995,0.115246213924787
"3GCR-Ec","Model A","Temperature",3.97856115987856,0.026917725741761,0.112781953388865
"3GCR-Ec","Model A","Temperature",4.05428166494398,0.0263166108694539,0.110263356158167
"3GCR-Ec","Model A","Temperature",4.1300021700094,0.025712671589693,0.107732925008331
"3GCR-Ec","Model A","Temperature",4.20572267507482,0.0251121510740579,0.105216818058837
"3GCR-Ec","Model A","Temperature",4.28144318014024,0.0245212836010005,0.102741156168057
"3GCR-Ec","Model A","Temperature",4.35716368520566,0.0239516995628503,0.100354669246465
"3GCR-Ec","Model A","Temperature",4.43288419027108,0.0234130652632675,0.0980978579150776
"3GCR-Ec","Model A","Temperature",4.5086046953365,0.0229084732362444,0.0959836795101825
"3GCR-Ec","Model A","Temperature",4.58432520040192,0.0224434681302079,0.0940353654253406
"3GCR-Ec","Model A","Temperature",4.66004570546734,0.0220234323085481,0.092275467099807
"3GCR-Ec","Model A","Temperature",4.73576621053276,0.0216680081124683,0.0907862835224087
"3GCR-Ec","Model A","Temperature",4.81148671559818,0.0213776695494104,0.0895698007259077
"3GCR-Ec","Model A","Temperature",4.8872072206636,0.0211510714433965,0.0886203825887425
"3GCR-Ec","Model A","Temperature",4.96292772572902,0.0209919942037248,0.0879538685599569
"3GCR-Ec","Model A","Temperature",5.03864823079444,0.0209039706985803,0.0875850609218389
"3GCR-Ec","Model A","Temperature",5.11436873585986,0.02091316337551,0.087623577105225
"3GCR-Ec","Model A","Temperature",5.19008924092528,0.0210062830748802,0.0880137371690694
"3GCR-Ec","Model A","Temperature",5.2658097459907,0.0211807226564454,0.0887446175170601
"3GCR-Ec","Model A","Temperature",5.34153025105612,0.0214380930071012,0.0898229675667567
"3GCR-Ec","Model A","Temperature",5.41725075612154,0.0217797497030137,0.0912544670152264
"3GCR-Ec","Model A","Temperature",5.49297126118696,0.0222354520129171,0.0931638035307921
"3GCR-Ec","Model A","Temperature",5.56869176625238,0.022778512891311,0.0954391616818457
"3GCR-Ec","Model A","Temperature",5.6444122713178,0.0234074983991484,0.0980745334405052
"3GCR-Ec","Model A","Temperature",5.72013277638322,0.0241220596817653,0.101068457148724
"3GCR-Ec","Model A","Temperature",5.79585328144864,0.0249240847761305,0.10442884344871
"3GCR-Ec","Model A","Temperature",5.87157378651406,0.0258362395898201,0.108250659699753
"3GCR-Ec","Model A","Temperature",5.94729429157948,0.0268299461865518,0.11241416787091
"3GCR-Ec","Model A","Temperature",6.0230147966449,0.0279036032707748,0.116912658731177
"3GCR-Ec","Model A","Temperature",6.09873530171032,0.0290554864047004,0.121738907098744
"3GCR-Ec","Model A","Temperature",6.17445580677574,0.0302891049304829,0.126907616684733
"3GCR-Ec","Model A","Temperature",6.25017631184116,0.0316156799675737,0.132465802596698
"3GCR-Ec","Model A","Temperature",6.32589681690658,0.0330119589716766,0.138316039539795
"3GCR-Ec","Model A","Temperature",6.401617321972,0.0344755463945102,0.144448290461961
"3GCR-Ec","Model A","Temperature",6.47733782703742,0.0360039919519926,0.15085228897488
"3GCR-Ec","Model A","Temperature",6.55305833210284,0.0376016057403105,0.157546093850377
"3GCR-Ec","Model A","Temperature",6.62877883716826,0.0392704389259666,0.164538299223302
"3GCR-Ec","Model A","Temperature",6.70449934223368,0.0409935492855803,0.171757919265731
"3GCR-Ec","Model A","Temperature",6.7802198472991,0.0427682312260173,0.179193617875881
"3GCR-Ec","Model A","Temperature",6.85594035236452,0.0445917596868117,0.186833977386251
"3GCR-Ec","Model A","Temperature",6.93166085742994,0.0464680554067333,0.194695425209074
"3GCR-Ec","Model A","Temperature",7.00738136249536,0.0483931392321062,0.20276128918086
"3GCR-Ec","Model A","Temperature",7.08310186756078,0.0503557261667502,0.210984286558428
"3GCR-Ec","Model A","Temperature",7.1588223726262,0.0523529578757376,0.219352441270708
"3GCR-Ec","Model A","Temperature",7.23454287769162,0.0543819527763494,0.227853679841247
"3GCR-Ec","Model A","Temperature",7.31026338275704,0.0564446175646289,0.236495991091476
"3GCR-Ec","Model A","Temperature",7.38598388782246,0.0585339054469942,0.245249849824767
"3GCR-Ec","Model A","Temperature",7.46170439288788,0.0606427560482854,0.254085673939354
"3GCR-Ec","Model A","Temperature",7.5374248979533,0.0627680144041895,0.2629902445236
"3GCR-Ec","Model A","Temperature",7.61314540301872,0.0649064740356463,0.271950126825423
"3GCR-Ec","Model A","Temperature",7.68886590808414,0.0670557114879248,0.280955166868179
"3GCR-Ec","Model A","Temperature",7.76458641314956,0.0692086024436435,0.289975514640074
"3GCR-Ec","Model A","Temperature",7.84030691821498,0.071360684561951,0.298992473482901
"3GCR-Ec","Model A","Temperature",7.9160274232804,0.0735082607451099,0.307990553012788
"3GCR-Ec","Model A","Temperature",7.99174792834583,0.0756475594499822,0.316953950928811
"3GCR-Ec","Model A","Temperature",8.06746843341124,0.0777687682825401,0.325841554509318
"3GCR-Ec","Model A","Temperature",8.14318893847666,0.0798686695048626,0.334639881828991
"3GCR-Ec","Model A","Temperature",8.21890944354208,0.0819437658111112,0.343334279607391
"3GCR-Ec","Model A","Temperature",8.2946299486075,0.0839897552959225,0.351906723391232
"3GCR-Ec","Model A","Temperature",8.37035045367293,0.08600227480669,0.360338932108829
"3GCR-Ec","Model A","Temperature",8.44607095873834,0.0879608790181984,0.368545242367309
"3GCR-Ec","Model A","Temperature",8.52179146380377,0.089871823462458,0.376551864074834
"3GCR-Ec","Model A","Temperature",8.59751196886918,0.091730890798614,0.384341127092988
"3GCR-Ec","Model A","Temperature",8.67323247393461,0.093533505466099,0.391893860386907
"3GCR-Ec","Model A","Temperature",8.74895297900003,0.0952726903468473,0.39918083069179
"3GCR-Ec","Model A","Temperature",8.82467348406544,0.0969223520760074,0.406092710024778
"3GCR-Ec","Model A","Temperature",8.90039398913087,0.0984973161971491,0.412691615586259
"3GCR-Ec","Model A","Temperature",8.97611449419628,0.0999933464483204,0.418959797960752
"3GCR-Ec","Model A","Temperature",9.05183499926171,0.101406309362319,0.424879938430105
"3GCR-Ec","Model A","Temperature",9.12755550432713,0.102724756184434,0.430404068123085
"3GCR-Ec","Model A","Temperature",9.20327600939255,0.10392489948951,0.435432520659956
"3GCR-Ec","Model A","Temperature",9.27899651445797,0.105027012794521,0.440050239578244
"3GCR-Ec","Model A","Temperature",9.35471701952339,0.106028053149301,0.444244475291777
"3GCR-Ec","Model A","Temperature",9.43043752458881,0.106925171543137,0.448003290796792
"3GCR-Ec","Model A","Temperature",9.50615802965422,0.107702071077195,0.451258404095686
"3GCR-Ec","Model A","Temperature",9.58187853471964,0.108344039408415,0.453948172284255
"3GCR-Ec","Model A","Temperature",9.65759903978507,0.108873626007364,0.456167074865069
"3GCR-Ec","Model A","Temperature",9.73331954485049,0.109289625865847,0.457910063002301
"3GCR-Ec","Model A","Temperature",9.80904004991591,0.109591073091058,0.459173089724142
"3GCR-Ec","Model A","Temperature",9.88476055498132,0.109757849780541,0.459871863498718
"3GCR-Ec","Model A","Temperature",9.96048106004675,0.109788432183979,0.46
"3GCR-Ec","Model A","Temperature",10.0362015651122,0.109704151530901,0.459646874450754
"3GCR-Ec","Model A","Temperature",10.1119220701776,0.109505802141952,0.458815814956587
"3GCR-Ec","Model A","Temperature",10.187642575243,0.109194401214916,0.45751108345084
"3GCR-Ec","Model A","Temperature",10.2633630803084,0.10874817444875,0.455641448295725
"3GCR-Ec","Model A","Temperature",10.3390835853738,0.10817879834203,0.453255832581201
"3GCR-Ec","Model A","Temperature",10.4148040904393,0.107503675623335,0.450427151595218
"3GCR-Ec","Model A","Temperature",10.4905245955047,0.106725266400873,0.447165712887973
"3GCR-Ec","Model A","Temperature",10.5662451005701,0.10584619303915,0.443482503843552
"3GCR-Ec","Model A","Temperature",10.6419656056355,0.104845703666604,0.439290576677677
"3GCR-Ec","Model A","Temperature",10.7176861107009,0.103745065215462,0.434679037215331
"3GCR-Ec","Model A","Temperature",10.7934066157664,0.102556576143987,0.429699414480923
"3GCR-Ec","Model A","Temperature",10.8691271208318,0.101283781447639,0.424366561568524
"3GCR-Ec","Model A","Temperature",10.9448476258972,0.0999303197345547,0.418695723797787
"3GCR-Ec","Model A","Temperature",11.0205681309626,0.0984791477851991,0.412615492179351
"3GCR-Ec","Model A","Temperature",11.096288636028,0.0969556469283637,0.406232211352734
"3GCR-Ec","Model A","Temperature",11.1720091410935,0.0953674413123709,0.399577825559772
"3GCR-Ec","Model A","Temperature",11.2477296461589,0.0937186499869685,0.392669593111255
"3GCR-Ec","Model A","Temperature",11.3234501512243,0.0920134388861019,0.385524968756987
"3GCR-Ec","Model A","Temperature",11.3991706562897,0.0902410821785241,0.378099012585943
"3GCR-Ec","Model A","Temperature",11.4748911613551,0.0884253071294654,0.370491138915179
"3GCR-Ec","Model A","Temperature",11.5506116664206,0.0865706497263734,0.362720352973062
"3GCR-Ec","Model A","Temperature",11.626332171486,0.0846815211306951,0.354805136982403
"3GCR-Ec","Model A","Temperature",11.7020526765514,0.0827614148518656,0.346760128317178
"3GCR-Ec","Model A","Temperature",11.7777731816168,0.0808114231359494,0.338589903353783
"3GCR-Ec","Model A","Temperature",11.8534936866822,0.0788452158464395,0.330351737135517
"3GCR-Ec","Model A","Temperature",11.9292141917477,0.0768673419489309,0.322064689267583
"3GCR-Ec","Model A","Temperature",12.0049346968131,0.0748823573516178,0.313747848443826
"3GCR-Ec","Model A","Temperature",12.0806552018785,0.0728952577891702,0.305422146176813
"3GCR-Ec","Model A","Temperature",12.1563757069439,0.0709145277271326,0.297123131331511
"3GCR-Ec","Model A","Temperature",12.2320962120093,0.0689451997409099,0.288871889778627
"3GCR-Ec","Model A","Temperature",12.3078167170748,0.0669917584638076,0.280687211579004
"3GCR-Ec","Model A","Temperature",12.3835372221402,0.0650586523176411,0.272587735071803
"3GCR-Ec","Model A","Temperature",12.4592577272056,0.0631544684423827,0.264609439315187
"3GCR-Ec","Model A","Temperature",12.534978232271,0.0612894465498771,0.256795227439797
"3GCR-Ec","Model A","Temperature",12.6106987373364,0.0594620434823378,0.249138633804691
"3GCR-Ec","Model A","Temperature",12.6864192424019,0.0576761914448676,0.241656133864627
"3GCR-Ec","Model A","Temperature",12.7621397474673,0.0559357118144272,0.234363738718106
"3GCR-Ec","Model A","Temperature",12.8378602525327,0.0542539042566653,0.227317172325082
"3GCR-Ec","Model A","Temperature",12.9135807575981,0.0526367582570476,0.220541529891483
"3GCR-Ec","Model A","Temperature",12.9893012626635,0.0510784528330197,0.21401242221781
"3GCR-Ec","Model A","Temperature",13.065021767729,0.0495816658201389,0.207741069105022
"3GCR-Ec","Model A","Temperature",13.1407422727944,0.0481488799749904,0.201737872997222
"3GCR-Ec","Model A","Temperature",13.2164627778598,0.0467975279216671,0.19607587444088
"3GCR-Ec","Model A","Temperature",13.2921832829252,0.0455245479222811,0.190742245131589
"3GCR-Ec","Model A","Temperature",13.3679037879907,0.0443222996637545,0.185704973099182
"3GCR-Ec","Model A","Temperature",13.4436242930561,0.0431915637474474,0.180967328967151
"3GCR-Ec","Model A","Temperature",13.5193447981215,0.042132869601552,0.176531530974373
"3GCR-Ec","Model A","Temperature",13.5950653031869,0.0411652251721856,0.17247722007245
"3GCR-Ec","Model A","Temperature",13.6707858082523,0.0402750247834878,0.168747390156355
"3GCR-Ec","Model A","Temperature",13.7465063133178,0.0394549751484178,0.165311483252246
"3GCR-Ec","Model A","Temperature",13.8222268183832,0.0387037018749811,0.162163740827054
"3GCR-Ec","Model A","Temperature",13.8979473234486,0.0380195819863982,0.159297362808095
"3GCR-Ec","Model A","Temperature",13.973667828514,0.0374191780159055,0.156781744168384
"3GCR-Ec","Model A","Temperature",14.0493883335794,0.0368813519441785,0.154528319212102
"3GCR-Ec","Model A","Temperature",14.1251088386449,0.0364004130455694,0.152513244500138
"3GCR-Ec","Model A","Temperature",14.2008293437103,0.0359731359469566,0.150723006116621
"3GCR-Ec","Model A","Temperature",14.2765498487757,0.0355962481645351,0.149143892757726
"3GCR-Ec","Model A","Temperature",14.3522703538411,0.0352792207685042,0.147815587040327
"3GCR-Ec","Model A","Temperature",14.4279908589065,0.0350005680956387,0.146648066683507
"3GCR-Ec","Model A","Temperature",14.503711363972,0.0347560822469262,0.145623701109006
"3GCR-Ec","Model A","Temperature",14.5794318690374,0.0345414937934416,0.144724601935812
"3GCR-Ec","Model A","Temperature",14.6551523741028,0.0343533410780763,0.14393626524727
"3GCR-Ec","Model A","Temperature",14.7308728791682,0.0341892460931285,0.143248727484189
"3GCR-Ec","Model A","Temperature",14.8065933842336,0.0340372364587163,0.142611825850395
"3GCR-Ec","Model A","Temperature",14.8823138892991,0.0338930069266028,0.142007521886376
"3GCR-Ec","Model A","Temperature",14.9580343943645,0.033752320392191,0.141418062646072
"3GCR-Ec","Model A","Temperature",15.0337548994299,0.0336103455520888,0.140823205563701
"3GCR-Ec","Model A","Temperature",15.1094754044953,0.0334593387089169,0.140190505501615
"3GCR-Ec","Model A","Temperature",15.1851959095607,0.0332960896218285,0.139506511946313
"3GCR-Ec","Model A","Temperature",15.2609164146262,0.033117271117723,0.138757284452557
"3GCR-Ec","Model A","Temperature",15.3366369196916,0.0329197359575338,0.137929636476541
"3GCR-Ec","Model A","Temperature",15.412357424757,0.0326969954990023,0.136996381406892
"3GCR-Ec","Model A","Temperature",15.4880779298224,0.0324428384056272,0.135931494509185
"3GCR-Ec","Model A","Temperature",15.5637984348878,0.0321601951442466,0.134747254078306
"3GCR-Ec","Model A","Temperature",15.6395189399533,0.0318475364995699,0.133437252890656
"3GCR-Ec","Model A","Temperature",15.7152394450187,0.0315035803039021,0.131996118821612
"3GCR-Ec","Model A","Temperature",15.7909599500841,0.031121363503223,0.130394677532991
"3GCR-Ec","Model A","Temperature",15.8666804551495,0.0307006842776925,0.128632083424536
"3GCR-Ec","Model A","Temperature",15.9424009602149,0.0302473556857785,0.126732692494798
"3GCR-Ec","Model A","Temperature",16.0181214652804,0.0297619940132118,0.124699086905035
"3GCR-Ec","Model A","Temperature",16.0938419703458,0.0292454653677379,0.122534895539957
"3GCR-Ec","Model A","Temperature",16.1695624754112,0.0286929029332066,0.120219727039705
"3GCR-Ec","Model A","Temperature",16.2452829804766,0.0281103444429684,0.117778878762898
"3GCR-Ec","Model A","Temperature",16.321003485542,0.0275037596036358,0.115237363044508
"3GCR-Ec","Model A","Temperature",16.3967239906074,0.026875655162205,0.112605682845505
"3GCR-Ec","Model A","Temperature",16.4724444956729,0.0262287198987544,0.109895103823039
"3GCR-Ec","Model A","Temperature",16.5481650007383,0.0255632597072257,0.107106907635027
"3GCR-Ec","Model A","Temperature",16.6238855058037,0.0248874625227868,0.104275400720701
"3GCR-Ec","Model A","Temperature",16.6996060108691,0.0242060044323994,0.101420175308129
"3GCR-Ec","Model A","Temperature",16.7753265159346,0.0235224550018177,0.0985561874378887
"3GCR-Ec","Model A","Temperature",16.851047021,0.0228404432501393,0.0956986422527429
"3GCR-Ec","Model A","Temperature",16.9267675260654,0.0221676087361133,0.0928795485623135
"3GCR-Ec","Model A","Temperature",17.0024880311308,0.0215078301761828,0.0901151577104666
"3GCR-Ec","Model A","Temperature",17.0782085361962,0.0208644229679134,0.0874193608043959
"3GCR-Ec","Model A","Temperature",17.1539290412617,0.0202408647649284,0.0848067287841805
"3GCR-Ec","Model A","Temperature",17.2296495463271,0.0196408078359613,0.0822925642056908
"3GCR-Ec","Model A","Temperature",17.3053700513925,0.0190784178052863,0.0799362192887969
"3GCR-Ec","Model A","Temperature",17.3810905564579,0.0185484892747158,0.0777158840566299
"3GCR-Ec","Model A","Temperature",17.4568110615233,0.0180535185583215,0.0756420177574936
"3GCR-Ec","Model A","Temperature",17.5325315665888,0.0175958143380074,0.0737242934840321
"3GCR-Ec","Model A","Temperature",17.6082520716542,0.0171797406155606,0.0719809958658933
"3GCR-Ec","Model A","Temperature",17.6839725767196,0.0168181174001505,0.0704658391614975
"3GCR-Ec","Model A","Temperature",17.759693081785,0.0165002683563895,0.0691340908413735
"3GCR-Ec","Model A","Temperature",17.8354135868504,0.0162269411817342,0.0679888836657148
"3GCR-Ec","Model A","Temperature",17.9111340919159,0.0159986607123219,0.0670324166332529
"3GCR-Ec","Model A","Temperature",17.9868545969813,0.0158201115021393,0.0662843174478453
"3GCR-Ec","Model A","Temperature",18.0625751020467,0.015697765637102,0.0657717033518278
"3GCR-Ec","Model A","Temperature",18.1382956071121,0.0156194050836475,0.0654433822903824
"3GCR-Ec","Model A","Temperature",18.2140161121775,0.0155839766309788,0.0652949414400725
"3GCR-Ec","Model A","Temperature",18.289736617243,0.0155902401070548,0.0653211846328903
"3GCR-Ec","Model A","Temperature",18.3654571223084,0.0156420131211742,0.0655381071812969
"3GCR-Ec","Model A","Temperature",18.4411776273738,0.0157384321114255,0.0659420908673127
"3GCR-Ec","Model A","Temperature",18.5168981324392,0.0158690219168801,0.0664892460576559
"3GCR-Ec","Model A","Temperature",18.5926186375046,0.0160314273692067,0.0671697048872806
"3GCR-Ec","Model A","Temperature",18.6683391425701,0.0162231887023151,0.0679731612394221
"3GCR-Ec","Model A","Temperature",18.7440596476355,0.0164457888493689,0.068905828421272
"3GCR-Ec","Model A","Temperature",18.8197801527009,0.0166936883607898,0.0699444968218056
"3GCR-Ec","Model A","Temperature",18.8955006577663,0.0169598008008089,0.0710594751485172
"3GCR-Ec","Model A","Temperature",18.9712211628317,0.0172412456176838,0.0722386942446193
"3GCR-Ec","Model A","Temperature",19.0469416678972,0.017535131670138,0.0734700405844813
"3GCR-Ec","Model A","Temperature",19.1226621729626,0.0178395211871238,0.0747453951462334
"3GCR-Ec","Model A","Temperature",19.198382678028,0.0181485999009681,0.0760403968649039
"3GCR-Ec","Model A","Temperature",19.2741031830934,0.0184586470972221,0.0773394564055106
"3GCR-Ec","Model A","Temperature",19.3498236881588,0.0187670180929938,0.0786314928726793
"3GCR-Ec","Model A","Temperature",19.4255441932243,0.0190711358121633,0.0799057086350791
"3GCR-Ec","Model A","Temperature",19.5012646982897,0.0193654395777547,0.0811388051415049
"3GCR-Ec","Model A","Temperature",19.5769852033551,0.0196478167769744,0.0823219308047202
"3GCR-Ec","Model A","Temperature",19.6527057084205,0.0199168626528017,0.0834491998659378
"3GCR-Ec","Model A","Temperature",19.7284262134859,0.020170724284052,0.0845128488137564
"3GCR-Ec","Model A","Temperature",19.8041467185514,0.0204076648272443,0.0855056004880478
"3GCR-Ec","Model A","Temperature",19.8798672236168,0.0206193712802123,0.0863926244342687
"3GCR-Ec","Model A","Temperature",19.9555877286822,0.020809471577502,0.0871891212510439
"3GCR-Ec","Model A","Temperature",20.0313082337476,0.0209776041524756,0.0878935760187215
"3GCR-Ec","Model A","Temperature",20.107028738813,0.0211229782341265,0.0885026755042427
"3GCR-Ec","Model A","Temperature",20.1827492438785,0.0212445722111267,0.0890121392820507
"3GCR-Ec","Model A","Temperature",20.2584697489439,0.0213341582004934,0.0893874935364919
"3GCR-Ec","Model A","Temperature",20.3341902540093,0.0213995582314796,0.0896615116061118
"3GCR-Ec","Model A","Temperature",20.4099107590747,0.0214409006041045,0.0898347310521788
"3GCR-Ec","Model A","Temperature",20.4856312641401,0.0214584216453394,0.0899081420555762
"3GCR-Ec","Model A","Temperature",20.5613517692056,0.0214511305443383,0.0898775932409714
"3GCR-Ec","Model A","Temperature",20.637072274271,0.0214147840362816,0.0897253058517314
"3GCR-Ec","Model A","Temperature",20.7127927793364,0.0213569807819684,0.0894831173401082
"3GCR-Ec","Model A","Temperature",20.7885132844018,0.0212786127243959,0.089154764837333
"3GCR-Ec","Model A","Temperature",20.8642337894672,0.0211806307169832,0.0887442323020448
"3GCR-Ec","Model A","Temperature",20.9399542945327,0.0210623156652458,0.0882485068169773
"3GCR-Ec","Model A","Temperature",21.0156747995981,0.0209231958863072,0.0876656120890105
"3GCR-Ec","Model A","Temperature",21.0913953046635,0.0207689651432783,0.0870194042838529
"3GCR-Ec","Model A","Temperature",21.1671158097289,0.0206008099669967,0.0863148548194805
"3GCR-Ec","Model A","Temperature",21.2428363147943,0.0204199178080363,0.0855569389674503
"3GCR-Ec","Model A","Temperature",21.3185568198598,0.0202260696580155,0.084744739109635
"3GCR-Ec","Model A","Temperature",21.3942773249252,0.0200207821269025,0.0838846096548877
"3GCR-Ec","Model A","Temperature",21.4699978299906,0.0198073816122079,0.0829904877988162
"3GCR-Ec","Model A","Temperature",21.545718335056,0.0195868902175105,0.0820666560294469
"3GCR-Ec","Model A","Temperature",21.6214388401214,0.0193602887644141,0.0811172238684185
"3GCR-Ec","Model A","Temperature",21.6971593451869,0.0191278046490402,0.0801431440774549
"3GCR-Ec","Model A","Temperature",21.7728798502523,0.0188910377058046,0.079151119765587
"3GCR-Ec","Model A","Temperature",21.8486003553177,0.0186514223679002,0.0781471610311067
"3GCR-Ec","Model A","Temperature",21.9243208603831,0.0184095720110042,0.0771338378425057
"3GCR-Ec","Model A","Temperature",22.0000413654485,0.0181660495975146,0.07611350894285
"3GCR-Ec","Model A","Temperature",22.075761870514,0.0179212621103306,0.0750878795403282
"3GCR-Ec","Model A","Temperature",22.1514823755794,0.0176759872599177,0.0740602081459423
"3GCR-Ec","Model A","Temperature",22.2272028806448,0.0174306252852782,0.0730321717117849
"3GCR-Ec","Model A","Temperature",22.3029233857102,0.0171854345439614,0.0720048527241458
"3GCR-Ec","Model A","Temperature",22.3786438907756,0.0169406449362429,0.0709792144368459
"3GCR-Ec","Model A","Temperature",22.4543643958411,0.0166967131401399,0.0699571702744941
"3GCR-Ec","Model A","Temperature",22.5300849009065,0.0164537584743909,0.0689392201678996
"3GCR-Ec","Model A","Temperature",22.6058054059719,0.0162118861247906,0.0679258048325783
"3GCR-Ec","Model A","Temperature",22.6815259110373,0.0159712526684367,0.0669175803072721
"3GCR-Ec","Model A","Temperature",22.7572464161027,0.0157320195842166,0.0659152231686181
"3GCR-Ec","Model A","Temperature",22.8329669211682,0.0154950111842219,0.0649221871826876
"3GCR-Ec","Model A","Temperature",22.9086874262336,0.0152600745131808,0.0639378314857434
"3GCR-Ec","Model A","Temperature",22.984407931299,0.0150274474707221,0.0629631528479092
"3GCR-Ec","Model A","Temperature",23.0601284363644,0.0147974337666749,0.0619994237759394
"3GCR-Ec","Model A","Temperature",23.1358489414298,0.0145704384670058,0.0610483414463107
"3GCR-Ec","Model A","Temperature",23.2115694464953,0.0143481654279941,0.060117044806843
"3GCR-Ec","Model A","Temperature",23.2872899515607,0.0141301310919876,0.059203507810569
"3GCR-Ec","Model A","Temperature",23.3630104566261,0.0139168430967359,0.0583098573970959
"3GCR-Ec","Model A","Temperature",23.4387309616915,0.0137088322716848,0.0574383176763797
"3GCR-Ec","Model A","Temperature",23.5144514667569,0.0135070981124087,0.0565930764116941
"3GCR-Ec","Model A","Temperature",23.5901719718224,0.0133140980015737,0.0557844297335512
"3GCR-Ec","Model A","Temperature",23.6658924768878,0.0131288008854785,0.0550080576540143
"3GCR-Ec","Model A","Temperature",23.7416129819532,0.0129518403517844,0.0542666148272972
"3GCR-Ec","Model A","Temperature",23.8173334870186,0.0127838489640837,0.0535627516168927
"3GCR-Ec","Model A","Temperature",23.893053992084,0.0126266245781327,0.0529040008168425
"3GCR-Ec","Model A","Temperature",23.9687744971495,0.012482568244922,0.0523004225348801
"3GCR-Ec","Model A","Temperature",24.0444950022149,0.0123499132174023,0.0517446143186122
"3GCR-Ec","Model A","Temperature",24.1202155072803,0.0122291722317335,0.0512387244693556
"3GCR-Ec","Model A","Temperature",24.1959360123457,0.0121208244137379,0.0507847604652566
"3GCR-Ec","Model A","Temperature",24.2716565174111,0.0120273808445764,0.0503932434269019
"3GCR-Ec","Model A","Temperature",24.3473770224766,0.0119499648543454,0.0500688799689503
"3GCR-Ec","Model A","Temperature",24.423097527542,0.0118862508609447,0.0498019261890185
"3GCR-Ec","Model A","Temperature",24.4988180326074,0.0118363599396422,0.0495928893775565
"3GCR-Ec","Model A","Temperature",24.5745385376728,0.0118003520937581,0.0494420209410811
"3GCR-Ec","Model A","Temperature",24.6502590427382,0.0117809065613936,0.049360546557034
"3GCR-Ec","Model A","Temperature",24.7259795478037,0.0117770205676897,0.0493442647223431
"3GCR-Ec","Model A","Temperature",24.8017000528691,0.0117862419860723,0.0493829013288747
"3GCR-Ec","Model A","Temperature",24.8774205579345,0.0118081190556332,0.0494745635541001
"3GCR-Ec","Model A","Temperature",24.9531410629999,0.0118421277004356,0.0496170555844345
"3GCR-Ec","Model A","Temperature",25.0288615680653,0.0118900937172765,0.0498180272834367
"3GCR-Ec","Model A","Temperature",25.1045820731308,0.0119491165311674,0.050065325599386
"3GCR-Ec","Model A","Temperature",25.1803025781962,0.0120170360519289,0.0503499000206506
"3GCR-Ec","Model A","Temperature",25.2560230832616,0.0120928197485177,0.0506674243694129
"3GCR-Ec","Model A","Temperature",25.331743588327,0.0121753744388342,0.0510133183474047
"3GCR-Ec","Model A","Temperature",25.4074640933924,0.0122644166731567,0.0513863943352256
"3GCR-Ec","Model A","Temperature",25.4831845984579,0.0123566910128132,0.0517730124460559
"3GCR-Ec","Model A","Temperature",25.5589051035233,0.0124504967800889,0.05216604704987
"3GCR-Ec","Model A","Temperature",25.6346256085887,0.0125444182419511,0.052559566399743
"3GCR-Ec","Model A","Temperature",25.7103461136541,0.0126370131929576,0.0529475278326161
"3GCR-Ec","Model A","Temperature",25.7860666187195,0.0127248838636783,0.0533156951133348
"3GCR-Ec","Model A","Temperature",25.861787123785,0.0128068316247726,0.0536590461326862
"3GCR-Ec","Model A","Temperature",25.9375076288504,0.0128814562810988,0.053971714245594
"3GCR-Ec","Model A","Temperature",26.0132281339158,0.012947319369281,0.0542476724677956
"3GCR-Ec","Model A","Temperature",26.0889486389812,0.0130026707884573,0.054479588092371
"3GCR-Ec","Model A","Temperature",26.1646691440466,0.0130417861158285,0.0546434764932967
"3GCR-Ec","Model A","Temperature",26.2403896491121,0.0130667599257047,0.0547481136787863
"3GCR-Ec","Model A","Temperature",26.3161101541775,0.0130764707129773,0.0547888006806544
"3GCR-Ec","Model A","Temperature",26.3918306592429,0.0130698638680474,0.0547611188146575
"3GCR-Ec","Model A","Temperature",26.4675511643083,0.0130446216040397,0.0546553568394421
"3GCR-Ec","Model A","Temperature",26.5432716693737,0.0129955902148437,0.0544499213615735
"3GCR-Ec","Model A","Temperature",26.6189921744392,0.0129270326351311,0.0541626735519414
"3GCR-Ec","Model A","Temperature",26.6947126795046,0.0128384913959337,0.05379169667195
"3GCR-Ec","Model A","Temperature",26.77043318457,0.0127296006528499,0.053335457878644
"3GCR-Ec","Model A","Temperature",26.8461536896354,0.0125976953933152,0.052782791097828
"3GCR-Ec","Model A","Temperature",26.9218741947008,0.0124402945641047,0.0521233010222661
"3GCR-Ec","Model A","Temperature",26.9975946997663,0.0122624305185228,0.0513780725920928
"3GCR-Ec","Model A","Temperature",27.0733152048317,0.0120644285668133,0.0505484688171362
"3GCR-Ec","Model A","Temperature",27.1490357098971,0.0118467026697505,0.0496362241420227
"3GCR-Ec","Model A","Temperature",27.2247562149625,0.0116068897227108,0.0486314374496197
"3GCR-Ec","Model A","Temperature",27.3004767200279,0.0113457632328981,0.0475373496397806
"3GCR-Ec","Model A","Temperature",27.3761972250934,0.0110678327239295,0.0463728550606856
"3GCR-Ec","Model A","Temperature",27.4519177301588,0.0107740826489425,0.0451420784496526
"3GCR-Ec","Model A","Temperature",27.5276382352242,0.0104655577876017,0.0438493973047126
"3GCR-Ec","Model A","Temperature",27.6033587402896,0.0101410401365649,0.0424897083419743
"3GCR-Ec","Model A","Temperature",27.679079245355,0.00980349113104166,0.0410754196099838
"3GCR-Ec","Model A","Temperature",27.7547997504205,0.00945614272805629,0.0396200726103516
"3GCR-Ec","Model A","Temperature",27.8305202554859,0.0091003310336251,0.0381292654626179
"3GCR-Ec","Model A","Temperature",27.9062407605513,0.00873741024003531,0.0366086720655691
"3GCR-Ec","Model A","Temperature",27.9819612656167,0.00836798183814576,0.035060812591773
"3GCR-Ec","Model A","Temperature",28.0576817706821,0.00799513430907931,0.0334986273964952
"3GCR-Ec","Model A","Temperature",28.1334022757476,0.00762073075119694,0.0319299226322512
"3GCR-Ec","Model A","Temperature",28.209122780813,0.00724608997927701,0.0303602239704252
"3GCR-Ec","Model A","Temperature",28.2848432858784,0.0068725079275293,0.028794961215639
"3GCR-Ec","Model A","Temperature",28.3605637909438,0.00650261061381734,0.027245137059098
"3GCR-Ec","Model A","Temperature",28.4362842960092,0.00613759217412934,0.0257157547834215
"3GCR-Ec","Model A","Temperature",28.5120048010747,0.00577834592833587,0.0242105572887704
"3GCR-Ec","Model A","Temperature",28.5877253061401,0.00542587242313145,0.0227337367424825
"3GCR-Ec","Model A","Temperature",28.6634458112055,0.0050811221866967,0.0212892757404871
"3GCR-Ec","Model A","Temperature",28.7391663162709,0.00474839449921409,0.0198951877368846
"3GCR-Ec","Model A","Temperature",28.8148868213363,0.00442587080359411,0.018543853201598
"3GCR-Ec","Model A","Temperature",28.8906073264018,0.00411404045263315,0.0172373224625337
"3GCR-Ec","Model A","Temperature",28.9663278314672,0.00381343562422812,0.0159778252794917
"3GCR-Ec","Model A","Temperature",29.0420483365326,0.00352493571705218,0.0147690462245313
"3GCR-Ec","Model A","Temperature",29.117768841598,0.00325254312939538,0.0136277548532131
"3GCR-Ec","Model A","Temperature",29.1934893466634,0.00299273942608097,0.0125392093557753
"3GCR-Ec","Model A","Temperature",29.2692098517289,0.00274564879971704,0.0115039300839397
"3GCR-Ec","Model A","Temperature",29.3449303567943,0.00251134716807111,0.0105222351237956
"3GCR-Ec","Model A","Temperature",29.4206508618597,0.00229084271568752,0.00959834864433049
"3GCR-Ec","Model A","Temperature",29.4963713669251,0.00208646119830846,0.00874201527546679
"3GCR-Ec","Model A","Temperature",29.5720918719905,0.00189453974395495,0.00793788803504247
"3GCR-Ec","Model A","Temperature",29.647812377056,0.00171485359199062,0.00718502520369173
"3GCR-Ec","Model A","Temperature",29.7235328821214,0.0015471480308358,0.00648235957128756
"3GCR-Ec","Model A","Temperature",29.7992533871868,0.00139248755748248,0.00583435124903273
"3GCR-Ec","Model A","Temperature",29.8749738922522,0.00125144261894044,0.00524339033959361
"3GCR-Ec","Model A","Temperature",29.9506943973176,0.00112098039893576,0.00469676971656127
"3GCR-Ec","Model A","Temperature",30.0264149023831,0.00100069224652006,0.00419277718282604
"3GCR-Ec","Model A","Temperature",30.1021354074485,0.000890158562946085,0.00372965467135028
"3GCR-Ec","Model A","Temperature",30.1778559125139,0.000790362916311808,0.0033115232112449
"3GCR-Ec","Model A","Temperature",30.2535764175793,0.000700649946741429,0.00293563692539996
"3GCR-Ec","Model A","Temperature",30.3292969226447,0.000618893247156429,0.00259308643022504
"3GCR-Ec","Model A","Temperature",30.4050174277102,0.000544648697773301,0.00228201091856269
"3GCR-Ec","Model A","Temperature",30.4807379327756,0.00047747541711745,0.00200056315137069
"3GCR-Ec","Model A","Temperature",30.556458437841,0.000418166669434887,0.00175206680807415
"3GCR-Ec","Model A","Temperature",30.6321789429064,0.000365524531161085,0.00153150273657552
"3GCR-Ec","Model A","Temperature",30.7078994479718,0.000318258119147986,0.00133346229557906
"3GCR-Ec","Model A","Temperature",30.7836199530373,0.00027598422326168,0.00115633988185232
"3GCR-Ec","Model A","Temperature",30.8593404581027,0.000238330362279683,0.000998574844979457
"3GCR-Ec","Model A","Temperature",30.9350609631681,0.000205858925408713,0.000862523526425096
"3GCR-Ec","Model A","Temperature",31.0107814682335,0.000177360008922065,0.000743116578688658
"3GCR-Ec","Model A","Temperature",31.0865019732989,0.000152151580511671,0.000637496370456251
"3GCR-Ec","Model A","Temperature",31.1622224783644,0.000129951240388457,0.000544479681415958
"3GCR-Ec","Model A","Temperature",31.2379429834298,0.000110489059663026,0.000462935542788531
"3GCR-Ec","Model A","Temperature",31.3136634884952,9.41178921703289e-05,0.000394342368655021
"3GCR-Ec","Model A","Temperature",31.3893839935606,7.98905364296759e-05,0.000334731501548975
"3GCR-Ec","Model A","Temperature",31.465104498626,6.74956714233799e-05,0.000282798544774971
"3GCR-Ec","Model A","Temperature",31.5408250036915,5.67502556490884e-05,0.000237776576997063
"3GCR-Ec","Model A","Temperature",31.6165455087569,4.74819533515598e-05,0.000198943532640271
"3GCR-Ec","Model A","Temperature",31.6922660138223,3.98876210494718e-05,0.000167124216256315
"3GCR-Ec","Model A","Temperature",31.7679865188877,3.33436235476938e-05,0.00013970567323738
"3GCR-Ec","Model A","Temperature",31.8437070239531,2.77301536152182e-05,0.000116185926051158
"3GCR-Ec","Model A","Temperature",31.9194275290186,2.29413688907118e-05,9.61215082481834e-05
"3GCR-Ec","Model A","Temperature",31.995148034084,1.89022899449521e-05,7.91982652608352e-05
"3GCR-Ec","Model A","Temperature",32.0708685391494,1.56411585932295e-05,6.55345268145249e-05
"3GCR-Ec","Model A","Temperature",32.1465890442148,1.28709216542411e-05,5.3927575457398e-05
"3GCR-Ec","Model A","Humidity",27.2780352632902,9.0921473412464e-05,0.000653558006386044
"3GCR-Ec","Model A","Humidity",27.4126437137706,0.000100054895184448,0.000719210494194963
"3GCR-Ec","Model A","Humidity",27.5472521642511,0.000109621436869143,0.00078797631679767
"3GCR-Ec","Model A","Humidity",27.6818606147316,0.000119561565478921,0.000859427541614014
"3GCR-Ec","Model A","Humidity",27.816469065212,0.000129833784904737,0.000933265888014771
"3GCR-Ec","Model A","Humidity",27.9510775156925,0.000140391715636564,0.00100915797270803
"3GCR-Ec","Model A","Humidity",28.085685966173,0.000151210452133627,0.00108692477070701
"3GCR-Ec","Model A","Humidity",28.2202944166535,0.000162165586866165,0.00116567202090837
"3GCR-Ec","Model A","Humidity",28.3549028671339,0.000173164170157532,0.00124473158625843
"3GCR-Ec","Model A","Humidity",28.4895113176144,0.000184132078985557,0.0013235706586891
"3GCR-Ec","Model A","Humidity",28.6241197680949,0.000194992171331143,0.00140163472910237
"3GCR-Ec","Model A","Humidity",28.7587282185753,0.00020561079493349,0.00147796308379842
"3GCR-Ec","Model A","Humidity",28.8933366690558,0.000215848405907184,0.00155155265914296
"3GCR-Ec","Model A","Humidity",29.0279451195363,0.000225652248420479,0.00162202423782983
"3GCR-Ec","Model A","Humidity",29.1625535700168,0.000234938794235163,0.00168877740560268
"3GCR-Ec","Model A","Humidity",29.2971620204972,0.000243625927820909,0.00175122190297409
"3GCR-Ec","Model A","Humidity",29.4317704709777,0.000251544687662344,0.00180814320770856
"3GCR-Ec","Model A","Humidity",29.5663789214582,0.000258499542964066,0.00185813581336154
"3GCR-Ec","Model A","Humidity",29.7009873719387,0.000264569587613263,0.00190176825936917
"3GCR-Ec","Model A","Humidity",29.8355958224191,0.000269697742763686,0.00193863025390971
"3GCR-Ec","Model A","Humidity",29.9702042728996,0.000273833013191286,0.00196835523520504
"3GCR-Ec","Model A","Humidity",30.1048127233801,0.000276866606527543,0.00199016118641347
"3GCR-Ec","Model A","Humidity",30.2394211738605,0.000278536611646859,0.00200216544872324
"3GCR-Ec","Model A","Humidity",30.374029624341,0.000279099620621478,0.00200621244674494
"3GCR-Ec","Model A","Humidity",30.5086380748215,0.000278552877758141,0.00200228237211727
"3GCR-Ec","Model A","Humidity",30.643246525302,0.000276901562140309,0.00199041245291558
"3GCR-Ec","Model A","Humidity",30.7778549757824,0.000274150937496915,0.00197064052566032
"3GCR-Ec","Model A","Humidity",30.9124634262629,0.000270025211768898,0.00194098415318309
"3GCR-Ec","Model A","Humidity",31.0470718767434,0.000264908325107839,0.00190420315833566
"3GCR-Ec","Model A","Humidity",31.1816803272239,0.000258853359940924,0.00186067910604413
"3GCR-Ec","Model A","Humidity",31.3162887777043,0.000251919054768132,0.00181083421798515
"3GCR-Ec","Model A","Humidity",31.4508972281848,0.000244169660329232,0.00175513033869131
"3GCR-Ec","Model A","Humidity",31.5855056786653,0.000235511866308777,0.00169289673877987
"3GCR-Ec","Model A","Humidity",31.7201141291457,0.000226228513774277,0.00162616652481267
"3GCR-Ec","Model A","Humidity",31.8547225796262,0.00021643408730449,0.00155576263014359
"3GCR-Ec","Model A","Humidity",31.9893310301067,0.00020621243084311,0.00148228773837015
"3GCR-Ec","Model A","Humidity",32.1239394805872,0.000195648063918075,0.00140634938929683
"3GCR-Ec","Model A","Humidity",32.2585479310676,0.00018480130131113,0.00132838113516418
"3GCR-Ec","Model A","Humidity",32.3931563815481,0.000173831981723517,0.0012495319219693
"3GCR-Ec","Model A","Humidity",32.5277648320286,0.000162839056401089,0.00117051302699952
"3GCR-Ec","Model A","Humidity",32.6623732825091,0.000151895961402159,0.00109185232031752
"3GCR-Ec","Model A","Humidity",32.7969817329895,0.000141072695686829,0.00101405296557754
"3GCR-Ec","Model A","Humidity",32.93159018347,0.000130483363841703,0.000937935164689468
"3GCR-Ec","Model A","Humidity",33.0661986339505,0.000120218084224427,0.00086414670273585
"3GCR-Ec","Model A","Humidity",33.2008070844309,0.00011029319670686,0.000792805033313478
"3GCR-Ec","Model A","Humidity",33.3354155349114,0.000100749668260225,0.000724204633524793
"3GCR-Ec","Model A","Humidity",33.4700239853919,9.16237087503225e-05,0.000658605785642134
"3GCR-Ec","Model A","Humidity",33.6046324358724,8.30035570473954e-05,0.000596642764693796
"3GCR-Ec","Model A","Humidity",33.7392408863528,7.49637711642472e-05,0.000538851505529702
"3GCR-Ec","Model A","Humidity",33.8738493368333,6.74257889895176e-05,0.000484667291202897
"3GCR-Ec","Model A","Humidity",34.0084577873138,6.03974878574781e-05,0.000434146745244534
"3GCR-Ec","Model A","Humidity",34.1430662377942,5.3883326592942e-05,0.000387321918396273
"3GCR-Ec","Model A","Humidity",34.2776746882747,4.79178756991381e-05,0.000344441308931646
"3GCR-Ec","Model A","Humidity",34.4122831387552,4.25881536430126e-05,0.000306130419426026
"3GCR-Ec","Model A","Humidity",34.5468915892357,3.77556569438187e-05,0.000271393664839299
"3GCR-Ec","Model A","Humidity",34.6815000397161,3.34097030398465e-05,0.000240154257219489
"3GCR-Ec","Model A","Humidity",34.8161084901966,2.95386296996329e-05,0.000212328366592673
"3GCR-Ec","Model A","Humidity",34.9507169406771,2.6136194499139e-05,0.000187871121422385
"3GCR-Ec","Model A","Humidity",35.0853253911576,2.33102504976832e-05,0.000167557786646435
"3GCR-Ec","Model A","Humidity",35.219933841638,2.09086794286903e-05,0.000150294911979577
"3GCR-Ec","Model A","Humidity",35.3545422921185,1.89198587816882e-05,0.000135998952968689
"3GCR-Ec","Model A","Humidity",35.489150742599,1.73331702821549e-05,0.000124593583768321
"3GCR-Ec","Model A","Humidity",35.6237591930794,1.61390447122395e-05,0.00011601001931916
"3GCR-Ec","Model A","Humidity",35.7583676435599,1.54338877983499e-05,0.00011094123931006
"3GCR-Ec","Model A","Humidity",35.8929760940404,1.51186607284101e-05,0.000108675337013755
"3GCR-Ec","Model A","Humidity",36.0275845445209,1.51779504732712e-05,0.000109101521126222
"3GCR-Ec","Model A","Humidity",36.1621929950013,1.56123087085238e-05,0.000112223757179319
"3GCR-Ec","Model A","Humidity",36.2968014454818,1.64239743873061e-05,0.00011805813912417
"3GCR-Ec","Model A","Humidity",36.4314098959623,1.77067315503053e-05,0.000127278801555849
"3GCR-Ec","Model A","Humidity",36.5660183464427,1.94197442476676e-05,0.000139592209174347
"3GCR-Ec","Model A","Humidity",36.7006267969232,2.15393414985126e-05,0.000154828211205674
"3GCR-Ec","Model A","Humidity",36.8352352474037,2.40768758038525e-05,0.000173068411232028
"3GCR-Ec","Model A","Humidity",36.9698436978842,2.70445427593441e-05,0.000194400473133952
"3GCR-Ec","Model A","Humidity",37.1044521483646,3.0537280098887e-05,0.000219506824436755
"3GCR-Ec","Model A","Humidity",37.2390605988451,3.45616613415385e-05,0.000248434716640536
"3GCR-Ec","Model A","Humidity",37.3736690493256,3.90676055193446e-05,0.000280824159785328
"3GCR-Ec","Model A","Humidity",37.5082774998061,4.40666457076626e-05,0.00031675805545043
"3GCR-Ec","Model A","Humidity",37.6428859502865,4.95691277331557e-05,0.000356310771082768
"3GCR-Ec","Model A","Humidity",37.777494400767,5.56487076043616e-05,0.00040001175778219
"3GCR-Ec","Model A","Humidity",37.9121028512475,6.23482172889192e-05,0.000448168898541892
"3GCR-Ec","Model A","Humidity",38.0467113017279,6.95675101897064e-05,0.000500062323699568
"3GCR-Ec","Model A","Humidity",38.1813197522084,7.73016105093184e-05,0.000555656266432379
"3GCR-Ec","Model A","Humidity",38.3159282026889,8.55421336217809e-05,0.000614890456715759
"3GCR-Ec","Model A","Humidity",38.4505366531694,9.43108436462981e-05,0.000677921338498798
"3GCR-Ec","Model A","Humidity",38.5851451036498,0.00010365573198896,0.000745093881638567
"3GCR-Ec","Model A","Humidity",38.7197535541303,0.000113426604778292,0.000815328468707766
"3GCR-Ec","Model A","Humidity",38.8543620046108,0.000123589002014618,0.000888377395749965
"3GCR-Ec","Model A","Humidity",38.9889704550913,0.00013410440896412,0.000963963812735066
"3GCR-Ec","Model A","Humidity",39.1235789055717,0.000144935236158372,0.00104181752058773
"3GCR-Ec","Model A","Humidity",39.2581873560522,0.000156072134357845,0.00112187131548778
"3GCR-Ec","Model A","Humidity",39.3927958065327,0.000167365939866817,0.00120305298507502
"3GCR-Ec","Model A","Humidity",39.5274042570131,0.000178756909110222,0.0012849330830333
"3GCR-Ec","Model A","Humidity",39.6620127074936,0.000190183869802356,0.0013670718932473
"3GCR-Ec","Model A","Humidity",39.7966211579741,0.000201584377175556,0.00144902055279901
"3GCR-Ec","Model A","Humidity",39.9312296084546,0.000212836498981626,0.00152990259330254
"3GCR-Ec","Model A","Humidity",40.065838058935,0.000223878486002217,0.00160927415155898
"3GCR-Ec","Model A","Humidity",40.2004465094155,0.000234658640946874,0.00168676361922522
"3GCR-Ec","Model A","Humidity",40.335054959896,0.000245126228713953,0.00176200630432435
"3GCR-Ec","Model A","Humidity",40.4696634103765,0.000255235236821328,0.00183467146181938
"3GCR-Ec","Model A","Humidity",40.6042718608569,0.000264841835167079,0.00190372521807031
"3GCR-Ec","Model A","Humidity",40.7388803113374,0.000273973272958707,0.001969363444713
"3GCR-Ec","Model A","Humidity",40.8734887618179,0.000282660353462872,0.00203180756052557
"3GCR-Ec","Model A","Humidity",41.0080972122983,0.000290911461204274,0.0020911178348046
"3GCR-Ec","Model A","Humidity",41.1427056627788,0.00029874609806851,0.00214743445020436
"3GCR-Ec","Model A","Humidity",41.2773141132593,0.000306144115374169,0.00220061257479943
"3GCR-Ec","Model A","Humidity",41.4119225637398,0.000313224855604716,0.0022515100613351
"3GCR-Ec","Model A","Humidity",41.5465310142202,0.00032012852207469,0.00230113471352702
"3GCR-Ec","Model A","Humidity",41.6811394647007,0.000326959593036975,0.0023502375376678
"3GCR-Ec","Model A","Humidity",41.8157479151812,0.000333835966358327,0.00239966600236811
"3GCR-Ec","Model A","Humidity",41.9503563656616,0.000340946719139513,0.00245077922388943
"3GCR-Ec","Model A","Humidity",42.0849648161421,0.00034857907219866,0.00250564179113735
"3GCR-Ec","Model A","Humidity",42.2195732666226,0.000356880603998486,0.00256531452156519
"3GCR-Ec","Model A","Humidity",42.3541817171031,0.000366045991339099,0.00263119678296359
"3GCR-Ec","Model A","Humidity",42.4887901675835,0.000376278084481758,0.00270474669526138
"3GCR-Ec","Model A","Humidity",42.623398618064,0.000387916764353719,0.00278840737660094
"3GCR-Ec","Model A","Humidity",42.7580070685445,0.000401566270485903,0.00288652219679788
"3GCR-Ec","Model A","Humidity",42.892615519025,0.000417143211605755,0.00299849172612678
"3GCR-Ec","Model A","Humidity",43.0272239695054,0.000434869068937408,0.00312590800683973
"3GCR-Ec","Model A","Humidity",43.1618324199859,0.00045496103469725,0.00327033225111929
"3GCR-Ec","Model A","Humidity",43.2964408704664,0.000477711455479908,0.00343386589276746
"3GCR-Ec","Model A","Humidity",43.4310493209468,0.000504162671502308,0.00362400143898395
"3GCR-Ec","Model A","Humidity",43.5656577714273,0.000533732116649691,0.00383655131191436
"3GCR-Ec","Model A","Humidity",43.7002662219078,0.000566564494277582,0.00407255566228443
"3GCR-Ec","Model A","Humidity",43.8348746723883,0.000602785801551855,0.0043329201777546
"3GCR-Ec","Model A","Humidity",43.9694831228687,0.000642502907130305,0.00461841304722802
"3GCR-Ec","Model A","Humidity",44.1040915733492,0.000686863182318587,0.00493728175806895
"3GCR-Ec","Model A","Humidity",44.2387000238297,0.00073493611198316,0.00528283761955599
"3GCR-Ec","Model A","Humidity",44.3733084743102,0.00078661034509394,0.00565428022278132
"3GCR-Ec","Model A","Humidity",44.5079169247906,0.000841833286691681,0.0060512315068159
"3GCR-Ec","Model A","Humidity",44.6425253752711,0.000900525872085745,0.00647312314209299
"3GCR-Ec","Model A","Humidity",44.7771338257516,0.000963317540097716,0.00692447963493588
"3GCR-Ec","Model A","Humidity",44.911742276232,0.00102939315381754,0.00739944165163743
"3GCR-Ec","Model A","Humidity",45.0463507267125,0.00109828404214517,0.00789464030981715
"3GCR-Ec","Model A","Humidity",45.180959177193,0.00116974952313764,0.00840834554940308
"3GCR-Ec","Model A","Humidity",45.3155676276735,0.00124352880929495,0.00893868278838303
"3GCR-Ec","Model A","Humidity",45.4501760781539,0.0013196227831273,0.00948565837038062
"3GCR-Ec","Model A","Humidity",45.5847845286344,0.00139739350665413,0.0100446866957666
"3GCR-Ec","Model A","Humidity",45.7193929791149,0.00147626072181926,0.0106115967773786
"3GCR-Ec","Model A","Humidity",45.8540014295953,0.0015558888585496,0.0111839764841793
"3GCR-Ec","Model A","Humidity",45.9886098800758,0.00163594094081273,0.0117594035788723
"3GCR-Ec","Model A","Humidity",46.1232183305563,0.00171601721866993,0.0123350045953423
"3GCR-Ec","Model A","Humidity",46.2578267810368,0.00179556201439913,0.0129067852337766
"3GCR-Ec","Model A","Humidity",46.3924352315172,0.00187427568157203,0.013472591588008
"3GCR-Ec","Model A","Humidity",46.5270436819977,0.00195188065966621,0.0140304285088725
"3GCR-Ec","Model A","Humidity",46.6616521324782,0.00202811789036816,0.014578433844025
"3GCR-Ec","Model A","Humidity",46.7962605829587,0.00210258279237266,0.0151136993987198
"3GCR-Ec","Model A","Humidity",46.9308690334391,0.00217469576540588,0.0156320589140387
"3GCR-Ec","Model A","Humidity",47.0654774839196,0.00224470225042921,0.0161352766586344
"3GCR-Ec","Model A","Humidity",47.2000859344001,0.00231249881773068,0.0166226091632932
"3GCR-Ec","Model A","Humidity",47.3346943848805,0.00237800768661319,0.0170934973279981
"3GCR-Ec","Model A","Humidity",47.469302835361,0.0024410955807943,0.0175469831416414
"3GCR-Ec","Model A","Humidity",47.6039112858415,0.0025011758564561,0.0179788497151902
"3GCR-Ec","Model A","Humidity",47.738519736322,0.00255895991197008,0.0183942106932432
"3GCR-Ec","Model A","Humidity",47.8731281868024,0.00261451627843595,0.0187935586882407
"3GCR-Ec","Model A","Humidity",48.0077366372829,0.00266792826918516,0.0191774925696551
"3GCR-Ec","Model A","Humidity",48.1423450877634,0.00271929338061489,0.0195467131570902
"3GCR-Ec","Model A","Humidity",48.2769535382439,0.00276821433226564,0.0198983647354398
"3GCR-Ec","Model A","Humidity",48.4115619887243,0.00281540666847,0.0202375907511303
"3GCR-Ec","Model A","Humidity",48.5461704392048,0.00286102597201661,0.0205655095579824
"3GCR-Ec","Model A","Humidity",48.6807788896853,0.00290519063173415,0.020882972153719
"3GCR-Ec","Model A","Humidity",48.8153873401657,0.00294801313476559,0.0211907871138079
"3GCR-Ec","Model A","Humidity",48.9499957906462,0.0029893252236861,0.0214877449771286
"3GCR-Ec","Model A","Humidity",49.0846042411267,0.00302945584934368,0.0217762102946759
"3GCR-Ec","Model A","Humidity",49.2192126916072,0.003068526176162,0.0220570540155909
"3GCR-Ec","Model A","Humidity",49.3538211420876,0.00310655549914905,0.0223304148354588
"3GCR-Ec","Model A","Humidity",49.4884295925681,0.00314354421246993,0.0225962955876009
"3GCR-Ec","Model A","Humidity",49.6230380430486,0.00317924246197217,0.0228529002806454
"3GCR-Ec","Model A","Humidity",49.7576464935291,0.00321362312468881,0.0231000339503933
"3GCR-Ec","Model A","Humidity",49.8922549440095,0.0032467076984853,0.0233378511269197
"3GCR-Ec","Model A","Humidity",50.02686339449,0.00327837155722599,0.0235654559777472
"3GCR-Ec","Model A","Humidity",50.1614718449705,0.00330847414480625,0.0237818381632487
"3GCR-Ec","Model A","Humidity",50.2960802954509,0.00333656692486091,0.0239837735327195
"3GCR-Ec","Model A","Humidity",50.4306887459314,0.00336229112692637,0.0241686831870263
"3GCR-Ec","Model A","Humidity",50.5652971964119,0.00338574959893109,0.0243373064134309
"3GCR-Ec","Model A","Humidity",50.6999056468924,0.00340674281917162,0.024488209018207
"3GCR-Ec","Model A","Humidity",50.8345140973728,0.00342507105132244,0.0246199552648911
"3GCR-Ec","Model A","Humidity",50.9691225478533,0.00344024106450925,0.0247289997315403
"3GCR-Ec","Model A","Humidity",51.1037309983338,0.00345154344863367,0.0248102430655792
"3GCR-Ec","Model A","Humidity",51.2383394488142,0.00345946364876736,0.0248671747233634
"3GCR-Ec","Model A","Humidity",51.3729478992947,0.00346386005713606,0.0248987768056974
"3GCR-Ec","Model A","Humidity",51.5075563497752,0.00346460936862341,0.0249041629758006
"3GCR-Ec","Model A","Humidity",51.6421648002557,0.00346144822385861,0.0248814401646446
"3GCR-Ec","Model A","Humidity",51.7767732507361,0.00345339052936696,0.0248235201755553
"3GCR-Ec","Model A","Humidity",51.9113817012166,0.00344147770198051,0.0247378888782952
"3GCR-Ec","Model A","Humidity",52.0459901516971,0.00342575044096526,0.024624838825659
"3GCR-Ec","Model A","Humidity",52.1805986021776,0.00340628029305972,0.0244848843069782
"3GCR-Ec","Model A","Humidity",52.315207052658,0.00338316992619566,0.0243187633156696
"3GCR-Ec","Model A","Humidity",52.4498155031385,0.00335561216277938,0.0241206737308572
"3GCR-Ec","Model A","Humidity",52.584423953619,0.003324945187398,0.0239002346361098
"3GCR-Ec","Model A","Humidity",52.7190324040994,0.0032914902199257,0.0236597550109533
"3GCR-Ec","Model A","Humidity",52.8536408545799,0.00325556614622823,0.02340152705769
"3GCR-Ec","Model A","Humidity",52.9882493050604,0.00321752390538096,0.0231280733821891
"3GCR-Ec","Model A","Humidity",53.1228577555409,0.00317751792881955,0.0228405040621629
"3GCR-Ec","Model A","Humidity",53.2574662060213,0.00313655664443814,0.0225460678376433
"3GCR-Ec","Model A","Humidity",53.3920746565018,0.00309524228035056,0.02224909362006
"3GCR-Ec","Model A","Humidity",53.5266831069823,0.00305410036432267,0.021953358986547
"3GCR-Ec","Model A","Humidity",53.6612915574627,0.00301367553040858,0.0216627788532761
"3GCR-Ec","Model A","Humidity",53.7959000079432,0.0029750005653218,0.0213847770553455
"3GCR-Ec","Model A","Humidity",53.9305084584237,0.00293890141561441,0.0211252906278878
"3GCR-Ec","Model A","Humidity",54.0651169089042,0.00290580832043925,0.0208874121983368
"3GCR-Ec","Model A","Humidity",54.1997253593846,0.00287631085104809,0.0206753796985855
"3GCR-Ec","Model A","Humidity",54.3343338098651,0.00285099196606546,0.0204933835279108
"3GCR-Ec","Model A","Humidity",54.4689422603456,0.00283128241773963,0.020351708160947
"3GCR-Ec","Model A","Humidity",54.6035507108261,0.00281815861537698,0.0202573721830265
"3GCR-Ec","Model A","Humidity",54.7381591613065,0.00281129315656223,0.0202080221735349
"3GCR-Ec","Model A","Humidity",54.872767611787,0.0028111262395077,0.020206822347209
"3GCR-Ec","Model A","Humidity",55.0073760622675,0.00281806180232664,0.0202566762754285
"3GCR-Ec","Model A","Humidity",55.1419845127479,0.00283325483281303,0.0203658861940865
"3GCR-Ec","Model A","Humidity",55.2765929632284,0.0028580645341861,0.0205442222720212
"3GCR-Ec","Model A","Humidity",55.4112014137089,0.00289101723919591,0.0207810915547432
"3GCR-Ec","Model A","Humidity",55.5458098641894,0.00293221003618681,0.0210771919287078
"3GCR-Ec","Model A","Humidity",55.6804183146698,0.00298168644782798,0.0214328362417805
"3GCR-Ec","Model A","Humidity",55.8150267651503,0.00303982577218628,0.0218507509487702
"3GCR-Ec","Model A","Humidity",55.9496352156308,0.00310822576703028,0.0223424209865429
"3GCR-Ec","Model A","Humidity",56.0842436661112,0.00318441834672667,0.0228901053631685
"3GCR-Ec","Model A","Humidity",56.2188521165917,0.00326810414832392,0.0234916522101559
"3GCR-Ec","Model A","Humidity",56.3534605670722,0.00335893979951408,0.0241445933127632
"3GCR-Ec","Model A","Humidity",56.4880690175527,0.00345653868488694,0.0248461496179544
"3GCR-Ec","Model A","Humidity",56.6226774680331,0.00356214787787625,0.025605285287842
"3GCR-Ec","Model A","Humidity",56.7572859185136,0.00367313788167292,0.0264030990813016
"3GCR-Ec","Model A","Humidity",56.8918943689941,0.00378894849536135,0.0272355641850861
"3GCR-Ec","Model A","Humidity",57.0265028194746,0.00390903268950593,0.028098748464641
"3GCR-Ec","Model A","Humidity",57.161111269955,0.00403283747195596,0.0289886769244674
"3GCR-Ec","Model A","Humidity",57.2957197204355,0.00416038111514922,0.0299054809097531
"3GCR-Ec","Model A","Humidity",57.430328170916,0.00429025022855948,0.0308390007446825
"3GCR-Ec","Model A","Humidity",57.5649366213964,0.00442181335337209,0.0317846974029007
"3GCR-Ec","Model A","Humidity",57.6995450718769,0.00455463920989482,0.0327394707774115
"3GCR-Ec","Model A","Humidity",57.8341535223574,0.00468833491248719,0.0337004967437667
"3GCR-Ec","Model A","Humidity",57.9687619728379,0.00482257325650625,0.0346654233029709
"3GCR-Ec","Model A","Humidity",58.1033704233183,0.00495694463292256,0.0356313061201971
"3GCR-Ec","Model A","Humidity",58.2379788737988,0.00509130279264771,0.036597093933746
"3GCR-Ec","Model A","Humidity",58.3725873242793,0.0052256132946484,0.0375625391759944
"3GCR-Ec","Model A","Humidity",58.5071957747598,0.00535990544388287,0.0385278524956414
"3GCR-Ec","Model A","Humidity",58.6418042252402,0.00549435057779721,0.03949426549349
"3GCR-Ec","Model A","Humidity",58.7764126757207,0.00562936060636667,0.0404647390439317
"3GCR-Ec","Model A","Humidity",58.9110211262012,0.00576530257340745,0.041441911516273
"3GCR-Ec","Model A","Humidity",59.0456295766816,0.00590262224835007,0.0424289871720528
"3GCR-Ec","Model A","Humidity",59.1802380271621,0.00604182178198539,0.0434295755509923
"3GCR-Ec","Model A","Humidity",59.3148464776426,0.00618383275208161,0.0444503729821997
"3GCR-Ec","Model A","Humidity",59.4494549281231,0.00633008435922644,0.0455016527867263
"3GCR-Ec","Model A","Humidity",59.5840633786035,0.00648079976939034,0.0465850191170488
"3GCR-Ec","Model A","Humidity",59.718671829084,0.00663676086657497,0.0477060922796819
"3GCR-Ec","Model A","Humidity",59.8532802795645,0.0067987741484125,0.0488706695078296
"3GCR-Ec","Model A","Humidity",59.987888730045,0.0069681202382167,0.0500879561254762
"3GCR-Ec","Model A","Humidity",60.1224971805254,0.00714781160536311,0.051379606241442
"3GCR-Ec","Model A","Humidity",60.2571056310059,0.00733690003592871,0.052738803943293
"3GCR-Ec","Model A","Humidity",60.3917140814864,0.00753624312774906,0.0541717137806194
"3GCR-Ec","Model A","Humidity",60.5263225319668,0.0077466881846866,0.0556844263082965
"3GCR-Ec","Model A","Humidity",60.6609309824473,0.00796911562051624,0.0572832700805143
"3GCR-Ec","Model A","Humidity",60.7955394329278,0.00820875928369382,0.0590058668320966
"3GCR-Ec","Model A","Humidity",60.9301478834083,0.00846262080575879,0.060830663813842
"3GCR-Ec","Model A","Humidity",61.0647563338887,0.0087314030141303,0.062762713060981
"3GCR-Ec","Model A","Humidity",61.1993647843692,0.00901577499689538,0.0648068240850607
"3GCR-Ec","Model A","Humidity",61.3339732348497,0.00931637154516264,0.0669675598654947
"3GCR-Ec","Model A","Humidity",61.4685816853302,0.00963854568013275,0.0692833987697435
"3GCR-Ec","Model A","Humidity",61.6031901358106,0.0099793121334007,0.0717328822138879
"3GCR-Ec","Model A","Humidity",61.7377985862911,0.0103382548523035,0.0743130195452384
"3GCR-Ec","Model A","Humidity",61.8724070367716,0.0107157288372766,0.0770263625633661
"3GCR-Ec","Model A","Humidity",62.007015487252,0.0111120398776667,0.0798751093307126
"3GCR-Ec","Model A","Humidity",62.1416239377325,0.0115316223003479,0.0828911344938572
"3GCR-Ec","Model A","Humidity",62.276232388213,0.0119724359009686,0.0860597727395503
"3GCR-Ec","Model A","Humidity",62.4108408386935,0.0124325638606258,0.0893672456687655
"3GCR-Ec","Model A","Humidity",62.5454492891739,0.0129119311489834,0.0928130139515164
"3GCR-Ec","Model A","Humidity",62.6800577396544,0.0134103958171641,0.0963960572367057
"3GCR-Ec","Model A","Humidity",62.8146661901349,0.0139307547918322,0.100136480277877
"3GCR-Ec","Model A","Humidity",62.9492746406154,0.0144721099355997,0.10402782712069
"3GCR-Ec","Model A","Humidity",63.0838830910958,0.0150310551542183,0.108045614218158
"3GCR-Ec","Model A","Humidity",63.2184915415763,0.0156069427563867,0.112185185862231
"3GCR-Ec","Model A","Humidity",63.3530999920568,0.0161990397732326,0.116441273356122
"3GCR-Ec","Model A","Humidity",63.4877084425372,0.016808084276791,0.120819182078963
"3GCR-Ec","Model A","Humidity",63.6223168930177,0.0174336614510493,0.125315930267305
"3GCR-Ec","Model A","Humidity",63.7569253434982,0.0180714589135967,0.129900519830758
"3GCR-Ec","Model A","Humidity",63.8915337939787,0.018720166913729,0.134563536073025
"3GCR-Ec","Model A","Humidity",64.0261422444591,0.0193783922722431,0.139294964600494
"3GCR-Ec","Model A","Humidity",64.1607506949396,0.020044998861958,0.144086638750356
"3GCR-Ec","Model A","Humidity",64.2953591454201,0.0207185200733622,0.148928016300268
"3GCR-Ec","Model A","Humidity",64.4299675959005,0.0213951516143519,0.153791751393748
"3GCR-Ec","Model A","Humidity",64.564576046381,0.0220730524172408,0.158664610143558
"3GCR-Ec","Model A","Humidity",64.6991844968615,0.0227503399477777,0.1635330605942
"3GCR-Ec","Model A","Humidity",64.833792947342,0.0234250368554427,0.168382889235757
"3GCR-Ec","Model A","Humidity",64.9684013978224,0.0240926322604837,0.173181671147393
"3GCR-Ec","Model A","Humidity",65.1030098483029,0.0247519330690944,0.177920830181141
"3GCR-Ec","Model A","Humidity",65.2376182987834,0.0254009911002701,0.182586362502199
"3GCR-Ec","Model A","Humidity",65.3722267492639,0.0260378906559626,0.187164497768421
"3GCR-Ec","Model A","Humidity",65.5068351997443,0.0266607511437637,0.191641717982586
"3GCR-Ec","Model A","Humidity",65.6414436502248,0.0272625159256446,0.195967298908616
"3GCR-Ec","Model A","Humidity",65.7760521007053,0.0278445163992355,0.200150810844352
"3GCR-Ec","Model A","Humidity",65.9106605511857,0.0284059432243863,0.204186436124121
"3GCR-Ec","Model A","Humidity",66.0452690016662,0.028945402081272,0.208064152155339
"3GCR-Ec","Model A","Humidity",66.1798774521467,0.0294615997971447,0.211774663406696
"3GCR-Ec","Model A","Humidity",66.3144859026272,0.0299475311571338,0.215267615279948
"3GCR-Ec","Model A","Humidity",66.4490943531076,0.0304049802506641,0.218555832093533
"3GCR-Ec","Model A","Humidity",66.5837028035881,0.0308356035349499,0.221651220725264
"3GCR-Ec","Model A","Humidity",66.7183112540686,0.0312388809824928,0.224550043134806
"3GCR-Ec","Model A","Humidity",66.852919704549,0.0316144150363079,0.227249441619343
"3GCR-Ec","Model A","Humidity",66.9875281550295,0.0319571226362082,0.229712878334101
"3GCR-Ec","Model A","Humidity",67.12213660551,0.0322677629621342,0.231945810385194
"3GCR-Ec","Model A","Humidity",67.2567450559905,0.032550635384703,0.23397914233217
"3GCR-Ec","Model A","Humidity",67.3913535064709,0.0328060911451145,0.235815398952616
"3GCR-Ec","Model A","Humidity",67.5259619569514,0.0330345805528329,0.237457817142556
"3GCR-Ec","Model A","Humidity",67.6605704074319,0.0332336244715037,0.238888576475718
"3GCR-Ec","Model A","Humidity",67.7951788579124,0.0334025123497288,0.240102569395684
"3GCR-Ec","Model A","Humidity",67.9297873083928,0.0335473185154382,0.241143459137364
"3GCR-Ec","Model A","Humidity",68.0643957588733,0.0336690267777072,0.242018317476805
"3GCR-Ec","Model A","Humidity",68.1990042093538,0.0337686843625406,0.242734672041029
"3GCR-Ec","Model A","Humidity",68.3336126598342,0.0338460966037274,0.24329112353836
"3GCR-Ec","Model A","Humidity",68.4682211103147,0.0338997628242205,0.243676884863594
"3GCR-Ec","Model A","Humidity",68.6028295607952,0.0339361860112379,0.243938700522754
"3GCR-Ec","Model A","Humidity",68.7374380112757,0.0339567573736876,0.244086570746659
"3GCR-Ec","Model A","Humidity",68.8720464617561,0.0339629121179085,0.244130812026654
"3GCR-Ec","Model A","Humidity",69.0066549122366,0.033955948980285,0.244080759886355
"3GCR-Ec","Model A","Humidity",69.1412633627171,0.0339351876987324,0.243931524493744
"3GCR-Ec","Model A","Humidity",69.2758718131976,0.0339061534962902,0.243722822030476
"3GCR-Ec","Model A","Humidity",69.410480263678,0.0338705499080781,0.243466897777835
"3GCR-Ec","Model A","Humidity",69.5450887141585,0.0338301174617917,0.243176262925622
"3GCR-Ec","Model A","Humidity",69.679697164639,0.0337866333244116,0.242863692032642
"3GCR-Ec","Model A","Humidity",69.8143056151194,0.0337425623677901,0.242546902989657
"3GCR-Ec","Model A","Humidity",69.9489140655999,0.0337008818211465,0.242247296593643
"3GCR-Ec","Model A","Humidity",70.0835225160804,0.0336635482525487,0.241978936966942
"3GCR-Ec","Model A","Humidity",70.2181309665609,0.0336325186367226,0.241755891155022
"3GCR-Ec","Model A","Humidity",70.3527394170413,0.0336097647410762,0.241592332535501
"3GCR-Ec","Model A","Humidity",70.4873478675218,0.0336004513412355,0.24152538633672
"3GCR-Ec","Model A","Humidity",70.6219563180023,0.0336061492818391,0.241566344039687
"3GCR-Ec","Model A","Humidity",70.7565647684827,0.0336278626000548,0.241722422823196
"3GCR-Ec","Model A","Humidity",70.8911732189632,0.0336675043453732,0.242007373991139
"3GCR-Ec","Model A","Humidity",71.0257816694437,0.0337269527693145,0.242434698714064
"3GCR-Ec","Model A","Humidity",71.1603901199242,0.0338124357619871,0.243049164056234
"3GCR-Ec","Model A","Humidity",71.2949985704046,0.033925889099484,0.243864684683973
"3GCR-Ec","Model A","Humidity",71.4296070208851,0.0340658099013542,0.244870457653659
"3GCR-Ec","Model A","Humidity",71.5642154713656,0.0342336455300867,0.246076886836975
"3GCR-Ec","Model A","Humidity",71.6988239218461,0.0344307494673525,0.247493701275363
"3GCR-Ec","Model A","Humidity",71.8334323723265,0.0346624629545351,0.249159294661084
"3GCR-Ec","Model A","Humidity",71.968040822807,0.0349324638816709,0.251100104252463
"3GCR-Ec","Model A","Humidity",72.1026492732875,0.0352356655758172,0.253279566235665
"3GCR-Ec","Model A","Humidity",72.237257723768,0.0355726647597551,0.255701969948912
"3GCR-Ec","Model A","Humidity",72.3718661742484,0.0359439285356013,0.258370672996481
"3GCR-Ec","Model A","Humidity",72.5064746247289,0.0363524059786212,0.261306873800253
"3GCR-Ec","Model A","Humidity",72.6410830752094,0.0368039391821429,0.264552566255896
"3GCR-Ec","Model A","Humidity",72.7756915256898,0.0372899224826555,0.268045891485889
"3GCR-Ec","Model A","Humidity",72.9102999761703,0.0378099579540472,0.271783989134075
"3GCR-Ec","Model A","Humidity",73.0449084266508,0.0383635220410736,0.275763095802119
"3GCR-Ec","Model A","Humidity",73.1795168771312,0.0389507154239121,0.279983935195142
"3GCR-Ec","Model A","Humidity",73.3141253276117,0.0395787074885067,0.284498041999161
"3GCR-Ec","Model A","Humidity",73.4487337780922,0.0402367213994018,0.289227950607527
"3GCR-Ec","Model A","Humidity",73.5833422285727,0.0409234892883782,0.294164547381901
"3GCR-Ec","Model A","Humidity",73.7179506790531,0.0416376480793062,0.299298034314351
"3GCR-Ec","Model A","Humidity",73.8525591295336,0.0423777406458527,0.304617937349127
"3GCR-Ec","Model A","Humidity",73.9871675800141,0.0431482930046487,0.310156790213359
"3GCR-Ec","Model A","Humidity",74.1217760304946,0.0439405043781593,0.3158513315189
"3GCR-Ec","Model A","Humidity",74.256384480975,0.0447518207036726,0.32168320225691
"3GCR-Ec","Model A","Humidity",74.3909929314555,0.045580281069861,0.327638307085004
"3GCR-Ec","Model A","Humidity",74.525601381936,0.046423860579897,0.333702090722849
"3GCR-Ec","Model A","Humidity",74.6602098324165,0.0472826043326825,0.339874877348522
"3GCR-Ec","Model A","Humidity",74.7948182828969,0.0481510711911802,0.34611755520392
"3GCR-Ec","Model A","Humidity",74.9294267333774,0.0490259583592335,0.35240638326516
"3GCR-Ec","Model A","Humidity",75.0640351838579,0.0499048909073673,0.35872429016159
"3GCR-Ec","Model A","Humidity",75.1986436343383,0.0507854489947197,0.365053881692365
"3GCR-Ec","Model A","Humidity",75.3332520848188,0.0516641932449477,0.37137043507351
"3GCR-Ec","Model A","Humidity",75.4678605352993,0.0525369835572333,0.377644190602116
"3GCR-Ec","Model A","Humidity",75.6024689857798,0.0534013947120935,0.383857715414956
"3GCR-Ec","Model A","Humidity",75.7370774362602,0.0542547772079644,0.389991964473546
"3GCR-Ec","Model A","Humidity",75.8716858867407,0.055094459229238,0.39602773234251
"3GCR-Ec","Model A","Humidity",76.0062943372212,0.055914955019325,0.401925586531308
"3GCR-Ec","Model A","Humidity",76.1409027877016,0.0567107445868367,0.407645848464222
"3GCR-Ec","Model A","Humidity",76.2755112381821,0.057482207002127,0.413191242959223
"3GCR-Ec","Model A","Humidity",76.4101196886626,0.0582266531169521,0.418542439991192
"3GCR-Ec","Model A","Humidity",76.5447281391431,0.0589414171219196,0.42368027729838
"3GCR-Ec","Model A","Humidity",76.6793365896235,0.0596208741039902,0.428564322111563
"3GCR-Ec","Model A","Humidity",76.813945040104,0.0602554640352754,0.433125855430342
"3GCR-Ec","Model A","Humidity",76.9485534905845,0.0608504246997892,0.437402527278958
"3GCR-Ec","Model A","Humidity",77.083161941065,0.0614034438671946,0.441377716978129
"3GCR-Ec","Model A","Humidity",77.2177703915454,0.0619122989255758,0.445035448040036
"3GCR-Ec","Model A","Humidity",77.3523788420259,0.0623733582201635,0.448349615552803
"3GCR-Ec","Model A","Humidity",77.4869872925064,0.0627711830854669,0.451209243934307
"3GCR-Ec","Model A","Humidity",77.6215957429868,0.0631174292839048,0.453698116657952
"3GCR-Ec","Model A","Humidity",77.7562041934673,0.0634106516970609,0.455805845982801
"3GCR-Ec","Model A","Humidity",77.8908126439478,0.063649551517005,0.457523095870959
"3GCR-Ec","Model A","Humidity",78.0254210944283,0.0638329775559591,0.458841591401649
"3GCR-Ec","Model A","Humidity",78.1600295449087,0.063942942590676,0.459632037554405
"3GCR-Ec","Model A","Humidity",78.2946379953892,0.0639941326723322,0.46
"3GCR-Ec","Model A","Humidity",78.4292464458697,0.0639874739483993,0.459952136033708
"3GCR-Ec","Model A","Humidity",78.5638548963502,0.0639228573722763,0.459487661811223
"3GCR-Ec","Model A","Humidity",78.6984633468306,0.0638003313345237,0.458606925171587
"3GCR-Ec","Model A","Humidity",78.8330717973111,0.0636063029646709,0.457212218400745
"3GCR-Ec","Model A","Humidity",78.9676802477916,0.0633514969925147,0.455380632561587
"3GCR-Ec","Model A","Humidity",79.102288698272,0.063040932547232,0.453148245952622
"3GCR-Ec","Model A","Humidity",79.2368971487525,0.0626755703109736,0.450521964109888
"3GCR-Ec","Model A","Humidity",79.371505599233,0.0622564845527707,0.447509509049977
"3GCR-Ec","Model A","Humidity",79.5061140497135,0.061775240904703,0.44405025319531
"3GCR-Ec","Model A","Humidity",79.6407225001939,0.0612376625322555,0.440186054385209
"3GCR-Ec","Model A","Humidity",79.7753309506744,0.0606517647878489,0.435974528247227
"3GCR-Ec","Model A","Humidity",79.9099394011549,0.0600191322085761,0.43142706468591
"3GCR-Ec","Model A","Humidity",80.0445478516353,0.0593413909736789,0.426555352936194
"3GCR-Ec","Model A","Humidity",80.1791563021158,0.058614503898169,0.421330373070515
"3GCR-Ec","Model A","Humidity",80.3137647525963,0.0578398735669954,0.415762207092481
"3GCR-Ec","Model A","Humidity",80.4483732030768,0.0570267756906476,0.409917530283826
"3GCR-Ec","Model A","Humidity",80.5829816535572,0.0561768948465111,0.403808451654624
"3GCR-Ec","Model A","Humidity",80.7175901040377,0.0552918968502686,0.397446945352852
"3GCR-Ec","Model A","Humidity",80.8521985545182,0.0543706757703418,0.39082506176649
"3GCR-Ec","Model A","Humidity",80.9868070049987,0.0534114614963291,0.383930077060547
"3GCR-Ec","Model A","Humidity",81.1214154554791,0.0524233041485872,0.376827044939013
"3GCR-Ec","Model A","Humidity",81.2560239059596,0.0514076517766026,0.369526374211822
"3GCR-Ec","Model A","Humidity",81.3906323564401,0.0503659131814464,0.362038191565055
"3GCR-Ec","Model A","Humidity",81.5252408069206,0.0492986091357592,0.35436624039525
"3GCR-Ec","Model A","Humidity",81.659849257401,0.0482022129898856,0.346485170583988
"3GCR-Ec","Model A","Humidity",81.7944577078815,0.0470848124438065,0.338453117804583
"3GCR-Ec","Model A","Humidity",81.929066158362,0.0459476039293703,0.330278682199382
"3GCR-Ec","Model A","Humidity",82.0636746088424,0.0447917676974066,0.321970347598996
"3GCR-Ec","Model A","Humidity",82.1982830593229,0.0436184691267528,0.313536490931787
"3GCR-Ec","Model A","Humidity",82.3328915098034,0.0424246064915839,0.304954816499388
"3GCR-Ec","Model A","Humidity",82.4674999602838,0.0412164547640034,0.296270429798929
"3GCR-Ec","Model A","Humidity",82.6021084107643,0.0399954399378482,0.287493581100826
"3GCR-Ec","Model A","Humidity",82.7367168612448,0.0387627916266702,0.278633109062785
"3GCR-Ec","Model A","Humidity",82.8713253117253,0.0375197697096448,0.269698069896626
"3GCR-Ec","Model A","Humidity",83.0059337622057,0.0362660400229972,0.260686061580006
"3GCR-Ec","Model A","Humidity",83.1405422126862,0.0350053841067528,0.251624266423853
"3GCR-Ec","Model A","Humidity",83.2751506631667,0.0337398879393793,0.242527678773037
"3GCR-Ec","Model A","Humidity",83.4097591136472,0.0324711325596039,0.233407663385297
"3GCR-Ec","Model A","Humidity",83.5443675641276,0.0312007574420383,0.224276005064802
"3GCR-Ec","Model A","Humidity",83.6789760146081,0.0299311186522055,0.215149639585118
"3GCR-Ec","Model A","Humidity",83.8135844650886,0.0286651693189315,0.206049794505761
"3GCR-Ec","Model A","Humidity",83.9481929155691,0.0274047898243417,0.196989986312409
"3GCR-Ec","Model A","Humidity",84.0828013660495,0.0261519743767775,0.187984549691674
"3GCR-Ec","Model A","Humidity",84.21740981653,0.0249087563585038,0.179048100918564
"3GCR-Ec","Model A","Humidity",84.3520182670105,0.0236794479621646,0.170211636719394
"3GCR-Ec","Model A","Humidity",84.4866267174909,0.0224679284461321,0.161503041820101
"3GCR-Ec","Model A","Humidity",84.6212351679714,0.0212742711816348,0.152922843624741
"3GCR-Ec","Model A","Humidity",84.7558436184519,0.0201005745318787,0.144486125501656
"3GCR-Ec","Model A","Humidity",84.8904520689323,0.0189489102957204,0.136207779870418
"3GCR-Ec","Model A","Humidity",85.0250605194128,0.017823919330869,0.128121165954087
"3GCR-Ec","Model A","Humidity",85.1596689698933,0.0167320844643981,0.120272883344363
"3GCR-Ec","Model A","Humidity",85.2942774203738,0.0156697885080498,0.112636931116957
"3GCR-Ec","Model A","Humidity",85.4288858708542,0.0146386815288283,0.105225170215837
"3GCR-Ec","Model A","Humidity",85.5634943213347,0.0136403115691479,0.0980487282159981
"3GCR-Ec","Model A","Humidity",85.6981027718152,0.012677710051302,0.0911293954628482
"3GCR-Ec","Model A","Humidity",85.8327112222957,0.0117609317228985,0.0845394470807844
"3GCR-Ec","Model A","Humidity",85.9673196727761,0.0108815240880105,0.0782181251852318
"3GCR-Ec","Model A","Humidity",86.1019281232566,0.010040212175866,0.0721706414015537
"3GCR-Ec","Model A","Humidity",86.2365365737371,0.00923758009821488,0.0664011944178754
"3GCR-Ec","Model A","Humidity",86.3711450242176,0.00847407058485655,0.0609129666463835
"3GCR-Ec","Model A","Humidity",86.505753474698,0.00776210542742645,0.0557952479002797
"3GCR-Ec","Model A","Humidity",86.6403619251785,0.00708971055589656,0.0509619666604595
"3GCR-Ec","Model A","Humidity",86.774970375659,0.00645626737512943,0.0464086763667251
"3GCR-Ec","Model A","Humidity",86.9095788261394,0.00586132908314943,0.0421321653354393
"3GCR-Ec","Model A","Humidity",87.0441872766199,0.00530432775927245,0.0381283512624315
"3GCR-Ec","Model A","Humidity",87.1787957271004,0.0047937075300195,0.0344579318716565
"3GCR-Ec","Model A","Humidity",87.3134041775808,0.0043207062586514,0.0310579235311513
"3GCR-Ec","Model A","Humidity",87.4480126280613,0.00388203873996455,0.0279047116636015
"3GCR-Ec","Model A","Humidity",87.5826210785418,0.00347653319782913,0.0249898733558868
"3GCR-Ec","Model A","Humidity",87.7172295290223,0.00310295526030979,0.0223045357462845
"3GCR-Ec","Model A","Humidity",87.8518379795027,0.00276580628946626,0.019881055340946
"3GCR-Ec","Model A","Humidity",87.9864464299832,0.00245997397431845,0.0176826840357464
"3GCR-Ec","Model A","Humidity",88.1210548804637,0.0021806897086081,0.0156751443307462
"3GCR-Ec","Model A","Humidity",88.2556633309442,0.00192652413684404,0.0138481617914232
"3GCR-Ec","Model A","Humidity",88.3902717814246,0.00169604638117568,0.0121914510402939
"3GCR-Ec","Model A","Humidity",88.5248802319051,0.0014908919614162,0.0107167684538048
"3GCR-Ec","Model A","Humidity",88.6594886823856,0.00130887372083022,0.00940839240160857
"3GCR-Ec","Model A","Humidity",88.7940971328661,0.00114509963613014,0.00823115824253686
"3GCR-Ec","Model A","Humidity",88.9287055833465,0.000998272714466363,0.00717574298577944
"3GCR-Ec","Model A","Humidity",89.063314033827,0.000867132533759724,0.00623308651703828
"3GCR-Ec","Model A","Humidity",89.1979224843075,0.000751751364609973,0.0054037083288746
"3GCR-Ec","Model A","Humidity",89.3325309347879,0.00065171417313362,0.00468462509174811
"3GCR-Ec","Model A","Humidity",89.4671393852684,0.00056294742106382,0.00404655556494973
"3GCR-Ec","Model A","Humidity",89.6017478357489,0.000484480593177648,0.003482523530756
"3GCR-Ec","Model A","Humidity",89.7363562862294,0.000415390396921933,0.00298589221550154
"3GCR-Ec","Model A","Humidity",89.8709647367098,0.000355172074790493,0.00255303334198111
"3GCR-Ec","Model A","Humidity",90.0055731871903,0.000304186760664516,0.00218654279794895
"3GCR-Ec","Model A","Humidity",90.1401816376708,0.00025952711611029,0.00186552217250923
"3GCR-Ec","Model A","Humidity",90.2747900881513,0.000220566298437081,0.00158546562074
"3GCR-Ec","Model A","Humidity",90.4093985386317,0.000186717618663536,0.0013421559289663
"3GCR-Ec","Model A","Humidity",90.5440069891122,0.000157434161584997,0.00113166178374364
"3GCR-Ec","Model A","Humidity",90.6786154395927,0.000133236086916691,0.000957722175804659
"3GCR-Ec","Model A","Humidity",90.8132238900731,0.000112297821950559,0.000807214598278177
"3GCR-Ec","Model A","Humidity",90.9478323405536,9.42573029124236e-05,0.00067753647919133
"3GCR-Ec","Model A","Humidity",91.0824407910341,7.87824359554683e-05,0.000566300675173986
"3GCR-Ec","Model A","Humidity",91.2170492415146,6.5567974012889e-05,0.00047131302177909
"3GCR-Ec","Model A","Humidity",91.351657691995,5.47486607113528e-05,0.000393542077617855
"3GCR-Ec","Model A","Humidity",91.4862661424755,4.55789366431482e-05,0.000327628643132043
"3GCR-Ec","Model A","Humidity",91.620874592956,3.77732722765038e-05,0.000271520286651281
"3GCR-Ec","Model A","Humidity",91.7554830434364,3.11610427841724e-05,0.000223990529789876
"3GCR-Ec","Model A","Humidity",91.8900914939169,2.55872151249399e-05,0.000183924970399062
"3GCR-Ec","Model A","Humidity",92.0246999443974,2.10610288036905e-05,0.000151390023508925
"3GCR-Ec","Model A","Humidity",92.1593083948779,1.73101009713429e-05,0.000124427757894442
"3GCR-Ec","Model A","Humidity",92.2939168453583,1.41559453030561e-05,0.000101755185475326
"3GCR-Ec","Model A","Humidity",92.4285252958388,1.15180062781366e-05,8.27932603614074e-05
"3GCR-Ec","Model A","Humidity",92.5631337463193,9.32380800409886e-06,6.70210143146419e-05
"3GCR-Ec","Model A","Humidity",92.6977421967998,7.55580963628424e-06,5.43123609548263e-05
"3GCR-Ec","Model A","Humidity",92.8323506472802,6.12649336642299e-06,4.40382083617646e-05
"3GCR-Ec","Model A","Humidity",92.9669590977607,4.93980620713233e-06,3.5508112390799e-05
"3GCR-Ec","Model A","Precipitation",0,1.89573349791415e-05,0.00515450151912079
"3GCR-Ec","Model A","Precipitation",6.51272015655577,2.03139032200349e-05,0.0055233525768338
"3GCR-Ec","Model A","Precipitation",13.0254403131115,2.16769542085799e-05,0.00589396629436451
"3GCR-Ec","Model A","Precipitation",19.5381604696673,2.30401956856406e-05,0.00626463180574411
"3GCR-Ec","Model A","Precipitation",26.0508806262231,2.4397728246344e-05,0.00663374506212222
"3GCR-Ec","Model A","Precipitation",32.5636007827789,2.5740900431719e-05,0.00699895373082877
"3GCR-Ec","Model A","Precipitation",39.0763209393346,2.7065494437091e-05,0.00735911099029696
"3GCR-Ec","Model A","Precipitation",45.5890410958904,2.83706368546268e-05,0.00771397936083845
"3GCR-Ec","Model A","Precipitation",52.1017612524462,2.96557927020818e-05,0.0080634133807206
"3GCR-Ec","Model A","Precipitation",58.614481409002,3.09218056222623e-05,0.00840764243651758
"3GCR-Ec","Model A","Precipitation",65.1272015655577,3.2170968680231e-05,0.00874729001287859
"3GCR-Ec","Model A","Precipitation",71.6399217221135,3.34070507416337e-05,0.00908338086479783
"3GCR-Ec","Model A","Precipitation",78.1526418786693,3.46429178021792e-05,0.00941941325795978
"3GCR-Ec","Model A","Precipitation",84.665362035225,3.58886010172182e-05,0.00975811466463567
"3GCR-Ec","Model A","Precipitation",91.1780821917808,3.71557012402964e-05,0.0101026393582132
"3GCR-Ec","Model A","Precipitation",97.6908023483366,3.84573626559356e-05,0.0104565612439464
"3GCR-Ec","Model A","Precipitation",104.203522504892,3.98138730432785e-05,0.0108253965712725
"3GCR-Ec","Model A","Precipitation",110.716242661448,4.12588456522373e-05,0.011218284786634
"3GCR-Ec","Model A","Precipitation",117.228962818004,4.28014406865652e-05,0.0116377165504648
"3GCR-Ec","Model A","Precipitation",123.74168297456,4.44613361420163e-05,0.0120890423120298
"3GCR-Ec","Model A","Precipitation",130.254403131115,4.62587187930803e-05,0.0125777508575898
"3GCR-Ec","Model A","Precipitation",136.767123287671,4.82141474655075e-05,0.0131094321341853
"3GCR-Ec","Model A","Precipitation",143.279843444227,5.03810227104464e-05,0.0136986057576969
"3GCR-Ec","Model A","Precipitation",149.792563600783,5.27831970262694e-05,0.0143517572251223
"3GCR-Ec","Model A","Precipitation",156.305283757339,5.54189061197936e-05,0.0150684068249463
"3GCR-Ec","Model A","Precipitation",162.818003913894,5.83064917521095e-05,0.0158535416840782
"3GCR-Ec","Model A","Precipitation",169.33072407045,6.14632122051986e-05,0.0167118543313353
"3GCR-Ec","Model A","Precipitation",175.843444227006,6.49051249852488e-05,0.0176477108044615
"3GCR-Ec","Model A","Precipitation",182.356164383562,6.8721278346403e-05,0.0186853233338022
"3GCR-Ec","Model A","Precipitation",188.868884540117,7.28681596766029e-05,0.019812860835231
"3GCR-Ec","Model A","Precipitation",195.381604696673,7.73430206290511e-05,0.0210295760329435
"3GCR-Ec","Model A","Precipitation",201.894324853229,8.2152383067876e-05,0.0223372422225319
"3GCR-Ec","Model A","Precipitation",208.407045009785,8.73009131633083e-05,0.0237371281362083
"3GCR-Ec","Model A","Precipitation",214.91976516634,9.28056814137222e-05,0.0252338752444061
"3GCR-Ec","Model A","Precipitation",221.432485322896,9.87299161536512e-05,0.0268446753384167
"3GCR-Ec","Model A","Precipitation",227.945205479452,0.000104991958574234,0.0285473253789002
"3GCR-Ec","Model A","Precipitation",234.457925636008,0.000111586641409947,0.0303404203857778
"3GCR-Ec","Model A","Precipitation",240.970645792564,0.000118507514260823,0.0322222064945706
"3GCR-Ec","Model A","Precipitation",247.483365949119,0.000125746964889426,0.0341906139370613
"3GCR-Ec","Model A","Precipitation",253.996086105675,0.000133331785103274,0.0362529274087363
"3GCR-Ec","Model A","Precipitation",260.508806262231,0.000141255615651346,0.0384074178285254
"3GCR-Ec","Model A","Precipitation",267.021526418787,0.000149462274471442,0.0406388092873794
"3GCR-Ec","Model A","Precipitation",273.534246575342,0.000157942051215546,0.0429444615405777
"3GCR-Ec","Model A","Precipitation",280.046966731898,0.000166685856660557,0.0453219032273334
"3GCR-Ec","Model A","Precipitation",286.559686888454,0.000175685427328391,0.047768887507024
"3GCR-Ec","Model A","Precipitation",293.07240704501,0.000184981707428857,0.0502965471149143
"3GCR-Ec","Model A","Precipitation",299.585127201566,0.000194537741988166,0.0528948339894633
"3GCR-Ec","Model A","Precipitation",306.097847358121,0.000204336299389495,0.0555590628521127
"3GCR-Ec","Model A","Precipitation",312.610567514677,0.000214380588558523,0.0582901062101167
"3GCR-Ec","Model A","Precipitation",319.123287671233,0.000224676877290408,0.0610896682776859
"3GCR-Ec","Model A","Precipitation",325.636007827789,0.000235236793557927,0.06396091070193
"3GCR-Ec","Model A","Precipitation",332.148727984344,0.000246153593531974,0.0669291898462334
"3GCR-Ec","Model A","Precipitation",338.6614481409,0.000257382704556526,0.0699823864003965
"3GCR-Ec","Model A","Precipitation",345.174168297456,0.000268952540400784,0.0731282260714698
"3GCR-Ec","Model A","Precipitation",351.686888454012,0.00028089589107392,0.0763756244666455
"3GCR-Ec","Model A","Precipitation",358.199608610568,0.000293249924673364,0.0797346875958072
"3GCR-Ec","Model A","Precipitation",364.712328767123,0.000306101319988409,0.0832289834315409
"3GCR-Ec","Model A","Precipitation",371.225048923679,0.000319574419559415,0.0868923207245954
"3GCR-Ec","Model A","Precipitation",377.737769080235,0.000333641944247494,0.0907172822740301
"3GCR-Ec","Model A","Precipitation",384.250489236791,0.000348364051946434,0.0947202250179519
"3GCR-Ec","Model A","Precipitation",390.763209393346,0.000363803862208642,0.0989183111697794
"3GCR-Ec","Model A","Precipitation",397.275929549902,0.000380027160395375,0.103329427776659
"3GCR-Ec","Model A","Precipitation",403.788649706458,0.000397260493270421,0.108015172929217
"3GCR-Ec","Model A","Precipitation",410.301369863014,0.000415559147084742,0.112990578965327
"3GCR-Ec","Model A","Precipitation",416.814090019569,0.000434902233679122,0.118249966392142
"3GCR-Ec","Model A","Precipitation",423.326810176125,0.000455358796168692,0.123812108040454
"3GCR-Ec","Model A","Precipitation",429.839530332681,0.000476995906674337,0.129695240827496
"3GCR-Ec","Model A","Precipitation",436.352250489237,0.000499878126879705,0.135916919082335
"3GCR-Ec","Model A","Precipitation",442.864970645793,0.000524405001291441,0.142585779001395
"3GCR-Ec","Model A","Precipitation",449.377690802348,0.000550361882601553,0.14964345795742
"3GCR-Ec","Model A","Precipitation",455.890410958904,0.000577752859257285,0.157091067599678
"3GCR-Ec","Model A","Precipitation",462.40313111546,0.00060660947247044,0.164937183987216
"3GCR-Ec","Model A","Precipitation",468.915851272016,0.000636954600452006,0.173188027708182
"3GCR-Ec","Model A","Precipitation",475.428571428571,0.000668879011813826,0.181868278758374
"3GCR-Ec","Model A","Precipitation",481.941291585127,0.000702625394059824,0.191043923897484
"3GCR-Ec","Model A","Precipitation",488.454011741683,0.000737837622437196,0.200618132765054
"3GCR-Ec","Model A","Precipitation",494.966731898239,0.000774473829763138,0.210579521669358
"3GCR-Ec","Model A","Precipitation",501.479452054794,0.000812478706672376,0.220913051987739
"3GCR-Ec","Model A","Precipitation",507.99217221135,0.000851783253648631,0.231599962743938
"3GCR-Ec","Model A","Precipitation",514.504892367906,0.000892440570812772,0.24265469186681
"3GCR-Ec","Model A","Precipitation",521.017612524462,0.000934291003507007,0.254033829236891
"3GCR-Ec","Model A","Precipitation",527.530332681018,0.000977030797308637,0.265654783992388
"3GCR-Ec","Model A","Precipitation",534.043052837573,0.00102050964531706,0.277476687670075
"3GCR-Ec","Model A","Precipitation",540.555772994129,0.0010645639885175,0.289455068555384
"3GCR-Ec","Model A","Precipitation",547.068493150685,0.00110901739955877,0.301541956031625
"3GCR-Ec","Model A","Precipitation",553.581213307241,0.00115365232609062,0.313678197590232
"3GCR-Ec","Model A","Precipitation",560.093933463796,0.00119814178193012,0.325774885651178
"3GCR-Ec","Model A","Precipitation",566.606653620352,0.00124225257650869,0.337768615672569
"3GCR-Ec","Model A","Precipitation",573.119373776908,0.00128575513977569,0.349596967531736
"3GCR-Ec","Model A","Precipitation",579.632093933464,0.00132841548871856,0.361196321221177
"3GCR-Ec","Model A","Precipitation",586.14481409002,0.00136997201747363,0.372495546077047
"3GCR-Ec","Model A","Precipitation",592.657534246575,0.00140976202339436,0.383314453175008
"3GCR-Ec","Model A","Precipitation",599.170254403131,0.00144782782988215,0.393664550252669
"3GCR-Ec","Model A","Precipitation",605.682974559687,0.00148394579621602,0.403485029372774
"3GCR-Ec","Model A","Precipitation",612.195694716243,0.00151790148990025,0.412717586315546
"3GCR-Ec","Model A","Precipitation",618.708414872798,0.00154949096832137,0.421306769061385
"3GCR-Ec","Model A","Precipitation",625.221135029354,0.00157825370830585,0.429127361307456
"3GCR-Ec","Model A","Precipitation",631.73385518591,0.00160372285627195,0.43605242551223
"3GCR-Ec","Model A","Precipitation",638.246575342466,0.00162621706385012,0.442168603089969
"3GCR-Ec","Model A","Precipitation",644.759295499022,0.00164562665255457,0.447446072448015
"3GCR-Ec","Model A","Precipitation",651.272015655577,0.0016618627487683,0.451860668839876
"3GCR-Ec","Model A","Precipitation",657.784735812133,0.00167485774533477,0.45539400987207
"3GCR-Ec","Model A","Precipitation",664.297455968689,0.00168399295881893,0.457877875448819
"3GCR-Ec","Model A","Precipitation",670.810176125245,0.00168952296001225,0.459381483397041
"3GCR-Ec","Model A","Precipitation",677.3228962818,0.00169179775348917,0.46
"3GCR-Ec","Model A","Precipitation",683.835616438356,0.00169087340097919,0.459748668448274
"3GCR-Ec","Model A","Precipitation",690.348336594912,0.00168682514886873,0.458647948242818
"3GCR-Ec","Model A","Precipitation",696.861056751468,0.00167974666679675,0.45672330816903
"3GCR-Ec","Model A","Precipitation",703.373776908024,0.00166907292776606,0.45382111732264
"3GCR-Ec","Model A","Precipitation",709.886497064579,0.00165567491454797,0.450178196017413
"3GCR-Ec","Model A","Precipitation",716.399217221135,0.00163975889782953,0.445850629276421
"3GCR-Ec","Model A","Precipitation",722.911937377691,0.00162148940263987,0.440883151473645
"3GCR-Ec","Model A","Precipitation",729.424657534247,0.00160103695890655,0.435322129715623
"3GCR-Ec","Model A","Precipitation",735.937377690802,0.00157846945684273,0.42918602335897
"3GCR-Ec","Model A","Precipitation",742.450097847358,0.00155378780527801,0.422475079514555
"3GCR-Ec","Model A","Precipitation",748.962818003914,0.00152758183327365,0.415349672770669
"3GCR-Ec","Model A","Precipitation",755.47553816047,0.00150002164688327,0.407856054982473
"3GCR-Ec","Model A","Precipitation",761.988258317025,0.00147127209711247,0.400039049156988
"3GCR-Ec","Model A","Precipitation",768.500978473581,0.00144149215510853,0.39194187956709
"3GCR-Ec","Model A","Precipitation",775.013698630137,0.00141074155180506,0.383580787060363
"3GCR-Ec","Model A","Precipitation",781.526418786693,0.00137924207257681,0.375016075105216
"3GCR-Ec","Model A","Precipitation",788.039138943249,0.00134722731327563,0.366311258440122
"3GCR-Ec","Model A","Precipitation",794.551859099804,0.0013148125341598,0.357497676342303
"3GCR-Ec","Model A","Precipitation",801.06457925636,0.00128210557483534,0.348604650412801
"3GCR-Ec","Model A","Precipitation",807.577299412916,0.00124920712079665,0.339659557048902
"3GCR-Ec","Model A","Precipitation",814.090019569472,0.00121621980814357,0.330690303017726
"3GCR-Ec","Model A","Precipitation",820.602739726027,0.00118327510841176,0.32173263544465
"3GCR-Ec","Model A","Precipitation",827.115459882583,0.00115045266693283,0.312808209904323
"3GCR-Ec","Model A","Precipitation",833.628180039139,0.00111782558306377,0.303936902120153
"3GCR-Ec","Model A","Precipitation",840.140900195695,0.00108546460404512,0.295137948274826
"3GCR-Ec","Model A","Precipitation",846.65362035225,0.0010534502005174,0.286433228344576
"3GCR-Ec","Model A","Precipitation",853.166340508806,0.00102196971999586,0.277873682139928
"3GCR-Ec","Model A","Precipitation",859.679060665362,0.000991008206443484,0.269455243112735
"3GCR-Ec","Model A","Precipitation",866.191780821918,0.00096063299240351,0.261196218989094
"3GCR-Ec","Model A","Precipitation",872.704500978474,0.000930911741913061,0.253115007628333
"3GCR-Ec","Model A","Precipitation",879.217221135029,0.000901912405974095,0.245230084915549
"3GCR-Ec","Model A","Precipitation",885.729941291585,0.000873797371014793,0.23758560373888
"3GCR-Ec","Model A","Precipitation",892.242661448141,0.000846721743174498,0.230223737475108
"3GCR-Ec","Model A","Precipitation",898.755381604697,0.000820620433120243,0.22312678832726
"3GCR-Ec","Model A","Precipitation",905.268101761252,0.000795557761118125,0.21631224498294
"3GCR-Ec","Model A","Precipitation",911.780821917808,0.000771595729257807,0.209796965817323
"3GCR-Ec","Model A","Precipitation",918.293542074364,0.000748793639890016,0.203597075146259
"3GCR-Ec","Model A","Precipitation",924.80626223092,0.000727445469510973,0.197792505212231
"3GCR-Ec","Model A","Precipitation",931.318982387475,0.000707501236644291,0.192369666046171
"3GCR-Ec","Model A","Precipitation",937.831702544031,0.000688893778216125,0.187310296000725
"3GCR-Ec","Model A","Precipitation",944.344422700587,0.00067165503333341,0.182623079322671
"3GCR-Ec","Model A","Precipitation",950.857142857143,0.000655810531244339,0.178314957417472
"3GCR-Ec","Model A","Precipitation",957.369863013699,0.000641379137787728,0.174391059908831
"3GCR-Ec","Model A","Precipitation",963.882583170254,0.000628744760934734,0.170955771417407
"3GCR-Ec","Model A","Precipitation",970.39530332681,0.000617538905601107,0.16790889808823
"3GCR-Ec","Model A","Precipitation",976.908023483366,0.000607735293042695,0.165243294727799
"3GCR-Ec","Model A","Precipitation",983.420743639922,0.00059931069678684,0.16295264605558
"3GCR-Ec","Model A","Precipitation",989.933463796477,0.000592234667879195,0.161028672997451
"3GCR-Ec","Model A","Precipitation",996.446183953033,0.000586557750351162,0.159485118481251
"3GCR-Ec","Model A","Precipitation",1002.95890410959,0.000582365686538548,0.158345295857758
"3GCR-Ec","Model A","Precipitation",1009.47162426614,0.000579337859382492,0.157522029312502
"3GCR-Ec","Model A","Precipitation",1015.9843444227,0.000577407793326486,0.156997244134172
"3GCR-Ec","Model A","Precipitation",1022.49706457926,0.000576504251129315,0.156751570908847
"3GCR-Ec","Model A","Precipitation",1029.00978473581,0.000576551563404962,0.156764435121932
"3GCR-Ec","Model A","Precipitation",1035.52250489237,0.000577580116637091,0.157044098861763
"3GCR-Ec","Model A","Precipitation",1042.03522504892,0.000579433682150348,0.157548083533891
"3GCR-Ec","Model A","Precipitation",1048.54794520548,0.000581920451888619,0.158224236506222
"3GCR-Ec","Model A","Precipitation",1055.06066536204,0.000584950081130248,0.159047993038748
"3GCR-Ec","Model A","Precipitation",1061.57338551859,0.000588431562328475,0.159994608169239
"3GCR-Ec","Model A","Precipitation",1068.08610567515,0.000592273573775685,0.161039251515095
"3GCR-Ec","Model A","Precipitation",1074.5988258317,0.000596412191223855,0.162164542066068
"3GCR-Ec","Model A","Precipitation",1081.11154598826,0.000600675771333482,0.163323809978786
"3GCR-Ec","Model A","Precipitation",1087.62426614481,0.000604968659097642,0.164491046646077
"3GCR-Ec","Model A","Precipitation",1094.13698630137,0.000609207865030001,0.165643687217246
"3GCR-Ec","Model A","Precipitation",1100.64970645793,0.000613313246367347,0.166759940865937
"3GCR-Ec","Model A","Precipitation",1107.16242661448,0.000617196283146683,0.167815739004226
"3GCR-Ec","Model A","Precipitation",1113.67514677104,0.000620695129378954,0.168767075689433
"3GCR-Ec","Model A","Precipitation",1120.18786692759,0.000623797241602456,0.169610540352906
"3GCR-Ec","Model A","Precipitation",1126.70058708415,0.000626444765227967,0.170330402325309
"3GCR-Ec","Model A","Precipitation",1133.2133072407,0.000628584536794512,0.170912206455608
"3GCR-Ec","Model A","Precipitation",1139.72602739726,0.000630168174716091,0.171342797785112
"3GCR-Ec","Model A","Precipitation",1146.23874755382,0.000631077060607565,0.171589923961522
"3GCR-Ec","Model A","Precipitation",1152.75146771037,0.000631233400875674,0.171632432898055
"3GCR-Ec","Model A","Precipitation",1159.26418786693,0.00063070613549497,0.171489069381568
"3GCR-Ec","Model A","Precipitation",1165.77690802348,0.000629475858369753,0.171154556892453
"3GCR-Ec","Model A","Precipitation",1172.28962818004,0.000627528146715023,0.17062497387384
"3GCR-Ec","Model A","Precipitation",1178.80234833659,0.00062485350374532,0.169897738148691
"3GCR-Ec","Model A","Precipitation",1185.31506849315,0.000621307042225962,0.168933454861555
"3GCR-Ec","Model A","Precipitation",1191.82778864971,0.000616981266325088,0.167757275906181
"3GCR-Ec","Model A","Precipitation",1198.34050880626,0.000611943381172448,0.16638747436493
"3GCR-Ec","Model A","Precipitation",1204.85322896282,0.000606208833050077,0.164828250083629
"3GCR-Ec","Model A","Precipitation",1211.36594911937,0.000599796575698748,0.163084756586533
"3GCR-Ec","Model A","Precipitation",1217.87866927593,0.000592727342074956,0.16116263116685
"3GCR-Ec","Model A","Precipitation",1224.39138943249,0.000584874076726393,0.159027327432766
"3GCR-Ec","Model A","Precipitation",1230.90410958904,0.000576443466918459,0.156735043675059
"3GCR-Ec","Model A","Precipitation",1237.4168297456,0.000567468522124356,0.154294755173213
"3GCR-Ec","Model A","Precipitation",1243.92954990215,0.000557983404687668,0.151715750672304
"3GCR-Ec","Model A","Precipitation",1250.44227005871,0.000548023210226447,0.149007572674838
"3GCR-Ec","Model A","Precipitation",1256.95499021526,0.000537592513130566,0.146171464957938
"3GCR-Ec","Model A","Precipitation",1263.46771037182,0.000526703061148868,0.143210621735839
"3GCR-Ec","Model A","Precipitation",1269.98043052838,0.000515472483710761,0.140157026463665
"3GCR-Ec","Model A","Precipitation",1276.49315068493,0.00050393553154717,0.137020127869074
"3GCR-Ec","Model A","Precipitation",1283.00587084149,0.000492126154300359,0.133809156863627
"3GCR-Ec","Model A","Precipitation",1289.51859099804,0.000480077427950749,0.130533106810133
"3GCR-Ec","Model A","Precipitation",1296.0313111546,0.000467796076126921,0.127193805863959
"3GCR-Ec","Model A","Precipitation",1302.54403131115,0.000455337820739292,0.123806404818834
"3GCR-Ec","Model A","Precipitation",1309.05675146771,0.000442753263822771,0.120384662373757
"3GCR-Ec","Model A","Precipitation",1315.56947162427,0.000430070134895989,0.116936118187972
"3GCR-Ec","Model A","Precipitation",1322.08219178082,0.000417315518015832,0.113468136419601
"3GCR-Ec","Model A","Precipitation",1328.59491193738,0.000404515941510842,0.109987930124166
"3GCR-Ec","Model A","Precipitation",1335.10763209393,0.000391703426271443,0.106504205785386
"3GCR-Ec","Model A","Precipitation",1341.62035225049,0.000378916729783403,0.103027501568012
"3GCR-Ec","Model A","Precipitation",1348.13307240704,0.000366182344756004,0.0995650208426878
"3GCR-Ec","Model A","Precipitation",1354.6457925636,0.000353526767823211,0.0961239680471759
"3GCR-Ec","Model A","Precipitation",1361.15851272016,0.000340976867256658,0.0927116486675645
"3GCR-Ec","Model A","Precipitation",1367.67123287671,0.000328567997390291,0.0893376755512411
"3GCR-Ec","Model A","Precipitation",1374.18395303327,0.000316370821883997,0.0860212621552994
"3GCR-Ec","Model A","Precipitation",1380.69667318982,0.000304383948516374,0.0827620299345837
"3GCR-Ec","Model A","Precipitation",1387.20939334638,0.000292636036570132,0.0795677713512949
"3GCR-Ec","Model A","Precipitation",1393.72211350294,0.000281155564409293,0.0764462296758233
"3GCR-Ec","Model A","Precipitation",1400.23483365949,0.000269970671300614,0.0734050559779735
"3GCR-Ec","Model A","Precipitation",1406.74755381605,0.000259154355805477,0.0704640985748196
"3GCR-Ec","Model A","Precipitation",1413.2602739726,0.000248753216758279,0.0676360276946903
"3GCR-Ec","Model A","Precipitation",1419.77299412916,0.000238742530568374,0.0649141209905001
"3GCR-Ec","Model A","Precipitation",1426.28571428571,0.00022914270730601,0.0623039279626515
"3GCR-Ec","Model A","Precipitation",1432.79843444227,0.000219971737476275,0.0598103402315071
"3GCR-Ec","Model A","Precipitation",1439.31115459883,0.000211245007606853,0.0574375413956799
"3GCR-Ec","Model A","Precipitation",1445.82387475538,0.000203070033146402,0.055214764917787
"3GCR-Ec","Model A","Precipitation",1452.33659491194,0.000195392594207569,0.053127268404342
"3GCR-Ec","Model A","Precipitation",1458.84931506849,0.000188182376894688,0.0511668095036931
"3GCR-Ec","Model A","Precipitation",1465.36203522505,0.00018143588718045,0.0493324381894216
"3GCR-Ec","Model A","Precipitation",1471.8747553816,0.000175146171861921,0.0476222638848653
"3GCR-Ec","Model A","Precipitation",1478.38747553816,0.000169308060935073,0.0460348808653457
"3GCR-Ec","Model A","Precipitation",1484.90019569472,0.000164004124414419,0.0445927399271225
"3GCR-Ec","Model A","Precipitation",1491.41291585127,0.000159097884127877,0.0432587326398126
"3GCR-Ec","Model A","Precipitation",1497.92563600783,0.000154565524198972,0.0420263834639158
"3GCR-Ec","Model A","Precipitation",1504.43835616438,0.000150381359247359,0.0408887085416195
"3GCR-Ec","Model A","Precipitation",1510.95107632094,0.000146518083596124,0.0398382834562905
"3GCR-Ec","Model A","Precipitation",1517.46379647749,0.000142969485432968,0.0388734192154644
"3GCR-Ec","Model A","Precipitation",1523.97651663405,0.000139712949381979,0.0379879666958795
"3GCR-Ec","Model A","Precipitation",1530.48923679061,0.000136667114170655,0.0371598037583655
"3GCR-Ec","Model A","Precipitation",1537.00195694716,0.000133803093557083,0.0363810762304881
"3GCR-Ec","Model A","Precipitation",1543.51467710372,0.000131093066043209,0.0356442194437884
"3GCR-Ec","Model A","Precipitation",1550.02739726027,0.000128510486615436,0.0349420158060748
"3GCR-Ec","Model A","Precipitation",1556.54011741683,0.000126041931897109,0.0342708154997212
"3GCR-Ec","Model A","Precipitation",1563.05283757339,0.000123648951774662,0.0336201639345117
"3GCR-Ec","Model A","Precipitation",1569.56555772994,0.000121304833609629,0.0329827979410344
"3GCR-Ec","Model A","Precipitation",1576.0782778865,0.00011899518292374,0.0323548036590242
"3GCR-Ec","Model A","Precipitation",1582.59099804305,0.000116708126869695,0.031732952859961
"3GCR-Ec","Model A","Precipitation",1589.10371819961,0.000114434336152271,0.0311147089074211
"3GCR-Ec","Model A","Precipitation",1595.61643835616,0.00011216795089778,0.0304984785010881
"3GCR-Ec","Model A","Precipitation",1602.12915851272,0.000109905246236714,0.0298832488485226
"3GCR-Ec","Model A","Precipitation",1608.64187866928,0.000107647923759036,0.0292694826122273
"3GCR-Ec","Model A","Precipitation",1615.15459882583,0.00010539969169942,0.0286581880616286
"3GCR-Ec","Model A","Precipitation",1621.66731898239,0.000103165995338577,0.0280508457691655
"3GCR-Ec","Model A","Precipitation",1628.18003913894,0.000100955843480002,0.027449905229525
"3GCR-Ec","Model A","Precipitation",1634.6927592955,9.87878387346374e-05,0.0268604244947202
"3GCR-Ec","Model A","Precipitation",1641.20547945205,9.66679908209408e-05,0.0262840376078779
"3GCR-Ec","Model A","Precipitation",1647.71819960861,9.4607309616607e-05,0.0257237381559851
"3GCR-Ec","Model A","Precipitation",1654.23091976517,9.26168997372769e-05,0.025182545485287
"3GCR-Ec","Model A","Precipitation",1660.74363992172,9.07078096459017e-05,0.0246634636741063
"3GCR-Ec","Model A","Precipitation",1667.25636007828,8.8905316411794e-05,0.0241733655604402
"3GCR-Ec","Model A","Precipitation",1673.76908023483,8.72244013423122e-05,0.0237163245634493
"3GCR-Ec","Model A","Precipitation",1680.28180039139,8.56603154976569e-05,0.0232910494458665
"3GCR-Ec","Model A","Precipitation",1686.79452054795,8.42197441807994e-05,0.0228993579423238
"3GCR-Ec","Model A","Precipitation",1693.3072407045,8.29080830668726e-05,0.0225427171374983
"3GCR-Ec","Model A","Precipitation",1699.81996086106,8.1729368444409e-05,0.0222222244986973
"3GCR-Ec","Model A","Precipitation",1706.33268101761,8.07149013037221e-05,0.0219463907687178
"3GCR-Ec","Model A","Precipitation",1712.84540117417,7.98426405332995e-05,0.0217092229668532
"3GCR-Ec","Model A","Precipitation",1719.35812133072,7.91017542605405e-05,0.0215077759057218
"3GCR-Ec","Model A","Precipitation",1725.87084148728,7.84875531929975e-05,0.0213407745661781
"3GCR-Ec","Model A","Precipitation",1732.38356164384,7.79939108265947e-05,0.0212065531510728
"3GCR-Ec","Model A","Precipitation",1738.89628180039,7.76155052286644e-05,0.0211036646263133
"3GCR-Ec","Model A","Precipitation",1745.40900195695,7.73615001335984e-05,0.0210346006123143
"3GCR-Ec","Model A","Precipitation",1751.9217221135,7.71923090442162e-05,0.0209885975360274
"3GCR-Ec","Model A","Precipitation",1758.43444227006,7.70956248539551e-05,0.0209623090937899
"3GCR-Ec","Model A","Precipitation",1764.94716242661,7.70586400530867e-05,0.0209522529222621
"3GCR-Ec","Model A","Precipitation",1771.45988258317,7.70681695955831e-05,0.0209548440059417
"3GCR-Ec","Model A","Precipitation",1777.97260273973,7.71120935440266e-05,0.0209667869324779
"3GCR-Ec","Model A","Precipitation",1784.48532289628,7.71713811001202e-05,0.0209829072256671
"3GCR-Ec","Model A","Precipitation",1790.99804305284,7.72283310118934e-05,0.0209983919131019
"3GCR-Ec","Model A","Precipitation",1797.51076320939,7.72713295856443e-05,0.0210100832301548
"3GCR-Ec","Model A","Precipitation",1804.02348336595,7.72896569910559e-05,0.0210150664537535
"3GCR-Ec","Model A","Precipitation",1810.5362035225,7.7273582434689e-05,0.0210106957800642
"3GCR-Ec","Model A","Precipitation",1817.04892367906,7.72050226831374e-05,0.0209920543758841
"3GCR-Ec","Model A","Precipitation",1823.56164383562,7.70788646991079e-05,0.0209577520057965
"3GCR-Ec","Model A","Precipitation",1830.07436399217,7.68955866457464e-05,0.0209079186824146
"3GCR-Ec","Model A","Precipitation",1836.58708414873,7.66530584725424e-05,0.0208419752447645
"3GCR-Ec","Model A","Precipitation",1843.09980430528,7.63505482257967e-05,0.0207597226745527
"3GCR-Ec","Model A","Precipitation",1849.61252446184,7.59887022148805e-05,0.0206613367033702
"3GCR-Ec","Model A","Precipitation",1856.1252446184,7.55567175507009e-05,0.0205438800244541
"3GCR-Ec","Model A","Precipitation",1862.63796477495,7.50743192668878e-05,0.0204127158766732
"3GCR-Ec","Model A","Precipitation",1869.15068493151,7.45479679439317e-05,0.0202696008925916
"3GCR-Ec","Model A","Precipitation",1875.66340508806,7.39840394770383e-05,0.020116268678835
"3GCR-Ec","Model A","Precipitation",1882.17612524462,7.33893867405419e-05,0.0199545825327078
"3GCR-Ec","Model A","Precipitation",1888.68884540117,7.27703609581673e-05,0.0197862693526571
"3GCR-Ec","Model A","Precipitation",1895.20156555773,7.21357227321304e-05,0.0196137111474137
"3GCR-Ec","Model A","Precipitation",1901.71428571429,7.14967496366942e-05,0.0194399742906916
"3GCR-Ec","Model A","Precipitation",1908.22700587084,7.08593718925996e-05,0.0192666712101793
"3GCR-Ec","Model A","Precipitation",1914.7397260274,7.02287386866022e-05,0.0190952019703363
"3GCR-Ec","Model A","Precipitation",1921.25244618395,6.96091309096064e-05,0.0189267305458826
"3GCR-Ec","Model A","Precipitation",1927.76516634051,6.90061948752647e-05,0.0187627921701369
"3GCR-Ec","Model A","Precipitation",1934.27788649706,6.84214091458317e-05,0.0186037888643431
"3GCR-Ec","Model A","Precipitation",1940.79060665362,6.78518547652882e-05,0.0184489269640305
"3GCR-Ec","Model A","Precipitation",1947.30332681018,6.72952303794196e-05,0.0182975807307284
"3GCR-Ec","Model A","Precipitation",1953.81604696673,6.6748080123937e-05,0.0181488105145469
"3GCR-Ec","Model A","Precipitation",1960.32876712329,6.62058302815404e-05,0.0180013727212362
"3GCR-Ec","Model A","Precipitation",1966.84148727984,6.56599150838733e-05,0.017852938317414
"3GCR-Ec","Model A","Precipitation",1973.3542074364,6.51003718000611e-05,0.0177007984354318
"3GCR-Ec","Model A","Precipitation",1979.86692759295,6.45190652122301e-05,0.0175427411086321
"3GCR-Ec","Model A","Precipitation",1986.37964774951,6.39074504628057e-05,0.0173764429892765
"3GCR-Ec","Model A","Precipitation",1992.89236790607,6.32568323303913e-05,0.0171995398456866
"3GCR-Ec","Model A","Precipitation",1999.40508806262,6.25565912582713e-05,0.0170091442191935
"3GCR-Ec","Model A","Precipitation",2005.91780821918,6.17827980081837e-05,0.0167987497472146
"3GCR-Ec","Model A","Precipitation",2012.43052837573,6.09397559661732e-05,0.0165695265209011
"3GCR-Ec","Model A","Precipitation",2018.94324853229,6.00212505417897e-05,0.0163197847924084
"3GCR-Ec","Model A","Precipitation",2025.45596868885,5.90220502327573e-05,0.0160481021156777
"3GCR-Ec","Model A","Precipitation",2031.9686888454,5.79379763636991e-05,0.0157533423084027
"3GCR-Ec","Model A","Precipitation",2038.48140900196,5.67561638148487e-05,0.0154320073430678
"3GCR-Ec","Model A","Precipitation",2044.99412915851,5.54711198974e-05,0.0150826037569669
"3GCR-Ec","Model A","Precipitation",2051.50684931507,5.40986752271503e-05,0.0147094358963212
"3GCR-Ec","Model A","Precipitation",2058.01956947162,5.26419438725009e-05,0.01431335047668
"3GCR-Ec","Model A","Precipitation",2064.53228962818,5.11053078881636e-05,0.0138955389792139
"3GCR-Ec","Model A","Precipitation",2071.04500978474,4.94943847095474e-05,0.0134575287852441
"3GCR-Ec","Model A","Precipitation",2077.55772994129,4.7805978453173e-05,0.0129984509336922
"3GCR-Ec","Model A","Precipitation",2084.07045009785,4.60601642829498e-05,0.0125237638638894
"3GCR-Ec","Model A","Precipitation",2090.5831702544,4.42724708372739e-05,0.0120376898143672
"3GCR-Ec","Model A","Precipitation",2097.09589041096,4.24537238453009e-05,0.0115431723021043
"3GCR-Ec","Model A","Precipitation",2103.60861056751,4.06152243744807e-05,0.0110432840886147
"3GCR-Ec","Model A","Precipitation",2110.12133072407,3.87686557168979e-05,0.0105412018623343
"3GCR-Ec","Model A","Precipitation",2116.63405088063,3.69324962475934e-05,0.0100419498955208
"3GCR-Ec","Model A","Precipitation",2123.14677103718,3.51207671726372e-05,0.00954934055568631
"3GCR-Ec","Model A","Precipitation",2129.65949119374,3.33447722517205e-05,0.00906644733636573
"3GCR-Ec","Model A","Precipitation",2136.17221135029,3.16153313161674e-05,0.0085962121509166
"3GCR-Ec","Model A","Precipitation",2142.68493150685,2.99426844903994e-05,0.00814141929032412
"3GCR-Ec","Model A","Precipitation",2149.1976516634,2.83423603242845e-05,0.00770629096904893
"3GCR-Ec","Model A","Precipitation",2155.71037181996,2.68355271956126e-05,0.00729658287139982
"3GCR-Ec","Model A","Precipitation",2162.22309197652,2.5415347330718e-05,0.00691043580594584
"3GCR-Ec","Model A","Precipitation",2168.73581213307,2.40869110951935e-05,0.00654923384366578
"3GCR-Ec","Model A","Precipitation",2175.24853228963,2.28542123864071e-05,0.00621406292570453
"3GCR-Ec","Model A","Precipitation",2181.76125244618,2.17201357181114e-05,0.00590570735167678
"3GCR-Ec","Model A","Precipitation",2188.27397260274,2.07018449149477e-05,0.00562883396743848
"3GCR-Ec","Model A","Precipitation",2194.7866927593,1.97948644546015e-05,0.00538222587796749
"3GCR-Ec","Model A","Precipitation",2201.29941291585,1.89853533133084e-05,0.00516211970734112
"3GCR-Ec","Model A","Precipitation",2207.81213307241,1.82700899503858e-05,0.00496763951828434
"3GCR-Ec","Model A","Precipitation",2214.32485322896,1.76449695045958e-05,0.00479766919856358
"3GCR-Ec","Model A","Precipitation",2220.83757338552,1.71050539746747e-05,0.0046508661050783
"3GCR-Ec","Model A","Precipitation",2227.35029354207,1.66604299342592e-05,0.00452997277833795
"3GCR-Ec","Model A","Precipitation",2233.86301369863,1.62862139806046e-05,0.00442822341832959
"3GCR-Ec","Model A","Precipitation",2240.37573385519,1.59720910850053e-05,0.00434281336758464
"3GCR-Ec","Model A","Precipitation",2246.88845401174,1.5710419631915e-05,0.00427166486997417
"3GCR-Ec","Model A","Precipitation",2253.4011741683,1.5493462275645e-05,0.00421267414033264
"3GCR-Ec","Model A","Precipitation",2259.91389432485,1.53145573559386e-05,0.00416402987248491
"3GCR-Ec","Model A","Precipitation",2266.42661448141,1.51679599273841e-05,0.00412417001512548
"3GCR-Ec","Model A","Precipitation",2272.93933463796,1.50385758097621e-05,0.00408899045895019
"3GCR-Ec","Model A","Precipitation",2279.45205479452,1.49201930609362e-05,0.00405680217619144
"3GCR-Ec","Model A","Precipitation",2285.96477495108,1.48071909735694e-05,0.00402607689589033
"3GCR-Ec","Model A","Precipitation",2292.47749510763,1.46945805044554e-05,0.00399545809663636
"3GCR-Ec","Model A","Precipitation",2298.99021526419,1.45770417861242e-05,0.00396349930586433
"3GCR-Ec","Model A","Precipitation",2305.50293542074,1.44498435808292e-05,0.00392891409949729
"3GCR-Ec","Model A","Precipitation",2312.0156555773,1.4312201932906e-05,0.00389148931990169
"3GCR-Ec","Model A","Precipitation",2318.52837573386,1.41634360482073e-05,0.00385103985907206
"3GCR-Ec","Model A","Precipitation",2325.04109589041,1.40035965472935e-05,0.0038075794807445
"3GCR-Ec","Model A","Precipitation",2331.55381604697,1.3833441851849e-05,0.00376131439986056
"3GCR-Ec","Model A","Precipitation",2338.06653620352,1.36534824611559e-05,0.00371238342123257
"3GCR-Ec","Model A","Precipitation",2344.57925636008,1.34684726947805e-05,0.00366207924488693
"3GCR-Ec","Model A","Precipitation",2351.09197651663,1.32822410699132e-05,0.00361144284507951
"3GCR-Ec","Model A","Precipitation",2357.60469667319,1.30982793633057e-05,0.00356142363630299
"3GCR-Ec","Model A","Precipitation",2364.11741682975,1.29202593357656e-05,0.00351301997073508
"3GCR-Ec","Model A","Precipitation",2370.6301369863,1.27520775813875e-05,0.0034672913327496
"3GCR-Ec","Model A","Precipitation",2377.14285714286,1.26026552421754e-05,0.00342666338186375
"3GCR-Ec","Model A","Precipitation",2383.65557729941,1.24727351892295e-05,0.00339133810481342
"3GCR-Ec","Model A","Precipitation",2390.16829745597,1.23652108995519e-05,0.0033621022383219
"3GCR-Ec","Model A","Precipitation",2396.68101761252,1.22825249425706e-05,0.00333961991729212
"3GCR-Ec","Model A","Precipitation",2403.19373776908,1.22266284999157e-05,0.00332442166822941
"3GCR-Ec","Model A","Precipitation",2409.70645792564,1.2201394677324e-05,0.00331756058902047
"3GCR-Ec","Model A","Precipitation",2416.21917808219,1.22101146207861e-05,0.00331993154263137
"3GCR-Ec","Model A","Precipitation",2422.73189823875,1.22466169152499e-05,0.00332985652061336
"3GCR-Ec","Model A","Precipitation",2429.2446183953,1.23092631266805e-05,0.00334689003256752
"3GCR-Ec","Model A","Precipitation",2435.75733855186,1.239577985945e-05,0.0033704139419662
"3GCR-Ec","Model A","Precipitation",2442.27005870841,1.25032778601159e-05,0.00339964266047251
"3GCR-Ec","Model A","Precipitation",2448.78277886497,1.26299803903934e-05,0.00343409309274635
"3GCR-Ec","Model A","Precipitation",2455.29549902153,1.27682213363287e-05,0.00347168082153905
"3GCR-Ec","Model A","Precipitation",2461.80821917808,1.29111639871264e-05,0.00351054694441416
"3GCR-Ec","Model A","Precipitation",2468.32093933464,1.30534993860494e-05,0.00354924795543603
"3GCR-Ec","Model A","Precipitation",2474.83365949119,1.31897675865622e-05,0.00358629929452584
"3GCR-Ec","Model A","Precipitation",2481.34637964775,1.33144161433037e-05,0.00362019125116359
"3GCR-Ec","Model A","Precipitation",2487.85909980431,1.34155460184516e-05,0.00364768847562324
"3GCR-Ec","Model A","Precipitation",2494.37181996086,1.34899380941699e-05,0.00366791568940209
"3GCR-Ec","Model A","Precipitation",2500.88454011742,1.3533436672426e-05,0.00367974295773634
"3GCR-Ec","Model A","Precipitation",2507.39726027397,1.35418173873077e-05,0.00368202167505798
"3GCR-Ec","Model A","Precipitation",2513.90998043053,1.35113374826255e-05,0.00367373418553691
"3GCR-Ec","Model A","Precipitation",2520.42270058708,1.343645318989e-05,0.00365337313789557
"3GCR-Ec","Model A","Precipitation",2526.93542074364,1.33064621020288e-05,0.00361802854644376
"3GCR-Ec","Model A","Precipitation",2533.4481409002,1.31297212790048e-05,0.00356997269672806
"3GCR-Ec","Model A","Precipitation",2539.96086105675,1.2906044106417e-05,0.00350915484827179
"3GCR-Ec","Model A","Precipitation",2546.47358121331,1.26358970607838e-05,0.00343570183609289
"3GCR-Ec","Model A","Precipitation",2552.98630136986,1.23203864698253e-05,0.00334991447082326
"3GCR-Ec","Model A","Precipitation",2559.49902152642,1.1956139686983e-05,0.00325087572948323
"3GCR-Ec","Model A","Precipitation",2566.01174168297,1.15470406371761e-05,0.0031396416516964
"3GCR-Ec","Model A","Precipitation",2572.52446183953,1.11027662558419e-05,0.00301884339729972
"3GCR-Ec","Model A","Precipitation",2579.03718199609,1.06273067008232e-05,0.00288956589066069
"3GCR-Ec","Model A","Precipitation",2585.54990215264,1.01249478407765e-05,0.00275297445995043
"3GCR-Ec","Model A","Precipitation",2592.0626223092,9.60022686436226e-06,0.0026103027672775
"3GCR-Ec","Model A","Precipitation",2598.57534246575,9.05588430375655e-06,0.0024622959636497
"3GCR-Ec","Model A","Precipitation",2605.08806262231,8.50133996994576e-06,0.00231151529673673
"3GCR-Ec","Model A","Precipitation",2611.60078277886,7.94233850284389e-06,0.00215952273477917
"3GCR-Ec","Model A","Precipitation",2618.11350293542,7.38347113497399e-06,0.00200756663441791
"3GCR-Ec","Model A","Precipitation",2624.62622309198,6.82914146541215e-06,0.00185684433473844
"3GCR-Ec","Model A","Precipitation",2631.13894324853,6.28377014778512e-06,0.00170855781196051
"3GCR-Ec","Model A","Precipitation",2637.65166340509,5.75581299244652e-06,0.00156500620187302
"3GCR-Ec","Model A","Precipitation",2644.16438356164,5.24606582176198e-06,0.00142640588866697
"3GCR-Ec","Model A","Precipitation",2650.6771037182,4.75717819298239e-06,0.00129347728725773
"3GCR-Ec","Model A","Precipitation",2657.18982387476,4.29143445964891e-06,0.0011668415136308
"3GCR-Ec","Model A","Precipitation",2663.70254403131,3.85075561287505e-06,0.00104702088548663
"3GCR-Ec","Model A","Precipitation",2670.21526418787,3.43937734093778e-06,0.000935167086945483
"3GCR-Ec","Model A","Precipitation",2676.72798434442,3.06092436108623e-06,0.000832265679036251
"3GCR-Ec","Model A","Precipitation",2683.24070450098,2.71108040854983e-06,0.000737143068880962
"3GCR-Ec","Model A","Precipitation",2689.75342465753,2.38993043335294e-06,0.000649822354400822
"3GCR-Ec","Model A","Precipitation",2696.26614481409,2.09732527460716e-06,0.000570262978733449
"3GCR-Ec","Model A","Precipitation",2702.77886497065,1.83290110798323e-06,0.000498366018002686
"3GCR-Ec","Model A","Precipitation",2709.2915851272,1.60067803108393e-06,0.000435224537200168
"3GCR-Ec","Model A","Precipitation",2715.80430528376,1.39729672249969e-06,0.000379925136455723
"3GCR-Ec","Model A","Precipitation",2722.31702544031,1.21918243170817e-06,0.000331495840699111
"3GCR-Ec","Model A","Precipitation",2728.82974559687,1.06535835773908e-06,0.00028967105763633
"3GCR-Ec","Model A","Precipitation",2735.34246575342,9.34836770210807e-07,0.000254182223265214
"3GCR-Ec","Model A","Precipitation",2741.85518590998,8.26635044176032e-07,0.000224762161751747
"3GCR-Ec","Model A","Precipitation",2748.36790606654,7.4482651908846e-07,0.000202518414552845
"3GCR-Ec","Model A","Precipitation",2754.88062622309,6.83306069442638e-07,0.000185790997354948
"3GCR-Ec","Model A","Precipitation",2761.39334637965,6.41017266943356e-07,0.000174292667185429
"3GCR-Ec","Model A","Precipitation",2767.9060665362,6.17359898995496e-07,0.000167860226171973
"3GCR-Ec","Model A","Precipitation",2774.41878669276,6.11827741642382e-07,0.000166356031963662
"3GCR-Ec","Model A","Precipitation",2780.93150684931,6.25072435263715e-07,0.000169957265653237
"3GCR-Ec","Model A","Precipitation",2787.44422700587,6.59281041103861e-07,0.000179258589439732
"3GCR-Ec","Model A","Precipitation",2793.95694716243,7.1067693470688e-07,0.000193233138707592
"3GCR-Ec","Model A","Precipitation",2800.46966731898,7.79226188204367e-07,0.00021187168846557
"3GCR-Ec","Model A","Precipitation",2806.98238747554,8.64937793007019e-07,0.00023517668347925
"3GCR-Ec","Model A","Precipitation",2813.49510763209,9.67852855994424e-07,0.000263159300713828
"3GCR-Ec","Model A","Precipitation",2820.00782778865,1.09045103187039e-06,0.000296493758562963
"3GCR-Ec","Model A","Precipitation",2826.52054794521,1.23260962256498e-06,0.000335146695407597
"3GCR-Ec","Model A","Precipitation",2833.03326810176,1.39201670366206e-06,0.000378489498738212
"3GCR-Ec","Model A","Precipitation",2839.54598825832,1.56851247172016e-06,0.000426478717981046
"3GCR-Ec","Model A","Precipitation",2846.05870841487,1.7618315215039e-06,0.000479042189422662
"3GCR-Ec","Model A","Precipitation",2852.57142857143,1.97159018940021e-06,0.000536075594883394
"3GCR-Ec","Model A","Precipitation",2859.08414872798,2.20043250325117e-06,0.000598297845831735
"3GCR-Ec","Model A","Precipitation",2865.59686888454,2.44451444734836e-06,0.000664663753962979
"3GCR-Ec","Model A","Precipitation",2872.1095890411,2.70186045249892e-06,0.000734636161790754
"3GCR-Ec","Model A","Precipitation",2878.62230919765,2.97111181623337e-06,0.000807845637960353
"3GCR-Ec","Model A","Precipitation",2885.13502935421,3.25072087635649e-06,0.000883871372946328
"3GCR-Ec","Model A","Precipitation",2891.64774951076,3.53910645194576e-06,0.000962283443477494
"3GCR-Ec","Model A","Precipitation",2898.16046966732,3.83466960509499e-06,0.00104264709815681
"3GCR-Ec","Model A","Precipitation",2904.67318982387,4.13299253266077e-06,0.00112376113581127
"3GCR-Ec","Model A","Precipitation",2911.18590998043,4.43163447802412e-06,0.00120496191444088
"3GCR-Ec","Model A","Precipitation",2917.69863013699,4.72808119181534e-06,0.00128556580935842
"3GCR-Ec","Model A","Precipitation",2924.21135029354,5.01976678604882e-06,0.00136487515533117
"3GCR-Ec","Model A","Precipitation",2930.7240704501,5.30291864820514e-06,0.00144186417858958
"3GCR-Ec","Model A","Precipitation",2937.23679060665,5.57306762699635e-06,0.00151531771639436
"3GCR-Ec","Model A","Precipitation",2943.74951076321,5.82917398860054e-06,0.00158495306500205
"3GCR-Ec","Model A","Precipitation",2950.26223091976,6.06912553726112e-06,0.0016501959181482
"3GCR-Ec","Model A","Precipitation",2956.77495107632,6.29103112042765e-06,0.00171053207124101
"3GCR-Ec","Model A","Precipitation",2963.28767123288,6.49324533805343e-06,0.00176551413982221
"3GCR-Ec","Model A","Precipitation",2969.80039138943,6.67031660433571e-06,0.00181365983709711
"3GCR-Ec","Model A","Precipitation",2976.31311154599,6.82327911182807e-06,0.00185525036013769
"3GCR-Ec","Model A","Precipitation",2982.82583170254,6.95391300583477e-06,0.00189076973065296
"3GCR-Ec","Model A","Precipitation",2989.3385518591,7.06256772346665e-06,0.00192031296063277
"3GCR-Ec","Model A","Precipitation",2995.85127201566,7.14998357314817e-06,0.00194408134002125
"3GCR-Ec","Model A","Precipitation",3002.36399217221,7.21729202775553e-06,0.00196238251642104
"3GCR-Ec","Model A","Precipitation",3008.87671232877,7.26217131770301e-06,0.00197458520041992
"3GCR-Ec","Model A","Precipitation",3015.38943248532,7.29226384300463e-06,0.00198276736144372
"3GCR-Ec","Model A","Precipitation",3021.90215264188,7.31042421899373e-06,0.00198770516972355
"3GCR-Ec","Model A","Precipitation",3028.41487279843,7.31959644481988e-06,0.00199019909896026
"3GCR-Ec","Model A","Precipitation",3034.92759295499,7.32291370455974e-06,0.0019911010622577
"3GCR-Ec","Model A","Precipitation",3041.44031311155,7.3238382699712e-06,0.00199135245169737
"3GCR-Ec","Model A","Precipitation",3047.9530332681,7.32765152703027e-06,0.00199238927672184
"3GCR-Ec","Model A","Precipitation",3054.46575342466,7.33812229531504e-06,0.00199523627979952
"3GCR-Ec","Model A","Precipitation",3060.97847358121,7.35841164467415e-06,0.0020007529561788
"3GCR-Ec","Model A","Precipitation",3067.49119373777,7.39148223064498e-06,0.00200974485223446
"3GCR-Ec","Model A","Precipitation",3074.00391389432,7.44006422091661e-06,0.00202295430086913
"3GCR-Ec","Model A","Precipitation",3080.51663405088,7.50972160254433e-06,0.00204189415079071
"3GCR-Ec","Model A","Precipitation",3087.02935420744,7.6026443636274e-06,0.00206715986001041
"3GCR-Ec","Model A","Precipitation",3093.54207436399,7.71764707061909e-06,0.00209842910901318
"3GCR-Ec","Model A","Precipitation",3100.05479452055,7.8552925431782e-06,0.00213585492852772
"3GCR-Ec","Model A","Precipitation",3106.5675146771,8.01568531990198e-06,0.00217946574261042
"3GCR-Ec","Model A","Precipitation",3113.08023483366,8.19846610746129e-06,0.00222916385936455
"3GCR-Ec","Model A","Precipitation",3119.59295499022,8.40704280348735e-06,0.00228587588654044
"3GCR-Ec","Model A","Precipitation",3126.10567514677,8.63500486115118e-06,0.00234785879573221
"3GCR-Ec","Model A","Precipitation",3132.61839530333,8.87903791076449e-06,0.00241421140944777
"3GCR-Ec","Model A","Precipitation",3139.13111545988,9.13635326117643e-06,0.00248417548224866
"3GCR-Ec","Model A","Precipitation",3145.64383561644,9.40383751110849e-06,0.00255690447997607
"3GCR-Ec","Model A","Precipitation",3152.15655577299,9.67812893541237e-06,0.00263148434918299
"3GCR-Ec","Model A","Precipitation",3158.66927592955,9.95413431374533e-06,0.00270653024268374
"3GCR-Ec","Model A","Precipitation",3165.18199608611,1.02262450539026e-05,0.00278051718362524
"3GCR-Ec","Model A","Precipitation",3171.69471624266,1.04903623741952e-05,0.0028523307128039
"3GCR-Ec","Model A","Precipitation",3178.20743639922,1.07424013245308e-05,0.00292086013182887
"3GCR-Ec","Model A","Precipitation",3184.72015655577,1.09783235631267e-05,0.00298500741511394
"3GCR-Ec","Model A","Precipitation",3191.23287671233,1.11912210463521e-05,0.00304289426481669
"3GCR-Ec","Model A","Precipitation",3197.74559686888,1.13745211674653e-05,0.00309273358842271
"3GCR-Ec","Model A","Precipitation",3204.25831702544,1.15282270678579e-05,0.0031345262400767
"3GCR-Ec","Model A","Precipitation",3210.771037182,1.16494630365521e-05,0.00316749031363947
"3GCR-Ec","Model A","Precipitation",3217.28375733855,1.1735680559889e-05,0.00319093286795967
"3GCR-Ec","Model A","Precipitation",3223.79647749511,1.1784675306916e-05,0.00320425454520267
"3GCR-Ec","Model A","Precipitation",3230.30919765166,1.17867152108749e-05,0.0032048091953192
"3GCR-Ec","Model A","Precipitation",3236.82191780822,1.17448735133026e-05,0.00319343243302976
"3GCR-Ec","Model A","Precipitation",3243.33463796477,1.16618038426266e-05,0.00317084578020312
"3GCR-Ec","Model A","Precipitation",3249.84735812133,1.15375695741888e-05,0.00313706646860188
"3GCR-Ec","Model A","Precipitation",3256.36007827789,1.13726305948326e-05,0.00309221954151063
"3GCR-Ec","Model A","Precipitation",3262.87279843444,1.11677498519654e-05,0.00303651244441551
"3GCR-Ec","Model A","Precipitation",3269.385518591,1.09148628036968e-05,0.0029677524274669
"3GCR-Ec","Model A","Precipitation",3275.89823874755,1.06267847035733e-05,0.00288942395954956
"3GCR-Ec","Model A","Precipitation",3282.41095890411,1.0305952370157e-05,0.00280218961190537
"3GCR-Ec","Model A","Precipitation",3288.92367906067,9.95505136478654e-06,0.00270677958896529
"3GCR-Ec","Model A","Precipitation",3295.43639921722,9.57699430393937e-06,0.002603985831478
"3GCR-Ec","Model A","Precipitation",3301.94911937378,9.17336069472316e-06,0.00249423780760427
"3GCR-Ec","Model A","Precipitation",3308.46183953033,8.74707073816898e-06,0.00237832952033382
"3GCR-Ec","Model A","Precipitation",3314.97455968689,8.30612433386286e-06,0.00225843614326645
"3GCR-Ec","Model A","Precipitation",3321.48727984344,7.85405399049447e-06,0.00213551816591331
"3GCR-Ec","Model A","Precipitation",3328,7.3943716803333e-06,0.00201053049393063
"3GCR-Kp","Model A","Temperature",-7.4858809374325,7.61543352622664e-06,3.32660565233593e-05
"3GCR-Kp","Model A","Temperature",-7.40765831145429,9.08821755814348e-06,3.96995335780429e-05
"3GCR-Kp","Model A","Temperature",-7.32943568547608,1.07899213810165e-05,4.71329876765859e-05
"3GCR-Kp","Model A","Temperature",-7.25121305949787,1.27455703097056e-05,5.56757354502445e-05
"3GCR-Kp","Model A","Temperature",-7.17299043351967,1.50586314134642e-05,6.57797460958135e-05
"3GCR-Kp","Model A","Temperature",-7.09476780754146,1.77635129809214e-05,7.75953233445861e-05
"3GCR-Kp","Model A","Temperature",-7.01654518156325,2.08525132477702e-05,9.10888240262972e-05
"3GCR-Kp","Model A","Temperature",-6.93832255558504,2.43627235940064e-05,0.000106422272264619
"3GCR-Kp","Model A","Temperature",-6.86009992960683,2.83327266650214e-05,0.000123764206391346
"3GCR-Kp","Model A","Temperature",-6.78187730362862,3.3012467605724e-05,0.000144206447284391
"3GCR-Kp","Model A","Temperature",-6.70365467765041,3.83055167884807e-05,0.000167327766994964
"3GCR-Kp","Model A","Temperature",-6.6254320516722,4.42483725578474e-05,0.000193287599124427
"3GCR-Kp","Model A","Temperature",-6.54720942569399,5.08915110517259e-05,0.000222306435658
"3GCR-Kp","Model A","Temperature",-6.46898679971578,5.83714287555236e-05,0.000254980526275124
"3GCR-Kp","Model A","Temperature",-6.39076417373757,6.69327849007239e-05,0.000292378601704712
"3GCR-Kp","Model A","Temperature",-6.31254154775936,7.64238888671895e-05,0.000333838040609955
"3GCR-Kp","Model A","Temperature",-6.23431892178115,8.69022219780391e-05,0.000379609935320304
"3GCR-Kp","Model A","Temperature",-6.15609629580294,9.84254556827321e-05,0.00042994620868308
"3GCR-Kp","Model A","Temperature",-6.07787366982473,0.000111323717913757,0.000486288939396009
"3GCR-Kp","Model A","Temperature",-5.99965104384652,0.000125618847159673,0.000548733523261869
"3GCR-Kp","Model A","Temperature",-5.92142841786831,0.000141195363286132,0.000616775515108468
"3GCR-Kp","Model A","Temperature",-5.84320579189011,0.000158105169145859,0.000690641639156617
"3GCR-Kp","Model A","Temperature",-5.7649831659119,0.000176398588779224,0.000770551722992722
"3GCR-Kp","Model A","Temperature",-5.68676053993369,0.000196652434416792,0.00085902542202435
"3GCR-Kp","Model A","Temperature",-5.60853791395548,0.000218461687811802,0.000954293518538106
"3GCR-Kp","Model A","Temperature",-5.53031528797727,0.000241817210144906,0.00105631609195956
"3GCR-Kp","Model A","Temperature",-5.45209266199906,0.000266744178153337,0.00116520312036952
"3GCR-Kp","Model A","Temperature",-5.37387003602085,0.00029342087102495,0.00128173337040285
"3GCR-Kp","Model A","Temperature",-5.29564741004264,0.000322148667636956,0.00140722333792674
"3GCR-Kp","Model A","Temperature",-5.21742478406443,0.000352474438678209,0.00153969364445604
"3GCR-Kp","Model A","Temperature",-5.13920215808622,0.000384380147604863,0.00167906550200252
"3GCR-Kp","Model A","Temperature",-5.06097953210801,0.000417841624142888,0.00182523332896018
"3GCR-Kp","Model A","Temperature",-4.9827569061298,0.000453144410814851,0.00197944444416684
"3GCR-Kp","Model A","Temperature",-4.90453428015159,0.000490087397439185,0.00214082034968219
"3GCR-Kp","Model A","Temperature",-4.82631165417338,0.000528366492729711,0.00230803270118028
"3GCR-Kp","Model A","Temperature",-4.74808902819517,0.000567900995078721,0.0024807289745094
"3GCR-Kp","Model A","Temperature",-4.66986640221696,0.000608603347737756,0.0026585267006042
"3GCR-Kp","Model A","Temperature",-4.59164377623876,0.000650661041589082,0.00284224488500986
"3GCR-Kp","Model A","Temperature",-4.51342115026055,0.000693557460841438,0.00302962682493281
"3GCR-Kp","Model A","Temperature",-4.43519852428234,0.000737128455064826,0.00321995547157157
"3GCR-Kp","Model A","Temperature",-4.35697589830413,0.000781233455247906,0.00341261678546792
"3GCR-Kp","Model A","Temperature",-4.27875327232592,0.000825736672592911,0.00360701760829327
"3GCR-Kp","Model A","Temperature",-4.20053064634771,0.000870379324164189,0.00380202751356109
"3GCR-Kp","Model A","Temperature",-4.1223080203695,0.000914888210031919,0.00399645309786545
"3GCR-Kp","Model A","Temperature",-4.04408539439129,0.000959090526596348,0.0041895395132654
"3GCR-Kp","Model A","Temperature",-3.96586276841308,0.00100281190558874,0.00438052507696722
"3GCR-Kp","Model A","Temperature",-3.88764014243487,0.00104565588259154,0.00456767793645347
"3GCR-Kp","Model A","Temperature",-3.80941751645666,0.0010873445596828,0.00474978416635172
"3GCR-Kp","Model A","Temperature",-3.73119489047845,0.00112781915702429,0.00492658700210428
"3GCR-Kp","Model A","Temperature",-3.65297226450024,0.00116691356208119,0.00509736082396108
"3GCR-Kp","Model A","Temperature",-3.57474963852203,0.00120446507334827,0.00526139491237457
"3GCR-Kp","Model A","Temperature",-3.49652701254382,0.00123962745920078,0.00541499272282588
"3GCR-Kp","Model A","Temperature",-3.41830438656561,0.00127273325080906,0.00555960683193718
"3GCR-Kp","Model A","Temperature",-3.34008176058741,0.00130372123545294,0.00569496984773376
"3GCR-Kp","Model A","Temperature",-3.2618591346092,0.00133248464556129,0.00582061538362789
"3GCR-Kp","Model A","Temperature",-3.18363650863099,0.00135869706761155,0.00593511758636329
"3GCR-Kp","Model A","Temperature",-3.10541388265278,0.00138177914007357,0.00603594566457493
"3GCR-Kp","Model A","Temperature",-3.02719125667457,0.00140235974785902,0.00612584673974262
"3GCR-Kp","Model A","Temperature",-2.94896863069636,0.00142042495540136,0.00620475993793942
"3GCR-Kp","Model A","Temperature",-2.87074600471815,0.00143597377491346,0.00627268094427211
"3GCR-Kp","Model A","Temperature",-2.79252337873994,0.00144849772071865,0.0063273885702551
"3GCR-Kp","Model A","Temperature",-2.71430075276173,0.00145825550054058,0.00637001291383065
"3GCR-Kp","Model A","Temperature",-2.63607812678352,0.0014657413951508,0.00640271311302139
"3GCR-Kp","Model A","Temperature",-2.55785550080531,0.00147107440807649,0.00642600900403207
"3GCR-Kp","Model A","Temperature",-2.4796328748271,0.00147438843836276,0.00644048549029424
"3GCR-Kp","Model A","Temperature",-2.40141024884889,0.0014753453066409,0.00644466532248847
"3GCR-Kp","Model A","Temperature",-2.32318762287068,0.00147483013521456,0.00644241492903041
"3GCR-Kp","Model A","Temperature",-2.24496499689247,0.00147314779090645,0.00643506604197721
"3GCR-Kp","Model A","Temperature",-2.16674237091426,0.00147056011249435,0.00642376243647336
"3GCR-Kp","Model A","Temperature",-2.08851974493605,0.00146733730024583,0.00640968441267418
"3GCR-Kp","Model A","Temperature",-2.01029711895785,0.00146402119836795,0.00639519887719852
"3GCR-Kp","Model A","Temperature",-1.93207449297964,0.00146114657847404,0.00638264184186431
"3GCR-Kp","Model A","Temperature",-1.85385186700143,0.0014590962707934,0.0063736856017554
"3GCR-Kp","Model A","Temperature",-1.77562924102322,0.0014582663643219,0.00637006036945642
"3GCR-Kp","Model A","Temperature",-1.69740661504501,0.00145960671244582,0.00637591533441643
"3GCR-Kp","Model A","Temperature",-1.6191839890668,0.0014638537625453,0.00639446747700691
"3GCR-Kp","Model A","Temperature",-1.54096136308859,0.00147121089589886,0.00642660521586925
"3GCR-Kp","Model A","Temperature",-1.46273873711038,0.00148217634170409,0.00647450493670646
"3GCR-Kp","Model A","Temperature",-1.38451611113217,0.00149725911458417,0.00654039013857049
"3GCR-Kp","Model A","Temperature",-1.30629348515396,0.00151895889052081,0.00663518001105333
"3GCR-Kp","Model A","Temperature",-1.22807085917575,0.00154669146588887,0.0067563226113472
"3GCR-Kp","Model A","Temperature",-1.14984823319754,0.00158086089593695,0.00690558295055651
"3GCR-Kp","Model A","Temperature",-1.07162560721933,0.00162205173560752,0.00708551450612805
"3GCR-Kp","Model A","Temperature",-0.993402981241124,0.00167162901581445,0.00730208006342146
"3GCR-Kp","Model A","Temperature",-0.915180355262914,0.00173235987233015,0.00756736714111779
"3GCR-Kp","Model A","Temperature",-0.836957729284705,0.00180267211931322,0.00787450805100399
"3GCR-Kp","Model A","Temperature",-0.758735103306496,0.0018831951012345,0.00822625192202561
"3GCR-Kp","Model A","Temperature",-0.680512477328286,0.00197456065213146,0.00862535875815766
"3GCR-Kp","Model A","Temperature",-0.602289851350077,0.0020801150903898,0.0090864460878941
"3GCR-Kp","Model A","Temperature",-0.524067225371867,0.00220043327643254,0.00961202504067491
"3GCR-Kp","Model A","Temperature",-0.445844599393658,0.00233425659617453,0.0101965976856004
"3GCR-Kp","Model A","Temperature",-0.367621973415448,0.00248220869497287,0.0108428882565082
"3GCR-Kp","Model A","Temperature",-0.289399347437239,0.0026449084370078,0.0115536001018983
"3GCR-Kp","Model A","Temperature",-0.211176721459029,0.00282857251366899,0.0123558892341558
"3GCR-Kp","Model A","Temperature",-0.13295409548082,0.00302945138633321,0.013233376761213
"3GCR-Kp","Model A","Temperature",-0.0547314695026104,0.00324750021644266,0.0141858668173986
"3GCR-Kp","Model A","Temperature",0.0234911564755986,0.00348323957732216,0.0152156333929705
"3GCR-Kp","Model A","Temperature",0.101713782453808,0.00373882151412956,0.0163320771419579
"3GCR-Kp","Model A","Temperature",0.179936408432018,0.00401881855536883,0.0175551719753854
"3GCR-Kp","Model A","Temperature",0.258159034410227,0.00431831506154451,0.0188634451903872
"3GCR-Kp","Model A","Temperature",0.336381660388437,0.00463760998296464,0.0202582026742526
"3GCR-Kp","Model A","Temperature",0.414604286366646,0.00497696525522155,0.0217405886250353
"3GCR-Kp","Model A","Temperature",0.492826912344855,0.00534092374504359,0.0233304473839464
"3GCR-Kp","Model A","Temperature",0.571049538323065,0.00572866464408494,0.0250241934615015
"3GCR-Kp","Model A","Temperature",0.649272164301275,0.00613678017033499,0.0268069408412192
"3GCR-Kp","Model A","Temperature",0.727494790279483,0.00656512489140198,0.0286780542392186
"3GCR-Kp","Model A","Temperature",0.805717416257693,0.00701349504221937,0.0306366435603796
"3GCR-Kp","Model A","Temperature",0.883940042235903,0.0074878837114005,0.0327088880660499
"3GCR-Kp","Model A","Temperature",0.962162668214111,0.00798165600352739,0.0348658049274463
"3GCR-Kp","Model A","Temperature",1.04038529419232,0.00849332600918813,0.0371009033326781
"3GCR-Kp","Model A","Temperature",1.11860792017053,0.00902209840936791,0.0394107091358269
"3GCR-Kp","Model A","Temperature",1.19683054614874,0.00956831622953761,0.0417967207551595
"3GCR-Kp","Model A","Temperature",1.27505317212695,0.0101330170243231,0.0442634704803626
"3GCR-Kp","Model A","Temperature",1.35327579810516,0.0107101473231174,0.0467845152869272
"3GCR-Kp","Model A","Temperature",1.43149842408337,0.0112982384059756,0.0493534394507152
"3GCR-Kp","Model A","Temperature",1.50972105006158,0.0118957439198481,0.0519634881273989
"3GCR-Kp","Model A","Temperature",1.58794367603979,0.0125019100126775,0.0546113683087651
"3GCR-Kp","Model A","Temperature",1.666166302018,0.0131129483859978,0.057280531790373
"3GCR-Kp","Model A","Temperature",1.74438892799621,0.0137256018942168,0.0599567505720694
"3GCR-Kp","Model A","Temperature",1.82261155397441,0.0143377522775868,0.0626307715826726
"3GCR-Kp","Model A","Temperature",1.90083417995262,0.0149472282664454,0.0652931101908655
"3GCR-Kp","Model A","Temperature",1.97905680593083,0.0155484965297506,0.0679195954676298
"3GCR-Kp","Model A","Temperature",2.05727943190904,0.0161394463888569,0.0705010074578733
"3GCR-Kp","Model A","Temperature",2.13550205788725,0.0167179541086788,0.0730280691728128
"3GCR-Kp","Model A","Temperature",2.21372468386546,0.0172816473937488,0.0754904178517679
"3GCR-Kp","Model A","Temperature",2.29194730984367,0.017826402270393,0.0778700389797596
"3GCR-Kp","Model A","Temperature",2.37016993582188,0.0183437854057754,0.0801300937181522
"3GCR-Kp","Model A","Temperature",2.44839256180009,0.018836759565628,0.0822835241446321
"3GCR-Kp","Model A","Temperature",2.5266151877783,0.0193032654972517,0.0843213349450852
"3GCR-Kp","Model A","Temperature",2.60483781375651,0.0197413219397943,0.0862348714926576
"3GCR-Kp","Model A","Temperature",2.68306043973472,0.0201421123476693,0.0879856209826864
"3GCR-Kp","Model A","Temperature",2.76128306571293,0.0205039132517257,0.0895660548848528
"3GCR-Kp","Model A","Temperature",2.83950569169114,0.0208307364182896,0.0909936975652879
"3GCR-Kp","Model A","Temperature",2.91772831766935,0.0211215600071961,0.0922640853788736
"3GCR-Kp","Model A","Temperature",2.99595094364756,0.0213755054839977,0.0933733806745441
"3GCR-Kp","Model A","Temperature",3.07417356962577,0.0215793137219497,0.0942636643780639
"3GCR-Kp","Model A","Temperature",3.15239619560398,0.0217436410251477,0.0949814858044724
"3GCR-Kp","Model A","Temperature",3.23061882158218,0.0218705098097952,0.0955356793571571
"3GCR-Kp","Model A","Temperature",3.30884144756039,0.0219604786011374,0.0959286848095479
"3GCR-Kp","Model A","Temperature",3.3870640735386,0.02201155457618,0.096151797028557
"3GCR-Kp","Model A","Temperature",3.46528669951681,0.0220186520829448,0.0961828006556519
"3GCR-Kp","Model A","Temperature",3.54350932549502,0.0219942989296419,0.0960764201887348
"3GCR-Kp","Model A","Temperature",3.62173195147323,0.021940601023228,0.0958418547390069
"3GCR-Kp","Model A","Temperature",3.69995457745144,0.0218598358274155,0.0954890528190946
"3GCR-Kp","Model A","Temperature",3.77817720342965,0.0217505955072957,0.0950118646654299
"3GCR-Kp","Model A","Temperature",3.85639982940786,0.0216192594382917,0.0944381569336251
"3GCR-Kp","Model A","Temperature",3.93462245538607,0.0214732645331456,0.0938004158582174
"3GCR-Kp","Model A","Temperature",4.01284508136428,0.0213161349864368,0.0931140359739595
"3GCR-Kp","Model A","Temperature",4.09106770734249,0.0211515118511162,0.0923949222812501
"3GCR-Kp","Model A","Temperature",4.1692903333207,0.0209847796717921,0.0916665957739598
"3GCR-Kp","Model A","Temperature",4.24751295929891,0.0208231793153286,0.0909606863107891
"3GCR-Kp","Model A","Temperature",4.32573558527712,0.020670980946236,0.0902958470036688
"3GCR-Kp","Model A","Temperature",4.40395821125532,0.0205324026298917,0.0896905033829089
"3GCR-Kp","Model A","Temperature",4.48218083723353,0.0204136689679154,0.0891718460146938
"3GCR-Kp","Model A","Temperature",4.56040346321174,0.0203276073674282,0.0887959081174702
"3GCR-Kp","Model A","Temperature",4.63862608918995,0.020272916285999,0.0885570042389342
"3GCR-Kp","Model A","Temperature",4.71684871516816,0.0202536695541305,0.0884729298565603
"3GCR-Kp","Model A","Temperature",4.79507134114637,0.0202738739261688,0.0885611874429379
"3GCR-Kp","Model A","Temperature",4.87329396712458,0.0203476814768104,0.0888835966850433
"3GCR-Kp","Model A","Temperature",4.95151659310279,0.0204805547454773,0.0894640192769674
"3GCR-Kp","Model A","Temperature",5.029739219081,0.0206680796645005,0.0902831735029586
"3GCR-Kp","Model A","Temperature",5.10796184505921,0.0209133763272183,0.0913546886857592
"3GCR-Kp","Model A","Temperature",5.18618447103742,0.0212194294587823,0.0926916028271139
"3GCR-Kp","Model A","Temperature",5.26440709701563,0.0216114310991183,0.0944039608537133
"3GCR-Kp","Model A","Temperature",5.34262972299384,0.0220751046196046,0.0964293989968947
"3GCR-Kp","Model A","Temperature",5.42085234897205,0.0226091389405386,0.0987621901432455
"3GCR-Kp","Model A","Temperature",5.49907497495026,0.0232151631544937,0.101409450563355
"3GCR-Kp","Model A","Temperature",5.57729760092847,0.023900353006434,0.104402525647706
"3GCR-Kp","Model A","Temperature",5.65552022690668,0.0246830836104665,0.107821682341364
"3GCR-Kp","Model A","Temperature",5.73374285288488,0.0255417100123973,0.111572370246486
"3GCR-Kp","Model A","Temperature",5.81196547886309,0.0264763842830791,0.115655253645356
"3GCR-Kp","Model A","Temperature",5.8901881048413,0.0274870892090524,0.120070257345418
"3GCR-Kp","Model A","Temperature",5.96841073081951,0.0285885492396105,0.124881701304397
"3GCR-Kp","Model A","Temperature",6.04663335679772,0.0297774501994842,0.13007510840271
"3GCR-Kp","Model A","Temperature",6.12485598277593,0.0310393953957376,0.135587590401715
"3GCR-Kp","Model A","Temperature",6.20307860875414,0.0323730383053999,0.141413265363228
"3GCR-Kp","Model A","Temperature",6.28130123473235,0.033776891029561,0.147545633784748
"3GCR-Kp","Model A","Temperature",6.35952386071056,0.0352701292170263,0.154068459540627
"3GCR-Kp","Model A","Temperature",6.43774648668877,0.0368307177364679,0.160885487844881
"3GCR-Kp","Model A","Temperature",6.51596911266698,0.0384528694362321,0.167971439018636
"3GCR-Kp","Model A","Temperature",6.59419173864519,0.0401340883340631,0.175315410007389
"3GCR-Kp","Model A","Temperature",6.6724143646234,0.0418755900894847,0.182922711106121
"3GCR-Kp","Model A","Temperature",6.75063699060161,0.0436841772208128,0.190823057360997
"3GCR-Kp","Model A","Temperature",6.82885961657982,0.0455398245160939,0.198928973800245
"3GCR-Kp","Model A","Temperature",6.90708224255802,0.0474393295542372,0.207226471473577
"3GCR-Kp","Model A","Temperature",6.98530486853623,0.0493794256136192,0.215701280550419
"3GCR-Kp","Model A","Temperature",7.06352749451444,0.0513628270893082,0.224365258165292
"3GCR-Kp","Model A","Temperature",7.14175012049265,0.0533821438785166,0.233186122560869
"3GCR-Kp","Model A","Temperature",7.21997274647086,0.0554273298646808,0.242119989868911
"3GCR-Kp","Model A","Temperature",7.29819537244907,0.0574946836890512,0.251150691658696
"3GCR-Kp","Model A","Temperature",7.37641799842728,0.0595804638217604,0.260261884022341
"3GCR-Kp","Model A","Temperature",7.45464062440549,0.0616829475227916,0.269446041614562
"3GCR-Kp","Model A","Temperature",7.5328632503837,0.0637921603653687,0.27865959372546
"3GCR-Kp","Model A","Temperature",7.61108587636191,0.0659034708289385,0.287882308752462
"3GCR-Kp","Model A","Temperature",7.68930850234012,0.0680128892843011,0.297096759029764
"3GCR-Kp","Model A","Temperature",7.76753112831833,0.0701154806622473,0.306281386980806
"3GCR-Kp","Model A","Temperature",7.84575375429654,0.0722013231074215,0.315392851540378
"3GCR-Kp","Model A","Temperature",7.92397638027475,0.0742682553057582,0.324421711565618
"3GCR-Kp","Model A","Temperature",8.00219900625296,0.0763121913115437,0.333350118656879
"3GCR-Kp","Model A","Temperature",8.08042163223117,0.0783290474203692,0.342160234205076
"3GCR-Kp","Model A","Temperature",8.15864425820938,0.0803071130729343,0.350800903653313
"3GCR-Kp","Model A","Temperature",8.23686688418758,0.0822393252310527,0.359241273941587
"3GCR-Kp","Model A","Temperature",8.31508951016579,0.0841275085653818,0.367489315672887
"3GCR-Kp","Model A","Temperature",8.393312136144,0.0859677313378873,0.375527854064026
"3GCR-Kp","Model A","Temperature",8.47153476212221,0.0877560971733067,0.383339868804963
"3GCR-Kp","Model A","Temperature",8.54975738810042,0.0894684253001359,0.390819732434193
"3GCR-Kp","Model A","Temperature",8.62798001407863,0.0911138529666915,0.398007358663511
"3GCR-Kp","Model A","Temperature",8.70620264005684,0.0926920546841399,0.404901325678927
"3GCR-Kp","Model A","Temperature",8.78442526603505,0.0941996487001278,0.411486861167802
"3GCR-Kp","Model A","Temperature",8.86264789201326,0.0956278215511404,0.417725465788707
"3GCR-Kp","Model A","Temperature",8.94087051799147,0.0969527479044951,0.423513064722923
"3GCR-Kp","Model A","Temperature",9.01909314396968,0.0981944378674222,0.428937066961137
"3GCR-Kp","Model A","Temperature",9.09731576994789,0.0993503822515852,0.433986511761488
"3GCR-Kp","Model A","Temperature",9.1755383959261,0.100418197914951,0.438650988982874
"3GCR-Kp","Model A","Temperature",9.25376102190431,0.101377432192363,0.442841156434487
"3GCR-Kp","Model A","Temperature",9.33198364788251,0.102225842472251,0.446547217846299
"3GCR-Kp","Model A","Temperature",9.41020627386072,0.102978533698227,0.449835155267289
"3GCR-Kp","Model A","Temperature",9.48842889983893,0.10363431116912,0.452699749953639
"3GCR-Kp","Model A","Temperature",9.56665152581714,0.104192129674153,0.455136436171735
"3GCR-Kp","Model A","Temperature",9.64487415179535,0.10461943963328,0.457003029479177
"3GCR-Kp","Model A","Temperature",9.72309677777356,0.104941570294097,0.458410174158956
"3GCR-Kp","Model A","Temperature",9.80131940375177,0.105164217455199,0.45938275083768
"3GCR-Kp","Model A","Temperature",9.87954202972998,0.105287606377317,0.459921743508735
"3GCR-Kp","Model A","Temperature",9.95776465570819,0.105305521248194,0.46
"3GCR-Kp","Model A","Temperature",10.0359872816864,0.105195848447126,0.459520922664894
"3GCR-Kp","Model A","Temperature",10.1142099076646,0.104990180256368,0.458622514237424
"3GCR-Kp","Model A","Temperature",10.1924325336428,0.104689860219633,0.457310643641651
"3GCR-Kp","Model A","Temperature",10.270655159621,0.104296343913838,0.455591669189788
"3GCR-Kp","Model A","Temperature",10.3488777855992,0.103794333440639,0.453398765959887
"3GCR-Kp","Model A","Temperature",10.4271004115774,0.103188195231748,0.45075100758231
"3GCR-Kp","Model A","Temperature",10.5053230375557,0.102496764808645,0.447730672172945
"3GCR-Kp","Model A","Temperature",10.5835456635339,0.101722279331988,0.444347532190929
"3GCR-Kp","Model A","Temperature",10.6617682895121,0.100867048437007,0.44061167668185
"3GCR-Kp","Model A","Temperature",10.7399909154903,0.0999104294555586,0.436432933475888
"3GCR-Kp","Model A","Temperature",10.8182135414685,0.0988766144442878,0.43191697933077
"3GCR-Kp","Model A","Temperature",10.8964361674467,0.0977728565772221,0.427095497865866
"3GCR-Kp","Model A","Temperature",10.9746587934249,0.0966019119251596,0.421980528265372
"3GCR-Kp","Model A","Temperature",11.0528814194031,0.0953626923297786,0.416567317190411
"3GCR-Kp","Model A","Temperature",11.1311040453813,0.0940456097604899,0.410813981803135
"3GCR-Kp","Model A","Temperature",11.2093266713595,0.0926734957467359,0.404820255749215
"3GCR-Kp","Model A","Temperature",11.2875492973377,0.091249377796752,0.398599363917261
"3GCR-Kp","Model A","Temperature",11.365771923316,0.089776310059637,0.392164647569617
"3GCR-Kp","Model A","Temperature",11.4439945492942,0.0882498211419877,0.385496574577853
"3GCR-Kp","Model A","Temperature",11.5222171752724,0.0866761042010114,0.378622198151352
"3GCR-Kp","Model A","Temperature",11.6004398012506,0.0850667259821149,0.371592044633118
"3GCR-Kp","Model A","Temperature",11.6786624272288,0.0834249622351143,0.364420423291058
"3GCR-Kp","Model A","Temperature",11.756885053207,0.0817541150460606,0.357121758436125
"3GCR-Kp","Model A","Temperature",11.8351076791852,0.0800516920709797,0.349685162906708
"3GCR-Kp","Model A","Temperature",11.9133303051634,0.0783295796790698,0.342162559239883
"3GCR-Kp","Model A","Temperature",11.9915529311416,0.0765927351968448,0.334575602237501
"3GCR-Kp","Model A","Temperature",12.0697755571198,0.0748446691845903,0.326939626876419
"3GCR-Kp","Model A","Temperature",12.1479981830981,0.0730888123196773,0.319269619185594
"3GCR-Kp","Model A","Temperature",12.2262208090763,0.0713308435168382,0.311590386038834
"3GCR-Kp","Model A","Temperature",12.3044434350545,0.0695766527528427,0.303927656280001
"3GCR-Kp","Model A","Temperature",12.3826660610327,0.0678298350709919,0.29629713392821
"3GCR-Kp","Model A","Temperature",12.4608886870109,0.0660939765860845,0.288714484000716
"3GCR-Kp","Model A","Temperature",12.5391113129891,0.0643766329556263,0.281212711437918
"3GCR-Kp","Model A","Temperature",12.6173339389673,0.0626844572042435,0.27382087826137
"3GCR-Kp","Model A","Temperature",12.6955565649455,0.0610179022874113,0.266540963090199
"3GCR-Kp","Model A","Temperature",12.7737791909237,0.059380274582836,0.259387408982346
"3GCR-Kp","Model A","Temperature",12.8520018169019,0.0577748200843638,0.252374395224439
"3GCR-Kp","Model A","Temperature",12.9302244428801,0.0562176179602588,0.245572159514499
"3GCR-Kp","Model A","Temperature",13.0084470688584,0.0547043834210509,0.238961984855233
"3GCR-Kp","Model A","Temperature",13.0866696948366,0.0532353474936114,0.232544880427921
"3GCR-Kp","Model A","Temperature",13.1648923208148,0.051812935172334,0.226331439194906
"3GCR-Kp","Model A","Temperature",13.243114946793,0.050442632896258,0.220345627249592
"3GCR-Kp","Model A","Temperature",13.3213375727712,0.0491408737860862,0.214659228439907
"3GCR-Kp","Model A","Temperature",13.3995601987494,0.0478935800154657,0.209210747413607
"3GCR-Kp","Model A","Temperature",13.4777828247276,0.0467018986004603,0.204005194614429
"3GCR-Kp","Model A","Temperature",13.5560054507058,0.0455668017862032,0.19904681704439
"3GCR-Kp","Model A","Temperature",13.634228076684,0.0444997900936811,0.194385851762206
"3GCR-Kp","Model A","Temperature",13.7124507026622,0.0435015067585361,0.190025108576818
"3GCR-Kp","Model A","Temperature",13.7906733286405,0.0425606686114001,0.185915299873982
"3GCR-Kp","Model A","Temperature",13.8688959546187,0.0416766960639778,0.182053893871766
"3GCR-Kp","Model A","Temperature",13.9471185805969,0.0408488261949419,0.178437557945191
"3GCR-Kp","Model A","Temperature",14.0253412065751,0.0400921369048021,0.175132156012429
"3GCR-Kp","Model A","Temperature",14.1035638325533,0.0393906465957344,0.172067876586751
"3GCR-Kp","Model A","Temperature",14.1817864585315,0.0387387706678892,0.169220324784581
"3GCR-Kp","Model A","Temperature",14.2600090845097,0.0381343356350951,0.166580006292353
"3GCR-Kp","Model A","Temperature",14.3382317104879,0.0375774089621895,0.164147215812804
"3GCR-Kp","Model A","Temperature",14.4164543364661,0.0370739092899586,0.161947807401156
"3GCR-Kp","Model A","Temperature",14.4946769624443,0.0366066001872409,0.159906488155003
"3GCR-Kp","Model A","Temperature",14.5728995884225,0.0361723637849639,0.158009638467733
"3GCR-Kp","Model A","Temperature",14.6511222144008,0.0357680182071134,0.156243359134925
"3GCR-Kp","Model A","Temperature",14.729344840379,0.035394014394419,0.154609619974811
"3GCR-Kp","Model A","Temperature",14.8075674663572,0.0350441622468592,0.153081381132536
"3GCR-Kp","Model A","Temperature",14.8857900923354,0.0347101604767157,0.151622380574494
"3GCR-Kp","Model A","Temperature",14.9640127183136,0.0343886637286863,0.150218004979173
"3GCR-Kp","Model A","Temperature",15.0422353442918,0.0340763533224196,0.148853757547701
"3GCR-Kp","Model A","Temperature",15.12045797027,0.0337697788605725,0.147514566109512
"3GCR-Kp","Model A","Temperature",15.1986805962482,0.0334626938289681,0.146173144379068
"3GCR-Kp","Model A","Temperature",15.2769032222264,0.0331520170202603,0.144816032897052
"3GCR-Kp","Model A","Temperature",15.3551258482046,0.0328350832737119,0.143431589596414
"3GCR-Kp","Model A","Temperature",15.4333484741828,0.0325086276338316,0.142005552361472
"3GCR-Kp","Model A","Temperature",15.5115711001611,0.0321656713585009,0.140507436357845
"3GCR-Kp","Model A","Temperature",15.5897937261393,0.0318074463961878,0.138942623034566
"3GCR-Kp","Model A","Temperature",15.6680163521175,0.0314324962895296,0.137304750233422
"3GCR-Kp","Model A","Temperature",15.7462389780957,0.0310395330507436,0.135588191712093
"3GCR-Kp","Model A","Temperature",15.8244616040739,0.0306237845192835,0.133772101518485
"3GCR-Kp","Model A","Temperature",15.9026842300521,0.0301839419281213,0.131850762641507
"3GCR-Kp","Model A","Temperature",15.9809068560303,0.0297237731719917,0.129840634157163
"3GCR-Kp","Model A","Temperature",16.0591294820085,0.0292434806520198,0.127742600202549
"3GCR-Kp","Model A","Temperature",16.1373521079867,0.0287434413705821,0.125558307615276
"3GCR-Kp","Model A","Temperature",16.2155747339649,0.0282190973368715,0.123267845988497
"3GCR-Kp","Model A","Temperature",16.2937973599431,0.027676812723661,0.120899015568971
"3GCR-Kp","Model A","Temperature",16.3720199859214,0.0271194533684186,0.118464335028269
"3GCR-Kp","Model A","Temperature",16.4502426118996,0.0265487158067624,0.11597121524452
"3GCR-Kp","Model A","Temperature",16.5284652378778,0.0259660002246087,0.113425772568642
"3GCR-Kp","Model A","Temperature",16.606687863856,0.0253728090935808,0.110834570160273
"3GCR-Kp","Model A","Temperature",16.6849104898342,0.0247752678159417,0.108224365258803
"3GCR-Kp","Model A","Temperature",16.7631331158124,0.0241759042259474,0.105606200055977
"3GCR-Kp","Model A","Temperature",16.8413557417906,0.0235772959369893,0.102991334190856
"3GCR-Kp","Model A","Temperature",16.9195783677688,0.022983600128524,0.100397927229312
"3GCR-Kp","Model A","Temperature",16.997800993747,0.0224000562434158,0.097848866325686
"3GCR-Kp","Model A","Temperature",17.0760236197252,0.0218285284307872,0.0953522945344547
"3GCR-Kp","Model A","Temperature",17.1542462457035,0.0212716470215503,0.0929197017775639
"3GCR-Kp","Model A","Temperature",17.2324688716817,0.0207320043425075,0.0905624119658112
"3GCR-Kp","Model A","Temperature",17.3106914976599,0.0202196013232536,0.08832411157982
"3GCR-Kp","Model A","Temperature",17.3889141236381,0.0197335120099256,0.0862007558290436
"3GCR-Kp","Model A","Temperature",17.4671367496163,0.0192742439054901,0.0841945616092514
"3GCR-Kp","Model A","Temperature",17.5453593755945,0.0188436868534905,0.08231378421437
"3GCR-Kp","Model A","Temperature",17.6235820015727,0.0184453428479224,0.0805737212016296
"3GCR-Kp","Model A","Temperature",17.7018046275509,0.018090504431884,0.0790237011319983
"3GCR-Kp","Model A","Temperature",17.7800272535291,0.0177702116919683,0.0776245849354796
"3GCR-Kp","Model A","Temperature",17.8582498795073,0.0174852167444917,0.0763796580381493
"3GCR-Kp","Model A","Temperature",17.9364725054855,0.0172361230692271,0.0752915565856942
"3GCR-Kp","Model A","Temperature",18.0146951314638,0.0170297961047649,0.0743902704752639
"3GCR-Kp","Model A","Temperature",18.092917757442,0.0168669756872678,0.0736790314902528
"3GCR-Kp","Model A","Temperature",18.1711403834202,0.0167399572148036,0.0731241840649611
"3GCR-Kp","Model A","Temperature",18.2493630093984,0.0166481058697377,0.0727229551623405
"3GCR-Kp","Model A","Temperature",18.3275856353766,0.0165906511862252,0.0724719792011329
"3GCR-Kp","Model A","Temperature",18.4058082613548,0.0165759086529018,0.0724075802479879
"3GCR-Kp","Model A","Temperature",18.484030887333,0.0165941238168323,0.0724871484919766
"3GCR-Kp","Model A","Temperature",18.5622535133112,0.0166412411399409,0.0726929683613723
"3GCR-Kp","Model A","Temperature",18.6404761392894,0.016715553753152,0.0730175838390028
"3GCR-Kp","Model A","Temperature",18.7186987652676,0.0168163749673841,0.0734579953007859
"3GCR-Kp","Model A","Temperature",18.7969213912459,0.0169464394293614,0.0740261483453785
"3GCR-Kp","Model A","Temperature",18.8751440172241,0.0170953925255668,0.0746768115151945
"3GCR-Kp","Model A","Temperature",18.9533666432023,0.0172610641115797,0.0754005050942453
"3GCR-Kp","Model A","Temperature",19.0315892691805,0.0174412681764513,0.0761876800577077
"3GCR-Kp","Model A","Temperature",19.1098118951587,0.0176352249156492,0.0770349300306771
"3GCR-Kp","Model A","Temperature",19.1880345211369,0.0178390281875748,0.0779251920413917
"3GCR-Kp","Model A","Temperature",19.2662571471151,0.0180482126945694,0.0788389605891086
"3GCR-Kp","Model A","Temperature",19.3444797730933,0.0182607088127259,0.0797671950557668
"3GCR-Kp","Model A","Temperature",19.4227023990715,0.0184744886850499,0.080701037271288
"3GCR-Kp","Model A","Temperature",19.5009250250497,0.0186862604544602,0.0816261076073355
"3GCR-Kp","Model A","Temperature",19.5791476510279,0.0188933427822374,0.0825306933275182
"3GCR-Kp","Model A","Temperature",19.6573702770062,0.0190942996555232,0.083408521580166
"3GCR-Kp","Model A","Temperature",19.7355929029844,0.0192876601540214,0.0842531670294731
"3GCR-Kp","Model A","Temperature",19.8138155289626,0.0194715073697929,0.0850562561576826
"3GCR-Kp","Model A","Temperature",19.8920381549408,0.0196408496855859,0.0857959843727039
"3GCR-Kp","Model A","Temperature",19.970260780919,0.0197978296094294,0.0864817106680784
"3GCR-Kp","Model A","Temperature",20.0484834068972,0.0199417154231703,0.0871102387218432
"3GCR-Kp","Model A","Temperature",20.1267060328754,0.0200718642015216,0.0876787600807611
"3GCR-Kp","Model A","Temperature",20.2049286588536,0.0201851718468829,0.0881737152953443
"3GCR-Kp","Model A","Temperature",20.2831512848318,0.0202806641636957,0.0885908488436448
"3GCR-Kp","Model A","Temperature",20.36137391081,0.0203612338914986,0.0889427969119894
"3GCR-Kp","Model A","Temperature",20.4395965367883,0.0204269326363163,0.0892297849279824
"3GCR-Kp","Model A","Temperature",20.5178191627665,0.0204778827142651,0.08945234719802
"3GCR-Kp","Model A","Temperature",20.5960417887447,0.0205102172255564,0.0895935921680621
"3GCR-Kp","Model A","Temperature",20.6742644147229,0.0205277643315596,0.0896702421733592
"3GCR-Kp","Model A","Temperature",20.7524870407011,0.020532179494041,0.0896895286715157
"3GCR-Kp","Model A","Temperature",20.8307096666793,0.0205240255611973,0.0896539103196608
"3GCR-Kp","Model A","Temperature",20.9089322926575,0.0205034038009994,0.0895638294807967
"3GCR-Kp","Model A","Temperature",20.9871549186357,0.020468352730204,0.0894107179214525
"3GCR-Kp","Model A","Temperature",21.0653775446139,0.020423506918968,0.0892148205656059
"3GCR-Kp","Model A","Temperature",21.1436001705921,0.0203695708119806,0.0889792145981304
"3GCR-Kp","Model A","Temperature",21.2218227965703,0.0203072442861689,0.0887069572508087
"3GCR-Kp","Model A","Temperature",21.3000454225485,0.0202361261694274,0.0883962961068028
"3GCR-Kp","Model A","Temperature",21.3782680485268,0.0201572146998118,0.0880515917115068
"3GCR-Kp","Model A","Temperature",21.456490674505,0.0200726287794981,0.0876820999423849
"3GCR-Kp","Model A","Temperature",21.5347133004832,0.0199829182313264,0.0872902225586558
"3GCR-Kp","Model A","Temperature",21.6129359264614,0.0198886046046469,0.086878237814092
"3GCR-Kp","Model A","Temperature",21.6911585524396,0.0197891983281888,0.0864440071429108
"3GCR-Kp","Model A","Temperature",21.7693811784178,0.0196861841570122,0.0859940163145139
"3GCR-Kp","Model A","Temperature",21.847603804396,0.0195801573898422,0.085530865737791
"3GCR-Kp","Model A","Temperature",21.9258264303742,0.0194713653926825,0.0850556359673072
"3GCR-Kp","Model A","Temperature",22.0040490563524,0.0193599216932438,0.0845688229195754
"3GCR-Kp","Model A","Temperature",22.0822716823306,0.0192453900021244,0.0840685207769104
"3GCR-Kp","Model A","Temperature",22.1604943083089,0.0191286553305264,0.0835585954824092
"3GCR-Kp","Model A","Temperature",22.2387169342871,0.0190097499228741,0.0830391878875203
"3GCR-Kp","Model A","Temperature",22.3169395602653,0.0188886921525728,0.0825103782517241
"3GCR-Kp","Model A","Temperature",22.3951621862435,0.0187651161964953,0.0819705685710742
"3GCR-Kp","Model A","Temperature",22.4733848122217,0.0186389041981592,0.0814192440199353
"3GCR-Kp","Model A","Temperature",22.5516074381999,0.0185104883823832,0.0808582926609106
"3GCR-Kp","Model A","Temperature",22.6298300641781,0.0183798690358364,0.0802877157462407
"3GCR-Kp","Model A","Temperature",22.7080526901563,0.0182470567792536,0.0797075596698647
"3GCR-Kp","Model A","Temperature",22.7862753161345,0.0181114915657856,0.0791153780116179
"3GCR-Kp","Model A","Temperature",22.8644979421127,0.0179737819594264,0.0785138291262949
"3GCR-Kp","Model A","Temperature",22.9427205680909,0.017834269070382,0.077904403065821
"3GCR-Kp","Model A","Temperature",23.0209431940692,0.0176931480184743,0.0772879521607963
"3GCR-Kp","Model A","Temperature",23.0991658200474,0.0175506060316745,0.0766652942683068
"3GCR-Kp","Model A","Temperature",23.1773884460256,0.0174068979593594,0.076037542632102
"3GCR-Kp","Model A","Temperature",23.2556110720038,0.0172629053510054,0.0754085480736239
"3GCR-Kp","Model A","Temperature",23.333833697982,0.0171190847503979,0.0747803048866066
"3GCR-Kp","Model A","Temperature",23.4120563239602,0.0169759213382694,0.0741549324579011
"3GCR-Kp","Model A","Temperature",23.4902789499384,0.016834308800662,0.0735363346244039
"3GCR-Kp","Model A","Temperature",23.5685015759166,0.0166954504381541,0.0729297676942326
"3GCR-Kp","Model A","Temperature",23.6467242018948,0.016559723949461,0.072336881546775
"3GCR-Kp","Model A","Temperature",23.724946827873,0.0164277919903119,0.0717605708226151
"3GCR-Kp","Model A","Temperature",23.8031694538513,0.0163003270911935,0.071203773297666
"3GCR-Kp","Model A","Temperature",23.8813920798295,0.0161799143960857,0.0706777815064187
"3GCR-Kp","Model A","Temperature",23.9596147058077,0.0160666027918955,0.0701828089987131
"3GCR-Kp","Model A","Temperature",24.0378373317859,0.0159605695341917,0.0697196300697676
"3GCR-Kp","Model A","Temperature",24.1160599577641,0.0158624313332434,0.0692909386592784
"3GCR-Kp","Model A","Temperature",24.1942825837423,0.0157731541039587,0.0689009541173075
"3GCR-Kp","Model A","Temperature",24.2725052097205,0.0156963669175911,0.0685655291053004
"3GCR-Kp","Model A","Temperature",24.3507278356987,0.0156295832736002,0.0682738019871808
"3GCR-Kp","Model A","Temperature",24.4289504616769,0.0155731188324639,0.068027151644304
"3GCR-Kp","Model A","Temperature",24.5071730876551,0.0155272375911149,0.067826731279157
"3GCR-Kp","Model A","Temperature",24.5853957136333,0.0154939307049285,0.067681238740265
"3GCR-Kp","Model A","Temperature",24.6636183396116,0.0154737715426784,0.0675931786411828
"3GCR-Kp","Model A","Temperature",24.7418409655898,0.0154643002257359,0.0675518056367862
"3GCR-Kp","Model A","Temperature",24.820063591568,0.0154652702629652,0.0675560429941462
"3GCR-Kp","Model A","Temperature",24.8982862175462,0.0154763691482822,0.0676045256110621
"3GCR-Kp","Model A","Temperature",24.9765088435244,0.0154996543804131,0.0677062411398705
"3GCR-Kp","Model A","Temperature",25.0547314695026,0.0155321445794633,0.0678481661917194
"3GCR-Kp","Model A","Temperature",25.1329540954808,0.0155722134034558,0.0680231965112893
"3GCR-Kp","Model A","Temperature",25.211176721459,0.0156189982382751,0.0682275639913774
"3GCR-Kp","Model A","Temperature",25.2893993474372,0.0156717252798813,0.0684578884686829
"3GCR-Kp","Model A","Temperature",25.3676219734154,0.0157298295477062,0.0687117019713619
"3GCR-Kp","Model A","Temperature",25.4458445993937,0.0157901268626644,0.0689750952346212
"3GCR-Kp","Model A","Temperature",25.5240672253719,0.0158513384856439,0.0692424824165734
"3GCR-Kp","Model A","Temperature",25.6022898513501,0.0159121546889394,0.069508142309657
"3GCR-Kp","Model A","Temperature",25.6805124773283,0.0159705265977678,0.0697631249330067
"3GCR-Kp","Model A","Temperature",25.7587351033065,0.0160236172039265,0.0699950375482574
"3GCR-Kp","Model A","Temperature",25.8369577292847,0.0160704431775308,0.0701995847325141
"3GCR-Kp","Model A","Temperature",25.9151803552629,0.0161095859344864,0.070370569767165
"3GCR-Kp","Model A","Temperature",25.9934029812411,0.0161396347693895,0.0705018303496261
"3GCR-Kp","Model A","Temperature",26.0716256072193,0.0161554115782653,0.0705707472686713
"3GCR-Kp","Model A","Temperature",26.1498482331975,0.0161568156170482,0.0705768804498427
"3GCR-Kp","Model A","Temperature",26.2280708591757,0.0161436332701631,0.0705192967686139
"3GCR-Kp","Model A","Temperature",26.306293485154,0.0161147137858876,0.0703929694629888
"3GCR-Kp","Model A","Temperature",26.3845161111322,0.0160683066704308,0.0701902519524816
"3GCR-Kp","Model A","Temperature",26.4627387371104,0.0159972261835759,0.0698797551849266
"3GCR-Kp","Model A","Temperature",26.5409613630886,0.0159065091617699,0.0694834812808033
"3GCR-Kp","Model A","Temperature",26.6191839890668,0.0157955354569696,0.0689987212833874
"3GCR-Kp","Model A","Temperature",26.697406615045,0.015663761106368,0.0684230990315031
"3GCR-Kp","Model A","Temperature",26.7756292410232,0.0155072643027593,0.0677394831222259
"3GCR-Kp","Model A","Temperature",26.8538518670014,0.015324423856458,0.066940791806693
"3GCR-Kp","Model A","Temperature",26.9320744929796,0.0151198899037844,0.0660473380056515
"3GCR-Kp","Model A","Temperature",27.0102971189578,0.0148937996209357,0.0650597209379265
"3GCR-Kp","Model A","Temperature",27.088519744936,0.014646370912548,0.0639788924636999
"3GCR-Kp","Model A","Temperature",27.1667423709143,0.0143722771075559,0.0627815843947409
"3GCR-Kp","Model A","Temperature",27.2449649968925,0.0140765185856239,0.0614896395994811
"3GCR-Kp","Model A","Temperature",27.3231876228707,0.0137617699293002,0.060114741301721
"3GCR-Kp","Model A","Temperature",27.4014102488489,0.0134288719815261,0.0586605625069059
"3GCR-Kp","Model A","Temperature",27.4796328748271,0.0130782201292134,0.0571288303607473
"3GCR-Kp","Model A","Temperature",27.5578555008053,0.0127067696425608,0.0555062447466703
"3GCR-Kp","Model A","Temperature",27.6360781267835,0.0123216348640134,0.0538238828340956
"3GCR-Kp","Model A","Temperature",27.7143007527617,0.0119240816208358,0.0520872740628358
"3GCR-Kp","Model A","Temperature",27.7925233787399,0.0115154058730519,0.0503020794998884
"3GCR-Kp","Model A","Temperature",27.8707460047181,0.011095804287989,0.0484691582357317
"3GCR-Kp","Model A","Temperature",27.9489686306963,0.0106674125631179,0.0465978395137413
"3GCR-Kp","Model A","Temperature",28.0271912566746,0.0102337048169176,0.0447032991241456
"3GCR-Kp","Model A","Temperature",28.1054138826528,0.00979609126556189,0.0427916972324538
"3GCR-Kp","Model A","Temperature",28.183636508631,0.00935597776101123,0.0408691749402357
"3GCR-Kp","Model A","Temperature",28.2618591346092,0.00891523270187206,0.0389438938647432
"3GCR-Kp","Model A","Temperature",28.3400817605874,0.00847628736568838,0.0370264744146405
"3GCR-Kp","Model A","Temperature",28.4183043865656,0.00804044897975434,0.0351226268750881
"3GCR-Kp","Model A","Temperature",28.4965270125438,0.00760894281764579,0.0332377035375728
"3GCR-Kp","Model A","Temperature",28.574749638522,0.00718318691548023,0.0313778987270106
"3GCR-Kp","Model A","Temperature",28.6529722645002,0.00676727132090861,0.0295610787613032
"3GCR-Kp","Model A","Temperature",28.7311948904784,0.006360198202214,0.0277828848700429
"3GCR-Kp","Model A","Temperature",28.8094175164567,0.00596283641569685,0.0260471124278071
"3GCR-Kp","Model A","Temperature",28.8876401424349,0.00557600555948015,0.024357341637534
"3GCR-Kp","Model A","Temperature",28.9658627684131,0.00520240337692422,0.0227253568950562
"3GCR-Kp","Model A","Temperature",29.0440853943913,0.00484396720190842,0.0211596209435797
"3GCR-Kp","Model A","Temperature",29.1223080203695,0.00449862142014227,0.0196510669975998
"3GCR-Kp","Model A","Temperature",29.2005306463477,0.0041667581627607,0.0182014079808069
"3GCR-Kp","Model A","Temperature",29.2787532723259,0.00384872026362828,0.0168121414744848
"3GCR-Kp","Model A","Temperature",29.3569758983041,0.0035488130820396,0.0155020743298985
"3GCR-Kp","Model A","Temperature",29.4351985242823,0.00326465656103335,0.0142608098822842
"3GCR-Kp","Model A","Temperature",29.5134211502605,0.002994900867066,0.0130824517320737
"3GCR-Kp","Model A","Temperature",29.5916437762387,0.00273951323493198,0.0119668567529199
"3GCR-Kp","Model A","Temperature",29.669866402217,0.00249882324653055,0.0109154646383156
"3GCR-Kp","Model A","Temperature",29.7480890281952,0.00227701687811418,0.00994656074550776
"3GCR-Kp","Model A","Temperature",29.8263116541734,0.00206886827023319,0.00903731725579948
"3GCR-Kp","Model A","Temperature",29.9045342801516,0.00187407706827051,0.00818642214753974
"3GCR-Kp","Model A","Temperature",29.9827569061298,0.00169232093780772,0.00739246738598615
"3GCR-Kp","Model A","Temperature",30.060979532108,0.00152507989541615,0.00666191804167587
"3GCR-Kp","Model A","Temperature",30.1392021580862,0.0013724431272492,0.00599516370130929
"3GCR-Kp","Model A","Temperature",30.2174247840644,0.00123117357726264,0.00537806412074072
"3GCR-Kp","Model A","Temperature",30.2956474100426,0.00110082288672444,0.00480866076052898
"3GCR-Kp","Model A","Temperature",30.3738700360208,0.000980935241142557,0.00428496251266894
"3GCR-Kp","Model A","Temperature",30.4520926619991,0.000873548797962036,0.00381587254210022
"3GCR-Kp","Model A","Temperature",30.5303152879773,0.000776080551160083,0.00339010765344613
"3GCR-Kp","Model A","Temperature",30.6085379139555,0.000687105295085196,0.00300144220353128
"3GCR-Kp","Model A","Temperature",30.6867605399337,0.000606159013028566,0.00264784925508283
"3GCR-Kp","Model A","Temperature",30.7649831659119,0.000532961994900993,0.00232810696674331
"3GCR-Kp","Model A","Temperature",30.8432057918901,0.00046898227368435,0.00204862806183109
"3GCR-Kp","Model A","Temperature",30.9214284178683,0.000411173854000913,0.00179610689542703
"3GCR-Kp","Model A","Temperature",30.9996510438465,0.000359130636840955,0.00156876952878358
"3GCR-Kp","Model A","Temperature",31.0778736698247,0.000312456258946614,0.0013648845512733
"3GCR-Kp","Model A","Temperature",31.1560962958029,0.000271416125480595,0.00118561131687304
"3GCR-Kp","Model A","Temperature",31.2343189217811,0.000235676058299405,0.0010294900545833
"3GCR-Kp","Model A","Temperature",31.3125415477594,0.000203821633380328,0.000890342217992282
"3GCR-Kp","Model A","Temperature",31.3907641737376,0.000175546788437142,0.000766830852968876
"3GCR-Kp","Model A","Temperature",31.4689867997158,0.000150556500877309,0.000657667229435511
"3GCR-Kp","Model A","Temperature",31.547209425694,0.000129254400023975,0.000564614497951101
"3GCR-Kp","Model A","Temperature",31.6254320516722,0.000110702976156038,0.000483577389183196
"3GCR-Kp","Model A","Temperature",31.7036546776504,9.43979404648993e-05,0.000412353047581522
"3GCR-Kp","Model A","Temperature",31.7818773036286,8.01335394002859e-05,0.00035004269184759
"3GCR-Kp","Model A","Temperature",31.8600999296068,6.77518623653931e-05,0.000295956530281314
"3GCR-Kp","Model A","Temperature",31.938322555585,5.74806115733837e-05,0.000251089221252108
"3GCR-Kp","Model A","Temperature",32.0165451815632,4.8536748502151e-05,0.000212020263005652
"3GCR-Kp","Model A","Temperature",32.0947678075414,4.07881518496418e-05,0.00017817251772216
"3GCR-Kp","Model A","Temperature",32.1729904335197,3.41098698499487e-05,0.00014900016585071
"3GCR-Kp","Model A","Temperature",32.2512130594979,2.84993287667238e-05,0.000124491964688107
"3GCR-Kp","Model A","Temperature",32.3294356854761,2.38372225441828e-05,0.000104126756511469
"3GCR-Kp","Model A","Temperature",32.4076583114543,1.98349512130277e-05,8.66438668157601e-05
"3GCR-Kp","Model A","Temperature",32.4858809374325,1.64186991594819e-05,7.17208511371496e-05
"3GCR-Kp","Model A","Humidity",27.3169997181976,0.000126824510214593,0.000965258749033972
"3GCR-Kp","Model A","Humidity",27.4531979765061,0.000137876626544019,0.00104937617999639
"3GCR-Kp","Model A","Humidity",27.5893962348146,0.000149355582313945,0.00113674227719596
"3GCR-Kp","Model A","Humidity",27.7255944931231,0.000161219874063436,0.00122704115864175
"3GCR-Kp","Model A","Humidity",27.8617927514316,0.000173328613893175,0.00131920052941838
"3GCR-Kp","Model A","Humidity",27.9979910097401,0.000185622348202141,0.00141276788938649
"3GCR-Kp","Model A","Humidity",28.1341892680486,0.000198038010240544,0.00150726323880546
"3GCR-Kp","Model A","Humidity",28.2703875263571,0.000210499418987336,0.00160210676548478
"3GCR-Kp","Model A","Humidity",28.4065857846656,0.000222874644057619,0.00169629434996781
"3GCR-Kp","Model A","Humidity",28.5427840429741,0.000235075306587855,0.00178915334253473
"3GCR-Kp","Model A","Humidity",28.6789823012826,0.000247020448330545,0.00188006757162241
"3GCR-Kp","Model A","Humidity",28.8151805595911,0.000258628200808468,0.00196841393792793
"3GCR-Kp","Model A","Humidity",28.9513788178997,0.000269732625275818,0.00205292948505648
"3GCR-Kp","Model A","Humidity",29.0875770762082,0.000280167709460541,0.00213235069700649
"3GCR-Kp","Model A","Humidity",29.2237753345167,0.00028993935084786,0.00220672245941718
"3GCR-Kp","Model A","Humidity",29.3599735928252,0.000298972944186042,0.00227547695324603
"3GCR-Kp","Model A","Humidity",29.4961718511337,0.000307196996518307,0.00233807004706361
"3GCR-Kp","Model A","Humidity",29.6323701094422,0.000314383059769395,0.00239276302724929
"3GCR-Kp","Model A","Humidity",29.7685683677507,0.000320420308932525,0.00243871240694686
"3GCR-Kp","Model A","Humidity",29.9047666260592,0.000325422179294554,0.0024767815398007
"3GCR-Kp","Model A","Humidity",30.0409648843677,0.000329352679345859,0.00250669649516841
"3GCR-Kp","Model A","Humidity",30.1771631426762,0.000332182321600262,0.00252823284439677
"3GCR-Kp","Model A","Humidity",30.3133614009847,0.000333685097229857,0.00253967043892678
"3GCR-Kp","Model A","Humidity",30.4495596592932,0.000333876940063021,0.00254113055079978
"3GCR-Kp","Model A","Humidity",30.5857579176017,0.000332951665941142,0.00253408830841393
"3GCR-Kp","Model A","Humidity",30.7219561759102,0.000330931663383597,0.00251871411033153
"3GCR-Kp","Model A","Humidity",30.8581544342188,0.000327846725243939,0.00249523470935064
"3GCR-Kp","Model A","Humidity",30.9943526925273,0.000323553016538455,0.00246255538035691
"3GCR-Kp","Model A","Humidity",31.1305509508358,0.00031819969687306,0.00242181137405518
"3GCR-Kp","Model A","Humidity",31.2667492091443,0.000312003140684537,0.002374649511851
"3GCR-Kp","Model A","Humidity",31.4029474674528,0.000305040280736278,0.00232165532743047
"3GCR-Kp","Model A","Humidity",31.5391457257613,0.000297393365626646,0.00226345481319073
"3GCR-Kp","Model A","Humidity",31.6753439840698,0.00028906199423912,0.00220004491624216
"3GCR-Kp","Model A","Humidity",31.8115422423783,0.000280260796624667,0.00213305918150561
"3GCR-Kp","Model A","Humidity",31.9477405006868,0.000271166641689852,0.00206384375460549
"3GCR-Kp","Model A","Humidity",32.0839387589953,0.000261885792842345,0.00199320740416062
"3GCR-Kp","Model A","Humidity",32.2201370173038,0.000252525887573399,0.00192196935691177
"3GCR-Kp","Model A","Humidity",32.3563352756123,0.000243248319531905,0.00185135797661425
"3GCR-Kp","Model A","Humidity",32.4925335339208,0.000234226802972714,0.00178269539890289
"3GCR-Kp","Model A","Humidity",32.6287317922294,0.000225558540104477,0.0017167214277964
"3GCR-Kp","Model A","Humidity",32.7649300505379,0.000217345570028419,0.00165421268080377
"3GCR-Kp","Model A","Humidity",32.9011283088464,0.000209687365882901,0.00159592624594317
"3GCR-Kp","Model A","Humidity",33.0373265671549,0.000202878477021887,0.00154410393231331
"3GCR-Kp","Model A","Humidity",33.1735248254634,0.00019696046789529,0.00149906208609097
"3GCR-Kp","Model A","Humidity",33.3097230837719,0.000191943416448048,0.00146087741030858
"3GCR-Kp","Model A","Humidity",33.4459213420804,0.000187897496251457,0.00143008399457968
"3GCR-Kp","Model A","Humidity",33.5821196003889,0.000184887757621799,0.00140717693552881
"3GCR-Kp","Model A","Humidity",33.7183178586974,0.000183279406895678,0.00139493581110202
"3GCR-Kp","Model A","Humidity",33.8545161170059,0.000182944085338141,0.00139238368559723
"3GCR-Kp","Model A","Humidity",33.9907143753144,0.000183823360325536,0.00139907582951289
"3GCR-Kp","Model A","Humidity",34.1269126336229,0.000185941569645829,0.00141519747725463
"3GCR-Kp","Model A","Humidity",34.2631108919314,0.000189317177864413,0.00144088916225137
"3GCR-Kp","Model A","Humidity",34.3993091502399,0.000194309636459899,0.00147888666234286
"3GCR-Kp","Model A","Humidity",34.5355074085485,0.000200644892927245,0.00152710416952765
"3GCR-Kp","Model A","Humidity",34.671705666857,0.000208225917642911,0.00158480319332879
"3GCR-Kp","Model A","Humidity",34.8079039251655,0.000217031521952841,0.00165182246733433
"3GCR-Kp","Model A","Humidity",34.944102183474,0.000227035469835595,0.0017279623097226
"3GCR-Kp","Model A","Humidity",35.0803004417825,0.000238520770585526,0.001815376698435
"3GCR-Kp","Model A","Humidity",35.216498700091,0.000251139150077681,0.00191141492624147
"3GCR-Kp","Model A","Humidity",35.3526969583995,0.000264783497017895,0.00201526177127648
"3GCR-Kp","Model A","Humidity",35.488895216708,0.000279398545950611,0.00212649660929
"3GCR-Kp","Model A","Humidity",35.6250934750165,0.00029492588620344,0.0022446748778511
"3GCR-Kp","Model A","Humidity",35.761291733325,0.000311523723848669,0.00237100068013486
"3GCR-Kp","Model A","Humidity",35.8974899916335,0.000328861369213678,0.00250295714381767
"3GCR-Kp","Model A","Humidity",36.033688249942,0.000346841675025185,0.00263980488299283
"3GCR-Kp","Model A","Humidity",36.1698865082505,0.000365392850234613,0.00278099749746036
"3GCR-Kp","Model A","Humidity",36.3060847665591,0.000384442203293475,0.00292598173333394
"3GCR-Kp","Model A","Humidity",36.4422830248676,0.000404005755817853,0.00307487953080533
"3GCR-Kp","Model A","Humidity",36.5784812831761,0.000423851575286927,0.0032259256562101
"3GCR-Kp","Model A","Humidity",36.7146795414846,0.00044390087343728,0.00337852045368949
"3GCR-Kp","Model A","Humidity",36.8508777997931,0.00046408189713608,0.0035321178116195
"3GCR-Kp","Model A","Humidity",36.9870760581016,0.000484323640781762,0.00368617730782128
"3GCR-Kp","Model A","Humidity",37.1232743164101,0.000504507043195229,0.00383979277009988
"3GCR-Kp","Model A","Humidity",37.2594725747186,0.000524545951781997,0.00399230849282368
"3GCR-Kp","Model A","Humidity",37.3956708330271,0.000544376092460306,0.00414323528727314
"3GCR-Kp","Model A","Humidity",37.5318690913356,0.000563934355553953,0.00429209282699561
"3GCR-Kp","Model A","Humidity",37.6680673496441,0.000583152161740922,0.00443835915617617
"3GCR-Kp","Model A","Humidity",37.8042656079526,0.000601807258078637,0.0045803427122221
"3GCR-Kp","Model A","Humidity",37.9404638662611,0.000619951416817384,0.00471843753266968
"3GCR-Kp","Model A","Humidity",38.0766621245696,0.000637528937975403,0.00485221968609885
"3GCR-Kp","Model A","Humidity",38.2128603828782,0.000654484946417382,0.00498127151897894
"3GCR-Kp","Model A","Humidity",38.3490586411867,0.000670741529591074,0.00510500004047099
"3GCR-Kp","Model A","Humidity",38.4852568994952,0.000686008299217232,0.00522119511133072
"3GCR-Kp","Model A","Humidity",38.6214551578037,0.00070044357403337,0.00533106169222593
"3GCR-Kp","Model A","Humidity",38.7576534161122,0.000713998518231729,0.00543422809482425
"3GCR-Kp","Model A","Humidity",38.8938516744207,0.000726625489081025,0.00553033171127391
"3GCR-Kp","Model A","Humidity",39.0300499327292,0.000738228600318244,0.00561864275319151
"3GCR-Kp","Model A","Humidity",39.1662481910377,0.00074848568666318,0.00569670922722948
"3GCR-Kp","Model A","Humidity",39.3024464493462,0.000757644920795712,0.00576641997057017
"3GCR-Kp","Model A","Humidity",39.4386447076547,0.000765673273973846,0.00582752360213488
"3GCR-Kp","Model A","Humidity",39.5748429659632,0.000772541287235154,0.00587979591036412
"3GCR-Kp","Model A","Humidity",39.7110412242717,0.000778146365966061,0.00592245604975577
"3GCR-Kp","Model A","Humidity",39.8472394825802,0.000782206612509465,0.00595335850301677
"3GCR-Kp","Model A","Humidity",39.9834377408887,0.000785049940072361,0.00597499901084772
"3GCR-Kp","Model A","Humidity",40.1196359991973,0.000786684827637491,0.00598744210661255
"3GCR-Kp","Model A","Humidity",40.2558342575058,0.000787127324234547,0.00599080993914747
"3GCR-Kp","Model A","Humidity",40.3920325158143,0.000786314142427247,0.00598462082907149
"3GCR-Kp","Model A","Humidity",40.5282307741228,0.000784118749943745,0.00596791174185579
"3GCR-Kp","Model A","Humidity",40.6644290324313,0.000780914409353559,0.00594352357127008
"3GCR-Kp","Model A","Humidity",40.8006272907398,0.000776783459922822,0.00591208299978205
"3GCR-Kp","Model A","Humidity",40.9368255490483,0.000771819032152543,0.00587429884172695
"3GCR-Kp","Model A","Humidity",41.0730238073568,0.000766076248214204,0.00583059063082266
"3GCR-Kp","Model A","Humidity",41.2092220656653,0.000759694180626796,0.00578201684516208
"3GCR-Kp","Model A","Humidity",41.3454203239738,0.00075300716590708,0.00573112211312485
"3GCR-Kp","Model A","Humidity",41.4816185822823,0.000746186733527074,0.00567921194200843
"3GCR-Kp","Model A","Humidity",41.6178168405908,0.000739414509935762,0.00562766868699513
"3GCR-Kp","Model A","Humidity",41.7540150988993,0.000732948643439411,0.00557845710955534
"3GCR-Kp","Model A","Humidity",41.8902133572079,0.000727216123922499,0.00553482702095224
"3GCR-Kp","Model A","Humidity",42.0264116155164,0.000722386433373082,0.00549806834512481
"3GCR-Kp","Model A","Humidity",42.1626098738249,0.000718695669353319,0.00546997801578178
"3GCR-Kp","Model A","Humidity",42.2988081321334,0.000716383621676403,0.00545238106827888
"3GCR-Kp","Model A","Humidity",42.4350063904419,0.000715952548144013,0.00544910017645511
"3GCR-Kp","Model A","Humidity",42.5712046487504,0.000717992478446802,0.0054646260441983
"3GCR-Kp","Model A","Humidity",42.7074029070589,0.000722387691060708,0.00549807791735956
"3GCR-Kp","Model A","Humidity",42.8436011653674,0.000729368693895021,0.00555121018691416
"3GCR-Kp","Model A","Humidity",42.9797994236759,0.000739158710947988,0.00562572180613964
"3GCR-Kp","Model A","Humidity",43.1159976819844,0.000752451633489479,0.00572689396727548
"3GCR-Kp","Model A","Humidity",43.2521959402929,0.000769749596948309,0.00585854841278332
"3GCR-Kp","Model A","Humidity",43.3883941986014,0.000790600905763315,0.00601724729700088
"3GCR-Kp","Model A","Humidity",43.5245924569099,0.000815135740318288,0.00620398142016221
"3GCR-Kp","Model A","Humidity",43.6607907152184,0.000843465784360961,0.00641960080498332
"3GCR-Kp","Model A","Humidity",43.796988973527,0.000876311334088796,0.0066695876110666
"3GCR-Kp","Model A","Humidity",43.9331872318355,0.000913824789387446,0.00695510175081962
"3GCR-Kp","Model A","Humidity",44.069385490144,0.000955282892966705,0.00727063852782371
"3GCR-Kp","Model A","Humidity",44.2055837484525,0.00100063992967051,0.00761585000496269
"3GCR-Kp","Model A","Humidity",44.341782006761,0.00104982629044541,0.00799020638915668
"3GCR-Kp","Model A","Humidity",44.4779802650695,0.00110335182357671,0.00839758812526016
"3GCR-Kp","Model A","Humidity",44.614178523378,0.0011609065577623,0.00883563602804303
"3GCR-Kp","Model A","Humidity",44.7503767816865,0.00122167262763987,0.00929812534098807
"3GCR-Kp","Model A","Humidity",44.886575039995,0.00128541966192228,0.00978330271294827
"3GCR-Kp","Model A","Humidity",45.0227732983035,0.00135189838666156,0.0102892709250126
"3GCR-Kp","Model A","Humidity",45.158971556612,0.00142120410088751,0.0108167552961444
"3GCR-Kp","Model A","Humidity",45.2951698149205,0.00149270589309229,0.0113609539717829
"3GCR-Kp","Model A","Humidity",45.431368073229,0.00156571994589251,0.011916662431832
"3GCR-Kp","Model A","Humidity",45.5675663315375,0.00163991066582337,0.0124813264813065
"3GCR-Kp","Model A","Humidity",45.7037645898461,0.00171493835626589,0.0130523606961985
"3GCR-Kp","Model A","Humidity",45.8399628481546,0.00179043440701263,0.0136269595917709
"3GCR-Kp","Model A","Humidity",45.9761611064631,0.00186579576345033,0.0142005333317164
"3GCR-Kp","Model A","Humidity",46.1123593647716,0.00194065460194682,0.0147702824179065
"3GCR-Kp","Model A","Humidity",46.2485576230801,0.00201470831734288,0.0153339037286733
"3GCR-Kp","Model A","Humidity",46.3847558813886,0.00208766773383154,0.0158891963528746
"3GCR-Kp","Model A","Humidity",46.5209541396971,0.00215886154484429,0.0164310509899699
"3GCR-Kp","Model A","Humidity",46.6571523980056,0.00222806551169658,0.0169577609639253
"3GCR-Kp","Model A","Humidity",46.7933506563141,0.00229527703067752,0.0174693064579504
"3GCR-Kp","Model A","Humidity",46.9295489146226,0.00236034901689462,0.0179645680119418
"3GCR-Kp","Model A","Humidity",47.0657471729311,0.00242315791172954,0.0184426052237865
"3GCR-Kp","Model A","Humidity",47.2019454312396,0.00248302746202407,0.0188982711445517
"3GCR-Kp","Model A","Humidity",47.3381436895481,0.00254022870271041,0.0193336286155537
"3GCR-Kp","Model A","Humidity",47.4743419478567,0.00259502106198678,0.0197506521394942
"3GCR-Kp","Model A","Humidity",47.6105402061652,0.00264744489246156,0.0201496488392492
"3GCR-Kp","Model A","Humidity",47.7467384644737,0.00269756037154702,0.0205310767238703
"3GCR-Kp","Model A","Humidity",47.8829367227822,0.00274494087130788,0.0208916887368826
"3GCR-Kp","Model A","Humidity",48.0191349810907,0.00279015350211729,0.0212358011437176
"3GCR-Kp","Model A","Humidity",48.1553332393992,0.00283352763929586,0.021565920813193
"3GCR-Kp","Model A","Humidity",48.2915314977077,0.00287521241510059,0.0218831827878614
"3GCR-Kp","Model A","Humidity",48.4277297560162,0.00291536183912465,0.0221887592315813
"3GCR-Kp","Model A","Humidity",48.5639280143247,0.00295384156793926,0.0224816276592686
"3GCR-Kp","Model A","Humidity",48.7001262726332,0.00299115862861133,0.0227656470435422
"3GCR-Kp","Model A","Humidity",48.8363245309417,0.00302753777076054,0.0230425279491531
"3GCR-Kp","Model A","Humidity",48.9725227892502,0.00306310152223676,0.0233132029330564
"3GCR-Kp","Model A","Humidity",49.1087210475587,0.00309796107269365,0.0235785182574285
"3GCR-Kp","Model A","Humidity",49.2449193058672,0.00313207166892864,0.0238381333065611
"3GCR-Kp","Model A","Humidity",49.3811175641758,0.00316565087216857,0.0240937039344949
"3GCR-Kp","Model A","Humidity",49.5173158224843,0.00319874151923842,0.024345556171427
"3GCR-Kp","Model A","Humidity",49.6535140807928,0.00323133680876766,0.0245936382522658
"3GCR-Kp","Model A","Humidity",49.7897123391013,0.00326341132388579,0.0248377567297306
"3GCR-Kp","Model A","Humidity",49.9259105974098,0.00329469204447603,0.0250758336533057
"3GCR-Kp","Model A","Humidity",50.0621088557183,0.00332518772047077,0.0253079356185474
"3GCR-Kp","Model A","Humidity",50.1983071140268,0.00335478946258162,0.0255332338713126
"3GCR-Kp","Model A","Humidity",50.3345053723353,0.00338335257141831,0.0257506271075062
"3GCR-Kp","Model A","Humidity",50.4707036306438,0.00341071910938784,0.0259589132673436
"3GCR-Kp","Model A","Humidity",50.6069018889523,0.00343616109594812,0.0261525517058329
"3GCR-Kp","Model A","Humidity",50.7431001472608,0.00345981333063303,0.0263325683794647
"3GCR-Kp","Model A","Humidity",50.8792984055693,0.00348150744705026,0.0264976818550765
"3GCR-Kp","Model A","Humidity",51.0154966638778,0.00350104524446632,0.0266463836309461
"3GCR-Kp","Model A","Humidity",51.1516949221864,0.00351822954580728,0.0267771729964034
"3GCR-Kp","Model A","Humidity",51.2878931804949,0.00353190154470805,0.0268812302999437
"3GCR-Kp","Model A","Humidity",51.4240914388034,0.00354266987694441,0.0269631878559876
"3GCR-Kp","Model A","Humidity",51.5602896971119,0.00355040827469317,0.0270220846427196
"3GCR-Kp","Model A","Humidity",51.6964879554204,0.00355499338840716,0.0270569818492631
"3GCR-Kp","Model A","Humidity",51.8326862137289,0.00355628351384906,0.027066800967571
"3GCR-Kp","Model A","Humidity",51.9688844720374,0.00355311473266081,0.027042683438865
"3GCR-Kp","Model A","Humidity",52.1050827303459,0.00354656504940617,0.026992833933795
"3GCR-Kp","Model A","Humidity",52.2412809886544,0.00353667108953666,0.0269175312079222
"3GCR-Kp","Model A","Humidity",52.3774792469629,0.00352349735478047,0.0268172661825785
"3GCR-Kp","Model A","Humidity",52.5136775052714,0.00350705841291027,0.0266921497327833
"3GCR-Kp","Model A","Humidity",52.6498757635799,0.00348675183561429,0.0265375967889974
"3GCR-Kp","Model A","Humidity",52.7860740218884,0.00346381593652049,0.0263630321308742
"3GCR-Kp","Model A","Humidity",52.9222722801969,0.00343852549525868,0.026170547100547
"3GCR-Kp","Model A","Humidity",53.0584705385055,0.00341118439181741,0.025962454522383
"3GCR-Kp","Model A","Humidity",53.194668796814,0.0033820793274797,0.0257409364739739
"3GCR-Kp","Model A","Humidity",53.3308670551225,0.0033515504189556,0.0255085815766321
"3GCR-Kp","Model A","Humidity",53.467065313431,0.00332056641751021,0.0252727629763896
"3GCR-Kp","Model A","Humidity",53.6032635717395,0.0032896134271706,0.0250371804010379
"3GCR-Kp","Model A","Humidity",53.739461830048,0.00325919597656723,0.0248056738076473
"3GCR-Kp","Model A","Humidity",53.8756600883565,0.00322995033829041,0.0245830858538676
"3GCR-Kp","Model A","Humidity",54.011858346665,0.00320319312322281,0.0243794372381537
"3GCR-Kp","Model A","Humidity",54.1480566049735,0.00317918997389429,0.0241967497603585
"3GCR-Kp","Model A","Humidity",54.284254863282,0.00315851436943883,0.0240393881584219
"3GCR-Kp","Model A","Humidity",54.4204531215905,0.00314173699004663,0.0239116958675801
"3GCR-Kp","Model A","Humidity",54.556651379899,0.00312982220743407,0.0238210127012099
"3GCR-Kp","Model A","Humidity",54.6928496382075,0.00312467457446113,0.0237818341721106
"3GCR-Kp","Model A","Humidity",54.8290478965161,0.00312559313293056,0.0237888253018032
"3GCR-Kp","Model A","Humidity",54.9652461548246,0.00313304688926638,0.0238455556885727
"3GCR-Kp","Model A","Humidity",55.1014444131331,0.00314747746388608,0.0239553864963691
"3GCR-Kp","Model A","Humidity",55.2376426714416,0.00317001342288007,0.024126907218586
"3GCR-Kp","Model A","Humidity",55.3738409297501,0.00320246893490913,0.0243739254557345
"3GCR-Kp","Model A","Humidity",55.5100391880586,0.00324322157274939,0.0246840929474518
"3GCR-Kp","Model A","Humidity",55.6462374463671,0.00329245426759355,0.0250588019792977
"3GCR-Kp","Model A","Humidity",55.7824357046756,0.00335030668401773,0.0254991155354999
"3GCR-Kp","Model A","Humidity",55.9186339629841,0.00341779512743572,0.0260127686957421
"3GCR-Kp","Model A","Humidity",56.0548322212926,0.00349600775535667,0.0266080434045338
"3GCR-Kp","Model A","Humidity",56.1910304796011,0.00358278329151626,0.0272684902325044
"3GCR-Kp","Model A","Humidity",56.3272287379096,0.00367794897558189,0.0279927943043019
"3GCR-Kp","Model A","Humidity",56.4634269962181,0.00378129246765592,0.0287793395053155
"3GCR-Kp","Model A","Humidity",56.5996252545266,0.00389345653715427,0.0296330179404014
"3GCR-Kp","Model A","Humidity",56.7358235128352,0.00401457638694944,0.0305548586358526
"3GCR-Kp","Model A","Humidity",56.8720217711437,0.00414253818933385,0.0315287732922917
"3GCR-Kp","Model A","Humidity",57.0082200294522,0.00427691930531872,0.0325515452130337
"3GCR-Kp","Model A","Humidity",57.1444182877607,0.0044172823597321,0.0336198455446052
"3GCR-Kp","Model A","Humidity",57.2806165460692,0.0045638263421043,0.0347351887922448
"3GCR-Kp","Model A","Humidity",57.4168148043777,0.00471606132183871,0.0358938461042188
"3GCR-Kp","Model A","Humidity",57.5530130626862,0.00487245149265187,0.0370841284903671
"3GCR-Kp","Model A","Humidity",57.6892113209947,0.00503257445829068,0.0383028211014609
"3GCR-Kp","Model A","Humidity",57.8254095793032,0.00519602802883668,0.0395468628782706
"3GCR-Kp","Model A","Humidity",57.9616078376117,0.00536280181355703,0.040816174737141
"3GCR-Kp","Model A","Humidity",58.0978060959202,0.00553244678458766,0.0421073391361981
"3GCR-Kp","Model A","Humidity",58.2340043542287,0.00570423030813125,0.0434147800146195
"3GCR-Kp","Model A","Humidity",58.3702026125372,0.00587800087638791,0.0447373442496442
"3GCR-Kp","Model A","Humidity",58.5064008708458,0.00605365398375633,0.0460742364512816
"3GCR-Kp","Model A","Humidity",58.6425991291543,0.00623146478973463,0.0474275508528347
"3GCR-Kp","Model A","Humidity",58.7787973874628,0.00641156882711529,0.0487983189916107
"3GCR-Kp","Model A","Humidity",58.9149956457713,0.00659386683132486,0.0501857853669744
"3GCR-Kp","Model A","Humidity",59.0511939040798,0.00677862418888844,0.0515919698303315
"3GCR-Kp","Model A","Humidity",59.1873921623883,0.00696615775388168,0.0530192839515606
"3GCR-Kp","Model A","Humidity",59.3235904206968,0.00715758250959317,0.0544762138456289
"3GCR-Kp","Model A","Humidity",59.4597886790053,0.00735365145293115,0.0559684905565786
"3GCR-Kp","Model A","Humidity",59.5959869373138,0.00755445713529583,0.0574968184912205
"3GCR-Kp","Model A","Humidity",59.7321851956223,0.00776062801050522,0.0590659807986887
"3GCR-Kp","Model A","Humidity",59.8683834539308,0.0079728245820753,0.0606810045577118
"3GCR-Kp","Model A","Humidity",60.0045817122393,0.00819336378652233,0.0623595239246487
"3GCR-Kp","Model A","Humidity",60.1407799705478,0.00842308801959723,0.0641079503563018
"3GCR-Kp","Model A","Humidity",60.2769782288564,0.00866181602721793,0.065924904331566
"3GCR-Kp","Model A","Humidity",60.4131764871649,0.00891032068985658,0.0678162682278808
"3GCR-Kp","Model A","Humidity",60.5493747454734,0.00916937401629466,0.0697879177882664
"3GCR-Kp","Model A","Humidity",60.6855730037819,0.00944249507766647,0.0718666365910317
"3GCR-Kp","Model A","Humidity",60.8217712620904,0.00972982139633658,0.0740534713160763
"3GCR-Kp","Model A","Humidity",60.9579695203989,0.0100306204364365,0.0763428466479121
"3GCR-Kp","Model A","Humidity",61.0941677787074,0.010345532054816,0.0787396325239143
"3GCR-Kp","Model A","Humidity",61.2303660370159,0.0106751625987239,0.0812484438405723
"3GCR-Kp","Model A","Humidity",61.3665642953244,0.0110238398172415,0.0839022190074815
"3GCR-Kp","Model A","Humidity",61.5027625536329,0.0113903504750725,0.0866917241156583
"3GCR-Kp","Model A","Humidity",61.6389608119414,0.0117733880112899,0.0896070149566531
"3GCR-Kp","Model A","Humidity",61.7751590702499,0.0121732228741657,0.0926501499067236
"3GCR-Kp","Model A","Humidity",61.9113573285584,0.012590068594151,0.0958227541417596
"3GCR-Kp","Model A","Humidity",62.0475555868669,0.0130283404768393,0.099158432462178
"3GCR-Kp","Model A","Humidity",62.1837538451754,0.0134852761334565,0.102636160383611
"3GCR-Kp","Model A","Humidity",62.319952103484,0.0139591562332129,0.106242852114641
"3GCR-Kp","Model A","Humidity",62.4561503617925,0.0144497356754872,0.109976642199462
"3GCR-Kp","Model A","Humidity",62.592348620101,0.014956701176086,0.113835146238495
"3GCR-Kp","Model A","Humidity",62.7285468784095,0.015483611645812,0.117845451028949
"3GCR-Kp","Model A","Humidity",62.864745136718,0.0160265191545583,0.121977508955661
"3GCR-Kp","Model A","Humidity",63.0009433950265,0.0165835204942883,0.126216834741255
"3GCR-Kp","Model A","Humidity",63.137141653335,0.0171538140439398,0.130557327264249
"3GCR-Kp","Model A","Humidity",63.2733399116435,0.0177365323208467,0.134992384131842
"3GCR-Kp","Model A","Humidity",63.409538169952,0.0183333619095183,0.139534841904183
"3GCR-Kp","Model A","Humidity",63.5457364282605,0.0189400796211876,0.144152557978084
"3GCR-Kp","Model A","Humidity",63.681934686569,0.0195548151060542,0.148831297159534
"3GCR-Kp","Model A","Humidity",63.8181329448775,0.0201762917047644,0.153561342820344
"3GCR-Kp","Model A","Humidity",63.954331203186,0.0208031854907296,0.158332618582372
"3GCR-Kp","Model A","Humidity",64.0905294614946,0.0214344692396059,0.16313730626218
"3GCR-Kp","Model A","Humidity",64.2267277198031,0.0220669672685761,0.167951235802907
"3GCR-Kp","Model A","Humidity",64.3629259781116,0.0226990164997104,0.172761749552499
"3GCR-Kp","Model A","Humidity",64.4991242364201,0.0233290849836412,0.177557187875704
"3GCR-Kp","Model A","Humidity",64.6353224947286,0.023955628324122,0.182325796404329
"3GCR-Kp","Model A","Humidity",64.7715207530371,0.0245745518904201,0.187036410987754
"3GCR-Kp","Model A","Humidity",64.9077190113456,0.0251851360301211,0.191683554366195
"3GCR-Kp","Model A","Humidity",65.0439172696541,0.0257860409780784,0.19625702961457
"3GCR-Kp","Model A","Humidity",65.1801155279626,0.0263758041451752,0.200745704997072
"3GCR-Kp","Model A","Humidity",65.3163137862711,0.0269529927868996,0.205138675924575
"3GCR-Kp","Model A","Humidity",65.4525120445796,0.0275107924945607,0.209384078072136
"3GCR-Kp","Model A","Humidity",65.5887103028881,0.0280519256012767,0.213502631061347
"3GCR-Kp","Model A","Humidity",65.7249085611966,0.0285754108832805,0.217486866818219
"3GCR-Kp","Model A","Humidity",65.8611068195052,0.0290801778087895,0.221328637547284
"3GCR-Kp","Model A","Humidity",65.9973050778137,0.0295651064377889,0.225019419408036
"3GCR-Kp","Model A","Humidity",66.1335033361222,0.030021986209959,0.228496721994087
"3GCR-Kp","Model A","Humidity",66.2697015944307,0.0304567554698041,0.231805741923802
"3GCR-Kp","Model A","Humidity",66.4058998527392,0.0308688555936989,0.234942227524215
"3GCR-Kp","Model A","Humidity",66.5420981110477,0.031257805288916,0.237902515686236
"3GCR-Kp","Model A","Humidity",66.6782963693562,0.03162269200304,0.240679660992128
"3GCR-Kp","Model A","Humidity",66.8144946276647,0.0319560605012891,0.243216921802698
"3GCR-Kp","Model A","Humidity",66.9506928859732,0.0322653808174644,0.245571152392171
"3GCR-Kp","Model A","Humidity",67.0868911442817,0.0325507184677525,0.247742851402901
"3GCR-Kp","Model A","Humidity",67.2230894025902,0.0328122119380029,0.249733072847852
"3GCR-Kp","Model A","Humidity",67.3592876608987,0.0330492163256933,0.251536908387138
"3GCR-Kp","Model A","Humidity",67.4954859192072,0.033256206213181,0.253112304180278
"3GCR-Kp","Model A","Humidity",67.6316841775158,0.0334408674343792,0.254517756951727
"3GCR-Kp","Model A","Humidity",67.7678824358242,0.0336038307308371,0.255758067262497
"3GCR-Kp","Model A","Humidity",67.9040806941328,0.0337457908749015,0.256838523010683
"3GCR-Kp","Model A","Humidity",68.0402789524413,0.0338665090294302,0.25775730641169
"3GCR-Kp","Model A","Humidity",68.1764772107498,0.0339630357514029,0.258491969315116
"3GCR-Kp","Model A","Humidity",68.3126754690583,0.0340422069837691,0.259094539942701
"3GCR-Kp","Model A","Humidity",68.4488737273668,0.0341051556845274,0.259573641214565
"3GCR-Kp","Model A","Humidity",68.5850719856753,0.0341530732600105,0.259938340899896
"3GCR-Kp","Model A","Humidity",68.7212702439838,0.0341864136323121,0.260192093790451
"3GCR-Kp","Model A","Humidity",68.8574685022923,0.0342050842180921,0.260334195236325
"3GCR-Kp","Model A","Humidity",68.9936667606008,0.0342142995139665,0.260404332664435
"3GCR-Kp","Model A","Humidity",69.1298650189093,0.0342156450127711,0.260414573228271
"3GCR-Kp","Model A","Humidity",69.2660632772178,0.0342107548713888,0.260377354462393
"3GCR-Kp","Model A","Humidity",69.4022615355263,0.0342011742528701,0.260304436571123
"3GCR-Kp","Model A","Humidity",69.5384597938348,0.0341895496008264,0.260215961582568
"3GCR-Kp","Model A","Humidity",69.6746580521434,0.0341788608198971,0.260134609489892
"3GCR-Kp","Model A","Humidity",69.8108563104519,0.0341710104258787,0.260074860301847
"3GCR-Kp","Model A","Humidity",69.9470545687604,0.0341679203214289,0.260051341580185
"3GCR-Kp","Model A","Humidity",70.0832528270689,0.0341725347911593,0.260086462214768
"3GCR-Kp","Model A","Humidity",70.2194510853774,0.0341894718336359,0.260215369698074
"3GCR-Kp","Model A","Humidity",70.3556493436859,0.0342189958088995,0.260440076068958
"3GCR-Kp","Model A","Humidity",70.4918476019944,0.0342630033344545,0.26077501644439
"3GCR-Kp","Model A","Humidity",70.6280458603029,0.0343233577549032,0.261234372701965
"3GCR-Kp","Model A","Humidity",70.7642441186114,0.0344043434132463,0.26185075288849
"3GCR-Kp","Model A","Humidity",70.9004423769199,0.0345110557344546,0.262662938179029
"3GCR-Kp","Model A","Humidity",71.0366406352284,0.0346409055298254,0.263651222311408
"3GCR-Kp","Model A","Humidity",71.1728388935369,0.0347953142143375,0.264826423645914
"3GCR-Kp","Model A","Humidity",71.3090371518454,0.0349756117265024,0.266198664317309
"3GCR-Kp","Model A","Humidity",71.445235410154,0.0351868495288006,0.267806390903045
"3GCR-Kp","Model A","Humidity",71.5814336684625,0.0354328188983619,0.269678458735688
"3GCR-Kp","Model A","Humidity",71.717631926771,0.0357085450605952,0.271777004907741
"3GCR-Kp","Model A","Humidity",71.8538301850795,0.0360145590158961,0.274106070852335
"3GCR-Kp","Model A","Humidity",71.990028443388,0.0363512655960658,0.276668737736017
"3GCR-Kp","Model A","Humidity",72.1262267016965,0.0367235235140142,0.279501985123204
"3GCR-Kp","Model A","Humidity",72.262424960005,0.0371325502819825,0.282615079474623
"3GCR-Kp","Model A","Humidity",72.3986232183135,0.0375720708768799,0.285960261718083
"3GCR-Kp","Model A","Humidity",72.534821476622,0.0380415818723881,0.289533700286189
"3GCR-Kp","Model A","Humidity",72.6710197349305,0.038540460248317,0.293330653385037
"3GCR-Kp","Model A","Humidity",72.807217993239,0.0390723669376074,0.297378984300241
"3GCR-Kp","Model A","Humidity",72.9434162515475,0.0396357825100511,0.301667128679612
"3GCR-Kp","Model A","Humidity",73.079614509856,0.0402244869398268,0.306147746034053
"3GCR-Kp","Model A","Humidity",73.2158127681646,0.0408371299824463,0.310810559680427
"3GCR-Kp","Model A","Humidity",73.3520110264731,0.0414722820292054,0.315644688896174
"3GCR-Kp","Model A","Humidity",73.4882092847816,0.0421316790131194,0.320663345831908
"3GCR-Kp","Model A","Humidity",73.6244075430901,0.04281195838192,0.325840938171204
"3GCR-Kp","Model A","Humidity",73.7606058013986,0.0435080729444341,0.331139051845443
"3GCR-Kp","Model A","Humidity",73.8968040597071,0.0442182023342006,0.336543832082785
"3GCR-Kp","Model A","Humidity",74.0330023180156,0.0449404943058014,0.342041181481296
"3GCR-Kp","Model A","Humidity",74.1692005763241,0.0456743957975884,0.347626890700104
"3GCR-Kp","Model A","Humidity",74.3053988346326,0.0464160576278084,0.353271663695742
"3GCR-Kp","Model A","Humidity",74.4415970929411,0.0471621432661054,0.358950106204026
"3GCR-Kp","Model A","Humidity",74.5777953512496,0.0479107007395172,0.364647361798728
"3GCR-Kp","Model A","Humidity",74.7139936095581,0.048659776697872,0.37034856357171
"3GCR-Kp","Model A","Humidity",74.8501918678666,0.049406359286248,0.376030788356864
"3GCR-Kp","Model A","Humidity",74.9863901261751,0.0501473149156136,0.381670186472267
"3GCR-Kp","Model A","Humidity",75.1225883844836,0.0508809781253562,0.387254082131317
"3GCR-Kp","Model A","Humidity",75.2587866427922,0.0516054304066852,0.392767873602912
"3GCR-Kp","Model A","Humidity",75.3949849011007,0.0523187608551032,0.398197017032071
"3GCR-Kp","Model A","Humidity",75.5311831594092,0.0530153054680143,0.403498403811072
"3GCR-Kp","Model A","Humidity",75.6673814177177,0.0536935025676648,0.408660148042525
"3GCR-Kp","Model A","Humidity",75.8035796760262,0.0543530093414151,0.413679640586455
"3GCR-Kp","Model A","Humidity",75.9397779343347,0.0549919767658199,0.418542808563298
"3GCR-Kp","Model A","Humidity",76.0759761926432,0.055608566299508,0.423235658872344
"3GCR-Kp","Model A","Humidity",76.2121744509517,0.0561942337531858,0.427693161863922
"3GCR-Kp","Model A","Humidity",76.3483727092602,0.0567497138024774,0.431920909139155
"3GCR-Kp","Model A","Humidity",76.4845709675687,0.0572756269953642,0.435923623676018
"3GCR-Kp","Model A","Humidity",76.6207692258772,0.0577702570496284,0.439688242885709
"3GCR-Kp","Model A","Humidity",76.7569674841857,0.0582319139441092,0.4432019040518
"3GCR-Kp","Model A","Humidity",76.8931657424942,0.0586491775725056,0.446377688979191
"3GCR-Kp","Model A","Humidity",77.0293640008028,0.059025869271876,0.449244681785948
"3GCR-Kp","Model A","Humidity",77.1655622591113,0.0593633354166856,0.451813129700544
"3GCR-Kp","Model A","Humidity",77.3017605174198,0.0596601915972548,0.454072496009267
"3GCR-Kp","Model A","Humidity",77.4379587757283,0.0599151121854436,0.456012691383503
"3GCR-Kp","Model A","Humidity",77.5741570340368,0.0601143773693184,0.457529294615699
"3GCR-Kp","Model A","Humidity",77.7103552923453,0.0602655565759511,0.458679916460224
"3GCR-Kp","Model A","Humidity",77.8465535506538,0.0603705504342982,0.459479022565132
"3GCR-Kp","Model A","Humidity",77.9827518089623,0.0604285907667744,0.459920766346557
"3GCR-Kp","Model A","Humidity",78.1189500672708,0.0604390012078096,0.46
"3GCR-Kp","Model A","Humidity",78.2551483255793,0.0603869947006762,0.459604179539647
"3GCR-Kp","Model A","Humidity",78.3913465838878,0.060283905758736,0.458819571714487
"3GCR-Kp","Model A","Humidity",78.5275448421963,0.06013196518314,0.457663155106379
"3GCR-Kp","Model A","Humidity",78.6637431005048,0.0599312154570014,0.456135253053428
"3GCR-Kp","Model A","Humidity",78.7999413588134,0.0596818014303213,0.454236968006023
"3GCR-Kp","Model A","Humidity",78.9361396171219,0.0593694291510003,0.451859508987572
"3GCR-Kp","Model A","Humidity",79.0723378754304,0.0590082100976793,0.449110278172914
"3GCR-Kp","Model A","Humidity",79.2085361337389,0.05860038996614,0.446006367506637
"3GCR-Kp","Model A","Humidity",79.3447343920474,0.058146776773333,0.442553926789197
"3GCR-Kp","Model A","Humidity",79.4809326503559,0.0576482589608956,0.438759717931696
"3GCR-Kp","Model A","Humidity",79.6171309086644,0.0570923624678406,0.434528801111512
"3GCR-Kp","Model A","Humidity",79.7533291669729,0.0564941913036634,0.429976132635482
"3GCR-Kp","Model A","Humidity",79.8895274252814,0.055855681340503,0.425116446386797
"3GCR-Kp","Model A","Humidity",80.0257256835899,0.0551781276623829,0.419959599223431
"3GCR-Kp","Model A","Humidity",80.1619239418984,0.0544628540936145,0.414515666745093
"3GCR-Kp","Model A","Humidity",80.2981222002069,0.0536999163840944,0.408708963467973
"3GCR-Kp","Model A","Humidity",80.4343204585154,0.052903510907894,0.402647537704291
"3GCR-Kp","Model A","Humidity",80.5705187168239,0.0520750700751195,0.396342291498022
"3GCR-Kp","Model A","Humidity",80.7067169751325,0.0512160244619516,0.389804112935168
"3GCR-Kp","Model A","Humidity",80.842915233441,0.0503273674616527,0.383040562711498
"3GCR-Kp","Model A","Humidity",80.9791134917495,0.0494029933885879,0.376005170578729
"3GCR-Kp","Model A","Humidity",81.115311750058,0.0484536709189015,0.368779896710382
"3GCR-Kp","Model A","Humidity",81.2515100083665,0.0474807513361492,0.361375025697917
"3GCR-Kp","Model A","Humidity",81.387708266675,0.0464855683100157,0.353800708073981
"3GCR-Kp","Model A","Humidity",81.5239065249835,0.0454688310894385,0.346062341917707
"3GCR-Kp","Model A","Humidity",81.660104783292,0.0444273309475395,0.338135505674562
"3GCR-Kp","Model A","Humidity",81.7963030416005,0.0433687045429618,0.33007832179703
"3GCR-Kp","Model A","Humidity",81.932501299909,0.0422941756731758,0.321900104582585
"3GCR-Kp","Model A","Humidity",82.0686995582175,0.0412049598551258,0.313610105305789
"3GCR-Kp","Model A","Humidity",82.204897816526,0.0401017095059615,0.305213289500203
"3GCR-Kp","Model A","Humidity",82.3410960748345,0.038983515195513,0.296702735511434
"3GCR-Kp","Model A","Humidity",82.477294333143,0.037855478331022,0.28811727004549
"3GCR-Kp","Model A","Humidity",82.6134925914516,0.0367188189856613,0.279466179054291
"3GCR-Kp","Model A","Humidity",82.7496908497601,0.0355747691625093,0.270758839288029
"3GCR-Kp","Model A","Humidity",82.8858891080686,0.0344243121789505,0.262002734755171
"3GCR-Kp","Model A","Humidity",83.0220873663771,0.0332686477212707,0.253206996243464
"3GCR-Kp","Model A","Humidity",83.1582856246856,0.0321107719957334,0.244394427817393
"3GCR-Kp","Model A","Humidity",83.2944838829941,0.0309520499350997,0.235575417952243
"3GCR-Kp","Model A","Humidity",83.4306821413026,0.0297938694047437,0.226760529662943
"3GCR-Kp","Model A","Humidity",83.5668803996111,0.0286379872175875,0.21796313401665
"3GCR-Kp","Model A","Humidity",83.7030786579196,0.0274875683323165,0.209207319449081
"3GCR-Kp","Model A","Humidity",83.8392769162281,0.0263435797559498,0.200500445830847
"3GCR-Kp","Model A","Humidity",83.9754751745366,0.0252075520816155,0.191854162474889
"3GCR-Kp","Model A","Humidity",84.1116734328451,0.024081027237206,0.183280204962809
"3GCR-Kp","Model A","Humidity",84.2478716911536,0.0229668624926601,0.174800319917572
"3GCR-Kp","Model A","Humidity",84.3840699494622,0.0218696560680592,0.166449504298019
"3GCR-Kp","Model A","Humidity",84.5202682077707,0.02078821108199,0.15821864866423
"3GCR-Kp","Model A","Humidity",84.6564664660792,0.0197240518237339,0.150119354350701
"3GCR-Kp","Model A","Humidity",84.7926647243877,0.0186786811620828,0.142163059661017
"3GCR-Kp","Model A","Humidity",84.9288629826962,0.0176561016919233,0.13438022826286
"3GCR-Kp","Model A","Humidity",85.0650612410047,0.0166612850278668,0.126808699013186
"3GCR-Kp","Model A","Humidity",85.2012594993132,0.0156908492879376,0.119422732477562
"3GCR-Kp","Model A","Humidity",85.3374577576217,0.0147460110714931,0.112231588168772
"3GCR-Kp","Model A","Humidity",85.4736560159302,0.0138279271734002,0.10524407042885
"3GCR-Kp","Model A","Humidity",85.6098542742387,0.0129414406045226,0.0984970393142629
"3GCR-Kp","Model A","Humidity",85.7460525325472,0.0120905997391056,0.092021306918453
"3GCR-Kp","Model A","Humidity",85.8822507908557,0.0112701971729643,0.0857772397948509
"3GCR-Kp","Model A","Humidity",86.0184490491642,0.0104808636891854,0.0797696388206085
"3GCR-Kp","Model A","Humidity",86.1546473074727,0.00972314614646914,0.0740026661260887
"3GCR-Kp","Model A","Humidity",86.2908455657813,0.00900216076869164,0.0685152611863989
"3GCR-Kp","Model A","Humidity",86.4270438240898,0.00832003236872775,0.0633235959087993
"3GCR-Kp","Model A","Humidity",86.5632420823983,0.0076704983554792,0.0583800058407403
"3GCR-Kp","Model A","Humidity",86.6994403407068,0.00705349335532195,0.0536839934249087
"3GCR-Kp","Model A","Humidity",86.8356385990153,0.00646886998145952,0.0492344369034159
"3GCR-Kp","Model A","Humidity",86.9718368573238,0.00592139450785141,0.0450676122897227
"3GCR-Kp","Model A","Humidity",87.1080351156323,0.00541097293270784,0.041182804138133
"3GCR-Kp","Model A","Humidity",87.2442333739408,0.00493125025912045,0.0375316446973697
"3GCR-Kp","Model A","Humidity",87.3804316322493,0.00448156977195319,0.0341091357219862
"3GCR-Kp","Model A","Humidity",87.5166298905578,0.00406121794460802,0.0309098465756627
"3GCR-Kp","Model A","Humidity",87.6528281488663,0.00367414469757894,0.0279638400223584
"3GCR-Kp","Model A","Humidity",87.7890264071748,0.00331847446429702,0.0252568411633412
"3GCR-Kp","Model A","Humidity",87.9252246654833,0.00298859718655482,0.0227461519605254
"3GCR-Kp","Model A","Humidity",88.0614229237919,0.00268351770149837,0.0204241982498173
"3GCR-Kp","Model A","Humidity",88.1976211821004,0.00240221901274419,0.0182832396925769
"3GCR-Kp","Model A","Humidity",88.3338194404089,0.00214763682644942,0.0163456198882235
"3GCR-Kp","Model A","Humidity",88.4700176987174,0.00191696259988238,0.0145899630755638
"3GCR-Kp","Model A","Humidity",88.6062159570259,0.00170581528472324,0.0129829251855886
"3GCR-Kp","Model A","Humidity",88.7424142153344,0.00151313883512651,0.0115164686750028
"3GCR-Kp","Model A","Humidity",88.8786124736429,0.00133788547276067,0.0101826189243906
"3GCR-Kp","Model A","Humidity",89.0148107319514,0.00118202788076942,0.00899638998474511
"3GCR-Kp","Model A","Humidity",89.1510089902599,0.00104266375579085,0.00793569248463715
"3GCR-Kp","Model A","Humidity",89.2872072485684,0.000916731332689918,0.0069772233923494
"3GCR-Kp","Model A","Humidity",89.4234055068769,0.000803315203029866,0.00611401555302325
"3GCR-Kp","Model A","Humidity",89.5596037651854,0.00070152538145613,0.00533929530635795
"3GCR-Kp","Model A","Humidity",89.6958020234939,0.000612569932455571,0.0046622572064138
"3GCR-Kp","Model A","Humidity",89.8320002818025,0.000534004462500241,0.00406429702412704
"3GCR-Kp","Model A","Humidity",89.9681985401109,0.000463896063933227,0.00353070343891969
"3GCR-Kp","Model A","Humidity",90.1043967984195,0.000401559823350823,0.00305626358890773
"3GCR-Kp","Model A","Humidity",90.240595056728,0.000346340450509629,0.00263599007347334
"3GCR-Kp","Model A","Humidity",90.3767933150365,0.000298917035420624,0.00227505143277782
"3GCR-Kp","Model A","Humidity",90.512991573345,0.000257511469959139,0.00195991452231176
"3GCR-Kp","Model A","Humidity",90.6491898316535,0.000221012438043838,0.00168212113814728
"3GCR-Kp","Model A","Humidity",90.785388089962,0.000188964667331534,0.00143820621180738
"3GCR-Kp","Model A","Humidity",90.9215863482705,0.000160938444036382,0.0012248992004714
"3GCR-Kp","Model A","Humidity",91.057784606579,0.000137285912760787,0.00104488026949396
"3GCR-Kp","Model A","Humidity",91.1939828648875,0.000116856707715356,0.000889394008419156
"3GCR-Kp","Model A","Humidity",91.330181123196,9.9064802408425e-05,0.00075398018162463
"3GCR-Kp","Model A","Humidity",91.4663793815045,8.36363873060365e-05,0.000636554830356885
"3GCR-Kp","Model A","Humidity",91.602577639813,7.03160949545084e-05,0.000535174358157566
"3GCR-Kp","Model A","Humidity",91.7387758981215,5.92725428249406e-05,0.000451122109144808
"3GCR-Kp","Model A","Humidity",91.8749741564301,4.98322340528594e-05,0.000379272112480796
"3GCR-Kp","Model A","Humidity",92.0111724147386,4.17101577089736e-05,0.000317455155821613
"3GCR-Kp","Model A","Humidity",92.1473706730471,3.4755496354369e-05,0.000264523370729428
"3GCR-Kp","Model A","Humidity",92.2835689313556,2.88291242624295e-05,0.000219417874149184
"3GCR-Kp","Model A","Humidity",92.4197671896641,2.40052663353021e-05,0.000182703590290505
"3GCR-Kp","Model A","Humidity",92.5559654479726,1.99233960447507e-05,0.000151636559132965
"3GCR-Kp","Model A","Humidity",92.6921637062811,1.64552304043718e-05,0.000125240421495135
"3GCR-Kp","Model A","Humidity",92.8283619645896,1.35241227818899e-05,0.000102931821429
"3GCR-Kp","Model A","Humidity",92.9645602228981,1.10601088411e-05,8.41782618050377e-05
"3GCR-Kp","Model A","Humidity",93.1007584812066,9.09290489732384e-06,6.92059128903755e-05
"3GCR-Kp","Model A","Humidity",93.2369567395151,7.44513472714403e-06,5.6664767882427e-05
"3GCR-Kp","Model A","Humidity",93.3731549978236,6.06331184443453e-06,4.61477422310462e-05
"3GCR-Kp","Model A","Precipitation",0,3.85319946913711e-05,0.0107800291476232
"3GCR-Kp","Model A","Precipitation",6.51272015655577,4.03531110586624e-05,0.0112895197067769
"3GCR-Kp","Model A","Precipitation",13.0254403131115,4.21016114578724e-05,0.0117786946228197
"3GCR-Kp","Model A","Precipitation",19.5381604696673,4.37668860059846e-05,0.0122445855872308
"3GCR-Kp","Model A","Precipitation",26.0508806262231,4.53376189119737e-05,0.0126840268008331
"3GCR-Kp","Model A","Precipitation",32.5636007827789,4.67759632017871e-05,0.0130864298815118
"3GCR-Kp","Model A","Precipitation",39.0763209393346,4.81028645525974e-05,0.0134576547649451
"3GCR-Kp","Model A","Precipitation",45.5890410958904,4.93155936570956e-05,0.0137969378775733
"3GCR-Kp","Model A","Precipitation",52.1017612524462,5.04131983839655e-05,0.0141040128432738
"3GCR-Kp","Model A","Precipitation",58.614481409002,5.13965440051068e-05,0.0143791217376614
"3GCR-Kp","Model A","Precipitation",65.1272015655577,5.22514752204157e-05,0.0146183043570421
"3GCR-Kp","Model A","Precipitation",71.6399217221135,5.29940994263401e-05,0.0148260670397092
"3GCR-Kp","Model A","Precipitation",78.1526418786693,5.36483016590064e-05,0.0150090920606838
"3GCR-Kp","Model A","Precipitation",84.665362035225,5.42267085819295e-05,0.0151709119596598
"3GCR-Kp","Model A","Precipitation",91.1780821917808,5.47438037641225e-05,0.0153155787795528
"3GCR-Kp","Model A","Precipitation",97.6908023483366,5.52153250039069e-05,0.0154474954568313
"3GCR-Kp","Model A","Precipitation",104.203522504892,5.56653748481226e-05,0.0155734051191104
"3GCR-Kp","Model A","Precipitation",110.716242661448,5.61276759672088e-05,0.0157027422992549
"3GCR-Kp","Model A","Precipitation",117.228962818004,5.66257340717323e-05,0.0158420831490339
"3GCR-Kp","Model A","Precipitation",123.74168297456,5.71839671652282e-05,0.0159982590508333
"3GCR-Kp","Model A","Precipitation",130.254403131115,5.78276079161748e-05,0.0161783293044336
"3GCR-Kp","Model A","Precipitation",136.767123287671,5.86116366665465e-05,0.0163976756644982
"3GCR-Kp","Model A","Precipitation",143.279843444227,5.95670070683788e-05,0.0166649579804287
"3GCR-Kp","Model A","Precipitation",149.792563600783,6.07080336777796e-05,0.0169841810106942
"3GCR-Kp","Model A","Precipitation",156.305283757339,6.20605838608053e-05,0.017362581623313
"3GCR-Kp","Model A","Precipitation",162.818003913894,6.36499547424461e-05,0.0178072371509519
"3GCR-Kp","Model A","Precipitation",169.33072407045,6.55159893563302e-05,0.018329294409842
"3GCR-Kp","Model A","Precipitation",175.843444227006,6.77471138137381e-05,0.0189534922193631
"3GCR-Kp","Model A","Precipitation",182.356164383562,7.03011036888031e-05,0.0196680175253188
"3GCR-Kp","Model A","Precipitation",188.868884540117,7.31964547552935e-05,0.020478044858172
"3GCR-Kp","Model A","Precipitation",195.381604696673,7.64500636372209e-05,0.0213883013570394
"3GCR-Kp","Model A","Precipitation",201.894324853229,8.00771843763443e-05,0.0224030546186569
"3GCR-Kp","Model A","Precipitation",208.407045009785,8.41739696806105e-05,0.0235492051189173
"3GCR-Kp","Model A","Precipitation",214.91976516634,8.87078577545496e-05,0.0248176431009268
"3GCR-Kp","Model A","Precipitation",221.432485322896,9.36525569842698e-05,0.0262010130055882
"3GCR-Kp","Model A","Precipitation",227.945205479452,9.90126114948769e-05,0.0277005861348799
"3GCR-Kp","Model A","Precipitation",234.457925636008,0.000104790887934645,0.0293171644860047
"3GCR-Kp","Model A","Precipitation",240.970645792564,0.000111017684759083,0.0310592246051711
"3GCR-Kp","Model A","Precipitation",247.483365949119,0.000117753014691402,0.0329435561475898
"3GCR-Kp","Model A","Precipitation",253.996086105675,0.000124901196724018,0.0349433906041582
"3GCR-Kp","Model A","Precipitation",260.508806262231,0.000132457507606363,0.0370574065592787
"3GCR-Kp","Model A","Precipitation",267.021526418787,0.000140416659229515,0.0392841245679145
"3GCR-Kp","Model A","Precipitation",273.534246575342,0.00014877292207398,0.0416219416923601
"3GCR-Kp","Model A","Precipitation",280.046966731898,0.00015760538379567,0.0440929841485765
"3GCR-Kp","Model A","Precipitation",286.559686888454,0.000166844802969412,0.046677880383454
"3GCR-Kp","Model A","Precipitation",293.07240704501,0.000176461937725038,0.0493684494498274
"3GCR-Kp","Model A","Precipitation",299.585127201566,0.000186454378626479,0.0521640172639578
"3GCR-Kp","Model A","Precipitation",306.097847358121,0.000196821228736098,0.0550643328911619
"3GCR-Kp","Model A","Precipitation",312.610567514677,0.00020759686503072,0.0580790139184647
"3GCR-Kp","Model A","Precipitation",319.123287671233,0.000218831879946983,0.0612222145038844
"3GCR-Kp","Model A","Precipitation",325.636007827789,0.000230461353455157,0.0644757720835988
"3GCR-Kp","Model A","Precipitation",332.148727984344,0.000242498713431794,0.06784344335128
"3GCR-Kp","Model A","Precipitation",338.6614481409,0.000254960422651674,0.0713298340687997
"3GCR-Kp","Model A","Precipitation",345.174168297456,0.000267866034233081,0.0749404145780571
"3GCR-Kp","Model A","Precipitation",351.686888454012,0.000281363330012115,0.078716529546345
"3GCR-Kp","Model A","Precipitation",358.199608610568,0.000295403856048012,0.0826446230989174
"3GCR-Kp","Model A","Precipitation",364.712328767123,0.000310000329897778,0.086728253204582
"3GCR-Kp","Model A","Precipitation",371.225048923679,0.000325190681043637,0.0909780313286214
"3GCR-Kp","Model A","Precipitation",377.737769080235,0.00034101536698917,0.0954052761964569
"3GCR-Kp","Model A","Precipitation",384.250489236791,0.000357596636956526,0.100044189260377
"3GCR-Kp","Model A","Precipitation",390.763209393346,0.000375063491489939,0.10493086077831
"3GCR-Kp","Model A","Precipitation",397.275929549902,0.000393339569021385,0.110043927207164
"3GCR-Kp","Model A","Precipitation",403.788649706458,0.000412473143185819,0.115396893977841
"3GCR-Kp","Model A","Precipitation",410.301369863014,0.000432512065674615,0.121003148474823
"3GCR-Kp","Model A","Precipitation",416.814090019569,0.000453503480980274,0.126875880230792
"3GCR-Kp","Model A","Precipitation",423.326810176125,0.000475770851521349,0.133105583764087
"3GCR-Kp","Model A","Precipitation",429.839530332681,0.000499139275623194,0.139643327137344
"3GCR-Kp","Model A","Precipitation",436.352250489237,0.000523613279220375,0.146490376563408
"3GCR-Kp","Model A","Precipitation",442.864970645793,0.000549222284778942,0.153654963514439
"3GCR-Kp","Model A","Precipitation",449.377690802348,0.000575990807253835,0.16114394649675
"3GCR-Kp","Model A","Precipitation",455.890410958904,0.000604085749649391,0.169004019673618
"3GCR-Kp","Model A","Precipitation",462.40313111546,0.000633565457835965,0.177251506367731
"3GCR-Kp","Model A","Precipitation",468.915851272016,0.000664228142612812,0.185829952365306
"3GCR-Kp","Model A","Precipitation",475.428571428571,0.000696057689219386,0.19473484926781
"3GCR-Kp","Model A","Precipitation",481.941291585127,0.000729029773957751,0.203959392076571
"3GCR-Kp","Model A","Precipitation",488.454011741683,0.0007631116919557,0.213494431006363
"3GCR-Kp","Model A","Precipitation",494.966731898239,0.000798527380688785,0.223402616655296
"3GCR-Kp","Model A","Precipitation",501.479452054794,0.000834910054444861,0.233581334022523
"3GCR-Kp","Model A","Precipitation",507.99217221135,0.000872170256353654,0.244005555915014
"3GCR-Kp","Model A","Precipitation",514.504892367906,0.000910220966785479,0.254650937002298
"3GCR-Kp","Model A","Precipitation",521.017612524462,0.000948966229654279,0.265490631817046
"3GCR-Kp","Model A","Precipitation",527.530332681018,0.00098835729507157,0.276511001687735
"3GCR-Kp","Model A","Precipitation",534.043052837573,0.0010282005224912,0.28765787213551
"3GCR-Kp","Model A","Precipitation",540.555772994129,0.00106827627725258,0.298869796353316
"3GCR-Kp","Model A","Precipitation",547.068493150685,0.00110844102264844,0.310106617326179
"3GCR-Kp","Model A","Precipitation",553.581213307241,0.00114854513590864,0.32132647535189
"3GCR-Kp","Model A","Precipitation",560.093933463796,0.00118843004025564,0.332485005681155
"3GCR-Kp","Model A","Precipitation",566.606653620352,0.00122774260600382,0.343483413835929
"3GCR-Kp","Model A","Precipitation",573.119373776908,0.00126637365969778,0.354291156548441
"3GCR-Kp","Model A","Precipitation",579.632093933464,0.00130415226225391,0.364860410488538
"3GCR-Kp","Model A","Precipitation",586.14481409002,0.00134090750324646,0.375143360343619
"3GCR-Kp","Model A","Precipitation",592.657534246575,0.00137646905063771,0.385092352615698
"3GCR-Kp","Model A","Precipitation",599.170254403131,0.0014104067671092,0.394587048535202
"3GCR-Kp","Model A","Precipitation",605.682974559687,0.00144250946945114,0.403568365742769
"3GCR-Kp","Model A","Precipitation",612.195694716243,0.00147280478490203,0.412044033462879
"3GCR-Kp","Model A","Precipitation",618.708414872798,0.00150114882948113,0.419973797524449
"3GCR-Kp","Model A","Precipitation",625.221135029354,0.00152740569586676,0.427319635372435
"3GCR-Kp","Model A","Precipitation",631.73385518591,0.00155138793611442,0.434029105021381
"3GCR-Kp","Model A","Precipitation",638.246575342466,0.00157237290986953,0.439900034635954
"3GCR-Kp","Model A","Precipitation",644.759295499022,0.00159085981226888,0.445072083171477
"3GCR-Kp","Model A","Precipitation",651.272015655577,0.00160677705106892,0.44952522139047
"3GCR-Kp","Model A","Precipitation",657.784735812133,0.00162006575806679,0.453242979838187
"3GCR-Kp","Model A","Precipitation",664.297455968689,0.00163067991279055,0.456212483447227
"3GCR-Kp","Model A","Precipitation",670.810176125245,0.00163810165339115,0.458288850908641
"3GCR-Kp","Model A","Precipitation",677.3228962818,0.00164250874196069,0.459521814413808
"3GCR-Kp","Model A","Precipitation",683.835616438356,0.00164421796224352,0.46
"3GCR-Kp","Model A","Precipitation",690.348336594912,0.00164326069265086,0.459732186350754
"3GCR-Kp","Model A","Precipitation",696.861056751468,0.00163967994503966,0.458730406818494
"3GCR-Kp","Model A","Precipitation",703.373776908024,0.00163342312764352,0.456979947896188
"3GCR-Kp","Model A","Precipitation",709.886497064579,0.00162410034405039,0.454371728942668
"3GCR-Kp","Model A","Precipitation",716.399217221135,0.00161243198514762,0.451107292463731
"3GCR-Kp","Model A","Precipitation",722.911937377691,0.00159851699814839,0.447214320749134
"3GCR-Kp","Model A","Precipitation",729.424657534247,0.00158246039192406,0.442722191948208
"3GCR-Kp","Model A","Precipitation",735.937377690802,0.00156437276345007,0.437661847584446
"3GCR-Kp","Model A","Precipitation",742.450097847358,0.00154403351426798,0.431971571210752
"3GCR-Kp","Model A","Precipitation",748.962818003914,0.00152182754897643,0.425759046917332
"3GCR-Kp","Model A","Precipitation",755.47553816047,0.00149805263674722,0.419107581067565
"3GCR-Kp","Model A","Precipitation",761.988258317025,0.0014728343707378,0.412052310640701
"3GCR-Kp","Model A","Precipitation",768.500978473581,0.00144629833751014,0.40462837077079
"3GCR-Kp","Model A","Precipitation",775.013698630137,0.00141850763738011,0.396853414923471
"3GCR-Kp","Model A","Precipitation",781.526418786693,0.00138947898345699,0.38873211889626
"3GCR-Kp","Model A","Precipitation",788.039138943249,0.00135959919137784,0.38037270142727
"3GCR-Kp","Model A","Precipitation",794.551859099804,0.00132898463275835,0.371807719601045
"3GCR-Kp","Model A","Precipitation",801.06457925636,0.00129774922442608,0.363069043730336
"3GCR-Kp","Model A","Precipitation",807.577299412916,0.00126600437811924,0.354187843283396
"3GCR-Kp","Model A","Precipitation",814.090019569472,0.00123381070400842,0.345181075062247
"3GCR-Kp","Model A","Precipitation",820.602739726027,0.00120137607414613,0.336106895069531
"3GCR-Kp","Model A","Precipitation",827.115459882583,0.0011688262493903,0.327000487201775
"3GCR-Kp","Model A","Precipitation",833.628180039139,0.00113625748910954,0.317888781775136
"3GCR-Kp","Model A","Precipitation",840.140900195695,0.00110376374854398,0.308798064483761
"3GCR-Kp","Model A","Precipitation",846.65362035225,0.00107146061297632,0.299760672421184
"3GCR-Kp","Model A","Precipitation",853.166340508806,0.00103951970693281,0.290824620682663
"3GCR-Kp","Model A","Precipitation",859.679060665362,0.00100798726230571,0.282002843484297
"3GCR-Kp","Model A","Precipitation",866.191780821918,0.00097694416260307,0.273317969464473
"3GCR-Kp","Model A","Precipitation",872.704500978474,0.000946469045972916,0.264791999081117
"3GCR-Kp","Model A","Precipitation",879.217221135029,0.000916638259714808,0.256446291885456
"3GCR-Kp","Model A","Precipitation",885.729941291585,0.000887720604521746,0.248356049779928
"3GCR-Kp","Model A","Precipitation",892.242661448141,0.000859685389511823,0.240512686429872
"3GCR-Kp","Model A","Precipitation",898.755381604697,0.000832554107999009,0.232922214982361
"3GCR-Kp","Model A","Precipitation",905.268101761252,0.000806385835221856,0.225601162814152
"3GCR-Kp","Model A","Precipitation",911.780821917808,0.000781236096820945,0.218565064237153
"3GCR-Kp","Model A","Precipitation",918.293542074364,0.000757268122315111,0.21185958568999
"3GCR-Kp","Model A","Precipitation",924.80626223092,0.000734655119613567,0.205533185248216
"3GCR-Kp","Model A","Precipitation",931.318982387475,0.000713226468424018,0.199538128769364
"3GCR-Kp","Model A","Precipitation",937.831702544031,0.000693011609342619,0.193882652797823
"3GCR-Kp","Model A","Precipitation",944.344422700587,0.000674034970196219,0.188573591464232
"3GCR-Kp","Model A","Precipitation",950.857142857143,0.000656315886685005,0.183616354283805
"3GCR-Kp","Model A","Precipitation",957.369863013699,0.000640188596291584,0.179104450295814
"3GCR-Kp","Model A","Precipitation",963.882583170254,0.000625383714476365,0.174962514256076
"3GCR-Kp","Model A","Precipitation",970.39530332681,0.000611846073067066,0.17117511186097
"3GCR-Kp","Model A","Precipitation",976.908023483366,0.000599562464373519,0.167738548017986
"3GCR-Kp","Model A","Precipitation",983.420743639922,0.000588514313671314,0.164647626108776
"3GCR-Kp","Model A","Precipitation",989.933463796477,0.000578812056361888,0.161933242453554
"3GCR-Kp","Model A","Precipitation",996.446183953033,0.000570467810404013,0.159598787272573
"3GCR-Kp","Model A","Precipitation",1002.95890410959,0.000563229834615199,0.157573831372984
"3GCR-Kp","Model A","Precipitation",1009.47162426614,0.000557049901303171,0.155844882177189
"3GCR-Kp","Model A","Precipitation",1015.9843444227,0.000551875649569124,0.154397290767584
"3GCR-Kp","Model A","Precipitation",1022.49706457926,0.000547650727043375,0.1532152915397
"3GCR-Kp","Model A","Precipitation",1029.00978473581,0.000544522078624682,0.152339995012326
"3GCR-Kp","Model A","Precipitation",1035.52250489237,0.000542177662074355,0.151684101670984
"3GCR-Kp","Model A","Precipitation",1042.03522504892,0.000540529929155477,0.151223118297679
"3GCR-Kp","Model A","Precipitation",1048.54794520548,0.000539506201683462,0.150936711843096
"3GCR-Kp","Model A","Precipitation",1055.06066536204,0.000539032406477387,0.150804158982223
"3GCR-Kp","Model A","Precipitation",1061.57338551859,0.000539080786909274,0.150817694291518
"3GCR-Kp","Model A","Precipitation",1068.08610567515,0.000539537856035702,0.150945567726175
"3GCR-Kp","Model A","Precipitation",1074.5988258317,0.000540258052071686,0.151147055718741
"3GCR-Kp","Model A","Precipitation",1081.11154598826,0.000541168349230205,0.151401727971772
"3GCR-Kp","Model A","Precipitation",1087.62426614481,0.000542197493475794,0.151689649867677
"3GCR-Kp","Model A","Precipitation",1094.13698630137,0.000543276232622922,0.151991446842941
"3GCR-Kp","Model A","Precipitation",1100.64970645793,0.000544301804419451,0.152278369280985
"3GCR-Kp","Model A","Precipitation",1107.16242661448,0.000545202774167195,0.152530432020524
"3GCR-Kp","Model A","Precipitation",1113.67514677104,0.00054592644740207,0.152732892822977
"3GCR-Kp","Model A","Precipitation",1120.18786692759,0.000546424374686352,0.152872197073404
"3GCR-Kp","Model A","Precipitation",1126.70058708415,0.000546652494741327,0.152936017824483
"3GCR-Kp","Model A","Precipitation",1133.2133072407,0.000546516858493882,0.152898071107407
"3GCR-Kp","Model A","Precipitation",1139.72602739726,0.000545975154050042,0.152746519397179
"3GCR-Kp","Model A","Precipitation",1146.23874755382,0.000545050348862636,0.152487788258135
"3GCR-Kp","Model A","Precipitation",1152.75146771037,0.000543727214897718,0.152117617369702
"3GCR-Kp","Model A","Precipitation",1159.26418786693,0.00054199515623055,0.15163304232844
"3GCR-Kp","Model A","Precipitation",1165.77690802348,0.000539841040720653,0.151030389178245
"3GCR-Kp","Model A","Precipitation",1172.28962818004,0.000537161605281095,0.150280768184862
"3GCR-Kp","Model A","Precipitation",1178.80234833659,0.000534079118753773,0.14941838628956
"3GCR-Kp","Model A","Precipitation",1185.31506849315,0.000530606092135374,0.148446743672128
"3GCR-Kp","Model A","Precipitation",1191.82778864971,0.000526757511653008,0.147370033003262
"3GCR-Kp","Model A","Precipitation",1198.34050880626,0.000522550612083088,0.146193076026389
"3GCR-Kp","Model A","Precipitation",1204.85322896282,0.000517952857925797,0.144906770341303
"3GCR-Kp","Model A","Precipitation",1211.36594911937,0.00051301529767339,0.14352539769591
"3GCR-Kp","Model A","Precipitation",1217.87866927593,0.000507799179182465,0.14206609329654
"3GCR-Kp","Model A","Precipitation",1224.39138943249,0.000502325791610139,0.140534813173657
"3GCR-Kp","Model A","Precipitation",1230.90410958904,0.00049661567059045,0.138937302545886
"3GCR-Kp","Model A","Precipitation",1237.4168297456,0.000490681601811602,0.13727713844298
"3GCR-Kp","Model A","Precipitation",1243.92954990215,0.00048450638426583,0.135549508568909
"3GCR-Kp","Model A","Precipitation",1250.44227005871,0.00047815752579111,0.133773299474108
"3GCR-Kp","Model A","Precipitation",1256.95499021526,0.0004716456355365,0.131951479261761
"3GCR-Kp","Model A","Precipitation",1263.46771037182,0.000464979219970003,0.130086427771626
"3GCR-Kp","Model A","Precipitation",1269.98043052838,0.000458164700761029,0.128179941582988
"3GCR-Kp","Model A","Precipitation",1276.49315068493,0.000451179438374594,0.126225686872514
"3GCR-Kp","Model A","Precipitation",1283.00587084149,0.000444037023651857,0.124227465926201
"3GCR-Kp","Model A","Precipitation",1289.51859099804,0.000436749651110554,0.12218869038307
"3GCR-Kp","Model A","Precipitation",1296.0313111546,0.000429314374693169,0.120108536029732
"3GCR-Kp","Model A","Precipitation",1302.54403131115,0.00042172763274021,0.117986006426905
"3GCR-Kp","Model A","Precipitation",1309.05675146771,0.000413976821748173,0.115817575514332
"3GCR-Kp","Model A","Precipitation",1315.56947162427,0.000406027432398591,0.113593588679996
"3GCR-Kp","Model A","Precipitation",1322.08219178082,0.000397914252417553,0.11132377842553
"3GCR-Kp","Model A","Precipitation",1328.59491193738,0.000389637176221867,0.109008115212108
"3GCR-Kp","Model A","Precipitation",1335.10763209393,0.000381197897035954,0.106647072750181
"3GCR-Kp","Model A","Precipitation",1341.62035225049,0.00037260004291799,0.104241666055276
"3GCR-Kp","Model A","Precipitation",1348.13307240704,0.000363821694094563,0.101785762670504
"3GCR-Kp","Model A","Precipitation",1354.6457925636,0.000354898551524062,0.09928935059091
"3GCR-Kp","Model A","Precipitation",1361.15851272016,0.000345858914795562,0.0967603471433161
"3GCR-Kp","Model A","Precipitation",1367.67123287671,0.000336721446522368,0.094203973534592
"3GCR-Kp","Model A","Precipitation",1374.18395303327,0.000327507290487375,0.0916261451241098
"3GCR-Kp","Model A","Precipitation",1380.69667318982,0.000318239184429295,0.0890332232094875
"3GCR-Kp","Model A","Precipitation",1387.20939334638,0.000308956633768332,0.0864362601534358
"3GCR-Kp","Model A","Precipitation",1393.72211350294,0.000299701412918837,0.0838469431112119
"3GCR-Kp","Model A","Precipitation",1400.23483365949,0.000290505123762071,0.0812741132861804
"3GCR-Kp","Model A","Precipitation",1406.74755381605,0.000281399868521081,0.0787267518614578
"3GCR-Kp","Model A","Precipitation",1413.2602739726,0.000272418042785001,0.0762139220946798
"3GCR-Kp","Model A","Precipitation",1419.77299412916,0.000263638933297336,0.0737578059001968
"3GCR-Kp","Model A","Precipitation",1426.28571428571,0.000255081257963879,0.0713636399539625
"3GCR-Kp","Model A","Precipitation",1432.79843444227,0.000246762028949326,0.0690361837197094
"3GCR-Kp","Model A","Precipitation",1439.31115459883,0.000238706548097506,0.066782515850286
"3GCR-Kp","Model A","Precipitation",1445.82387475538,0.000230937765257005,0.0646090569849212
"3GCR-Kp","Model A","Precipitation",1452.33659491194,0.000223505704199768,0.0625298021873003
"3GCR-Kp","Model A","Precipitation",1458.84931506849,0.00021646898881845,0.060561152561925
"3GCR-Kp","Model A","Precipitation",1465.36203522505,0.000209774296693718,0.0586881901882658
"3GCR-Kp","Model A","Precipitation",1471.8747553816,0.000203426378306842,0.0569122441002066
"3GCR-Kp","Model A","Precipitation",1478.38747553816,0.00019742678338679,0.055233747862726
"3GCR-Kp","Model A","Precipitation",1484.90019569472,0.000191773893124114,0.0536522485843195
"3GCR-Kp","Model A","Precipitation",1491.41291585127,0.000186541366562178,0.052188353727456
"3GCR-Kp","Model A","Precipitation",1497.92563600783,0.000181646387064783,0.0508188938258447
"3GCR-Kp","Model A","Precipitation",1504.43835616438,0.000177058615657325,0.0495353809973197
"3GCR-Kp","Model A","Precipitation",1510.95107632094,0.000172761263421779,0.0483331182354816
"3GCR-Kp","Model A","Precipitation",1517.46379647749,0.000168735924767682,0.0472069562402931
"3GCR-Kp","Model A","Precipitation",1523.97651663405,0.000164986346290851,0.0461579431903513
"3GCR-Kp","Model A","Precipitation",1530.48923679061,0.000161495119169381,0.0451812086498254
"3GCR-Kp","Model A","Precipitation",1537.00195694716,0.000158195412320799,0.0442580554029917
"3GCR-Kp","Model A","Precipitation",1543.51467710372,0.000155065769334442,0.043382480627151
"3GCR-Kp","Model A","Precipitation",1550.02739726027,0.000152085323343799,0.0425486464353477
"3GCR-Kp","Model A","Precipitation",1556.54011741683,0.000149233938601078,0.0417509194844379
"3GCR-Kp","Model A","Precipitation",1563.05283757339,0.000146513665952044,0.0409898735359749
"3GCR-Kp","Model A","Precipitation",1569.56555772994,0.000143877126719926,0.04025225353995
"3GCR-Kp","Model A","Precipitation",1576.0782778865,0.000141308394795953,0.0395336038766078
"3GCR-Kp","Model A","Precipitation",1582.59099804305,0.000138796180854664,0.0388307661509961
"3GCR-Kp","Model A","Precipitation",1589.10371819961,0.00013633101784184,0.0381410917818196
"3GCR-Kp","Model A","Precipitation",1595.61643835616,0.000133909486946195,0.0374636242941898
"3GCR-Kp","Model A","Precipitation",1602.12915851272,0.000131526527380425,0.0367969478404437
"3GCR-Kp","Model A","Precipitation",1608.64187866928,0.000129175493355707,0.0361392031397992
"3GCR-Kp","Model A","Precipitation",1615.15459882583,0.000126857550425465,0.0354907162771107
"3GCR-Kp","Model A","Precipitation",1621.66731898239,0.000124575297092809,0.0348522142310746
"3GCR-Kp","Model A","Precipitation",1628.18003913894,0.000122332695132348,0.0342248053804837
"3GCR-Kp","Model A","Precipitation",1634.6927592955,0.00012015115605455,0.033614479986387
"3GCR-Kp","Model A","Precipitation",1641.20547945205,0.000118027974410882,0.0330204811501535
"3GCR-Kp","Model A","Precipitation",1647.71819960861,0.000115970784955013,0.0324449448335396
"3GCR-Kp","Model A","Precipitation",1654.23091976517,0.000113987855476162,0.0318901841015582
"3GCR-Kp","Model A","Precipitation",1660.74363992172,0.000112087557247748,0.0313585409708154
"3GCR-Kp","Model A","Precipitation",1667.25636007828,0.000110293141676698,0.0308565204469935
"3GCR-Kp","Model A","Precipitation",1673.76908023483,0.000108616825941184,0.0303875405087838
"3GCR-Kp","Model A","Precipitation",1680.28180039139,0.000107051575186379,0.0299496330270848
"3GCR-Kp","Model A","Precipitation",1686.79452054795,0.000105602757075274,0.029544299703637
"3GCR-Kp","Model A","Precipitation",1693.3072407045,0.000104274759110914,0.0291727680225381
"3GCR-Kp","Model A","Precipitation",1699.81996086106,0.000103072074055978,0.0288362949161894
"3GCR-Kp","Model A","Precipitation",1706.33268101761,0.000102030688323448,0.0285449482407702
"3GCR-Kp","Model A","Precipitation",1712.84540117417,0.000101114354517852,0.0282885871254841
"3GCR-Kp","Model A","Precipitation",1719.35812133072,0.000100320213271664,0.0280664116100508
"3GCR-Kp","Model A","Precipitation",1725.87084148728,9.96441613943622e-05,0.027877273751993
"3GCR-Kp","Model A","Precipitation",1732.38356164384,9.90808772152329e-05,0.0277196847167498
"3GCR-Kp","Model A","Precipitation",1738.89628180039,9.86387753624124e-05,0.0275959986502018
"3GCR-Kp","Model A","Precipitation",1745.40900195695,9.83003792443736e-05,0.0275013261567293
"3GCR-Kp","Model A","Precipitation",1751.9217221135,9.80422060329921e-05,0.0274290974863446
"3GCR-Kp","Model A","Precipitation",1758.43444227006,9.78533309800582e-05,0.0273762562412392
"3GCR-Kp","Model A","Precipitation",1764.94716242661,9.77223326597009e-05,0.0273396070689591
"3GCR-Kp","Model A","Precipitation",1771.45988258317,9.76381445966946e-05,0.027316053920975
"3GCR-Kp","Model A","Precipitation",1777.97260273973,9.75899693304238e-05,0.0273025760105072
"3GCR-Kp","Model A","Precipitation",1784.48532289628,9.75540463002241e-05,0.0272925258868184
"3GCR-Kp","Model A","Precipitation",1790.99804305284,9.75190290600078e-05,0.0272827291744181
"3GCR-Kp","Model A","Precipitation",1797.51076320939,9.74741507748924e-05,0.0272701736546348
"3GCR-Kp","Model A","Precipitation",1804.02348336595,9.74092917350167e-05,0.0272520281538387
"3GCR-Kp","Model A","Precipitation",1810.5362035225,9.73075619377654e-05,0.02722356738537
"3GCR-Kp","Model A","Precipitation",1817.04892367906,9.71597829129977e-05,0.0271822235045986
"3GCR-Kp","Model A","Precipitation",1823.56164383562,9.69640767333829e-05,0.027127471127061
"3GCR-Kp","Model A","Precipitation",1830.07436399217,9.67163670825299e-05,0.0270581698288092
"3GCR-Kp","Model A","Precipitation",1836.58708414873,9.6413737686989e-05,0.0269735037290916
"3GCR-Kp","Model A","Precipitation",1843.09980430528,9.60518888963088e-05,0.0268722699221785
"3GCR-Kp","Model A","Precipitation",1849.61252446184,9.56200658793506e-05,0.0267514595476648
"3GCR-Kp","Model A","Precipitation",1856.1252446184,9.51345764632037e-05,0.026615635017976
"3GCR-Kp","Model A","Precipitation",1862.63796477495,9.45987441831231e-05,0.0264657261527908
"3GCR-Kp","Model A","Precipitation",1869.15068493151,9.40165870128773e-05,0.0263028570536431
"3GCR-Kp","Model A","Precipitation",1875.66340508806,9.33927494990407e-05,0.0261283271172511
"3GCR-Kp","Model A","Precipitation",1882.17612524462,9.27270902148134e-05,0.0259420967768851
"3GCR-Kp","Model A","Precipitation",1888.68884540117,9.20320686936786e-05,0.0257476518145604
"3GCR-Kp","Model A","Precipitation",1895.20156555773,9.13163981305566e-05,0.0255474299056677
"3GCR-Kp","Model A","Precipitation",1901.71428571429,9.05853292885187e-05,0.0253429000470603
"3GCR-Kp","Model A","Precipitation",1908.22700587084,8.98437159532218e-05,0.0251354201739107
"3GCR-Kp","Model A","Precipitation",1914.7397260274,8.90958449630791e-05,0.0249261896075469
"3GCR-Kp","Model A","Precipitation",1921.25244618395,8.83461425619879e-05,0.0247164466705269
"3GCR-Kp","Model A","Precipitation",1927.76516634051,8.75972158054274e-05,0.0245069207342285
"3GCR-Kp","Model A","Precipitation",1934.27788649706,8.68493737636438e-05,0.0242976982666968
"3GCR-Kp","Model A","Precipitation",1940.79060665362,8.61019675568201e-05,0.024088597731954
"3GCR-Kp","Model A","Precipitation",1947.30332681018,8.5353387771731e-05,0.0238791688672607
"3GCR-Kp","Model A","Precipitation",1953.81604696673,8.45985581738228e-05,0.0236679915033035
"3GCR-Kp","Model A","Precipitation",1960.32876712329,8.38314466107856e-05,0.0234533780353204
"3GCR-Kp","Model A","Precipitation",1966.84148727984,8.30465417816466e-05,0.0232337865762225
"3GCR-Kp","Model A","Precipitation",1973.3542074364,8.2237418350044e-05,0.0230074195208296
"3GCR-Kp","Model A","Precipitation",1979.86692759295,8.13971757878782e-05,0.0227723463203953
"3GCR-Kp","Model A","Precipitation",1986.37964774951,8.05144213271499e-05,0.0225253796400283
"3GCR-Kp","Model A","Precipitation",1992.89236790607,7.95713837558535e-05,0.0222615476586501
"3GCR-Kp","Model A","Precipitation",1999.40508806262,7.8568813719529e-05,0.021981060383058
"3GCR-Kp","Model A","Precipitation",2005.91780821918,7.74997898287894e-05,0.0216819814281795
"3GCR-Kp","Model A","Precipitation",2012.43052837573,7.63579076500795e-05,0.0213625190367762
"3GCR-Kp","Model A","Precipitation",2018.94324853229,7.51373486143692e-05,0.0210210453579091
"3GCR-Kp","Model A","Precipitation",2025.45596868885,7.38120253959923e-05,0.0206502619858423
"3GCR-Kp","Model A","Precipitation",2031.9686888454,7.23927823706624e-05,0.020253202832711
"3GCR-Kp","Model A","Precipitation",2038.48140900196,7.08829973192233e-05,0.0198308128943878
"3GCR-Kp","Model A","Precipitation",2044.99412915851,6.92826632179798e-05,0.0193830902058656
"3GCR-Kp","Model A","Precipitation",2051.50684931507,6.75929284783005e-05,0.0189103560561962
"3GCR-Kp","Model A","Precipitation",2058.01956947162,6.58081336388467e-05,0.0184110271077224
"3GCR-Kp","Model A","Precipitation",2064.53228962818,6.3928200513946e-05,0.0178850814865747
"3GCR-Kp","Model A","Precipitation",2071.04500978474,6.19763092498024e-05,0.0173390042619463
"3GCR-Kp","Model A","Precipitation",2077.55772994129,5.9960290269326e-05,0.0167749861376377
"3GCR-Kp","Model A","Precipitation",2084.07045009785,5.78888597005057e-05,0.0161954656096189
"3GCR-Kp","Model A","Precipitation",2090.5831702544,5.57715717232989e-05,0.0156031156342019
"3GCR-Kp","Model A","Precipitation",2097.09589041096,5.36148984023304e-05,0.0149997468896519
"3GCR-Kp","Model A","Precipitation",2103.60861056751,5.1442351058692e-05,0.0143919370973844
"3GCR-Kp","Model A","Precipitation",2110.12133072407,4.92669884047828e-05,0.0137833396706583
"3GCR-Kp","Model A","Precipitation",2116.63405088063,4.71008036921166e-05,0.0131773099405933
"3GCR-Kp","Model A","Precipitation",2123.14677103718,4.49557672863879e-05,0.0125771968355833
"3GCR-Kp","Model A","Precipitation",2129.65949119374,4.28497212450852e-05,0.0119879919970245
"3GCR-Kp","Model A","Precipitation",2136.17221135029,4.08028913767257e-05,0.011415353964193
"3GCR-Kp","Model A","Precipitation",2142.68493150685,3.8819395738806e-05,0.0108604348388733
"3GCR-Kp","Model A","Precipitation",2149.1976516634,3.69085265581417e-05,0.0103258342912025
"3GCR-Kp","Model A","Precipitation",2155.71037181996,3.50787743530059e-05,0.00981392769871276
"3GCR-Kp","Model A","Precipitation",2162.22309197652,3.33377856805078e-05,0.00932685432538922
"3GCR-Kp","Model A","Precipitation",2168.73581213307,3.17203282414395e-05,0.00887434107042135
"3GCR-Kp","Model A","Precipitation",2175.24853228963,3.02079959405116e-05,0.00845123849253832
"3GCR-Kp","Model A","Precipitation",2181.76125244618,2.88016964782384e-05,0.00805780053753449
"3GCR-Kp","Model A","Precipitation",2188.27397260274,2.75029549379974e-05,0.00769445387533424
"3GCR-Kp","Model A","Precipitation",2194.7866927593,2.63122562181056e-05,0.0073613341650965
"3GCR-Kp","Model A","Precipitation",2201.29941291585,2.52431338154854e-05,0.00706222764972052
"3GCR-Kp","Model A","Precipitation",2207.81213307241,2.4293341016348e-05,0.00679650576999658
"3GCR-Kp","Model A","Precipitation",2214.32485322896,2.3442376545654e-05,0.00655843291985866
"3GCR-Kp","Model A","Precipitation",2220.83757338552,2.26853438862009e-05,0.00634663920920411
"3GCR-Kp","Model A","Precipitation",2227.35029354207,2.20167087486027e-05,0.00615957631951554
"3GCR-Kp","Model A","Precipitation",2233.86301369863,2.14304137365492e-05,0.005995549583561
"3GCR-Kp","Model A","Precipitation",2240.37573385519,2.09376102339553e-05,0.00585767880462614
"3GCR-Kp","Model A","Precipitation",2246.88845401174,2.05071649692816e-05,0.00573725388147318
"3GCR-Kp","Model A","Precipitation",2253.4011741683,2.01315955707416e-05,0.00563218148395924
"3GCR-Kp","Model A","Precipitation",2259.91389432485,1.98034826424015e-05,0.00554038590058628
"3GCR-Kp","Model A","Precipitation",2266.42661448141,1.95155190704025e-05,0.00545982283281709
"3GCR-Kp","Model A","Precipitation",2272.93933463796,1.92640514902473e-05,0.00538947018521949
"3GCR-Kp","Model A","Precipitation",2279.45205479452,1.90382298231821e-05,0.00532629245012877
"3GCR-Kp","Model A","Precipitation",2285.96477495108,1.88283489430666e-05,0.00526757444128194
"3GCR-Kp","Model A","Precipitation",2292.47749510763,1.86295404534929e-05,0.00521195413588209
"3GCR-Kp","Model A","Precipitation",2298.99021526419,1.8437542753623e-05,0.00515823927327371
"3GCR-Kp","Model A","Precipitation",2305.50293542074,1.82487153840985e-05,0.00510541136847284
"3GCR-Kp","Model A","Precipitation",2312.0156555773,1.80593985658887e-05,0.00505244653146444
"3GCR-Kp","Model A","Precipitation",2318.52837573386,1.78678069467349e-05,0.00499884527735183
"3GCR-Kp","Model A","Precipitation",2325.04109589041,1.76736104882969e-05,0.00494451527188249
"3GCR-Kp","Model A","Precipitation",2331.55381604697,1.74770603525633e-05,0.00488952678220919
"3GCR-Kp","Model A","Precipitation",2338.06653620352,1.72789635563646e-05,0.00483410558602723
"3GCR-Kp","Model A","Precipitation",2344.57925636008,1.70812440380562e-05,0.00477878994022455
"3GCR-Kp","Model A","Precipitation",2351.09197651663,1.68872739996275e-05,0.00472452327988748
"3GCR-Kp","Model A","Precipitation",2357.60469667319,1.66997083960682e-05,0.00467204837715648
"3GCR-Kp","Model A","Precipitation",2364.11741682975,1.65213449385603e-05,0.00462214794282374
"3GCR-Kp","Model A","Precipitation",2370.6301369863,1.63550430818252e-05,0.0045756219615641
"3GCR-Kp","Model A","Precipitation",2377.14285714286,1.62043816627104e-05,0.00453347167833873
"3GCR-Kp","Model A","Precipitation",2383.65557729941,1.60772601985187e-05,0.00449790712736617
"3GCR-Kp","Model A","Precipitation",2390.16829745597,1.59719937049373e-05,0.00446845690351546
"3GCR-Kp","Model A","Precipitation",2396.68101761252,1.58902668825539e-05,0.00444559233254028
"3GCR-Kp","Model A","Precipitation",2403.19373776908,1.58333321135424e-05,0.00442966379122355
"3GCR-Kp","Model A","Precipitation",2409.70645792564,1.58019871301492e-05,0.00442089445972862
"3GCR-Kp","Model A","Precipitation",2416.21917808219,1.58012080477335e-05,0.00442067649719601
"3GCR-Kp","Model A","Precipitation",2422.73189823875,1.582732121265e-05,0.00442798213193387
"3GCR-Kp","Model A","Precipitation",2429.2446183953,1.58759248843623e-05,0.00444157989664697
"3GCR-Kp","Model A","Precipitation",2435.75733855186,1.59446052411206e-05,0.00446079448062204
"3GCR-Kp","Model A","Precipitation",2442.27005870841,1.60304451502378e-05,0.00448480976272005
"3GCR-Kp","Model A","Precipitation",2448.78277886497,1.61304562430983e-05,0.00451278969225022
"3GCR-Kp","Model A","Precipitation",2455.29549902153,1.62398273263394e-05,0.00454338825001214
"3GCR-Kp","Model A","Precipitation",2461.80821917808,1.63505651933594e-05,0.00457436919049505
"3GCR-Kp","Model A","Precipitation",2468.32093933464,1.64576527221476e-05,0.00460432888219881
"3GCR-Kp","Model A","Precipitation",2474.83365949119,1.65559648333949e-05,0.00463183349059758
"3GCR-Kp","Model A","Precipitation",2481.34637964775,1.66403072578447e-05,0.00465542982401433
"3GCR-Kp","Model A","Precipitation",2487.85909980431,1.66997206964358e-05,0.00467205181840895
"3GCR-Kp","Model A","Precipitation",2494.37181996086,1.67294447921893e-05,0.00468036767698766
"3GCR-Kp","Model A","Precipitation",2500.88454011742,1.6726736206135e-05,0.00467960990057749
"3GCR-Kp","Model A","Precipitation",2507.39726027397,1.66875990024365e-05,0.0046686605531584
"3GCR-Kp","Model A","Precipitation",2513.90998043053,1.66084532840648e-05,0.00464651809316404
"3GCR-Kp","Model A","Precipitation",2520.42270058708,1.64827555948704e-05,0.00461135186924654
"3GCR-Kp","Model A","Precipitation",2526.93542074364,1.63006935520306e-05,0.00456041668812733
"3GCR-Kp","Model A","Precipitation",2533.4481409002,1.60706659945513e-05,0.00449606227838954
"3GCR-Kp","Model A","Precipitation",2539.96086105675,1.57923548407705e-05,0.00441819965087969
"3GCR-Kp","Model A","Precipitation",2546.47358121331,1.54660258064064e-05,0.00432690314442219
"3GCR-Kp","Model A","Precipitation",2552.98630136986,1.50925235636159e-05,0.00422240907147752
"3GCR-Kp","Model A","Precipitation",2559.49902152642,1.4663898023085e-05,0.00410249324938348
"3GCR-Kp","Model A","Precipitation",2566.01174168297,1.41913735635583e-05,0.00397029590306227
"3GCR-Kp","Model A","Precipitation",2572.52446183953,1.3681072027564e-05,0.00382752972975208
"3GCR-Kp","Model A","Precipitation",2579.03718199609,1.313669820555e-05,0.00367523121223389
"3GCR-Kp","Model A","Precipitation",2585.54990215264,1.25622768197363e-05,0.00351452634004424
"3GCR-Kp","Model A","Precipitation",2592.0626223092,1.19604214203113e-05,0.0033461463015743
"3GCR-Kp","Model A","Precipitation",2598.57534246575,1.1336320301811e-05,0.00317154261696403
"3GCR-Kp","Model A","Precipitation",2605.08806262231,1.06997496264006e-05,0.00299345034610158
"3GCR-Kp","Model A","Precipitation",2611.60078277886,1.00554934223164e-05,0.00281320790824718
"3GCR-Kp","Model A","Precipitation",2618.11350293542,9.40826239007624e-06,0.00263213320789285
"3GCR-Kp","Model A","Precipitation",2624.62622309198,8.76266823593607e-06,0.002451516454078
"3GCR-Kp","Model A","Precipitation",2631.13894324853,8.12639258796685e-06,0.00227350672252972
"3GCR-Kp","Model A","Precipitation",2637.65166340509,7.50375122758533e-06,0.0020993114319098
"3GCR-Kp","Model A","Precipitation",2644.16438356164,6.89790552145789e-06,0.00192981503227288
"3GCR-Kp","Model A","Precipitation",2650.6771037182,6.31203468146849e-06,0.00176590696619909
"3GCR-Kp","Model A","Precipitation",2657.18982387476,5.7490067435642e-06,0.00160838961911782
"3GCR-Kp","Model A","Precipitation",2663.70254403131,5.21448569108077e-06,0.00145884759379724
"3GCR-Kp","Model A","Precipitation",2670.21526418787,4.71341540911243e-06,0.00131866403237274
"3GCR-Kp","Model A","Precipitation",2676.72798434442,4.24246938717056e-06,0.00118690828278971
"3GCR-Kp","Model A","Precipitation",2683.24070450098,3.80262208910408e-06,0.0010638529691046
"3GCR-Kp","Model A","Precipitation",2689.75342465753,3.39457653052419e-06,0.000949694772772381
"3GCR-Kp","Model A","Precipitation",2696.26614481409,3.01877409442209e-06,0.000844557178744952
"3GCR-Kp","Model A","Precipitation",2702.77886497065,2.68381989825088e-06,0.000750847625767854
"3GCR-Kp","Model A","Precipitation",2709.2915851272,2.38167578009078e-06,0.000666317291259161
"3GCR-Kp","Model A","Precipitation",2715.80430528376,2.11102753987319e-06,0.000590598503751077
"3GCR-Kp","Model A","Precipitation",2722.31702544031,1.87127805031138e-06,0.000523524205980999
"3GCR-Kp","Model A","Precipitation",2728.82974559687,1.66174164819901e-06,0.00046490257114606
"3GCR-Kp","Model A","Precipitation",2735.34246575342,1.48526025286845e-06,0.000415528678075772
"3GCR-Kp","Model A","Precipitation",2741.85518590998,1.34145443525765e-06,0.000375296374561273
"3GCR-Kp","Model A","Precipitation",2748.36790606654,1.22481345498506e-06,0.000342663930349206
"3GCR-Kp","Model A","Precipitation",2754.88062622309,1.13456310495683e-06,0.000317414746867268
"3GCR-Kp","Model A","Precipitation",2761.39334637965,1.06996867981377e-06,0.00029934327687477
"3GCR-Kp","Model A","Precipitation",2767.9060665362,1.03034050083129e-06,0.000288256570154292
"3GCR-Kp","Model A","Precipitation",2774.41878669276,1.02162977583887e-06,0.000285819585771123
"3GCR-Kp","Model A","Precipitation",2780.93150684931,1.03651820727249e-06,0.000289984896342307
"3GCR-Kp","Model A","Precipitation",2787.44422700587,1.07442722736179e-06,0.000300590636968862
"3GCR-Kp","Model A","Precipitation",2793.95694716243,1.13499549435605e-06,0.000317535715697563
"3GCR-Kp","Model A","Precipitation",2800.46966731898,1.21790097647023e-06,0.000340730038255922
"3GCR-Kp","Model A","Precipitation",2806.98238747554,1.32601489423044e-06,0.000370976881017471
"3GCR-Kp","Model A","Precipitation",2813.49510763209,1.45882006466472e-06,0.00040813155260153
"3GCR-Kp","Model A","Precipitation",2820.00782778865,1.61288546714821e-06,0.000451234162334431
"3GCR-Kp","Model A","Precipitation",2826.52054794521,1.78785753002343e-06,0.000500185792088417
"3GCR-Kp","Model A","Precipitation",2833.03326810176,1.98332266685491e-06,0.00055487073350567
"3GCR-Kp","Model A","Precipitation",2839.54598825832,2.19900835385596e-06,0.000615212743080303
"3GCR-Kp","Model A","Precipitation",2846.05870841487,2.4390848088559e-06,0.000682378515402414
"3GCR-Kp","Model A","Precipitation",2852.57142857143,2.69708438665899e-06,0.000754558608622831
"3GCR-Kp","Model A","Precipitation",2859.08414872798,2.97193680891737e-06,0.000831453592829388
"3GCR-Kp","Model A","Precipitation",2865.59686888454,3.2624221581723e-06,0.000912722173836094
"3GCR-Kp","Model A","Precipitation",2872.1095890411,3.56716888453232e-06,0.00099798063551494
"3GCR-Kp","Model A","Precipitation",2878.62230919765,3.88624410413829e-06,0.00108724775483194
"3GCR-Kp","Model A","Precipitation",2885.13502935421,4.21624066051047e-06,0.0011795703175438
"3GCR-Kp","Model A","Precipitation",2891.64774951076,4.5535076053971e-06,0.00127392690420715
"3GCR-Kp","Model A","Precipitation",2898.16046966732,4.89580731976239e-06,0.00136969150003554
"3GCR-Kp","Model A","Precipitation",2904.67318982387,5.24080041262841e-06,0.00146620961768329
"3GCR-Kp","Model A","Precipitation",2911.18590998043,5.58595616892086e-06,0.00156277324339498
"3GCR-Kp","Model A","Precipitation",2917.69863013699,5.92684838181923e-06,0.00165814406498562
"3GCR-Kp","Model A","Precipitation",2924.21135029354,6.26090049694568e-06,0.00175160124431755
"3GCR-Kp","Model A","Precipitation",2930.7240704501,6.58565345223893e-06,0.00184245681387419
"3GCR-Kp","Model A","Precipitation",2937.23679060665,6.89874394907842e-06,0.00193004959771025
"3GCR-Kp","Model A","Precipitation",2943.74951076321,7.19792190479145e-06,0.00201375009410929
"3GCR-Kp","Model A","Precipitation",2950.26223091976,7.47763643831401e-06,0.00209200534272901
"3GCR-Kp","Model A","Precipitation",2956.77495107632,7.73653195510467e-06,0.00216443609124194
"3GCR-Kp","Model A","Precipitation",2963.28767123288,7.97516291430991e-06,0.00223119745971929
"3GCR-Kp","Model A","Precipitation",2969.80039138943,8.19264357296856e-06,0.00229204164539311
"3GCR-Kp","Model A","Precipitation",2976.31311154599,8.38839908891603e-06,0.00234680782567067
"3GCR-Kp","Model A","Precipitation",2982.82583170254,8.56116242979414e-06,0.0023951415251125
"3GCR-Kp","Model A","Precipitation",2989.3385518591,8.70730128117381e-06,0.00243602653742736
"3GCR-Kp","Model A","Precipitation",2995.85127201566,8.83323652787294e-06,0.00247125922239485
"3GCR-Kp","Model A","Precipitation",3002.36399217221,8.94042078493349e-06,0.00250124597559913
"3GCR-Kp","Model A","Precipitation",3008.87671232877,9.03061320673578e-06,0.00252647895260204
"3GCR-Kp","Model A","Precipitation",3015.38943248532,9.1058677803409e-06,0.00254753279379175
"3GCR-Kp","Model A","Precipitation",3021.90215264188,9.16694357875839e-06,0.00256461986370413
"3GCR-Kp","Model A","Precipitation",3028.41487279843,9.2194321291225e-06,0.00257930449416185
"3GCR-Kp","Model A","Precipitation",3034.92759295499,9.26742552254637e-06,0.00259273152237948
"3GCR-Kp","Model A","Precipitation",3041.44031311155,9.3140310435485e-06,0.0026057702679432
"3GCR-Kp","Model A","Precipitation",3047.9530332681,9.36238238773821e-06,0.00261929743942411
"3GCR-Kp","Model A","Precipitation",3054.46575342466,9.41622464459917e-06,0.00263436079399436
"3GCR-Kp","Model A","Precipitation",3060.97847358121,9.48147072326768e-06,0.00265261457596044
"3GCR-Kp","Model A","Precipitation",3067.49119373777,9.55956847771184e-06,0.0026744638489092
"3GCR-Kp","Model A","Precipitation",3074.00391389432,9.65283608258021e-06,0.00270055716453076
"3GCR-Kp","Model A","Precipitation",3080.51663405088,9.76329774068016e-06,0.00273146083052443
"3GCR-Kp","Model A","Precipitation",3087.02935420744,9.89266546214032e-06,0.00276765381298673
"3GCR-Kp","Model A","Precipitation",3093.54207436399,1.00469417097917e-05,0.00281081541050558
"3GCR-Kp","Model A","Precipitation",3100.05479452055,1.02238538223886e-05,0.00286030980459647
"3GCR-Kp","Model A","Precipitation",3106.5675146771,1.04217250742047e-05,0.00291566790061872
"3GCR-Kp","Model A","Precipitation",3113.08023483366,1.06398813764059e-05,0.0029767011099115
"3GCR-Kp","Model A","Precipitation",3119.59295499022,1.08772328443148e-05,0.00304310451733392
"3GCR-Kp","Model A","Precipitation",3126.10567514677,1.11334683959672e-05,0.00311479109202579
"3GCR-Kp","Model A","Precipitation",3132.61839530333,1.14069296512389e-05,0.00319129687186373
"3GCR-Kp","Model A","Precipitation",3139.13111545988,1.1691074362395e-05,0.0032707915435759
"3GCR-Kp","Model A","Precipitation",3145.64383561644,1.1982662422516e-05,0.00335236862808398
"3GCR-Kp","Model A","Precipitation",3152.15655577299,1.22782118672563e-05,0.00343505398227817
"3GCR-Kp","Model A","Precipitation",3158.66927592955,1.25740197104832e-05,0.0035178116281676
"3GCR-Kp","Model A","Precipitation",3165.18199608611,1.28636336361373e-05,0.0035988364125089
"3GCR-Kp","Model A","Precipitation",3171.69471624266,1.31419305595832e-05,0.0036766950588227
"3GCR-Kp","Model A","Precipitation",3178.20743639922,1.34050573572657e-05,0.00375030958543255
"3GCR-Kp","Model A","Precipitation",3184.72015655577,1.36489781458565e-05,0.00381855088027806
"3GCR-Kp","Model A","Precipitation",3191.23287671233,1.38697548725838e-05,0.00388031720118359
"3GCR-Kp","Model A","Precipitation",3197.74559686888,1.40602914627169e-05,0.00393362329166178
"3GCR-Kp","Model A","Precipitation",3204.25831702544,1.42125458645324e-05,0.00397621924088713
"3GCR-Kp","Model A","Precipitation",3210.771037182,1.43287715645806e-05,0.00400873550287299
"3GCR-Kp","Model A","Precipitation",3217.28375733855,1.44064308546105e-05,0.00403046210739507
"3GCR-Kp","Model A","Precipitation",3223.79647749511,1.44433252220791e-05,0.00404078398042242
"3GCR-Kp","Model A","Precipitation",3230.30919765166,1.44376065956992e-05,0.0040391840902648
"3GCR-Kp","Model A","Precipitation",3236.82191780822,1.43762874184489e-05,0.00402202893067961
"3GCR-Kp","Model A","Precipitation",3243.33463796477,1.42683221667219e-05,0.00399182367995565
"3GCR-Kp","Model A","Precipitation",3249.84735812133,1.41152920037133e-05,0.00394901069737034
"3GCR-Kp","Model A","Precipitation",3256.36007827789,1.39176826372227e-05,0.00389372586855018
"3GCR-Kp","Model A","Precipitation",3262.87279843444,1.36763578203743e-05,0.00382621084420463
"3GCR-Kp","Model A","Precipitation",3269.385518591,1.33878257362208e-05,0.00374548872477861
"3GCR-Kp","Model A","Precipitation",3275.89823874755,1.30531593713397e-05,0.00365185969786102
"3GCR-Kp","Model A","Precipitation",3282.41095890411,1.26819926295623e-05,0.00354801902397333
"3GCR-Kp","Model A","Precipitation",3288.92367906067,1.22770968844523e-05,0.00343474204547805
"3GCR-Kp","Model A","Precipitation",3295.43639921722,1.18414661488671e-05,0.00331286639214572
"3GCR-Kp","Model A","Precipitation",3301.94911937378,1.13783012169179e-05,0.00318328754457862
"3GCR-Kp","Model A","Precipitation",3308.46183953033,1.08861731962928e-05,0.00304560574405952
"3GCR-Kp","Model A","Precipitation",3314.97455968689,1.03761189885859e-05,0.00290290876535419
"3GCR-Kp","Model A","Precipitation",3321.48727984344,9.85218953793013e-06,0.00275632993405812
"3GCR-Kp","Model A","Precipitation",3328,9.3180777513236e-06,0.00260690240834021
"CR-Ab","Model A","Temperature",-8.2004942927511,1.27208376266137e-05,5.74088028326842e-05
"CR-Ab","Model A","Temperature",-8.11947474561705,1.48238070614079e-05,6.68994481179191e-05
"CR-Ab","Model A","Temperature",-8.03845519848299,1.72772273822502e-05,7.79716689573912e-05
"CR-Ab","Model A","Temperature",-7.95743565134894,2.01254334014806e-05,9.08255471833641e-05
"CR-Ab","Model A","Temperature",-7.87641610421488,2.33415071613728e-05,0.000105339602766524
"CR-Ab","Model A","Temperature",-7.79539655708083,2.69562795462202e-05,0.000121652974670004
"CR-Ab","Model A","Temperature",-7.71437700994677,3.10717848793608e-05,0.000140226141088922
"CR-Ab","Model A","Temperature",-7.63335746281272,3.58461342146684e-05,0.000161772653016061
"CR-Ab","Model A","Temperature",-7.55233791567866,4.11854825217067e-05,0.000185868990317977
"CR-Ab","Model A","Temperature",-7.47131836854461,4.71317021354946e-05,0.000212704121732091
"CR-Ab","Model A","Temperature",-7.39029882141055,5.37533337483736e-05,0.000242587369585136
"CR-Ab","Model A","Temperature",-7.3092792742765,6.14144302703806e-05,0.000277161695004864
"CR-Ab","Model A","Temperature",-7.22825972714244,6.98979808685154e-05,0.000315447733857407
"CR-Ab","Model A","Temperature",-7.14724018000839,7.92563203476745e-05,0.000357681671729262
"CR-Ab","Model A","Temperature",-7.06622063287433,8.95423132891002e-05,0.000404102085073528
"CR-Ab","Model A","Temperature",-6.98520108574028,0.000101234880701287,0.000456870331699816
"CR-Ab","Model A","Temperature",-6.90418153860622,0.000114130095534379,0.000515066094240582
"CR-Ab","Model A","Temperature",-6.82316199147217,0.000128216220521783,0.000578636402722986
"CR-Ab","Model A","Temperature",-6.74214244433811,0.000143552490260759,0.00064784858131347
"CR-Ab","Model A","Temperature",-6.66112289720406,0.000160594467423122,0.000724758572267708
"CR-Ab","Model A","Temperature",-6.58010335007,0.000179336525870064,0.000809340984970478
"CR-Ab","Model A","Temperature",-6.49908380293595,0.000199603670420809,0.000900806070812072
"CR-Ab","Model A","Temperature",-6.41806425580189,0.000221453580310425,0.000999414134650617
"CR-Ab","Model A","Temperature",-6.33704470866783,0.000245239374276533,0.00110675879198374
"CR-Ab","Model A","Temperature",-6.25602516153378,0.00027126739935942,0.00122422257887946
"CR-Ab","Model A","Temperature",-6.17500561439972,0.000299121505437541,0.00134992742087619
"CR-Ab","Model A","Temperature",-6.09398606726567,0.000328845972366567,0.0014840731517882
"CR-Ab","Model A","Temperature",-6.01296652013161,0.000360610370352156,0.00162742503745636
"CR-Ab","Model A","Temperature",-5.93194697299756,0.000395115817351391,0.00178314720462626
"CR-Ab","Model A","Temperature",-5.8509274258635,0.000431645720941818,0.00194800569070051
"CR-Ab","Model A","Temperature",-5.76990787872945,0.000470216571356864,0.0021220749156652
"CR-Ab","Model A","Temperature",-5.68888833159539,0.000510842759083949,0.00230541982340841
"CR-Ab","Model A","Temperature",-5.60786878446134,0.000554368089595956,0.00250184848565023
"CR-Ab","Model A","Temperature",-5.52684923732728,0.00060002048843371,0.00270787655083302
"CR-Ab","Model A","Temperature",-5.44582969019323,0.00064768994980149,0.00292300756571821
"CR-Ab","Model A","Temperature",-5.36481014305917,0.000697348043794925,0.00314711322690138
"CR-Ab","Model A","Temperature",-5.28379059592512,0.000749514753134119,0.00338254020260762
"CR-Ab","Model A","Temperature",-5.20277104879106,0.000803773250425378,0.00362740736186408
"CR-Ab","Model A","Temperature",-5.12175150165701,0.000859765184569418,0.00388009747566372
"CR-Ab","Model A","Temperature",-5.04073195452295,0.000917409922546561,0.00414024664932726
"CR-Ab","Model A","Temperature",-4.9597124073889,0.000976886956157075,0.00440866492458889
"CR-Ab","Model A","Temperature",-4.87869286025484,0.00103803620660884,0.00468462987010533
"CR-Ab","Model A","Temperature",-4.79767331312079,0.00110034290165865,0.00496581833239552
"CR-Ab","Model A","Temperature",-4.71665376598673,0.00116367325056539,0.00525162651739316
"CR-Ab","Model A","Temperature",-4.63563421885268,0.00122794390574941,0.00554167827968176
"CR-Ab","Model A","Temperature",-4.55461467171862,0.00129300319770215,0.00583528913879178
"CR-Ab","Model A","Temperature",-4.47359512458457,0.00135836921520777,0.00613028424218711
"CR-Ab","Model A","Temperature",-4.39257557745051,0.00142386506871699,0.00642586529202322
"CR-Ab","Model A","Temperature",-4.31155603031645,0.00148931175909491,0.00672122446995165
"CR-Ab","Model A","Temperature",-4.2305364831824,0.00155420571443816,0.007014089169328
"CR-Ab","Model A","Temperature",-4.14951693604834,0.00161835275942794,0.00730358308208836
"CR-Ab","Model A","Temperature",-4.06849738891429,0.00168155905161544,0.00758883140240225
"CR-Ab","Model A","Temperature",-3.98747784178023,0.00174362578675848,0.00786893693199728
"CR-Ab","Model A","Temperature",-3.90645829464618,0.00180375259686017,0.00814028763133053
"CR-Ab","Model A","Temperature",-3.82543874751212,0.00186185078618982,0.00840248321892169
"CR-Ab","Model A","Temperature",-3.74441920037807,0.00191790103660779,0.00865543651251893
"CR-Ab","Model A","Temperature",-3.66339965324401,0.001971715236461,0.00889829856922096
"CR-Ab","Model A","Temperature",-3.58238010610996,0.00202247399180556,0.0091273714858905
"CR-Ab","Model A","Temperature",-3.5013605589759,0.00206980824452949,0.00934098971305626
"CR-Ab","Model A","Temperature",-3.42034101184185,0.00211412352984784,0.00954098342038827
"CR-Ab","Model A","Temperature",-3.33932146470779,0.00215527626065725,0.00972670460309727
"CR-Ab","Model A","Temperature",-3.25830191757374,0.00219269945062061,0.00989559446688124
"CR-Ab","Model A","Temperature",-3.17728237043968,0.00222543268174046,0.0100433186707894
"CR-Ab","Model A","Temperature",-3.09626282330563,0.00225448981421095,0.0101744527389888
"CR-Ab","Model A","Temperature",-3.01524327617157,0.00227980323556356,0.0102886915382021
"CR-Ab","Model A","Temperature",-2.93422372903752,0.00230124930018962,0.0103854770590769
"CR-Ab","Model A","Temperature",-2.85320418190346,0.00231716195287778,0.0104572904386304
"CR-Ab","Model A","Temperature",-2.77218463476941,0.00232920983013723,0.010511662189174
"CR-Ab","Model A","Temperature",-2.69116508763535,0.00233742542990923,0.0105487389730547
"CR-Ab","Model A","Temperature",-2.6101455405013,0.00234184781784201,0.0105686970925068
"CR-Ab","Model A","Temperature",-2.52912599336724,0.00234126959283741,0.0105660875783965
"CR-Ab","Model A","Temperature",-2.44810644623319,0.00233688850155236,0.0105463158296203
"CR-Ab","Model A","Temperature",-2.36708689909913,0.00232917834414492,0.0105115200937258
"CR-Ab","Model A","Temperature",-2.28606735196507,0.00231829247923672,0.010462392474105
"CR-Ab","Model A","Temperature",-2.20504780483102,0.00230374898720353,0.0103967580802751
"CR-Ab","Model A","Temperature",-2.12402825769696,0.00228618507112972,0.0103174925928561
"CR-Ab","Model A","Temperature",-2.04300871056291,0.00226642848218266,0.0102283316309132
"CR-Ab","Model A","Temperature",-1.96198916342885,0.00224474818360457,0.0101304890184252
"CR-Ab","Model A","Temperature",-1.8809696162948,0.00222127357290699,0.0100245487229299
"CR-Ab","Model A","Temperature",-1.79995006916074,0.00219652201354094,0.00991284559196042
"CR-Ab","Model A","Temperature",-1.71893052202669,0.00217132948166395,0.00979915236374434
"CR-Ab","Model A","Temperature",-1.63791097489263,0.00214607062137522,0.00968515979716525
"CR-Ab","Model A","Temperature",-1.55689142775858,0.00212117446936325,0.00957280412341953
"CR-Ab","Model A","Temperature",-1.47587188062452,0.00209781157101855,0.00946736798281
"CR-Ab","Model A","Temperature",-1.39485233349047,0.00207629871477818,0.00937028103315131
"CR-Ab","Model A","Temperature",-1.31383278635641,0.00205709503078659,0.00928361531660858
"CR-Ab","Model A","Temperature",-1.23281323922236,0.0020406636799381,0.00920946106601408
"CR-Ab","Model A","Temperature",-1.1517936920883,0.00202921201429075,0.00915778000266344
"CR-Ab","Model A","Temperature",-1.07077414495425,0.00202252161455226,0.00912758640608331
"CR-Ab","Model A","Temperature",-0.989754597820192,0.00202088508988614,0.00912020081366829
"CR-Ab","Model A","Temperature",-0.908735050686136,0.00202481317182868,0.00913792814329618
"CR-Ab","Model A","Temperature",-0.827715503552081,0.0020368757492819,0.0091923662354244
"CR-Ab","Model A","Temperature",-0.746695956418026,0.00205742244301477,0.00928509291931087
"CR-Ab","Model A","Temperature",-0.665676409283971,0.00208591672569948,0.00941368686135467
"CR-Ab","Model A","Temperature",-0.584656862149916,0.00212286700506712,0.00958044249216245
"CR-Ab","Model A","Temperature",-0.503637315015861,0.00217055692739062,0.00979566584679816
"CR-Ab","Model A","Temperature",-0.422617767881805,0.00223094889377019,0.0100682131893811
"CR-Ab","Model A","Temperature",-0.34159822074775,0.00230202895932694,0.0103889956400858
"CR-Ab","Model A","Temperature",-0.260578673613695,0.00238423698417446,0.0107599982759391
"CR-Ab","Model A","Temperature",-0.17955912647964,0.00247890332330544,0.01118722495374
"CR-Ab","Model A","Temperature",-0.0985395793455854,0.00259050695764791,0.0116908891956271
"CR-Ab","Model A","Temperature",-0.0175200322115288,0.00271500154226538,0.0122527299542175
"CR-Ab","Model A","Temperature",0.0634995149225261,0.00285267835060892,0.0128740617388707
"CR-Ab","Model A","Temperature",0.144519062056581,0.0030038173448501,0.013556148011442
"CR-Ab","Model A","Temperature",0.225538609190636,0.00317455349688314,0.0143266757373812
"CR-Ab","Model A","Temperature",0.306558156324691,0.00335984858491612,0.0151629075553626
"CR-Ab","Model A","Temperature",0.387577703458746,0.00355931626992787,0.0160630999276302
"CR-Ab","Model A","Temperature",0.468597250592802,0.00377299728223341,0.0170274366690152
"CR-Ab","Model A","Temperature",0.549616797726857,0.00400525423201948,0.0180756061235874
"CR-Ab","Model A","Temperature",0.630636344860912,0.00425337325362541,0.019195360687596
"CR-Ab","Model A","Temperature",0.711655891994967,0.00451516684068663,0.0203768282028338
"CR-Ab","Model A","Temperature",0.792675439129022,0.0047903666471441,0.0216187976306533
"CR-Ab","Model A","Temperature",0.873694986263077,0.00508119141591677,0.0229312820990032
"CR-Ab","Model A","Temperature",0.954714533397134,0.00538712745104065,0.024311963311622
"CR-Ab","Model A","Temperature",1.03573408053119,0.0057044533623316,0.0257440467333057
"CR-Ab","Model A","Temperature",1.11675362766524,0.00603255954709966,0.0272247812432821
"CR-Ab","Model A","Temperature",1.1977731747993,0.00637169024853355,0.0287552691045843
"CR-Ab","Model A","Temperature",1.27879272193335,0.00672246748376506,0.0303383174640311
"CR-Ab","Model A","Temperature",1.35981226906741,0.00708051130470885,0.0319541597320763
"CR-Ab","Model A","Temperature",1.44083181620146,0.00744489890453788,0.0335986313059839
"CR-Ab","Model A","Temperature",1.52185136333552,0.00781469062875029,0.0352674915499079
"CR-Ab","Model A","Temperature",1.60287091046957,0.00818963514645804,0.0369596062142164
"CR-Ab","Model A","Temperature",1.68389045760363,0.00856619319730451,0.0386590027107865
"CR-Ab","Model A","Temperature",1.76491000473768,0.00894321798214412,0.0403605055654892
"CR-Ab","Model A","Temperature",1.84592955187174,0.00931956969090234,0.0420589708456875
"CR-Ab","Model A","Temperature",1.9269490990058,0.00969249976342451,0.0437419943722997
"CR-Ab","Model A","Temperature",2.00796864613985,0.0100602310969185,0.0454015561275562
"CR-Ab","Model A","Temperature",2.08898819327391,0.0104218707826487,0.0470336264380146
"CR-Ab","Model A","Temperature",2.17000774040796,0.0107762589165493,0.0486329706873883
"CR-Ab","Model A","Temperature",2.25102728754202,0.0111196894982918,0.0501828637944839
"CR-Ab","Model A","Temperature",2.33204683467607,0.0114499605199767,0.0516733681560512
"CR-Ab","Model A","Temperature",2.41306638181013,0.011767984260718,0.053108600863537
"CR-Ab","Model A","Temperature",2.49408592894418,0.0120728083295772,0.0544842638018942
"CR-Ab","Model A","Temperature",2.57510547607824,0.0123614542633631,0.055786915245735
"CR-Ab","Model A","Temperature",2.65612502321229,0.0126293494483145,0.0569959191104273
"CR-Ab","Model A","Temperature",2.73714457034635,0.0128804954695053,0.0581293344432818
"CR-Ab","Model A","Temperature",2.8181641174804,0.0131143826937136,0.0591848612830841
"CR-Ab","Model A","Temperature",2.89918366461446,0.0133300801200556,0.0601582980475371
"CR-Ab","Model A","Temperature",2.98020321174851,0.0135197923595268,0.0610144643528096
"CR-Ab","Model A","Temperature",3.06122275888257,0.0136911011723864,0.0617875764818712
"CR-Ab","Model A","Temperature",3.14224230601662,0.0138441349936349,0.0624782140584731
"CR-Ab","Model A","Temperature",3.22326185315068,0.0139790651543453,0.0630871502952029
"CR-Ab","Model A","Temperature",3.30428140028473,0.0140900727759068,0.0635881247472171
"CR-Ab","Model A","Temperature",3.38530094741879,0.0141833673413116,0.064009160646573
"CR-Ab","Model A","Temperature",3.46632049455284,0.0142612269968988,0.0643605392072799
"CR-Ab","Model A","Temperature",3.5473400416869,0.0143245757529333,0.0646464304631572
"CR-Ab","Model A","Temperature",3.62835958882095,0.0143716205813883,0.0648587425262729
"CR-Ab","Model A","Temperature",3.70937913595501,0.0144062019013073,0.0650148071059174
"CR-Ab","Model A","Temperature",3.79039868308906,0.0144323336185251,0.0651327388526681
"CR-Ab","Model A","Temperature",3.87141823022312,0.0144516812268599,0.0652200540959548
"CR-Ab","Model A","Temperature",3.95243777735718,0.0144658080043279,0.0652838078680038
"CR-Ab","Model A","Temperature",4.03345732449123,0.0144787275752124,0.0653421135487587
"CR-Ab","Model A","Temperature",4.11447687162529,0.0144940021290495,0.0654110472051207
"CR-Ab","Model A","Temperature",4.19549641875934,0.0145139081394441,0.0655008825020934
"CR-Ab","Model A","Temperature",4.2765159658934,0.0145413747996413,0.0656248388111055
"CR-Ab","Model A","Temperature",4.35753551302745,0.0145850702984721,0.0658220354384567
"CR-Ab","Model A","Temperature",4.43855506016151,0.0146448210985398,0.066091689214479
"CR-Ab","Model A","Temperature",4.51957460729556,0.0147232801906431,0.0664457730162852
"CR-Ab","Model A","Temperature",4.60059415442962,0.0148231136569059,0.0668963188017918
"CR-Ab","Model A","Temperature",4.68161370156367,0.0149592920153279,0.06751088812169
"CR-Ab","Model A","Temperature",4.76263324869773,0.0151280556264152,0.0682725138226561
"CR-Ab","Model A","Temperature",4.84365279583178,0.0153307831694811,0.0691874178478657
"CR-Ab","Model A","Temperature",4.92467234296584,0.0155701844701599,0.0702678295685372
"CR-Ab","Model A","Temperature",5.00569189009989,0.0158622176491058,0.0715857675599501
"CR-Ab","Model A","Temperature",5.08671143723395,0.0162068205185864,0.0731409511705167
"CR-Ab","Model A","Temperature",5.167730984368,0.0166000671006141,0.074915662565702
"CR-Ab","Model A","Temperature",5.24875053150206,0.0170443681099674,0.076920781237366
"CR-Ab","Model A","Temperature",5.32977007863611,0.0175529427398394,0.0792159650537951
"CR-Ab","Model A","Temperature",5.41078962577017,0.0181347519233704,0.0818416544685943
"CR-Ab","Model A","Temperature",5.49180917290422,0.0187774848951855,0.0847422913241266
"CR-Ab","Model A","Temperature",5.57282872003828,0.0194829197285155,0.0879259000177257
"CR-Ab","Model A","Temperature",5.65384826717233,0.020258281010901,0.0914250849213548
"CR-Ab","Model A","Temperature",5.73486781430639,0.0211254765918133,0.0953387155786482
"CR-Ab","Model A","Temperature",5.81588736144044,0.0220617810508451,0.0995642327700215
"CR-Ab","Model A","Temperature",5.8969069085745,0.0230680525763923,0.104105509476944
"CR-Ab","Model A","Temperature",5.97792645570856,0.024145087998436,0.108966141771987
"CR-Ab","Model A","Temperature",6.05894600284261,0.0253241114677261,0.114287043419374
"CR-Ab","Model A","Temperature",6.13996554997667,0.0265766055372176,0.119939515936915
"CR-Ab","Model A","Temperature",6.22098509711072,0.0279006425314316,0.125914859776301
"CR-Ab","Model A","Temperature",6.30200464424478,0.0292958803042405,0.132211530841131
"CR-Ab","Model A","Temperature",6.38302419137883,0.0307837577090537,0.13892628210825
"CR-Ab","Model A","Temperature",6.46404373851289,0.0323487346189131,0.145988981396846
"CR-Ab","Model A","Temperature",6.54506328564694,0.0339803314312099,0.153352334538279
"CR-Ab","Model A","Temperature",6.626082832781,0.0356769779878444,0.161009255450688
"CR-Ab","Model A","Temperature",6.70710237991505,0.0374496250319664,0.169009164547478
"CR-Ab","Model A","Temperature",6.78812192704911,0.0392945438924828,0.177335234434897
"CR-Ab","Model A","Temperature",6.86914147418316,0.0411944799499772,0.185909595473136
"CR-Ab","Model A","Temperature",6.95016102131722,0.0431466786382599,0.194719816378037
"CR-Ab","Model A","Temperature",7.03118056845127,0.0451530432770311,0.203774486780929
"CR-Ab","Model A","Temperature",7.11220011558533,0.0472168698274543,0.213088481267127
"CR-Ab","Model A","Temperature",7.19321966271938,0.049317971844292,0.222570698944651
"CR-Ab","Model A","Temperature",7.27423920985344,0.0514525982377166,0.232204211244593
"CR-Ab","Model A","Temperature",7.35525875698749,0.053617062943204,0.241972383055517
"CR-Ab","Model A","Temperature",7.43627830412155,0.0558137635062333,0.251886034436583
"CR-Ab","Model A","Temperature",7.5172978512556,0.0580251490145479,0.261865958586254
"CR-Ab","Model A","Temperature",7.59831739838966,0.0602467987697721,0.271892205010005
"CR-Ab","Model A","Temperature",7.67933694552371,0.0624742685140749,0.281944716890112
"CR-Ab","Model A","Temperature",7.76035649265777,0.0646995977552347,0.291987568736305
"CR-Ab","Model A","Temperature",7.84137603979182,0.0669139852068532,0.30198104057649
"CR-Ab","Model A","Temperature",7.92239558692588,0.069112936087739,0.311904847582361
"CR-Ab","Model A","Temperature",8.00341513405993,0.0712918105242393,0.321738050127178
"CR-Ab","Model A","Temperature",8.08443468119399,0.0734374387109472,0.331421213228423
"CR-Ab","Model A","Temperature",8.16545422832805,0.0755409316191742,0.340914220935377
"CR-Ab","Model A","Temperature",8.2464737754621,0.0776033615874669,0.35022191268346
"CR-Ab","Model A","Temperature",8.32749332259616,0.079620387179231,0.359324695684463
"CR-Ab","Model A","Temperature",8.40851286973021,0.0815796430513903,0.368166765473032
"CR-Ab","Model A","Temperature",8.48953241686427,0.0834628654645885,0.376665698277834
"CR-Ab","Model A","Temperature",8.57055196399832,0.0852820846657368,0.384875786284119
"CR-Ab","Model A","Temperature",8.65157151113238,0.0870337243615325,0.39278088977506
"CR-Ab","Model A","Temperature",8.73259105826643,0.088711665249439,0.400353392500603
"CR-Ab","Model A","Temperature",8.81361060540049,0.0902806818946675,0.407434323007779
"CR-Ab","Model A","Temperature",8.89463015253454,0.0917677389541709,0.414145372078272
"CR-Ab","Model A","Temperature",8.9756496996686,0.0931703826214436,0.420475465748402
"CR-Ab","Model A","Temperature",9.05666924680265,0.0944862339558449,0.426413867922149
"CR-Ab","Model A","Temperature",9.13768879393671,0.0956779144344654,0.43179189031696
"CR-Ab","Model A","Temperature",9.21870834107076,0.0967698374558981,0.436719709953204
"CR-Ab","Model A","Temperature",9.29972788820482,0.0977672655137216,0.441221076324832
"CR-Ab","Model A","Temperature",9.38074743533887,0.0986691271617865,0.445291154023787
"CR-Ab","Model A","Temperature",9.46176698247293,0.0994479564254122,0.448805989834778
"CR-Ab","Model A","Temperature",9.54278652960698,0.100112208473544,0.451803741711008
"CR-Ab","Model A","Temperature",9.62380607674104,0.100679029243231,0.454361788811645
"CR-Ab","Model A","Temperature",9.70482562387509,0.101148613755734,0.456481011262467
"CR-Ab","Model A","Temperature",9.78584517100915,0.101505303477693,0.458090742517706
"CR-Ab","Model A","Temperature",9.8668647181432,0.10173977342217,0.459148899158627
"CR-Ab","Model A","Temperature",9.94788426527726,0.101880379663365,0.459783451396044
"CR-Ab","Model A","Temperature",10.0289038124113,0.101928363238936,0.46
"CR-Ab","Model A","Temperature",10.1099233595454,0.101879536882675,0.459779647949143
"CR-Ab","Model A","Temperature",10.1909429066794,0.101708393157749,0.459007280857546
"CR-Ab","Model A","Temperature",10.2719624538135,0.101452013400682,0.457850245813491
"CR-Ab","Model A","Temperature",10.3529820009475,0.101112355774691,0.456317379955637
"CR-Ab","Model A","Temperature",10.4340015480816,0.100691410313515,0.454417664253473
"CR-Ab","Model A","Temperature",10.5150210952156,0.10016143649183,0.452025906451931
"CR-Ab","Model A","Temperature",10.5960406423497,0.0995547806135775,0.449288084562826
"CR-Ab","Model A","Temperature",10.6770601894838,0.0988770852260164,0.446229663252289
"CR-Ab","Model A","Temperature",10.7580797366178,0.098130692041737,0.442861210607134
"CR-Ab","Model A","Temperature",10.8390992837519,0.0972997648886297,0.439111258402629
"CR-Ab","Model A","Temperature",10.9201188308859,0.0963992577010696,0.435047293348009
"CR-Ab","Model A","Temperature",11.00113837802,0.0954411951523541,0.430723582474952
"CR-Ab","Model A","Temperature",11.082157925154,0.0944280114490227,0.426151111293011
"CR-Ab","Model A","Temperature",11.1631774722881,0.0933528766207649,0.421299056327317
"CR-Ab","Model A","Temperature",11.2441970194221,0.092218336736962,0.416178907921461
"CR-Ab","Model A","Temperature",11.3252165665562,0.0910398606480556,0.410860476587229
"CR-Ab","Model A","Temperature",11.4062361136903,0.0898198389328901,0.405354550943543
"CR-Ab","Model A","Temperature",11.4872556608243,0.0885575332052467,0.399657798672983
"CR-Ab","Model A","Temperature",11.5682752079584,0.0872484094407378,0.393749757843734
"CR-Ab","Model A","Temperature",11.6492947550924,0.0859086344005096,0.387703388620084
"CR-Ab","Model A","Temperature",11.7303143022265,0.0845405304066103,0.381529171579843
"CR-Ab","Model A","Temperature",11.8113338493605,0.0831464163104272,0.375237571637824
"CR-Ab","Model A","Temperature",11.8923533964946,0.0817209133911549,0.368804314769682
"CR-Ab","Model A","Temperature",11.9733729436286,0.0802774097394738,0.362289821073588
"CR-Ab","Model A","Temperature",12.0543924907627,0.0788184998490466,0.355705799430629
"CR-Ab","Model A","Temperature",12.1354120378968,0.0773464654070274,0.349062547034419
"CR-Ab","Model A","Temperature",12.2164315850308,0.0758618151985984,0.342362360018991
"CR-Ab","Model A","Temperature",12.2974511321649,0.0743711302041292,0.335634938174216
"CR-Ab","Model A","Temperature",12.3784706792989,0.0728777908225755,0.328895537150927
"CR-Ab","Model A","Temperature",12.459490226433,0.0713840420639385,0.322154288619717
"CR-Ab","Model A","Temperature",12.540509773567,0.0698936322983525,0.315428108875592
"CR-Ab","Model A","Temperature",12.6215293207011,0.0684114413537359,0.308739020452526
"CR-Ab","Model A","Temperature",12.7025488678351,0.0669389995028049,0.302093929430703
"CR-Ab","Model A","Temperature",12.7835684149692,0.0654784294008768,0.295502415297272
"CR-Ab","Model A","Temperature",12.8645879621032,0.0640339975146464,0.288983732503274
"CR-Ab","Model A","Temperature",12.9456075092373,0.0626135804239392,0.282573427844564
"CR-Ab","Model A","Temperature",13.0266270563714,0.0612142954089174,0.276258491682966
"CR-Ab","Model A","Temperature",13.1076466035054,0.0598379612873723,0.270047132294935
"CR-Ab","Model A","Temperature",13.1886661506395,0.0584867685523158,0.263949235317339
"CR-Ab","Model A","Temperature",13.2696856977735,0.0571753723248142,0.258030938922874
"CR-Ab","Model A","Temperature",13.3507052449076,0.0558943650506423,0.252249787068824
"CR-Ab","Model A","Temperature",13.4317247920416,0.0546450274023283,0.246611559396343
"CR-Ab","Model A","Temperature",13.5127443391757,0.0534285995619632,0.241121852814317
"CR-Ab","Model A","Temperature",13.5937638863097,0.0522591979700622,0.235844374444401
"CR-Ab","Model A","Temperature",13.6747834334438,0.0511292175351206,0.230744802710332
"CR-Ab","Model A","Temperature",13.7558029805779,0.0500360543262585,0.225811386141111
"CR-Ab","Model A","Temperature",13.8368225277119,0.0489801923085562,0.221046308858309
"CR-Ab","Model A","Temperature",13.917842074846,0.0479716170445829,0.216494635440968
"CR-Ab","Model A","Temperature",13.99886162198,0.0470082923790424,0.212147176774239
"CR-Ab","Model A","Temperature",14.0798811691141,0.0460825335661014,0.207969251803987
"CR-Ab","Model A","Temperature",14.1609007162481,0.0451939860885307,0.20395926060336
"CR-Ab","Model A","Temperature",14.2419202633822,0.0443474489087798,0.200138860762615
"CR-Ab","Model A","Temperature",14.3229398105162,0.0435468159819246,0.196525625597736
"CR-Ab","Model A","Temperature",14.4039593576503,0.0427800194967927,0.193065093396961
"CR-Ab","Model A","Temperature",14.4849789047844,0.0420459535060519,0.18975227304931
"CR-Ab","Model A","Temperature",14.5659984519184,0.0413447090833012,0.186587575567519
"CR-Ab","Model A","Temperature",14.6470179990525,0.0406842726679397,0.183607043540784
"CR-Ab","Model A","Temperature",14.7280375461865,0.0400502907426217,0.180745899926002
"CR-Ab","Model A","Temperature",14.8090570933206,0.0394411606073949,0.177996911780794
"CR-Ab","Model A","Temperature",14.8900766404546,0.0388552616446411,0.17535276530083
"CR-Ab","Model A","Temperature",14.9710961875887,0.0382975709043214,0.172835921780585
"CR-Ab","Model A","Temperature",15.0521157347227,0.0377581761149112,0.170401647401558
"CR-Ab","Model A","Temperature",15.1331352818568,0.037234079079976,0.168036411382757
"CR-Ab","Model A","Temperature",15.2141548289908,0.0367235583380783,0.165732444814369
"CR-Ab","Model A","Temperature",15.2951743761249,0.0362271502035287,0.163492168068656
"CR-Ab","Model A","Temperature",15.376193923259,0.0357401783837253,0.161294477161126
"CR-Ab","Model A","Temperature",15.457213470393,0.0352593257563015,0.159124402006516
"CR-Ab","Model A","Temperature",15.5382330175271,0.034783151007516,0.156975437994135
"CR-Ab","Model A","Temperature",15.6192525646611,0.0343103535317465,0.154841715525306
"CR-Ab","Model A","Temperature",15.7002721117952,0.0338384424655137,0.152711993399206
"CR-Ab","Model A","Temperature",15.7812916589292,0.0333657197803331,0.15057860845832
"CR-Ab","Model A","Temperature",15.8623112060633,0.0328913153967609,0.148437634057194
"CR-Ab","Model A","Temperature",15.9433307531973,0.0324141376203224,0.146284143407617
"CR-Ab","Model A","Temperature",16.0243503003314,0.0319319348234591,0.144107974974135
"CR-Ab","Model A","Temperature",16.1053698474655,0.0314454704909351,0.141912574343238
"CR-Ab","Model A","Temperature",16.1863893945995,0.0309545744422889,0.139697173495018
"CR-Ab","Model A","Temperature",16.2674089417336,0.0304591181251051,0.137461192275833
"CR-Ab","Model A","Temperature",16.3484284888676,0.0299573946545227,0.135196927559574
"CR-Ab","Model A","Temperature",16.4294480360017,0.0294516040090232,0.132914307790783
"CR-Ab","Model A","Temperature",16.5104675831357,0.0289423663865401,0.130616131906283
"CR-Ab","Model A","Temperature",16.5914871302698,0.0284301820117692,0.128304657406861
"CR-Ab","Model A","Temperature",16.6725066774038,0.0279154096304552,0.125981503302548
"CR-Ab","Model A","Temperature",16.7535262245379,0.0273999495335485,0.123655245556004
"CR-Ab","Model A","Temperature",16.8345457716719,0.0268849687886657,0.121331151112432
"CR-Ab","Model A","Temperature",16.915565318806,0.0263713676139225,0.119013282632311
"CR-Ab","Model A","Temperature",16.9965848659401,0.0258609842501627,0.116709936047816
"CR-Ab","Model A","Temperature",17.0776044130741,0.0253561486738529,0.114431626480948
"CR-Ab","Model A","Temperature",17.1586239602082,0.0248572195454021,0.112179972556619
"CR-Ab","Model A","Temperature",17.2396435073422,0.0243651886993092,0.109959450397618
"CR-Ab","Model A","Temperature",17.3206630544763,0.0238820213771303,0.107778929086967
"CR-Ab","Model A","Temperature",17.4016826016103,0.0234120130547263,0.105657793993303
"CR-Ab","Model A","Temperature",17.4827021487444,0.0229531774602906,0.103587081124642
"CR-Ab","Model A","Temperature",17.5637216958784,0.022506301168476,0.101570340271531
"CR-Ab","Model A","Temperature",17.6447412430125,0.0220721522164536,0.0996110375653531
"CR-Ab","Model A","Temperature",17.7257607901466,0.0216580553381505,0.0977422293360589
"CR-Ab","Model A","Temperature",17.8067803372806,0.0212588817166508,0.0959407693689306
"CR-Ab","Model A","Temperature",17.8877998844147,0.0208749340000567,0.0942080235068266
"CR-Ab","Model A","Temperature",17.9688194315487,0.0205065597438535,0.0925455602584349
"CR-Ab","Model A","Temperature",18.0498389786828,0.0201595062762426,0.0909793171634995
"CR-Ab","Model A","Temperature",18.1308585258168,0.0198303010502336,0.089493622709551
"CR-Ab","Model A","Temperature",18.2118780729509,0.0195170874404558,0.0880800979955317
"CR-Ab","Model A","Temperature",18.2928976200849,0.0192197378225713,0.086738167056189
"CR-Ab","Model A","Temperature",18.373917167219,0.0189415689255527,0.0854827982014121
"CR-Ab","Model A","Temperature",18.4549367143531,0.0186815428020693,0.0843093072024252
"CR-Ab","Model A","Temperature",18.5359562614871,0.0184358082183398,0.0832003135433141
"CR-Ab","Model A","Temperature",18.6169758086212,0.0182038445468152,0.0821534676457574
"CR-Ab","Model A","Temperature",18.6979953557552,0.0179866317779259,0.0811731921805775
"CR-Ab","Model A","Temperature",18.7790149028893,0.0177851376329774,0.0802638544483602
"CR-Ab","Model A","Temperature",18.8600344500233,0.0175944410016435,0.0794032456087191
"CR-Ab","Model A","Temperature",18.9410539971574,0.0174138057433268,0.0785880434786613
"CR-Ab","Model A","Temperature",19.0220735442914,0.0172426702210711,0.0778157134054992
"CR-Ab","Model A","Temperature",19.1030930914255,0.0170827900055368,0.0770941782330627
"CR-Ab","Model A","Temperature",19.1841126385596,0.0169294638902547,0.0764022215412397
"CR-Ab","Model A","Temperature",19.2651321856936,0.0167819508732616,0.0757364992078224
"CR-Ab","Model A","Temperature",19.3461517328277,0.0166395167962006,0.0750936979956175
"CR-Ab","Model A","Temperature",19.4271712799617,0.0165024307751247,0.0744750324182346
"CR-Ab","Model A","Temperature",19.5081908270958,0.0163683193944165,0.0738697913139388
"CR-Ab","Model A","Temperature",19.5892103742298,0.016236300285336,0.0732739925760088
"CR-Ab","Model A","Temperature",19.6702299213639,0.0161058279600925,0.0726851744325123
"CR-Ab","Model A","Temperature",19.7512494684979,0.0159763940635867,0.0721010426903678
"CR-Ab","Model A","Temperature",19.832269015632,0.0158470773878895,0.0715174399626239
"CR-Ab","Model A","Temperature",19.913288562766,0.015717454165254,0.0709324537966778
"CR-Ab","Model A","Temperature",19.9943081099001,0.0155872744874098,0.0703449563631326
"CR-Ab","Model A","Temperature",20.0753276570342,0.0154561512682345,0.0697532007525844
"CR-Ab","Model A","Temperature",20.1563472041682,0.0153237400828614,0.0691556325847444
"CR-Ab","Model A","Temperature",20.2373667513023,0.0151903320934732,0.068553565866821
"CR-Ab","Model A","Temperature",20.3183862984363,0.0150559975357604,0.0679473175706227
"CR-Ab","Model A","Temperature",20.3994058455704,0.0149208010546224,0.0673371794368658
"CR-Ab","Model A","Temperature",20.4804253927044,0.0147849402532394,0.0667240432434624
"CR-Ab","Model A","Temperature",20.5614449398385,0.0146490759520378,0.0661108912554702
"CR-Ab","Model A","Temperature",20.6424644869725,0.0145135531220121,0.0654992803178386
"CR-Ab","Model A","Temperature",20.7234840341066,0.0143787304582961,0.0648908292121931
"CR-Ab","Model A","Temperature",20.8045035812407,0.0142458878037865,0.0642913138355831
"CR-Ab","Model A","Temperature",20.8855231283747,0.0141154515310839,0.0637026583962476
"CR-Ab","Model A","Temperature",20.9665426755088,0.013987875640202,0.0631269117842069
"CR-Ab","Model A","Temperature",21.0475622226428,0.0138636955504931,0.0625664903327978
"CR-Ab","Model A","Temperature",21.1285817697769,0.0137449983532919,0.0620308130298613
"CR-Ab","Model A","Temperature",21.2096013169109,0.0136324550467944,0.0615229080724604
"CR-Ab","Model A","Temperature",21.290620864045,0.0135259999662655,0.0610424791173862
"CR-Ab","Model A","Temperature",21.371640411179,0.0134262370004499,0.060592251498528
"CR-Ab","Model A","Temperature",21.4526599583131,0.0133353614307631,0.0601821324626919
"CR-Ab","Model A","Temperature",21.5336795054472,0.0132553306774561,0.059820955795556
"CR-Ab","Model A","Temperature",21.6146990525812,0.0131847513665725,0.0595024332374104
"CR-Ab","Model A","Temperature",21.6957185997153,0.0131241924499748,0.0592291324529211
"CR-Ab","Model A","Temperature",21.7767381468493,0.0130751492533207,0.0590078018071222
"CR-Ab","Model A","Temperature",21.8577576939834,0.0130419957312361,0.0588581808412369
"CR-Ab","Model A","Temperature",21.9387772411174,0.0130212740785704,0.0587646645723267
"CR-Ab","Model A","Temperature",22.0197967882515,0.0130134324080291,0.0587292753211469
"CR-Ab","Model A","Temperature",22.1008163353855,0.0130189096740234,0.058753994077314
"CR-Ab","Model A","Temperature",22.1818358825196,0.0130443134555019,0.058868640669379
"CR-Ab","Model A","Temperature",22.2628554296536,0.0130846820928701,0.0590508232591831
"CR-Ab","Model A","Temperature",22.3438749767877,0.0131399341601136,0.059300174373283
"CR-Ab","Model A","Temperature",22.4248945239218,0.0132103224927114,0.0596178350514896
"CR-Ab","Model A","Temperature",22.5059140710558,0.0133010816635145,0.0600274287822512
"CR-Ab","Model A","Temperature",22.5869336181899,0.013409572914377,0.0605170469200383
"CR-Ab","Model A","Temperature",22.6679531653239,0.0135338412261782,0.06107786651541
"CR-Ab","Model A","Temperature",22.748972712458,0.0136739202102952,0.0617100392556195
"CR-Ab","Model A","Temperature",22.829992259592,0.0138331689171738,0.0624287244462414
"CR-Ab","Model A","Temperature",22.9110118067261,0.0140117437445454,0.0632346279060895
"CR-Ab","Model A","Temperature",22.9920313538601,0.0142057606518583,0.0641102210631652
"CR-Ab","Model A","Temperature",23.0730509009942,0.0144150253582073,0.0650546271328959
"CR-Ab","Model A","Temperature",23.1540704481283,0.0146408977042587,0.0660739830401428
"CR-Ab","Model A","Temperature",23.2350899952623,0.0148861280455023,0.0671807010662886
"CR-Ab","Model A","Temperature",23.3161095423964,0.0151452340039098,0.068350039384692
"CR-Ab","Model A","Temperature",23.3971290895304,0.0154178030832645,0.0695801364108676
"CR-Ab","Model A","Temperature",23.4781486366645,0.0157034547219968,0.0708692746805448
"CR-Ab","Model A","Temperature",23.5591681837985,0.0160066476633154,0.0722375763835716
"CR-Ab","Model A","Temperature",23.6401877309326,0.0163209933593854,0.073656210173003
"CR-Ab","Model A","Temperature",23.7212072780666,0.0166458801987348,0.075122415862487
"CR-Ab","Model A","Temperature",23.8022268252007,0.016980685544534,0.076633383508525
"CR-Ab","Model A","Temperature",23.8832463723348,0.0173273778086942,0.0781979965018666
"CR-Ab","Model A","Temperature",23.9642659194688,0.0176823436268473,0.079799947824951
"CR-Ab","Model A","Temperature",24.0452854666029,0.0180439001025101,0.081431642610582
"CR-Ab","Model A","Temperature",24.1263050137369,0.0184112475833213,0.0830894720488616
"CR-Ab","Model A","Temperature",24.207324560871,0.0187842999356234,0.0847730474208773
"CR-Ab","Model A","Temperature",24.288344108005,0.0191609663086296,0.0864729327724816
"CR-Ab","Model A","Temperature",24.3693636551391,0.0195393523171353,0.0881805787934873
"CR-Ab","Model A","Temperature",24.4503832022731,0.019918501997012,0.0898916712431368
"CR-Ab","Model A","Temperature",24.5314027494072,0.0202971355476606,0.0916004344152685
"CR-Ab","Model A","Temperature",24.6124222965413,0.0206727579429305,0.0932956083230369
"CR-Ab","Model A","Temperature",24.6934418436753,0.021044431330805,0.094972960465163
"CR-Ab","Model A","Temperature",24.7744613908094,0.0214110727620932,0.096627603520671
"CR-Ab","Model A","Temperature",24.8554809379434,0.0217713287628322,0.0982534292974613
"CR-Ab","Model A","Temperature",24.9365004850775,0.0221199560330011,0.099826774921601
"CR-Ab","Model A","Temperature",25.0175200322115,0.0224583653423772,0.101354007159679
"CR-Ab","Model A","Temperature",25.0985395793456,0.0227853997981856,0.102829904985284
"CR-Ab","Model A","Temperature",25.1795591264796,0.0230999008944088,0.104249240091486
"CR-Ab","Model A","Temperature",25.2605786736137,0.0233944843806174,0.105578687551937
"CR-Ab","Model A","Temperature",25.3415982207477,0.0236712778763047,0.106827849256984
"CR-Ab","Model A","Temperature",25.4226177678818,0.0239301940442231,0.107996331055943
"CR-Ab","Model A","Temperature",25.5036373150159,0.0241700996652371,0.109079018760913
"CR-Ab","Model A","Temperature",25.5846568621499,0.0243837539596007,0.110043234924934
"CR-Ab","Model A","Temperature",25.665676409284,0.0245707897104684,0.110887322308124
"CR-Ab","Model A","Temperature",25.746695956418,0.0247338812036594,0.111623349891457
"CR-Ab","Model A","Temperature",25.8277155035521,0.024872053067016,0.112246915846255
"CR-Ab","Model A","Temperature",25.9087350506861,0.0249797627499937,0.112733006788906
"CR-Ab","Model A","Temperature",25.9897545978202,0.0250519768952233,0.113058907311097
"CR-Ab","Model A","Temperature",26.0707741449542,0.0250953798871137,0.113254783862384
"CR-Ab","Model A","Temperature",26.1517936920883,0.0251093070944521,0.113317636979731
"CR-Ab","Model A","Temperature",26.2328132392224,0.0250912339186204,0.113236073216531
"CR-Ab","Model A","Temperature",26.3138327863564,0.0250300588534489,0.112959991769869
"CR-Ab","Model A","Temperature",26.3948523334905,0.0249372095917203,0.112540965514194
"CR-Ab","Model A","Temperature",26.4758718806245,0.0248124709341187,0.111978023260699
"CR-Ab","Model A","Temperature",26.5568914277586,0.0246556576795253,0.111270329201648
"CR-Ab","Model A","Temperature",26.6379109748926,0.0244537468964113,0.11035911119244
"CR-Ab","Model A","Temperature",26.7189305220267,0.0242185296244108,0.109297581882227
"CR-Ab","Model A","Temperature",26.7999500691607,0.0239517465952255,0.10809359714701
"CR-Ab","Model A","Temperature",26.8809696162948,0.0236537486430384,0.106748740292155
"CR-Ab","Model A","Temperature",26.9619891634289,0.0233161686691822,0.105225250823283
"CR-Ab","Model A","Temperature",27.0430087105629,0.0229449034626117,0.103549740792556
"CR-Ab","Model A","Temperature",27.124028257697,0.022545346310618,0.10174654996248
"CR-Ab","Model A","Temperature",27.205047804831,0.0221183735274547,0.0998196331160408
"CR-Ab","Model A","Temperature",27.2860673519651,0.0216602192820492,0.0977519951574824
"CR-Ab","Model A","Temperature",27.3670868990991,0.021171809545976,0.0955478149719634
"CR-Ab","Model A","Temperature",27.4481064462332,0.0206610581053636,0.0932428072663949
"CR-Ab","Model A","Temperature",27.5291259933672,0.0201292609675558,0.0908428208875485
"CR-Ab","Model A","Temperature",27.6101455405013,0.0195762327013456,0.0883470189893041
"CR-Ab","Model A","Temperature",27.6911650876353,0.0190002181989172,0.0857474808166371
"CR-Ab","Model A","Temperature",27.7721846347694,0.0184097484999639,0.0830827067254276
"CR-Ab","Model A","Temperature",27.8532041819035,0.0178063575901712,0.0803596195523902
"CR-Ab","Model A","Temperature",27.9342237290375,0.0171915879510684,0.0775851804757577
"CR-Ab","Model A","Temperature",28.0152432761716,0.0165645260834341,0.0747552668977714
"CR-Ab","Model A","Temperature",28.0962628233056,0.015931634018041,0.0718990417919256
"CR-Ab","Model A","Temperature",28.1772823704397,0.0152946019616581,0.0690241330165417
"CR-Ab","Model A","Temperature",28.2583019175737,0.0146549764534514,0.0661375200618592
"CR-Ab","Model A","Temperature",28.3393214647078,0.0140151139807653,0.0632498376927662
"CR-Ab","Model A","Temperature",28.4203410118418,0.0133780129471466,0.0603746176249463
"CR-Ab","Model A","Temperature",28.5013605589759,0.0127450638696841,0.0575181352251436
"CR-Ab","Model A","Temperature",28.58238010611,0.0121176152570755,0.0546864762773455
"CR-Ab","Model A","Temperature",28.663399653244,0.0114991089370558,0.0518951736588375
"CR-Ab","Model A","Temperature",28.7444192003781,0.0108922125757551,0.0491562664761143
"CR-Ab","Model A","Temperature",28.8254387475121,0.0102963082243031,0.0464669659423138
"CR-Ab","Model A","Temperature",28.9064582946462,0.00971240065947505,0.0438318065883733
"CR-Ab","Model A","Temperature",28.9874778417802,0.00914319298347125,0.0412629874428332
"CR-Ab","Model A","Temperature",29.0684973889143,0.0085934780113142,0.0387821383527769
"CR-Ab","Model A","Temperature",29.1495169360483,0.00805953018935433,0.0363724459933914
"CR-Ab","Model A","Temperature",29.2305364831824,0.00754194265299854,0.034036587169037
"CR-Ab","Model A","Temperature",29.3115560303165,0.00704150696502087,0.0317781341815197
"CR-Ab","Model A","Temperature",29.3925755774505,0.00656650849274286,0.0296344786738207
"CR-Ab","Model A","Temperature",29.4735951245846,0.00610978884345455,0.0275733150094918
"CR-Ab","Model A","Temperature",29.5546146717186,0.00567153937488644,0.0255955067808954
"CR-Ab","Model A","Temperature",29.6356342188527,0.005251929792183,0.0237018198628477
"CR-Ab","Model A","Temperature",29.7166537659867,0.00485775281976987,0.0219229096405282
"CR-Ab","Model A","Temperature",29.7976733131208,0.00448401126952331,0.0202362239364675
"CR-Ab","Model A","Temperature",29.8786928602548,0.00412883497317871,0.0186333227308873
"CR-Ab","Model A","Temperature",29.9597124073889,0.00379206918974593,0.0171135076818028
"CR-Ab","Model A","Temperature",30.0407319545229,0.00347794748866689,0.0156958847758249
"CR-Ab","Model A","Temperature",30.121751501657,0.00318488466381217,0.0143733000197334
"CR-Ab","Model A","Temperature",30.2027710487911,0.00290894525671692,0.013127992793851
"CR-Ab","Model A","Temperature",30.2837905959251,0.00264975439667349,0.0119582713166161
"CR-Ab","Model A","Temperature",30.3648101430592,0.00240917733498661,0.0108725534176978
"CR-Ab","Model A","Temperature",30.4458296901932,0.00218871042349923,0.00987759209327761
"CR-Ab","Model A","Temperature",30.5268492373273,0.00198296302379114,0.00894905953513321
"CR-Ab","Model A","Temperature",30.6078687844613,0.001791447871055,0.00808475673011209
"CR-Ab","Model A","Temperature",30.6888883315954,0.00161419766982695,0.00728483127291849
"CR-Ab","Model A","Temperature",30.7699078787294,0.00145493308763551,0.00656607443743072
"CR-Ab","Model A","Temperature",30.8509274258635,0.00130756886847644,0.00590102362469211
"CR-Ab","Model A","Temperature",30.9319469729976,0.00117159646621579,0.00528738377948752
"CR-Ab","Model A","Temperature",31.0129665201316,0.00104650848791072,0.00472286505092275
"CR-Ab","Model A","Temperature",31.0939860672657,0.000935310494497255,0.00422103145578998
"CR-Ab","Model A","Temperature",31.1750056143997,0.000833853600140778,0.00376315918235244
"CR-Ab","Model A","Temperature",31.2560251615338,0.000741032060718038,0.00334425803670792
"CR-Ab","Model A","Temperature",31.3370447086678,0.000656384563608698,0.00296224612723558
"CR-Ab","Model A","Temperature",31.4180642558019,0.000581332961145243,0.0026235402358022
"CR-Ab","Model A","Temperature",31.4990838029359,0.000514155546686867,0.00232037034600014
"CR-Ab","Model A","Temperature",31.58010335007,0.00045320004659051,0.00204527979069911
"CR-Ab","Model A","Temperature",31.6611228972041,0.000398084250999814,0.00179654366695416
"CR-Ab","Model A","Temperature",31.7421424443381,0.000349256786797016,0.00157618661598655
"CR-Ab","Model A","Temperature",31.8231619914722,0.000306463601125752,0.00138306210399339
"CR-Ab","Model A","Temperature",31.9041815386062,0.000267942447384034,0.0012092171587974
"CR-Ab","Model A","Temperature",31.9852010857403,0.000233399891477419,0.00105332752011268
"CR-Ab","Model A","Temperature",32.0662206328743,0.000202769537803931,0.000915093546348418
"CR-Ab","Model A","Temperature",32.1472401800084,0.000176537147561723,0.000796707464908765
"CR-Ab","Model A","Temperature",32.2282597271424,0.000153105003654669,0.000690958820912806
"CR-Ab","Model A","Temperature",32.3092792742765,0.000132262360413998,0.000596896524746685
"CR-Ab","Model A","Temperature",32.3902988214106,0.000113803013589337,0.000513589982097325
"CR-Ab","Model A","Temperature",32.4713183685446,9.82539728359189e-05,0.00044341757356168
"CR-Ab","Model A","Temperature",32.5523379156787,8.45322436077585e-05,0.000381491773476404
"CR-Ab","Model A","Temperature",32.6333574628127,7.2422618855082e-05,0.000326841358133491
"CR-Ab","Model A","Temperature",32.7143770099468,6.17859876853314e-05,0.000278838523764262
"CR-Ab","Model A","Temperature",32.7953965570808,5.28194990670236e-05,0.000238372998434939
"CR-Ab","Model A","Temperature",32.8764161042149,4.50836937395934e-05,0.000203461514157729
"CR-Ab","Model A","Temperature",32.9574356513489,3.83087067123489e-05,0.000172886177386874
"CR-Ab","Model A","Temperature",33.038455198483,3.24057519939384e-05,0.000146246299298146
"CR-Ab","Model A","Temperature",33.119474745617,2.74176640688998e-05,0.000123735190784228
"CR-Ab","Model A","Temperature",33.2004942927511,2.32193048182776e-05,0.000104788106833129
"CR-Ab","Model A","Humidity",27.2909929410161,0.000259436160448882,0.00230129004538881
"CR-Ab","Model A","Humidity",27.4322277358648,0.000275913009857029,0.00244744549826296
"CR-Ab","Model A","Humidity",27.5734625307135,0.000292550119993369,0.00259502252019604
"CR-Ab","Model A","Humidity",27.7146973255621,0.0003092855299084,0.0027434714957603
"CR-Ab","Model A","Humidity",27.8559321204108,0.000326055734876111,0.0028922291156871
"CR-Ab","Model A","Humidity",27.9971669152595,0.00034275043886651,0.00304031701537442
"CR-Ab","Model A","Humidity",28.1384017101082,0.000359233650784451,0.00318652890594959
"CR-Ab","Model A","Humidity",28.2796365049569,0.000375440262450595,0.00333028725494862
"CR-Ab","Model A","Humidity",28.4208712998056,0.000391295059421133,0.00347092488378505
"CR-Ab","Model A","Humidity",28.5621060946543,0.00040668262009353,0.0036074179622246
"CR-Ab","Model A","Humidity",28.703340889503,0.000421310527586213,0.00373717264961873
"CR-Ab","Model A","Humidity",28.8445756843516,0.000435253641061373,0.00386085297308094
"CR-Ab","Model A","Humidity",28.9858104792003,0.000448439328920689,0.00397781466477322
"CR-Ab","Model A","Humidity",29.127045274049,0.000460796054085944,0.00408742316563603
"CR-Ab","Model A","Humidity",29.2682800688977,0.000471937118722588,0.0041862483297881
"CR-Ab","Model A","Humidity",29.4095148637464,0.000481928593457435,0.00427487622694119
"CR-Ab","Model A","Humidity",29.5507496585951,0.000490816590931548,0.00435371589244975
"CR-Ab","Model A","Humidity",29.6919844534438,0.000498549902328994,0.00442231308609478
"CR-Ab","Model A","Humidity",29.8332192482924,0.000504917757911473,0.0044787982061223
"CR-Ab","Model A","Humidity",29.9744540431411,0.000509647487329994,0.00452075257057709
"CR-Ab","Model A","Humidity",30.1156888379898,0.000513061707777199,0.00455103790749513
"CR-Ab","Model A","Humidity",30.2569236328385,0.000515141912159636,0.00456949005244436
"CR-Ab","Model A","Humidity",30.3981584276872,0.000515872928069685,0.00457597442082966
"CR-Ab","Model A","Humidity",30.5393932225359,0.000514756965275064,0.00456607543810558
"CR-Ab","Model A","Humidity",30.6806280173846,0.00051222781587398,0.00454364099284572
"CR-Ab","Model A","Humidity",30.8218628122332,0.000508372629434618,0.00450944413239007
"CR-Ab","Model A","Humidity",30.9630976070819,0.000503213600141802,0.00446368172696869
"CR-Ab","Model A","Humidity",31.1043324019306,0.000496555693706577,0.00440462375380102
"CR-Ab","Model A","Humidity",31.2455671967793,0.000488425411274195,0.00433250528737187
"CR-Ab","Model A","Humidity",31.386801991628,0.000479162594876159,0.00425034084609977
"CR-Ab","Model A","Humidity",31.5280367864767,0.000468821210601423,0.00415860912818576
"CR-Ab","Model A","Humidity",31.6692715813254,0.00045745145484423,0.00405775539331218
"CR-Ab","Model A","Humidity",31.810506376174,0.000444798371679866,0.00394551809270132
"CR-Ab","Model A","Humidity",31.9517411710227,0.000431347846344328,0.0038262071993919
"CR-Ab","Model A","Humidity",32.0929759658714,0.000417172700194968,0.00370046866445131
"CR-Ab","Model A","Humidity",32.2342107607201,0.000402346513129057,0.003568955167463
"CR-Ab","Model A","Humidity",32.3754455555688,0.00038684411150862,0.00343144340939888
"CR-Ab","Model A","Humidity",32.5166803504175,0.000370855703991334,0.00328962060799182
"CR-Ab","Model A","Humidity",32.6579151452662,0.000354549689864106,0.00314498052418072
"CR-Ab","Model A","Humidity",32.7991499401148,0.000338000688726699,0.00299818506007599
"CR-Ab","Model A","Humidity",32.9403847349635,0.000321280258666233,0.00284986896109351
"CR-Ab","Model A","Humidity",33.0816195298122,0.000304504508198822,0.00270106215063276
"CR-Ab","Model A","Humidity",33.2228543246609,0.000287793307934825,0.00255282792319317
"CR-Ab","Model A","Humidity",33.3640891195096,0.000271208416096059,0.00240571409593653
"CR-Ab","Model A","Humidity",33.5053239143583,0.000254809878704171,0.00226025329820659
"CR-Ab","Model A","Humidity",33.646558709207,0.000238761289599089,0.00211789666493634
"CR-Ab","Model A","Humidity",33.7877935040556,0.000223104941895541,0.00197901935093748
"CR-Ab","Model A","Humidity",33.9290282989043,0.000207850827101621,0.00184370998440303
"CR-Ab","Model A","Humidity",34.070263093753,0.000193037308342288,0.00171230885975237
"CR-Ab","Model A","Humidity",34.2114978886017,0.0001787647236989,0.00158570601107865
"CR-Ab","Model A","Humidity",34.3527326834504,0.000165175649789126,0.00146516614315698
"CR-Ab","Model A","Humidity",34.4939674782991,0.000152147437039024,0.00134960131110295
"CR-Ab","Model A","Humidity",34.6352022731478,0.000139695748893183,0.00123915045518244
"CR-Ab","Model A","Humidity",34.7764370679964,0.000127834315698306,0.00113393536840277
"CR-Ab","Model A","Humidity",34.9176718628451,0.000116790634137852,0.0010359740264081
"CR-Ab","Model A","Humidity",35.0589066576938,0.0001063888912209,0.000943706906095881
"CR-Ab","Model A","Humidity",35.2001414525425,9.65923543761674e-05,0.000856808176631725
"CR-Ab","Model A","Humidity",35.3413762473912,8.73969385765974e-05,0.000775241602387997
"CR-Ab","Model A","Humidity",35.4826110422399,7.88994410281444e-05,0.000699865808646924
"CR-Ab","Model A","Humidity",35.6238458370886,7.11109838661862e-05,0.000630779452663472
"CR-Ab","Model A","Humidity",35.7650806319372,6.38789871463613e-05,0.000566629096634376
"CR-Ab","Model A","Humidity",35.9063154267859,5.71887069990885e-05,0.000507283957247706
"CR-Ab","Model A","Humidity",36.0475502216346,5.10252018056279e-05,0.000452611497086903
"CR-Ab","Model A","Humidity",36.1887850164833,4.55634482763297e-05,0.000404163821151545
"CR-Ab","Model A","Humidity",36.330019811332,4.05690348806305e-05,0.000359861616670132
"CR-Ab","Model A","Humidity",36.4712546061807,3.60239390254944e-05,0.000319545016899825
"CR-Ab","Model A","Humidity",36.6124894010294,3.19102389798891e-05,0.000283055049779254
"CR-Ab","Model A","Humidity",36.753724195878,2.82988219831846e-05,0.000251020510068658
"CR-Ab","Model A","Humidity",36.8949589907267,2.51321117409016e-05,0.000222930675773441
"CR-Ab","Model A","Humidity",37.0361937855754,2.23234025893588e-05,0.000198016437142811
"CR-Ab","Model A","Humidity",37.1774285804241,1.98583306225535e-05,0.000176150381275499
"CR-Ab","Model A","Humidity",37.3186633752728,1.77409812551271e-05,0.000157368747237137
"CR-Ab","Model A","Humidity",37.4598981701215,1.60421766371579e-05,0.000142299752423041
"CR-Ab","Model A","Humidity",37.6011329649702,1.46385267640518e-05,0.00012984888406837
"CR-Ab","Model A","Humidity",37.7423677598188,1.35238892755272e-05,0.000119961657275773
"CR-Ab","Model A","Humidity",37.8836025546675,1.26930808054739e-05,0.000112592093763693
"CR-Ab","Model A","Humidity",38.0248373495162,1.22241179586715e-05,0.000108432228272558
"CR-Ab","Model A","Humidity",38.1660721443649,1.20705380067433e-05,0.00010706992005025
"CR-Ab","Model A","Humidity",38.3073069392136,1.22047619097412e-05,0.000108260533306659
"CR-Ab","Model A","Humidity",38.4485417340623,1.26339026166626e-05,0.000112067162402621
"CR-Ab","Model A","Humidity",38.589776528911,1.34041897864387e-05,0.000118899880682252
"CR-Ab","Model A","Humidity",38.7310113237596,1.46012897060949e-05,0.000129518578259621
"CR-Ab","Model A","Humidity",38.8722461186083,1.61554996138398e-05,0.000143304967107458
"CR-Ab","Model A","Humidity",39.013480913457,1.80894257587585e-05,0.000160459572610863
"CR-Ab","Model A","Humidity",39.1547157083057,2.04272264717655e-05,0.00018119668766698
"CR-Ab","Model A","Humidity",39.2959505031544,2.33721813136531e-05,0.000207319473519305
"CR-Ab","Model A","Humidity",39.4371852980031,2.68571785071905e-05,0.000238232625085453
"CR-Ab","Model A","Humidity",39.5784200928518,3.08950717537939e-05,0.000274050159220529
"CR-Ab","Model A","Humidity",39.7196548877004,3.5528405109219e-05,0.000315149456671428
"CR-Ab","Model A","Humidity",39.8608896825491,4.09294300254197e-05,0.000363058448436663
"CR-Ab","Model A","Humidity",40.0021244773978,4.72513131920464e-05,0.0004191357769567
"CR-Ab","Model A","Humidity",40.1433592722465,5.43975369970485e-05,0.00048252529704564
"CR-Ab","Model A","Humidity",40.2845940670952,6.24299126037052e-05,0.000553775295474695
"CR-Ab","Model A","Humidity",40.4258288619439,7.14119706852597e-05,0.000633449311673598
"CR-Ab","Model A","Humidity",40.5670636567926,8.18936410390542e-05,0.000726425416479108
"CR-Ab","Model A","Humidity",40.7082984516412,9.35731741783956e-05,0.000830026985750909
"CR-Ab","Model A","Humidity",40.8495332464899,0.000106523810566966,0.00094490368817705
"CR-Ab","Model A","Humidity",40.9907680413386,0.000120825207833142,0.00107176211495478
"CR-Ab","Model A","Humidity",41.1320028361873,0.000136927605590519,0.00121459604990752
"CR-Ab","Model A","Humidity",41.273237631036,0.000154932880886981,0.00137430917830312
"CR-Ab","Model A","Humidity",41.4144724258847,0.000174661694591611,0.00154931069893632
"CR-Ab","Model A","Humidity",41.5557072207334,0.000196201310344873,0.00174037467100837
"CR-Ab","Model A","Humidity",41.6969420155821,0.00021974631313544,0.00194922713184818
"CR-Ab","Model A","Humidity",41.8381768104307,0.000246082184457713,0.00218283557874212
"CR-Ab","Model A","Humidity",41.9794116052794,0.000274606832972172,0.0024358592496173
"CR-Ab","Model A","Humidity",42.1206464001281,0.00030540072986309,0.0027090119521981
"CR-Ab","Model A","Humidity",42.2618811949768,0.000338542743299333,0.00300299327489808
"CR-Ab","Model A","Humidity",42.4031159898255,0.000374847355545985,0.00332502796204565
"CR-Ab","Model A","Humidity",42.5443507846742,0.000414045249817703,0.00367272707897535
"CR-Ab","Model A","Humidity",42.6855855795229,0.000455884233690318,0.00404385359013185
"CR-Ab","Model A","Humidity",42.8268203743715,0.000500415793727029,0.00443886419945016
"CR-Ab","Model A","Humidity",42.9680551692202,0.000547994585586318,0.00486090482743341
"CR-Ab","Model A","Humidity",43.1092899640689,0.000599224464698952,0.00531533188426462
"CR-Ab","Model A","Humidity",43.2505247589176,0.000653287095935718,0.00579488644935468
"CR-Ab","Model A","Humidity",43.3917595537663,0.000710189109590571,0.0062996273357443
"CR-Ab","Model A","Humidity",43.532994348615,0.000769932410032551,0.0068295714358571
"CR-Ab","Model A","Humidity",43.6742291434636,0.000833466372657267,0.00739314004356154
"CR-Ab","Model A","Humidity",43.8154639383123,0.000899960484286402,0.00798296621468718
"CR-Ab","Model A","Humidity",43.956698733161,0.000969174850379396,0.00859692200023423
"CR-Ab","Model A","Humidity",44.0979335280097,0.00104105628596308,0.00923453563077353
"CR-Ab","Model A","Humidity",44.2391683228584,0.00111595420302719,0.00989890651362102
"CR-Ab","Model A","Humidity",44.3804031177071,0.00119390535481447,0.0105903606629743
"CR-Ab","Model A","Humidity",44.5216379125558,0.00127417568631468,0.0113023867525598
"CR-Ab","Model A","Humidity",44.6628727074045,0.00135666167251838,0.0120340664791107
"CR-Ab","Model A","Humidity",44.8041075022531,0.00144125578442104,0.0127844460225146
"CR-Ab","Model A","Humidity",44.9453422971018,0.00152852271758397,0.0135585344311312
"CR-Ab","Model A","Humidity",45.0865770919505,0.00161749861879075,0.0143477819877261
"CR-Ab","Model A","Humidity",45.2278118867992,0.00170802758785579,0.0151508058027881
"CR-Ab","Model A","Humidity",45.3690466816479,0.00179997320984935,0.0159663958278824
"CR-Ab","Model A","Humidity",45.5102814764966,0.00189341684202777,0.0167952737305044
"CR-Ab","Model A","Humidity",45.6515162713453,0.00198803082937451,0.0176345330953472
"CR-Ab","Model A","Humidity",45.7927510661939,0.00208344554207361,0.0184808951758611
"CR-Ab","Model A","Humidity",45.9339858610426,0.00217952348340006,0.0193331403277068
"CR-Ab","Model A","Humidity",46.0752206558913,0.00227614172529666,0.0201901781357553
"CR-Ab","Model A","Humidity",46.21645545074,0.00237316308272547,0.0210507917204411
"CR-Ab","Model A","Humidity",46.3576902455887,0.0024702816555852,0.0219122676402117
"CR-Ab","Model A","Humidity",46.4989250404374,0.00256738396494828,0.0227735992970435
"CR-Ab","Model A","Humidity",46.6401598352861,0.00266435963292511,0.0236338076002109
"CR-Ab","Model A","Humidity",46.7813946301347,0.0027609800105809,0.0244908643531951
"CR-Ab","Model A","Humidity",46.9226294249834,0.00285711175453671,0.0253435867532976
"CR-Ab","Model A","Humidity",47.0638642198321,0.00295271385568043,0.0261916110352621
"CR-Ab","Model A","Humidity",47.2050990146808,0.00304771206317292,0.0270342785680147
"CR-Ab","Model A","Humidity",47.3463338095295,0.00314195425666058,0.0278702399904837
"CR-Ab","Model A","Humidity",47.4875686043782,0.00323516771907347,0.0286970762062828
"CR-Ab","Model A","Humidity",47.6288033992269,0.00332751632575163,0.0295162408473501
"CR-Ab","Model A","Humidity",47.7700381940755,0.00341895372466208,0.0303273227548405
"CR-Ab","Model A","Humidity",47.9112729889242,0.00350943516289088,0.0311299249546577
"CR-Ab","Model A","Humidity",48.0525077837729,0.00359855119272179,0.0319204155014636
"CR-Ab","Model A","Humidity",48.1937425786216,0.00368649899319559,0.0327005434427421
"CR-Ab","Model A","Humidity",48.3349773734703,0.00377331374109379,0.0334706208089249
"CR-Ab","Model A","Humidity",48.476212168319,0.00385895408478969,0.0342302807965306
"CR-Ab","Model A","Humidity",48.6174469631677,0.00394316813041631,0.034977289018311
"CR-Ab","Model A","Humidity",48.7586817580163,0.00402574273050197,0.0357097547811803
"CR-Ab","Model A","Humidity",48.899916552865,0.00410692921991992,0.0364299075139156
"CR-Ab","Model A","Humidity",49.0411513477137,0.00418666763557976,0.0371372153228022
"CR-Ab","Model A","Humidity",49.1823861425624,0.00426489570040017,0.0378311257882121
"CR-Ab","Model A","Humidity",49.3236209374111,0.00434085376297653,0.0385049005348456
"CR-Ab","Model A","Humidity",49.4648557322598,0.0044150218288641,0.0391627973809039
"CR-Ab","Model A","Humidity",49.6060905271085,0.00448734165046002,0.039804299649651
"CR-Ab","Model A","Humidity",49.7473253219571,0.00455772611953106,0.0404286346604024
"CR-Ab","Model A","Humidity",49.8885601168058,0.00462560295276276,0.0410307260587579
"CR-Ab","Model A","Humidity",50.0297949116545,0.00469083042360837,0.0416093166803704
"CR-Ab","Model A","Humidity",50.1710297065032,0.00475371418705913,0.0421671177925801
"CR-Ab","Model A","Humidity",50.3122645013519,0.0048141628667917,0.0427033188552414
"CR-Ab","Model A","Humidity",50.4534992962006,0.00487197821711918,0.0432161613593437
"CR-Ab","Model A","Humidity",50.5947340910493,0.00492613219419196,0.0436965261941462
"CR-Ab","Model A","Humidity",50.7359688858979,0.00497750285491174,0.0441522020333774
"CR-Ab","Model A","Humidity",50.8772036807466,0.00502603733888655,0.0445827199867578
"CR-Ab","Model A","Humidity",51.0184384755953,0.00507168922803202,0.0449876683095432
"CR-Ab","Model A","Humidity",51.159673270444,0.00511361254563388,0.0453595428905573
"CR-Ab","Model A","Humidity",51.3009080652927,0.00515220687313458,0.0457018881578176
"CR-Ab","Model A","Humidity",51.4421428601414,0.00518790997668901,0.0460185872511788
"CR-Ab","Model A","Humidity",51.5833776549901,0.00522077109000917,0.0463100768909932
"CR-Ab","Model A","Humidity",51.7246124498387,0.00525059770840132,0.0465746494928799
"CR-Ab","Model A","Humidity",51.8658472446874,0.00527702577342495,0.0468090757303503
"CR-Ab","Model A","Humidity",52.0070820395361,0.00530109252719747,0.0470225563060175
"CR-Ab","Model A","Humidity",52.1483168343848,0.00532298073719372,0.047216712431704
"CR-Ab","Model A","Humidity",52.2895516292335,0.00534288618447887,0.0473932807543583
"CR-Ab","Model A","Humidity",52.4307864240822,0.0053606369964369,0.0475507367033899
"CR-Ab","Model A","Humidity",52.5720212189309,0.00537714674793519,0.0476971840093827
"CR-Ab","Model A","Humidity",52.7132560137795,0.00539286598591471,0.0478366191822621
"CR-Ab","Model A","Humidity",52.8544908086282,0.00540812683372906,0.0479719882730573
"CR-Ab","Model A","Humidity",52.9957256034769,0.00542337276651824,0.0481072250623302
"CR-Ab","Model A","Humidity",53.1369603983256,0.00543942420963496,0.0482496070116881
"CR-Ab","Model A","Humidity",53.2781951931743,0.00545670655681302,0.0484029075132567
"CR-Ab","Model A","Humidity",53.419429988023,0.00547564442922611,0.0485708931062814
"CR-Ab","Model A","Humidity",53.5606647828717,0.00549666779742147,0.0487573777808342
"CR-Ab","Model A","Humidity",53.7018995777203,0.00552160272924639,0.0489785594013603
"CR-Ab","Model A","Humidity",53.843134372569,0.00555018617161601,0.0492321045944217
"CR-Ab","Model A","Humidity",53.9843691674177,0.00558278857664699,0.0495212994006651
"CR-Ab","Model A","Humidity",54.1256039622664,0.00561983861584315,0.0498499462871895
"CR-Ab","Model A","Humidity",54.2668387571151,0.00566296474820338,0.0502324902584116
"CR-Ab","Model A","Humidity",54.4080735519638,0.00571290344490196,0.0506754640728301
"CR-Ab","Model A","Humidity",54.5493083468125,0.00576899424281497,0.0511730091901021
"CR-Ab","Model A","Humidity",54.6905431416611,0.00583156214241295,0.0517280084787771
"CR-Ab","Model A","Humidity",54.8317779365098,0.00590116830822306,0.0523454396656993
"CR-Ab","Model A","Humidity",54.9730127313585,0.00598074157942061,0.0530512825850869
"CR-Ab","Model A","Humidity",55.1142475262072,0.00606787476817986,0.0538241846337748
"CR-Ab","Model A","Humidity",55.2554823210559,0.00616270273032018,0.0546653420303399
"CR-Ab","Model A","Humidity",55.3967171159046,0.00626533992588279,0.0555757700756292
"CR-Ab","Model A","Humidity",55.5379519107533,0.00637800035716848,0.0565751077492149
"CR-Ab","Model A","Humidity",55.6791867056019,0.00649967435290519,0.0576543989115844
"CR-Ab","Model A","Humidity",55.8204215004506,0.00662914036615205,0.0588028080114789
"CR-Ab","Model A","Humidity",55.9616562952993,0.00676628482758354,0.0600193276490129
"CR-Ab","Model A","Humidity",56.102891090148,0.0069116286509538,0.0613085785125086
"CR-Ab","Model A","Humidity",56.2441258849967,0.00706642360477992,0.0626816642292418
"CR-Ab","Model A","Humidity",56.3853606798454,0.00722797377596459,0.0641146711012788
"CR-Ab","Model A","Humidity",56.5265954746941,0.00739597658140108,0.0656049151099761
"CR-Ab","Model A","Humidity",56.6678302695427,0.00757011667981392,0.0671495990672437
"CR-Ab","Model A","Humidity",56.8090650643914,0.0077516787266792,0.0687601183192577
"CR-Ab","Model A","Humidity",56.9502998592401,0.00793863125236677,0.0704184530154723
"CR-Ab","Model A","Humidity",57.0915346540888,0.00813010777773638,0.0721169171809776
"CR-Ab","Model A","Humidity",57.2327694489375,0.00832572337605493,0.0738520963801856
"CR-Ab","Model A","Humidity",57.3740042437862,0.00852553996679871,0.0756245398606417
"CR-Ab","Model A","Humidity",57.5152390386349,0.00872918098142351,0.0774309073268348
"CR-Ab","Model A","Humidity",57.6564738334836,0.00893535550133264,0.0792597478765052
"CR-Ab","Model A","Humidity",57.7977086283322,0.00914375185211189,0.0811082968479125
"CR-Ab","Model A","Humidity",57.9389434231809,0.00935407123820843,0.0829739038193494
"CR-Ab","Model A","Humidity",58.0801782180296,0.00956648254990507,0.0848580669070611
"CR-Ab","Model A","Humidity",58.2214130128783,0.00978012582292043,0.0867531579252286
"CR-Ab","Model A","Humidity",58.362647807727,0.00999484779245682,0.0886578173611585
"CR-Ab","Model A","Humidity",58.5038826025757,0.0102105622507715,0.0905712805218339
"CR-Ab","Model A","Humidity",58.6451173974244,0.0104274159485724,0.0924948491376793
"CR-Ab","Model A","Humidity",58.786352192273,0.010645505288242,0.094429378331754
"CR-Ab","Model A","Humidity",58.9275869871217,0.0108647960898272,0.0963745649158462
"CR-Ab","Model A","Humidity",59.0688217819704,0.0110854729992148,0.0983320467639513
"CR-Ab","Model A","Humidity",59.2100565768191,0.0113078058562926,0.100304217450839
"CR-Ab","Model A","Humidity",59.3512913716678,0.0115330518491111,0.102302228676954
"CR-Ab","Model A","Humidity",59.4925261665165,0.0117610061066889,0.104324263164591
"CR-Ab","Model A","Humidity",59.6337609613651,0.0119920934112895,0.106374088881919
"CR-Ab","Model A","Humidity",59.7749957562138,0.0122267547781695,0.10845561778947
"CR-Ab","Model A","Humidity",59.9162305510625,0.0124668062130735,0.110584958497296
"CR-Ab","Model A","Humidity",60.0574653459112,0.0127127732150505,0.112766772366899
"CR-Ab","Model A","Humidity",60.1987001407599,0.0129645709672795,0.115000307043226
"CR-Ab","Model A","Humidity",60.3399349356086,0.0132227476056142,0.117290424684204
"CR-Ab","Model A","Humidity",60.4811697304573,0.0134885357953359,0.119648059464684
"CR-Ab","Model A","Humidity",60.622404525306,0.013764844719712,0.122099016864064
"CR-Ab","Model A","Humidity",60.7636393201546,0.0140498959900646,0.124627521948909
"CR-Ab","Model A","Humidity",60.9048741150033,0.0143441738208668,0.127237869872005
"CR-Ab","Model A","Humidity",61.046108909852,0.0146481475827794,0.129934224116296
"CR-Ab","Model A","Humidity",61.1873437047007,0.0149657771256611,0.132751709943601
"CR-Ab","Model A","Humidity",61.3285784995494,0.0152953483216133,0.135675122436214
"CR-Ab","Model A","Humidity",61.4698132943981,0.0156361660290366,0.138698295443509
"CR-Ab","Model A","Humidity",61.6110480892468,0.015988451517673,0.14182319170597
"CR-Ab","Model A","Humidity",61.7522828840954,0.0163540817296328,0.145066460360657
"CR-Ab","Model A","Humidity",61.8935176789441,0.0167346667282387,0.148442383235868
"CR-Ab","Model A","Humidity",62.0347524737928,0.017126971342639,0.151922263227606
"CR-Ab","Model A","Humidity",62.1759872686415,0.0175308619787826,0.155504915309625
"CR-Ab","Model A","Humidity",62.3172220634902,0.017946170438045,0.15918884750093
"CR-Ab","Model A","Humidity",62.4584568583389,0.0183765750467543,0.163006687850549
"CR-Ab","Model A","Humidity",62.5996916531876,0.0188176337335905,0.166919033622597
"CR-Ab","Model A","Humidity",62.7409264480362,0.0192684629663897,0.170918047575841
"CR-Ab","Model A","Humidity",62.8821612428849,0.0197285267660303,0.174998975386848
"CR-Ab","Model A","Humidity",63.0233960377336,0.0201987047150961,0.179169619262683
"CR-Ab","Model A","Humidity",63.1646308325823,0.0206776718789556,0.183418226566888
"CR-Ab","Model A","Humidity",63.305865627431,0.0211628456354225,0.187721888531779
"CR-Ab","Model A","Humidity",63.4471004222797,0.0216534130397788,0.192073394051611
"CR-Ab","Model A","Humidity",63.5883352171284,0.0221486097715458,0.196465963334755
"CR-Ab","Model A","Humidity",63.729570011977,0.0226480103319175,0.200895822057057
"CR-Ab","Model A","Humidity",63.8708048068257,0.0231489212283005,0.205339077991305
"CR-Ab","Model A","Humidity",64.0120396016744,0.0236504171329819,0.209787523155038
"CR-Ab","Model A","Humidity",64.1532743965231,0.0241515738478689,0.214232959585927
"CR-Ab","Model A","Humidity",64.2945091913718,0.0246506437407733,0.218659885171423
"CR-Ab","Model A","Humidity",64.4357439862205,0.0251460409929333,0.223054233141021
"CR-Ab","Model A","Humidity",64.5769787810692,0.0256371805407809,0.227410813774973
"CR-Ab","Model A","Humidity",64.7182135759178,0.0261232430061275,0.231722358900387
"CR-Ab","Model A","Humidity",64.8594483707665,0.0266028506587304,0.23597664756515
"CR-Ab","Model A","Humidity",65.0006831656152,0.0270728705761494,0.240145889644662
"CR-Ab","Model A","Humidity",65.1419179604639,0.0275347042324328,0.244242516706948
"CR-Ab","Model A","Humidity",65.2831527553126,0.0279878066077237,0.248261694234071
"CR-Ab","Model A","Humidity",65.4243875501613,0.0284316640942112,0.252198866343994
"CR-Ab","Model A","Humidity",65.56562234501,0.0288625212468366,0.256020720917411
"CR-Ab","Model A","Humidity",65.7068571398586,0.0292819458604354,0.25974116484626
"CR-Ab","Model A","Humidity",65.8480919347073,0.029690731815264,0.263367240127803
"CR-Ab","Model A","Humidity",65.989326729556,0.0300887453234388,0.266897760016426
"CR-Ab","Model A","Humidity",66.1305615244047,0.030474414506964,0.270318781401125
"CR-Ab","Model A","Humidity",66.2717963192534,0.0308463484509612,0.273617966377429
"CR-Ab","Model A","Humidity",66.4130311141021,0.0312077452774298,0.276823683412973
"CR-Ab","Model A","Humidity",66.5542659089508,0.0315588512818132,0.27993811723502
"CR-Ab","Model A","Humidity",66.6955007037994,0.0318999448694811,0.282963737397175
"CR-Ab","Model A","Humidity",66.8367354986481,0.032228142301602,0.28587496412114
"CR-Ab","Model A","Humidity",66.9779702934968,0.0325473727543919,0.288706650582732
"CR-Ab","Model A","Humidity",67.1192050883455,0.0328585640546925,0.29146702693256
"CR-Ab","Model A","Humidity",67.2604398831942,0.0331622843225927,0.29416113259575
"CR-Ab","Model A","Humidity",67.4016746780429,0.0334580547504486,0.296784720379995
"CR-Ab","Model A","Humidity",67.5429094728916,0.0337470974591669,0.299348630927834
"CR-Ab","Model A","Humidity",67.6841442677402,0.0340315861361713,0.301872145611691
"CR-Ab","Model A","Humidity",67.8253790625889,0.0343122504999628,0.304361737291475
"CR-Ab","Model A","Humidity",67.9666138574376,0.0345897998862837,0.306823698024855
"CR-Ab","Model A","Humidity",68.1078486522863,0.0348648701836812,0.30926366836703
"CR-Ab","Model A","Humidity",68.249083447135,0.0351394359962363,0.311699163751111
"CR-Ab","Model A","Humidity",68.3903182419837,0.0354142528953455,0.314136886361292
"CR-Ab","Model A","Humidity",68.5315530368323,0.0356900713828168,0.316583493412729
"CR-Ab","Model A","Humidity",68.672787831681,0.0359684588989519,0.31905288865252
"CR-Ab","Model A","Humidity",68.8140226265297,0.0362506271348946,0.321555820207537
"CR-Ab","Model A","Humidity",68.9552574213784,0.0365369065521086,0.324095219387259
"CR-Ab","Model A","Humidity",69.0964922162271,0.0368279399681849,0.326676788209944
"CR-Ab","Model A","Humidity",69.2377270110758,0.0371248305338507,0.329310312010768
"CR-Ab","Model A","Humidity",69.3789618059245,0.0374303012239993,0.332019944535319
"CR-Ab","Model A","Humidity",69.5201966007732,0.0377429725527925,0.334793449258738
"CR-Ab","Model A","Humidity",69.6614313956218,0.0380632792991756,0.337634682823276
"CR-Ab","Model A","Humidity",69.8026661904705,0.038391632580161,0.340547291981517
"CR-Ab","Model A","Humidity",69.9439009853192,0.0387311961913035,0.343559340713454
"CR-Ab","Model A","Humidity",70.0851357801679,0.0390806915152115,0.346659487232844
"CR-Ab","Model A","Humidity",70.2263705750166,0.0394393734638655,0.349841122346738
"CR-Ab","Model A","Humidity",70.3676053698653,0.0398073501020281,0.353105204627611
"CR-Ab","Model A","Humidity",70.508840164714,0.0401859129306486,0.356463190143399
"CR-Ab","Model A","Humidity",70.6500749595626,0.0405763408188503,0.359926422913287
"CR-Ab","Model A","Humidity",70.7913097544113,0.040975782957895,0.363469615260499
"CR-Ab","Model A","Humidity",70.93254454926,0.0413839761339532,0.367090432385733
"CR-Ab","Model A","Humidity",71.0737793441087,0.0418006210157496,0.370786219115237
"CR-Ab","Model A","Humidity",71.2150141389574,0.042227892661202,0.374576268978198
"CR-Ab","Model A","Humidity",71.3562489338061,0.0426623559823152,0.378430111535204
"CR-Ab","Model A","Humidity",71.4974837286548,0.0431029820833877,0.38233862011929
"CR-Ab","Model A","Humidity",71.6387185235035,0.0435490656171575,0.38629553805201
"CR-Ab","Model A","Humidity",71.7799533183521,0.044000409059609,0.390299113225833
"CR-Ab","Model A","Humidity",71.9211881132008,0.0444553036115213,0.3943341879903
"CR-Ab","Model A","Humidity",72.0624229080495,0.0449117109196225,0.398382681434539
"CR-Ab","Model A","Humidity",72.2036577028982,0.0453685549042802,0.402435048353513
"CR-Ab","Model A","Humidity",72.3448924977469,0.0458246993435479,0.406481210058689
"CR-Ab","Model A","Humidity",72.4861272925956,0.0462770255524049,0.41049350271639
"CR-Ab","Model A","Humidity",72.6273620874443,0.0467244876512045,0.414462649006077
"CR-Ab","Model A","Humidity",72.7685968822929,0.0471657561411595,0.418376855805623
"CR-Ab","Model A","Humidity",72.9098316771416,0.0475994891432661,0.422224220176024
"CR-Ab","Model A","Humidity",73.0510664719903,0.048021422454926,0.42596691713955
"CR-Ab","Model A","Humidity",73.192301266839,0.0484295476304077,0.429587131075739
"CR-Ab","Model A","Humidity",73.3335360616877,0.0488240523301872,0.433086526599057
"CR-Ab","Model A","Humidity",73.4747708565364,0.0492035616168962,0.436452907531172
"CR-Ab","Model A","Humidity",73.6160056513851,0.0495654305944203,0.43966281271274
"CR-Ab","Model A","Humidity",73.7572404462337,0.0499020984743739,0.44264917528995
"CR-Ab","Model A","Humidity",73.8984752410824,0.0502180292248919,0.44545159223114
"CR-Ab","Model A","Humidity",74.0397100359311,0.0505120531647918,0.448059688052582
"CR-Ab","Model A","Humidity",74.1809448307798,0.0507830315932414,0.450463362077156
"CR-Ab","Model A","Humidity",74.3221796256285,0.0510219336991934,0.452582507832699
"CR-Ab","Model A","Humidity",74.4634144204772,0.0512317801577847,0.45444391977073
"CR-Ab","Model A","Humidity",74.6046492153258,0.0514145136585859,0.456064830231419
"CR-Ab","Model A","Humidity",74.7458840101745,0.0515694365764354,0.457439051034074
"CR-Ab","Model A","Humidity",74.8871188050232,0.0516922307515326,0.458528278581591
"CR-Ab","Model A","Humidity",75.0283535998719,0.051777308158339,0.459282945120875
"CR-Ab","Model A","Humidity",75.1695883947206,0.0518326579726563,0.459773917452882
"CR-Ab","Model A","Humidity",75.3108231895693,0.0518581454109244,0.46
"CR-Ab","Model A","Humidity",75.452057984418,0.0518536888648531,0.459960468867975
"CR-Ab","Model A","Humidity",75.5932927792666,0.0518087020457508,0.459561419950528
"CR-Ab","Model A","Humidity",75.7345275741153,0.0517327898290463,0.458888051872912
"CR-Ab","Model A","Humidity",75.875762368964,0.0516279329793151,0.457957934713994
"CR-Ab","Model A","Humidity",76.0169971638127,0.0514946020981873,0.45677524287585
"CR-Ab","Model A","Humidity",76.1582319586614,0.0513284819151818,0.455301698390658
"CR-Ab","Model A","Humidity",76.2994667535101,0.0511297211107668,0.453538620106497
"CR-Ab","Model A","Humidity",76.4407015483588,0.0509055404994366,0.451550059189118
"CR-Ab","Model A","Humidity",76.5819363432074,0.0506568222813762,0.449343841064633
"CR-Ab","Model A","Humidity",76.7231711380561,0.050384369308394,0.446927087311125
"CR-Ab","Model A","Humidity",76.8644059329048,0.0500810594804607,0.444236622394885
"CR-Ab","Model A","Humidity",77.0056407277535,0.0497575688982929,0.441367147086464
"CR-Ab","Model A","Humidity",77.1468755226022,0.0494149665926455,0.438328144064875
"CR-Ab","Model A","Humidity",77.2881103174509,0.0490543234680458,0.435129112630154
"CR-Ab","Model A","Humidity",77.4293451122996,0.0486731972205782,0.431748388687061
"CR-Ab","Model A","Humidity",77.5705799071482,0.0482748018080592,0.428214481172503
"CR-Ab","Model A","Humidity",77.7118147019969,0.0478629911556306,0.424561575758781
"CR-Ab","Model A","Humidity",77.8530494968456,0.0474387493731799,0.420798401846931
"CR-Ab","Model A","Humidity",77.9942842916943,0.047002432531269,0.416928117908147
"CR-Ab","Model A","Humidity",78.135519086543,0.0465528008834192,0.412939726954865
"CR-Ab","Model A","Humidity",78.2767538813917,0.0460945654766287,0.408875017631896
"CR-Ab","Model A","Humidity",78.4179886762404,0.0456284269323409,0.404740204698012
"CR-Ab","Model A","Humidity",78.5592234710891,0.0451550530473386,0.400541211745688
"CR-Ab","Model A","Humidity",78.7004582659377,0.0446734255582769,0.396269006420703
"CR-Ab","Model A","Humidity",78.8416930607864,0.0441855690444426,0.391941547453833
"CR-Ab","Model A","Humidity",78.9829278556351,0.0436925324555295,0.387568139398012
"CR-Ab","Model A","Humidity",79.1241626504838,0.0431945960820724,0.383151268528928
"CR-Ab","Model A","Humidity",79.2653974453325,0.0426914725565042,0.378688385795126
"CR-Ab","Model A","Humidity",79.4066322401812,0.0421825900451819,0.374174418830953
"CR-Ab","Model A","Humidity",79.5478670350299,0.0416692464017853,0.369620880055293
"CR-Ab","Model A","Humidity",79.6891018298785,0.0411513599247453,0.365027044746478
"CR-Ab","Model A","Humidity",79.8303366247272,0.0406288204402301,0.360391935623845
"CR-Ab","Model A","Humidity",79.9715714195759,0.0400995760334232,0.355697351480851
"CR-Ab","Model A","Humidity",80.1128062144246,0.0395646212404328,0.350952114202779
"CR-Ab","Model A","Humidity",80.2540410092733,0.0390239199902162,0.346155903826786
"CR-Ab","Model A","Humidity",80.395275804122,0.0384771381584187,0.341305756552258
"CR-Ab","Model A","Humidity",80.5365105989707,0.0379226562577306,0.336387306956821
"CR-Ab","Model A","Humidity",80.6777453938194,0.0373592869026027,0.331390022512779
"CR-Ab","Model A","Humidity",80.818980188668,0.0367881795154885,0.326324099001809
"CR-Ab","Model A","Humidity",80.9602149835167,0.0362089541195308,0.321186165895462
"CR-Ab","Model A","Humidity",81.1014497783654,0.0356212341437994,0.315972882877063
"CR-Ab","Model A","Humidity",81.2426845732141,0.0350206976209929,0.310645912575638
"CR-Ab","Model A","Humidity",81.3839193680628,0.0344105465753078,0.305233658072683
"CR-Ab","Model A","Humidity",81.5251541629115,0.0337905418881525,0.29973399830214
"CR-Ab","Model A","Humidity",81.6663889577601,0.0331604571315615,0.294144924768268
"CR-Ab","Model A","Humidity",81.8076237526088,0.0325176350093528,0.288442866318764
"CR-Ab","Model A","Humidity",81.9488585474575,0.0318624533331687,0.282631174275854
"CR-Ab","Model A","Humidity",82.0900933423062,0.0311967725989576,0.27672635189336
"CR-Ab","Model A","Humidity",82.2313281371549,0.0305206450434131,0.270728862529135
"CR-Ab","Model A","Humidity",82.3725629320036,0.0298335888209549,0.264634432043308
"CR-Ab","Model A","Humidity",82.5137977268523,0.0291329501483745,0.258419520444886
"CR-Ab","Model A","Humidity",82.6550325217009,0.0284227623695603,0.252119904913597
"CR-Ab","Model A","Humidity",82.7962673165496,0.027703413630855,0.245739028444097
"CR-Ab","Model A","Humidity",82.9375021113983,0.0269753226274556,0.239280605010135
"CR-Ab","Model A","Humidity",83.078736906247,0.0262369116460615,0.232730639739497
"CR-Ab","Model A","Humidity",83.2199717010957,0.0254906686925777,0.226111202120151
"CR-Ab","Model A","Humidity",83.3612064959444,0.024738264916089,0.219437115832602
"CR-Ab","Model A","Humidity",83.5024412907931,0.0239804265675297,0.212714822978221
"CR-Ab","Model A","Humidity",83.6436760856417,0.023217555744972,0.205947890308419
"CR-Ab","Model A","Humidity",83.7849108804904,0.0224506655594778,0.199145304474854
"CR-Ab","Model A","Humidity",83.9261456753391,0.0216820337053483,0.192327269427556
"CR-Ab","Model A","Humidity",84.0673804701878,0.0209125983047567,0.18550210664035
"CR-Ab","Model A","Humidity",84.2086152650365,0.0201433106221063,0.178678254163269
"CR-Ab","Model A","Humidity",84.3498500598852,0.0193763279929666,0.171874848322034
"CR-Ab","Model A","Humidity",84.4910848547339,0.0186129807500136,0.165103689635661
"CR-Ab","Model A","Humidity",84.6323196495825,0.0178541723764916,0.158372792318485
"CR-Ab","Model A","Humidity",84.7735544444312,0.0171009123063473,0.151691110404859
"CR-Ab","Model A","Humidity",84.9147892392799,0.0163556632705477,0.145080489185158
"CR-Ab","Model A","Humidity",85.0560240341286,0.0156209883548836,0.138563664132361
"CR-Ab","Model A","Humidity",85.1972588289773,0.0148961766703503,0.132134329410817
"CR-Ab","Model A","Humidity",85.338493623826,0.0141821489392444,0.125800652151323
"CR-Ab","Model A","Humidity",85.4797284186747,0.0134798121335058,0.119570677514172
"CR-Ab","Model A","Humidity",85.6209632135233,0.0127959134786153,0.113504255763899
"CR-Ab","Model A","Humidity",85.762198008372,0.0121265737878033,0.107566977148674
"CR-Ab","Model A","Humidity",85.9034328032207,0.0114724119378492,0.101764331323328
"CR-Ab","Model A","Humidity",86.0446675980694,0.0108341116451108,0.0961023830925724
"CR-Ab","Model A","Humidity",86.1859023929181,0.0102163473636025,0.0906225965085736
"CR-Ab","Model A","Humidity",86.3271371877668,0.00961947746320938,0.0853281504383331
"CR-Ab","Model A","Humidity",86.4683719826155,0.00904084241758018,0.0801954539471593
"CR-Ab","Model A","Humidity",86.6096067774641,0.00848083218205306,0.0752279660761371
"CR-Ab","Model A","Humidity",86.7508415723128,0.00794078592057721,0.0704375656807817
"CR-Ab","Model A","Humidity",86.8920763671615,0.00742721270847877,0.0658819905499457
"CR-Ab","Model A","Humidity",87.0333111620102,0.00693335540686283,0.0615013024836217
"CR-Ab","Model A","Humidity",87.1745459568589,0.00645929609260993,0.0572962295326249
"CR-Ab","Model A","Humidity",87.3157807517076,0.00600509019563394,0.0532672633797988
"CR-Ab","Model A","Humidity",87.4570155465562,0.00557636110521044,0.0494642854670317
"CR-Ab","Model A","Humidity",87.5982503414049,0.00516979964892378,0.0458579422704146
"CR-Ab","Model A","Humidity",87.7394851362536,0.00478269984658015,0.0424242307933251
"CR-Ab","Model A","Humidity",87.8807199311023,0.00441485319478003,0.0391613015372316
"CR-Ab","Model A","Humidity",88.021954725951,0.00406800920009909,0.0360846732411564
"CR-Ab","Model A","Humidity",88.1631895207997,0.00374522367121677,0.0332214520035032
"CR-Ab","Model A","Humidity",88.3044243156484,0.00344034150209288,0.0305170398675565
"CR-Ab","Model A","Humidity",88.4456591104971,0.00315296492145134,0.0279679084621118
"CR-Ab","Model A","Humidity",88.5868939053458,0.00288268306755998,0.0255704132990118
"CR-Ab","Model A","Humidity",88.7281287001944,0.00263439230254269,0.0233679868334503
"CR-Ab","Model A","Humidity",88.8693634950431,0.00240277361291084,0.0213134475438867
"CR-Ab","Model A","Humidity",89.0105982898918,0.00218618175802682,0.0193922015668629
"CR-Ab","Model A","Humidity",89.1518330847405,0.00198411221585028,0.0175997736143272
"CR-Ab","Model A","Humidity",89.2930678795892,0.00179818813434396,0.0159505615799359
"CR-Ab","Model A","Humidity",89.4343026744379,0.0016284487271439,0.0144449133024412
"CR-Ab","Model A","Humidity",89.5755374692866,0.00147094499847624,0.0130477997995766
"CR-Ab","Model A","Humidity",89.7167722641352,0.00132515607189645,0.0117546007139691
"CR-Ab","Model A","Humidity",89.8580070589839,0.00119056234208183,0.0105607069635443
"CR-Ab","Model A","Humidity",89.9992418538326,0.00107042875146565,0.0094950797367017
"CR-Ab","Model A","Humidity",90.1404766486813,0.000959909238537563,0.00851473276239185
"CR-Ab","Model A","Humidity",90.28171144353,0.00085839230973022,0.00761424187747215
"CR-Ab","Model A","Humidity",90.4229462383787,0.000765404219051437,0.00678940478826862
"CR-Ab","Model A","Humidity",90.5641810332274,0.000682060843007425,0.00605011971209678
"CR-Ab","Model A","Humidity",90.705415828076,0.000607228128495641,0.00538632719883484
"CR-Ab","Model A","Humidity",90.8466506229247,0.000539001639545158,0.00478113423120106
"CR-Ab","Model A","Humidity",90.9878854177734,0.000476984389361684,0.00423101939662025
"CR-Ab","Model A","Humidity",91.1291202126221,0.000421016824752253,0.00373456740211998
"CR-Ab","Model A","Humidity",91.2703550074708,0.000372129883263058,0.00330092302654823
"CR-Ab","Model A","Humidity",91.4115898023195,0.000327879593971595,0.00290840738772661
"CR-Ab","Model A","Humidity",91.5528245971682,0.000287956126871158,0.00255427218445858
"CR-Ab","Model A","Humidity",91.6940593920168,0.000252057513520535,0.00223583885040017
"CR-Ab","Model A","Humidity",91.8352941868655,0.000220774188938105,0.00195834475195356
"CR-Ab","Model A","Humidity",91.9765289817142,0.000193085939326757,0.00171274023369909
"CR-Ab","Model A","Humidity",92.1177637765629,0.000168286452701979,0.00149276005976494
"CR-Ab","Model A","Humidity",92.2589985714116,0.000146155449496396,0.00129645027286648
"CR-Ab","Model A","Humidity",92.4002333662603,0.000126693274978221,0.00112381393565426
"CR-Ab","Model A","Humidity",92.541468161109,0.000109987482453297,0.000975627676763359
"CR-Ab","Model A","Humidity",92.6827029559576,9.51303306086639e-05,0.000843839511290485
"CR-Ab","Model A","Humidity",92.8239377508063,8.19700354288993e-05,0.00072710306160217
"CR-Ab","Model A","Humidity",92.965172545655,7.03602921636623e-05,0.000624120553074513
"CR-Ab","Model A","Humidity",93.1064073405037,6.05464669356639e-05,0.000537068469566561
"CR-Ab","Model A","Humidity",93.2476421353524,5.19682630007411e-05,0.000460976781774865
"CR-Ab","Model A","Humidity",93.3888769302011,4.44248717410901e-05,0.000394064246589823
"CR-Ab","Model A","Humidity",93.5301117250497,3.78210328886211e-05,0.000335485871908962
"CR-Ab","Model A","Humidity",93.6713465198984,3.21765524098513e-05,0.000285417343625512
"CR-Ab","Model A","Humidity",93.8125813147471,2.74075412020574e-05,0.000243114535875603
"CR-Ab","Model A","Humidity",93.9538161095958,2.32434334510658e-05,0.000206177434668496
"CR-Ab","Model A","Humidity",94.0950509044445,1.96253541647062e-05,0.000174083798104031
"CR-Ab","Model A","Humidity",94.2362856992932,1.64971869258035e-05,0.000146335853813063
"CR-Ab","Model A","Humidity",94.3775204941419,1.3939464735329e-05,0.000123647957855827
"CR-Ab","Model A","Humidity",94.5187552889905,1.1727988524114e-05,0.000104031385587422
"CR-Ab","Model A","Humidity",94.6599900838392,9.82060706710076e-06,8.71122408074913e-05
"CR-Ab","Model A","Precipitation",0,2.84129649602892e-05,0.00831909370700821
"CR-Ab","Model A","Precipitation",6.51272015655577,2.96017149418123e-05,0.00866715039536567
"CR-Ab","Model A","Precipitation",13.0254403131115,3.07634645984053e-05,0.009007301599958
"CR-Ab","Model A","Precipitation",19.5381604696673,3.18830653586477e-05,0.00933511193766516
"CR-Ab","Model A","Precipitation",26.0508806262231,3.29614553607897e-05,0.00965085608802253
"CR-Ab","Model A","Precipitation",32.5636007827789,3.39992171846928e-05,0.00995470462585276
"CR-Ab","Model A","Precipitation",39.0763209393346,3.49943384939513e-05,0.01024606835481
"CR-Ab","Model A","Precipitation",45.5890410958904,3.59423500520253e-05,0.0105236387174233
"CR-Ab","Model A","Precipitation",52.1017612524462,3.68304151474342e-05,0.0107836572250642
"CR-Ab","Model A","Precipitation",58.614481409002,3.76740281159167e-05,0.0110306604979385
"CR-Ab","Model A","Precipitation",65.1272015655577,3.84748870558014e-05,0.011265145725943
"CR-Ab","Model A","Precipitation",71.6399217221135,3.92351857718916e-05,0.0114877552379496
"CR-Ab","Model A","Precipitation",78.1526418786693,3.99514458372463e-05,0.0116974705777813
"CR-Ab","Model A","Precipitation",84.665362035225,4.06338633432031e-05,0.0118972770811608
"CR-Ab","Model A","Precipitation",91.1780821917808,4.12950484106759e-05,0.0120908668927721
"CR-Ab","Model A","Precipitation",97.6908023483366,4.19419560761145e-05,0.0122802763928396
"CR-Ab","Model A","Precipitation",104.203522504892,4.25820891339658e-05,0.0124677023408412
"CR-Ab","Model A","Precipitation",110.716242661448,4.3232312359371e-05,0.0126580826109109
"CR-Ab","Model A","Precipitation",117.228962818004,4.39071228393056e-05,0.0128556618366233
"CR-Ab","Model A","Precipitation",123.74168297456,4.46180748253639e-05,0.0130638230123917
"CR-Ab","Model A","Precipitation",130.254403131115,4.53773405253067e-05,0.0132861300653575
"CR-Ab","Model A","Precipitation",136.767123287671,4.62091026140972e-05,0.0135296634934336
"CR-Ab","Model A","Precipitation",143.279843444227,4.71496084004559e-05,0.0138050362248482
"CR-Ab","Model A","Precipitation",149.792563600783,4.8198356884024e-05,0.0141121015706183
"CR-Ab","Model A","Precipitation",156.305283757339,4.93712505923771e-05,0.0144555156663238
"CR-Ab","Model A","Precipitation",162.818003913894,5.0684528498836e-05,0.0148400331562248
"CR-Ab","Model A","Precipitation",169.33072407045,5.22098541455597e-05,0.0152866365644411
"CR-Ab","Model A","Precipitation",175.843444227006,5.39482275166561e-05,0.0157956186784912
"CR-Ab","Model A","Precipitation",182.356164383562,5.59014800872305e-05,0.016367515739948
"CR-Ab","Model A","Precipitation",188.868884540117,5.80880629183361e-05,0.0170077300750421
"CR-Ab","Model A","Precipitation",195.381604696673,6.05414026131135e-05,0.01772604873149
"CR-Ab","Model A","Precipitation",201.894324853229,6.33735882615026e-05,0.0185552905173269
"CR-Ab","Model A","Precipitation",208.407045009785,6.65198818489449e-05,0.0194765006486973
"CR-Ab","Model A","Precipitation",214.91976516634,6.99997293623688e-05,0.0204953727583393
"CR-Ab","Model A","Precipitation",221.432485322896,7.38326252261996e-05,0.0216176146611107
"CR-Ab","Model A","Precipitation",227.945205479452,7.81218479338724e-05,0.0228734654913647
"CR-Ab","Model A","Precipitation",234.457925636008,8.28960852569533e-05,0.0242713248040312
"CR-Ab","Model A","Precipitation",240.970645792564,8.81066914125255e-05,0.0257969494946998
"CR-Ab","Model A","Precipitation",247.483365949119,9.37733140965976e-05,0.0274560922549481
"CR-Ab","Model A","Precipitation",253.996086105675,9.9915596070132e-05,0.029254504331411
"CR-Ab","Model A","Precipitation",260.508806262231,0.000106744525104782,0.0312539612918923
"CR-Ab","Model A","Precipitation",267.021526418787,0.000114127113252332,0.0334155253062624
"CR-Ab","Model A","Precipitation",273.534246575342,0.000122068430348167,0.035740680782632
"CR-Ab","Model A","Precipitation",280.046966731898,0.00013058793029411,0.0382351236711588
"CR-Ab","Model A","Precipitation",286.559686888454,0.000139783028090703,0.0409273763213794
"CR-Ab","Model A","Precipitation",293.07240704501,0.000149775808864553,0.0438531843026101
"CR-Ab","Model A","Precipitation",299.585127201566,0.000160428529998681,0.0469722176549301
"CR-Ab","Model A","Precipitation",306.097847358121,0.000171760101722671,0.0502900131455206
"CR-Ab","Model A","Precipitation",312.610567514677,0.000183789326048183,0.0538120758562029
"CR-Ab","Model A","Precipitation",319.123287671233,0.000196742194990377,0.0576045744798175
"CR-Ab","Model A","Precipitation",325.636007827789,0.000210530929624462,0.0616418080343707
"CR-Ab","Model A","Precipitation",332.148727984344,0.000225093932005167,0.0659057411237119
"CR-Ab","Model A","Precipitation",338.6614481409,0.000240448172668586,0.0704013425879542
"CR-Ab","Model A","Precipitation",345.174168297456,0.000256646014658634,0.0751439439164272
"CR-Ab","Model A","Precipitation",351.686888454012,0.000273962606608153,0.0802141064748019
"CR-Ab","Model A","Precipitation",358.199608610568,0.00029213538765562,0.0855349544983049
"CR-Ab","Model A","Precipitation",364.712328767123,0.000311176939170305,0.0911101717133645
"CR-Ab","Model A","Precipitation",371.225048923679,0.00033109908785857,0.0969432208870171
"CR-Ab","Model A","Precipitation",377.737769080235,0.000352089441890625,0.103089032222793
"CR-Ab","Model A","Precipitation",384.250489236791,0.00037415870956797,0.10955074102754
"CR-Ab","Model A","Precipitation",390.763209393346,0.000397141581041595,0.116279945871612
"CR-Ab","Model A","Precipitation",397.275929549902,0.000421040695246264,0.123277419414447
"CR-Ab","Model A","Precipitation",403.788649706458,0.000445857375854016,0.130543549216857
"CR-Ab","Model A","Precipitation",410.301369863014,0.000471904377107042,0.138169907272531
"CR-Ab","Model A","Precipitation",416.814090019569,0.000498888367891065,0.146070608527577
"CR-Ab","Model A","Precipitation",423.326810176125,0.000526762955390806,0.154232069528871
"CR-Ab","Model A","Precipitation",429.839530332681,0.000555514133794951,0.162650189484507
"CR-Ab","Model A","Precipitation",436.352250489237,0.000585219377675592,0.171347652342676
"CR-Ab","Model A","Precipitation",442.864970645793,0.000615965053004589,0.180349745383816
"CR-Ab","Model A","Precipitation",449.377690802348,0.000647488242056624,0.189579488356228
"CR-Ab","Model A","Precipitation",455.890410958904,0.000679754543970725,0.19902680895713
"CR-Ab","Model A","Precipitation",462.40313111546,0.000712727045885506,0.208680899389682
"CR-Ab","Model A","Precipitation",468.915851272016,0.000746516608694231,0.218574218855549
"CR-Ab","Model A","Precipitation",475.428571428571,0.000780938446902295,0.228652663608519
"CR-Ab","Model A","Precipitation",481.941291585127,0.00081585867739901,0.238877033721899
"CR-Ab","Model A","Precipitation",488.454011741683,0.000851217127158933,0.249229711004909
"CR-Ab","Model A","Precipitation",494.966731898239,0.000886959700255903,0.259694856593863
"CR-Ab","Model A","Precipitation",501.479452054794,0.000923051265062077,0.270262184223161
"CR-Ab","Model A","Precipitation",507.99217221135,0.000959282090509365,0.280870286277962
"CR-Ab","Model A","Precipitation",514.504892367906,0.000995570804934444,0.291495337772272
"CR-Ab","Model A","Precipitation",521.017612524462,0.0010318341057815,0.302112948369888
"CR-Ab","Model A","Precipitation",527.530332681018,0.00106793360540452,0.312682599251441
"CR-Ab","Model A","Precipitation",534.043052837573,0.00110369058348257,0.323151962506085
"CR-Ab","Model A","Precipitation",540.555772994129,0.00113903727464486,0.33350119696376
"CR-Ab","Model A","Precipitation",547.068493150685,0.00117387798589737,0.34370228446496
"CR-Ab","Model A","Precipitation",553.581213307241,0.00120811629063804,0.353726992055486
"CR-Ab","Model A","Precipitation",560.093933463796,0.00124134780592648,0.363456919576136
"CR-Ab","Model A","Precipitation",566.606653620352,0.00127362591873869,0.372907698315543
"CR-Ab","Model A","Precipitation",573.119373776908,0.00130489047020798,0.382061714228494
"CR-Ab","Model A","Precipitation",579.632093933464,0.00133504714794547,0.390891353385857
"CR-Ab","Model A","Precipitation",586.14481409002,0.0013638599320038,0.399327510994755
"CR-Ab","Model A","Precipitation",592.657534246575,0.0013909328575599,0.40725425165483
"CR-Ab","Model A","Precipitation",599.170254403131,0.00141652470206936,0.414747343379224
"CR-Ab","Model A","Precipitation",605.682974559687,0.001440557778528,0.421784040021287
"CR-Ab","Model A","Precipitation",612.195694716243,0.00146295712080769,0.428342392085583
"CR-Ab","Model A","Precipitation",618.708414872798,0.00148318111301453,0.434263818678466
"CR-Ab","Model A","Precipitation",625.221135029354,0.00150134323339386,0.439581545341796
"CR-Ab","Model A","Precipitation",631.73385518591,0.00151761531696845,0.444345884025015
"CR-Ab","Model A","Precipitation",638.246575342466,0.00153195262702334,0.44854373616821
"CR-Ab","Model A","Precipitation",644.759295499022,0.00154426494845147,0.452148687494289
"CR-Ab","Model A","Precipitation",651.272015655577,0.00155382359816389,0.454947385299366
"CR-Ab","Model A","Precipitation",657.784735812133,0.0015613267822539,0.457144258861593
"CR-Ab","Model A","Precipitation",664.297455968689,0.00156676606959414,0.45873683961288
"CR-Ab","Model A","Precipitation",670.810176125245,0.00157013713859552,0.459723862225779
"CR-Ab","Model A","Precipitation",677.3228962818,0.00157108025730286,0.46
"CR-Ab","Model A","Precipitation",683.835616438356,0.00156955627332815,0.459553789422848
"CR-Ab","Model A","Precipitation",690.348336594912,0.00156602144603149,0.458518819663087
"CR-Ab","Model A","Precipitation",696.861056751468,0.00156050635008867,0.456904042746437
"CR-Ab","Model A","Precipitation",703.373776908024,0.00155304512011736,0.454719453021724
"CR-Ab","Model A","Precipitation",709.886497064579,0.00154308579974782,0.451803441984928
"CR-Ab","Model A","Precipitation",716.399217221135,0.00153122579359499,0.448330925030467
"CR-Ab","Model A","Precipitation",722.911937377691,0.00151762902674421,0.44434989814003
"CR-Ab","Model A","Precipitation",729.424657534247,0.00150235612641771,0.439878112489659
"CR-Ab","Model A","Precipitation",735.937377690802,0.00148532790331801,0.434892382072991
"CR-Ab","Model A","Precipitation",742.450097847358,0.00146638081033595,0.429344821576804
"CR-Ab","Model A","Precipitation",748.962818003914,0.00144605291967978,0.423392974331336
"CR-Ab","Model A","Precipitation",755.47553816047,0.00142442130422425,0.41705940667094
"CR-Ab","Model A","Precipitation",761.988258317025,0.00140156421676033,0.410367030400196
"CR-Ab","Model A","Precipitation",768.500978473581,0.00137731916093268,0.403268267858387
"CR-Ab","Model A","Precipitation",775.013698630137,0.00135196129079821,0.395843681999305
"CR-Ab","Model A","Precipitation",781.526418786693,0.00132572648025469,0.388162334853655
"CR-Ab","Model A","Precipitation",788.039138943249,0.00129869862844065,0.380248791432391
"CR-Ab","Model A","Precipitation",794.551859099804,0.00127095322307203,0.372125153947774
"CR-Ab","Model A","Precipitation",801.06457925636,0.00124242684016773,0.363772852354661
"CR-Ab","Model A","Precipitation",807.577299412916,0.00121346302722454,0.355292474670621
"CR-Ab","Model A","Precipitation",814.090019569472,0.00118414385449423,0.346708050422878
"CR-Ab","Model A","Precipitation",820.602739726027,0.00115455075294048,0.338043421960105
"CR-Ab","Model A","Precipitation",827.115459882583,0.00112475710857051,0.329320076130713
"CR-Ab","Model A","Precipitation",833.628180039139,0.00109490862276578,0.320580673158551
"CR-Ab","Model A","Precipitation",840.140900195695,0.00106511719555617,0.311857976496353
"CR-Ab","Model A","Precipitation",846.65362035225,0.00103545613191593,0.303173449266703
"CR-Ab","Model A","Precipitation",853.166340508806,0.0010059975538438,0.294548208226222
"CR-Ab","Model A","Precipitation",859.679060665362,0.000976944101551526,0.286041584842519
"CR-Ab","Model A","Precipitation",866.191780821918,0.000948330806192171,0.277663835962968
"CR-Ab","Model A","Precipitation",872.704500978474,0.000920198187503931,0.269426825449701
"CR-Ab","Model A","Precipitation",879.217221135029,0.000892605085175302,0.261347781102877
"CR-Ab","Model A","Precipitation",885.729941291585,0.000865668042974731,0.253460826025525
"CR-Ab","Model A","Precipitation",892.242661448141,0.000839623156730992,0.245835087228013
"CR-Ab","Model A","Precipitation",898.755381604697,0.00081433445058162,0.23843075204231
"CR-Ab","Model A","Precipitation",905.268101761252,0.000789843377680958,0.231259957627487
"CR-Ab","Model A","Precipitation",911.780821917808,0.000766189214222624,0.224334203745561
"CR-Ab","Model A","Precipitation",918.293542074364,0.000743630916570804,0.217729310792701
"CR-Ab","Model A","Precipitation",924.80626223092,0.000722140143458708,0.211436980667863
"CR-Ab","Model A","Precipitation",931.318982387475,0.000701608668233228,0.20542552545428
"CR-Ab","Model A","Precipitation",937.831702544031,0.000682054890006225,0.199700332267865
"CR-Ab","Model A","Precipitation",944.344422700587,0.00066350072121791,0.194267816899569
"CR-Ab","Model A","Precipitation",950.857142857143,0.000646337048266397,0.18924242782667
"CR-Ab","Model A","Precipitation",957.369863013699,0.000630187202585673,0.184513879441824
"CR-Ab","Model A","Precipitation",963.882583170254,0.00061504785165978,0.180081196010447
"CR-Ab","Model A","Precipitation",970.39530332681,0.000600913342070766,0.17594272225602
"CR-Ab","Model A","Precipitation",976.908023483366,0.000587928161869565,0.172140763148719
"CR-Ab","Model A","Precipitation",983.420743639922,0.000576129839504144,0.168686306724316
"CR-Ab","Model A","Precipitation",989.933463796477,0.000565270760972225,0.165506853541409
"CR-Ab","Model A","Precipitation",996.446183953033,0.000555326261870287,0.162595182055737
"CR-Ab","Model A","Precipitation",1002.95890410959,0.000546269839750372,0.159943532558013
"CR-Ab","Model A","Precipitation",1009.47162426614,0.000538316256251356,0.157614785574821
"CR-Ab","Model A","Precipitation",1015.9843444227,0.000531207769664158,0.155533476351494
"CR-Ab","Model A","Precipitation",1022.49706457926,0.000524843441313749,0.153670050834191
"CR-Ab","Model A","Precipitation",1029.00978473581,0.000519184245442675,0.152013082586648
"CR-Ab","Model A","Precipitation",1035.52250489237,0.000514235671162747,0.150564178777828
"CR-Ab","Model A","Precipitation",1042.03522504892,0.000510059533084432,0.149341438241757
"CR-Ab","Model A","Precipitation",1048.54794520548,0.000506409301357371,0.14827267896823
"CR-Ab","Model A","Precipitation",1055.06066536204,0.00050324097116241,0.147345016690694
"CR-Ab","Model A","Precipitation",1061.57338551859,0.000500510497569254,0.146545555398367
"CR-Ab","Model A","Precipitation",1068.08610567515,0.000498243998727995,0.14588194228113
"CR-Ab","Model A","Precipitation",1074.5988258317,0.000496332583834843,0.145322294964092
"CR-Ab","Model A","Precipitation",1081.11154598826,0.000494676132339422,0.144837298933908
"CR-Ab","Model A","Precipitation",1087.62426614481,0.00049323388363016,0.144415019802605
"CR-Ab","Model A","Precipitation",1094.13698630137,0.000491965766677225,0.144043725086349
"CR-Ab","Model A","Precipitation",1100.64970645793,0.000490853581338702,0.143718085926069
"CR-Ab","Model A","Precipitation",1107.16242661448,0.000489797395346327,0.143408842935946
"CR-Ab","Model A","Precipitation",1113.67514677104,0.0004887645451203,0.143106432475523
"CR-Ab","Model A","Precipitation",1120.18786692759,0.000487723909931542,0.142801742638957
"CR-Ab","Model A","Precipitation",1126.70058708415,0.00048663270937948,0.142482247659872
"CR-Ab","Model A","Precipitation",1133.2133072407,0.00048543494165758,0.142131550647728
"CR-Ab","Model A","Precipitation",1139.72602739726,0.000484119430708709,0.141746379340491
"CR-Ab","Model A","Precipitation",1146.23874755382,0.000482665814633574,0.141320771933451
"CR-Ab","Model A","Precipitation",1152.75146771037,0.000481054918140552,0.140849114051337
"CR-Ab","Model A","Precipitation",1159.26418786693,0.000479207613629717,0.140308237752348
"CR-Ab","Model A","Precipitation",1165.77690802348,0.000477139312010738,0.13970265523019
"CR-Ab","Model A","Precipitation",1172.28962818004,0.000474854738327175,0.139033749940627
"CR-Ab","Model A","Precipitation",1178.80234833659,0.000472344279145111,0.138298707145466
"CR-Ab","Model A","Precipitation",1185.31506849315,0.000469582627546548,0.137490117177236
"CR-Ab","Model A","Precipitation",1191.82778864971,0.00046649821847178,0.136587026346709
"CR-Ab","Model A","Precipitation",1198.34050880626,0.000463162166949362,0.135610256577513
"CR-Ab","Model A","Precipitation",1204.85322896282,0.000459571774156174,0.13455901767537
"CR-Ab","Model A","Precipitation",1211.36594911937,0.000455724923038352,0.13343268978348
"CR-Ab","Model A","Precipitation",1217.87866927593,0.00045156357558935,0.132214279827882
"CR-Ab","Model A","Precipitation",1224.39138943249,0.000447102437685415,0.130908093574016
"CR-Ab","Model A","Precipitation",1230.90410958904,0.00044238548128488,0.129527005667042
"CR-Ab","Model A","Precipitation",1237.4168297456,0.000437414638950619,0.128071581946241
"CR-Ab","Model A","Precipitation",1243.92954990215,0.000432192200280277,0.12654249278788
"CR-Ab","Model A","Precipitation",1250.44227005871,0.00042663161319544,0.124914396420979
"CR-Ab","Model A","Precipitation",1256.95499021526,0.000420827805846727,0.123215087064886
"CR-Ab","Model A","Precipitation",1263.46771037182,0.000414788607669451,0.121446857116967
"CR-Ab","Model A","Precipitation",1269.98043052838,0.000408519053424267,0.119611180715727
"CR-Ab","Model A","Precipitation",1276.49315068493,0.000401994794883857,0.11770092889082
"CR-Ab","Model A","Precipitation",1283.00587084149,0.000395205086312283,0.115712955374886
"CR-Ab","Model A","Precipitation",1289.51859099804,0.000388212294618078,0.1136655207105
"CR-Ab","Model A","Precipitation",1296.0313111546,0.000381024463944912,0.111560980159954
"CR-Ab","Model A","Precipitation",1302.54403131115,0.000373650021455094,0.109401801130399
"CR-Ab","Model A","Precipitation",1309.05675146771,0.000366052412156774,0.107177280606395
"CR-Ab","Model A","Precipitation",1315.56947162427,0.0003582843800116,0.104902861607003
"CR-Ab","Model A","Precipitation",1322.08219178082,0.000350373802465851,0.102586706430251
"CR-Ab","Model A","Precipitation",1328.59491193738,0.000342332920400393,0.100232399110229
"CR-Ab","Model A","Precipitation",1335.10763209393,0.000334168927061927,0.097842045773257
"CR-Ab","Model A","Precipitation",1341.62035225049,0.000325880850186089,0.0954153617479415
"CR-Ab","Model A","Precipitation",1348.13307240704,0.000317522141635747,0.0929679973212772
"CR-Ab","Model A","Precipitation",1354.6457925636,0.000309108750730845,0.0905046223292837
"CR-Ab","Model A","Precipitation",1361.15851272016,0.000300656957084783,0.0880300033153174
"CR-Ab","Model A","Precipitation",1367.67123287671,0.000292186092594591,0.0855498005074879
"CR-Ab","Model A","Precipitation",1374.18395303327,0.000283730120139207,0.0830739579708664
"CR-Ab","Model A","Precipitation",1380.69667318982,0.000275309825245622,0.0806085615450345
"CR-Ab","Model A","Precipitation",1387.20939334638,0.000266943239896815,0.078158890853444
"CR-Ab","Model A","Precipitation",1393.72211350294,0.000258648440698124,0.0757302385846234
"CR-Ab","Model A","Precipitation",1400.23483365949,0.000250490218047285,0.0733415748598127
"CR-Ab","Model A","Precipitation",1406.74755381605,0.000242463457194488,0.0709914021203081
"CR-Ab","Model A","Precipitation",1413.2602739726,0.000234582685580277,0.0686839738869726
"CR-Ab","Model A","Precipitation",1419.77299412916,0.000226864208505472,0.066424064224238
"CR-Ab","Model A","Precipitation",1426.28571428571,0.000219350577018676,0.0642241317460209
"CR-Ab","Model A","Precipitation",1432.79843444227,0.000212093502142822,0.062099317035012
"CR-Ab","Model A","Precipitation",1439.31115459883,0.000205059068529705,0.0600396899427659
"CR-Ab","Model A","Precipitation",1445.82387475538,0.000198258643895393,0.0580485788475544
"CR-Ab","Model A","Precipitation",1452.33659491194,0.000191702895141821,0.0561291069347571
"CR-Ab","Model A","Precipitation",1458.84931506849,0.000185477618091539,0.0543063945495568
"CR-Ab","Model A","Precipitation",1465.36203522505,0.000179549047553784,0.0525705555084315
"CR-Ab","Model A","Precipitation",1471.8747553816,0.00017389533665705,0.0509151932184346
"CR-Ab","Model A","Precipitation",1478.38747553816,0.000168520213680649,0.0493413992905615
"CR-Ab","Model A","Precipitation",1484.90019569472,0.000163440593685552,0.0478541263222438
"CR-Ab","Model A","Precipitation",1491.41291585127,0.000158738294288956,0.0464773298712797
"CR-Ab","Model A","Precipitation",1497.92563600783,0.000154316902330892,0.0451827809192095
"CR-Ab","Model A","Precipitation",1504.43835616438,0.000150173604426575,0.043969655728993
"CR-Ab","Model A","Precipitation",1510.95107632094,0.000146304986097507,0.0428369545680566
"CR-Ab","Model A","Precipitation",1517.46379647749,0.000142759127548884,0.0417987549440814
"CR-Ab","Model A","Precipitation",1523.97651663405,0.000139519901735716,0.0408503349845466
"CR-Ab","Model A","Precipitation",1530.48923679061,0.000136531024503771,0.0399752151297183
"CR-Ab","Model A","Precipitation",1537.00195694716,0.000133785096592447,0.0391712289340177
"CR-Ab","Model A","Precipitation",1543.51467710372,0.00013127443729195,0.0384361275457467
"CR-Ab","Model A","Precipitation",1550.02739726027,0.000129064693247728,0.0377891317887715
"CR-Ab","Model A","Precipitation",1556.54011741683,0.000127070181107361,0.0372051542482837
"CR-Ab","Model A","Precipitation",1563.05283757339,0.000125275572387543,0.0366797068643714
"CR-Ab","Model A","Precipitation",1569.56555772994,0.000123672522746226,0.036210346479007
"CR-Ab","Model A","Precipitation",1576.0782778865,0.000122273125303348,0.0358006138630367
"CR-Ab","Model A","Precipitation",1582.59099804305,0.000121087177673355,0.035453377681269
"CR-Ab","Model A","Precipitation",1589.10371819961,0.000120059738219349,0.0351525514525349
"CR-Ab","Model A","Precipitation",1595.61643835616,0.000119183963960735,0.0348961316056875
"CR-Ab","Model A","Precipitation",1602.12915851272,0.00011845325130589,0.0346821846607964
"CR-Ab","Model A","Precipitation",1608.64187866928,0.000117895994815935,0.0345190243230684
"CR-Ab","Model A","Precipitation",1615.15459882583,0.000117480526885876,0.034397378565674
"CR-Ab","Model A","Precipitation",1621.66731898239,0.000117187010854515,0.0343114393695073
"CR-Ab","Model A","Precipitation",1628.18003913894,0.00011701101000161,0.0342599076976148
"CR-Ab","Model A","Precipitation",1634.6927592955,0.000116952615397008,0.0342428102145345
"CR-Ab","Model A","Precipitation",1641.20547945205,0.000117038039985777,0.0342678218653723
"CR-Ab","Model A","Precipitation",1647.71819960861,0.000117225272892236,0.0343226421946144
"CR-Ab","Model A","Precipitation",1654.23091976517,0.000117511168148883,0.0344063500876048
"CR-Ab","Model A","Precipitation",1660.74363992172,0.000117892620999035,0.0345180364958925
"CR-Ab","Model A","Precipitation",1667.25636007828,0.000118383212205015,0.0346616777603676
"CR-Ab","Model A","Precipitation",1673.76908023483,0.00011897695155459,0.034835519993783
"CR-Ab","Model A","Precipitation",1680.28180039139,0.000119652936422191,0.0350334430710102
"CR-Ab","Model A","Precipitation",1686.79452054795,0.000120407698770492,0.0352544315778703
"CR-Ab","Model A","Precipitation",1693.3072407045,0.000121237657685028,0.0354974370506409
"CR-Ab","Model A","Precipitation",1699.81996086106,0.000122160435294794,0.0357676191107356
"CR-Ab","Model A","Precipitation",1706.33268101761,0.000123147714329302,0.0360566866830398
"CR-Ab","Model A","Precipitation",1712.84540117417,0.000124191869723455,0.0363624072081868
"CR-Ab","Model A","Precipitation",1719.35812133072,0.000125287883760611,0.036683311538025
"CR-Ab","Model A","Precipitation",1725.87084148728,0.000126434616962542,0.0370190660422498
"CR-Ab","Model A","Precipitation",1732.38356164384,0.000127627647305717,0.0373683759869899
"CR-Ab","Model A","Precipitation",1738.89628180039,0.000128848321988231,0.0377257799778721
"CR-Ab","Model A","Precipitation",1745.40900195695,0.000130090352452499,0.0380894367744663
"CR-Ab","Model A","Precipitation",1751.9217221135,0.00013134736598046,0.0384574804948138
"CR-Ab","Model A","Precipitation",1758.43444227006,0.000132611566775925,0.03882762859082
"CR-Ab","Model A","Precipitation",1764.94716242661,0.000133870202746513,0.0391961473496674
"CR-Ab","Model A","Precipitation",1771.45988258317,0.000135116111234701,0.0395609396013059
"CR-Ab","Model A","Precipitation",1777.97260273973,0.000136342917697823,0.0399201389295472
"CR-Ab","Model A","Precipitation",1784.48532289628,0.000137543220299626,0.0402715781346817
"CR-Ab","Model A","Precipitation",1790.99804305284,0.000138695648736777,0.0406090001591935
"CR-Ab","Model A","Precipitation",1797.51076320939,0.000139803994270176,0.0409335150545933
"CR-Ab","Model A","Precipitation",1804.02348336595,0.00014086322754972,0.0412436502665442
"CR-Ab","Model A","Precipitation",1810.5362035225,0.000141868540359464,0.0415379979870586
"CR-Ab","Model A","Precipitation",1817.04892367906,0.000142803321994292,0.0418116947317169
"CR-Ab","Model A","Precipitation",1823.56164383562,0.000143659128168145,0.0420622680796681
"CR-Ab","Model A","Precipitation",1830.07436399217,0.000144445059455237,0.0422923826077973
"CR-Ab","Model A","Precipitation",1836.58708414873,0.000145158458356631,0.0425012602212203
"CR-Ab","Model A","Precipitation",1843.09980430528,0.000145796907103064,0.0426881930160243
"CR-Ab","Model A","Precipitation",1849.61252446184,0.000146331507990132,0.0428447199705884
"CR-Ab","Model A","Precipitation",1856.1252446184,0.000146782194050123,0.0429766773207186
"CR-Ab","Model A","Precipitation",1862.63796477495,0.000147151992971111,0.043084951549781
"CR-Ab","Model A","Precipitation",1869.15068493151,0.000147440211705728,0.0431693397389316
"CR-Ab","Model A","Precipitation",1875.66340508806,0.000147637869386494,0.0432272123604796
"CR-Ab","Model A","Precipitation",1882.17612524462,0.000147729721024076,0.043254105800895
"CR-Ab","Model A","Precipitation",1888.68884540117,0.000147738871230209,0.0432567849096175
"CR-Ab","Model A","Precipitation",1895.20156555773,0.000147665248820243,0.043235228844339
"CR-Ab","Model A","Precipitation",1901.71428571429,0.000147508775390071,0.0431894146489503
"CR-Ab","Model A","Precipitation",1908.22700587084,0.000147248183205636,0.0431131152974162
"CR-Ab","Model A","Precipitation",1914.7397260274,0.000146893274124646,0.043009200696939
"CR-Ab","Model A","Precipitation",1921.25244618395,0.000146454316436659,0.0428806773223149
"CR-Ab","Model A","Precipitation",1927.76516634051,0.000145930691119179,0.042727363928603
"CR-Ab","Model A","Precipitation",1934.27788649706,0.000145319793013298,0.0425484977456698
"CR-Ab","Model A","Precipitation",1940.79060665362,0.000144590406876941,0.0423349391950072
"CR-Ab","Model A","Precipitation",1947.30332681018,0.000143772119249027,0.0420953509835898
"CR-Ab","Model A","Precipitation",1953.81604696673,0.000142863543268161,0.0418293270492583
"CR-Ab","Model A","Precipitation",1960.32876712329,0.000141863245471804,0.0415364476854033
"CR-Ab","Model A","Precipitation",1966.84148727984,0.000140753039980309,0.0412113882088336
"CR-Ab","Model A","Precipitation",1973.3542074364,0.000139526458359389,0.040852254712629
"CR-Ab","Model A","Precipitation",1979.86692759295,0.000138201792063261,0.0404644027913878
"CR-Ab","Model A","Precipitation",1986.37964774951,0.000136777749760681,0.0400474543534313
"CR-Ab","Model A","Precipitation",1992.89236790607,0.000135253132989162,0.0396010584983254
"CR-Ab","Model A","Precipitation",1999.40508806262,0.00013359343660956,0.0391151123914552
"CR-Ab","Model A","Precipitation",2005.91780821918,0.000131825120390821,0.0385973632460256
"CR-Ab","Model A","Precipitation",2012.43052837573,0.000129954409321707,0.0380496336900131
"CR-Ab","Model A","Precipitation",2018.94324853229,0.000127981824554753,0.0374720763128003
"CR-Ab","Model A","Precipitation",2025.45596868885,0.000125899015026988,0.0368622459885259
"CR-Ab","Model A","Precipitation",2031.9686888454,0.000123689584021033,0.0362153418867049
"CR-Ab","Model A","Precipitation",2038.48140900196,0.000121385838101037,0.035540823116405
"CR-Ab","Model A","Precipitation",2044.99412915851,0.000118991112092919,0.0348396660885486
"CR-Ab","Model A","Precipitation",2051.50684931507,0.000116509084847438,0.0341129479418377
"CR-Ab","Model A","Precipitation",2058.01956947162,0.000113926021500046,0.0333566472154572
"CR-Ab","Model A","Precipitation",2064.53228962818,0.000111260258446888,0.0325761326626501
"CR-Ab","Model A","Precipitation",2071.04500978474,0.00010852939925866,0.0317765584711054
"CR-Ab","Model A","Precipitation",2077.55772994129,0.000105740016400435,0.0309598490071431
"CR-Ab","Model A","Precipitation",2084.07045009785,0.000102898474065055,0.0301278676566048
"CR-Ab","Model A","Precipitation",2090.5831702544,0.000100003006037858,0.0292800972856645
"CR-Ab","Model A","Precipitation",2097.09589041096,9.70810533207668e-05,0.028424572404861
"CR-Ab","Model A","Precipitation",2103.60861056751,9.41409634143277e-05,0.0275637370970049
"CR-Ab","Model A","Precipitation",2110.12133072407,9.11911528436296e-05,0.0267000556547528
"CR-Ab","Model A","Precipitation",2116.63405088063,8.82426019022526e-05,0.0258367430221048
"CR-Ab","Model A","Precipitation",2123.14677103718,8.5312246375919e-05,0.0249787578645371
"CR-Ab","Model A","Precipitation",2129.65949119374,8.24081264249354e-05,0.0241284542780445
"CR-Ab","Model A","Precipitation",2136.17221135029,7.9538324080725e-05,0.0232881986181566
"CR-Ab","Model A","Precipitation",2142.68493150685,7.67107695526923e-05,0.0224603127881049
"CR-Ab","Model A","Precipitation",2149.1976516634,7.39536852012574e-05,0.0216530600740791
"CR-Ab","Model A","Precipitation",2155.71037181996,7.12655849997226e-05,0.0208660053790957
"CR-Ab","Model A","Precipitation",2162.22309197652,6.86487662109539e-05,0.0200998213237374
"CR-Ab","Model A","Precipitation",2168.73581213307,6.6108818011758e-05,0.0193561443752179
"CR-Ab","Model A","Precipitation",2175.24853228963,6.36585054978631e-05,0.0186387120536339
"CR-Ab","Model A","Precipitation",2181.76125244618,6.13245357576447e-05,0.0179553439853828
"CR-Ab","Model A","Precipitation",2188.27397260274,5.90847863139045e-05,0.0172995628823288
"CR-Ab","Model A","Precipitation",2194.7866927593,5.69415686575538e-05,0.0166720455309149
"CR-Ab","Model A","Precipitation",2201.29941291585,5.48968187644196e-05,0.0160733587697074
"CR-Ab","Model A","Precipitation",2207.81213307241,5.29757514402043e-05,0.0155108852964196
"CR-Ab","Model A","Precipitation",2214.32485322896,5.11700904866271e-05,0.0149822019049858
"CR-Ab","Model A","Precipitation",2220.83757338552,4.9464137922948e-05,0.0144827123495384
"CR-Ab","Model A","Precipitation",2227.35029354207,4.7856775997845e-05,0.0140120893612407
"CR-Ab","Model A","Precipitation",2233.86301369863,4.63469042693896e-05,0.013570010739311
"CR-Ab","Model A","Precipitation",2240.37573385519,4.49664866585316e-05,0.0131658352695709
"CR-Ab","Model A","Precipitation",2246.88845401174,4.36755518173313e-05,0.012787859654263
"CR-Ab","Model A","Precipitation",2253.4011741683,4.2471021786073e-05,0.0124351826908786
"CR-Ab","Model A","Precipitation",2259.91389432485,4.1349703441698e-05,0.0121068694579837
"CR-Ab","Model A","Precipitation",2266.42661448141,4.03196067629166e-05,0.0118052652146378
"CR-Ab","Model A","Precipitation",2272.93933463796,3.93794504513724e-05,0.011529994806713
"CR-Ab","Model A","Precipitation",2279.45205479452,3.85075076318683e-05,0.0112746967752424
"CR-Ab","Model A","Precipitation",2285.96477495108,3.77001777635507e-05,0.0110383169100509
"CR-Ab","Model A","Precipitation",2292.47749510763,3.69538856741297e-05,0.0108198084286809
"CR-Ab","Model A","Precipitation",2298.99021526419,3.62805732756325e-05,0.0106226678294856
"CR-Ab","Model A","Precipitation",2305.50293542074,3.56616989666825e-05,0.0104414662767363
"CR-Ab","Model A","Precipitation",2312.0156555773,3.5089961132507e-05,0.010274065914789
"CR-Ab","Model A","Precipitation",2318.52837573386,3.45624730653743e-05,0.0101196215382187
"CR-Ab","Model A","Precipitation",2325.04109589041,3.40792224500259e-05,0.00997812954121411
"CR-Ab","Model A","Precipitation",2331.55381604697,3.36446334610572e-05,0.00985088528746174
"CR-Ab","Model A","Precipitation",2338.06653620352,3.3243921227772e-05,0.00973355988256637
"CR-Ab","Model A","Precipitation",2344.57925636008,3.28751162869541e-05,0.0096255766831164
"CR-Ab","Model A","Precipitation",2351.09197651663,3.25363335157158e-05,0.00952638373988818
"CR-Ab","Model A","Precipitation",2357.60469667319,3.22314696996773e-05,0.00943712200120496
"CR-Ab","Model A","Precipitation",2364.11741682975,3.19556816628432e-05,0.00935637342305055
"CR-Ab","Model A","Precipitation",2370.6301369863,3.17031761734462e-05,0.00928244179251628
"CR-Ab","Model A","Precipitation",2377.14285714286,3.14725215142673e-05,0.00921490791400872
"CR-Ab","Model A","Precipitation",2383.65557729941,3.12623028282189e-05,0.00915335752844899
"CR-Ab","Model A","Precipitation",2390.16829745597,3.10770731715958e-05,0.00909912373507621
"CR-Ab","Model A","Precipitation",2396.68101761252,3.09076485041844e-05,0.00904951751881389
"CR-Ab","Model A","Precipitation",2403.19373776908,3.07523185971768e-05,0.00900403813805573
"CR-Ab","Model A","Precipitation",2409.70645792564,3.06094249432595e-05,0.00896219999484412
"CR-Ab","Model A","Precipitation",2416.21917808219,3.04783048031543e-05,0.00892380904430674
"CR-Ab","Model A","Precipitation",2422.73189823875,3.03560593517738e-05,0.00888801653315167
"CR-Ab","Model A","Precipitation",2429.2446183953,3.02380871726557e-05,0.00885347520266132
"CR-Ab","Model A","Precipitation",2435.75733855186,3.01221734785846e-05,0.00881953658047774
"CR-Ab","Model A","Precipitation",2442.27005870841,3.00060440435648e-05,0.0087855347910333
"CR-Ab","Model A","Precipitation",2448.78277886497,2.98850210314444e-05,0.00875010020052361
"CR-Ab","Model A","Precipitation",2455.29549902153,2.97554840035113e-05,0.00871217277283669
"CR-Ab","Model A","Precipitation",2461.80821917808,2.96151866736326e-05,0.00867109481297803
"CR-Ab","Model A","Precipitation",2468.32093933464,2.94615650646331e-05,0.0086261156085031
"CR-Ab","Model A","Precipitation",2474.83365949119,2.92907266629266e-05,0.00857609546190671
"CR-Ab","Model A","Precipitation",2481.34637964775,2.90932310735224e-05,0.00851827029944053
"CR-Ab","Model A","Precipitation",2487.85909980431,2.88719308550601e-05,0.00845347532794275
"CR-Ab","Model A","Precipitation",2494.37181996086,2.86246442195775e-05,0.00838107173697835
"CR-Ab","Model A","Precipitation",2500.88454011742,2.83492849125202e-05,0.00830044868754622
"CR-Ab","Model A","Precipitation",2507.39726027397,2.80366523400075e-05,0.00820891231778575
"CR-Ab","Model A","Precipitation",2513.90998043053,2.76853450519221e-05,0.00810605229407397
"CR-Ab","Model A","Precipitation",2520.42270058708,2.72994138508306e-05,0.00799305465969031
"CR-Ab","Model A","Precipitation",2526.93542074364,2.6877975061545e-05,0.00786966068145768
"CR-Ab","Model A","Precipitation",2533.4481409002,2.64203086709333e-05,0.00773565954516768
"CR-Ab","Model A","Precipitation",2539.96086105675,2.59124670130224e-05,0.00758696748341388
"CR-Ab","Model A","Precipitation",2546.47358121331,2.53677640395034e-05,0.00742748271702208
"CR-Ab","Model A","Precipitation",2552.98630136986,2.47874601629826e-05,0.00725757428493608
"CR-Ab","Model A","Precipitation",2559.49902152642,2.41724392373695e-05,0.00707750097266132
"CR-Ab","Model A","Precipitation",2566.01174168297,2.35195777062434e-05,0.00688634822733081
"CR-Ab","Model A","Precipitation",2572.52446183953,2.28284537411746e-05,0.00668399254088265
"CR-Ab","Model A","Precipitation",2579.03718199609,2.21094845221993e-05,0.00647348398207969
"CR-Ab","Model A","Precipitation",2585.54990215264,2.13649701231522e-05,0.00625549599453434
"CR-Ab","Model A","Precipitation",2592.0626223092,2.05973372999687e-05,0.00603073911338646
"CR-Ab","Model A","Precipitation",2598.57534246575,1.98049933134124e-05,0.0057987469970565
"CR-Ab","Model A","Precipitation",2605.08806262231,1.89968297082558e-05,0.00556212302024564
"CR-Ab","Model A","Precipitation",2611.60078277886,1.8177798749591e-05,0.00532231716740361
"CR-Ab","Model A","Precipitation",2618.11350293542,1.7351047207581e-05,0.00508025078819934
"CR-Ab","Model A","Precipitation",2624.62622309198,1.65198230494331e-05,0.00483687486200416
"CR-Ab","Model A","Precipitation",2631.13894324853,1.56899344074057e-05,0.00459388996447389
"CR-Ab","Model A","Precipitation",2637.65166340509,1.48659509741656e-05,0.00435263406584706
"CR-Ab","Model A","Precipitation",2644.16438356164,1.4050988357629e-05,0.0041140193917308
"CR-Ab","Model A","Precipitation",2650.6771037182,1.32481127808506e-05,0.00387894370823126
"CR-Ab","Model A","Precipitation",2657.18982387476,1.24646235766332e-05,0.00364954420284972
"CR-Ab","Model A","Precipitation",2663.70254403131,1.17053056067992e-05,0.00342722184566901
"CR-Ab","Model A","Precipitation",2670.21526418787,1.09698162035767e-05,0.00321187630624813
"CR-Ab","Model A","Precipitation",2676.72798434442,1.02605344430147e-05,0.00300420415942946
"CR-Ab","Model A","Precipitation",2683.24070450098,9.57974274087138e-06,0.00280487367867889
"CR-Ab","Model A","Precipitation",2689.75342465753,8.94203329873178e-06,0.00261815734638418
"CR-Ab","Model A","Precipitation",2696.26614481409,8.33966712640992e-06,0.00244178924680425
"CR-Ab","Model A","Precipitation",2702.77886497065,7.77330815299483e-06,0.00227596377317873
"CR-Ab","Model A","Precipitation",2709.2915851272,7.24428408468182e-06,0.00212106966748756
"CR-Ab","Model A","Precipitation",2715.80430528376,6.75893072023133e-06,0.00197896200200743
"CR-Ab","Model A","Precipitation",2722.31702544031,6.32405488307262e-06,0.00185163376135063
"CR-Ab","Model A","Precipitation",2728.82974559687,5.93023083540438e-06,0.00173632516327914
"CR-Ab","Model A","Precipitation",2735.34246575342,5.57788243138944e-06,0.00163316030897366
"CR-Ab","Model A","Precipitation",2741.85518590998,5.2673428356681e-06,0.00154223674643265
"CR-Ab","Model A","Precipitation",2748.36790606654,5.01054346900308e-06,0.00146704790224928
"CR-Ab","Model A","Precipitation",2754.88062622309,4.80003167864671e-06,0.00140541169804277
"CR-Ab","Model A","Precipitation",2761.39334637965,4.63110194227764e-06,0.00135595039371503
"CR-Ab","Model A","Precipitation",2767.9060665362,4.50338670292789e-06,0.00131855637146327
"CR-Ab","Model A","Precipitation",2774.41878669276,4.41831321649973e-06,0.00129364752064228
"CR-Ab","Model A","Precipitation",2780.93150684931,4.38636088768973e-06,0.00128429212890829
"CR-Ab","Model A","Precipitation",2787.44422700587,4.39294997498281e-06,0.00128622136208447
"CR-Ab","Model A","Precipitation",2793.95694716243,4.43717835888378e-06,0.00129917108664492
"CR-Ab","Model A","Precipitation",2800.46966731898,4.51809242011419e-06,0.00132286209033043
"CR-Ab","Model A","Precipitation",2806.98238747554,4.64131796086612e-06,0.00135894156398074
"CR-Ab","Model A","Precipitation",2813.49510763209,4.80412212798579e-06,0.00140660934958682
"CR-Ab","Model A","Precipitation",2820.00782778865,4.99863209488676e-06,0.00146356034515725
"CR-Ab","Model A","Precipitation",2826.52054794521,5.22347428211295e-06,0.00152939237738048
"CR-Ab","Model A","Precipitation",2833.03326810176,5.47723253406628e-06,0.0016036908069839
"CR-Ab","Model A","Precipitation",2839.54598825832,5.76682446689481e-06,0.00168848105782049
"CR-Ab","Model A","Precipitation",2846.05870841487,6.08113556176615e-06,0.00178050888578711
"CR-Ab","Model A","Precipitation",2852.57142857143,6.41757050366475e-06,0.00187901440296485
"CR-Ab","Model A","Precipitation",2859.08414872798,6.77439830551991e-06,0.00198349078989059
"CR-Ab","Model A","Precipitation",2865.59686888454,7.15166760726898e-06,0.00209395228795722
"CR-Ab","Model A","Precipitation",2872.1095890411,7.54832582538408e-06,0.002210090708948
"CR-Ab","Model A","Precipitation",2878.62230919765,7.95764220795898e-06,0.00232993534139707
"CR-Ab","Model A","Precipitation",2885.13502935421,8.37775177246283e-06,0.00245294013301958
"CR-Ab","Model A","Precipitation",2891.64774951076,8.806791613865e-06,0.00257855963980646
"CR-Ab","Model A","Precipitation",2898.16046966732,9.24379914700443e-06,0.00270651202435825
"CR-Ab","Model A","Precipitation",2904.67318982387,9.68454754591606e-06,0.00283555970512245
"CR-Ab","Model A","Precipitation",2911.18590998043,1.01266221012253e-05,0.00296499567409793
"CR-Ab","Model A","Precipitation",2917.69863013699,1.05683731117678e-05,0.00309433691169861
"CR-Ab","Model A","Precipitation",2924.21135029354,1.10080273918572e-05,0.00322306424303706
"CR-Ab","Model A","Precipitation",2930.7240704501,1.14417900230103e-05,0.00335006654569027
"CR-Ab","Model A","Precipitation",2937.23679060665,1.18691878164898e-05,0.00347520527370031
"CR-Ab","Model A","Precipitation",2943.74951076321,1.22891409921912e-05,0.00359816427590574
"CR-Ab","Model A","Precipitation",2950.26223091976,1.27006545175145e-05,0.00371865221455103
"CR-Ab","Model A","Precipitation",2956.77495107632,1.31008257520154e-05,0.00383581921923762
"CR-Ab","Model A","Precipitation",2963.28767123288,1.34884557806454e-05,0.00394931425702515
"CR-Ab","Model A","Precipitation",2969.80039138943,1.3865141438382e-05,0.00405960486869401
"CR-Ab","Model A","Precipitation",2976.31311154599,1.42307219089996e-05,0.00416664396851237
"CR-Ab","Model A","Precipitation",2982.82583170254,1.45851325159043e-05,0.00427041261967984
"CR-Ab","Model A","Precipitation",2989.3385518591,1.49249114409415e-05,0.00436989722894191
"CR-Ab","Model A","Precipitation",2995.85127201566,1.5253991071757e-05,0.00446624916861622
"CR-Ab","Model A","Precipitation",3002.36399217221,1.55734607723903e-05,0.00455978739596534
"CR-Ab","Model A","Precipitation",3008.87671232877,1.58840065272761e-05,0.00465071276186146
"CR-Ab","Model A","Precipitation",3015.38943248532,1.61856774022672e-05,0.00473903963240221
"CR-Ab","Model A","Precipitation",3021.90215264188,1.64790397062015e-05,0.00482493381838191
"CR-Ab","Model A","Precipitation",3028.41487279843,1.67673339134616e-05,0.00490934410533142
"CR-Ab","Model A","Precipitation",3034.92759295499,1.70515892863086e-05,0.00499257185318312
"CR-Ab","Model A","Precipitation",3041.44031311155,1.73328367491366e-05,0.00507491890852897
"CR-Ab","Model A","Precipitation",3047.9530332681,1.76121110107555e-05,0.00515668822600818
"CR-Ab","Model A","Precipitation",3054.46575342466,1.78913343856339e-05,0.00523844264424813
"CR-Ab","Model A","Precipitation",3060.97847358121,1.81714777428978e-05,0.00532046642612838
"CR-Ab","Model A","Precipitation",3067.49119373777,1.84532396998382e-05,0.00540296412132257
"CR-Ab","Model A","Precipitation",3074.00391389432,1.87373345866351e-05,0.0054861448801152
"CR-Ab","Model A","Precipitation",3080.51663405088,1.90253665715474e-05,0.00557047839041412
"CR-Ab","Model A","Precipitation",3087.02935420744,1.93164997474565e-05,0.00565571990515892
"CR-Ab","Model A","Precipitation",3093.54207436399,1.96105757775705e-05,0.00574182306457657
"CR-Ab","Model A","Precipitation",3100.05479452055,1.99073182696575e-05,0.00582870694318526
"CR-Ab","Model A","Precipitation",3106.5675146771,2.02064639011436e-05,0.00591629444219683
"CR-Ab","Model A","Precipitation",3113.08023483366,2.05064765599661e-05,0.00600413580002488
"CR-Ab","Model A","Precipitation",3119.59295499022,2.08057063198569e-05,0.00609174793117474
"CR-Ab","Model A","Precipitation",3126.10567514677,2.11028093179637e-05,0.00617873736312378
"CR-Ab","Model A","Precipitation",3132.61839530333,2.13963299193992e-05,0.00626467789737257
"CR-Ab","Model A","Precipitation",3139.13111545988,2.16815796260302e-05,0.00634819677837202
"CR-Ab","Model A","Precipitation",3145.64383561644,2.19569762576498e-05,0.00642883075614379
"CR-Ab","Model A","Precipitation",3152.15655577299,2.22206930431712e-05,0.0065060449664147
"CR-Ab","Model A","Precipitation",3158.66927592955,2.24705345015244e-05,0.00657919658951494
"CR-Ab","Model A","Precipitation",3165.18199608611,2.27022198451478e-05,0.00664703224435905
"CR-Ab","Model A","Precipitation",3171.69471624266,2.29078256541159e-05,0.00670723201562196
"CR-Ab","Model A","Precipitation",3178.20743639922,2.30896933308327e-05,0.00676048144759773
"CR-Ab","Model A","Precipitation",3184.72015655577,2.3245525553472e-05,0.00680610790244042
"CR-Ab","Model A","Precipitation",3191.23287671233,2.33730617120069e-05,0.00684344949123154
"CR-Ab","Model A","Precipitation",3197.74559686888,2.34613779663011e-05,0.00686930779909743
"CR-Ab","Model A","Precipitation",3204.25831702544,2.35105765142729e-05,0.00688371274878848
"CR-Ab","Model A","Precipitation",3210.771037182,2.35231379629861e-05,0.00688739064263329
"CR-Ab","Model A","Precipitation",3217.28375733855,2.34975152092484e-05,0.00687988850092886
"CR-Ab","Model A","Precipitation",3223.79647749511,2.34314760743088e-05,0.00686055275921165
"CR-Ab","Model A","Precipitation",3230.30919765166,2.33089279897448e-05,0.00682467163942963
"CR-Ab","Model A","Precipitation",3236.82191780822,2.31438505991783e-05,0.00677633827179446
"CR-Ab","Model A","Precipitation",3243.33463796477,2.29359282725018e-05,0.00671546024228157
"CR-Ab","Model A","Precipitation",3249.84735812133,2.26850007573294e-05,0.00664199063024695
"CR-Ab","Model A","Precipitation",3256.36007827789,2.23838808421427e-05,0.0065538250764237
"CR-Ab","Model A","Precipitation",3262.87279843444,2.20318017369155e-05,0.00645073907069504
"CR-Ab","Model A","Precipitation",3269.385518591,2.16389607994288e-05,0.00633571831958832
"CR-Ab","Model A","Precipitation",3275.89823874755,2.12065654571093e-05,0.00620911634840168
"CR-Ab","Model A","Precipitation",3282.41095890411,2.07359651307982e-05,0.00607132825699332
"CR-Ab","Model A","Precipitation",3288.92367906067,2.02181958264749e-05,0.00591972945808945
"CR-Ab","Model A","Precipitation",3295.43639921722,1.96660017231848e-05,0.00575805134754561
"CR-Ab","Model A","Precipitation",3301.94911937378,1.90838509458693e-05,0.00558760215736556
"CR-Ab","Model A","Precipitation",3308.46183953033,1.8474106354195e-05,0.00540907371436184
"CR-Ab","Model A","Precipitation",3314.97455968689,1.78373710569596e-05,0.00522264260406891
"CR-Ab","Model A","Precipitation",3321.48727984344,1.71741763514026e-05,0.00502846438615916
"CR-Ab","Model A","Precipitation",3328,1.64945933777795e-05,0.00482948781165666
"CR-Ec","Model A","Temperature",-6.47438433850488,6.20580831887811e-06,2.56476253840173e-05
"CR-Ec","Model A","Temperature",-6.39894643502737,7.47695463878102e-06,3.09010723075981e-05
"CR-Ec","Model A","Temperature",-6.32350853154985,8.95827375192763e-06,3.70231301824112e-05
"CR-Ec","Model A","Temperature",-6.24807062807234,1.0674665257958e-05,4.41167051201134e-05
"CR-Ec","Model A","Temperature",-6.17263272459482,1.26677899262536e-05,5.23539744989605e-05
"CR-Ec","Model A","Temperature",-6.09719482111731,1.50603055852776e-05,6.22418637464222e-05
"CR-Ec","Model A","Temperature",-6.02175691763979,1.78101913232815e-05,7.36067070727345e-05
"CR-Ec","Model A","Temperature",-5.94631901416228,2.09539378140384e-05,8.659931466778e-05
"CR-Ec","Model A","Temperature",-5.87088111068477,2.45296150261784e-05,0.000101377023697586
"CR-Ec","Model A","Temperature",-5.79544320720725,2.86157093618223e-05,0.000118264206062783
"CR-Ec","Model A","Temperature",-5.72000530372974,3.33890614120658e-05,0.000137991715988969
"CR-Ec","Model A","Temperature",-5.64456740025222,3.87682379269781e-05,0.000160223002719062
"CR-Ec","Model A","Temperature",-5.56912949677471,4.48008008951228e-05,0.000185154632437919
"CR-Ec","Model A","Temperature",-5.4936915932972,5.15350913238427e-05,0.000212986390891942
"CR-Ec","Model A","Temperature",-5.41825368981968,5.90987337189049e-05,0.000244245730001258
"CR-Ec","Model A","Temperature",-5.34281578634217,6.77017327466405e-05,0.000279800565875131
"CR-Ec","Model A","Temperature",-5.26737788286465,7.72064644296381e-05,0.000319082120356851
"CR-Ec","Model A","Temperature",-5.19193997938714,8.76611405335477e-05,0.000362289645057322
"CR-Ec","Model A","Temperature",-5.11650207590962,9.91127993797866e-05,0.000409617541927814
"CR-Ec","Model A","Temperature",-5.04106417243211,0.000111736989482635,0.000461791325244572
"CR-Ec","Model A","Temperature",-4.9656262689546,0.000125722930654157,0.000519593010597776
"CR-Ec","Model A","Temperature",-4.89018836547708,0.000140868391312769,0.000582186806809431
"CR-Ec","Model A","Temperature",-4.81475046199957,0.000157202620635787,0.00064969359610858
"CR-Ec","Model A","Temperature",-4.73931255852205,0.000174750876083656,0.000722217763589045
"CR-Ec","Model A","Temperature",-4.66387465504454,0.00019370823099252,0.000800565516531291
"CR-Ec","Model A","Temperature",-4.58843675156702,0.000214168496597552,0.000885124561949926
"CR-Ec","Model A","Temperature",-4.51299884808951,0.000235875340219767,0.000974835517378316
"CR-Ec","Model A","Temperature",-4.437560944612,0.000258815473168686,0.00106964346275807
"CR-Ec","Model A","Temperature",-4.36212304113448,0.000282969023874696,0.00116946627203131
"CR-Ec","Model A","Temperature",-4.28668513765697,0.000308488260789416,0.00127493324665308
"CR-Ec","Model A","Temperature",-4.21124723417945,0.000335313913275083,0.00138579943044115
"CR-Ec","Model A","Temperature",-4.13580933070194,0.00036317050933843,0.00150092634116658
"CR-Ec","Model A","Temperature",-4.06037142722442,0.000391986112539688,0.00162001667688838
"CR-Ec","Model A","Temperature",-3.98493352374691,0.000421681429063728,0.00174274272879552
"CR-Ec","Model A","Temperature",-3.9094956202694,0.000452280737070628,0.00186920483468811
"CR-Ec","Model A","Temperature",-3.83405771679188,0.000483579180108825,0.00199855635521523
"CR-Ec","Model A","Temperature",-3.75861981331437,0.000515335647360813,0.00212980081745896
"CR-Ec","Model A","Temperature",-3.68318190983685,0.000547423849519501,0.00226241628766436
"CR-Ec","Model A","Temperature",-3.60774400635934,0.000579712459281045,0.00239586001083184
"CR-Ec","Model A","Temperature",-3.53230610288183,0.000612023266781268,0.00252939547374647
"CR-Ec","Model A","Temperature",-3.45686819940431,0.000644105020629338,0.0026619842941028
"CR-Ec","Model A","Temperature",-3.3814302959268,0.000675805741441609,0.00279299836511803
"CR-Ec","Model A","Temperature",-3.30599239244928,0.000706976526055405,0.00292182229354466
"CR-Ec","Model A","Temperature",-3.23055448897177,0.000737469009022262,0.00304784290842305
"CR-Ec","Model A","Temperature",-3.15511658549425,0.000766887392232941,0.00316942443869619
"CR-Ec","Model A","Temperature",-3.07967868201674,0.000795100657315173,0.00328602540612985
"CR-Ec","Model A","Temperature",-3.00424077853923,0.000822082379996576,0.00339753660338082
"CR-Ec","Model A","Temperature",-2.92880287506171,0.000847716440739536,0.00350347812674476
"CR-Ec","Model A","Temperature",-2.8533649715842,0.000871894938878372,0.00360340403981665
"CR-Ec","Model A","Temperature",-2.77792706810668,0.000894096006978461,0.00369515754693417
"CR-Ec","Model A","Temperature",-2.70248916462917,0.000914465216310948,0.00377934027116351
"CR-Ec","Model A","Temperature",-2.62705126115166,0.000933110605221618,0.00385639871791982
"CR-Ec","Model A","Temperature",-2.55161335767414,0.00095001462490739,0.00392626036077235
"CR-Ec","Model A","Temperature",-2.47617545419663,0.000965175820693928,0.00398891918778188
"CR-Ec","Model A","Temperature",-2.40073755071911,0.000978173675526421,0.00404263726839445
"CR-Ec","Model A","Temperature",-2.3252996472416,0.000989473402067468,0.00408933725304995
"CR-Ec","Model A","Temperature",-2.24986174376408,0.000999307860452854,0.00412998151590219
"CR-Ec","Model A","Temperature",-2.17442384028657,0.00100781808720524,0.00416515293861826
"CR-Ec","Model A","Temperature",-2.09898593680906,0.00101516752424812,0.00419552700084733
"CR-Ec","Model A","Temperature",-2.02354803333154,0.00102140462258558,0.00422130394293494
"CR-Ec","Model A","Temperature",-1.94811012985403,0.00102715633367141,0.00424507485619335
"CR-Ec","Model A","Temperature",-1.87267222637651,0.00103277713704986,0.00426830474857805
"CR-Ec","Model A","Temperature",-1.797234322899,0.00103860932966512,0.0042924082792831
"CR-Ec","Model A","Temperature",-1.72179641942148,0.00104502149475446,0.00431890874459905
"CR-Ec","Model A","Temperature",-1.64635851594397,0.00105302383334836,0.00435198114579263
"CR-Ec","Model A","Temperature",-1.57092061246646,0.0010630022484885,0.0043932203591699
"CR-Ec","Model A","Temperature",-1.49548270898894,0.00107546776301834,0.00444473836141108
"CR-Ec","Model A","Temperature",-1.42004480551143,0.00109098641850305,0.0045088745128814
"CR-Ec","Model A","Temperature",-1.34460690203391,0.00111015215659602,0.00458808348060304
"CR-Ec","Model A","Temperature",-1.2691689985564,0.00113553367726729,0.00469298129574717
"CR-Ec","Model A","Temperature",-1.19373109507888,0.00116662837128819,0.00482149075377419
"CR-Ec","Model A","Temperature",-1.11829319160137,0.00120420354007304,0.00497678299021071
"CR-Ec","Model A","Temperature",-1.04285528812386,0.00124905421330129,0.00516214373712258
"CR-Ec","Model A","Temperature",-0.967417384646343,0.00130221472259683,0.00538184772370692
"CR-Ec","Model A","Temperature",-0.891979481168828,0.00136785207577399,0.0056531165349535
"CR-Ec","Model A","Temperature",-0.816541577691314,0.00144433863252722,0.00596922339061525
"CR-Ec","Model A","Temperature",-0.7411036742138,0.0015326586780233,0.00633423618578844
"CR-Ec","Model A","Temperature",-0.665665770736286,0.00163381985466891,0.00675231934735185
"CR-Ec","Model A","Temperature",-0.590227867258771,0.00174955133741203,0.00723061928218922
"CR-Ec","Model A","Temperature",-0.514789963781257,0.00188547478405763,0.00779236941389501
"CR-Ec","Model A","Temperature",-0.439352060303743,0.00203859323328285,0.00842518377478397
"CR-Ec","Model A","Temperature",-0.363914156826229,0.00221004786615227,0.00913377868591135
"CR-Ec","Model A","Temperature",-0.288476253348715,0.00240098933835727,0.0099229096254683
"CR-Ec","Model A","Temperature",-0.213038349871201,0.00261409328991198,0.0108036345909337
"CR-Ec","Model A","Temperature",-0.137600446393686,0.00285589842882968,0.0118029770295369
"CR-Ec","Model A","Temperature",-0.0621625429161723,0.00312187390642227,0.0129022116594365
"CR-Ec","Model A","Temperature",0.0132753605613418,0.0034131477155046,0.0141060002967352
"CR-Ec","Model A","Temperature",0.0887132640388568,0.00373082465307563,0.0154189088928932
"CR-Ec","Model A","Temperature",0.164151167516371,0.00407859871845536,0.0168562041635193
"CR-Ec","Model A","Temperature",0.239589070993885,0.00446281693277283,0.0184441173442332
"CR-Ec","Model A","Temperature",0.315026974471399,0.00487738666936915,0.0201574685715711
"CR-Ec","Model A","Temperature",0.390464877948913,0.00532307301726297,0.0219994198375776
"CR-Ec","Model A","Temperature",0.465902781426427,0.00580056162276525,0.0239728048101372
"CR-Ec","Model A","Temperature",0.541340684903941,0.00631416059040029,0.0260954282046514
"CR-Ec","Model A","Temperature",0.616778588381456,0.00686833228683607,0.0283857322775912
"CR-Ec","Model A","Temperature",0.69221649185897,0.00745567730954808,0.0308131364672856
"CR-Ec","Model A","Temperature",0.767654395336484,0.00807607369335,0.0333771367108875
"CR-Ec","Model A","Temperature",0.843092298813999,0.00872925113354616,0.0360766158817929
"CR-Ec","Model A","Temperature",0.918530202291513,0.00941894927439067,0.0389270293389122
"CR-Ec","Model A","Temperature",0.993968105769027,0.0101459403186503,0.0419315684742874
"CR-Ec","Model A","Temperature",1.06940600924654,0.0109022430323496,0.0450572481087788
"CR-Ec","Model A","Temperature",1.14484391272406,0.0116863175745809,0.0482977043231804
"CR-Ec","Model A","Temperature",1.22028181620157,0.0124964267640847,0.0516457576217875
"CR-Ec","Model A","Temperature",1.29571971967908,0.0133337397126334,0.0551062397588586
"CR-Ec","Model A","Temperature",1.3711576231566,0.0141944825294711,0.0586635538401009
"CR-Ec","Model A","Temperature",1.44659552663411,0.0150713490860332,0.0622875047903849
"CR-Ec","Model A","Temperature",1.52203343011163,0.015961171825303,0.065965001596973
"CR-Ec","Model A","Temperature",1.59747133358914,0.0168606000507658,0.0696821963605153
"CR-Ec","Model A","Temperature",1.67290923706665,0.0177659171025041,0.0734237287127336
"CR-Ec","Model A","Temperature",1.74834714054417,0.0186700790149089,0.0771604870565761
"CR-Ec","Model A","Temperature",1.82378504402168,0.0195680010777923,0.0808714570881224
"CR-Ec","Model A","Temperature",1.8992229474992,0.020455325277389,0.0845386278249625
"CR-Ec","Model A","Temperature",1.97466085097671,0.02132761398781,0.0881436592603567
"CR-Ec","Model A","Temperature",2.05009875445423,0.0221747186981701,0.0916446092020848
"CR-Ec","Model A","Temperature",2.12553665793174,0.0229900621319512,0.0950142948053802
"CR-Ec","Model A","Temperature",2.20097456140925,0.0237720642310581,0.0982461859397547
"CR-Ec","Model A","Temperature",2.27641246488677,0.0245163286425687,0.10132211317312
"CR-Ec","Model A","Temperature",2.35185036836428,0.0252185536060558,0.104224298009225
"CR-Ec","Model A","Temperature",2.4272882718418,0.025862608156312,0.106886073717249
"CR-Ec","Model A","Temperature",2.50272617531931,0.0264472865338492,0.109302457083714
"CR-Ec","Model A","Temperature",2.57816407879683,0.0269749367506006,0.111483152071
"CR-Ec","Model A","Temperature",2.65360198227434,0.0274426428858112,0.113416107639285
"CR-Ec","Model A","Temperature",2.72903988575185,0.0278477625010911,0.115090403008159
"CR-Ec","Model A","Temperature",2.80447778922937,0.0281712475359362,0.116427315552784
"CR-Ec","Model A","Temperature",2.87991569270688,0.0284207169279549,0.117458333138649
"CR-Ec","Model A","Temperature",2.9553535961844,0.0286017614568983,0.118206561575232
"CR-Ec","Model A","Temperature",3.03079149966191,0.0287141814636128,0.118671175702792
"CR-Ec","Model A","Temperature",3.10622940313942,0.0287581527401038,0.118852902041917
"CR-Ec","Model A","Temperature",3.18166730661694,0.0287168339425292,0.118682137979113
"CR-Ec","Model A","Temperature",3.25710521009445,0.0286061971748175,0.118224893696634
"CR-Ec","Model A","Temperature",3.33254311357197,0.0284335913280869,0.117511541000488
"CR-Ec","Model A","Temperature",3.40798101704948,0.0282018913592393,0.116553961633363
"CR-Ec","Model A","Temperature",3.483418920527,0.0279143226429446,0.115365485559222
"CR-Ec","Model A","Temperature",3.55885682400451,0.0275617818602167,0.113908490198846
"CR-Ec","Model A","Temperature",3.63429472748202,0.0271635600433926,0.112262702341271
"CR-Ec","Model A","Temperature",3.70973263095954,0.0267271791874008,0.110459209203207
"CR-Ec","Model A","Temperature",3.78517053443705,0.0262578839944724,0.108519686310414
"CR-Ec","Model A","Temperature",3.86060843791457,0.0257611278438818,0.106466671617905
"CR-Ec","Model A","Temperature",3.93604634139208,0.0252395034018866,0.10431088020573
"CR-Ec","Model A","Temperature",4.0114842448696,0.0247078176777758,0.10211350710406
"CR-Ec","Model A","Temperature",4.08692214834711,0.0241727358217527,0.0999020983257195
"CR-Ec","Model A","Temperature",4.16236005182462,0.0236404213468262,0.0977021266962587
"CR-Ec","Model A","Temperature",4.23779795530214,0.0231170495617685,0.095539113791253
"CR-Ec","Model A","Temperature",4.31323585877965,0.0226179361504846,0.0934763569126997
"CR-Ec","Model A","Temperature",4.38867376225717,0.0221460876223939,0.091526281489059
"CR-Ec","Model A","Temperature",4.46411166573468,0.0217070822942744,0.0897119418223073
"CR-Ec","Model A","Temperature",4.53954956921219,0.0213064137659648,0.0880560420926961
"CR-Ec","Model A","Temperature",4.61498747268971,0.0209503291555596,0.0865844006523853
"CR-Ec","Model A","Temperature",4.69042537616722,0.0206620291006053,0.085392902071102
"CR-Ec","Model A","Temperature",4.76586327964474,0.0204315718798032,0.0844404587853187
"CR-Ec","Model A","Temperature",4.84130118312225,0.0202628856298311,0.0837433051633547
"CR-Ec","Model A","Temperature",4.91673908659977,0.0201596328973836,0.0833165779320875
"CR-Ec","Model A","Temperature",4.99217699007728,0.0201281647220431,0.0831865249347696
"CR-Ec","Model A","Temperature",5.06761489355479,0.020191934492845,0.0834500753231012
"CR-Ec","Model A","Temperature",5.14305279703231,0.0203321518538776,0.0840295715246129
"CR-Ec","Model A","Temperature",5.21849070050982,0.0205504814952391,0.0849318934404918
"CR-Ec","Model A","Temperature",5.29392860398734,0.0208483144299392,0.0861627899077535
"CR-Ec","Model A","Temperature",5.36936650746485,0.0212318788321227,0.0877480009862075
"CR-Ec","Model A","Temperature",5.44480441094237,0.0217195567625138,0.0897634968288156
"CR-Ec","Model A","Temperature",5.52024231441988,0.0222887176908873,0.0921157490293451
"CR-Ec","Model A","Temperature",5.59568021789739,0.0229389514558387,0.0948030624555074
"CR-Ec","Model A","Temperature",5.67111812137491,0.0236696390578875,0.0978228788802408
"CR-Ec","Model A","Temperature",5.74655602485242,0.024486557299522,0.101199072915605
"CR-Ec","Model A","Temperature",5.82199392832994,0.025400867049449,0.104977770668765
"CR-Ec","Model A","Temperature",5.89743183180745,0.0263905601178467,0.109068015768054
"CR-Ec","Model A","Temperature",5.97286973528496,0.0274538341194634,0.113462359239971
"CR-Ec","Model A","Temperature",6.04830763876248,0.0285887777016716,0.118152901766063
"CR-Ec","Model A","Temperature",6.12374554223999,0.0298004642839395,0.123160610987489
"CR-Ec","Model A","Temperature",6.19918344571751,0.0310934693789975,0.128504396775521
"CR-Ec","Model A","Temperature",6.27462134919502,0.0324492808365119,0.134107751337393
"CR-Ec","Model A","Temperature",6.35005925267254,0.0338655296824503,0.13996088407768
"CR-Ec","Model A","Temperature",6.42549715615005,0.0353398284552648,0.146053927994979
"CR-Ec","Model A","Temperature",6.50093505962756,0.0368764719431873,0.152404632770558
"CR-Ec","Model A","Temperature",6.57637296310508,0.0384755126318014,0.159013215319042
"CR-Ec","Model A","Temperature",6.65181086658259,0.0401229664805977,0.165821881810215
"CR-Ec","Model A","Temperature",6.72724877006011,0.0418165074634548,0.172821019145583
"CR-Ec","Model A","Temperature",6.80268667353762,0.0435538354261686,0.180001121151202
"CR-Ec","Model A","Temperature",6.87812457701514,0.0453384194026962,0.187376524796375
"CR-Ec","Model A","Temperature",6.95356248049265,0.0471677609410773,0.194936904373858
"CR-Ec","Model A","Temperature",7.02900038397016,0.0490319957146145,0.202641492179783
"CR-Ec","Model A","Temperature",7.10443828744768,0.0509289943079772,0.210481487676997
"CR-Ec","Model A","Temperature",7.17987619092519,0.0528566373717732,0.218448131929277
"CR-Ec","Model A","Temperature",7.25531409440271,0.0548171444315542,0.226550597885085
"CR-Ec","Model A","Temperature",7.33075199788022,0.0568064989953749,0.234772286017741
"CR-Ec","Model A","Temperature",7.40618990135773,0.0588178676101826,0.243084954745332
"CR-Ec","Model A","Temperature",7.48162780483525,0.0608490092878769,0.25147934241807
"CR-Ec","Model A","Temperature",7.55706570831276,0.0628976348244476,0.259945988117432
"CR-Ec","Model A","Temperature",7.63250361179028,0.0649634875692014,0.268483831146649
"CR-Ec","Model A","Temperature",7.70794151526779,0.0670413955087038,0.277071496391274
"CR-Ec","Model A","Temperature",7.78337941874531,0.0691265340249549,0.28568904446731
"CR-Ec","Model A","Temperature",7.85881732222282,0.0712160359740008,0.294324625921748
"CR-Ec","Model A","Temperature",7.93425522570033,0.073306928763762,0.302965955501137
"CR-Ec","Model A","Temperature",8.00969312917785,0.0753943772902563,0.311593050484571
"CR-Ec","Model A","Temperature",8.08513103265536,0.0774728698567257,0.32018313190009
"CR-Ec","Model A","Temperature",8.16056893613288,0.0795390509354587,0.328722331881773
"CR-Ec","Model A","Temperature",8.23600683961039,0.0815891073020251,0.337194890975464
"CR-Ec","Model A","Temperature",8.31144474308791,0.0836191112847441,0.345584576734603
"CR-Ec","Model A","Temperature",8.38688264656542,0.0856172100367854,0.353842403215762
"CR-Ec","Model A","Temperature",8.46232055004293,0.0875798878285146,0.361953840463779
"CR-Ec","Model A","Temperature",8.53775845352045,0.0895051689461143,0.369910723165571
"CR-Ec","Model A","Temperature",8.61319635699796,0.0913884917323107,0.377694198712279
"CR-Ec","Model A","Temperature",8.68863426047548,0.0932252423931666,0.385285199022453
"CR-Ec","Model A","Temperature",8.76407216395299,0.0949948170782747,0.392598571637367
"CR-Ec","Model A","Temperature",8.8395100674305,0.096699573364716,0.399644060050648
"CR-Ec","Model A","Temperature",8.91494797090802,0.0983389394119493,0.406419300935677
"CR-Ec","Model A","Temperature",8.99038587438553,0.0999083592322228,0.412905465114835
"CR-Ec","Model A","Temperature",9.06582377786305,0.101403340872416,0.419083988055518
"CR-Ec","Model A","Temperature",9.14126168134056,0.102794543798102,0.424833609964172
"CR-Ec","Model A","Temperature",9.21669958481808,0.104094272065431,0.430205181561071
"CR-Ec","Model A","Temperature",9.29213748829559,0.105303144723914,0.435201261280037
"CR-Ec","Model A","Temperature",9.3675753917731,0.106417626002071,0.439807236336134
"CR-Ec","Model A","Temperature",9.44301329525062,0.107434363238862,0.444009250710936
"CR-Ec","Model A","Temperature",9.51845119872813,0.108317440197667,0.447658868272568
"CR-Ec","Model A","Temperature",9.59388910220565,0.109091348464098,0.450857308875162
"CR-Ec","Model A","Temperature",9.66932700568316,0.109757329203566,0.453609702059286
"CR-Ec","Model A","Temperature",9.74476490916068,0.110313668580338,0.455908964812601
"CR-Ec","Model A","Temperature",9.82020281263819,0.110758902263716,0.457749045287676
"CR-Ec","Model A","Temperature",9.8956407161157,0.111054268074554,0.458969745521773
"CR-Ec","Model A","Temperature",9.97107861959322,0.11123544940643,0.459718539343266
"CR-Ec","Model A","Temperature",10.0465165230707,0.111303552821809,0.46
"CR-Ec","Model A","Temperature",10.1219544265482,0.111258910838306,0.459815501734753
"CR-Ec","Model A","Temperature",10.1973923300258,0.111100606514637,0.459161254974056
"CR-Ec","Model A","Temperature",10.2728302335033,0.110795524756528,0.45790040026482
"CR-Ec","Model A","Temperature",10.3482681369808,0.110382054021593,0.456191591037729
"CR-Ec","Model A","Temperature",10.4237060404583,0.109862032026701,0.454042422286277
"CR-Ec","Model A","Temperature",10.4991439439358,0.109237461180123,0.451461169647505
"CR-Ec","Model A","Temperature",10.5745818474133,0.108506977772143,0.448442197124601
"CR-Ec","Model A","Temperature",10.6500197508908,0.107647978849132,0.444892090281042
"CR-Ec","Model A","Temperature",10.7254576543684,0.106694491186835,0.440951476405412
"CR-Ec","Model A","Temperature",10.8008955578459,0.105649446757228,0.436632472874689
"CR-Ec","Model A","Temperature",10.8763334613234,0.104515864766366,0.431947557590524
"CR-Ec","Model A","Temperature",10.9517713648009,0.103292178359624,0.426890254990291
"CR-Ec","Model A","Temperature",11.0272092682784,0.101965652749039,0.421407934207177
"CR-Ec","Model A","Temperature",11.1026471717559,0.100563785531164,0.415614238463656
"CR-Ec","Model A","Temperature",11.1780850752334,0.0990900648844276,0.409523583850106
"CR-Ec","Model A","Temperature",11.253522978711,0.0975480267156174,0.403150583710674
"CR-Ec","Model A","Temperature",11.3289608821885,0.0959365173473862,0.396490470079143
"CR-Ec","Model A","Temperature",11.404398785666,0.0942510546489421,0.38952471901704
"CR-Ec","Model A","Temperature",11.4798366891435,0.0925121767637754,0.382338211426782
"CR-Ec","Model A","Temperature",11.555274592621,0.0907237516278642,0.374946932876705
"CR-Ec","Model A","Temperature",11.6307124960985,0.088889697182883,0.367367075600792
"CR-Ec","Model A","Temperature",11.706150399576,0.0870103915064358,0.359600202134052
"CR-Ec","Model A","Temperature",11.7815883030536,0.0850880090868037,0.351655299293021
"CR-Ec","Model A","Temperature",11.8570262065311,0.0831365570510143,0.343590256320851
"CR-Ec","Model A","Temperature",11.9324641100086,0.0811603518023922,0.335422912230573
"CR-Ec","Model A","Temperature",12.0079020134861,0.0791637667731329,0.327171341726533
"CR-Ec","Model A","Temperature",12.0833399169636,0.0771502090231579,0.318849625649137
"CR-Ec","Model A","Temperature",12.1587778204411,0.0751267333809235,0.310486920489869
"CR-Ec","Model A","Temperature",12.2342157239186,0.0731012674808072,0.302115989909197
"CR-Ec","Model A","Temperature",12.3096536273962,0.0710785173566824,0.293756283201658
"CR-Ec","Model A","Temperature",12.3850915308737,0.0690632116587273,0.285427343131403
"CR-Ec","Model A","Temperature",12.4605294343512,0.0670631326410942,0.277161332525396
"CR-Ec","Model A","Temperature",12.5359673378287,0.0650874615792977,0.268996196144877
"CR-Ec","Model A","Temperature",12.6114052413062,0.063138313397139,0.260940674635798
"CR-Ec","Model A","Temperature",12.6868431447837,0.061220290741736,0.253013790011568
"CR-Ec","Model A","Temperature",12.7622810482612,0.0593379269440855,0.245234277813018
"CR-Ec","Model A","Temperature",12.8377189517388,0.0575037885358382,0.237654073530191
"CR-Ec","Model A","Temperature",12.9131568552163,0.0557252817930963,0.230303786132168
"CR-Ec","Model A","Temperature",12.9885947586938,0.0539991798779726,0.22317007960774
"CR-Ec","Model A","Temperature",13.0640326621713,0.0523290853893737,0.216267842929048
"CR-Ec","Model A","Temperature",13.1394705656488,0.0507184118799973,0.209611183770114
"CR-Ec","Model A","Temperature",13.2149084691263,0.049183373305127,0.203267111846635
"CR-Ec","Model A","Temperature",13.2903463726038,0.0477256631875061,0.197242626220564
"CR-Ec","Model A","Temperature",13.3657842760814,0.0463378569434984,0.191507042260674
"CR-Ec","Model A","Temperature",13.4412221795589,0.0450216299167955,0.18606728389777
"CR-Ec","Model A","Temperature",13.5166600830364,0.0437783774605022,0.180929117905796
"CR-Ec","Model A","Temperature",13.5920979865139,0.0426252766955988,0.176163534612109
"CR-Ec","Model A","Temperature",13.6675358899914,0.0415561781180551,0.171745119088057
"CR-Ec","Model A","Temperature",13.7429737934689,0.0405613210168571,0.167633531857021
"CR-Ec","Model A","Temperature",13.8184116969464,0.0396399618896685,0.163825700141305
"CR-Ec","Model A","Temperature",13.893849600424,0.0387910617752344,0.160317330078178
"CR-Ec","Model A","Temperature",13.9692875039015,0.0380292406119681,0.157168843563435
"CR-Ec","Model A","Temperature",14.044725407379,0.0373414925865511,0.154326489625297
"CR-Ec","Model A","Temperature",14.1201633108565,0.0367178325758565,0.151749001327337
"CR-Ec","Model A","Temperature",14.195601214334,0.0361553076685636,0.149424174753571
"CR-Ec","Model A","Temperature",14.2710391178115,0.035650740221543,0.14733887720695
"CR-Ec","Model A","Temperature",14.346477021289,0.0352129708598263,0.145529645594083
"CR-Ec","Model A","Temperature",14.4219149247666,0.0348260923623728,0.143930737883441
"CR-Ec","Model A","Temperature",14.4973528282441,0.0344816057250442,0.1425070290336
"CR-Ec","Model A","Temperature",14.5727907317216,0.0341752000375292,0.141240702733284
"CR-Ec","Model A","Temperature",14.6482286351991,0.0339024715262088,0.140113558881836
"CR-Ec","Model A","Temperature",14.7236665386766,0.0336646529906384,0.139130692445061
"CR-Ec","Model A","Temperature",14.7991044421541,0.0334483086672292,0.138236575534637
"CR-Ec","Model A","Temperature",14.8745423456316,0.0332473209035769,0.137405924859649
"CR-Ec","Model A","Temperature",14.9499802491092,0.0330572197877479,0.136620266980233
"CR-Ec","Model A","Temperature",15.0254181525867,0.032873593671682,0.135861369251914
"CR-Ec","Model A","Temperature",15.1008560560642,0.032690336446145,0.135103996089874
"CR-Ec","Model A","Temperature",15.1762939595417,0.0325011278243527,0.134322026747315
"CR-Ec","Model A","Temperature",15.2517318630192,0.0323023289520898,0.133500422414637
"CR-Ec","Model A","Temperature",15.3271697664967,0.0320905017917733,0.132624974225651
"CR-Ec","Model A","Temperature",15.4026076699742,0.0318623967698779,0.131682252206347
"CR-Ec","Model A","Temperature",15.4780455734518,0.0316070891824406,0.130627106281138
"CR-Ec","Model A","Temperature",15.5534834769293,0.0313274310650828,0.129471323462682
"CR-Ec","Model A","Temperature",15.6289213804068,0.0310219036402251,0.12820862688318
"CR-Ec","Model A","Temperature",15.7043592838843,0.0306889797833895,0.12683270517842
"CR-Ec","Model A","Temperature",15.7797971873618,0.0303271320555595,0.125337245684254
"CR-Ec","Model A","Temperature",15.8552350908393,0.0299257244668281,0.123678291534677
"CR-Ec","Model A","Temperature",15.9306729943168,0.0294944523419285,0.121895911975136
"CR-Ec","Model A","Temperature",16.0061108977944,0.029033773031876,0.119991997165126
"CR-Ec","Model A","Temperature",16.0815488012719,0.028544413229248,0.117969550410266
"CR-Ec","Model A","Temperature",16.1569867047494,0.0280265770375575,0.11582941523813
"CR-Ec","Model A","Temperature",16.2324246082269,0.0274756746808941,0.113552622829977
"CR-Ec","Model A","Temperature",16.3078625117044,0.0269025283448002,0.111183899568957
"CR-Ec","Model A","Temperature",16.3833004151819,0.0263096115241915,0.108733468018792
"CR-Ec","Model A","Temperature",16.4587383186594,0.0256995890494354,0.106212341502399
"CR-Ec","Model A","Temperature",16.534176222137,0.0250748291649788,0.10363030759994
"CR-Ec","Model A","Temperature",16.6096141256145,0.0244383403108382,0.100999799718728
"CR-Ec","Model A","Temperature",16.685052029092,0.0237977110953552,0.0983521803781852
"CR-Ec","Model A","Temperature",16.7604899325695,0.0231565682147709,0.0957024381409274
"CR-Ec","Model A","Temperature",16.835927836047,0.0225185909787215,0.093065779012422
"CR-Ec","Model A","Temperature",16.9113657395245,0.0218885070741099,0.0904617417757551
"CR-Ec","Model A","Temperature",16.986803643002,0.0212748888382134,0.0879257545466295
"CR-Ec","Model A","Temperature",17.0622415464796,0.0206794460762491,0.085464883679892
"CR-Ec","Model A","Temperature",17.1376794499571,0.020105723897605,0.0830937805525839
"CR-Ec","Model A","Temperature",17.2131173534346,0.0195571667029056,0.0808266803283377
"CR-Ec","Model A","Temperature",17.2885552569121,0.0190404270204669,0.078691076855712
"CR-Ec","Model A","Temperature",17.3639931603896,0.0185653208799671,0.0767275382346246
"CR-Ec","Model A","Temperature",17.4394310638671,0.0181273499347235,0.0749174735088865
"CR-Ec","Model A","Temperature",17.5148689673446,0.0177288101375908,0.0732703714889309
"CR-Ec","Model A","Temperature",17.5903068708222,0.0173717846950315,0.0717948417379608
"CR-Ec","Model A","Temperature",17.6657447742997,0.0170636638886413,0.0705214271222886
"CR-Ec","Model A","Temperature",17.7411826777772,0.0168111483825068,0.0694778204280099
"CR-Ec","Model A","Temperature",17.8166205812547,0.0166052781767115,0.0686269913909759
"CR-Ec","Model A","Temperature",17.8920584847322,0.0164464282242299,0.0679704896325952
"CR-Ec","Model A","Temperature",17.9674963882097,0.0163347276238307,0.0675088486976837
"CR-Ec","Model A","Temperature",18.0429342916872,0.0162766275607845,0.0672687303158019
"CR-Ec","Model A","Temperature",18.1183721951648,0.0162733419810267,0.0672551515337211
"CR-Ec","Model A","Temperature",18.1938100986423,0.0163142949590915,0.0674244037222833
"CR-Ec","Model A","Temperature",18.2692480021198,0.0163979579851066,0.0677701697916606
"CR-Ec","Model A","Temperature",18.3446859055973,0.016522602988656,0.0682853078998262
"CR-Ec","Model A","Temperature",18.4201238090748,0.0166920849040596,0.0689857498813186
"CR-Ec","Model A","Temperature",18.4955617125523,0.0169025284656281,0.0698554798752612
"CR-Ec","Model A","Temperature",18.5709996160298,0.0171444645046232,0.0708553633032045
"CR-Ec","Model A","Temperature",18.6464375195074,0.0174150443993111,0.0719736272615502
"CR-Ec","Model A","Temperature",18.7218754229849,0.0177113138607739,0.0731980621409204
"CR-Ec","Model A","Temperature",18.7973133264624,0.0180333743770267,0.0745290873752497
"CR-Ec","Model A","Temperature",18.8727512299399,0.0183747891650169,0.0759401007570679
"CR-Ec","Model A","Temperature",18.9481891334174,0.0187289133044745,0.0774036398806689
"CR-Ec","Model A","Temperature",19.0236270368949,0.0190924081890414,0.0789059068134097
"CR-Ec","Model A","Temperature",19.0990649403724,0.0194619306825922,0.0804330849018348
"CR-Ec","Model A","Temperature",19.17450284385,0.0198334346103115,0.0819684519446504
"CR-Ec","Model A","Temperature",19.2499407473275,0.020201197424435,0.0834883575559981
"CR-Ec","Model A","Temperature",19.325378650805,0.0205618755609011,0.0849789833138303
"CR-Ec","Model A","Temperature",19.4008165542825,0.0209124173977783,0.0864277173468011
"CR-Ec","Model A","Temperature",19.47625445776,0.021249848524488,0.0878222668858887
"CR-Ec","Model A","Temperature",19.5516923612375,0.021566401659262,0.0891305309826256
"CR-Ec","Model A","Temperature",19.627130264715,0.0218598238909392,0.0903431987110995
"CR-Ec","Model A","Temperature",19.7025681681925,0.0221296124305385,0.0914581921238826
"CR-Ec","Model A","Temperature",19.7780060716701,0.0223735753474109,0.0924664523178855
"CR-Ec","Model A","Temperature",19.8534439751476,0.022589651944535,0.0933594627578684
"CR-Ec","Model A","Temperature",19.9288818786251,0.0227675575220328,0.0940947184040201
"CR-Ec","Model A","Temperature",20.0043197821026,0.0229099907723665,0.0946833725259459
"CR-Ec","Model A","Temperature",20.0797576855801,0.023018389128532,0.0951313658071302
"CR-Ec","Model A","Temperature",20.1551955890576,0.0230917583335672,0.0954345891406225
"CR-Ec","Model A","Temperature",20.2306334925352,0.0231292611793731,0.0955895824776129
"CR-Ec","Model A","Temperature",20.3060713960127,0.0231199444011294,0.0955510777050027
"CR-Ec","Model A","Temperature",20.3815092994902,0.0230713561846929,0.095350270282471
"CR-Ec","Model A","Temperature",20.4569472029677,0.0229859419456925,0.094997266726483
"CR-Ec","Model A","Temperature",20.5323851064452,0.0228640007281498,0.094493302938737
"CR-Ec","Model A","Temperature",20.6078230099227,0.0227059841803186,0.0938402455101147
"CR-Ec","Model A","Temperature",20.6832609134002,0.0225024499044171,0.0929990705023
"CR-Ec","Model A","Temperature",20.7586988168778,0.0222641229225465,0.0920141027372909
"CR-Ec","Model A","Temperature",20.8341367203553,0.0219937251885273,0.0908965916202114
"CR-Ec","Model A","Temperature",20.9095746238328,0.0216926827825257,0.0896524309150948
"CR-Ec","Model A","Temperature",20.9850125273103,0.0213625383428127,0.0882879961022089
"CR-Ec","Model A","Temperature",21.0604504307878,0.0209973473358354,0.0867787193635005
"CR-Ec","Model A","Temperature",21.1358883342653,0.0206081787059495,0.0851703468973125
"CR-Ec","Model A","Temperature",21.2113262377428,0.0201975976879588,0.0834734804138308
"CR-Ec","Model A","Temperature",21.2867641412203,0.0197677502058674,0.0816969886779506
"CR-Ec","Model A","Temperature",21.3622020446979,0.019320777237603,0.0798497200132139
"CR-Ec","Model A","Temperature",21.4376399481754,0.0188556511939556,0.0779274275557544
"CR-Ec","Model A","Temperature",21.5130778516529,0.0183804564191578,0.0759635226231156
"CR-Ec","Model A","Temperature",21.5885157551304,0.0178975305423003,0.0739676662670287
"CR-Ec","Model A","Temperature",21.6639536586079,0.0174091995977423,0.0719494716200321
"CR-Ec","Model A","Temperature",21.7393915620854,0.0169177905774371,0.0699185557722488
"CR-Ec","Model A","Temperature",21.8148294655629,0.0164269410433331,0.0678899521925471
"CR-Ec","Model A","Temperature",21.8902673690405,0.0159397206236851,0.065876347169562
"CR-Ec","Model A","Temperature",21.965705272518,0.0154581904968744,0.0638862592279171
"CR-Ec","Model A","Temperature",22.0411431759955,0.0149843465030291,0.0619279368595573
"CR-Ec","Model A","Temperature",22.116581079473,0.0145207327965909,0.0600118946528634
"CR-Ec","Model A","Temperature",22.1920189829505,0.0140731608227007,0.0581621503925066
"CR-Ec","Model A","Temperature",22.267456886428,0.013640299516222,0.0563732029965599
"CR-Ec","Model A","Temperature",22.3428947899055,0.0132235631060772,0.0546508972497385
"CR-Ec","Model A","Temperature",22.4183326933831,0.0128242717586025,0.0530006891909496
"CR-Ec","Model A","Temperature",22.4937705968606,0.0124451087233196,0.051433668266565
"CR-Ec","Model A","Temperature",22.5692085003381,0.0120917087597535,0.0499731220475182
"CR-Ec","Model A","Temperature",22.6446464038156,0.0117597368380949,0.0486011345404576
"CR-Ec","Model A","Temperature",22.7200843072931,0.0114498144611018,0.0473202743180972
"CR-Ec","Model A","Temperature",22.7955222107706,0.0111624685087972,0.0461327188923356
"CR-Ec","Model A","Temperature",22.8709601142481,0.0109003323452929,0.0450493515410254
"CR-Ec","Model A","Temperature",22.9463980177257,0.0106673323252549,0.0440863992677131
"CR-Ec","Model A","Temperature",23.0218359212032,0.0104577679351833,0.043220302750675
"CR-Ec","Model A","Temperature",23.0972738246807,0.0102715489883644,0.0424506892624711
"CR-Ec","Model A","Temperature",23.1727117281582,0.0101085142620187,0.0417768924948234
"CR-Ec","Model A","Temperature",23.2481496316357,0.00997103253391339,0.041208702232023
"CR-Ec","Model A","Temperature",23.3235875351132,0.00986086187504077,0.0407533843037396
"CR-Ec","Model A","Temperature",23.3990254385907,0.00977235387229929,0.0403875947109648
"CR-Ec","Model A","Temperature",23.4744633420683,0.00970495641400619,0.0401090516633367
"CR-Ec","Model A","Temperature",23.5499012455458,0.00965808275660228,0.0399153302424192
"CR-Ec","Model A","Temperature",23.6253391490233,0.00963371569626171,0.0398146250315568
"CR-Ec","Model A","Temperature",23.7007770525008,0.0096318597399778,0.0398069546574406
"CR-Ec","Model A","Temperature",23.7762149559783,0.009647813887393,0.0398728906282604
"CR-Ec","Model A","Temperature",23.8516528594558,0.00968086171178854,0.0400094720655689
"CR-Ec","Model A","Temperature",23.9270907629333,0.00973028353135037,0.0402137246381246
"CR-Ec","Model A","Temperature",24.0025286664109,0.00979768113649069,0.0404922682926491
"CR-Ec","Model A","Temperature",24.0779665698884,0.00988205498054017,0.0408409720606672
"CR-Ec","Model A","Temperature",24.1534044733659,0.00997993273159564,0.0412454853429843
"CR-Ec","Model A","Temperature",24.2288423768434,0.0100906251657656,0.0417029596861412
"CR-Ec","Model A","Temperature",24.3042802803209,0.0102134497317196,0.042210574213319
"CR-Ec","Model A","Temperature",24.3797181837984,0.0103496188656337,0.0427733397316914
"CR-Ec","Model A","Temperature",24.4551560872759,0.0104976614941061,0.0433851765272908
"CR-Ec","Model A","Temperature",24.5305939907535,0.0106551438293116,0.0440360261395263
"CR-Ec","Model A","Temperature",24.606031894231,0.0108213932946071,0.0447231089153871
"CR-Ec","Model A","Temperature",24.6814697977085,0.0109957298806055,0.0454436144835034
"CR-Ec","Model A","Temperature",24.756907701186,0.0111787170732444,0.0461998716422365
"CR-Ec","Model A","Temperature",24.8323456046635,0.0113685794224861,0.0469845427370665
"CR-Ec","Model A","Temperature",24.907783508141,0.0115635636744164,0.047790381846547
"CR-Ec","Model A","Temperature",24.9832214116185,0.0117628507079307,0.0486140036725575
"CR-Ec","Model A","Temperature",25.0586593150961,0.0119655918134608,0.049451900632533
"CR-Ec","Model A","Temperature",25.1340972185736,0.0121710800720845,0.0503011511422469
"CR-Ec","Model A","Temperature",25.2095351220511,0.0123774046869781,0.0511538581802964
"CR-Ec","Model A","Temperature",25.2849730255286,0.0125832475693314,0.0520045742938609
"CR-Ec","Model A","Temperature",25.3604109290061,0.0127875048600534,0.0528487374077066
"CR-Ec","Model A","Temperature",25.4358488324836,0.0129890369151491,0.0536816375532432
"CR-Ec","Model A","Temperature",25.5112867359611,0.0131850850188198,0.0544918733938988
"CR-Ec","Model A","Temperature",25.5867246394387,0.0133742720689559,0.0552737535842097
"CR-Ec","Model A","Temperature",25.6621625429162,0.0135556758933889,0.056023466932289
"CR-Ec","Model A","Temperature",25.7376004463937,0.0137279693969355,0.0567355287634001
"CR-Ec","Model A","Temperature",25.8130383498712,0.0138898132275577,0.0574044037471608
"CR-Ec","Model A","Temperature",25.8884762533487,0.0140359203371402,0.0580082413489627
"CR-Ec","Model A","Temperature",25.9639141568262,0.014166682997635,0.0585486627668118
"CR-Ec","Model A","Temperature",26.0393520603037,0.0142816433799612,0.059023775865445
"CR-Ec","Model A","Temperature",26.1147899637813,0.0143795479955813,0.0594284001747639
"CR-Ec","Model A","Temperature",26.1902278672588,0.014459177407406,0.0597574959539256
"CR-Ec","Model A","Temperature",26.2656657707363,0.0145129955130122,0.059979917682174
"CR-Ec","Model A","Temperature",26.3411036742138,0.0145443999922751,0.0601097074336664
"CR-Ec","Model A","Temperature",26.4165415776913,0.0145534236342925,0.0601470007205629
"CR-Ec","Model A","Temperature",26.4919794811688,0.0145392884444602,0.0600885822140734
"CR-Ec","Model A","Temperature",26.5674173846463,0.0145012970047448,0.0599315695956436
"CR-Ec","Model A","Temperature",26.6428552881239,0.0144308368269641,0.0596403688122238
"CR-Ec","Model A","Temperature",26.7182931916014,0.0143347014235919,0.0592430563776242
"CR-Ec","Model A","Temperature",26.7937310950789,0.0142133375481535,0.0587414786535864
"CR-Ec","Model A","Temperature",26.8691689985564,0.0140667449945523,0.0581356347883463
"CR-Ec","Model A","Temperature",26.9446069020339,0.0138950262938837,0.0574259485267222
"CR-Ec","Model A","Temperature",27.0200448055114,0.0136902714438944,0.05657972907903
"CR-Ec","Model A","Temperature",27.0954827089889,0.0134616837847738,0.0556350123963214
"CR-Ec","Model A","Temperature",27.1709206124665,0.0132099990161749,0.0545948390090367
"CR-Ec","Model A","Temperature",27.246358515944,0.0129360449540991,0.0534626301499301
"CR-Ec","Model A","Temperature",27.3217964194215,0.012640300753395,0.0522403660902944
"CR-Ec","Model A","Temperature",27.397234322899,0.0123186613021521,0.0509110810511313
"CR-Ec","Model A","Temperature",27.4726722263765,0.0119792381221374,0.0495082986704402
"CR-Ec","Model A","Temperature",27.548110129854,0.0116234098969555,0.0480377168297533
"CR-Ec","Model A","Temperature",27.6235480333315,0.0112526064468017,0.0465052447500543
"CR-Ec","Model A","Temperature",27.6989859368091,0.0108678152539261,0.0449149635394789
"CR-Ec","Model A","Temperature",27.7744238402866,0.0104687505879752,0.0432656923196166
"CR-Ec","Model A","Temperature",27.8498617437641,0.0100610084180961,0.0415805583468977
"CR-Ec","Model A","Temperature",27.9252996472416,0.00964622066570991,0.0398663060947424
"CR-Ec","Model A","Temperature",28.0007375507191,0.0092260177637247,0.0381296738847837
"CR-Ec","Model A","Temperature",28.0761754541966,0.00880194828436818,0.0363770617213939
"CR-Ec","Model A","Temperature",28.1516133576741,0.00837634298822277,0.034618102269845
"CR-Ec","Model A","Temperature",28.2270512611517,0.0079517040685369,0.0328631366995346
"CR-Ec","Model A","Temperature",28.3024891646292,0.00752949520073037,0.0311182141497403
"CR-Ec","Model A","Temperature",28.3779270681067,0.00711113413227291,0.0293891939467776
"CR-Ec","Model A","Temperature",28.4533649715842,0.00669864542754515,0.0276844432953897
"CR-Ec","Model A","Temperature",28.5288028750617,0.00629525354759197,0.0260172883836724
"CR-Ec","Model A","Temperature",28.6042407785392,0.00590066910277244,0.0243865332099577
"CR-Ec","Model A","Temperature",28.6796786820167,0.0055158853656143,0.022796282812685
"CR-Ec","Model A","Temperature",28.7551165854943,0.00514182681567125,0.0212503579197998
"CR-Ec","Model A","Temperature",28.8305544889718,0.00478077696459283,0.0197581959241988
"CR-Ec","Model A","Temperature",28.9059923924493,0.00443537185721131,0.0183306911827295
"CR-Ec","Model A","Temperature",28.9814302959268,0.00410342265041832,0.0169587975526202
"CR-Ec","Model A","Temperature",29.0568681994043,0.00378534665352139,0.015644239707312
"CR-Ec","Model A","Temperature",29.1323061028818,0.00348149359498576,0.0143884630193013
"CR-Ec","Model A","Temperature",29.2077440063593,0.00319412598912272,0.0132008181028033
"CR-Ec","Model A","Temperature",29.2831819098369,0.00292451350691563,0.0120865523074084
"CR-Ec","Model A","Temperature",29.3586198133144,0.00266962694180728,0.0110331464009721
"CR-Ec","Model A","Temperature",29.4340577167919,0.00242938439199062,0.0100402618962646
"CR-Ec","Model A","Temperature",29.5094956202694,0.00220365474076006,0.00910735690865573
"CR-Ec","Model A","Temperature",29.5849335237469,0.00199442884759886,0.00824265934587232
"CR-Ec","Model A","Temperature",29.6603714272244,0.00180157767288784,0.00744563590755412
"CR-Ec","Model A","Temperature",29.7358093307019,0.00162210441781299,0.00670390129763918
"CR-Ec","Model A","Temperature",29.8112472341795,0.0014556099370078,0.00601580591138499
"CR-Ec","Model A","Temperature",29.886685137657,0.00130167042939946,0.00537959824590997
"CR-Ec","Model A","Temperature",29.9621230411345,0.00116185201478932,0.00480175082693646
"CR-Ec","Model A","Temperature",30.037560944612,0.00103507495005819,0.00427780124673141
"CR-Ec","Model A","Temperature",30.1129988480895,0.00091889043613779,0.00379762900560855
"CR-Ec","Model A","Temperature",30.188436751567,0.000812779106774873,0.00335908764489308
"CR-Ec","Model A","Temperature",30.2638746550445,0.000716218289523945,0.00296001704193993
"CR-Ec","Model A","Temperature",30.3393125585221,0.000630313233484451,0.00260498501666908
"CR-Ec","Model A","Temperature",30.4147504619996,0.000553612191420153,0.0022879917271012
"CR-Ec","Model A","Temperature",30.4901883654771,0.000484381878421563,0.00200187378053094
"CR-Ec","Model A","Temperature",30.5656262689546,0.000422131421554088,0.00174460247666805
"CR-Ec","Model A","Temperature",30.6410641724321,0.000366379962955637,0.00151419050593478
"CR-Ec","Model A","Temperature",30.7165020759096,0.000317827965261126,0.00131353276974166
"CR-Ec","Model A","Temperature",30.7919399793871,0.000275106118810031,0.00113697012758625
"CR-Ec","Model A","Temperature",30.8673778828647,0.000237129457502628,0.000980018585982066
"CR-Ec","Model A","Temperature",30.9428157863422,0.000203513519657522,0.000841089225537435
"CR-Ec","Model A","Temperature",31.0182536898197,0.000173888897840924,0.000718655343687756
"CR-Ec","Model A","Temperature",31.0936915932972,0.000148653825682703,0.000614362777112044
"CR-Ec","Model A","Temperature",31.1691294967747,0.000126755427820473,0.000523860158271541
"CR-Ec","Model A","Temperature",31.2445674002522,0.000107587113411656,0.000444640543043518
"CR-Ec","Model A","Temperature",31.3200053037297,9.08879301996133e-05,0.0003756254569767
"CR-Ec","Model A","Temperature",31.3954432072073,7.64112046947113e-05,0.000315795437508084
"CR-Ec","Model A","Temperature",31.4708811106848,6.43594425178039e-05,0.00026598740837668
"CR-Ec","Model A","Temperature",31.5463190141623,5.40388803265881e-05,0.000223334155289964
"CR-Ec","Model A","Temperature",31.6217569176398,4.51452449345671e-05,0.000186578165237434
"CR-Ec","Model A","Temperature",31.6971948211173,3.75219517382563e-05,0.000155072298790232
"CR-Ec","Model A","Temperature",31.7726327245948,3.10231953939991e-05,0.000128213965497456
"CR-Ec","Model A","Temperature",31.8480706280723,2.57406214513414e-05,0.000106381921937149
"CR-Ec","Model A","Temperature",31.9235085315499,2.12735997564504e-05,8.79204269753531e-05
"CR-Ec","Model A","Temperature",31.9989464350274,1.74850017617648e-05,7.22627499886584e-05
"CR-Ec","Model A","Temperature",32.0743843385049,1.42909245642525e-05,5.90621335338728e-05
"CR-Ec","Model A","Humidity",27.2470400176294,0.000102547715264026,0.000755908296208237
"CR-Ec","Model A","Humidity",27.3823638188491,0.000112362346658473,0.000828254728073515
"CR-Ec","Model A","Humidity",27.5176876200689,0.000122590846048411,0.000903651898324531
"CR-Ec","Model A","Humidity",27.6530114212886,0.000133198170391044,0.000981841494753122
"CR-Ec","Model A","Humidity",27.7883352225083,0.000144180928390634,0.00106279851915647
"CR-Ec","Model A","Humidity",27.9236590237281,0.000155463910914035,0.00114596858368158
"CR-Ec","Model A","Humidity",28.0589828249478,0.000166925865733805,0.00123045790376756
"CR-Ec","Model A","Humidity",28.1943066261676,0.000178501964342692,0.00131578861009927
"CR-Ec","Model A","Humidity",28.3296304273873,0.00019012372772307,0.00140145592441416
"CR-Ec","Model A","Humidity",28.4649542286071,0.000201699897460576,0.00148678715505509
"CR-Ec","Model A","Humidity",28.6002780298268,0.000213086919698158,0.00157072412582362
"CR-Ec","Model A","Humidity",28.7356018310465,0.000224209903275032,0.00165271479273121
"CR-Ec","Model A","Humidity",28.8709256322663,0.00023498527212501,0.00173214309288818
"CR-Ec","Model A","Humidity",29.006249433486,0.000245329199917039,0.00180839111863153
"CR-Ec","Model A","Humidity",29.1415732347058,0.000255092592442463,0.00188035985425966
"CR-Ec","Model A","Humidity",29.2768970359255,0.000264061361905055,0.00194647119790196
"CR-Ec","Model A","Humidity",29.4122208371453,0.00027227950969055,0.00200704949625338
"CR-Ec","Model A","Humidity",29.547544638365,0.000279676078993978,0.00206157170657806
"CR-Ec","Model A","Humidity",29.6828684395848,0.000286184333622835,0.00210954589747176
"CR-Ec","Model A","Humidity",29.8181922408045,0.000291660259391441,0.00214991049952312
"CR-Ec","Model A","Humidity",29.9535160420242,0.000295849388572041,0.00218078975893276
"CR-Ec","Model A","Humidity",30.088839843244,0.000298954129750145,0.00220367568679635
"CR-Ec","Model A","Humidity",30.2241636444637,0.000300947730770948,0.00221837108539275
"CR-Ec","Model A","Humidity",30.3594874456835,0.000301810608563207,0.00222473160234919
"CR-Ec","Model A","Humidity",30.4948112469032,0.000301464672479733,0.00222218160935537
"CR-Ec","Model A","Humidity",30.630135048123,0.000299675379136223,0.00220899222059886
"CR-Ec","Model A","Humidity",30.7654588493427,0.000296772859393496,0.00218759692429424
"CR-Ec","Model A","Humidity",30.9007826505624,0.00029278733845708,0.00215821851900465
"CR-Ec","Model A","Humidity",31.0361064517822,0.000287755731858044,0.00212112911958044
"CR-Ec","Model A","Humidity",31.1714302530019,0.000281688197180897,0.00207640360045817
"CR-Ec","Model A","Humidity",31.3067540542217,0.000274438166466422,0.00202296156763739
"CR-Ec","Model A","Humidity",31.4420778554414,0.000266364946222144,0.00196345157130003
"CR-Ec","Model A","Humidity",31.5774016566612,0.000257541476555996,0.00189841127367067
"CR-Ec","Model A","Humidity",31.7127254578809,0.000248043801076195,0.00182840121375475
"CR-Ec","Model A","Humidity",31.8480492591006,0.000237943867098455,0.00175395173562379
"CR-Ec","Model A","Humidity",31.9833730603204,0.00022722722826206,0.00167495635105534
"CR-Ec","Model A","Humidity",32.1186968615401,0.000216163326209786,0.00159340119082366
"CR-Ec","Model A","Humidity",32.2540206627599,0.000204835754507853,0.00150990244681617
"CR-Ec","Model A","Humidity",32.3893444639796,0.000193326807384196,0.00142506673312917
"CR-Ec","Model A","Humidity",32.5246682651994,0.000181717420043423,0.0013394906461126
"CR-Ec","Model A","Humidity",32.6599920664191,0.000170124670657168,0.00125403720217803
"CR-Ec","Model A","Humidity",32.7953158676389,0.000158650363062561,0.00116945682628494
"CR-Ec","Model A","Humidity",32.9306396688586,0.000147358198327177,0.00108621907707082
"CR-Ec","Model A","Humidity",33.0659634700783,0.000136307907281621,0.00100476424743035
"CR-Ec","Model A","Humidity",33.2012872712981,0.000125555159720357,0.000925502695208879
"CR-Ec","Model A","Humidity",33.3366110725178,0.000115278206449331,0.000849748357656724
"CR-Ec","Model A","Humidity",33.4719348737376,0.00010543726036943,0.000777207952780981
"CR-Ec","Model A","Humidity",33.6072586749573,9.60525708208459e-05,0.000708030744211788
"CR-Ec","Model A","Humidity",33.7425824761771,8.71502801984125e-05,0.000642409434956594
"CR-Ec","Model A","Humidity",33.8779062773968,7.8752403006381e-05,0.000580506300170505
"CR-Ec","Model A","Humidity",34.0132300786165,7.10260967443839e-05,0.000523553505196455
"CR-Ec","Model A","Humidity",34.1485538798363,6.38641437969595e-05,0.000470760718579293
"CR-Ec","Model A","Humidity",34.283877681056,5.72431318277639e-05,0.000421955361347071
"CR-Ec","Model A","Humidity",34.4192014822758,5.11629057937364e-05,0.000377136290633411
"CR-Ec","Model A","Humidity",34.5545252834955,4.56209868029057e-05,0.00033628523382247
"CR-Ec","Model A","Humidity",34.6898490847153,4.07453338910332e-05,0.0003003454132616
"CR-Ec","Model A","Humidity",34.825172885935,3.64240426068361e-05,0.00026849194949942
"CR-Ec","Model A","Humidity",34.9604966871548,3.261002982824e-05,0.000240377779488297
"CR-Ec","Model A","Humidity",35.0958204883745,2.92932030732369e-05,0.000215928508680683
"CR-Ec","Model A","Humidity",35.2311442895942,2.64633332244633e-05,0.000195068735351068
"CR-Ec","Model A","Humidity",35.366468090814,2.42183373582408e-05,0.000178520234042564
"CR-Ec","Model A","Humidity",35.5017918920337,2.24760998709567e-05,0.000165677707349383
"CR-Ec","Model A","Humidity",35.6371156932535,2.11866890693056e-05,0.000156173094597366
"CR-Ec","Model A","Humidity",35.7724394944732,2.0344673030019e-05,0.000149966355539374
"CR-Ec","Model A","Humidity",35.907763295693,1.99458479534102e-05,0.000147026502775533
"CR-Ec","Model A","Humidity",36.0430870969127,2.00816082071642e-05,0.000148027230113473
"CR-Ec","Model A","Humidity",36.1784108981324,2.0708616184113e-05,0.000152649083758326
"CR-Ec","Model A","Humidity",36.3137346993522,2.178108975696e-05,0.000160554590663983
"CR-Ec","Model A","Humidity",36.4490585005719,2.33041129899483e-05,0.000171781226910043
"CR-Ec","Model A","Humidity",36.5843823017917,2.52839795204678e-05,0.000186375384682856
"CR-Ec","Model A","Humidity",36.7197061030114,2.78207791313062e-05,0.000205074854161171
"CR-Ec","Model A","Humidity",36.8550299042312,3.09033577418441e-05,0.000227797415452959
"CR-Ec","Model A","Humidity",36.9903537054509,3.44798020955286e-05,0.000254160401219309
"CR-Ec","Model A","Humidity",37.1256775066706,3.85606550767335e-05,0.000284241526051361
"CR-Ec","Model A","Humidity",37.2610013078904,4.31563023885546e-05,0.000318117345912473
"CR-Ec","Model A","Humidity",37.3963251091101,4.83691076525107e-05,0.000356542412091637
"CR-Ec","Model A","Humidity",37.5316489103299,5.42044562238622e-05,0.000399556421570003
"CR-Ec","Model A","Humidity",37.6669727115496,6.0585070421222e-05,0.000446589738638748
"CR-Ec","Model A","Humidity",37.8022965127694,6.75132922367161e-05,0.000497659626786126
"CR-Ec","Model A","Humidity",37.9376203139891,7.49892462327546e-05,0.000552767004196991
"CR-Ec","Model A","Humidity",38.0729441152089,8.30901486970585e-05,0.000612481054030037
"CR-Ec","Model A","Humidity",38.2082679164286,9.18148157764548e-05,0.000676793049767734
"CR-Ec","Model A","Humidity",38.3435917176483,0.000101050226040001,0.000744869878384807
"CR-Ec","Model A","Humidity",38.4789155188681,0.000110775644213216,0.000816558694291622
"CR-Ec","Model A","Humidity",38.6142393200878,0.00012096671447508,0.00089167996382308
"CR-Ec","Model A","Humidity",38.7495631213076,0.000131643733969912,0.00097038330298711
"CR-Ec","Model A","Humidity",38.8848869225273,0.000142771743485231,0.00105241101751255
"CR-Ec","Model A","Humidity",39.0202107237471,0.000154220362082957,0.00113680203252311
"CR-Ec","Model A","Humidity",39.1555345249668,0.000165941551694294,0.001223202245788
"CR-Ec","Model A","Humidity",39.2908583261865,0.000177884564530973,0.00131123758096562
"CR-Ec","Model A","Humidity",39.4261821274063,0.000190003858819879,0.00140057233672869
"CR-Ec","Model A","Humidity",39.561505928626,0.000202213571071564,0.00149057358894188
"CR-Ec","Model A","Humidity",39.6968297298458,0.000214419643209661,0.00158054800884533
"CR-Ec","Model A","Humidity",39.8321535310655,0.000226564090450717,0.00167006817415317
"CR-Ec","Model A","Humidity",39.9674773322853,0.000238590285292469,0.00175871666748422
"CR-Ec","Model A","Humidity",40.102801133505,0.000250421461089468,0.00184592762012049
"CR-Ec","Model A","Humidity",40.2381249347248,0.000261941064862573,0.00193084188699326
"CR-Ec","Model A","Humidity",40.3734487359445,0.00027315647411164,0.00201351384974653
"CR-Ec","Model A","Humidity",40.5087725371642,0.000284039201557021,0.00209373352056178
"CR-Ec","Model A","Humidity",40.644096338384,0.000294568150931636,0.00217134539287056
"CR-Ec","Model A","Humidity",40.7794201396037,0.000304706636862906,0.002246079048386
"CR-Ec","Model A","Humidity",40.9147439408235,0.000314393331400664,0.00231748242139215
"CR-Ec","Model A","Humidity",41.0500677420432,0.000323758190011632,0.00238651345049526
"CR-Ec","Model A","Humidity",41.185391543263,0.000332847374598297,0.00245351240817207
"CR-Ec","Model A","Humidity",41.3207153444827,0.000341719094433511,0.00251890837148347
"CR-Ec","Model A","Humidity",41.4560391457024,0.00035044377918297,0.00258322049747221
"CR-Ec","Model A","Humidity",41.5913629469222,0.000359170996576967,0.0026475512923022
"CR-Ec","Model A","Humidity",41.7266867481419,0.000368071587448219,0.00271316007220932
"CR-Ec","Model A","Humidity",41.8620105493617,0.000377288317067416,0.00278109920049825
"CR-Ec","Model A","Humidity",41.9973343505814,0.000386975349061529,0.00285250506099091
"CR-Ec","Model A","Humidity",42.1326581518012,0.00039731829029263,0.00292874581451383
"CR-Ec","Model A","Humidity",42.2679819530209,0.000408857488444063,0.00301380451710708
"CR-Ec","Model A","Humidity",42.4033057542406,0.000421606041853052,0.00310777772032956
"CR-Ec","Model A","Humidity",42.5386295554604,0.000435776405610405,0.00321223149091717
"CR-Ec","Model A","Humidity",42.6739533566801,0.000451584541172061,0.00332875774201769
"CR-Ec","Model A","Humidity",42.8092771578999,0.000469251027162872,0.00345898242124061
"CR-Ec","Model A","Humidity",42.9446009591196,0.000489812659872823,0.00361054804811997
"CR-Ec","Model A","Humidity",43.0799247603394,0.000512876733230914,0.0037805598748179
"CR-Ec","Model A","Humidity",43.2152485615591,0.000538646110524555,0.00397051326416676
"CR-Ec","Model A","Humidity",43.3505723627788,0.000567314143622297,0.00418183346763265
"CR-Ec","Model A","Humidity",43.4858961639986,0.000599064468495051,0.0044158741180443
"CR-Ec","Model A","Humidity",43.6212199652183,0.000635141389513414,0.00468180733585629
"CR-Ec","Model A","Humidity",43.7565437664381,0.000674795692994138,0.00497411045449976
"CR-Ec","Model A","Humidity",43.8918675676578,0.000718049527305443,0.00529294673587913
"CR-Ec","Model A","Humidity",44.0271913688776,0.000764972315940307,0.00563882792025265
"CR-Ec","Model A","Humidity",44.1625151700973,0.000815612008386491,0.00601210745689516
"CR-Ec","Model A","Humidity",44.2978389713171,0.000871035834649542,0.00642065220089047
"CR-Ec","Model A","Humidity",44.4331627725368,0.000930277792843767,0.00685734147833891
"CR-Ec","Model A","Humidity",44.5684865737565,0.000993089001825731,0.00732034071573871
"CR-Ec","Model A","Humidity",44.7038103749763,0.00105935263919378,0.00780878878203136
"CR-Ec","Model A","Humidity",44.839134176196,0.00112892756404443,0.00832164528758358
"CR-Ec","Model A","Humidity",44.9744579774158,0.00120236434488403,0.00886296862902082
"CR-Ec","Model A","Humidity",45.1097817786355,0.00127869924812022,0.00942565485267709
"CR-Ec","Model A","Humidity",45.2451055798553,0.001357474806869,0.0100063318403928
"CR-Ec","Model A","Humidity",45.380429381075,0.00143841237355808,0.010602945601876
"CR-Ec","Model A","Humidity",45.5157531822947,0.00152121883555402,0.0112133355207662
"CR-Ec","Model A","Humidity",45.6510769835145,0.00160581851342106,0.0118369437424764
"CR-Ec","Model A","Humidity",45.7864007847342,0.00169145951932549,0.0124682278885161
"CR-Ec","Model A","Humidity",45.921724585954,0.00177768823856094,0.0131038442362199
"CR-Ec","Model A","Humidity",46.0570483871737,0.00186417685217261,0.0137413763390881
"CR-Ec","Model A","Humidity",46.1923721883935,0.00195060137831793,0.014378436035064
"CR-Ec","Model A","Humidity",46.3276959896132,0.00203644181790588,0.015011190263353
"CR-Ec","Model A","Humidity",46.463019790833,0.00212127659873201,0.0156365314956601
"CR-Ec","Model A","Humidity",46.5983435920527,0.00220490062727965,0.0162529479295003
"CR-Ec","Model A","Humidity",46.7336673932724,0.00228707762651334,0.0168586978998269
"CR-Ec","Model A","Humidity",46.8689911944922,0.00236759073513124,0.0174521828604727
"CR-Ec","Model A","Humidity",47.0043149957119,0.00244582314223519,0.0180288561233529
"CR-Ec","Model A","Humidity",47.1396387969317,0.0025216763345997,0.0185879915195398
"CR-Ec","Model A","Humidity",47.2749625981514,0.0025953046041395,0.0191307263785008
"CR-Ec","Model A","Humidity",47.4102863993712,0.00266664244007532,0.0196565778017001
"CR-Ec","Model A","Humidity",47.5456102005909,0.0027356460879733,0.0201652232627952
"CR-Ec","Model A","Humidity",47.6809340018106,0.00280188265941156,0.0206534718184422
"CR-Ec","Model A","Humidity",47.8162578030304,0.00286546124046031,0.0211221275730065
"CR-Ec","Model A","Humidity",47.9515816042501,0.00292679100509233,0.0215742066639007
"CR-Ec","Model A","Humidity",48.0869054054699,0.00298594219568342,0.0220102268676009
"CR-Ec","Model A","Humidity",48.2222292066896,0.00304299466237408,0.0224307767821414
"CR-Ec","Model A","Humidity",48.3575530079094,0.0030977493785273,0.0228343893257283
"CR-Ec","Model A","Humidity",48.4928768091291,0.00315034756209299,0.0232221054559261
"CR-Ec","Model A","Humidity",48.6282006103488,0.00320122026628228,0.0235971025882193
"CR-Ec","Model A","Humidity",48.7635244115686,0.00325045363499266,0.0239600157137106
"CR-Ec","Model A","Humidity",48.8988482127883,0.00329812632242299,0.0243114246148094
"CR-Ec","Model A","Humidity",49.0341720140081,0.00334411729760987,0.024650437137955
"CR-Ec","Model A","Humidity",49.1694958152278,0.00338841780921998,0.0249769887745871
"CR-Ec","Model A","Humidity",49.3048196164476,0.00343131628392755,0.0252932055995319
"CR-Ec","Model A","Humidity",49.4401434176673,0.00347280072343813,0.0255989991699577
"CR-Ec","Model A","Humidity",49.5754672188871,0.00351284231817112,0.0258941571222743
"CR-Ec","Model A","Humidity",49.7107910201068,0.00355120982612968,0.0261769749061326
"CR-Ec","Model A","Humidity",49.8461148213265,0.0035876033626656,0.0264452419867305
"CR-Ec","Model A","Humidity",49.9814386225463,0.00362221758160241,0.0267003932126134
"CR-Ec","Model A","Humidity",50.116762423766,0.00365491506787192,0.0269414156583367
"CR-Ec","Model A","Humidity",50.2520862249858,0.00368554624281584,0.0271672067371833
"CR-Ec","Model A","Humidity",50.3874100262055,0.00371371634528627,0.0273748565527604
"CR-Ec","Model A","Humidity",50.5227338274253,0.0037387785687138,0.0275595973103826
"CR-Ec","Model A","Humidity",50.658057628645,0.0037610687473765,0.0277239045397706
"CR-Ec","Model A","Humidity",50.7933814298647,0.00378039874976014,0.0278663914701707
"CR-Ec","Model A","Humidity",50.9287052310845,0.00379658341265468,0.0279856932110414
"CR-Ec","Model A","Humidity",51.0640290323042,0.00380918535933004,0.0280785857344463
"CR-Ec","Model A","Humidity",51.199352833524,0.00381728471926781,0.0281382884138787
"CR-Ec","Model A","Humidity",51.3346766347437,0.00382160492367637,0.0281701338659723
"CR-Ec","Model A","Humidity",51.4700004359635,0.00382203634137547,0.0281733139682012
"CR-Ec","Model A","Humidity",51.6053242371832,0.00381848927310048,0.0281471675218433
"CR-Ec","Model A","Humidity",51.740648038403,0.00381069076385518,0.0280896824981993
"CR-Ec","Model A","Humidity",51.8759718396227,0.00379768737553398,0.0279938308345567
"CR-Ec","Model A","Humidity",52.0112956408424,0.00378065270319082,0.0278682634329405
"CR-Ec","Model A","Humidity",52.1466194420622,0.00375967257465744,0.027713612954643
"CR-Ec","Model A","Humidity",52.2819432432819,0.00373486364474451,0.0275307392953621
"CR-Ec","Model A","Humidity",52.4172670445017,0.00370627756859509,0.0273200232198088
"CR-Ec","Model A","Humidity",52.5525908457214,0.00367333566767324,0.0270771991243564
"CR-Ec","Model A","Humidity",52.6879146469412,0.0036374339421405,0.026812557322162
"CR-Ec","Model A","Humidity",52.8232384481609,0.00359890692532497,0.0265285637532753
"CR-Ec","Model A","Humidity",52.9585622493806,0.00355811988852387,0.0262279109360348
"CR-Ec","Model A","Humidity",53.0938860506004,0.00351546011069064,0.0259134536134556
"CR-Ec","Model A","Humidity",53.2292098518201,0.00347123278508721,0.0255874414516375
"CR-Ec","Model A","Humidity",53.3645336530399,0.00342655600735476,0.0252581162506921
"CR-Ec","Model A","Humidity",53.4998574542596,0.00338197344932852,0.0249294855699261
"CR-Ec","Model A","Humidity",53.6351812554794,0.00333804634683665,0.0246056864378196
"CR-Ec","Model A","Humidity",53.7705050566991,0.00329535319728736,0.0242909831228556
"CR-Ec","Model A","Humidity",53.9058288579188,0.0032554349882322,0.0239967346813679
"CR-Ec","Model A","Humidity",54.0411526591386,0.00321858578068358,0.0237251087204873
"CR-Ec","Model A","Humidity",54.1764764603583,0.00318539073592644,0.0234804186300224
"CR-Ec","Model A","Humidity",54.3118002615781,0.00315645785875454,0.0232671461857645
"CR-Ec","Model A","Humidity",54.4471240627978,0.00313238794600035,0.0230897200315781
"CR-Ec","Model A","Humidity",54.5824478640176,0.0031156607141716,0.0229664188611972
"CR-Ec","Model A","Humidity",54.7177716652373,0.00310564706839774,0.0228926054378921
"CR-Ec","Model A","Humidity",54.853095466457,0.0031026278110755,0.022870349635777
"CR-Ec","Model A","Humidity",54.9884192676768,0.00310705060205249,0.0229029512825645
"CR-Ec","Model A","Humidity",55.1237430688965,0.00311932884653386,0.0229934577052814
"CR-Ec","Model A","Humidity",55.2590668701163,0.00314219238945575,0.0231619913652549
"CR-Ec","Model A","Humidity",55.394390671336,0.0031742719434556,0.0233984588569461
"CR-Ec","Model A","Humidity",55.5297144725558,0.00321525513475869,0.0237005575846588
"CR-Ec","Model A","Humidity",55.6650382737755,0.00326525130889804,0.0240690935653317
"CR-Ec","Model A","Humidity",55.8003620749953,0.00332431972880634,0.0245045036428516
"CR-Ec","Model A","Humidity",55.935685876215,0.00339466555762154,0.0250230427001885
"CR-Ec","Model A","Humidity",56.0710096774347,0.00347454872338171,0.0256118841733507
"CR-Ec","Model A","Humidity",56.2063334786545,0.00356303596429218,0.0262641487249362
"CR-Ec","Model A","Humidity",56.3416572798742,0.00365985439644017,0.026977824850222
"CR-Ec","Model A","Humidity",56.476981081094,0.00376468833390839,0.0277505855387694
"CR-Ec","Model A","Humidity",56.6123048823137,0.00387873383064868,0.0285912472435107
"CR-Ec","Model A","Humidity",56.7476286835335,0.00400030920071839,0.029487413780363
"CR-Ec","Model A","Humidity",56.8829524847532,0.00412817300389967,0.0304299341413542
"CR-Ec","Model A","Humidity",57.0182762859729,0.00426181591418862,0.0314150539400423
"CR-Ec","Model A","Humidity",57.1536000871927,0.00440071670561488,0.0324389310719577
"CR-Ec","Model A","Humidity",57.2889238884124,0.00454512276049912,0.0335033890623542
"CR-Ec","Model A","Humidity",57.4242476896322,0.00469377812226771,0.0345991698990837
"CR-Ec","Model A","Humidity",57.5595714908519,0.00484564481264461,0.0357186223498577
"CR-Ec","Model A","Humidity",57.6948952920717,0.00500026304306024,0.0368583571827137
"CR-Ec","Model A","Humidity",57.8302190932914,0.00515720128828813,0.0380151935028081
"CR-Ec","Model A","Humidity",57.9655428945112,0.00531631420692529,0.0391880599574343
"CR-Ec","Model A","Humidity",58.1008666957309,0.00547701731583168,0.0403726481555823
"CR-Ec","Model A","Humidity",58.2361904969506,0.00563886604516335,0.0415656810468327
"CR-Ec","Model A","Humidity",58.3715142981704,0.00580173263906156,0.0427662169065139
"CR-Ec","Model A","Humidity",58.5068380993901,0.00596554531290827,0.0439737265898448
"CR-Ec","Model A","Humidity",58.6421619006099,0.00613047769007976,0.0451894899239795
"CR-Ec","Model A","Humidity",58.7774857018296,0.00629675322337401,0.0464151540428724
"CR-Ec","Model A","Humidity",58.9128095030494,0.00646448873755161,0.0476515800949708
"CR-Ec","Model A","Humidity",59.0481333042691,0.00663401555474138,0.0489012103496633
"CR-Ec","Model A","Humidity",59.1834571054888,0.0068057214637156,0.0501669033079843
"CR-Ec","Model A","Humidity",59.3187809067086,0.0069805582643958,0.0514556749571274
"CR-Ec","Model A","Humidity",59.4541047079283,0.00715963052920603,0.052775667413735
"CR-Ec","Model A","Humidity",59.5894285091481,0.00734310242005749,0.0541280907618179
"CR-Ec","Model A","Humidity",59.7247523103678,0.00753167632241882,0.0555181224838927
"CR-Ec","Model A","Humidity",59.8600761115876,0.0077260862509725,0.0569511732103825
"CR-Ec","Model A","Humidity",59.9953999128073,0.00792805550950266,0.058439945902284
"CR-Ec","Model A","Humidity",60.130723714027,0.00813960916579127,0.0599993679086156
"CR-Ec","Model A","Humidity",60.2660475152468,0.00836019731259721,0.0616253857071252
"CR-Ec","Model A","Humidity",60.4013713164665,0.00859065466551562,0.0633241522232266
"CR-Ec","Model A","Humidity",60.5366951176863,0.00883181230481666,0.0651017935853213
"CR-Ec","Model A","Humidity",60.672018918906,0.0090857691231885,0.0669737813267514
"CR-Ec","Model A","Humidity",60.8073427201258,0.00935545853262124,0.0689617384593393
"CR-Ec","Model A","Humidity",60.9426665213455,0.00963897166255769,0.071051594156769
"CR-Ec","Model A","Humidity",61.0779903225653,0.00993700818956804,0.0732485059334983
"CR-Ec","Model A","Humidity",61.213314123785,0.0102502328553361,0.0755573737890278
"CR-Ec","Model A","Humidity",61.3486379250047,0.0105805740945943,0.0779924127627593
"CR-Ec","Model A","Humidity",61.4839617262245,0.0109317309393402,0.0805808894687523
"CR-Ec","Model A","Humidity",61.6192855274442,0.0113001662547383,0.0832967306828491
"CR-Ec","Model A","Humidity",61.754609328664,0.0116862278279509,0.0861425000428711
"CR-Ec","Model A","Humidity",61.8899331298837,0.0120902050816627,0.0891203309655191
"CR-Ec","Model A","Humidity",62.0252569311035,0.0125133644515225,0.0922395587071784
"CR-Ec","Model A","Humidity",62.1605807323232,0.0129597529102224,0.0955300146514581
"CR-Ec","Model A","Humidity",62.2959045335429,0.0134243838485579,0.0989549410874944
"CR-Ec","Model A","Humidity",62.4312283347627,0.0139070888533898,0.102513096594267
"CR-Ec","Model A","Humidity",62.5665521359824,0.0144076228864843,0.106202674925452
"CR-Ec","Model A","Humidity",62.7018759372022,0.0149262557291774,0.110025664715799
"CR-Ec","Model A","Humidity",62.8371997384219,0.0154665233094846,0.114008130293654
"CR-Ec","Model A","Humidity",62.9725235396417,0.0160226209099733,0.118107283440348
"CR-Ec","Model A","Humidity",63.1078473408614,0.016593742392902,0.122317181885936
"CR-Ec","Model A","Humidity",63.2431711420812,0.0171789952906756,0.126631246998629
"CR-Ec","Model A","Humidity",63.3784949433009,0.0177775607104,0.131043442486633
"CR-Ec","Model A","Humidity",63.5138187445206,0.0183911165636823,0.135566136712332
"CR-Ec","Model A","Humidity",63.6491425457404,0.0190141779761649,0.140158899111087
"CR-Ec","Model A","Humidity",63.7844663469601,0.0196452835850716,0.144810957563367
"CR-Ec","Model A","Humidity",63.9197901481799,0.0202828987200056,0.149510999578381
"CR-Ec","Model A","Humidity",64.0551139493996,0.020925415835595,0.154247175483221
"CR-Ec","Model A","Humidity",64.1904377506194,0.0215710339449428,0.15900620969263
"CR-Ec","Model A","Humidity",64.3257615518391,0.022216276107195,0.163762472689362
"CR-Ec","Model A","Humidity",64.4610853530588,0.0228592094823588,0.168501716961594
"CR-Ec","Model A","Humidity",64.5964091542786,0.0234978926686954,0.173209631886442
"CR-Ec","Model A","Humidity",64.7317329554983,0.0241303595984738,0.177871725020999
"CR-Ec","Model A","Humidity",64.8670567567181,0.0247510487374391,0.182447000718777
"CR-Ec","Model A","Humidity",65.0023805579378,0.0253593977885503,0.186931314128797
"CR-Ec","Model A","Humidity",65.1377043591576,0.0259537522720167,0.191312469611238
"CR-Ec","Model A","Humidity",65.2730281603773,0.0265322449386047,0.195576703142367
"CR-Ec","Model A","Humidity",65.408351961597,0.0270930563891474,0.199710603414863
"CR-Ec","Model A","Humidity",65.5436757628168,0.0276282309362001,0.203655526799992
"CR-Ec","Model A","Humidity",65.6789995640365,0.0281399023640379,0.20742720202688
"CR-Ec","Model A","Humidity",65.8143233652563,0.0286277232354655,0.211023068037412
"CR-Ec","Model A","Humidity",65.949647166476,0.0290904550768931,0.214433995691473
"CR-Ec","Model A","Humidity",66.0849709676958,0.0295269709161893,0.217651677757824
"CR-Ec","Model A","Humidity",66.2202947689155,0.0299289951360114,0.220615112313707
"CR-Ec","Model A","Humidity",66.3556185701352,0.030300513607025,0.223353680342362
"CR-Ec","Model A","Humidity",66.490942371355,0.0306430969164339,0.225878959087558
"CR-Ec","Model A","Humidity",66.6262661725747,0.0309564938544184,0.22818909681046
"CR-Ec","Model A","Humidity",66.7615899737945,0.0312405874479772,0.230283231269894
"CR-Ec","Model A","Humidity",66.8969137750142,0.0314887047972656,0.232112174628383
"CR-Ec","Model A","Humidity",67.032237576234,0.0317055432166743,0.233710552122661
"CR-Ec","Model A","Humidity",67.1675613774537,0.0318944285230524,0.235102879292072
"CR-Ec","Model A","Humidity",67.3028851786734,0.0320561018794174,0.236294619459441
"CR-Ec","Model A","Humidity",67.4382089798932,0.0321914161446639,0.237292059289591
"CR-Ec","Model A","Humidity",67.5735327811129,0.0322964020780255,0.238065940382981
"CR-Ec","Model A","Humidity",67.7088565823327,0.0323755197083974,0.238649138877657
"CR-Ec","Model A","Humidity",67.8441803835524,0.0324330101585826,0.239072917292767
"CR-Ec","Model A","Humidity",67.9795041847722,0.0324703364628483,0.239348060068875
"CR-Ec","Model A","Humidity",68.1148279859919,0.0324890296931367,0.239485853171545
"CR-Ec","Model A","Humidity",68.2501517872117,0.0324880151645774,0.239478374793769
"CR-Ec","Model A","Humidity",68.3854755884314,0.0324711272833961,0.239353889431444
"CR-Ec","Model A","Humidity",68.5207993896512,0.0324424247765557,0.239142315112243
"CR-Ec","Model A","Humidity",68.6561231908709,0.032403761243288,0.238857315241864
"CR-Ec","Model A","Humidity",68.7914469920906,0.0323570203359814,0.238512774756351
"CR-Ec","Model A","Humidity",68.9267707933104,0.0323036456328805,0.238119334680405
"CR-Ec","Model A","Humidity",69.0620945945301,0.0322470752417398,0.23770233828148
"CR-Ec","Model A","Humidity",69.1974183957499,0.0321901847090012,0.237282982028032
"CR-Ec","Model A","Humidity",69.3327421969696,0.0321349661291765,0.23687595021375
"CR-Ec","Model A","Humidity",69.4680659981894,0.0320834146672485,0.23649594976564
"CR-Ec","Model A","Humidity",69.6033897994091,0.0320388716748313,0.236167610734201
"CR-Ec","Model A","Humidity",69.7387136006288,0.0320049804809959,0.235917789131422
"CR-Ec","Model A","Humidity",69.8740374018486,0.0319826057464207,0.235752858616419
"CR-Ec","Model A","Humidity",70.0093612030683,0.0319736710182838,0.235686998201044
"CR-Ec","Model A","Humidity",70.1446850042881,0.0319800733994329,0.235734191968488
"CR-Ec","Model A","Humidity",70.2800088055078,0.0320062512627289,0.235927156424025
"CR-Ec","Model A","Humidity",70.4153326067276,0.0320566298696116,0.236298511424923
"CR-Ec","Model A","Humidity",70.5506564079473,0.0321293718228518,0.236834712995042
"CR-Ec","Model A","Humidity",70.685980209167,0.0322260641474142,0.237547459545545
"CR-Ec","Model A","Humidity",70.8213040103868,0.0323482261749489,0.238447950500973
"CR-Ec","Model A","Humidity",70.9566278116065,0.0325003803957451,0.239569522420025
"CR-Ec","Model A","Humidity",71.0919516128263,0.0326879202364293,0.240951931780172
"CR-Ec","Model A","Humidity",71.227275414046,0.0329058958274752,0.24255869168914
"CR-Ec","Model A","Humidity",71.3625992152658,0.0331552225060292,0.244396549356664
"CR-Ec","Model A","Humidity",71.4979230164855,0.0334367064388733,0.246471447266757
"CR-Ec","Model A","Humidity",71.6332468177052,0.033753883418984,0.248809448752355
"CR-Ec","Model A","Humidity",71.768570618925,0.0341127250020791,0.251454571844446
"CR-Ec","Model A","Humidity",71.9038944201447,0.0345053917161299,0.254349029571092
"CR-Ec","Model A","Humidity",72.0392182213645,0.0349318667572178,0.257492698065841
"CR-Ec","Model A","Humidity",72.1745420225842,0.0353920066957446,0.260884520068444
"CR-Ec","Model A","Humidity",72.309865823804,0.0358876021775804,0.264537694937513
"CR-Ec","Model A","Humidity",72.4451896250237,0.0364243057477518,0.268493889185748
"CR-Ec","Model A","Humidity",72.5805134262435,0.0369924921173389,0.272682152078369
"CR-Ec","Model A","Humidity",72.7158372274632,0.0375911940060793,0.277095353518198
"CR-Ec","Model A","Humidity",72.851161028683,0.038219337611755,0.28172557820451
"CR-Ec","Model A","Humidity",72.9864848299027,0.0388768411603723,0.286572223358004
"CR-Ec","Model A","Humidity",73.1218086311224,0.0395679072779522,0.291666267727126
"CR-Ec","Model A","Humidity",73.2571324323422,0.0402829224018259,0.29693684701462
"CR-Ec","Model A","Humidity",73.3924562335619,0.0410202189983646,0.302371669357125
"CR-Ec","Model A","Humidity",73.5277800347817,0.0417780684922297,0.307957992935519
"CR-Ec","Model A","Humidity",73.6631038360014,0.042555011660985,0.313685061407326
"CR-Ec","Model A","Humidity",73.7984276372212,0.0433527244741134,0.319565228818982
"CR-Ec","Model A","Humidity",73.9337514384409,0.0441635036248363,0.32554171191123
"CR-Ec","Model A","Humidity",74.0690752396606,0.0449853423767156,0.331599718460587
"CR-Ec","Model A","Humidity",74.2043990408804,0.0458162148819782,0.337724315368497
"CR-Ec","Model A","Humidity",74.3397228421001,0.0466540766951007,0.343900432447114
"CR-Ec","Model A","Humidity",74.4750466433199,0.047497138908449,0.350114883150857
"CR-Ec","Model A","Humidity",74.6103704445396,0.0483410374293193,0.356335498514556
"CR-Ec","Model A","Humidity",74.7456942457594,0.049183684340907,0.362546887911224
"CR-Ec","Model A","Humidity",74.8810180469791,0.0500229933731635,0.368733672852572
"CR-Ec","Model A","Humidity",75.0163418481988,0.0508568776939483,0.374880470706978
"CR-Ec","Model A","Humidity",75.1516656494186,0.0516797368154513,0.380945998690252
"CR-Ec","Model A","Humidity",75.2869894506383,0.052490798132498,0.386924561710508
"CR-Ec","Model A","Humidity",75.4223132518581,0.0532881657025136,0.392802184237254
"CR-Ec","Model A","Humidity",75.5576370530778,0.0540697604985933,0.398563541173473
"CR-Ec","Model A","Humidity",75.6929608542976,0.0548335054912176,0.404193322145442
"CR-Ec","Model A","Humidity",75.8282846555173,0.0555705738263236,0.40962646190818
"CR-Ec","Model A","Humidity",75.963608456737,0.0562827611437149,0.414876196632004
"CR-Ec","Model A","Humidity",76.0989322579568,0.0569689224811631,0.419934086475566
"CR-Ec","Model A","Humidity",76.2342560591765,0.0576270300156561,0.424785183780266
"CR-Ec","Model A","Humidity",76.3695798603963,0.058255071595317,0.429414656403884
"CR-Ec","Model A","Humidity",76.504903661616,0.0588417184831826,0.433738997012942
"CR-Ec","Model A","Humidity",76.6402274628358,0.0593904161981318,0.437783603504396
"CR-Ec","Model A","Humidity",76.7755512640555,0.0599014520751834,0.441550593906169
"CR-Ec","Model A","Humidity",76.9108750652752,0.0603730529287921,0.445026897564655
"CR-Ec","Model A","Humidity",77.046198866495,0.0608035016029147,0.448199856835599
"CR-Ec","Model A","Humidity",77.1815226677147,0.0611801999330909,0.450976607075376
"CR-Ec","Model A","Humidity",77.3168464689345,0.0615075072372763,0.45338928205313
"CR-Ec","Model A","Humidity",77.4521702701542,0.061787887499598,0.455456044494753
"CR-Ec","Model A","Humidity",77.587494071374,0.0620201939582876,0.457168441293981
"CR-Ec","Model A","Humidity",77.7228178725937,0.0622033866446892,0.458518806546869
"CR-Ec","Model A","Humidity",77.8581416738135,0.0623253227006194,0.459417631801505
"CR-Ec","Model A","Humidity",77.9934654750332,0.0623906190797473,0.459898949932953
"CR-Ec","Model A","Humidity",78.1287892762529,0.0624043276916978,0.46
"CR-Ec","Model A","Humidity",78.2641130774727,0.0623662515024708,0.459719329609142
"CR-Ec","Model A","Humidity",78.3994368786924,0.0622763242131329,0.459056450052138
"CR-Ec","Model A","Humidity",78.5347606799122,0.062124501857444,0.457937324404924
"CR-Ec","Model A","Humidity",78.6700844811319,0.0619150160523917,0.456393145116589
"CR-Ec","Model A","Humidity",78.8054082823517,0.0616551605905816,0.454477676801262
"CR-Ec","Model A","Humidity",78.9407320835714,0.0613457007254809,0.452196560359313
"CR-Ec","Model A","Humidity",79.0760558847911,0.0609875055641748,0.449556202225582
"CR-Ec","Model A","Humidity",79.2113796860109,0.0605734779857617,0.446504287508851
"CR-Ec","Model A","Humidity",79.3467034872306,0.0601068938037721,0.443064963159816
"CR-Ec","Model A","Humidity",79.4820272884504,0.0595961840444488,0.439300376664319
"CR-Ec","Model A","Humidity",79.6173510896701,0.0590427166497454,0.435220611510509
"CR-Ec","Model A","Humidity",79.7526748908899,0.0584478988863748,0.430836041060487
"CR-Ec","Model A","Humidity",79.8879986921096,0.0578073744720271,0.426114553921717
"CR-Ec","Model A","Humidity",80.0233224933293,0.0571230885332623,0.421070488173794
"CR-Ec","Model A","Humidity",80.1586462945491,0.0564032792788471,0.415764569990255
"CR-Ec","Model A","Humidity",80.2939700957688,0.0556493971612956,0.410207491067988
"CR-Ec","Model A","Humidity",80.4292938969886,0.0548628705660417,0.404409780441183
"CR-Ec","Model A","Humidity",80.5646176982083,0.0540412176250844,0.398353143556837
"CR-Ec","Model A","Humidity",80.6999414994281,0.0531849685755685,0.392041488943343
"CR-Ec","Model A","Humidity",80.8352653006478,0.0523012974750296,0.385527698613671
"CR-Ec","Model A","Humidity",80.9705891018676,0.0513913757976865,0.378820407836568
"CR-Ec","Model A","Humidity",81.1059129030873,0.050456330868876,0.371927926446851
"CR-Ec","Model A","Humidity",81.241236704307,0.04949472116329,0.364839628552594
"CR-Ec","Model A","Humidity",81.3765605055268,0.0485059194306159,0.357550890513828
"CR-Ec","Model A","Humidity",81.5118843067465,0.0474959261287194,0.350105943407473
"CR-Ec","Model A","Humidity",81.6472081079663,0.0464656201768884,0.342511265996897
"CR-Ec","Model A","Humidity",81.782531909186,0.0454158603514801,0.334773188566219
"CR-Ec","Model A","Humidity",81.9178557104058,0.0443459075630384,0.326886263077417
"CR-Ec","Model A","Humidity",82.0531795116255,0.0432546198955226,0.31884207214346
"CR-Ec","Model A","Humidity",82.1885033128453,0.0421471860063375,0.310678862829806
"CR-Ec","Model A","Humidity",82.323827114065,0.041024474695426,0.302403039307265
"CR-Ec","Model A","Humidity",82.4591509152847,0.0398873816230511,0.294021203741684
"CR-Ec","Model A","Humidity",82.5944747165045,0.0387360000452109,0.285534043549476
"CR-Ec","Model A","Humidity",82.7297985177242,0.0375697279593862,0.276937121199318
"CR-Ec","Model A","Humidity",82.865122318944,0.0363931304197894,0.268264087000657
"CR-Ec","Model A","Humidity",83.0004461201637,0.0352074140574013,0.259523835372706
"CR-Ec","Model A","Humidity",83.1357699213835,0.0340138467832723,0.250725712447453
"CR-Ec","Model A","Humidity",83.2710937226032,0.0328135517543778,0.241877997333539
"CR-Ec","Model A","Humidity",83.4064175238229,0.0316078381821686,0.232990340599917
"CR-Ec","Model A","Humidity",83.5417413250427,0.0304001271463541,0.224087959995494
"CR-Ec","Model A","Humidity",83.6770651262624,0.0291921182428459,0.215183383723812
"CR-Ec","Model A","Humidity",83.8123889274822,0.0279855671241228,0.206289553197272
"CR-Ec","Model A","Humidity",83.9477127287019,0.026782454731274,0.197421070494524
"CR-Ec","Model A","Humidity",84.0830365299217,0.0255873620122041,0.188611703081929
"CR-Ec","Model A","Humidity",84.2183603311414,0.0244012926384408,0.179868849307002
"CR-Ec","Model A","Humidity",84.3536841323611,0.023226260603171,0.171207354884781
"CR-Ec","Model A","Humidity",84.4890079335809,0.0220642877552397,0.162642123436586
"CR-Ec","Model A","Humidity",84.6243317348006,0.0209175138038225,0.154188927365665
"CR-Ec","Model A","Humidity",84.7596555360204,0.0197946195368408,0.145911755222037
"CR-Ec","Model A","Humidity",84.8949793372401,0.0186927028768753,0.137789214969887
"CR-Ec","Model A","Humidity",85.0303031384599,0.017613637700757,0.129835119486851
"CR-Ec","Model A","Humidity",85.1656269396796,0.0165592377309499,0.122062838235662
"CR-Ec","Model A","Humidity",85.3009507408994,0.0155312555629074,0.114485290094518
"CR-Ec","Model A","Humidity",85.4362745421191,0.0145409913356979,0.107185771593705
"CR-Ec","Model A","Humidity",85.5715983433388,0.0135820932502402,0.100117461820548
"CR-Ec","Model A","Humidity",85.7069221445586,0.0126553568732802,0.0932862251231878
"CR-Ec","Model A","Humidity",85.8422459457783,0.01176190230663,0.0867003180897914
"CR-Ec","Model A","Humidity",85.9775697469981,0.0109027374562744,0.08036717028126
"CR-Ec","Model A","Humidity",86.1128935482178,0.0100892569515729,0.0743707747426138
"CR-Ec","Model A","Humidity",86.2482173494376,0.00931334087324933,0.0686512772457069
"CR-Ec","Model A","Humidity",86.3835411506573,0.00857399879517427,0.0632013770786105
"CR-Ec","Model A","Humidity",86.518864951877,0.00787141057950227,0.0580224000562826
"CR-Ec","Model A","Humidity",86.6541887530968,0.00720563508078831,0.0531147800123418
"CR-Ec","Model A","Humidity",86.7895125543165,0.00658629050116633,0.0485494154428584
"CR-Ec","Model A","Humidity",86.9248363555363,0.00600509426496587,0.0442652531332663
"CR-Ec","Model A","Humidity",87.060160156756,0.00545935432567883,0.0402424492451725
"CR-Ec","Model A","Humidity",87.1954839579758,0.00494840411976156,0.0364760903496305
"CR-Ec","Model A","Humidity",87.3308077591955,0.00447148878687763,0.0329606121569892
"CR-Ec","Model A","Humidity",87.4661315604152,0.00403550283143071,0.0297468360147895
"CR-Ec","Model A","Humidity",87.601455361635,0.0036332983051611,0.0267820723689402
"CR-Ec","Model A","Humidity",87.7367791628547,0.00326114613034919,0.0240388331298408
"CR-Ec","Model A","Humidity",87.8721029640745,0.00291787531270133,0.0215084865664081
"CR-Ec","Model A","Humidity",88.0074267652942,0.00260227858431094,0.0191821335644689
"CR-Ec","Model A","Humidity",88.142750566514,0.00231855698924841,0.017090741211465
"CR-Ec","Model A","Humidity",88.2780743677337,0.00206135537461718,0.0151948351564415
"CR-Ec","Model A","Humidity",88.4133981689534,0.00182677412649586,0.0134656702390833
"CR-Ec","Model A","Humidity",88.5487219701732,0.00161353277188772,0.0118938077297337
"CR-Ec","Model A","Humidity",88.6840457713929,0.00142036014845879,0.0104698775302721
"CR-Ec","Model A","Humidity",88.8193695726127,0.00124940280389612,0.00920970245255404
"CR-Ec","Model A","Humidity",88.9546933738324,0.00109712794060456,0.00808724124345045
"CR-Ec","Model A","Humidity",89.0900171750522,0.000960152541189257,0.00707755672217293
"CR-Ec","Model A","Humidity",89.2253409762719,0.000837372264953596,0.00617250848020753
"CR-Ec","Model A","Humidity",89.3606647774917,0.000727717147658643,0.00536420950766064
"CR-Ec","Model A","Humidity",89.4959885787114,0.000632065576819966,0.00465913464805848
"CR-Ec","Model A","Humidity",89.6313123799311,0.000548346449816601,0.00404201721652702
"CR-Ec","Model A","Humidity",89.7666361811509,0.00047402064411931,0.00349414062069755
"CR-Ec","Model A","Humidity",89.9019599823706,0.000408280851362931,0.00300955396162267
"CR-Ec","Model A","Humidity",90.0372837835904,0.000350359100648075,0.00258259630797298
"CR-Ec","Model A","Humidity",90.1726075848101,0.000300497091042172,0.00221504929213089
"CR-Ec","Model A","Humidity",90.3079313860299,0.000257608932154513,0.00189890850802069
"CR-Ec","Model A","Humidity",90.4432551872496,0.000220003940137043,0.00162171144544681
"CR-Ec","Model A","Humidity",90.5785789884693,0.000187163650280091,0.00137963635397511
"CR-Ec","Model A","Humidity",90.7139027896891,0.000158602049952452,0.00116910069664662
"CR-Ec","Model A","Humidity",90.8492265909088,0.000134311528285818,0.000990048371592275
"CR-Ec","Model A","Humidity",90.9845503921286,0.000113780752858915,0.000838710202498729
"CR-Ec","Model A","Humidity",91.1198741933483,9.59933773837872e-05,0.000707594412597392
"CR-Ec","Model A","Humidity",91.2551979945681,8.06501693707258e-05,0.000594495274331262
"CR-Ec","Model A","Humidity",91.3905217957878,6.74740044394686e-05,0.000497370025288885
"CR-Ec","Model A","Humidity",91.5258455970076,5.63957109714188e-05,0.000415708781849499
"CR-Ec","Model A","Humidity",91.6611693982273,4.71986544680993e-05,0.000347914669677855
"CR-Ec","Model A","Humidity",91.796493199447,3.93242925563806e-05,0.000289870514514679
"CR-Ec","Model A","Humidity",91.9318170006668,3.26149755054328e-05,0.000240414235477695
"CR-Ec","Model A","Humidity",92.0671408018865,2.69262008223108e-05,0.000198480663704206
"CR-Ec","Model A","Humidity",92.2024646031063,2.21964244911691e-05,0.000163616140796853
"CR-Ec","Model A","Humidity",92.337788404326,1.83432124209343e-05,0.000135213021688436
"CR-Ec","Model A","Humidity",92.4731122055458,1.50837157729875e-05,0.000111186347361248
"CR-Ec","Model A","Humidity",92.6084360067655,1.23413716415922e-05,9.09717509205324e-05
"CR-Ec","Model A","Humidity",92.7437598079852,1.00466491011401e-05,7.40567001916326e-05
"CR-Ec","Model A","Humidity",92.879083609205,8.16030901726852e-06,6.01519523852336e-05
"CR-Ec","Model A","Humidity",93.0144074104247,6.65438532048248e-06,4.90513616706934e-05
"CR-Ec","Model A","Humidity",93.1497312116445,5.39644116266348e-06,3.9778698475674e-05
"CR-Ec","Model A","Precipitation",0,2.11469364090873e-05,0.00569466743019899
"CR-Ec","Model A","Precipitation",6.51272015655577,2.26292629668399e-05,0.00609384377451926
"CR-Ec","Model A","Precipitation",13.0254403131115,2.41220111708967e-05,0.00649582656837102
"CR-Ec","Model A","Precipitation",19.5381604696673,2.56174390308914e-05,0.00689853096790119
"CR-Ec","Model A","Precipitation",26.0508806262231,2.71073843383281e-05,0.0072997589685392
"CR-Ec","Model A","Precipitation",32.5636007827789,2.85876149620149e-05,0.00769837089789037
"CR-Ec","Model A","Precipitation",39.0763209393346,3.0054965621132e-05,0.00809351437614683
"CR-Ec","Model A","Precipitation",45.5890410958904,3.15073452933164e-05,0.00848462631101401
"CR-Ec","Model A","Precipitation",52.1017612524462,3.29429097895882e-05,0.00887121008006323
"CR-Ec","Model A","Precipitation",58.614481409002,3.43619303060744e-05,0.00925333871381397
"CR-Ec","Model A","Precipitation",65.1272015655577,3.57723617867893e-05,0.00963315440249702
"CR-Ec","Model A","Precipitation",71.6399217221135,3.71805381516335e-05,0.0100123628100756
"CR-Ec","Model A","Precipitation",78.1526418786693,3.8594446985157e-05,0.010393114916564
"CR-Ec","Model A","Precipitation",84.665362035225,4.00237296662598e-05,0.0107780070529552
"CR-Ec","Model A","Precipitation",91.1780821917808,4.14881125184706e-05,0.0111723513292374
"CR-Ec","Model A","Precipitation",97.6908023483366,4.30077153434216e-05,0.0115815658152832
"CR-Ec","Model A","Precipitation",104.203522504892,4.45963095893906e-05,0.0120093590302112
"CR-Ec","Model A","Precipitation",110.716242661448,4.62720140760951e-05,0.0124606101986298
"CR-Ec","Model A","Precipitation",117.228962818004,4.80539766280067e-05,0.0129404756462718
"CR-Ec","Model A","Precipitation",123.74168297456,4.99622736313928e-05,0.0134543617516681
"CR-Ec","Model A","Precipitation",130.254403131115,5.20678674550088e-05,0.0140213780010489
"CR-Ec","Model A","Precipitation",136.767123287671,5.43594630873767e-05,0.0146384827560064
"CR-Ec","Model A","Precipitation",143.279843444227,5.68577975112527e-05,0.0153112602873787
"CR-Ec","Model A","Precipitation",149.792563600783,5.95839883400201e-05,0.0160453973661859
"CR-Ec","Model A","Precipitation",156.305283757339,6.25586288672749e-05,0.0168464395691514
"CR-Ec","Model A","Precipitation",162.818003913894,6.58302684852996e-05,0.0177274607826123
"CR-Ec","Model A","Precipitation",169.33072407045,6.94504044611412e-05,0.0187023287273448
"CR-Ec","Model A","Precipitation",175.843444227006,7.33860269336004e-05,0.0197621541638956
"CR-Ec","Model A","Precipitation",182.356164383562,7.76508559223854e-05,0.0209106317621621
"CR-Ec","Model A","Precipitation",188.868884540117,8.22569130043426e-05,0.0221509988176467
"CR-Ec","Model A","Precipitation",195.381604696673,8.72144613896464e-05,0.0234860191145486
"CR-Ec","Model A","Precipitation",201.894324853229,9.26048683773238e-05,0.024937604087162
"CR-Ec","Model A","Precipitation",208.407045009785,9.83908665951794e-05,0.0264957179891007
"CR-Ec","Model A","Precipitation",214.91976516634,0.000104545770129173,0.0281531745593103
"CR-Ec","Model A","Precipitation",221.432485322896,0.000111068841533451,0.0299097752106863
"CR-Ec","Model A","Precipitation",227.945205479452,0.000117957589495333,0.0317648490565847
"CR-Ec","Model A","Precipitation",234.457925636008,0.000125216579416017,0.0337196255158218
"CR-Ec","Model A","Precipitation",240.970645792564,0.000132915824781338,0.0357929585495449
"CR-Ec","Model A","Precipitation",247.483365949119,0.000140955494803197,0.0379579646826957
"CR-Ec","Model A","Precipitation",253.996086105675,0.000149325562236064,0.0402119436740941
"CR-Ec","Model A","Precipitation",260.508806262231,0.000158015460401943,0.0425520500185625
"CR-Ec","Model A","Precipitation",267.021526418787,0.000167014242736416,0.0449753359111495
"CR-Ec","Model A","Precipitation",273.534246575342,0.000176346371717159,0.047488388862792
"CR-Ec","Model A","Precipitation",280.046966731898,0.000186001747813441,0.0500884891665973
"CR-Ec","Model A","Precipitation",286.559686888454,0.000195927472327728,0.0527613917099817
"CR-Ec","Model A","Precipitation",293.07240704501,0.000206116167455735,0.0555051097209157
"CR-Ec","Model A","Precipitation",299.585127201566,0.000216562146530927,0.058318111834568
"CR-Ec","Model A","Precipitation",306.097847358121,0.000227261605732078,0.0611993737183157
"CR-Ec","Model A","Precipitation",312.610567514677,0.000238271951720127,0.06416435443611
"CR-Ec","Model A","Precipitation",319.123287671233,0.000249553311719345,0.0672023166313473
"CR-Ec","Model A","Precipitation",325.636007827789,0.000261103447952333,0.0703126576920077
"CR-Ec","Model A","Precipitation",332.148727984344,0.00027293560507191,0.0734989442762383
"CR-Ec","Model A","Precipitation",338.6614481409,0.000285066707058731,0.0767657338499321
"CR-Ec","Model A","Precipitation",345.174168297456,0.000297537179346608,0.0801239125952208
"CR-Ec","Model A","Precipitation",351.686888454012,0.000310446998121551,0.0836004031414282
"CR-Ec","Model A","Precipitation",358.199608610568,0.000323761340312804,0.0871858279691339
"CR-Ec","Model A","Precipitation",364.712328767123,0.000337520353043163,0.0908909983139786
"CR-Ec","Model A","Precipitation",371.225048923679,0.000351767999528828,0.0947277530490067
"CR-Ec","Model A","Precipitation",377.737769080235,0.000366551943356202,0.0987089275215162
"CR-Ec","Model A","Precipitation",384.250489236791,0.000382029693980144,0.102876937519079
"CR-Ec","Model A","Precipitation",390.763209393346,0.000398266844268172,0.107249446572672
"CR-Ec","Model A","Precipitation",397.275929549902,0.000415253481778141,0.111823785356565
"CR-Ec","Model A","Precipitation",403.788649706458,0.000433052369724472,0.116616855403259
"CR-Ec","Model A","Precipitation",410.301369863014,0.000451727217152485,0.121645812948454
"CR-Ec","Model A","Precipitation",416.814090019569,0.000471342322715472,0.126927973003631
"CR-Ec","Model A","Precipitation",423.326810176125,0.000492249222331843,0.132558000824618
"CR-Ec","Model A","Precipitation",429.839530332681,0.000514286290001737,0.138492372077699
"CR-Ec","Model A","Precipitation",436.352250489237,0.000537492616612997,0.144741613564561
"CR-Ec","Model A","Precipitation",442.864970645793,0.000561920861556658,0.151319905954839
"CR-Ec","Model A","Precipitation",449.377690802348,0.000587619141549507,0.158240206619503
"CR-Ec","Model A","Precipitation",455.890410958904,0.000614745596492514,0.165545101119225
"CR-Ec","Model A","Precipitation",462.40313111546,0.000643491385313305,0.173286066722299
"CR-Ec","Model A","Precipitation",468.915851272016,0.000673620460165747,0.181399538004621
"CR-Ec","Model A","Precipitation",475.428571428571,0.000705138476744821,0.189887037990681
"CR-Ec","Model A","Precipitation",481.941291585127,0.000738041132558441,0.198747408060567
"CR-Ec","Model A","Precipitation",488.454011741683,0.000772313761939131,0.207976698890497
"CR-Ec","Model A","Precipitation",494.966731898239,0.000808166296700763,0.217631443107224
"CR-Ec","Model A","Precipitation",501.479452054794,0.000845394328586165,0.22765659552491
"CR-Ec","Model A","Precipitation",507.99217221135,0.000883806697524036,0.238000678567278
"CR-Ec","Model A","Precipitation",514.504892367906,0.000923317797712082,0.248640639411701
"CR-Ec","Model A","Precipitation",521.017612524462,0.000963828996951747,0.259549917351805
"CR-Ec","Model A","Precipitation",527.530332681018,0.00100523752288088,0.270700836774812
"CR-Ec","Model A","Precipitation",534.043052837573,0.00104753341205984,0.282090714621856
"CR-Ec","Model A","Precipitation",540.555772994129,0.00109032392967199,0.293613791168423
"CR-Ec","Model A","Precipitation",547.068493150685,0.00113343820298682,0.305224052024796
"CR-Ec","Model A","Precipitation",553.581213307241,0.00117669511939614,0.316872725300285
"CR-Ec","Model A","Precipitation",560.093933463796,0.00121990393491533,0.328508445466772
"CR-Ec","Model A","Precipitation",566.606653620352,0.00126279903591368,0.340059685317543
"CR-Ec","Model A","Precipitation",573.119373776908,0.00130502717561378,0.351431318878834
"CR-Ec","Model A","Precipitation",579.632093933464,0.00134641264433664,0.362576029217033
"CR-Ec","Model A","Precipitation",586.14481409002,0.0013867334021492,0.373434023104858
"CR-Ec","Model A","Precipitation",592.657534246575,0.001425767499942,0.383945531772959
"CR-Ec","Model A","Precipitation",599.170254403131,0.00146329413835961,0.394051096069722
"CR-Ec","Model A","Precipitation",605.682974559687,0.00149864703290911,0.403571291962863
"CR-Ec","Model A","Precipitation",612.195694716243,0.00153180710515141,0.412500981811466
"CR-Ec","Model A","Precipitation",618.708414872798,0.00156269115238975,0.420817759926205
"CR-Ec","Model A","Precipitation",625.221135029354,0.0015911223736206,0.428474015490227
"CR-Ec","Model A","Precipitation",631.73385518591,0.001616937028312,0.435425654746579
"CR-Ec","Model A","Precipitation",638.246575342466,0.0016398601047565,0.441598619676495
"CR-Ec","Model A","Precipitation",644.759295499022,0.00165915615963431,0.446794862438012
"CR-Ec","Model A","Precipitation",651.272015655577,0.00167538681802927,0.451165623286982
"CR-Ec","Model A","Precipitation",657.784735812133,0.00168848726353492,0.454693447785949
"CR-Ec","Model A","Precipitation",664.297455968689,0.00169841199809196,0.457366083743329
"CR-Ec","Model A","Precipitation",670.810176125245,0.00170513488598662,0.459176493061727
"CR-Ec","Model A","Precipitation",677.3228962818,0.0017081929484757,0.46
"CR-Ec","Model A","Precipitation",683.835616438356,0.00170767504641028,0.459860533934234
"CR-Ec","Model A","Precipitation",690.348336594912,0.00170406439822869,0.458888220961619
"CR-Ec","Model A","Precipitation",696.861056751468,0.00169744007139221,0.457104353192172
"CR-Ec","Model A","Precipitation",703.373776908024,0.00168789593712915,0.454534209248583
"CR-Ec","Model A","Precipitation",709.886497064579,0.00167553989925069,0.451206846593702
"CR-Ec","Model A","Precipitation",716.399217221135,0.00165989087572572,0.446992714444338
"CR-Ec","Model A","Precipitation",722.911937377691,0.00164172312969537,0.442100314448532
"CR-Ec","Model A","Precipitation",729.424657534247,0.00162126762201166,0.43659184215159
"CR-Ec","Model A","Precipitation",735.937377690802,0.00159868219247235,0.430509802299269
"CR-Ec","Model A","Precipitation",742.450097847358,0.00157412814071889,0.423897631340088
"CR-Ec","Model A","Precipitation",748.962818003914,0.00154765609985437,0.416768964283741
"CR-Ec","Model A","Precipitation",755.47553816047,0.00151930473104895,0.409134212213063
"CR-Ec","Model A","Precipitation",761.988258317025,0.00148959728347676,0.401134281118979
"CR-Ec","Model A","Precipitation",768.500978473581,0.00145869002967163,0.392811253698073
"CR-Ec","Model A","Precipitation",775.013698630137,0.00142673503981721,0.384206080994282
"CR-Ec","Model A","Precipitation",781.526418786693,0.00139387983743854,0.375358489679921
"CR-Ec","Model A","Precipitation",788.039138943249,0.00136017212636729,0.36628132593995
"CR-Ec","Model A","Precipitation",794.551859099804,0.00132586488510059,0.357042714460631
"CR-Ec","Model A","Precipitation",801.06457925636,0.00129115301346638,0.347695139898878
"CR-Ec","Model A","Precipitation",807.577299412916,0.00125615266752796,0.33826988197
"CR-Ec","Model A","Precipitation",814.090019569472,0.00122097496185265,0.328796862762724
"CR-Ec","Model A","Precipitation",820.602739726027,0.00118572617205404,0.319304701281886
"CR-Ec","Model A","Precipitation",827.115459882583,0.00115056149832476,0.309835191452857
"CR-Ec","Model A","Precipitation",833.628180039139,0.00111559155708683,0.300418121218606
"CR-Ec","Model A","Precipitation",840.140900195695,0.00108090475158255,0.291077296725561
"CR-Ec","Model A","Precipitation",846.65362035225,0.00104658697436878,0.281835848016609
"CR-Ec","Model A","Precipitation",853.166340508806,0.00101272177631917,0.272716274541773
"CR-Ec","Model A","Precipitation",859.679060665362,0.00097945736758226,0.263758487874503
"CR-Ec","Model A","Precipitation",866.191780821918,0.000946958824637053,0.255006941529498
"CR-Ec","Model A","Precipitation",872.704500978474,0.000915206568953966,0.246456363196264
"CR-Ec","Model A","Precipitation",879.217221135029,0.000884273622152005,0.238126416897399
"CR-Ec","Model A","Precipitation",885.729941291585,0.000854231096770432,0.230036252558614
"CR-Ec","Model A","Precipitation",892.242661448141,0.000825148084946308,0.222204476030655
"CR-Ec","Model A","Precipitation",898.755381604697,0.000797321797246861,0.214711123272602
"CR-Ec","Model A","Precipitation",905.268101761252,0.000770704095306298,0.207543231083617
"CR-Ec","Model A","Precipitation",911.780821917808,0.000745275619624275,0.20069558613568
"CR-Ec","Model A","Precipitation",918.293542074364,0.000721087373613909,0.194181923159436
"CR-Ec","Model A","Precipitation",924.80626223092,0.000698186010977195,0.188014805549982
"CR-Ec","Model A","Precipitation",931.318982387475,0.000676655456171817,0.182216833359948
"CR-Ec","Model A","Precipitation",937.831702544031,0.000656838432291683,0.176880298635931
"CR-Ec","Model A","Precipitation",944.344422700587,0.000638429896180798,0.171923056177717
"CR-Ec","Model A","Precipitation",950.857142857143,0.000621444390583188,0.16734902220698
"CR-Ec","Model A","Precipitation",957.369863013699,0.000605890018615306,0.163160378815371
"CR-Ec","Model A","Precipitation",963.882583170254,0.000591768366355936,0.159357553118715
"CR-Ec","Model A","Precipitation",970.39530332681,0.000579259440957262,0.155989019318991
"CR-Ec","Model A","Precipitation",976.908023483366,0.000568350959601357,0.153051469770977
"CR-Ec","Model A","Precipitation",983.420743639922,0.00055880837617374,0.150481743452518
"CR-Ec","Model A","Precipitation",989.933463796477,0.00055059494073724,0.148269943957524
"CR-Ec","Model A","Precipitation",996.446183953033,0.000543667823386786,0.146404537602784
"CR-Ec","Model A","Precipitation",1002.95890410959,0.000537978267280294,0.144872394637716
"CR-Ec","Model A","Precipitation",1009.47162426614,0.000533722597536581,0.143726383536421
"CR-Ec","Model A","Precipitation",1015.9843444227,0.000530583732507915,0.142881117248163
"CR-Ec","Model A","Precipitation",1022.49706457926,0.000528441279212506,0.142304175096067
"CR-Ec","Model A","Precipitation",1029.00978473581,0.000527219659744186,0.141975204673885
"CR-Ec","Model A","Precipitation",1035.52250489237,0.000526840219594318,0.141873025075793
"CR-Ec","Model A","Precipitation",1042.03522504892,0.000527259932541852,0.141986049752565
"CR-Ec","Model A","Precipitation",1048.54794520548,0.000528453645919089,0.142307505331702
"CR-Ec","Model A","Precipitation",1055.06066536204,0.000530172575051229,0.142770396483132
"CR-Ec","Model A","Precipitation",1061.57338551859,0.00053233039814914,0.143351477575829
"CR-Ec","Model A","Precipitation",1068.08610567515,0.000534841396893171,0.144027665487321
"CR-Ec","Model A","Precipitation",1074.5988258317,0.000537620766249393,0.144776123034229
"CR-Ec","Model A","Precipitation",1081.11154598826,0.000540594313440926,0.145576870812357
"CR-Ec","Model A","Precipitation",1087.62426614481,0.000543632265476256,0.146394962198051
"CR-Ec","Model A","Precipitation",1094.13698630137,0.000546641910570754,0.147205430795703
"CR-Ec","Model A","Precipitation",1100.64970645793,0.00054955309714838,0.147989385457793
"CR-Ec","Model A","Precipitation",1107.16242661448,0.000552299449724717,0.148728951902112
"CR-Ec","Model A","Precipitation",1113.67514677104,0.000554818552863653,0.149407322249528
"CR-Ec","Model A","Precipitation",1120.18786692759,0.000556954703050235,0.149982567034787
"CR-Ec","Model A","Precipitation",1126.70058708415,0.000558717157598692,0.150457179163946
"CR-Ec","Model A","Precipitation",1133.2133072407,0.000560069161333599,0.150821260820303
"CR-Ec","Model A","Precipitation",1139.72602739726,0.000560975278791039,0.151065269572824
"CR-Ec","Model A","Precipitation",1146.23874755382,0.00056140489605002,0.151180961385805
"CR-Ec","Model A","Precipitation",1152.75146771037,0.000561284590299477,0.151148564199469
"CR-Ec","Model A","Precipitation",1159.26418786693,0.00056053800499363,0.150947515927377
"CR-Ec","Model A","Precipitation",1165.77690802348,0.000559250242683522,0.150600733871417
"CR-Ec","Model A","Precipitation",1172.28962818004,0.000557416927242958,0.150107039582718
"CR-Ec","Model A","Precipitation",1178.80234833659,0.000555037497282889,0.149466281884585
"CR-Ec","Model A","Precipitation",1185.31506849315,0.000552115048500919,0.148679294418733
"CR-Ec","Model A","Precipitation",1191.82778864971,0.00054855713420203,0.147721182175647
"CR-Ec","Model A","Precipitation",1198.34050880626,0.000544440026003123,0.146612484371229
"CR-Ec","Model A","Precipitation",1204.85322896282,0.000539824764673529,0.145369638700013
"CR-Ec","Model A","Precipitation",1211.36594911937,0.000534729552049349,0.143997546742126
"CR-Ec","Model A","Precipitation",1217.87866927593,0.000529174079301496,0.142501511141293
"CR-Ec","Model A","Precipitation",1224.39138943249,0.000523171879187532,0.140885176139508
"CR-Ec","Model A","Precipitation",1230.90410958904,0.000516656728768816,0.139130708533677
"CR-Ec","Model A","Precipitation",1237.4168297456,0.00050976438614842,0.13727466668067
"CR-Ec","Model A","Precipitation",1243.92954990215,0.000502517440604758,0.135323133656805
"CR-Ec","Model A","Precipitation",1250.44227005871,0.000494938057144137,0.133282078285983
"CR-Ec","Model A","Precipitation",1256.95499021526,0.000487047873917054,0.131157327514885
"CR-Ec","Model A","Precipitation",1263.46771037182,0.00047883668903776,0.128946134073392
"CR-Ec","Model A","Precipitation",1269.98043052838,0.000470325244131669,0.126654083482564
"CR-Ec","Model A","Precipitation",1276.49315068493,0.000461575632817893,0.124297896959297
"CR-Ec","Model A","Precipitation",1283.00587084149,0.000452604512611314,0.121882060212805
"CR-Ec","Model A","Precipitation",1289.51859099804,0.000443427728327546,0.119410840100171
"CR-Ec","Model A","Precipitation",1296.0313111546,0.000434060368568543,0.116888299837382
"CR-Ec","Model A","Precipitation",1302.54403131115,0.000424482866860958,0.114309170360574
"CR-Ec","Model A","Precipitation",1309.05675146771,0.000414744105548014,0.111686615216583
"CR-Ec","Model A","Precipitation",1315.56947162427,0.000404867051919452,0.109026819276556
"CR-Ec","Model A","Precipitation",1322.08219178082,0.000394865827708075,0.10633358538788
"CR-Ec","Model A","Precipitation",1328.59491193738,0.00038475506394067,0.103610853545931
"CR-Ec","Model A","Precipitation",1335.10763209393,0.000374546675118976,0.100861832211913
"CR-Ec","Model A","Precipitation",1341.62035225049,0.000364252659492267,0.0980897523994353
"CR-Ec","Model A","Precipitation",1348.13307240704,0.00035391367984567,0.0953055642070661
"CR-Ec","Model A","Precipitation",1354.6457925636,0.000343550657259017,0.0925149014812221
"CR-Ec","Model A","Precipitation",1361.15851272016,0.000333185911774198,0.0897237747954042
"CR-Ec","Model A","Precipitation",1367.67123287671,0.000322843149156338,0.0869385678851068
"CR-Ec","Model A","Precipitation",1374.18395303327,0.000312561039108369,0.0841696941309527
"CR-Ec","Model A","Precipitation",1380.69667318982,0.000302380784944713,0.0814282491908711
"CR-Ec","Model A","Precipitation",1387.20939334638,0.000292324726356799,0.078720248929795
"CR-Ec","Model A","Precipitation",1393.72211350294,0.000282422159434857,0.0760535825042264
"CR-Ec","Model A","Precipitation",1400.23483365949,0.000272702501538157,0.0734361717272577
"CR-Ec","Model A","Precipitation",1406.74755381605,0.000263195099182504,0.0708759193345153
"CR-Ec","Model A","Precipitation",1413.2602739726,0.000254001308291398,0.0684001195054139
"CR-Ec","Model A","Precipitation",1419.77299412916,0.000245101549247055,0.0660034996364167
"CR-Ec","Model A","Precipitation",1426.28571428571,0.00023651352680606,0.0636908274488965
"CR-Ec","Model A","Precipitation",1432.79843444227,0.000228258615178622,0.0614678588129413
"CR-Ec","Model A","Precipitation",1439.31115459883,0.000220355724984635,0.0593396861773628
"CR-Ec","Model A","Precipitation",1445.82387475538,0.000212851075745941,0.0573187560167039
"CR-Ec","Model A","Precipitation",1452.33659491194,0.000205806565810158,0.0554217369631176
"CR-Ec","Model A","Precipitation",1458.84931506849,0.000199153178400767,0.0536300434597281
"CR-Ec","Model A","Precipitation",1465.36203522505,0.00019289137121381,0.0519437987596955
"CR-Ec","Model A","Precipitation",1471.8747553816,0.00018701820570343,0.0503622115407659
"CR-Ec","Model A","Precipitation",1478.38747553816,0.000181527390715594,0.0488835876554148
"CR-Ec","Model A","Precipitation",1484.90019569472,0.000176471764891348,0.0475221560435887
"CR-Ec","Model A","Precipitation",1491.41291585127,0.000171796899073222,0.0462632594545019
"CR-Ec","Model A","Precipitation",1497.92563600783,0.000167447461185662,0.0450919974901771
"CR-Ec","Model A","Precipitation",1504.43835616438,0.000163401542965576,0.0440024704652001
"CR-Ec","Model A","Precipitation",1510.95107632094,0.000159635598272265,0.0429883376294047
"CR-Ec","Model A","Precipitation",1517.46379647749,0.000156125993751791,0.0420432347469355
"CR-Ec","Model A","Precipitation",1523.97651663405,0.000152893797807301,0.0411728353369671
"CR-Ec","Model A","Precipitation",1530.48923679061,0.000149843707106807,0.0403514751250078
"CR-Ec","Model A","Precipitation",1537.00195694716,0.000146949811388589,0.0395721767257445
"CR-Ec","Model A","Precipitation",1543.51467710372,0.000144187145517508,0.0388282172673991
"CR-Ec","Model A","Precipitation",1550.02739726027,0.00014153187442141,0.0381131781933325
"CR-Ec","Model A","Precipitation",1556.54011741683,0.000138967499107629,0.0374226164828466
"CR-Ec","Model A","Precipitation",1563.05283757339,0.000136468093111034,0.0367495503872047
"CR-Ec","Model A","Precipitation",1569.56555772994,0.000134004968980976,0.0360862546507145
"CR-Ec","Model A","Precipitation",1576.0782778865,0.000131565559821936,0.0354293451287779
"CR-Ec","Model A","Precipitation",1582.59099804305,0.000129139662897354,0.0347760743221612
"CR-Ec","Model A","Precipitation",1589.10371819961,0.000126719457600359,0.0341243362163395
"CR-Ec","Model A","Precipitation",1595.61643835616,0.000124299357991341,0.0334726265712776
"CR-Ec","Model A","Precipitation",1602.12915851272,0.000121878319765503,0.0328206641656962
"CR-Ec","Model A","Precipitation",1608.64187866928,0.00011945927651117,0.0321692389868334
"CR-Ec","Model A","Precipitation",1615.15459882583,0.000117046939064118,0.031519619617643
"CR-Ec","Model A","Precipitation",1621.66731898239,0.000114647660880233,0.0308735169829424
"CR-Ec","Model A","Precipitation",1628.18003913894,0.000112270577452583,0.0302333911835153
"CR-Ec","Model A","Precipitation",1634.6927592955,0.000109936844810133,0.0296049393353299
"CR-Ec","Model A","Precipitation",1641.20547945205,0.000107652806687002,0.0289898697452242
"CR-Ec","Model A","Precipitation",1647.71819960861,0.000105430125183824,0.0283913229051999
"CR-Ec","Model A","Precipitation",1654.23091976517,0.000103280508244302,0.0278124516523579
"CR-Ec","Model A","Precipitation",1660.74363992172,0.000101215570556002,0.0272563837108143
"CR-Ec","Model A","Precipitation",1667.25636007828,9.92620988663398e-05,0.0267303324950857
"CR-Ec","Model A","Precipitation",1673.76908023483,9.74359476213274e-05,0.0262385674556297
"CR-Ec","Model A","Precipitation",1680.28180039139,9.57318942524188e-05,0.0257796822047583
"CR-Ec","Model A","Precipitation",1686.79452054795,9.41569464542405e-05,0.0253555638475151
"CR-Ec","Model A","Precipitation",1693.3072407045,9.27167942551522e-05,0.0249677446540383
"CR-Ec","Model A","Precipitation",1699.81996086106,9.14157432530744e-05,0.024617384080609
"CR-Ec","Model A","Precipitation",1706.33268101761,9.0290412442536e-05,0.0243143432717182
"CR-Ec","Model A","Precipitation",1712.84540117417,8.93111977220008e-05,0.0240506501263694
"CR-Ec","Model A","Precipitation",1719.35812133072,8.84698180345293e-05,0.0238240746352445
"CR-Ec","Model A","Precipitation",1725.87084148728,8.77615785120768e-05,0.0236333525153465
"CR-Ec","Model A","Precipitation",1732.38356164384,8.71803225623958e-05,0.0234768258553507
"CR-Ec","Model A","Precipitation",1738.89628180039,8.67253829005422e-05,0.0233543149618129
"CR-Ec","Model A","Precipitation",1745.40900195695,8.63975215309641e-05,0.0232660250352326
"CR-Ec","Model A","Precipitation",1751.9217221135,8.61600236620852e-05,0.0232020691338915
"CR-Ec","Model A","Precipitation",1758.43444227006,8.60003711989096e-05,0.0231590762547052
"CR-Ec","Model A","Precipitation",1764.94716242661,8.59055218292679e-05,0.0231335342279253
"CR-Ec","Model A","Precipitation",1771.45988258317,8.58620225208176e-05,0.0231218202807948
"CR-Ec","Model A","Precipitation",1777.97260273973,8.58587778177525e-05,0.023120946513337
"CR-Ec","Model A","Precipitation",1784.48532289628,8.58730792225336e-05,0.0231247977446661
"CR-Ec","Model A","Precipitation",1790.99804305284,8.58884852202176e-05,0.0231289464322842
"CR-Ec","Model A","Precipitation",1797.51076320939,8.58930394786733e-05,0.0231301728504658
"CR-Ec","Model A","Precipitation",1804.02348336595,8.58756393721675e-05,0.0231254871684415
"CR-Ec","Model A","Precipitation",1810.5362035225,8.58261302293983e-05,0.0231121548304909
"CR-Ec","Model A","Precipitation",1817.04892367906,8.57213740907207e-05,0.0230839450056964
"CR-Ec","Model A","Precipitation",1823.56164383562,8.55641721164301e-05,0.0230416120196961
"CR-Ec","Model A","Precipitation",1830.07436399217,8.5350796795172e-05,0.0229841520893842
"CR-Ec","Model A","Precipitation",1836.58708414873,8.50786541904214e-05,0.0229108666924992
"CR-Ec","Model A","Precipitation",1843.09980430528,8.47465293256408e-05,0.0228214286474964
"CR-Ec","Model A","Precipitation",1849.61252446184,8.43492074120636e-05,0.0227144336617083
"CR-Ec","Model A","Precipitation",1856.1252446184,8.38856253521015e-05,0.0225895954531366
"CR-Ec","Model A","Precipitation",1862.63796477495,8.33710426982444e-05,0.0224510232731112
"CR-Ec","Model A","Precipitation",1869.15068493151,8.2810775079057e-05,0.0223001485694917
"CR-Ec","Model A","Precipitation",1875.66340508806,8.22107730919347e-05,0.022138573781162
"CR-Ec","Model A","Precipitation",1882.17612524462,8.15775164237219e-05,0.021968043825727
"CR-Ec","Model A","Precipitation",1888.68884540117,8.09149515254866e-05,0.0217896214446604
"CR-Ec","Model A","Precipitation",1895.20156555773,8.02362522552323e-05,0.0216068542317437
"CR-Ec","Model A","Precipitation",1901.71428571429,7.95496853974394e-05,0.0214219683528583
"CR-Ec","Model A","Precipitation",1908.22700587084,7.8860995991574e-05,0.0212365108921067
"CR-Ec","Model A","Precipitation",1914.7397260274,7.8175232592582e-05,0.0210518413769809
"CR-Ec","Model A","Precipitation",1921.25244618395,7.74969139132356e-05,0.0208691766535503
"CR-Ec","Model A","Precipitation",1927.76516634051,7.68322296249608e-05,0.0206901835410455
"CR-Ec","Model A","Precipitation",1934.27788649706,7.61795698825938e-05,0.0205144285235829
"CR-Ec","Model A","Precipitation",1940.79060665362,7.55379572117901e-05,0.0203416483766838
"CR-Ec","Model A","Precipitation",1947.30332681018,7.49052580921681e-05,0.0201712685637442
"CR-Ec","Model A","Precipitation",1953.81604696673,7.42782087415905e-05,0.0200024101794948
"CR-Ec","Model A","Precipitation",1960.32876712329,7.36513838341461e-05,0.0198336122356316
"CR-Ec","Model A","Precipitation",1966.84148727984,7.30150037334935e-05,0.0196622411697567
"CR-Ec","Model A","Precipitation",1973.3542074364,7.23614111230575e-05,0.0194862349398581
"CR-Ec","Model A","Precipitation",1979.86692759295,7.16825393681524e-05,0.0193034212784769
"CR-Ec","Model A","Precipitation",1986.37964774951,7.09699942384344e-05,0.0191115396997813
"CR-Ec","Model A","Precipitation",1992.89236790607,7.02151573092403e-05,0.0189082693445564
"CR-Ec","Model A","Precipitation",1999.40508806262,6.93945774412307e-05,0.0186872950455926
"CR-Ec","Model A","Precipitation",2005.91780821918,6.85061475716829e-05,0.0184480493910799
"CR-Ec","Model A","Precipitation",2012.43052837573,6.75453303457772e-05,0.0181893105148241
"CR-Ec","Model A","Precipitation",2018.94324853229,6.6505843415614e-05,0.0179093866407081
"CR-Ec","Model A","Precipitation",2025.45596868885,6.53823105856286e-05,0.0176068300107592
"CR-Ec","Model A","Precipitation",2031.9686888454,6.41654153053141e-05,0.0172791317671596
"CR-Ec","Model A","Precipitation",2038.48140900196,6.28362589721324e-05,0.0169212026972561
"CR-Ec","Model A","Precipitation",2044.99412915851,6.14147879702192e-05,0.0165384141712506
"CR-Ec","Model A","Precipitation",2051.50684931507,5.99026326573349e-05,0.0161312052288723
"CR-Ec","Model A","Precipitation",2058.01956947162,5.83027295020727e-05,0.0157003666329881
"CR-Ec","Model A","Precipitation",2064.53228962818,5.66193039445549e-05,0.0152470362541517
"CR-Ec","Model A","Precipitation",2071.04500978474,5.48476548660286e-05,0.0147699481261101
"CR-Ec","Model A","Precipitation",2077.55772994129,5.30024383843952e-05,0.0142730490010383
"CR-Ec","Model A","Precipitation",2084.07045009785,5.11024027361623e-05,0.0137613875994577
"CR-Ec","Model A","Precipitation",2090.5831702544,4.91578820424284e-05,0.0132377468012003
"CR-Ec","Model A","Precipitation",2097.09589041096,4.71798723929718e-05,0.012705087747923
"CR-Ec","Model A","Precipitation",2103.60861056751,4.51799498215393e-05,0.0121665277546389
"CR-Ec","Model A","Precipitation",2110.12133072407,4.31731687162227e-05,0.0116261208238707
"CR-Ec","Model A","Precipitation",2116.63405088063,4.11781934281721e-05,0.0110888930866165
"CR-Ec","Model A","Precipitation",2123.14677103718,3.92073053151026e-05,0.0105581517948783
"CR-Ec","Model A","Precipitation",2129.65949119374,3.72723506468499e-05,0.0100370870356598
"CR-Ec","Model A","Precipitation",2136.17221135029,3.53847612821132e-05,0.0095287772990146
"CR-Ec","Model A","Precipitation",2142.68493150685,3.35615448867131e-05,0.00903780258644923
"CR-Ec","Model A","Precipitation",2149.1976516634,3.18250120036565e-05,0.00857017091350569
"CR-Ec","Model A","Precipitation",2155.71037181996,3.01716344128372e-05,0.00812493216430259
"CR-Ec","Model A","Precipitation",2162.22309197652,2.86082433222831e-05,0.00770392591773273
"CR-Ec","Model A","Precipitation",2168.73581213307,2.71406087636168e-05,0.00730870598804683
"CR-Ec","Model A","Precipitation",2175.24853228963,2.57734135965864e-05,0.00694053342452278
"CR-Ec","Model A","Precipitation",2181.76125244618,2.45298695222777e-05,0.00660565891594197
"CR-Ec","Model A","Precipitation",2188.27397260274,2.34019393706157e-05,0.00630191812938301
"CR-Ec","Model A","Precipitation",2194.7866927593,2.23794538571217e-05,0.00602657257393684
"CR-Ec","Model A","Precipitation",2201.29941291585,2.14606082305642e-05,0.00577913624738274
"CR-Ec","Model A","Precipitation",2207.81213307241,2.06426001972479e-05,0.00555885451886884
"CR-Ec","Model A","Precipitation",2214.32485322896,1.99227098089308e-05,0.00536499493238515
"CR-Ec","Model A","Precipitation",2220.83757338552,1.93164403564572e-05,0.00520173237566594
"CR-Ec","Model A","Precipitation",2227.35029354207,1.87915489166531e-05,0.00506038413832229
"CR-Ec","Model A","Precipitation",2233.86301369863,1.83409536863259e-05,0.00493904315858376
"CR-Ec","Model A","Precipitation",2240.37573385519,1.79572217680439e-05,0.00483570782836404
"CR-Ec","Model A","Precipitation",2246.88845401174,1.76326402140944e-05,0.00474830112471852
"CR-Ec","Model A","Precipitation",2253.4011741683,1.73637227506419e-05,0.00467588422749475
"CR-Ec","Model A","Precipitation",2259.91389432485,1.7140260261706e-05,0.00461570791954182
"CR-Ec","Model A","Precipitation",2266.42661448141,1.69466560621251e-05,0.00456357216293029
"CR-Ec","Model A","Precipitation",2272.93933463796,1.6775831159827e-05,0.00451757065289758
"CR-Ec","Model A","Precipitation",2279.45205479452,1.66211693444392e-05,0.00447592170736022
"CR-Ec","Model A","Precipitation",2285.96477495108,1.64765681298989e-05,0.00443698198527091
"CR-Ec","Model A","Precipitation",2292.47749510763,1.63360039952962e-05,0.00439912941014177
"CR-Ec","Model A","Precipitation",2298.99021526419,1.61930074658664e-05,0.00436062181438312
"CR-Ec","Model A","Precipitation",2305.50293542074,1.60446191156602e-05,0.00432066225293208
"CR-Ec","Model A","Precipitation",2312.0156555773,1.58888488186254e-05,0.00427871480390417
"CR-Ec","Model A","Precipitation",2318.52837573386,1.57244638528743e-05,0.00423444750710203
"CR-Ec","Model A","Precipitation",2325.04109589041,1.55506501564836e-05,0.00418764114344676
"CR-Ec","Model A","Precipitation",2331.55381604697,1.53668749419595e-05,0.00413815223836929
"CR-Ec","Model A","Precipitation",2338.06653620352,1.51772794567808e-05,0.00408709599015094
"CR-Ec","Model A","Precipitation",2344.57925636008,1.49843367402778e-05,0.00403513836459666
"CR-Ec","Model A","Precipitation",2351.09197651663,1.47909084205718e-05,0.0039830499707509
"CR-Ec","Model A","Precipitation",2357.60469667319,1.46001901191243e-05,0.00393169135886568
"CR-Ec","Model A","Precipitation",2364.11741682975,1.44173645668733e-05,0.00388245818874252
"CR-Ec","Model A","Precipitation",2370.6301369863,1.42480263128015e-05,0.00383685701883807
"CR-Ec","Model A","Precipitation",2377.14285714286,1.40947506361967e-05,0.00379558134719857
"CR-Ec","Model A","Precipitation",2383.65557729941,1.39607614221765e-05,0.00375949933520788
"CR-Ec","Model A","Precipitation",2390.16829745597,1.38489710557944e-05,0.00372939526026621
"CR-Ec","Model A","Precipitation",2396.68101761252,1.37619302552251e-05,0.00370595600634725
"CR-Ec","Model A","Precipitation",2403.19373776908,1.37087493057569e-05,0.00369163488602112
"CR-Ec","Model A","Precipitation",2409.70645792564,1.36849161778537e-05,0.00368521685294984
"CR-Ec","Model A","Precipitation",2416.21917808219,1.36895004865193e-05,0.00368645136336509
"CR-Ec","Model A","Precipitation",2422.73189823875,1.37217537738676e-05,0.00369513686472691
"CR-Ec","Model A","Precipitation",2429.2446183953,1.37802863287841e-05,0.00371089912114274
"CR-Ec","Model A","Precipitation",2435.75733855186,1.38644667018515e-05,0.00373356808933251
"CR-Ec","Model A","Precipitation",2442.27005870841,1.39723191173297e-05,0.00376261171181336
"CR-Ec","Model A","Precipitation",2448.78277886497,1.40947499826476e-05,0.00379558117120405
"CR-Ec","Model A","Precipitation",2455.29549902153,1.42271517064103e-05,0.00383123568727331
"CR-Ec","Model A","Precipitation",2461.80821917808,1.43645711021699e-05,0.00386824141435223
"CR-Ec","Model A","Precipitation",2468.32093933464,1.45017573697714e-05,0.00390518436225107
"CR-Ec","Model A","Precipitation",2474.83365949119,1.46306422273937e-05,0.00393989181995318
"CR-Ec","Model A","Precipitation",2481.34637964775,1.47431839352698e-05,0.00397019822396285
"CR-Ec","Model A","Precipitation",2487.85909980431,1.48346487301199e-05,0.00399482881716872
"CR-Ec","Model A","Precipitation",2494.37181996086,1.48998337314662e-05,0.00401238251369117
"CR-Ec","Model A","Precipitation",2500.88454011742,1.49338376593351e-05,0.00402153944577759
"CR-Ec","Model A","Precipitation",2507.39726027397,1.49321099710444e-05,0.00402107419586866
"CR-Ec","Model A","Precipitation",2513.90998043053,1.48781328167873e-05,0.00400653866521889
"CR-Ec","Model A","Precipitation",2520.42270058708,1.47791177142167e-05,0.00397987484646052
"CR-Ec","Model A","Precipitation",2526.93542074364,1.46331584666183e-05,0.00394056941907588
"CR-Ec","Model A","Precipitation",2533.4481409002,1.44389770497851e-05,0.00388827822338692
"CR-Ec","Model A","Precipitation",2539.96086105675,1.41959493600225e-05,0.00382283319424629
"CR-Ec","Model A","Precipitation",2546.47358121331,1.38993615538527e-05,0.00374296493875451
"CR-Ec","Model A","Precipitation",2552.98630136986,1.35476351232239e-05,0.00364824837981213
"CR-Ec","Model A","Precipitation",2559.49902152642,1.31516536304097e-05,0.003541614356497
"CR-Ec","Model A","Precipitation",2566.01174168297,1.27143313336369e-05,0.00342384765063686
"CR-Ec","Model A","Precipitation",2572.52446183953,1.22390471759935e-05,0.00329585817924191
"CR-Ec","Model A","Precipitation",2579.03718199609,1.17296100732204e-05,0.00315867164683952
"CR-Ec","Model A","Precipitation",2585.54990215264,1.11857317887754e-05,0.00301221043408955
"CR-Ec","Model A","Precipitation",2592.0626223092,1.06181158235955e-05,0.00285935689127649
"CR-Ec","Model A","Precipitation",2598.57534246575,1.00337819890185e-05,0.00270200138635811
"CR-Ec","Model A","Precipitation",2605.08806262231,9.43768790035909e-06,0.00254147895765473
"CR-Ec","Model A","Precipitation",2611.60078277886,8.83476611949747e-06,0.00237911789683673
"CR-Ec","Model A","Precipitation",2618.11350293542,8.23001957547083e-06,0.00221626544477592
"CR-Ec","Model A","Precipitation",2624.62622309198,7.63098192811892e-06,0.00205495034390996
"CR-Ec","Model A","Precipitation",2631.13894324853,7.04219231802983e-06,0.00189639494132346
"CR-Ec","Model A","Precipitation",2637.65166340509,6.46743150589998e-06,0.00174161735965995
"CR-Ec","Model A","Precipitation",2644.16438356164,5.91015155654996e-06,0.00159154720691183
"CR-Ec","Model A","Precipitation",2650.6771037182,5.37346540362406e-06,0.00144702276629392
"CR-Ec","Model A","Precipitation",2657.18982387476,4.86361732005867e-06,0.00130972556070051
"CR-Ec","Model A","Precipitation",2663.70254403131,4.38418814337146e-06,0.00118061987537795
"CR-Ec","Model A","Precipitation",2670.21526418787,3.9331329098065e-06,0.00105915502117337
"CR-Ec","Model A","Precipitation",2676.72798434442,3.51150361700179e-06,0.000945614290974694
"CR-Ec","Model A","Precipitation",2683.24070450098,3.12003970945912e-06,0.000840196810103863
"CR-Ec","Model A","Precipitation",2689.75342465753,2.75918101725704e-06,0.000743021020588351
"CR-Ec","Model A","Precipitation",2696.26614481409,2.43611835097398e-06,0.000656023338843547
"CR-Ec","Model A","Precipitation",2702.77886497065,2.14456736487025e-06,0.000577511450753039
"CR-Ec","Model A","Precipitation",2709.2915851272,1.88261765741548e-06,0.000506970903482477
"CR-Ec","Model A","Precipitation",2715.80430528376,1.6495465633617e-06,0.000444207090202243
"CR-Ec","Model A","Precipitation",2722.31702544031,1.44453154715432e-06,0.000388998509965715
"CR-Ec","Model A","Precipitation",2728.82974559687,1.26819262245374e-06,0.000341512126513159
"CR-Ec","Model A","Precipitation",2735.34246575342,1.12316887621275e-06,0.000302458620683865
"CR-Ec","Model A","Precipitation",2741.85518590998,1.00265490612407e-06,0.000270005362818433
"CR-Ec","Model A","Precipitation",2748.36790606654,9.05751687983408e-07,0.000243910254309479
"CR-Ec","Model A","Precipitation",2754.88062622309,8.31617694822175e-07,0.000223946680004482
"CR-Ec","Model A","Precipitation",2761.39334637965,7.79476321833851e-07,0.000209905507667345
"CR-Ec","Model A","Precipitation",2767.9060665362,7.51914508719054e-07,0.000202483375381809
"CR-Ec","Model A","Precipitation",2774.41878669276,7.47128654168451e-07,0.000201194590590114
"CR-Ec","Model A","Precipitation",2780.93150684931,7.62324370248263e-07,0.000205286651386261
"CR-Ec","Model A","Precipitation",2787.44422700587,7.97209772212951e-07,0.000214680956003943
"CR-Ec","Model A","Precipitation",2793.95694716243,8.51564651901038e-07,0.00022931820449442
"CR-Ec","Model A","Precipitation",2800.46966731898,9.2523508654645e-07,0.000249156946931058
"CR-Ec","Model A","Precipitation",2806.98238747554,1.02315971419643e-06,0.000275527111237839
"CR-Ec","Model A","Precipitation",2813.49510763209,1.1404763345872e-06,0.000307119353453751
"CR-Ec","Model A","Precipitation",2820.00782778865,1.27688744935845e-06,0.000343853560119788
"CR-Ec","Model A","Precipitation",2826.52054794521,1.43230129633134e-06,0.000385705020560086
"CR-Ec","Model A","Precipitation",2833.03326810176,1.60657512655079e-06,0.000432635293848292
"CR-Ec","Model A","Precipitation",2839.54598825832,1.80111158036138e-06,0.000485022097594744
"CR-Ec","Model A","Precipitation",2846.05870841487,2.0170828940915e-06,0.000543181103815036
"CR-Ec","Model A","Precipitation",2852.57142857143,2.25036667650099e-06,0.000606002192032336
"CR-Ec","Model A","Precipitation",2859.08414872798,2.50014318142302e-06,0.000673264612455429
"CR-Ec","Model A","Precipitation",2865.59686888454,2.76542289784629e-06,0.000744701899246478
"CR-Ec","Model A","Precipitation",2872.1095890411,3.04504090431216e-06,0.000820000350214255
"CR-Ec","Model A","Precipitation",2878.62230919765,3.33958631658073e-06,0.000899318608590422
"CR-Ec","Model A","Precipitation",2885.13502935421,3.64514390404752e-06,0.000981602340273161
"CR-Ec","Model A","Precipitation",2891.64774951076,3.9586090650208e-06,0.00106601550576268
"CR-Ec","Model A","Precipitation",2898.16046966732,4.27778505586588e-06,0.00115196654303851
"CR-Ec","Model A","Precipitation",2904.67318982387,4.60033622365783e-06,0.00123882648313877
"CR-Ec","Model A","Precipitation",2911.18590998043,4.92375245021727e-06,0.00132591937527962
"CR-Ec","Model A","Precipitation",2917.69863013699,5.24371808597995e-06,0.00141208305636855
"CR-Ec","Model A","Precipitation",2924.21135029354,5.55733439790559e-06,0.00149653692536182
"CR-Ec","Model A","Precipitation",2930.7240704501,5.8619780086598e-06,0.00157857453186991
"CR-Ec","Model A","Precipitation",2937.23679060665,6.15510803859353e-06,0.0016575116413398
"CR-Ec","Model A","Precipitation",2943.74951076321,6.43429080962609e-06,0.00173269288757406
"CR-Ec","Model A","Precipitation",2950.26223091976,6.69494299658084e-06,0.00180288402500158
"CR-Ec","Model A","Precipitation",2956.77495107632,6.93340311100047e-06,0.00186709904985045
"CR-Ec","Model A","Precipitation",2963.28767123288,7.15088825107489e-06,0.00192566571500587
"CR-Ec","Model A","Precipitation",2969.80039138943,7.34636002011659e-06,0.00197830439018564
"CR-Ec","Model A","Precipitation",2976.31311154599,7.5191275593886e-06,0.00202482903374891
"CR-Ec","Model A","Precipitation",2982.82583170254,7.66886069510712e-06,0.0020651507330581
"CR-Ec","Model A","Precipitation",2989.3385518591,7.79085761519091e-06,0.00209800333515356
"CR-Ec","Model A","Precipitation",2995.85127201566,7.89015478558434e-06,0.00212474311207498
"CR-Ec","Model A","Precipitation",3002.36399217221,7.96952771263203e-06,0.00214611748109724
"CR-Ec","Model A","Precipitation",3008.87671232877,8.03085943350243e-06,0.00216263352609412
"CR-Ec","Model A","Precipitation",3015.38943248532,8.07636548147647e-06,0.00217488786895787
"CR-Ec","Model A","Precipitation",3021.90215264188,8.10815499587295e-06,0.00218344848070576
"CR-Ec","Model A","Precipitation",3028.41487279843,8.12887841856844e-06,0.00218902909994929
"CR-Ec","Model A","Precipitation",3034.92759295499,8.14487315803038e-06,0.00219333633008922
"CR-Ec","Model A","Precipitation",3041.44031311155,8.15953871395304e-06,0.00219728562383291
"CR-Ec","Model A","Precipitation",3047.9530332681,8.17629155629192e-06,0.00220179700381651
"CR-Ec","Model A","Precipitation",3054.46575342466,8.19853014530836e-06,0.00220778564283805
"CR-Ec","Model A","Precipitation",3060.97847358121,8.23162284721128e-06,0.00221669719049953
"CR-Ec","Model A","Precipitation",3067.49119373777,8.28003974232588e-06,0.00222973539661822
"CR-Ec","Model A","Precipitation",3074.00391389432,8.34510953424483e-06,0.00224725806834533
"CR-Ec","Model A","Precipitation",3080.51663405088,8.42900865374595e-06,0.00226985129764356
"CR-Ec","Model A","Precipitation",3087.02935420744,8.53354520381399e-06,0.00229800198932871
"CR-Ec","Model A","Precipitation",3093.54207436399,8.66013669764401e-06,0.00233209186612733
"CR-Ec","Model A","Precipitation",3100.05479452055,8.8155616340993e-06,0.00237394631285903
"CR-Ec","Model A","Precipitation",3106.5675146771,8.99462206144233e-06,0.00242216557090672
"CR-Ec","Model A","Precipitation",3113.08023483366,9.19596866134893e-06,0.00247638628176944
"CR-Ec","Model A","Precipitation",3119.59295499022,9.41836929197151e-06,0.00253627664144905
"CR-Ec","Model A","Precipitation",3126.10567514677,9.66014696387716e-06,0.00260138505275343
"CR-Ec","Model A","Precipitation",3132.61839530333,9.9201948567963e-06,0.00267141345958507
"CR-Ec","Model A","Precipitation",3139.13111545988,1.01959410395637e-05,0.00274566926551508
"CR-Ec","Model A","Precipitation",3145.64383561644,1.04805386073663e-05,0.00282230866465673
"CR-Ec","Model A","Precipitation",3152.15655577299,1.07702789019948e-05,0.00290033295087571
"CR-Ec","Model A","Precipitation",3158.66927592955,1.10612559262536e-05,0.00297869027653877
"CR-Ec","Model A","Precipitation",3165.18199608611,1.13493968670053e-05,0.00305628387207729
"CR-Ec","Model A","Precipitation",3171.69471624266,1.16279989214284e-05,0.0031313087368907
"CR-Ec","Model A","Precipitation",3178.20743639922,1.18912913360323e-05,0.00320221086233612
"CR-Ec","Model A","Precipitation",3184.72015655577,1.21359190335792e-05,0.00326808675824823
"CR-Ec","Model A","Precipitation",3191.23287671233,1.2357898865038e-05,0.00332786380074343
"CR-Ec","Model A","Precipitation",3197.74559686888,1.25534289305694e-05,0.00338051817460952
"CR-Ec","Model A","Precipitation",3204.25831702544,1.27187444979559e-05,0.00342503607351881
"CR-Ec","Model A","Precipitation",3210.771037182,1.28403388390788e-05,0.00345778026495597
"CR-Ec","Model A","Precipitation",3217.28375733855,1.29239105838173e-05,0.00348028533536621
"CR-Ec","Model A","Precipitation",3223.79647749511,1.29674177304394e-05,0.0034920013932413
"CR-Ec","Model A","Precipitation",3230.30919765166,1.29692129006177e-05,0.00349248481537622
"CR-Ec","Model A","Precipitation",3236.82191780822,1.29280500498592e-05,0.00348140005392361
"CR-Ec","Model A","Precipitation",3243.33463796477,1.28384082871741e-05,0.00345726038581881
"CR-Ec","Model A","Precipitation",3249.84735812133,1.26974719161962e-05,0.0034193075709991
"CR-Ec","Model A","Precipitation",3256.36007827789,1.25133805069144e-05,0.00336973351770193
"CR-Ec","Model A","Precipitation",3262.87279843444,1.22872691277492e-05,0.00330884388898123
"CR-Ec","Model A","Precipitation",3269.385518591,1.20206423015134e-05,0.00323704383842024
"CR-Ec","Model A","Precipitation",3275.89823874755,1.17153615962158e-05,0.00315483466845369
"CR-Ec","Model A","Precipitation",3282.41095890411,1.13670044878187e-05,0.00306102543571704
"CR-Ec","Model A","Precipitation",3288.92367906067,1.09847247542877e-05,0.00295808116494178
"CR-Ec","Model A","Precipitation",3295.43639921722,1.05740981643012e-05,0.00284750335722846
"CR-Ec","Model A","Precipitation",3301.94911937378,1.01384793525343e-05,0.00273019538356449
"CR-Ec","Model A","Precipitation",3308.46183953033,9.68136393947889e-06,0.00260709858106737
"CR-Ec","Model A","Precipitation",3314.97455968689,9.20592720825731e-06,0.00247906802306918
"CR-Ec","Model A","Precipitation",3321.48727984344,8.71487313813684e-06,0.00234683186528795
"CR-Ec","Model A","Precipitation",3328,8.21616050138421e-06,0.00221253332886621
"CR-Kp","Model A","Temperature",-7.33256396893211,8.19875944917491e-06,3.47643896808247e-05
"CR-Kp","Model A","Temperature",-7.25494140936682,9.80645478797679e-06,4.15813413907299e-05
"CR-Kp","Model A","Temperature",-7.17731884980153,1.16670703330466e-05,4.94707256635563e-05
"CR-Kp","Model A","Temperature",-7.09969629023623,1.39314357080571e-05,5.90720904510733e-05
"CR-Kp","Model A","Temperature",-7.02207373067094,1.65537319647708e-05,7.0191154193837e-05
"CR-Kp","Model A","Temperature",-6.94445117110565,1.9569223601362e-05,8.29774454594354e-05
"CR-Kp","Model A","Temperature",-6.86682861154036,2.3018845313993e-05,9.76045355957859e-05
"CR-Kp","Model A","Temperature",-6.78920605197507,2.69822041618952e-05,0.000114409974551222
"CR-Kp","Model A","Temperature",-6.71158349240977,3.16657816278565e-05,0.000134269285357492
"CR-Kp","Model A","Temperature",-6.63396093284448,3.6982608085859e-05,0.000156813699301717
"CR-Kp","Model A","Temperature",-6.55633837327919,4.29889613619742e-05,0.000182281845689714
"CR-Kp","Model A","Temperature",-6.4787158137139,4.97428820262892e-05,0.000210919828216601
"CR-Kp","Model A","Temperature",-6.40109325414861,5.74371187487343e-05,0.000243544940024524
"CR-Kp","Model A","Temperature",-6.32347069458331,6.62516520780008e-05,0.000280920334852588
"CR-Kp","Model A","Temperature",-6.24584813501802,7.60771591450909e-05,0.000322582461740137
"CR-Kp","Model A","Temperature",-6.16822557545273,8.6981693903808e-05,0.000368819883143968
"CR-Kp","Model A","Temperature",-6.09060301588744,9.90338258887645e-05,0.000419923347687244
"CR-Kp","Model A","Temperature",-6.01298045632215,0.00011260238315031,0.000477456760512817
"CR-Kp","Model A","Temperature",-5.93535789675685,0.000127702746178042,0.000541485337991183
"CR-Kp","Model A","Temperature",-5.85773533719156,0.000144230335521361,0.00061156564221009
"CR-Kp","Model A","Temperature",-5.78011277762627,0.00016224846514471,0.000687966137117736
"CR-Kp","Model A","Temperature",-5.70249021806098,0.000181818500977504,0.000770947026601865
"CR-Kp","Model A","Temperature",-5.62486765849569,0.000203513856041966,0.000862939697249216
"CR-Kp","Model A","Temperature",-5.54724509893039,0.000227018981961357,0.000962606160453088
"CR-Kp","Model A","Temperature",-5.4696225393651,0.000252274885504798,0.00106969627304492
"CR-Kp","Model A","Temperature",-5.39199997979981,0.000279313261737302,0.00118434442847752
"CR-Kp","Model A","Temperature",-5.31437742023452,0.000308195988625657,0.00130681300178011
"CR-Kp","Model A","Temperature",-5.23675486066923,0.000339528333604084,0.00143966844865552
"CR-Kp","Model A","Temperature",-5.15913230110393,0.000372682667494842,0.00158024949510913
"CR-Kp","Model A","Temperature",-5.08150974153864,0.000407637963134288,0.00172846698173639
"CR-Kp","Model A","Temperature",-5.00388718197335,0.000444364884731671,0.00188419651888203
"CR-Kp","Model A","Temperature",-4.92626462240806,0.000482984986857646,0.00204795352238282
"CR-Kp","Model A","Temperature",-4.84864206284277,0.000523662034631601,0.00222043238929501
"CR-Kp","Model A","Temperature",-4.77101950327747,0.000565854534879188,0.00239933707960923
"CR-Kp","Model A","Temperature",-4.69339694371218,0.000609463334325979,0.00258424716349195
"CR-Kp","Model A","Temperature",-4.61577438414689,0.00065438018816507,0.0027747036611827
"CR-Kp","Model A","Temperature",-4.5381518245816,0.00070065083299275,0.00297090050505209
"CR-Kp","Model A","Temperature",-4.46052926501631,0.000748020649585332,0.00317175805836151
"CR-Kp","Model A","Temperature",-4.38290670545101,0.000796112031113204,0.0033756751921777
"CR-Kp","Model A","Temperature",-4.30528414588572,0.0008447521715408,0.00358191917414075
"CR-Kp","Model A","Temperature",-4.22766158632043,0.000893761515220666,0.00378972865217828
"CR-Kp","Model A","Temperature",-4.15003902675514,0.000942899193175164,0.00399808229336151
"CR-Kp","Model A","Temperature",-4.07241646718985,0.000991801612734594,0.00420543839161492
"CR-Kp","Model A","Temperature",-3.99479390762455,0.00104024751218475,0.00441085875275173
"CR-Kp","Model A","Temperature",-3.91717134805926,0.00108802546928136,0.00461344690391738
"CR-Kp","Model A","Temperature",-3.83954878849397,0.00113492266459338,0.00481230044790431
"CR-Kp","Model A","Temperature",-3.76192622892868,0.00118021685759501,0.00500435693956606
"CR-Kp","Model A","Temperature",-3.68430366936339,0.00122394221995793,0.00518976127366599
"CR-Kp","Model A","Temperature",-3.60668110979809,0.00126593328189486,0.00536781182501301
"CR-Kp","Model A","Temperature",-3.5290585502328,0.00130599793241247,0.00553769400434202
"CR-Kp","Model A","Temperature",-3.45143599066751,0.0013438276956904,0.00569809981210844
"CR-Kp","Model A","Temperature",-3.37381343110222,0.00137853307830764,0.00584525761723821
"CR-Kp","Model A","Temperature",-3.29619087153693,0.00141063401990283,0.00598137206841279
"CR-Kp","Model A","Temperature",-3.21856831197163,0.00144000761497129,0.00610592202156326
"CR-Kp","Model A","Temperature",-3.14094575240634,0.00146654321051873,0.00621843828573013
"CR-Kp","Model A","Temperature",-3.06332319284105,0.00148974858310962,0.00631683373450984
"CR-Kp","Model A","Temperature",-2.98570063327576,0.00150920914357664,0.00639935042641629
"CR-Kp","Model A","Temperature",-2.90807807371047,0.0015255886097806,0.00646880265872148
"CR-Kp","Model A","Temperature",-2.83045551414517,0.00153888841413211,0.00652519650513455
"CR-Kp","Model A","Temperature",-2.75283295457988,0.00154912604522122,0.0065686061207961
"CR-Kp","Model A","Temperature",-2.67521039501459,0.00155573954591671,0.00659664869440225
"CR-Kp","Model A","Temperature",-2.5975878354493,0.00155904693731893,0.00661067269940527
"CR-Kp","Model A","Temperature",-2.51996527588401,0.00155963627013368,0.00661317158911544
"CR-Kp","Model A","Temperature",-2.44234271631871,0.00155765666642233,0.00660477767107676
"CR-Kp","Model A","Temperature",-2.36472015675342,0.00155327425617186,0.00658619536985999
"CR-Kp","Model A","Temperature",-2.28709759718813,0.00154617479793019,0.00655609223848189
"CR-Kp","Model A","Temperature",-2.20947503762284,0.001537205367359,0.00651806004818223
"CR-Kp","Model A","Temperature",-2.13185247805755,0.00152680104591902,0.00647394363189437
"CR-Kp","Model A","Temperature",-2.05422991849225,0.00151525672694972,0.00642499339671102
"CR-Kp","Model A","Temperature",-1.97660735892696,0.00150288173076031,0.0063725209229796
"CR-Kp","Model A","Temperature",-1.89898479936167,0.00149011670735584,0.00631839465538157
"CR-Kp","Model A","Temperature",-1.82136223979638,0.00147765181258172,0.00626554099356304
"CR-Kp","Model A","Temperature",-1.74373968023109,0.00146589672726271,0.00621569706665011
"CR-Kp","Model A","Temperature",-1.66611712066579,0.00145527431861965,0.00617065591674134
"CR-Kp","Model A","Temperature",-1.5884945611005,0.00144641610388612,0.00613309530397034
"CR-Kp","Model A","Temperature",-1.51087200153521,0.00144057172139002,0.00610831394627865
"CR-Kp","Model A","Temperature",-1.43324944196992,0.0014377975978784,0.00609655110442696
"CR-Kp","Model A","Temperature",-1.35562688240463,0.00143861171181307,0.00610000311131225
"CR-Kp","Model A","Temperature",-1.27800432283933,0.00144354295739419,0.00612091258475844
"CR-Kp","Model A","Temperature",-1.20038176327404,0.0014540467798263,0.00616545090527284
"CR-Kp","Model A","Temperature",-1.12275920370875,0.001471368057125,0.00623889660611511
"CR-Kp","Model A","Temperature",-1.04513664414346,0.00149515232129092,0.00633974667164773
"CR-Kp","Model A","Temperature",-0.967514084578166,0.0015260066390642,0.00647057518699274
"CR-Kp","Model A","Temperature",-0.889891525012874,0.00156454708617057,0.00663399443718358
"CR-Kp","Model A","Temperature",-0.812268965447582,0.00161368766926191,0.00684236039673154
"CR-Kp","Model A","Temperature",-0.73464640588229,0.00167354894182368,0.00709618423667071
"CR-Kp","Model A","Temperature",-0.657023846316998,0.00174377261404997,0.00739394673613506
"CR-Kp","Model A","Temperature",-0.579401286751706,0.00182503495591738,0.00773851541589301
"CR-Kp","Model A","Temperature",-0.501778727186414,0.00191801837224561,0.00813278380968207
"CR-Kp","Model A","Temperature",-0.424156167621122,0.00202780832131837,0.00859831528383542
"CR-Kp","Model A","Temperature",-0.34653360805583,0.00215203211986851,0.00912504918390905
"CR-Kp","Model A","Temperature",-0.268911048490538,0.00229085726022408,0.00971369571107384
"CR-Kp","Model A","Temperature",-0.191288488925246,0.0024449855232085,0.0103672305572216
"CR-Kp","Model A","Temperature",-0.113665929359954,0.00261573696299087,0.0110912510176284
"CR-Kp","Model A","Temperature",-0.0360433697946618,0.00280913907114093,0.0119113148693003
"CR-Kp","Model A","Temperature",0.0415791897706299,0.00302066379677317,0.0128082222654245
"CR-Kp","Model A","Temperature",0.119201749335922,0.00325094851252696,0.0137846757942335
"CR-Kp","Model A","Temperature",0.196824308901214,0.00350061130074195,0.0148432962492074
"CR-Kp","Model A","Temperature",0.274446868466506,0.00377264376191872,0.0159967686183882
"CR-Kp","Model A","Temperature",0.352069428031798,0.00407069546188555,0.0172605677951919
"CR-Kp","Model A","Temperature",0.42969198759709,0.00439026904393366,0.018615624082291
"CR-Kp","Model A","Temperature",0.507314547162382,0.00473173536556825,0.0200635099901252
"CR-Kp","Model A","Temperature",0.584937106727674,0.00509541737570521,0.0216055948870762
"CR-Kp","Model A","Temperature",0.662559666292966,0.00548596045460291,0.0232615761201047
"CR-Kp","Model A","Temperature",0.740182225858257,0.00590296062145237,0.0250297407292984
"CR-Kp","Model A","Temperature",0.817804785423551,0.00634255709780288,0.0268937182372255
"CR-Kp","Model A","Temperature",0.895427344988843,0.00680456057948723,0.0288527059561283
"CR-Kp","Model A","Temperature",0.973049904554134,0.00728869941143425,0.0309055520138474
"CR-Kp","Model A","Temperature",1.05067246411943,0.00780016364083914,0.0330742632547441
"CR-Kp","Model A","Temperature",1.12829502368472,0.00833390496384639,0.0353374338547366
"CR-Kp","Model A","Temperature",1.20591758325001,0.00888708727058472,0.0376830381373362
"CR-Kp","Model A","Temperature",1.2835401428153,0.00945866947200972,0.0401066616755243
"CR-Kp","Model A","Temperature",1.36116270238059,0.0100475024585447,0.0426034320134914
"CR-Kp","Model A","Temperature",1.43878526194589,0.0106566953514581,0.04518653245098
"CR-Kp","Model A","Temperature",1.51640782151118,0.0112785334535053,0.0478232511194525
"CR-Kp","Model A","Temperature",1.59403038107647,0.0119109585129359,0.0505048606173598
"CR-Kp","Model A","Temperature",1.67165294064176,0.0125519657138691,0.0532228601219919
"CR-Kp","Model A","Temperature",1.74927550020705,0.0131996186866236,0.0559690390362968
"CR-Kp","Model A","Temperature",1.82689805977235,0.0138505766572599,0.0587292318065967
"CR-Kp","Model A","Temperature",1.90452061933764,0.0145004057172539,0.0614846377686326
"CR-Kp","Model A","Temperature",1.98214317890293,0.0151464358912948,0.0642239356898797
"CR-Kp","Model A","Temperature",2.05976573846822,0.0157859448076353,0.0669355821663793
"CR-Kp","Model A","Temperature",2.13738829803351,0.0164140459313145,0.0695988573067111
"CR-Kp","Model A","Temperature",2.21501085759881,0.0170246620202578,0.0721879923817183
"CR-Kp","Model A","Temperature",2.2926334171641,0.0176170544357134,0.074699855414477
"CR-Kp","Model A","Temperature",2.37025597672939,0.0181884045971742,0.0771224950565294
"CR-Kp","Model A","Temperature",2.44787853629468,0.0187359308325075,0.0794441164583524
"CR-Kp","Model A","Temperature",2.52550109585997,0.0192498435906366,0.0816232099536914
"CR-Kp","Model A","Temperature",2.60312365542527,0.0197281449546138,0.0836513039727017
"CR-Kp","Model A","Temperature",2.68074621499056,0.020172330926476,0.0855347418650193
"CR-Kp","Model A","Temperature",2.75836877455585,0.0205803352607149,0.0872647623339541
"CR-Kp","Model A","Temperature",2.83599133412114,0.0209502311683925,0.0888331954067332
"CR-Kp","Model A","Temperature",2.91361389368643,0.0212674316339498,0.0901781892024327
"CR-Kp","Model A","Temperature",2.99123645325173,0.0215399285471329,0.0913336309415697
"CR-Kp","Model A","Temperature",3.06885901281702,0.0217693476382965,0.0923064140479499
"CR-Kp","Model A","Temperature",3.14648157238231,0.0219552347576535,0.0930946128350997
"CR-Kp","Model A","Temperature",3.2241041319476,0.0220964308579502,0.0936933127094595
"CR-Kp","Model A","Temperature",3.30172669151289,0.022179714539848,0.0940464522776461
"CR-Kp","Model A","Temperature",3.37934925107819,0.022221012703436,0.0942215648005806
"CR-Kp","Model A","Temperature",3.45697181064348,0.0222217002766782,0.0942244802494691
"CR-Kp","Model A","Temperature",3.53459437020877,0.0221833889011772,0.0940620323089749
"CR-Kp","Model A","Temperature",3.61221692977406,0.0221046509330847,0.0937281674819348
"CR-Kp","Model A","Temperature",3.68983948933935,0.0219844137624605,0.0932183376863894
"CR-Kp","Model A","Temperature",3.76746204890465,0.0218353732409498,0.09258637588776
"CR-Kp","Model A","Temperature",3.84508460846994,0.0216608518885771,0.0918463702394516
"CR-Kp","Model A","Temperature",3.92270716803523,0.0214643557269569,0.091013186978533
"CR-Kp","Model A","Temperature",4.00032972760052,0.0212476853494641,0.0900944609831984
"CR-Kp","Model A","Temperature",4.07795228716581,0.0210184025012966,0.0891222555745343
"CR-Kp","Model A","Temperature",4.15557484673111,0.0207841113481475,0.0881288139450616
"CR-Kp","Model A","Temperature",4.2331974062964,0.0205493762489019,0.087133489894816
"CR-Kp","Model A","Temperature",4.31081996586169,0.0203188413148633,0.0861559753901346
"CR-Kp","Model A","Temperature",4.38844252542698,0.0201019450404162,0.0852362915462626
"CR-Kp","Model A","Temperature",4.46606508499227,0.0199053314783631,0.0844026104838873
"CR-Kp","Model A","Temperature",4.54368764455757,0.0197326804779547,0.0836705355042286
"CR-Kp","Model A","Temperature",4.62131020412286,0.0195887455024059,0.0830602222477294
"CR-Kp","Model A","Temperature",4.69893276368815,0.0194782394173245,0.0825916542128106
"CR-Kp","Model A","Temperature",4.77655532325344,0.019421598046356,0.0823514834034815
"CR-Kp","Model A","Temperature",4.85417788281873,0.0194132978005573,0.0823162886912591
"CR-Kp","Model A","Temperature",4.93180044238403,0.0194563727005808,0.0824989349341649
"CR-Kp","Model A","Temperature",5.00942300194932,0.0195547273253959,0.0829159783326422
"CR-Kp","Model A","Temperature",5.08704556151461,0.0197155456907773,0.0835978805590229
"CR-Kp","Model A","Temperature",5.1646681210799,0.0199607029034891,0.0846373964673273
"CR-Kp","Model A","Temperature",5.24229068064519,0.0202747678508155,0.0859690950348517
"CR-Kp","Model A","Temperature",5.31991324021049,0.0206602785701886,0.0876037380509691
"CR-Kp","Model A","Temperature",5.39753579977578,0.0211195725000678,0.089551236725048
"CR-Kp","Model A","Temperature",5.47515835934107,0.021665112438665,0.0918644358290607
"CR-Kp","Model A","Temperature",5.55278091890636,0.022307299668213,0.0945874388924451
"CR-Kp","Model A","Temperature",5.63040347847165,0.0230296593304717,0.0976503892014699
"CR-Kp","Model A","Temperature",5.70802603803695,0.0238329083524063,0.101056326670715
"CR-Kp","Model A","Temperature",5.78564859760224,0.0247175586725257,0.104807422022463
"CR-Kp","Model A","Temperature",5.86327115716753,0.0257009115102682,0.108977035908191
"CR-Kp","Model A","Temperature",5.94089371673282,0.0267775969651565,0.113542398869435
"CR-Kp","Model A","Temperature",6.01851627629812,0.0279345614700706,0.118448161155187
"CR-Kp","Model A","Temperature",6.09613883586341,0.0291708207165275,0.123690149099434
"CR-Kp","Model A","Temperature",6.1737613954287,0.0304852172981312,0.129263455066181
"CR-Kp","Model A","Temperature",6.25138395499399,0.031897447745225,0.13525159630709
"CR-Kp","Model A","Temperature",6.32900651455928,0.0333880395800795,0.141572005598663
"CR-Kp","Model A","Temperature",6.40662907412457,0.0349493549076905,0.148192296729314
"CR-Kp","Model A","Temperature",6.48425163368987,0.0365790857788722,0.155102683530128
"CR-Kp","Model A","Temperature",6.56187419325516,0.0382751970676945,0.162294536657689
"CR-Kp","Model A","Temperature",6.63949675282045,0.0400548516265173,0.169840630059221
"CR-Kp","Model A","Temperature",6.71711931238574,0.0418917187545248,0.177629316265447
"CR-Kp","Model A","Temperature",6.79474187195103,0.0437826693409707,0.185647327217214
"CR-Kp","Model A","Temperature",6.87236443151633,0.0457244931846247,0.193881051015404
"CR-Kp","Model A","Temperature",6.94998699108162,0.0477174263962383,0.202331488817109
"CR-Kp","Model A","Temperature",7.02760955064691,0.0497634989765972,0.211007248234103
"CR-Kp","Model A","Temperature",7.1052321102122,0.0518460735970156,0.219837783645275
"CR-Kp","Model A","Temperature",7.18285466977749,0.0539614055330574,0.228807216665565
"CR-Kp","Model A","Temperature",7.26047722934279,0.0561056950119627,0.237899435493947
"CR-Kp","Model A","Temperature",7.33809978890808,0.0582779935219562,0.247110418249648
"CR-Kp","Model A","Temperature",7.41572234847337,0.0604716486712172,0.256411957452866
"CR-Kp","Model A","Temperature",7.49334490803866,0.0626777998210509,0.265766482212747
"CR-Kp","Model A","Temperature",7.57096746760395,0.0648922824343355,0.275156334053977
"CR-Kp","Model A","Temperature",7.64859002716925,0.0671108937806605,0.284563692554013
"CR-Kp","Model A","Temperature",7.72621258673454,0.0693273373377215,0.293961859191403
"CR-Kp","Model A","Temperature",7.80383514629983,0.0715342550865596,0.303319634485305
"CR-Kp","Model A","Temperature",7.88145770586512,0.0737274508578071,0.312619225833318
"CR-Kp","Model A","Temperature",7.95908026543041,0.0759025083229097,0.321841907113792
"CR-Kp","Model A","Temperature",8.03670282499571,0.0780549957607556,0.330968886937536
"CR-Kp","Model A","Temperature",8.114325384561,0.0801689118480352,0.339932316474202
"CR-Kp","Model A","Temperature",8.19194794412629,0.082245207948849,0.348736229698992
"CR-Kp","Model A","Temperature",8.26957050369158,0.0842806495749833,0.357366911731092
"CR-Kp","Model A","Temperature",8.34719306325687,0.0862708607747089,0.365805807654715
"CR-Kp","Model A","Temperature",8.42481562282217,0.0882093390613944,0.374025345618221
"CR-Kp","Model A","Temperature",8.50243818238746,0.0900732202446176,0.381928576853875
"CR-Kp","Model A","Temperature",8.58006074195275,0.0918744738956237,0.38956625475207
"CR-Kp","Model A","Temperature",8.65768330151804,0.0936091558395094,0.396921655217638
"CR-Kp","Model A","Temperature",8.73530586108333,0.0952734135813752,0.403978442897068
"CR-Kp","Model A","Temperature",8.81292842064862,0.0968541467927169,0.410681069761677
"CR-Kp","Model A","Temperature",8.89055098021392,0.0983351494302407,0.416960818927191
"CR-Kp","Model A","Temperature",8.96817353977921,0.0997315421399624,0.422881804975039
"CR-Kp","Model A","Temperature",9.0457960993445,0.101040416633177,0.428431696175957
"CR-Kp","Model A","Temperature",9.1234186589098,0.102259015682687,0.433598801331859
"CR-Kp","Model A","Temperature",9.20104121847509,0.103365893548208,0.438292186188995
"CR-Kp","Model A","Temperature",9.27866377804038,0.104359994938307,0.442507376099357
"CR-Kp","Model A","Temperature",9.35628633760567,0.105255133452004,0.446302943502133
"CR-Kp","Model A","Temperature",9.43390889717096,0.106049892051643,0.449672879872541
"CR-Kp","Model A","Temperature",9.51153145673625,0.106743037006728,0.452611953945059
"CR-Kp","Model A","Temperature",9.58915401630155,0.107305272651557,0.454995946202723
"CR-Kp","Model A","Temperature",9.66677657586684,0.107754984051288,0.456902813020942
"CR-Kp","Model A","Temperature",9.74439913543213,0.108101097776624,0.458370404855539
"CR-Kp","Model A","Temperature",9.82202169499742,0.108343801986371,0.459399519537721
"CR-Kp","Model A","Temperature",9.89964425456271,0.108483457749761,0.459991688073676
"CR-Kp","Model A","Temperature",9.97726681412801,0.108485418016721,0.46
"CR-Kp","Model A","Temperature",10.0548893736933,0.108386287973151,0.459579668669985
"CR-Kp","Model A","Temperature",10.1325119332586,0.108188312307483,0.458740212014221
"CR-Kp","Model A","Temperature",10.2101344928239,0.107892999723672,0.457488027241038
"CR-Kp","Model A","Temperature",10.2877570523892,0.107495524701535,0.455802653173946
"CR-Kp","Model A","Temperature",10.3653796119545,0.106978722783291,0.453611309058409
"CR-Kp","Model A","Temperature",10.4430021715198,0.106372443134812,0.451040561363479
"CR-Kp","Model A","Temperature",10.5206247310851,0.105678937171579,0.448099956543775
"CR-Kp","Model A","Temperature",10.5982472906503,0.10490051900639,0.444799306903182
"CR-Kp","Model A","Temperature",10.6758698502156,0.104028017565835,0.441099725245178
"CR-Kp","Model A","Temperature",10.7534924097809,0.103060988493273,0.436999327408207
"CR-Kp","Model A","Temperature",10.8311149693462,0.102019375219331,0.432582677550812
"CR-Kp","Model A","Temperature",10.9087375289115,0.100905820640299,0.427860982085011
"CR-Kp","Model A","Temperature",10.9863600884768,0.0997229935606386,0.422845557278705
"CR-Kp","Model A","Temperature",11.0639826480421,0.0984597193395582,0.417489020406556
"CR-Kp","Model A","Temperature",11.1416052076074,0.09712698224788,0.411837946986924
"CR-Kp","Model A","Temperature",11.2192277671727,0.0957363324316326,0.405941311962896
"CR-Kp","Model A","Temperature",11.296850326738,0.0942906077238621,0.399811148317566
"CR-Kp","Model A","Temperature",11.3744728863033,0.0927926694870506,0.393459588803576
"CR-Kp","Model A","Temperature",11.4520954458686,0.0912322346218046,0.386843031010505
"CR-Kp","Model A","Temperature",11.5297180054338,0.0896261815562016,0.380033042869394
"CR-Kp","Model A","Temperature",11.6073405649991,0.0879802270857309,0.373053864743355
"CR-Kp","Model A","Temperature",11.6849631245644,0.0862975007292008,0.365918766421804
"CR-Kp","Model A","Temperature",11.7625856841297,0.0845805160440404,0.358638405893976
"CR-Kp","Model A","Temperature",11.840208243695,0.0828256598072497,0.351197462367361
"CR-Kp","Model A","Temperature",11.9178308032603,0.0810476599883456,0.343658385396022
"CR-Kp","Model A","Temperature",11.9954533628256,0.0792500482765739,0.33603615005295
"CR-Kp","Model A","Temperature",12.0730759223909,0.0774364107594881,0.328345962070904
"CR-Kp","Model A","Temperature",12.1506984819562,0.0756097912055627,0.320600727640631
"CR-Kp","Model A","Temperature",12.2283210415215,0.0737757592397842,0.3128240630927
"CR-Kp","Model A","Temperature",12.3059436010868,0.0719412687282708,0.305045454218592
"CR-Kp","Model A","Temperature",12.3835661606521,0.0701102567802948,0.297281595153781
"CR-Kp","Model A","Temperature",12.4611887202174,0.0682866842863102,0.289549280870735
"CR-Kp","Model A","Temperature",12.5388112797826,0.066477917868194,0.2818797473284
"CR-Kp","Model A","Temperature",12.6164338393479,0.0646913133762698,0.274304184812169
"CR-Kp","Model A","Temperature",12.6940563989132,0.0629285537885957,0.266829729487628
"CR-Kp","Model A","Temperature",12.7716789584785,0.0611935207791639,0.25947284043351
"CR-Kp","Model A","Temperature",12.8493015180438,0.0594900450285835,0.252249760506343
"CR-Kp","Model A","Temperature",12.9269240776091,0.0578327986116745,0.24522270225543
"CR-Kp","Model A","Temperature",13.0045466371744,0.0562220362536926,0.238392745767107
"CR-Kp","Model A","Temperature",13.0821691967397,0.0546572065234798,0.231757552862316
"CR-Kp","Model A","Temperature",13.159791756305,0.0531413341825901,0.225329949138636
"CR-Kp","Model A","Temperature",13.2374143158703,0.0516772977209977,0.219122139972719
"CR-Kp","Model A","Temperature",13.3150368754356,0.0502876320715949,0.213229678014129
"CR-Kp","Model A","Temperature",13.3926594350009,0.0489582380216898,0.207592779764245
"CR-Kp","Model A","Temperature",13.4702819945661,0.0476894022187639,0.202212660666064
"CR-Kp","Model A","Temperature",13.5479045541314,0.0464824811243053,0.197095072389219
"CR-Kp","Model A","Temperature",13.6255271136967,0.0453421235301803,0.192259726746576
"CR-Kp","Model A","Temperature",13.703149673262,0.0442851990649099,0.187778154357286
"CR-Kp","Model A","Temperature",13.7807722328273,0.0432922398440379,0.183567807474254
"CR-Kp","Model A","Temperature",13.8583947923926,0.0423627445385521,0.1796265603616
"CR-Kp","Model A","Temperature",13.9360173519579,0.0414959724740767,0.175951272410944
"CR-Kp","Model A","Temperature",14.0136399115232,0.0406987810585241,0.172571020411568
"CR-Kp","Model A","Temperature",14.0912624710885,0.0399737930331662,0.169496925314167
"CR-Kp","Model A","Temperature",14.1688850306538,0.0393048345636511,0.166660406806864
"CR-Kp","Model A","Temperature",14.2465075902191,0.038689440844471,0.164051013618379
"CR-Kp","Model A","Temperature",14.3241301497844,0.0381249610032851,0.161657505516622
"CR-Kp","Model A","Temperature",14.4017527093497,0.0376173910621836,0.159505306841674
"CR-Kp","Model A","Temperature",14.4793752689149,0.0371578422717355,0.157556727507505
"CR-Kp","Model A","Temperature",14.5569978284802,0.0367357226465798,0.155766855365041
"CR-Kp","Model A","Temperature",14.6346203880455,0.0363473211939397,0.154119955058248
"CR-Kp","Model A","Temperature",14.7122429476108,0.0359888454636321,0.152599945835293
"CR-Kp","Model A","Temperature",14.7898655071761,0.0356616441535956,0.1512125464468
"CR-Kp","Model A","Temperature",14.8674880667414,0.0353537730849637,0.149907111171168
"CR-Kp","Model A","Temperature",14.9451106263067,0.0350596060458256,0.148659783737884
"CR-Kp","Model A","Temperature",15.022733185872,0.0347752623047204,0.147454109064739
"CR-Kp","Model A","Temperature",15.1003557454373,0.0344969062404657,0.146273823346178
"CR-Kp","Model A","Temperature",15.1779783050026,0.0342188512112632,0.145094814076809
"CR-Kp","Model A","Temperature",15.2556008645679,0.0339357294684068,0.143894320922108
"CR-Kp","Model A","Temperature",15.3332234241332,0.0336444277556889,0.142659143049358
"CR-Kp","Model A","Temperature",15.4108459836984,0.033341992528641,0.141376756835752
"CR-Kp","Model A","Temperature",15.4884685432637,0.0330240749216744,0.140028722216185
"CR-Kp","Model A","Temperature",15.566091102829,0.0326833967998345,0.138584178434069
"CR-Kp","Model A","Temperature",15.6437136623943,0.0323221680265039,0.137052495754776
"CR-Kp","Model A","Temperature",15.7213362219596,0.0319389398781436,0.135427531299013
"CR-Kp","Model A","Temperature",15.7989587815249,0.0315324847283949,0.133704079684017
"CR-Kp","Model A","Temperature",15.8765813410902,0.0310976963603648,0.131860489522776
"CR-Kp","Model A","Temperature",15.9542039006555,0.0306331976135403,0.129890921377623
"CR-Kp","Model A","Temperature",16.0318264602208,0.0301440504159264,0.127816838841777
"CR-Kp","Model A","Temperature",16.1094490197861,0.0296308050804216,0.125640575352653
"CR-Kp","Model A","Temperature",16.1870715793514,0.0290942322177609,0.123365398454815
"CR-Kp","Model A","Temperature",16.2646941389167,0.0285306697088339,0.120975780026406
"CR-Kp","Model A","Temperature",16.342316698482,0.0279457054725933,0.118495413968092
"CR-Kp","Model A","Temperature",16.4199392580472,0.0273439837660267,0.11594399286394
"CR-Kp","Model A","Temperature",16.4975618176125,0.0267277729846144,0.113331135167194
"CR-Kp","Model A","Temperature",16.5751843771778,0.0260994976558211,0.110667121362128
"CR-Kp","Model A","Temperature",16.6528069367431,0.025460660272921,0.107958322322531
"CR-Kp","Model A","Temperature",16.7304294963084,0.0248183050334227,0.105234606863153
"CR-Kp","Model A","Temperature",16.8080520558737,0.0241758652287214,0.102510532830299
"CR-Kp","Model A","Temperature",16.885674615439,0.0235365063339225,0.099799522475321
"CR-Kp","Model A","Temperature",16.9632971750043,0.0229039025094505,0.0971171549776697
"CR-Kp","Model A","Temperature",17.0409197345696,0.0222865230050754,0.0944993416604111
"CR-Kp","Model A","Temperature",17.1185422941349,0.0216854411960477,0.0919506338505735
"CR-Kp","Model A","Temperature",17.1961648537002,0.0211037113480839,0.089483982249322
"CR-Kp","Model A","Temperature",17.2737874132655,0.0205443051435519,0.0871119873878095
"CR-Kp","Model A","Temperature",17.3514099728307,0.0200136368620103,0.084861847101937
"CR-Kp","Model A","Temperature",17.429032532396,0.0195198751464944,0.0827681980817315
"CR-Kp","Model A","Temperature",17.5066550919613,0.0190589757811032,0.0808138920380633
"CR-Kp","Model A","Temperature",17.5842776515266,0.0186329132237801,0.0790073010698796
"CR-Kp","Model A","Temperature",17.6619002110919,0.0182434928902896,0.0773560805032777
"CR-Kp","Model A","Temperature",17.7395227706572,0.0179002711308001,0.0759007511857391
"CR-Kp","Model A","Temperature",17.8171453302225,0.0176039079278041,0.0746441115758224
"CR-Kp","Model A","Temperature",17.8947678897878,0.0173486359080275,0.0735617068504324
"CR-Kp","Model A","Temperature",17.9723904493531,0.0171347783783783,0.0726549078959083
"CR-Kp","Model A","Temperature",18.0500130089184,0.0169624620657528,0.0719242520597893
"CR-Kp","Model A","Temperature",18.1276355684837,0.0168426282370777,0.0714161325152619
"CR-Kp","Model A","Temperature",18.205258128049,0.0167662867259964,0.0710924291481236
"CR-Kp","Model A","Temperature",18.2828806876142,0.0167288045021938,0.0709334969776587
"CR-Kp","Model A","Temperature",18.3605032471795,0.0167288750667705,0.0709337961856617
"CR-Kp","Model A","Temperature",18.4381258067448,0.0167650285021589,0.071087094025894
"CR-Kp","Model A","Temperature",18.5157483663101,0.0168462211542643,0.0714313672070394
"CR-Kp","Model A","Temperature",18.5933709258754,0.0169576329510758,0.0719037756419258
"CR-Kp","Model A","Temperature",18.6709934854407,0.0170967133227253,0.0724935044011304
"CR-Kp","Model A","Temperature",18.748616045006,0.0172610431734341,0.0731902960318211
"CR-Kp","Model A","Temperature",18.8262386045713,0.0174494256499387,0.0739890756353503
"CR-Kp","Model A","Temperature",18.9038611641366,0.0176613511074563,0.0748876822152972
"CR-Kp","Model A","Temperature",18.9814837237019,0.0178875735051677,0.0758469106982551
"CR-Kp","Model A","Temperature",19.0591062832672,0.0181253088019476,0.0768549561896952
"CR-Kp","Model A","Temperature",19.1367288428325,0.0183717726562319,0.0779000125211673
"CR-Kp","Model A","Temperature",19.2143514023978,0.0186243337494567,0.078970922372531
"CR-Kp","Model A","Temperature",19.291973961963,0.0188781733286357,0.0800472532615761
"CR-Kp","Model A","Temperature",19.3695965215283,0.0191295930483915,0.0811133234597832
"CR-Kp","Model A","Temperature",19.4472190810936,0.0193760772690745,0.0821584661488834
"CR-Kp","Model A","Temperature",19.5248416406589,0.0196151771326924,0.0831722976782719
"CR-Kp","Model A","Temperature",19.6024642002242,0.0198413534708432,0.0841313308594257
"CR-Kp","Model A","Temperature",19.6800867597895,0.0200518910496704,0.0850240525544796
"CR-Kp","Model A","Temperature",19.7577093193548,0.0202463225879548,0.0858484813970456
"CR-Kp","Model A","Temperature",19.8353318789201,0.0204229098109922,0.0865972467526319
"CR-Kp","Model A","Temperature",19.9129544384854,0.0205800214217384,0.0872634315935486
"CR-Kp","Model A","Temperature",19.9905769980507,0.0207089917080637,0.087810291556797
"CR-Kp","Model A","Temperature",20.068199557616,0.0208134186420847,0.0882530827680755
"CR-Kp","Model A","Temperature",20.1458221171813,0.0208936046911666,0.088593087749869
"CR-Kp","Model A","Temperature",20.2234446767465,0.0209488301260774,0.0888272547054232
"CR-Kp","Model A","Temperature",20.3010672363118,0.0209778370299994,0.0889502498143333
"CR-Kp","Model A","Temperature",20.3786897958771,0.0209720562601632,0.0889257381871184
"CR-Kp","Model A","Temperature",20.4563123554424,0.0209401132911134,0.0887902935713209
"CR-Kp","Model A","Temperature",20.5339349150077,0.0208821931576684,0.0885447005518002
"CR-Kp","Model A","Temperature",20.611557474573,0.0207985866904444,0.0881901923088849
"CR-Kp","Model A","Temperature",20.6891800341383,0.0206871942848221,0.0877178660965423
"CR-Kp","Model A","Temperature",20.7668025937036,0.0205454664651625,0.0871169116250999
"CR-Kp","Model A","Temperature",20.8444251532689,0.020380794847961,0.0864186708357156
"CR-Kp","Model A","Temperature",20.9220477128342,0.020194197963194,0.0856274625004202
"CR-Kp","Model A","Temperature",20.9996702723995,0.0199867688943113,0.0847479215129734
"CR-Kp","Model A","Temperature",21.0772928319648,0.0197565582289904,0.0837717819728988
"CR-Kp","Model A","Temperature",21.1549153915301,0.0195061170051033,0.0827098607940516
"CR-Kp","Model A","Temperature",21.2325379510953,0.0192403609765397,0.0815830017619888
"CR-Kp","Model A","Temperature",21.3101605106606,0.0189608088414938,0.0803976444626205
"CR-Kp","Model A","Temperature",21.3877830702259,0.0186690123936409,0.0791603688133567
"CR-Kp","Model A","Temperature",21.4654056297912,0.0183646248467183,0.0778697043706678
"CR-Kp","Model A","Temperature",21.5430281893565,0.0180520506506377,0.0765443268883697
"CR-Kp","Model A","Temperature",21.6206507489218,0.0177339236598178,0.0751954044391367
"CR-Kp","Model A","Temperature",21.6982733084871,0.0174118707128766,0.073829835146035
"CR-Kp","Model A","Temperature",21.7758958680524,0.0170875094772631,0.0724544782445278
"CR-Kp","Model A","Temperature",21.8535184276177,0.0167632826647482,0.0710796913240046
"CR-Kp","Model A","Temperature",21.931140987183,0.0164415703803463,0.069715566508612
"CR-Kp","Model A","Temperature",22.0087635467483,0.0161237975792325,0.0683681458949969
"CR-Kp","Model A","Temperature",22.0863861063136,0.0158113471276722,0.0670432931143625
"CR-Kp","Model A","Temperature",22.1640086658788,0.0155060527712301,0.0657487836168585
"CR-Kp","Model A","Temperature",22.2416312254441,0.0152120522241348,0.0645021621433348
"CR-Kp","Model A","Temperature",22.3192537850094,0.0149283317896385,0.063299130415622
"CR-Kp","Model A","Temperature",22.3968763445747,0.01465586460899,0.0621438147484142
"CR-Kp","Model A","Temperature",22.47449890414,0.0143955644417573,0.0610400896661311
"CR-Kp","Model A","Temperature",22.5521214637053,0.0141502095341784,0.059999735491813
"CR-Kp","Model A","Temperature",22.6297440232706,0.0139222881015903,0.0590333027591269
"CR-Kp","Model A","Temperature",22.7073665828359,0.0137093506274385,0.05813040502503
"CR-Kp","Model A","Temperature",22.7849891424012,0.0135118441539298,0.0572929378384264
"CR-Kp","Model A","Temperature",22.8626117019665,0.0133301592193183,0.0565225571600904
"CR-Kp","Model A","Temperature",22.9402342615318,0.0131681458772356,0.055835587992063
"CR-Kp","Model A","Temperature",23.0178568210971,0.013025029716092,0.0552287466733899
"CR-Kp","Model A","Temperature",23.0954793806624,0.0128984878930693,0.0546921838831587
"CR-Kp","Model A","Temperature",23.1731019402276,0.0127885265891027,0.0542259258297784
"CR-Kp","Model A","Temperature",23.2507244997929,0.0126951113704931,0.0538298265074366
"CR-Kp","Model A","Temperature",23.3283470593582,0.0126228612809085,0.0535234715906512
"CR-Kp","Model A","Temperature",23.4059696189235,0.0125678100175038,0.0532900431573271
"CR-Kp","Model A","Temperature",23.4835921784888,0.0125285991698143,0.053123781273777
"CR-Kp","Model A","Temperature",23.5612147380541,0.0125049620178961,0.0530235549937744
"CR-Kp","Model A","Temperature",23.6388372976194,0.0124967631357687,0.0529887900839131
"CR-Kp","Model A","Temperature",23.7164598571847,0.0125084856035021,0.0530384957057004
"CR-Kp","Model A","Temperature",23.79408241675,0.0125344175836775,0.0531484525192403
"CR-Kp","Model A","Temperature",23.8717049763153,0.0125741718606455,0.0533170186522708
"CR-Kp","Model A","Temperature",23.9493275358806,0.0126273507249511,0.0535425077366824
"CR-Kp","Model A","Temperature",24.0269500954459,0.0126946334180063,0.053827799892727
"CR-Kp","Model A","Temperature",24.1045726550112,0.0127775190708591,0.0541792517376782
"CR-Kp","Model A","Temperature",24.1821952145764,0.0128720285070967,0.0545799907629229
"CR-Kp","Model A","Temperature",24.2598177741417,0.0129776771163354,0.055027962122929
"CR-Kp","Model A","Temperature",24.337440333707,0.0130939658003371,0.0555210495407473
"CR-Kp","Model A","Temperature",24.4150628932723,0.0132218993993868,0.0560635137413625
"CR-Kp","Model A","Temperature",24.4926854528376,0.0133606825586261,0.0566519822601479
"CR-Kp","Model A","Temperature",24.5703080124029,0.0135077616548671,0.0572756272209889
"CR-Kp","Model A","Temperature",24.6479305719682,0.013662476980995,0.0579316513329837
"CR-Kp","Model A","Temperature",24.7255531315335,0.0138241414897712,0.0586171413776053
"CR-Kp","Model A","Temperature",24.8031756910988,0.0139931803420631,0.0593339001224743
"CR-Kp","Model A","Temperature",24.8807982506641,0.0141673997182077,0.0600726253308166
"CR-Kp","Model A","Temperature",24.9584208102294,0.0143452118691454,0.0608265846271595
"CR-Kp","Model A","Temperature",25.0360433697947,0.0145256698952147,0.0615917629664188
"CR-Kp","Model A","Temperature",25.11366592936,0.0147077906684638,0.0623639916882702
"CR-Kp","Model A","Temperature",25.1912884889252,0.0148899991775635,0.0631365924277814
"CR-Kp","Model A","Temperature",25.2689110484905,0.0150704316986165,0.0639016626206396
"CR-Kp","Model A","Temperature",25.3465336080558,0.0152478687468033,0.064654031405847
"CR-Kp","Model A","Temperature",25.4241561676211,0.0154210665983895,0.0653884251445277
"CR-Kp","Model A","Temperature",25.5017787271864,0.0155884312677167,0.0660980850167755
"CR-Kp","Model A","Temperature",25.5794012867517,0.0157457008921967,0.0667649398677165
"CR-Kp","Model A","Temperature",25.657023846317,0.015893283830177,0.0673907212189065
"CR-Kp","Model A","Temperature",25.7346464058823,0.0160298177499235,0.067969652509688
"CR-Kp","Model A","Temperature",25.8122689654476,0.016153944655217,0.0684959755628586
"CR-Kp","Model A","Temperature",25.8898915250129,0.0162623768513483,0.0689557498913556
"CR-Kp","Model A","Temperature",25.9675140845782,0.0163509116215055,0.0693311551302981
"CR-Kp","Model A","Temperature",26.0451366441435,0.0164216761646151,0.0696312110311324
"CR-Kp","Model A","Temperature",26.1227592037087,0.0164734964963835,0.0698509396642453
"CR-Kp","Model A","Temperature",26.200381763274,0.0165052446735316,0.0699855583231868
"CR-Kp","Model A","Temperature",26.2780043228393,0.016511302558734,0.0700112449753106
"CR-Kp","Model A","Temperature",26.3556268824046,0.0164908410080459,0.0699244838834642
"CR-Kp","Model A","Temperature",26.4332494419699,0.0164466107462991,0.0697369386743891
"CR-Kp","Model A","Temperature",26.5108720015352,0.0163779964839288,0.0694460003965326
"CR-Kp","Model A","Temperature",26.5884945611005,0.0162844640512921,0.0690494040631321
"CR-Kp","Model A","Temperature",26.6661171206658,0.016158453699341,0.0685150948171781
"CR-Kp","Model A","Temperature",26.7437396802311,0.0160046333831982,0.0678628657275988
"CR-Kp","Model A","Temperature",26.8213622397964,0.0158251903637681,0.067101991220712
"CR-Kp","Model A","Temperature",26.8989847993617,0.0156203019128715,0.0662332229647064
"CR-Kp","Model A","Temperature",26.976607358927,0.0153902394842326,0.0652577119779894
"CR-Kp","Model A","Temperature",27.0542299184922,0.0151270827653837,0.0641418745421062
"CR-Kp","Model A","Temperature",27.1318524780575,0.0148404651146248,0.0629265580345112
"CR-Kp","Model A","Temperature",27.2094750376228,0.0145313751419529,0.0616159543605027
"CR-Kp","Model A","Temperature",27.2870975971881,0.0142007683511968,0.0602141150485652
"CR-Kp","Model A","Temperature",27.3647201567534,0.0138483192066891,0.0587196597619704
"CR-Kp","Model A","Temperature",27.4423427163187,0.0134721412302839,0.0571245894538141
"CR-Kp","Model A","Temperature",27.519965275884,0.0130794477108235,0.0554594899201241
"CR-Kp","Model A","Temperature",27.5975878354493,0.0126716764858296,0.0537304578812904
"CR-Kp","Model A","Temperature",27.6752103950146,0.0122503043440594,0.0519437552187775
"CR-Kp","Model A","Temperature",27.7528329545799,0.0118154483523283,0.0500998783194372
"CR-Kp","Model A","Temperature",27.8304555141452,0.0113694485732014,0.0482087495193734
"CR-Kp","Model A","Temperature",27.9080780737105,0.0109163555404208,0.046287543896633
"CR-Kp","Model A","Temperature",27.9857006332758,0.0104577822534962,0.0443431008936774
"CR-Kp","Model A","Temperature",28.063323192841,0.00999533636015263,0.0423822372603249
"CR-Kp","Model A","Temperature",28.1409457524063,0.00953077978634946,0.0404124239171481
"CR-Kp","Model A","Temperature",28.2185683119716,0.00906699401306836,0.0384458789232722
"CR-Kp","Model A","Temperature",28.2961908715369,0.00860565030359395,0.0364896887712878
"CR-Kp","Model A","Temperature",28.3738134311022,0.00814815399727591,0.034549812382796
"CR-Kp","Model A","Temperature",28.4514359906675,0.00769586889275234,0.0326320325384231
"CR-Kp","Model A","Temperature",28.5290585502328,0.00725285238936598,0.0307535534277437
"CR-Kp","Model A","Temperature",28.6066811097981,0.00681915694382982,0.0289145974777756
"CR-Kp","Model A","Temperature",28.6843036693634,0.00639542197015976,0.0271178759325981
"CR-Kp","Model A","Temperature",28.7619262289287,0.0059825872528912,0.025367373667729
"CR-Kp","Model A","Temperature",28.839548788494,0.00558188393376202,0.0236683109718466
"CR-Kp","Model A","Temperature",28.9171713480593,0.00519843571917607,0.022042413391009
"CR-Kp","Model A","Temperature",28.9947939076245,0.00482883329023713,0.0204752247271307
"CR-Kp","Model A","Temperature",29.0724164671898,0.00447353055861479,0.018968669657019
"CR-Kp","Model A","Temperature",29.1500390267551,0.00413292153213766,0.017524418853143
"CR-Kp","Model A","Temperature",29.2276615863204,0.00380895624118993,0.0161507408366837
"CR-Kp","Model A","Temperature",29.3052841458857,0.00350423017111902,0.0148586409877343
"CR-Kp","Model A","Temperature",29.382906705451,0.00321493264391108,0.0136319612647955
"CR-Kp","Model A","Temperature",29.4605292650163,0.00294103314119117,0.0124705722638172
"CR-Kp","Model A","Temperature",29.5381518245816,0.00268245563018966,0.011374151590558
"CR-Kp","Model A","Temperature",29.6157743841469,0.00244178753381563,0.0103536704387503
"CR-Kp","Model A","Temperature",29.6933969437122,0.00221847792392746,0.00940679276222485
"CR-Kp","Model A","Temperature",29.7710195032775,0.0020095348448004,0.00852083206671798
"CR-Kp","Model A","Temperature",29.8486420628428,0.00181460224186084,0.00769427860919824
"CR-Kp","Model A","Temperature",29.9262646224081,0.00163329830131476,0.00692551342235679
"CR-Kp","Model A","Temperature",30.0038871819733,0.00146843616738937,0.00622646480373052
"CR-Kp","Model A","Temperature",30.0815097415386,0.00131708128204202,0.00558468963677631
"CR-Kp","Model A","Temperature",30.1591323011039,0.00117746629477142,0.00499269399977212
"CR-Kp","Model A","Temperature",30.2367548606692,0.00104908933029909,0.00444834984055831
"CR-Kp","Model A","Temperature",30.3143774202345,0.00093144112655775,0.00394949778550445
"CR-Kp","Model A","Temperature",30.3919999797998,0.000827109097751809,0.00350710899143319
"CR-Kp","Model A","Temperature",30.4696225393651,0.000732084345786249,0.00310418492381869
"CR-Kp","Model A","Temperature",30.5472450989304,0.000645665408276949,0.0027377512410158
"CR-Kp","Model A","Temperature",30.6248676584957,0.00056734955282693,0.00240567625650999
"CR-Kp","Model A","Temperature",30.702490218061,0.000497040873866423,0.00210755331138894
"CR-Kp","Model A","Temperature",30.7801127776263,0.00043559990165725,0.00184703122710418
"CR-Kp","Model A","Temperature",30.8577353371916,0.000380311121219312,0.00161259567376989
"CR-Kp","Model A","Temperature",30.9353578967568,0.000330744819071028,0.00140242457976447
"CR-Kp","Model A","Temperature",31.0129804563221,0.000286483510052356,0.00121474772400998
"CR-Kp","Model A","Temperature",31.0906030158874,0.000247703555800461,0.00105031291533254
"CR-Kp","Model A","Temperature",31.1682255754527,0.000214111344312724,0.000907875179765378
"CR-Kp","Model A","Temperature",31.245848135018,0.000184306548344304,0.000781496848040094
"CR-Kp","Model A","Temperature",31.3234706945833,0.000157973965541323,0.00066984139875654
"CR-Kp","Model A","Temperature",31.4010932541486,0.000134811568436943,0.000571628174686441
"CR-Kp","Model A","Temperature",31.4787158137139,0.000115048868021428,0.000487830348606848
"CR-Kp","Model A","Temperature",31.5563383732792,9.80399257349222e-05,0.000415709011059099
"CR-Kp","Model A","Temperature",31.6339609328445,8.31649329950939e-05,0.000352636048946658
"CR-Kp","Model A","Temperature",31.7115834924098,7.02182431982628e-05,0.000297739479293174
"CR-Kp","Model A","Temperature",31.7892060519751,5.90053608746803e-05,0.000250194602173809
"CR-Kp","Model A","Temperature",31.8668286115404,4.97089824755261e-05,0.000210776087300669
"CR-Kp","Model A","Temperature",31.9444511711056,4.17409996737278e-05,0.000176990237037712
"CR-Kp","Model A","Temperature",32.0220737306709,3.48752323064522e-05,0.000147878001986362
"CR-Kp","Model A","Temperature",32.0996962902362,2.89909582345022e-05,0.000122927495986746
"CR-Kp","Model A","Temperature",32.1773188498015,2.39843204730536e-05,0.000101698344526857
"CR-Kp","Model A","Temperature",32.2549414093668,1.99435982394609e-05,8.45648692503354e-05
"CR-Kp","Model A","Temperature",32.3325639689321,1.64941520915197e-05,6.99385235435936e-05
"CR-Kp","Model A","Humidity",27.2821446113199,0.000130526524373501,0.000993491991518827
"CR-Kp","Model A","Humidity",27.4184947437325,0.000141929353270854,0.00108028369339363
"CR-Kp","Model A","Humidity",27.5548448761451,0.000153730923336776,0.00117011038114249
"CR-Kp","Model A","Humidity",27.6911950085576,0.00016593414240142,0.00126299418747737
"CR-Kp","Model A","Humidity",27.8275451409701,0.000178451053756156,0.00135826563708632
"CR-Kp","Model A","Humidity",27.9638952733827,0.000191158600974326,0.00145498809601715
"CR-Kp","Model A","Humidity",28.1002454057952,0.000203991233480803,0.00155266263141509
"CR-Kp","Model A","Humidity",28.2365955382078,0.000216880019630038,0.00165076457568369
"CR-Kp","Model A","Humidity",28.3729456706203,0.00022972296162833,0.00174851758093749
"CR-Kp","Model A","Humidity",28.5092958030329,0.00024238294618942,0.00184487802058426
"CR-Kp","Model A","Humidity",28.6456459354454,0.00025478254939108,0.00193925658875643
"CR-Kp","Model A","Humidity",28.781996067858,0.000266837993177234,0.00203101561561504
"CR-Kp","Model A","Humidity",28.9183462002705,0.000278465079898301,0.00211951423761941
"CR-Kp","Model A","Humidity",29.0546963326831,0.000289440686092411,0.00220305416874261
"CR-Kp","Model A","Humidity",29.1910464650956,0.000299666378946684,0.00228088619565985
"CR-Kp","Model A","Humidity",29.3273965975082,0.000309137321285977,0.00235297350060715
"CR-Kp","Model A","Humidity",29.4637467299207,0.000317781331370799,0.00241876667816319
"CR-Kp","Model A","Humidity",29.6000968623333,0.000325529871181178,0.0024777440567805
"CR-Kp","Model A","Humidity",29.7364469947458,0.000332074224184745,0.00252755586575896
"CR-Kp","Model A","Humidity",29.8727971271584,0.000337448797056748,0.00256846398870024
"CR-Kp","Model A","Humidity",30.0091472595709,0.000341724994917831,0.00260101191985467
"CR-Kp","Model A","Humidity",30.1454973919835,0.000344874019347433,0.00262498046239361
"CR-Kp","Model A","Humidity",30.281847524396,0.000346873899492502,0.00264020238696152
"CR-Kp","Model A","Humidity",30.4181976568086,0.000347417452280989,0.0026443395946664
"CR-Kp","Model A","Humidity",30.5545477892211,0.000346708612084963,0.00263894431534368
"CR-Kp","Model A","Humidity",30.6908979216337,0.000344872813894474,0.00262497128718676
"CR-Kp","Model A","Humidity",30.8272480540462,0.000341941658688004,0.00260266103846525
"CR-Kp","Model A","Humidity",30.9635981864588,0.000337954148303967,0.00257231042849036
"CR-Kp","Model A","Humidity",31.0999483188713,0.000332713525923147,0.00253242185878463
"CR-Kp","Model A","Humidity",31.2362984512839,0.000326533992217204,0.00248538684212696
"CR-Kp","Model A","Humidity",31.3726485836964,0.000319558939094722,0.0024322967943312
"CR-Kp","Model A","Humidity",31.508998716109,0.000311873114131207,0.00237379676465433
"CR-Kp","Model A","Humidity",31.6453488485215,0.00030356631247058,0.00231057022150857
"CR-Kp","Model A","Humidity",31.7816989809341,0.00029463811214648,0.00224261395313136
"CR-Kp","Model A","Humidity",31.9180491133466,0.000285376528936672,0.00217212016811798
"CR-Kp","Model A","Humidity",32.0543992457592,0.000275911319948358,0.00210007650210391
"CR-Kp","Model A","Humidity",32.1907493781717,0.000266352848690371,0.00202732297793284
"CR-Kp","Model A","Humidity",32.3270995105843,0.000256812479777412,0.00195470723828411
"CR-Kp","Model A","Humidity",32.4634496429968,0.000247514617386879,0.0018839373172464
"CR-Kp","Model A","Humidity",32.5997997754094,0.000238573018608303,0.00181587906762605
"CR-Kp","Model A","Humidity",32.7361499078219,0.000230088867616996,0.00175130264451851
"CR-Kp","Model A","Humidity",32.8725000402345,0.000222164070285768,0.00169098369616088
"CR-Kp","Model A","Humidity",33.008850172647,0.000214899436392065,0.00163568952794985
"CR-Kp","Model A","Humidity",33.1452003050596,0.000208701842142674,0.00158851704493916
"CR-Kp","Model A","Humidity",33.2815504374721,0.000203425892252498,0.00154835958277809
"CR-Kp","Model A","Humidity",33.4179005698847,0.0001991436174955,0.00151576539782618
"CR-Kp","Model A","Humidity",33.5542507022972,0.00019592166398924,0.00149124176157003
"CR-Kp","Model A","Humidity",33.6906008347098,0.000193850817014574,0.00147547967876834
"CR-Kp","Model A","Humidity",33.8269509671223,0.000193356467200849,0.00147171697549173
"CR-Kp","Model A","Humidity",33.9633010995349,0.00019411435432168,0.0014774855714812
"CR-Kp","Model A","Humidity",34.0996512319474,0.000196149316465551,0.00149297451982089
"CR-Kp","Model A","Humidity",34.23600136436,0.00019948021479034,0.00151832738067522
"CR-Kp","Model A","Humidity",34.3723514967725,0.000204181410334159,0.0015541101470192
"CR-Kp","Model A","Humidity",34.5087016291851,0.000210575705062768,0.00160277979968003
"CR-Kp","Model A","Humidity",34.6450517615976,0.00021826160833198,0.00166128042537432
"CR-Kp","Model A","Humidity",34.7814018940102,0.000227217098441608,0.00172944440772769
"CR-Kp","Model A","Humidity",34.9177520264227,0.000237415147304482,0.00180706602465967
"CR-Kp","Model A","Humidity",35.0541021588353,0.000248902859912234,0.00189450381197111
"CR-Kp","Model A","Humidity",35.1904522912478,0.000261842214537002,0.0019929906540657
"CR-Kp","Model A","Humidity",35.3268024236604,0.000275851773762349,0.00209962327116706
"CR-Kp","Model A","Humidity",35.4631525560729,0.000290874462969527,0.00221396724447091
"CR-Kp","Model A","Humidity",35.5995026884855,0.000306850196496759,0.0023355652368646
"CR-Kp","Model A","Humidity",35.735852820898,0.000323787034148623,0.00246447859489314
"CR-Kp","Model A","Humidity",35.8722029533106,0.000341693596180462,0.00260077293092679
"CR-Kp","Model A","Humidity",36.0085530857231,0.000360277144798239,0.00274222009512869
"CR-Kp","Model A","Humidity",36.1449032181357,0.000379463509895766,0.00288825554778662
"CR-Kp","Model A","Humidity",36.2812533505482,0.000399177747334546,0.00303830885770456
"CR-Kp","Model A","Humidity",36.4176034829608,0.000419381028487352,0.00319208448395413
"CR-Kp","Model A","Humidity",36.5539536153733,0.000439981219799714,0.00334888115950204
"CR-Kp","Model A","Humidity",36.6903037477858,0.000460803477256676,0.00350736807339273
"CR-Kp","Model A","Humidity",36.8266538801984,0.000481773333507651,0.0036669784234625
"CR-Kp","Model A","Humidity",36.963004012611,0.000502817100801527,0.00382715134140543
"CR-Kp","Model A","Humidity",37.0993541450235,0.000523845499824521,0.00398720728500832
"CR-Kp","Model A","Humidity",37.235704277436,0.000544729227496356,0.0041461620744246
"CR-Kp","Model A","Humidity",37.3720544098486,0.000565403874895057,0.00430352546639931
"CR-Kp","Model A","Humidity",37.5084045422611,0.000585803451647467,0.00445879518059089
"CR-Kp","Model A","Humidity",37.6447546746737,0.000605863115253942,0.00461147767360333
"CR-Kp","Model A","Humidity",37.7811048070862,0.000625438094239741,0.00476047102916753
"CR-Kp","Model A","Humidity",37.9174549394988,0.000644409412413516,0.0049048696697095
"CR-Kp","Model A","Humidity",38.0538050719113,0.000662794836582898,0.00504480882583603
"CR-Kp","Model A","Humidity",38.1901552043239,0.000680536880567351,0.00517985094617389
"CR-Kp","Model A","Humidity",38.3265053367364,0.000697578953265553,0.00530956529217223
"CR-Kp","Model A","Humidity",38.462855469149,0.000713711122621863,0.00543235398311644
"CR-Kp","Model A","Humidity",38.5992056015615,0.000728856211208532,0.00554762958931157
"CR-Kp","Model A","Humidity",38.7355557339741,0.000743086628408169,0.00565594324886598
"CR-Kp","Model A","Humidity",38.8719058663866,0.000756353259021073,0.0057569211254441
"CR-Kp","Model A","Humidity",39.0082559987992,0.000768608477048361,0.00585020071764091
"CR-Kp","Model A","Humidity",39.1446061312117,0.000779575852680314,0.00593367800251172
"CR-Kp","Model A","Humidity",39.2809562636243,0.000789256973675149,0.00600736506514868
"CR-Kp","Model A","Humidity",39.4173063960368,0.000797765883969785,0.00607212994167357
"CR-Kp","Model A","Humidity",39.5536565284494,0.000805073823195625,0.00612775372488718
"CR-Kp","Model A","Humidity",39.6900066608619,0.000811156102201602,0.00617404849533039
"CR-Kp","Model A","Humidity",39.8263567932745,0.000815708357292543,0.0062086976135683
"CR-Kp","Model A","Humidity",39.962706925687,0.000818860664360145,0.00623269114163857
"CR-Kp","Model A","Humidity",40.0990570580996,0.000820767829205556,0.00624720737126712
"CR-Kp","Model A","Humidity",40.2354071905121,0.00082144940393191,0.00625239512169183
"CR-Kp","Model A","Humidity",40.3717573229247,0.000820933021596821,0.00624846471967634
"CR-Kp","Model A","Humidity",40.5081074553372,0.000818995688046961,0.00623371886341513
"CR-Kp","Model A","Humidity",40.6444575877498,0.000815919662890364,0.00621030594888716
"CR-Kp","Model A","Humidity",40.7808077201623,0.000811898349866103,0.00617969805287393
"CR-Kp","Model A","Humidity",40.9171578525749,0.000807030931733266,0.00614265009685458
"CR-Kp","Model A","Humidity",41.0535079849874,0.00080142763283124,0.00610000104439595
"CR-Kp","Model A","Humidity",41.1898581174,0.000795124162967576,0.00605202269778487
"CR-Kp","Model A","Humidity",41.3262082498125,0.000788481356553004,0.00600146151870067
"CR-Kp","Model A","Humidity",41.4625583822251,0.000781716922245421,0.00594997457883159
"CR-Kp","Model A","Humidity",41.5989085146376,0.000775019782863884,0.00589899984880197
"CR-Kp","Model A","Humidity",41.7352586470502,0.000768588750269596,0.00585005056887372
"CR-Kp","Model A","Humidity",41.8716087794627,0.000762905037247047,0.00580678945089714
"CR-Kp","Model A","Humidity",42.0079589118753,0.000758194468888966,0.00577093534414208
"CR-Kp","Model A","Humidity",42.1443090442878,0.000754672752132303,0.00574413008436108
"CR-Kp","Model A","Humidity",42.2806591767004,0.000752586116372844,0.00572824782651204
"CR-Kp","Model A","Humidity",42.4170093091129,0.000752183801498255,0.00572518563966617
"CR-Kp","Model A","Humidity",42.5533594415255,0.00075448407706777,0.00574269399950007
"CR-Kp","Model A","Humidity",42.689709573938,0.000759274221354113,0.00577915379194106
"CR-Kp","Model A","Humidity",42.8260597063506,0.000766736963710409,0.00583595584655283
"CR-Kp","Model A","Humidity",42.9624098387631,0.0007770989183578,0.00591482501899174
"CR-Kp","Model A","Humidity",43.0987599711757,0.000790578465416547,0.00601742349172702
"CR-Kp","Model A","Humidity",43.2351101035882,0.000808623097595115,0.00615476873741832
"CR-Kp","Model A","Humidity",43.3714602360008,0.000830343099508886,0.00632008876000131
"CR-Kp","Model A","Humidity",43.5078103684133,0.000855858111991435,0.00651429419592005
"CR-Kp","Model A","Humidity",43.6441605008259,0.000885278899624742,0.00673822812075381
"CR-Kp","Model A","Humidity",43.7805106332384,0.00091877518787364,0.00699318238603142
"CR-Kp","Model A","Humidity",43.916860765651,0.000957647107764351,0.00728905283299034
"CR-Kp","Model A","Humidity",44.0532108980635,0.00100058368132781,0.00761586105977265
"CR-Kp","Model A","Humidity",44.1895610304761,0.00104753472391805,0.00797322509003967
"CR-Kp","Model A","Humidity",44.3259111628886,0.00109842586267675,0.00836057884084792
"CR-Kp","Model A","Humidity",44.4622612953012,0.00115330838563178,0.00877831268683727
"CR-Kp","Model A","Humidity",44.5986114277137,0.00121287187947421,0.00923167536084835
"CR-Kp","Model A","Humidity",44.7349615601263,0.00127575116202263,0.00971027589008289
"CR-Kp","Model A","Humidity",44.8713116925388,0.00134170867722905,0.0102123061360622
"CR-Kp","Model A","Humidity",45.0076618249514,0.00141048854664069,0.0107358185008184
"CR-Kp","Model A","Humidity",45.1440119573639,0.00148194745291325,0.0112797221360775
"CR-Kp","Model A","Humidity",45.2803620897765,0.00155602495167486,0.0118435569744343
"CR-Kp","Model A","Humidity",45.416712222189,0.00163168413411021,0.0124194306690352
"CR-Kp","Model A","Humidity",45.5530623546016,0.00170858215373919,0.0130047336718673
"CR-Kp","Model A","Humidity",45.6894124870141,0.00178637314057112,0.0135968334217137
"CR-Kp","Model A","Humidity",45.8257626194267,0.00186470594772565,0.0141930571927422
"CR-Kp","Model A","Humidity",45.9621127518392,0.00194301108148507,0.0147890703299815
"CR-Kp","Model A","Humidity",46.0984628842517,0.00202083867572105,0.0153814487140973
"CR-Kp","Model A","Humidity",46.2348130166643,0.00209788068170806,0.0159678476573468
"CR-Kp","Model A","Humidity",46.3711631490768,0.00217384334692507,0.0165460312863812
"CR-Kp","Model A","Humidity",46.5075132814894,0.0022482565825056,0.0171124215581447
"CR-Kp","Model A","Humidity",46.6438634139019,0.00232050974776801,0.017662370630907
"CR-Kp","Model A","Humidity",46.7802135463145,0.00239075241979905,0.0181970169984608
"CR-Kp","Model A","Humidity",46.916563678727,0.00245883420874613,0.0187152159807126
"CR-Kp","Model A","Humidity",47.0529138111396,0.00252462839053328,0.0192160030276964
"CR-Kp","Model A","Humidity",47.1892639435521,0.00258770920409697,0.0196961374938121
"CR-Kp","Model A","Humidity",47.3256140759647,0.00264780812734207,0.0201535755450397
"CR-Kp","Model A","Humidity",47.4619642083772,0.00270544719726025,0.0205922906233516
"CR-Kp","Model A","Humidity",47.5983143407898,0.00276066496167524,0.0210125761323634
"CR-Kp","Model A","Humidity",47.7346644732023,0.00281351928773554,0.0214148725231551
"CR-Kp","Model A","Humidity",47.8710146056149,0.00286376820650551,0.0217973380689133
"CR-Kp","Model A","Humidity",48.0073647380274,0.00291154293497979,0.022160971517088
"CR-Kp","Model A","Humidity",48.14371487044,0.00295741102767165,0.0225100927625539
"CR-Kp","Model A","Humidity",48.2800650028525,0.00300152085794947,0.0228458311370996
"CR-Kp","Model A","Humidity",48.4164151352651,0.00304402509491293,0.0231693486691223
"CR-Kp","Model A","Humidity",48.5527652676776,0.00308487389551509,0.0234802659823365
"CR-Kp","Model A","Humidity",48.6891154000902,0.003124350122199,0.0237807360611507
"CR-Kp","Model A","Humidity",48.8254655325027,0.00316282123259868,0.0240735557793679
"CR-Kp","Model A","Humidity",48.9618156649153,0.00320041041609108,0.0243596627828806
"CR-Kp","Model A","Humidity",49.0981657973278,0.00323722944291822,0.0246399078017674
"CR-Kp","Model A","Humidity",49.2345159297404,0.00327326665884828,0.0249142021307936
"CR-Kp","Model A","Humidity",49.3708660621529,0.00330865917838708,0.025183589405834
"CR-Kp","Model A","Humidity",49.5072161945655,0.00334351498425186,0.0254488915285313
"CR-Kp","Model A","Humidity",49.643566326978,0.00337783062942875,0.0257100822622207
"CR-Kp","Model A","Humidity",49.7799164593906,0.00341158470249925,0.025966998635637
"CR-Kp","Model A","Humidity",49.9162665918031,0.00344456911091374,0.0262180567693158
"CR-Kp","Model A","Humidity",50.0526167242157,0.00347669929082868,0.0264626130124608
"CR-Kp","Model A","Humidity",50.1889668566282,0.00350792671092236,0.0267002979728761
"CR-Kp","Model A","Humidity",50.3253169890408,0.0035381150189078,0.0269300738162534
"CR-Kp","Model A","Humidity",50.4616671214533,0.0035671159184396,0.0271508117970584
"CR-Kp","Model A","Humidity",50.5980172538659,0.00359435932037132,0.0273581727282622
"CR-Kp","Model A","Humidity",50.7343673862784,0.00361975249056073,0.027551450771507
"CR-Kp","Model A","Humidity",50.870717518691,0.00364324943469227,0.0277302958448122
"CR-Kp","Model A","Humidity",51.0070676511035,0.0036646686543841,0.0278933264880516
"CR-Kp","Model A","Humidity",51.1434177835161,0.00368383136514913,0.0280391818976875
"CR-Kp","Model A","Humidity",51.2797679159286,0.00369984122102476,0.0281610396095522
"CR-Kp","Model A","Humidity",51.4161180483412,0.00371293113558288,0.0282606724262963
"CR-Kp","Model A","Humidity",51.5524681807537,0.00372317530171048,0.0283386450610265
"CR-Kp","Model A","Humidity",51.6888183131663,0.00373047847879112,0.0283942325975604
"CR-Kp","Model A","Humidity",51.8251684455788,0.00373476398569567,0.0284268513837397
"CR-Kp","Model A","Humidity",51.9615185779914,0.00373509755311633,0.0284293903049486
"CR-Kp","Model A","Humidity",52.0978687104039,0.00373222168216199,0.0284075008478019
"CR-Kp","Model A","Humidity",52.2342188428165,0.00372637409562652,0.0283629924199511
"CR-Kp","Model A","Humidity",52.370568975229,0.00371765805358936,0.0282966509770664
"CR-Kp","Model A","Humidity",52.5069191076416,0.00370620548165534,0.0282094806601262
"CR-Kp","Model A","Humidity",52.6432692400541,0.00369153500095432,0.0280978174931327
"CR-Kp","Model A","Humidity",52.7796193724667,0.00367472717591896,0.0279698861041094
"CR-Kp","Model A","Humidity",52.9159695048792,0.00365617448867165,0.0278286738387111
"CR-Kp","Model A","Humidity",53.0523196372918,0.00363622185477147,0.0276768059935763
"CR-Kp","Model A","Humidity",53.1886697697043,0.00361524247434611,0.0275171231510302
"CR-Kp","Model A","Humidity",53.3250199021169,0.00359375056748787,0.0273535392553537
"CR-Kp","Model A","Humidity",53.4613700345294,0.00357259773700601,0.0271925362118532
"CR-Kp","Model A","Humidity",53.597720166942,0.00355230369566368,0.0270380697718255
"CR-Kp","Model A","Humidity",53.7340702993545,0.00353339995571821,0.0268941854974551
"CR-Kp","Model A","Humidity",53.8704204317671,0.00351647242787933,0.0267653430003085
"CR-Kp","Model A","Humidity",54.0067705641796,0.00350327485515967,0.0266648907522509
"CR-Kp","Model A","Humidity",54.1431206965922,0.00349375141476141,0.0265924038626107
"CR-Kp","Model A","Humidity",54.2794708290047,0.00348847521487404,0.0265522444976163
"CR-Kp","Model A","Humidity",54.4158209614173,0.00348801121966388,0.0265487128359284
"CR-Kp","Model A","Humidity",54.5521710938298,0.00349314112636198,0.0265877587022476
"CR-Kp","Model A","Humidity",54.6885212262424,0.0035063511943247,0.0266883060568284
"CR-Kp","Model A","Humidity",54.8248713586549,0.00352645627923247,0.02684133427037
"CR-Kp","Model A","Humidity",54.9612214910674,0.0035538814403744,0.027050078646974
"CR-Kp","Model A","Humidity",55.09757162348,0.00358901874858432,0.0273175234018055
"CR-Kp","Model A","Humidity",55.2339217558926,0.0036327260843507,0.0276501982222142
"CR-Kp","Model A","Humidity",55.3702718883051,0.00368734316076031,0.0280659116434791
"CR-Kp","Model A","Humidity",55.5066220207176,0.00375073138183455,0.0285483859167821
"CR-Kp","Model A","Humidity",55.6429721531302,0.00382298855354226,0.0290983654842759
"CR-Kp","Model A","Humidity",55.7793222855427,0.00390416559505539,0.0297162379130837
"CR-Kp","Model A","Humidity",55.9156724179553,0.00399497456937836,0.0304074230126712
"CR-Kp","Model A","Humidity",56.0520225503678,0.00409680650057897,0.0311825084492466
"CR-Kp","Model A","Humidity",56.1883726827804,0.00420710740529276,0.0320220547867929
"CR-Kp","Model A","Humidity",56.3247228151929,0.00432559803717255,0.0329239365645206
"CR-Kp","Model A","Humidity",56.4610729476055,0.00445195952508511,0.0338857267208133
"CR-Kp","Model A","Humidity",56.597423080018,0.00458653301667993,0.0349100218731733
"CR-Kp","Model A","Humidity",56.7337732124306,0.00472949617427527,0.0359981742838418
"CR-Kp","Model A","Humidity",56.8701233448431,0.00487857259981416,0.0371328573347237
"CR-Kp","Model A","Humidity",57.0064734772557,0.00503324242189825,0.0383101140670832
"CR-Kp","Model A","Humidity",57.1428236096682,0.00519297473094078,0.0395259035059138
"CR-Kp","Model A","Humidity",57.2791737420808,0.00535767904321128,0.0407795369416829
"CR-Kp","Model A","Humidity",57.4155238744933,0.00552675664883129,0.0420664573429954
"CR-Kp","Model A","Humidity",57.5518740069059,0.00569874919879566,0.0433755646053749
"CR-Kp","Model A","Humidity",57.6882241393184,0.00587317589008271,0.0447031991358473
"CR-Kp","Model A","Humidity",57.824574271731,0.00604958235360349,0.0460459025411609
"CR-Kp","Model A","Humidity",57.9609244041435,0.00622768476683921,0.0474015145293691
"CR-Kp","Model A","Humidity",58.0972745365561,0.00640695048183785,0.0487659808940401
"CR-Kp","Model A","Humidity",58.2336246689686,0.00658688587553042,0.0501355444634555
"CR-Kp","Model A","Humidity",58.3699748013812,0.00676733707282359,0.051509034029896
"CR-Kp","Model A","Humidity",58.5063249337937,0.00694820393914852,0.0528856874272601
"CR-Kp","Model A","Humidity",58.6426750662063,0.0071295358086669,0.054265880158495
"CR-Kp","Model A","Humidity",58.7790251986188,0.00731152088764192,0.0556510447402182
"CR-Kp","Model A","Humidity",58.9153753310314,0.0074943510891294,0.0570426419029973
"CR-Kp","Model A","Humidity",59.0517254634439,0.00767834322982944,0.0584430830712983
"CR-Kp","Model A","Humidity",59.1880755958565,0.00786387057405517,0.0598552093159885
"CR-Kp","Model A","Humidity",59.324425728269,0.00805194021943024,0.0612866860784683
"CR-Kp","Model A","Humidity",59.4607758606816,0.0082434413957455,0.0627442816587446
"CR-Kp","Model A","Humidity",59.5971259930941,0.00843873559089578,0.0642307474924378
"CR-Kp","Model A","Humidity",59.7334761255067,0.00863853286586521,0.0657514881507994
"CR-Kp","Model A","Humidity",59.8698262579192,0.00884357642560858,0.06731216047771
"CR-Kp","Model A","Humidity",60.0061763903318,0.0090562680303531,0.0689310452751962
"CR-Kp","Model A","Humidity",60.1425265227443,0.00927745916252207,0.0706146235322563
"CR-Kp","Model A","Humidity",60.2788766551569,0.00950720813356044,0.0723633390816964
"CR-Kp","Model A","Humidity",60.4152267875694,0.00974635843717628,0.0741836121070607
"CR-Kp","Model A","Humidity",60.551576919982,0.00999574846864451,0.0760818239855853
"CR-Kp","Model A","Humidity",60.6879270523945,0.0102591857238137,0.0780869551612949
"CR-Kp","Model A","Humidity",60.8242771848071,0.0105364385578867,0.0801972424887137
"CR-Kp","Model A","Humidity",60.9606273172196,0.0108270296683688,0.0824090530188428
"CR-Kp","Model A","Humidity",61.0969774496322,0.0111316107709925,0.0847273472328123
"CR-Kp","Model A","Humidity",61.2333275820447,0.0114507906803587,0.0871567590732873
"CR-Kp","Model A","Humidity",61.3696777144573,0.0117892755297675,0.0897331088899407
"CR-Kp","Model A","Humidity",61.5060278468698,0.0121449849033527,0.0924405617671344
"CR-Kp","Model A","Humidity",61.6423779792824,0.0125169352953959,0.0952716318313292
"CR-Kp","Model A","Humidity",61.7787281116949,0.0129053141897786,0.0982277461007937
"CR-Kp","Model A","Humidity",61.9150782441075,0.0133102401862909,0.101309807288156
"CR-Kp","Model A","Humidity",62.05142837652,0.0137363502298318,0.104553109121216
"CR-Kp","Model A","Humidity",62.1877785089326,0.0141796709466091,0.107927408589517
"CR-Kp","Model A","Humidity",62.3241286413451,0.0146388865580798,0.111422690752022
"CR-Kp","Model A","Humidity",62.4604787737577,0.0151135714169437,0.115035715829033
"CR-Kp","Model A","Humidity",62.5968289061702,0.0156032221688878,0.118762652580261
"CR-Kp","Model A","Humidity",62.7331790385828,0.0161111489879533,0.122628696125366
"CR-Kp","Model A","Humidity",62.8695291709953,0.0166323198595888,0.126595545696118
"CR-Kp","Model A","Humidity",63.0058793034079,0.0171652605167775,0.130651980029394
"CR-Kp","Model A","Humidity",63.1422294358204,0.0177089376114264,0.134790133880485
"CR-Kp","Model A","Humidity",63.278579568233,0.0182622508759111,0.139001632652136
"CR-Kp","Model A","Humidity",63.4149297006455,0.0188259205138093,0.143291958115118
"CR-Kp","Model A","Humidity",63.5512798330581,0.0193954491422106,0.14762687880632
"CR-Kp","Model A","Humidity",63.6876299654706,0.0199692975728101,0.151994679319531
"CR-Kp","Model A","Humidity",63.8239800978832,0.0205460000748797,0.156384203364893
"CR-Kp","Model A","Humidity",63.9603302302957,0.0211240467229483,0.160783958267867
"CR-Kp","Model A","Humidity",64.0966803627082,0.0217007322060965,0.165173352775097
"CR-Kp","Model A","Humidity",64.2330304951208,0.0222740229458224,0.169536908469722
"CR-Kp","Model A","Humidity",64.3693806275333,0.022842341494326,0.173862618736505
"CR-Kp","Model A","Humidity",64.5057307599459,0.0234041231327639,0.178138573845623
"CR-Kp","Model A","Humidity",64.6420808923585,0.0239574931890537,0.182350504883464
"CR-Kp","Model A","Humidity",64.778431024771,0.0244972007604894,0.186458445032465
"CR-Kp","Model A","Humidity",64.9147811571835,0.0250243963388609,0.190471151167024
"CR-Kp","Model A","Humidity",65.0511312895961,0.0255377638334321,0.194378605969875
"CR-Kp","Model A","Humidity",65.1874814220086,0.0260360478199164,0.19817125388148
"CR-Kp","Model A","Humidity",65.3238315544212,0.0265170987357101,0.201832733681449
"CR-Kp","Model A","Humidity",65.4601816868337,0.0269750588165934,0.205318459475319
"CR-Kp","Model A","Humidity",65.5965318192463,0.0274138332842446,0.208658155539293
"CR-Kp","Model A","Humidity",65.7328819516588,0.0278327124703663,0.211846420291023
"CR-Kp","Model A","Humidity",65.8692320840714,0.02823107507296,0.214878524741034
"CR-Kp","Model A","Humidity",66.0055822164839,0.0286067577937505,0.217738003120995
"CR-Kp","Model A","Humidity",66.1419323488965,0.0289551409133611,0.220389692813759
"CR-Kp","Model A","Humidity",66.278282481309,0.0292817551372955,0.222875690333055
"CR-Kp","Model A","Humidity",66.4146326137216,0.0295866242498733,0.225196176711294
"CR-Kp","Model A","Humidity",66.5509827461341,0.0298698563274272,0.227351974562663
"CR-Kp","Model A","Humidity",66.6873328785467,0.0301296059791139,0.229329037845311
"CR-Kp","Model A","Humidity",66.8236830109592,0.0303634846499616,0.231109186267936
"CR-Kp","Model A","Humidity",66.9600331433718,0.0305772629526225,0.232736342377956
"CR-Kp","Model A","Humidity",67.0963832757843,0.0307715740750887,0.234215325634117
"CR-Kp","Model A","Humidity",67.2327334081969,0.030947108272257,0.23555138985525
"CR-Kp","Model A","Humidity",67.3690835406094,0.0311026208685124,0.236735061294459
"CR-Kp","Model A","Humidity",67.505433673022,0.0312379173776702,0.237764859636014
"CR-Kp","Model A","Humidity",67.6417838054345,0.0313579093705757,0.238678168900703
"CR-Kp","Model A","Humidity",67.7781339378471,0.0314635961838655,0.239482595457807
"CR-Kp","Model A","Humidity",67.9144840702596,0.0315560066855555,0.240185970452291
"CR-Kp","Model A","Humidity",68.0508342026722,0.0316347323600263,0.240785184500846
"CR-Kp","Model A","Humidity",68.1871843350847,0.0317011390244947,0.241290633409791
"CR-Kp","Model A","Humidity",68.3235344674973,0.0317587718929041,0.241729301285824
"CR-Kp","Model A","Humidity",68.4598845999098,0.0318088210913084,0.242110246676313
"CR-Kp","Model A","Humidity",68.5962347323224,0.031852495257172,0.242442669026713
"CR-Kp","Model A","Humidity",68.7325848647349,0.0318905432793104,0.242732268443146
"CR-Kp","Model A","Humidity",68.8689349971475,0.0319251859454123,0.242995948269927
"CR-Kp","Model A","Humidity",69.00528512956,0.0319585956855699,0.243250243781469
"CR-Kp","Model A","Humidity",69.1416352619726,0.0319921156210972,0.243505378036076
"CR-Kp","Model A","Humidity",69.2779853943851,0.0320271081791471,0.243771721036874
"CR-Kp","Model A","Humidity",69.4143355267977,0.0320659736348224,0.244067542281985
"CR-Kp","Model A","Humidity",69.5506856592102,0.0321111059122128,0.244411062929314
"CR-Kp","Model A","Humidity",69.6870357916228,0.032163478396383,0.244809691819869
"CR-Kp","Model A","Humidity",69.8233859240353,0.0322245762852637,0.245274733416533
"CR-Kp","Model A","Humidity",69.9597360564479,0.0322958957457488,0.245817575671557
"CR-Kp","Model A","Humidity",70.0960861888604,0.0323819873969737,0.246472855251237
"CR-Kp","Model A","Humidity",70.232436321273,0.0324844836171619,0.247252996869247
"CR-Kp","Model A","Humidity",70.3687864536855,0.0326032763601147,0.24815717814076
"CR-Kp","Model A","Humidity",70.5051365860981,0.0327398355994475,0.249196587650024
"CR-Kp","Model A","Humidity",70.6414867185106,0.0328956092927305,0.250382246407957
"CR-Kp","Model A","Humidity",70.7778368509232,0.0330773835814993,0.251765806577223
"CR-Kp","Model A","Humidity",70.9141869833357,0.0332847555575699,0.253344201455048
"CR-Kp","Model A","Humidity",71.0505371157483,0.033516606136044,0.25510891321803
"CR-Kp","Model A","Humidity",71.1868872481608,0.0337740364118026,0.257068322760023
"CR-Kp","Model A","Humidity",71.3232373805734,0.0340580750170032,0.259230259430776
"CR-Kp","Model A","Humidity",71.4595875129859,0.034377025029817,0.261657921432398
"CR-Kp","Model A","Humidity",71.5959376453985,0.0347273402900759,0.264324317456076
"CR-Kp","Model A","Humidity",71.732287777811,0.0351070617534439,0.267214536395672
"CR-Kp","Model A","Humidity",71.8686379102236,0.0355165180786197,0.270331079810057
"CR-Kp","Model A","Humidity",72.0049880426361,0.0359559240803785,0.273675582744369
"CR-Kp","Model A","Humidity",72.1413381750487,0.0364335571896338,0.277311048188707
"CR-Kp","Model A","Humidity",72.2776883074612,0.0369426242962543,0.281185770939509
"CR-Kp","Model A","Humidity",72.4140384398738,0.0374806694484061,0.285281057719756
"CR-Kp","Model A","Humidity",72.5503885722863,0.0380470308599223,0.289591871398028
"CR-Kp","Model A","Humidity",72.6867387046989,0.0386409258718033,0.294112254829203
"CR-Kp","Model A","Humidity",72.8230888371114,0.0392686851942957,0.298890393697842
"CR-Kp","Model A","Humidity",72.9594389695239,0.0399216404499779,0.303860309356396
"CR-Kp","Model A","Humidity",73.0957891019365,0.0405972481965831,0.30900264260155
"CR-Kp","Model A","Humidity",73.232139234349,0.0412939613007086,0.314305617553632
"CR-Kp","Model A","Humidity",73.3684893667616,0.0420101436248044,0.319756780885159
"CR-Kp","Model A","Humidity",73.5048394991742,0.0427485326177712,0.325376968465111
"CR-Kp","Model A","Humidity",73.6411896315867,0.0435010733602988,0.331104870932301
"CR-Kp","Model A","Humidity",73.7775397639992,0.0442654105466883,0.336922561069557
"CR-Kp","Model A","Humidity",73.9138898964118,0.0450394763514723,0.342814299792032
"CR-Kp","Model A","Humidity",74.0502400288243,0.0458211795208913,0.348764169692348
"CR-Kp","Model A","Humidity",74.1865901612369,0.0466086962878015,0.354758289315676
"CR-Kp","Model A","Humidity",74.3229402936495,0.0473972657157442,0.360760421182574
"CR-Kp","Model A","Humidity",74.459290426062,0.0481847091458054,0.36675398260846
"CR-Kp","Model A","Humidity",74.5956405584745,0.0489688570782829,0.372722460623344
"CR-Kp","Model A","Humidity",74.7319906908871,0.0497473255003735,0.378647709508269
"CR-Kp","Model A","Humidity",74.8683408232996,0.0505142722006013,0.384485261747213
"CR-Kp","Model A","Humidity",75.0046909557122,0.0512693936098546,0.390232806748649
"CR-Kp","Model A","Humidity",75.1410410881247,0.0520106740958269,0.395875002691714
"CR-Kp","Model A","Humidity",75.2773912205373,0.052736130754439,0.401396756863784
"CR-Kp","Model A","Humidity",75.4137413529498,0.0534428209131625,0.406775671352979
"CR-Kp","Model A","Humidity",75.5500914853624,0.0541226850847553,0.411950402029675
"CR-Kp","Model A","Humidity",75.6864416177749,0.0547792120182037,0.416947503222157
"CR-Kp","Model A","Humidity",75.8227917501875,0.0554106840401412,0.42175390099973
"CR-Kp","Model A","Humidity",75.9591418826,0.0560154235423282,0.426356826384143
"CR-Kp","Model A","Humidity",76.0954920150126,0.0565896257463307,0.430727319614748
"CR-Kp","Model A","Humidity",76.2318421474251,0.0571245986287403,0.434799222064497
"CR-Kp","Model A","Humidity",76.3681922798377,0.0576266457978595,0.438620513133716
"CR-Kp","Model A","Humidity",76.5045424122502,0.0580943959249776,0.442180755065801
"CR-Kp","Model A","Humidity",76.6408925446628,0.0585265243288973,0.445469865157889
"CR-Kp","Model A","Humidity",76.7772426770753,0.0589181595502819,0.448450764694667
"CR-Kp","Model A","Humidity",76.9135928094879,0.0592613354788236,0.451062820277428
"CR-Kp","Model A","Humidity",77.0499429419004,0.0595642461037121,0.453368399786399
"CR-Kp","Model A","Humidity",77.186293074313,0.0598259461493508,0.455360308333494
"CR-Kp","Model A","Humidity",77.3226432067255,0.0600455512788325,0.457031814860491
"CR-Kp","Model A","Humidity",77.4589933391381,0.060217177234055,0.4583381318169
"CR-Kp","Model A","Humidity",77.5953434715506,0.0603348177474311,0.459233542986992
"CR-Kp","Model A","Humidity",77.7316936039632,0.0604077271576777,0.459788487014913
"CR-Kp","Model A","Humidity",77.8680437363757,0.0604355160629119,0.46
"CR-Kp","Model A","Humidity",78.0043938687883,0.0604178708261784,0.459865694720155
"CR-Kp","Model A","Humidity",78.1407440012008,0.0603482744893439,0.45933596788022
"CR-Kp","Model A","Humidity",78.2770941336134,0.0602236250393427,0.458387208760816
"CR-Kp","Model A","Humidity",78.4134442660259,0.0600533904029549,0.457091481714209
"CR-Kp","Model A","Humidity",78.5497943984385,0.0598378186611465,0.455450674988432
"CR-Kp","Model A","Humidity",78.686144530851,0.0595772338662423,0.453467255081316
"CR-Kp","Model A","Humidity",78.8224946632636,0.0592650790313349,0.451091314021958
"CR-Kp","Model A","Humidity",78.9588447956761,0.0589014411853464,0.448323514223895
"CR-Kp","Model A","Humidity",79.0951949280887,0.0584951308762547,0.445230916454273
"CR-Kp","Model A","Humidity",79.2315450605012,0.0580469569624295,0.44181967727258
"CR-Kp","Model A","Humidity",79.3678951929138,0.0575577826562017,0.438096366949052
"CR-Kp","Model A","Humidity",79.5042453253263,0.057021567654459,0.434015010209335
"CR-Kp","Model A","Humidity",79.6405954577389,0.0564410443005136,0.429596404061637
"CR-Kp","Model A","Humidity",79.7769455901514,0.0558236457989825,0.424897125736477
"CR-Kp","Model A","Humidity",79.913295722564,0.0551705051516477,0.419925798984485
"CR-Kp","Model A","Humidity",80.0496458549765,0.0544827755252975,0.414691201040591
"CR-Kp","Model A","Humidity",80.1859959873891,0.0537552472276611,0.409153678757099
"CR-Kp","Model A","Humidity",80.3223461198016,0.052992221284449,0.403345969040312
"CR-Kp","Model A","Humidity",80.4586962522142,0.0521993992628178,0.397311468903493
"CR-Kp","Model A","Humidity",80.5950463846267,0.0513779658745986,0.391059195684092
"CR-Kp","Model A","Humidity",80.7313965170393,0.05052909839142,0.384598110089065
"CR-Kp","Model A","Humidity",80.8677466494518,0.049648488818728,0.377895422169321
"CR-Kp","Model A","Humidity",81.0040967818643,0.0487409650921828,0.370987879363263
"CR-Kp","Model A","Humidity",81.1404469142769,0.0478105753298376,0.363906293591194
"CR-Kp","Model A","Humidity",81.2767970466895,0.0468584014880094,0.356658900075351
"CR-Kp","Model A","Humidity",81.413147179102,0.0458855114632641,0.349253827023323
"CR-Kp","Model A","Humidity",81.5494973115146,0.0448885436505413,0.341665487852444
"CR-Kp","Model A","Humidity",81.6858474439271,0.0438722276534964,0.333929881555081
"CR-Kp","Model A","Humidity",81.8221975763396,0.0428393414619957,0.326068152574464
"CR-Kp","Model A","Humidity",81.9585477087522,0.0417908954364154,0.318087991186169
"CR-Kp","Model A","Humidity",82.0948978411648,0.0407278999622151,0.309997087856691
"CR-Kp","Model A","Humidity",82.2312479735773,0.0396482334504379,0.30177929428477
"CR-Kp","Model A","Humidity",82.3675981059899,0.0385562303013984,0.293467601404787
"CR-Kp","Model A","Humidity",82.5039482384024,0.0374538733946175,0.285077101742447
"CR-Kp","Model A","Humidity",82.6402983708149,0.0363422577531652,0.276616129976512
"CR-Kp","Model A","Humidity",82.7766485032275,0.0352224994121832,0.268093180717412
"CR-Kp","Model A","Humidity",82.9129986356401,0.0340943824105375,0.259506610194594
"CR-Kp","Model A","Humidity",83.0493487680526,0.0329614415706919,0.250883323420863
"CR-Kp","Model A","Humidity",83.1856989004652,0.0318252691472512,0.242235439712239
"CR-Kp","Model A","Humidity",83.3220490328777,0.0306871848501674,0.233573003933358
"CR-Kp","Model A","Humidity",83.4583991652902,0.0295485392617025,0.22490629593092
"CR-Kp","Model A","Humidity",83.5947492977028,0.0284119019562689,0.216254873810934
"CR-Kp","Model A","Humidity",83.7310994301153,0.0272791098964167,0.207632719463984
"CR-Kp","Model A","Humidity",83.8674495625279,0.026151644481837,0.199051108442961
"CR-Kp","Model A","Humidity",84.0037996949404,0.0250310424520587,0.190521737515419
"CR-Kp","Model A","Humidity",84.140149827353,0.0239188586828686,0.182056441491557
"CR-Kp","Model A","Humidity",84.2764999597655,0.0228211398320058,0.17370124401345
"CR-Kp","Model A","Humidity",84.4128500921781,0.0217366610964778,0.165446822593046
"CR-Kp","Model A","Humidity",84.5492002245906,0.0206669696562205,0.157304953464203
"CR-Kp","Model A","Humidity",84.6855503570032,0.0196136211720508,0.149287477412312
"CR-Kp","Model A","Humidity",84.8219004894157,0.0185785614093503,0.141409204471835
"CR-Kp","Model A","Humidity",84.9582506218283,0.0175701535713183,0.133733790481626
"CR-Kp","Model A","Humidity",85.0946007542408,0.0165840198232854,0.126227913910258
"CR-Kp","Model A","Humidity",85.2309508866534,0.0156214751717203,0.118901583822185
"CR-Kp","Model A","Humidity",85.3673010190659,0.0146837791279689,0.111764386885261
"CR-Kp","Model A","Humidity",85.5036511514785,0.0137733135385952,0.10483445233029
"CR-Kp","Model A","Humidity",85.640001283891,0.0128988544134359,0.0981785780401698
"CR-Kp","Model A","Humidity",85.7763514163036,0.0120534544250293,0.0917438849987098
"CR-Kp","Model A","Humidity",85.9127015487161,0.0112378757586561,0.0855361745169939
"CR-Kp","Model A","Humidity",86.0490516811287,0.010452798915648,0.0795606261753895
"CR-Kp","Model A","Humidity",86.1854018135412,0.00970088082624949,0.0738374629816929
"CR-Kp","Model A","Humidity",86.3217519459538,0.0089894825895922,0.0684227133414036
"CR-Kp","Model A","Humidity",86.4581020783663,0.0083101640655203,0.0632521358162976
"CR-Kp","Model A","Humidity",86.5944522107789,0.00766299500048473,0.0583262612757962
"CR-Kp","Model A","Humidity",86.7308023431914,0.00704796230023931,0.0536449900541128
"CR-Kp","Model A","Humidity",86.867152475604,0.00646772216977981,0.0492285396388715
"CR-Kp","Model A","Humidity",87.0035026080165,0.00592706906562565,0.0451134026447235
"CR-Kp","Model A","Humidity",87.1398527404291,0.00541739832191045,0.0412340853594216
"CR-Kp","Model A","Humidity",87.2762028728416,0.00493816091934501,0.0375864089674368
"CR-Kp","Model A","Humidity",87.4125530052542,0.004488747302866,0.0341657338901339
"CR-Kp","Model A","Humidity",87.5489031376667,0.00407153379311434,0.0309901472982038
"CR-Kp","Model A","Humidity",87.6852532700793,0.00368857356592316,0.0280752767719959
"CR-Kp","Model A","Humidity",87.8216034024918,0.00333224713439449,0.0253631272086073
"CR-Kp","Model A","Humidity",87.9579535349044,0.00300162002657788,0.0228465859510243
"CR-Kp","Model A","Humidity",88.0943036673169,0.00269573080386624,0.0205183350877259
"CR-Kp","Model A","Humidity",88.2306537997295,0.00241649021606851,0.0183929181349983
"CR-Kp","Model A","Humidity",88.367003932142,0.00216382696643784,0.0164697924234693
"CR-Kp","Model A","Humidity",88.5033540645546,0.00193177494759915,0.0147035474135868
"CR-Kp","Model A","Humidity",88.6397041969671,0.00171929070374616,0.0130862409266094
"CR-Kp","Model A","Humidity",88.7760543293797,0.00152533439833545,0.0116099583315198
"CR-Kp","Model A","Humidity",88.9124044617922,0.00135129634999612,0.0102852819251373
"CR-Kp","Model A","Humidity",89.0487545942048,0.00119592391422943,0.00910267730605412
"CR-Kp","Model A","Humidity",89.1851047266173,0.00105503775773779,0.00803033381983836
"CR-Kp","Model A","Humidity",89.3214548590299,0.000927700670409886,0.0070611179681881
"CR-Kp","Model A","Humidity",89.4578049914424,0.000812997940947312,0.00618806750068057
"CR-Kp","Model A","Humidity",89.594155123855,0.000711852019002586,0.00541820356758963
"CR-Kp","Model A","Humidity",89.7305052562675,0.000622666059196125,0.00473937191058408
"CR-Kp","Model A","Humidity",89.8668553886801,0.000542797171020383,0.00413145638418076
"CR-Kp","Model A","Humidity",90.0032055210926,0.000471522980516606,0.00358895869792607
"CR-Kp","Model A","Humidity",90.1395556535052,0.000408149719358905,0.00310659829080725
"CR-Kp","Model A","Humidity",90.2759057859177,0.000353239379321314,0.00268865271736335
"CR-Kp","Model A","Humidity",90.4122559183303,0.000305369236935007,0.0023242930339815
"CR-Kp","Model A","Humidity",90.5486060507428,0.000263019175473202,0.00200194899621154
"CR-Kp","Model A","Humidity",90.6849561831554,0.000225695963922187,0.00171786641643188
"CR-Kp","Model A","Humidity",90.8213063155679,0.000192932258508086,0.001468488145635
"CR-Kp","Model A","Humidity",90.9576564479804,0.000165043969208025,0.00125621870683888
"CR-Kp","Model A","Humidity",91.094006580393,0.00014098507193727,0.0010730963730604
"CR-Kp","Model A","Humidity",91.2303567128056,0.000119955310926155,0.000913030062796039
"CR-Kp","Model A","Humidity",91.3667068452181,0.000101650519512548,0.000773704636311816
"CR-Kp","Model A","Humidity",91.5030569776306,8.57859033338672e-05,0.000652952404551331
"CR-Kp","Model A","Humidity",91.6394071100432,7.25254939636228e-05,0.000552021880454165
"CR-Kp","Model A","Humidity",91.7757572424557,6.1197968853049e-05,0.000465803347208916
"CR-Kp","Model A","Humidity",91.9121073748683,5.14159060916747e-05,0.000391347974551089
"CR-Kp","Model A","Humidity",92.0484575072809,4.30077227669186e-05,0.000327349773139827
"CR-Kp","Model A","Humidity",92.1848076396934,3.58145098024225e-05,0.000272599219504713
"CR-Kp","Model A","Humidity",92.3211577721059,2.99146687224246e-05,0.000227693060451254
"CR-Kp","Model A","Humidity",92.4575079045185,2.4922191357853e-05,0.000189693226292275
"CR-Kp","Model A","Humidity",92.593858036931,2.06641423782401e-05,0.000157283433868513
"CR-Kp","Model A","Humidity",92.7302081693436,1.70512827982031e-05,0.000129784447923113
"CR-Kp","Model A","Humidity",92.8665583017562,1.40018283305646e-05,0.000106573774026435
"CR-Kp","Model A","Humidity",93.0029084341687,1.15499964442503e-05,8.79118556516413e-05
"CR-Kp","Model A","Humidity",93.1392585665812,9.49433633625347e-06,7.22653664466147e-05
"CR-Kp","Model A","Humidity",93.2756086989938,7.76366501600789e-06,5.90925028859852e-05
"CR-Kp","Model A","Humidity",93.4119588314063,6.31503238242144e-06,4.80663537792896e-05
"CR-Kp","Model A","Precipitation",0,4.02598619843885e-05,0.0111519622889003
"CR-Kp","Model A","Precipitation",6.51272015655577,4.21509171865449e-05,0.0116757836648617
"CR-Kp","Model A","Precipitation",13.0254403131115,4.39655535668559e-05,0.012178437064149
"CR-Kp","Model A","Precipitation",19.5381604696673,4.56932344993271e-05,0.0126570038464605
"CR-Kp","Model A","Precipitation",26.0508806262231,4.73244479081385e-05,0.0131088491713964
"CR-Kp","Model A","Precipitation",32.5636007827789,4.88434358404598e-05,0.0135296080936478
"CR-Kp","Model A","Precipitation",39.0763209393346,5.0223284455964e-05,0.0139118254924671
"CR-Kp","Model A","Precipitation",45.5890410958904,5.14855122157668e-05,0.0142614619711709
"CR-Kp","Model A","Precipitation",52.1017612524462,5.26298199997296e-05,0.0145784346736257
"CR-Kp","Model A","Precipitation",58.614481409002,5.36578222241143e-05,0.0148631907923548
"CR-Kp","Model A","Precipitation",65.1272015655577,5.4573078590002e-05,0.0151167163628352
"CR-Kp","Model A","Precipitation",71.6399217221135,5.53610190089444e-05,0.0153349754776169
"CR-Kp","Model A","Precipitation",78.1526418786693,5.6053197826758e-05,0.0155267086752227
"CR-Kp","Model A","Precipitation",84.665362035225,5.66701672494221e-05,0.015697608906764
"CR-Kp","Model A","Precipitation",91.1780821917808,5.72274956765589e-05,0.0158519886114031
"CR-Kp","Model A","Precipitation",97.6908023483366,5.77425506549311e-05,0.0159946585911896
"CR-Kp","Model A","Precipitation",104.203522504892,5.82354627923873e-05,0.0161311950147567
"CR-Kp","Model A","Precipitation",110.716242661448,5.87412070434542e-05,0.0162712859275847
"CR-Kp","Model A","Precipitation",117.228962818004,5.92884459906755e-05,0.0164228708511693
"CR-Kp","Model A","Precipitation",123.74168297456,5.99026866858545e-05,0.0165930152265177
"CR-Kp","Model A","Precipitation",130.254403131115,6.06101465637192e-05,0.0167889812703634
"CR-Kp","Model A","Precipitation",136.767123287671,6.14376539822525e-05,0.0170182004248863
"CR-Kp","Model A","Precipitation",143.279843444227,6.24619552023722e-05,0.0173019313672248
"CR-Kp","Model A","Precipitation",149.792563600783,6.36890086501018e-05,0.0176418245785044
"CR-Kp","Model A","Precipitation",156.305283757339,6.51396251219146e-05,0.0180436446392782
"CR-Kp","Model A","Precipitation",162.818003913894,6.68397380664575e-05,0.018514575102273
"CR-Kp","Model A","Precipitation",169.33072407045,6.88144873447067e-05,0.0190615796968145
"CR-Kp","Model A","Precipitation",175.843444227006,7.11288376768719e-05,0.019702653618966
"CR-Kp","Model A","Precipitation",182.356164383562,7.38324108276305e-05,0.0204515420735324
"CR-Kp","Model A","Precipitation",188.868884540117,7.68932340504896e-05,0.0212993886252059
"CR-Kp","Model A","Precipitation",195.381604696673,8.03283688462355e-05,0.0222509193014487
"CR-Kp","Model A","Precipitation",201.894324853229,8.41531538840087e-05,0.0233103829061907
"CR-Kp","Model A","Precipitation",208.407045009785,8.83811669412225e-05,0.0244815404772055
"CR-Kp","Model A","Precipitation",214.91976516634,9.31447068236606e-05,0.0258010387196789
"CR-Kp","Model A","Precipitation",221.432485322896,9.83402156208691e-05,0.0272401921425243
"CR-Kp","Model A","Precipitation",227.945205479452,0.000103968547187626,0.0287992372631023
"CR-Kp","Model A","Precipitation",234.457925636008,0.000110032407238119,0.0304789235629333
"CR-Kp","Model A","Precipitation",240.970645792564,0.000116532898244813,0.0322795564263568
"CR-Kp","Model A","Precipitation",247.483365949119,0.000123534615665329,0.0342190287638778
"CR-Kp","Model A","Precipitation",253.996086105675,0.000131027605608969,0.036294583352589
"CR-Kp","Model A","Precipitation",260.508806262231,0.000138946503432155,0.0384881142178482
"CR-Kp","Model A","Precipitation",267.021526418787,0.000147286040675702,0.0407981619990098
"CR-Kp","Model A","Precipitation",273.534246575342,0.000156040662252208,0.043223187939552
"CR-Kp","Model A","Precipitation",280.046966731898,0.00016521280275825,0.0457638664215483
"CR-Kp","Model A","Precipitation",286.559686888454,0.000174895213256734,0.0484458894445437
"CR-Kp","Model A","Precipitation",293.07240704501,0.000184974239760848,0.0512377749091856
"CR-Kp","Model A","Precipitation",299.585127201566,0.000195448090959776,0.054139026623245
"CR-Kp","Model A","Precipitation",306.097847358121,0.000206316673452975,0.0571496187148164
"CR-Kp","Model A","Precipitation",312.610567514677,0.000217581726621495,0.0602700329916092
"CR-Kp","Model A","Precipitation",319.123287671233,0.000229321529117062,0.0635219526022742
"CR-Kp","Model A","Precipitation",325.636007827789,0.000241522392823265,0.0669015859451889
"CR-Kp","Model A","Precipitation",332.148727984344,0.000254154505000209,0.0704006749058282
"CR-Kp","Model A","Precipitation",338.6614481409,0.000267235520592723,0.074024109895367
"CR-Kp","Model A","Precipitation",345.174168297456,0.000280786170454107,0.0777776333501379
"CR-Kp","Model A","Precipitation",351.686888454012,0.000294856591735802,0.0816751332368304
"CR-Kp","Model A","Precipitation",358.199608610568,0.000309593245161769,0.0857571791051122
"CR-Kp","Model A","Precipitation",364.712328767123,0.00032491275488442,0.0900006758855456
"CR-Kp","Model A","Precipitation",371.225048923679,0.000340853491921468,0.0944162523314701
"CR-Kp","Model A","Precipitation",377.737769080235,0.000357456006312202,0.0990151407841475
"CR-Kp","Model A","Precipitation",384.250489236791,0.00037476285857603,0.10380913048686
"CR-Kp","Model A","Precipitation",390.763209393346,0.000392990776057009,0.108858254809042
"CR-Kp","Model A","Precipitation",397.275929549902,0.000412113652869008,0.114155282432867
"CR-Kp","Model A","Precipitation",403.788649706458,0.000432115505676822,0.119695785982218
"CR-Kp","Model A","Precipitation",410.301369863014,0.000453041479006623,0.125492270468999
"CR-Kp","Model A","Precipitation",416.814090019569,0.000474935326888682,0.131556855738425
"CR-Kp","Model A","Precipitation",423.326810176125,0.000497921864014977,0.137924115399779
"CR-Kp","Model A","Precipitation",429.839530332681,0.000522200167642416,0.144649193756894
"CR-Kp","Model A","Precipitation",436.352250489237,0.000547583401227618,0.151680337177661
"CR-Kp","Model A","Precipitation",442.864970645793,0.000574094573916007,0.159023919184228
"CR-Kp","Model A","Precipitation",449.377690802348,0.000601751161528567,0.166684780570552
"CR-Kp","Model A","Precipitation",455.890410958904,0.000630564837623111,0.174666154906499
"CR-Kp","Model A","Precipitation",462.40313111546,0.000660812160410561,0.183044648682673
"CR-Kp","Model A","Precipitation",468.915851272016,0.000692263997081744,0.191756792221806
"CR-Kp","Model A","Precipitation",475.428571428571,0.00072483411744107,0.200778699801445
"CR-Kp","Model A","Precipitation",481.941291585127,0.000758489322874761,0.210101175421636
"CR-Kp","Model A","Precipitation",488.454011741683,0.000793188040280932,0.219712703353273
"CR-Kp","Model A","Precipitation",494.966731898239,0.000828974742152712,0.229625602455435
"CR-Kp","Model A","Precipitation",501.479452054794,0.00086581381947636,0.239830009048545
"CR-Kp","Model A","Precipitation",507.99217221135,0.000903439618893744,0.250252337280945
"CR-Kp","Model A","Precipitation",514.504892367906,0.000941758622693788,0.260866682791916
"CR-Kp","Model A","Precipitation",521.017612524462,0.000980669204716121,0.271644895184211
"CR-Kp","Model A","Precipitation",527.530332681018,0.0010200617608356,0.2825566141682
"CR-Kp","Model A","Precipitation",534.043052837573,0.00105985256554761,0.293578647819616
"CR-Kp","Model A","Precipitation",540.555772994129,0.00109977367818307,0.304636776702777
"CR-Kp","Model A","Precipitation",547.068493150685,0.00113967414137571,0.315689185700267
"CR-Kp","Model A","Precipitation",553.581213307241,0.00117940587831456,0.326694857607101
"CR-Kp","Model A","Precipitation",560.093933463796,0.00121881643982374,0.337611564075324
"CR-Kp","Model A","Precipitation",566.606653620352,0.00125765005732917,0.348368457333677
"CR-Kp","Model A","Precipitation",573.119373776908,0.00129563458241854,0.358890152403638
"CR-Kp","Model A","Precipitation",579.632093933464,0.00133268560535464,0.369153267828843
"CR-Kp","Model A","Precipitation",586.14481409002,0.0013686411286794,0.379112930391792
"CR-Kp","Model A","Precipitation",592.657534246575,0.00140334074794672,0.388724708138532
"CR-Kp","Model A","Precipitation",599.170254403131,0.00143661887586598,0.397942733469682
"CR-Kp","Model A","Precipitation",605.682974559687,0.00146780258508006,0.406580605832939
"CR-Kp","Model A","Precipitation",612.195694716243,0.00149715579848843,0.414711431743746
"CR-Kp","Model A","Precipitation",618.708414872798,0.00152454623477998,0.422298569342933
"CR-Kp","Model A","Precipitation",625.221135029354,0.00154984960761653,0.429307591374968
"CR-Kp","Model A","Precipitation",631.73385518591,0.00157295000872618,0.435706391304613
"CR-Kp","Model A","Precipitation",638.246575342466,0.0015933392212453,0.441354193306563
"CR-Kp","Model A","Precipitation",644.759295499022,0.00161096892503078,0.446237612724552
"CR-Kp","Model A","Precipitation",651.272015655577,0.00162606935312139,0.45042042399892
"CR-Kp","Model A","Precipitation",657.784735812133,0.0016385887920401,0.453888302521548
"CR-Kp","Model A","Precipitation",664.297455968689,0.00164848741900068,0.45663021739992
"CR-Kp","Model A","Precipitation",670.810176125245,0.00165564934657379,0.458614067872189
"CR-Kp","Model A","Precipitation",677.3228962818,0.0016594709210428,0.459672642150937
"CR-Kp","Model A","Precipitation",683.835616438356,0.00166065272039626,0.46
"CR-Kp","Model A","Precipitation",690.348336594912,0.00165922639166874,0.459604907632645
"CR-Kp","Model A","Precipitation",696.861056751468,0.00165523418487517,0.458499068282557
"CR-Kp","Model A","Precipitation",703.373776908024,0.00164872866862467,0.45669704342903
"CR-Kp","Model A","Precipitation",709.886497064579,0.00163932713308085,0.454092822632569
"CR-Kp","Model A","Precipitation",716.399217221135,0.00162738500642531,0.450784859327491
"CR-Kp","Model A","Precipitation",722.911937377691,0.00161323345061819,0.446864885216517
"CR-Kp","Model A","Precipitation",729.424657534247,0.00159697250976672,0.442360612468934
"CR-Kp","Model A","Precipitation",735.937377690802,0.00157870731555154,0.437301162509416
"CR-Kp","Model A","Precipitation",742.450097847358,0.00155844122675881,0.431687465720103
"CR-Kp","Model A","Precipitation",748.962818003914,0.00153606092014793,0.425488131618178
"CR-Kp","Model A","Precipitation",755.47553816047,0.00151211581120996,0.41885534802882
"CR-Kp","Model A","Precipitation",761.988258317025,0.0014867258436143,0.411822339290416
"CR-Kp","Model A","Precipitation",768.500978473581,0.00146001089857074,0.404422312440067
"CR-Kp","Model A","Precipitation",775.013698630137,0.00143209052045668,0.396688381212468
"CR-Kp","Model A","Precipitation",781.526418786693,0.00140288717526636,0.388599068725545
"CR-Kp","Model A","Precipitation",788.039138943249,0.00137273435617804,0.380246752428299
"CR-Kp","Model A","Precipitation",794.551859099804,0.00134181571945162,0.371682305015865
"CR-Kp","Model A","Precipitation",801.06457925636,0.00131024030954946,0.362935931751543
"CR-Kp","Model A","Precipitation",807.577299412916,0.00127811477419925,0.354037174004306
"CR-Kp","Model A","Precipitation",814.090019569472,0.00124551676749395,0.345007541920327
"CR-Kp","Model A","Precipitation",820.602739726027,0.0012125671639626,0.335880517685662
"CR-Kp","Model A","Precipitation",827.115459882583,0.00117944666025906,0.326706154185994
"CR-Kp","Model A","Precipitation",833.628180039139,0.00114624742623799,0.317509982426463
"CR-Kp","Model A","Precipitation",840.140900195695,0.00111305951591003,0.308316947324449
"CR-Kp","Model A","Precipitation",846.65362035225,0.00107997091570168,0.299151421077509
"CR-Kp","Model A","Precipitation",853.166340508806,0.00104714985149387,0.290060002173266
"CR-Kp","Model A","Precipitation",859.679060665362,0.00101467125857557,0.281063447650505
"CR-Kp","Model A","Precipitation",866.191780821918,0.000982605213891262,0.272181168788937
"CR-Kp","Model A","Precipitation",872.704500978474,0.000951028569734402,0.263434453636663
"CR-Kp","Model A","Precipitation",879.217221135029,0.000920016338240051,0.254844080518797
"CR-Kp","Model A","Precipitation",885.729941291585,0.000889730642768009,0.246454957527559
"CR-Kp","Model A","Precipitation",892.242661448141,0.000860318685717699,0.238307859656359
"CR-Kp","Model A","Precipitation",898.755381604697,0.000831733839482424,0.230389871080705
"CR-Kp","Model A","Precipitation",905.268101761252,0.000804037442667733,0.222717982564653
"CR-Kp","Model A","Precipitation",911.780821917808,0.000777287903728624,0.215308373221976
"CR-Kp","Model A","Precipitation",918.293542074364,0.000751540585624079,0.208176378565523
"CR-Kp","Model A","Precipitation",924.80626223092,0.000727162915499956,0.201423775736907
"CR-Kp","Model A","Precipitation",931.318982387475,0.000703930255343493,0.19498834011529
"CR-Kp","Model A","Precipitation",937.831702544031,0.000681866315299615,0.188876639399344
"CR-Kp","Model A","Precipitation",944.344422700587,0.000661002378739264,0.183097339067682
"CR-Kp","Model A","Precipitation",950.857142857143,0.000641365017372377,0.177657799471099
"CR-Kp","Model A","Precipitation",957.369863013699,0.000623163230261831,0.172615913248883
"CR-Kp","Model A","Precipitation",963.882583170254,0.000606407548546362,0.167974597521368
"CR-Kp","Model A","Precipitation",970.39530332681,0.000590920754143346,0.163684762965419
"CR-Kp","Model A","Precipitation",976.908023483366,0.00057669765396366,0.159744971097861
"CR-Kp","Model A","Precipitation",983.420743639922,0.00056372759612373,0.156152271352098
"CR-Kp","Model A","Precipitation",989.933463796477,0.000552015245639828,0.152907955935381
"CR-Kp","Model A","Precipitation",996.446183953033,0.000541830591772719,0.1500868117423
"CR-Kp","Model A","Precipitation",1002.95890410959,0.000532799256514568,0.147585136245837
"CR-Kp","Model A","Precipitation",1009.47162426614,0.000524879077907357,0.145391250604023
"CR-Kp","Model A","Precipitation",1015.9843444227,0.000518023397583064,0.143492230471492
"CR-Kp","Model A","Precipitation",1022.49706457926,0.000512181207565949,0.141873946663646
"CR-Kp","Model A","Precipitation",1029.00978473581,0.000507448178948044,0.140562900026684
"CR-Kp","Model A","Precipitation",1035.52250489237,0.000503666712052481,0.139515435526374
"CR-Kp","Model A","Precipitation",1042.03522504892,0.000500662123580869,0.138683165973585
"CR-Kp","Model A","Precipitation",1048.54794520548,0.000498364614607127,0.138046757099568
"CR-Kp","Model A","Precipitation",1055.06066536204,0.00049670275137559,0.137586421788568
"CR-Kp","Model A","Precipitation",1061.57338551859,0.000495624583690336,0.137287769861452
"CR-Kp","Model A","Precipitation",1068.08610567515,0.000495111268792323,0.137145581883083
"CR-Kp","Model A","Precipitation",1074.5988258317,0.000494953574830827,0.137101900732053
"CR-Kp","Model A","Precipitation",1081.11154598826,0.000495079852825108,0.137136879675365
"CR-Kp","Model A","Precipitation",1087.62426614481,0.000495420199525495,0.137231155546687
"CR-Kp","Model A","Precipitation",1094.13698630137,0.000495906684656143,0.137365911692478
"CR-Kp","Model A","Precipitation",1100.64970645793,0.000496469648493954,0.137521852403147
"CR-Kp","Model A","Precipitation",1107.16242661448,0.000497011688639348,0.137671997261141
"CR-Kp","Model A","Precipitation",1113.67514677104,0.000497475728389595,0.137800536047422
"CR-Kp","Model A","Precipitation",1120.18786692759,0.000497814313229194,0.137894323884158
"CR-Kp","Model A","Precipitation",1126.70058708415,0.000497984314680277,0.137941414203848
"CR-Kp","Model A","Precipitation",1133.2133072407,0.000497928181735875,0.13792586540541
"CR-Kp","Model A","Precipitation",1139.72602739726,0.000497565018076824,0.137825269247579
"CR-Kp","Model A","Precipitation",1146.23874755382,0.00049692036570695,0.137646700853056
"CR-Kp","Model A","Precipitation",1152.75146771037,0.000495978981588228,0.137385937907683
"CR-Kp","Model A","Precipitation",1159.26418786693,0.000494729950208959,0.137039956820002
"CR-Kp","Model A","Precipitation",1165.77690802348,0.000493166583134478,0.136606904896846
"CR-Kp","Model A","Precipitation",1172.28962818004,0.0004912142858543,0.136066119494906
"CR-Kp","Model A","Precipitation",1178.80234833659,0.000488936664731645,0.135435219546017
"CR-Kp","Model A","Precipitation",1185.31506849315,0.00048636139036111,0.134721869791492
"CR-Kp","Model A","Precipitation",1191.82778864971,0.000483500502922459,0.1339294053553
"CR-Kp","Model A","Precipitation",1198.34050880626,0.00048036779918017,0.133061647934525
"CR-Kp","Model A","Precipitation",1204.85322896282,0.000476954759198747,0.132116237511159
"CR-Kp","Model A","Precipitation",1211.36594911937,0.000473267935937951,0.131094989251883
"CR-Kp","Model A","Precipitation",1217.87866927593,0.00046937112823121,0.130015575402687
"CR-Kp","Model A","Precipitation",1224.39138943249,0.000465279783952377,0.128882275017153
"CR-Kp","Model A","Precipitation",1230.90410958904,0.000461008243005548,0.127699060241777
"CR-Kp","Model A","Precipitation",1237.4168297456,0.000456569575681086,0.126469551540665
"CR-Kp","Model A","Precipitation",1243.92954990215,0.000451937805240367,0.125186553369788
"CR-Kp","Model A","Precipitation",1250.44227005871,0.000447159123833245,0.123862860932303
"CR-Kp","Model A","Precipitation",1256.95499021526,0.000442241049955308,0.122500556847852
"CR-Kp","Model A","Precipitation",1263.46771037182,0.000437184857598071,0.121099994011467
"CR-Kp","Model A","Precipitation",1269.98043052838,0.000431989798836971,0.119660965248406
"CR-Kp","Model A","Precipitation",1276.49315068493,0.00042663315195976,0.11817717665537
"CR-Kp","Model A","Precipitation",1283.00587084149,0.000421101501319545,0.116644912104663
"CR-Kp","Model A","Precipitation",1289.51859099804,0.000415408970696035,0.115068083876429
"CR-Kp","Model A","Precipitation",1296.0313111546,0.000409546722467811,0.113444243953811
"CR-Kp","Model A","Precipitation",1302.54403131115,0.000403505685461439,0.111770879626158
"CR-Kp","Model A","Precipitation",1309.05675146771,0.00039727644356942,0.110045382636249
"CR-Kp","Model A","Precipitation",1315.56947162427,0.000390790312371341,0.108248727432863
"CR-Kp","Model A","Precipitation",1322.08219178082,0.000384096149221993,0.106394447479638
"CR-Kp","Model A","Precipitation",1328.59491193738,0.000377190765583272,0.10448165955306
"CR-Kp","Model A","Precipitation",1335.10763209393,0.00037007320454654,0.102510098589902
"CR-Kp","Model A","Precipitation",1341.62035225049,0.00036274485587466,0.100480149553802
"CR-Kp","Model A","Precipitation",1348.13307240704,0.000355178938331136,0.0983843940552105
"CR-Kp","Model A","Precipitation",1354.6457925636,0.00034739747396155,0.0962289321900979
"CR-Kp","Model A","Precipitation",1361.15851272016,0.000339442480412502,0.0940254028262411
"CR-Kp","Model A","Precipitation",1367.67123287671,0.000331332370232586,0.0917789062306909
"CR-Kp","Model A","Precipitation",1374.18395303327,0.000323088249343633,0.089495288733582
"CR-Kp","Model A","Precipitation",1380.69667318982,0.000314731738232965,0.0871805391994408
"CR-Kp","Model A","Precipitation",1387.20939334638,0.000306286855076638,0.0848413106514133
"CR-Kp","Model A","Precipitation",1393.72211350294,0.000297813558234281,0.0824942115261043
"CR-Kp","Model A","Precipitation",1400.23483365949,0.00028934423184408,0.0801482122141211
"CR-Kp","Model A","Precipitation",1406.74755381605,0.00028091176620306,0.0778124233118252
"CR-Kp","Model A","Precipitation",1413.2602739726,0.000272549344326593,0.0754960364984179
"CR-Kp","Model A","Precipitation",1419.77299412916,0.000264319714049029,0.0732164328936522
"CR-Kp","Model A","Precipitation",1426.28571428571,0.000256261408571342,0.0709842861755523
"CR-Kp","Model A","Precipitation",1432.79843444227,0.000248391482898455,0.0688043205722296
"CR-Kp","Model A","Precipitation",1439.31115459883,0.000240735929934997,0.066683736105689
"CR-Kp","Model A","Precipitation",1445.82387475538,0.000233318351445243,0.0646290704532144
"CR-Kp","Model A","Precipitation",1452.33659491194,0.00022617641434233,0.0626507573315185
"CR-Kp","Model A","Precipitation",1458.84931506849,0.000219382068225463,0.0607687267447663
"CR-Kp","Model A","Precipitation",1465.36203522505,0.00021288379741206,0.0589687088738102
"CR-Kp","Model A","Precipitation",1471.8747553816,0.000206686960383857,0.0572521880154976
"CR-Kp","Model A","Precipitation",1478.38747553816,0.000200793767326858,0.0556197763902827
"CR-Kp","Model A","Precipitation",1484.90019569472,0.000195203326420393,0.0540712269642714
"CR-Kp","Model A","Precipitation",1491.41291585127,0.000189973164447809,0.0526224746286149
"CR-Kp","Model A","Precipitation",1497.92563600783,0.000185045281727243,0.0512574534995015
"CR-Kp","Model A","Precipitation",1504.43835616438,0.000180384658672598,0.0499664631685277
"CR-Kp","Model A","Precipitation",1510.95107632094,0.000175975871992918,0.048745231391562
"CR-Kp","Model A","Precipitation",1517.46379647749,0.000171802057625548,0.0475890868314084
"CR-Kp","Model A","Precipitation",1523.97651663405,0.000167861465152766,0.0464975446232056
"CR-Kp","Model A","Precipitation",1530.48923679061,0.000164146012437006,0.0454683660187577
"CR-Kp","Model A","Precipitation",1537.00195694716,0.000160592851543025,0.0444841421704139
"CR-Kp","Model A","Precipitation",1543.51467710372,0.000157183187869539,0.0435396669827121
"CR-Kp","Model A","Precipitation",1550.02739726027,0.000153899016276809,0.0426299530406574
"CR-Kp","Model A","Precipitation",1556.54011741683,0.000150723254016932,0.0417502684313461
"CR-Kp","Model A","Precipitation",1563.05283757339,0.0001476573242215,0.0409010073615407
"CR-Kp","Model A","Precipitation",1569.56555772994,0.000144665003168356,0.0400721358777318
"CR-Kp","Model A","Precipitation",1576.0782778865,0.00014173321875879,0.0392600330149017
"CR-Kp","Model A","Precipitation",1582.59099804305,0.000138854574707312,0.0384626500055486
"CR-Kp","Model A","Precipitation",1589.10371819961,0.000136023555982002,0.0376784591884994
"CR-Kp","Model A","Precipitation",1595.61643835616,0.000133241669960255,0.0369078781065629
"CR-Kp","Model A","Precipitation",1602.12915851272,0.000130511400609599,0.0361515948175428
"CR-Kp","Model A","Precipitation",1608.64187866928,0.00012782859566144,0.0354084591450471
"CR-Kp","Model A","Precipitation",1615.15459882583,0.000125198108583007,0.0346798154971505
"CR-Kp","Model A","Precipitation",1621.66731898239,0.000122626051097312,0.0339673568181696
"CR-Kp","Model A","Precipitation",1628.18003913894,0.00012011970764481,0.0332731008945856
"CR-Kp","Model A","Precipitation",1634.6927592955,0.000117712632453825,0.0326063422314083
"CR-Kp","Model A","Precipitation",1641.20547945205,0.000115398266478888,0.0319652639762165
"CR-Kp","Model A","Precipitation",1647.71819960861,0.000113185462664478,0.0313523183903474
"CR-Kp","Model A","Precipitation",1654.23091976517,0.000111084031521015,0.0307702229804399
"CR-Kp","Model A","Precipitation",1660.74363992172,0.000109103525596472,0.0302216237976606
"CR-Kp","Model A","Precipitation",1667.25636007828,0.000107273767058125,0.0297147815679143
"CR-Kp","Model A","Precipitation",1673.76908023483,0.000105607068632276,0.0292531069104293
"CR-Kp","Model A","Precipitation",1680.28180039139,0.000104089930313159,0.0288328603301405
"CR-Kp","Model A","Precipitation",1686.79452054795,0.000102726646793065,0.0284552314547344
"CR-Kp","Model A","Precipitation",1693.3072407045,0.000101520200729024,0.0281210464787653
"CR-Kp","Model A","Precipitation",1699.81996086106,0.000100474469272098,0.0278313793712009
"CR-Kp","Model A","Precipitation",1706.33268101761,9.96292427582909e-05,0.0275972520358611
"CR-Kp","Model A","Precipitation",1712.84540117417,9.89365185164237e-05,0.0274053677560564
"CR-Kp","Model A","Precipitation",1719.35812133072,9.83905092856227e-05,0.0272541234633252
"CR-Kp","Model A","Precipitation",1725.87084148728,9.79840627516616e-05,0.0271415379700877
"CR-Kp","Model A","Precipitation",1732.38356164384,9.77087039827713e-05,0.0270652637243445
"CR-Kp","Model A","Precipitation",1738.89628180039,9.75722948709995e-05,0.0270274784663888
"CR-Kp","Model A","Precipitation",1745.40900195695,9.75492804176154e-05,0.0270211034739375
"CR-Kp","Model A","Precipitation",1751.9217221135,9.76123889717868e-05,0.0270385845129063
"CR-Kp","Model A","Precipitation",1758.43444227006,9.77476394589921e-05,0.0270760488324177
"CR-Kp","Model A","Precipitation",1764.94716242661,9.79406730077397e-05,0.0271295190320165
"CR-Kp","Model A","Precipitation",1771.45988258317,9.8177771383794e-05,0.0271951951674574
"CR-Kp","Model A","Precipitation",1777.97260273973,9.84418973130894e-05,0.0272683579220681
"CR-Kp","Model A","Precipitation",1784.48532289628,9.870871543098e-05,0.0273422664116169
"CR-Kp","Model A","Precipitation",1790.99804305284,9.89650476236861e-05,0.0274132703049635
"CR-Kp","Model A","Precipitation",1797.51076320939,9.91985060093943e-05,0.0274779381648398
"CR-Kp","Model A","Precipitation",1804.02348336595,9.9397559898716e-05,0.0275330759958646
"CR-Kp","Model A","Precipitation",1810.5362035225,9.95397681752357e-05,0.0275724676196494
"CR-Kp","Model A","Precipitation",1817.04892367906,9.96182487477702e-05,0.0275942067002666
"CR-Kp","Model A","Precipitation",1823.56164383562,9.96315318572706e-05,0.0275978861151708
"CR-Kp","Model A","Precipitation",1830.07436399217,9.95753445415274e-05,0.0275823222558976
"CR-Kp","Model A","Precipitation",1836.58708414873,9.94467329679853e-05,0.0275466969122585
"CR-Kp","Model A","Precipitation",1843.09980430528,9.92388313561903e-05,0.0274891082663899
"CR-Kp","Model A","Precipitation",1849.61252446184,9.89419729965383e-05,0.0274068786444088
"CR-Kp","Model A","Precipitation",1856.1252446184,9.8575430219137e-05,0.0273053464724299
"CR-Kp","Model A","Precipitation",1862.63796477495,9.81431843027995e-05,0.0271856145627578
"CR-Kp","Model A","Precipitation",1869.15068493151,9.764997362928e-05,0.0270489954448456
"CR-Kp","Model A","Precipitation",1875.66340508806,9.71012224345757e-05,0.02689699162944
"CR-Kp","Model A","Precipitation",1882.17612524462,9.64941518880382e-05,0.0267288333817959
"CR-Kp","Model A","Precipitation",1888.68884540117,9.58466374914573e-05,0.0265494722072596
"CR-Kp","Model A","Precipitation",1895.20156555773,9.51678942701248e-05,0.0263614606633779
"CR-Kp","Model A","Precipitation",1901.71428571429,9.44640086699756e-05,0.0261664846927298
"CR-Kp","Model A","Precipitation",1908.22700587084,9.37406588456052e-05,0.0259661171413907
"CR-Kp","Model A","Precipitation",1914.7397260274,9.30021905824311e-05,0.0257615617898185
"CR-Kp","Model A","Precipitation",1921.25244618395,9.22537208923378e-05,0.0255542360478291
"CR-Kp","Model A","Precipitation",1927.76516634051,9.14997620777122e-05,0.0253453898210002
"CR-Kp","Model A","Precipitation",1934.27788649706,9.07412096259641e-05,0.0251352711589112
"CR-Kp","Model A","Precipitation",1940.79060665362,8.99779589171705e-05,0.024923851081894
"CR-Kp","Model A","Precipitation",1947.30332681018,8.92088978086557e-05,0.0247108215269655
"CR-Kp","Model A","Precipitation",1953.81604696673,8.84278564231123e-05,0.024494473441097
"CR-Kp","Model A","Precipitation",1960.32876712329,8.76308589092465e-05,0.0242737055154041
"CR-Kp","Model A","Precipitation",1966.84148727984,8.68125761209579e-05,0.0240470415789954
"CR-Kp","Model A","Precipitation",1973.3542074364,8.59668019630662e-05,0.0238127625465091
"CR-Kp","Model A","Precipitation",1979.86692759295,8.50868082142927e-05,0.0235690047039066
"CR-Kp","Model A","Precipitation",1986.37964774951,8.41585165558309e-05,0.0233118683636906
"CR-Kp","Model A","Precipitation",1992.89236790607,8.31683026328831e-05,0.0230375795861747
"CR-Kp","Model A","Precipitation",1999.40508806262,8.21157153343911e-05,0.022746013413814
"CR-Kp","Model A","Precipitation",2005.91780821918,8.09938526338946e-05,0.0224352579886187
"CR-Kp","Model A","Precipitation",2012.43052837573,7.9796303519678e-05,0.0221035374634458
"CR-Kp","Model A","Precipitation",2018.94324853229,7.85172194869792e-05,0.0217492318053062
"CR-Kp","Model A","Precipitation",2025.45596868885,7.71248421462704e-05,0.0213635439556676
"CR-Kp","Model A","Precipitation",2031.9686888454,7.56402121719801e-05,0.0209523021711658
"CR-Kp","Model A","Precipitation",2038.48140900196,7.40623044421941e-05,0.0205152224935265
"CR-Kp","Model A","Precipitation",2044.99412915851,7.23911175401899e-05,0.0200523045303184
"CR-Kp","Model A","Precipitation",2051.50684931507,7.06278147846845e-05,0.019563870520263
"CR-Kp","Model A","Precipitation",2058.01956947162,6.87618223317967e-05,0.0190469915137218
"CR-Kp","Model A","Precipitation",2064.53228962818,6.68030412576286e-05,0.0185044101039841
"CR-Kp","Model A","Precipitation",2071.04500978474,6.47701900559546e-05,0.017941311304768
"CR-Kp","Model A","Precipitation",2077.55772994129,6.26712466811385e-05,0.017359905005572
"CR-Kp","Model A","Precipitation",2084.07045009785,6.05151040464654e-05,0.0167626545390729
"CR-Kp","Model A","Precipitation",2090.5831702544,5.83106685740603e-05,0.0161520269798898
"CR-Kp","Model A","Precipitation",2097.09589041096,5.60663730262541e-05,0.0155303581991079
"CR-Kp","Model A","Precipitation",2103.60861056751,5.38066616473682e-05,0.0149044192405763
"CR-Kp","Model A","Precipitation",2110.12133072407,5.15437749305401e-05,0.0142776007149712
"CR-Kp","Model A","Precipitation",2116.63405088063,4.92900242573213e-05,0.0136533128690251
"CR-Kp","Model A","Precipitation",2123.14677103718,4.70577245004377e-05,0.0130349669165243
"CR-Kp","Model A","Precipitation",2129.65949119374,4.48689764752951e-05,0.0124286847726422
"CR-Kp","Model A","Precipitation",2136.17221135029,4.27385428117714e-05,0.0118385556787115
"CR-Kp","Model A","Precipitation",2142.68493150685,4.06730184754596e-05,0.0112664064370105
"CR-Kp","Model A","Precipitation",2149.1976516634,3.86820292109256e-05,0.0107149033741262
"CR-Kp","Model A","Precipitation",2155.71037181996,3.67744012923181e-05,0.0101864913637271
"CR-Kp","Model A","Precipitation",2162.22309197652,3.49637355053594e-05,0.00968493781687697
"CR-Kp","Model A","Precipitation",2168.73581213307,3.32771833295643e-05,0.00921776368026361
"CR-Kp","Model A","Precipitation",2175.24853228963,3.16971473112085e-05,0.00878009446772035
"CR-Kp","Model A","Precipitation",2181.76125244618,3.02264173980404e-05,0.00837270299342348
"CR-Kp","Model A","Precipitation",2188.27397260274,2.88667098687067e-05,0.0079960646657277
"CR-Kp","Model A","Precipitation",2194.7866927593,2.76186738396662e-05,0.00765035928957798
"CR-Kp","Model A","Precipitation",2201.29941291585,2.65048780752111e-05,0.0073418384017628
"CR-Kp","Model A","Precipitation",2207.81213307241,2.55059392284329e-05,0.00706513282456765
"CR-Kp","Model A","Precipitation",2214.32485322896,2.46094291261417e-05,0.00681679996003258
"CR-Kp","Model A","Precipitation",2220.83757338552,2.38104472746635e-05,0.00659548237378113
"CR-Kp","Model A","Precipitation",2227.35029354207,2.31034197300221e-05,0.00639963608602904
"CR-Kp","Model A","Precipitation",2233.86301369863,2.24884845553081e-05,0.00622929934018555
"CR-Kp","Model A","Precipitation",2240.37573385519,2.19639501841443e-05,0.0060840035731827
"CR-Kp","Model A","Precipitation",2246.88845401174,2.15047680348943e-05,0.00595681034002761
"CR-Kp","Model A","Precipitation",2253.4011741683,2.11033026322948e-05,0.00584560461776695
"CR-Kp","Model A","Precipitation",2259.91389432485,2.075195407962e-05,0.00574828123868512
"CR-Kp","Model A","Precipitation",2266.42661448141,2.04432088338168e-05,0.00566275895499201
"CR-Kp","Model A","Precipitation",2272.93933463796,2.01754966557329e-05,0.00558860281120222
"CR-Kp","Model A","Precipitation",2279.45205479452,1.99326614409562e-05,0.00552133757421116
"CR-Kp","Model A","Precipitation",2285.96477495108,1.97075190812091e-05,0.00545897324950218
"CR-Kp","Model A","Precipitation",2292.47749510763,1.94949899417153e-05,0.00540010278070013
"CR-Kp","Model A","Precipitation",2298.99021526419,1.92905980216526e-05,0.00534348631774306
"CR-Kp","Model A","Precipitation",2305.50293542074,1.90905365987944e-05,0.00528806940041624
"CR-Kp","Model A","Precipitation",2312.0156555773,1.88908655540738e-05,0.00523276061764464
"CR-Kp","Model A","Precipitation",2318.52837573386,1.86897904691547e-05,0.00517706291641743
"CR-Kp","Model A","Precipitation",2325.04109589041,1.84868329178575e-05,0.00512084377291435
"CR-Kp","Model A","Precipitation",2331.55381604697,1.82821129246626e-05,0.00506413643385844
"CR-Kp","Model A","Precipitation",2338.06653620352,1.80763293483286e-05,0.00500713448278763
"CR-Kp","Model A","Precipitation",2344.57925636008,1.78718650682152e-05,0.00495049797613154
"CR-Kp","Model A","Precipitation",2351.09197651663,1.76715744215564e-05,0.00489501756392287
"CR-Kp","Model A","Precipitation",2357.60469667319,1.74780803967847e-05,0.00484141981268819
"CR-Kp","Model A","Precipitation",2364.11741682975,1.72941541926085e-05,0.00479047234312882
"CR-Kp","Model A","Precipitation",2370.6301369863,1.71226550559841e-05,0.00474296716526815
"CR-Kp","Model A","Precipitation",2377.14285714286,1.69692649295779e-05,0.00470047817447542
"CR-Kp","Model A","Precipitation",2383.65557729941,1.68383392710456e-05,0.00466421183041375
"CR-Kp","Model A","Precipitation",2390.16829745597,1.67296496864093e-05,0.00463410486806175
"CR-Kp","Model A","Precipitation",2396.68101761252,1.66449130070224e-05,0.00461063284887363
"CR-Kp","Model A","Precipitation",2403.19373776908,1.65854264807081e-05,0.00459415510986865
"CR-Kp","Model A","Precipitation",2409.70645792564,1.65523365628067e-05,0.00458498921862137
"CR-Kp","Model A","Precipitation",2416.21917808219,1.65525632602752e-05,0.00458505201371044
"CR-Kp","Model A","Precipitation",2422.73189823875,1.65775255249292e-05,0.00459196654894098
"CR-Kp","Model A","Precipitation",2429.2446183953,1.66253513067593e-05,0.00460521426736617
"CR-Kp","Model A","Precipitation",2435.75733855186,1.66936361605816e-05,0.00462412913883355
"CR-Kp","Model A","Precipitation",2442.27005870841,1.6779457746859e-05,0.0046479016767054
"CR-Kp","Model A","Precipitation",2448.78277886497,1.68805800420435e-05,0.00467591250354088
"CR-Kp","Model A","Precipitation",2455.29549902153,1.69895666675006e-05,0.0047061017460565
"CR-Kp","Model A","Precipitation",2461.80821917808,1.70999465050047e-05,0.00473667690763497
"CR-Kp","Model A","Precipitation",2468.32093933464,1.72066330047594e-05,0.00476622901644403
"CR-Kp","Model A","Precipitation",2474.83365949119,1.73044067452823e-05,0.0047933122952585
"CR-Kp","Model A","Precipitation",2481.34637964775,1.73870749918025e-05,0.00481621135954344
"CR-Kp","Model A","Precipitation",2487.85909980431,1.74423682138308e-05,0.00483152755529022
"CR-Kp","Model A","Precipitation",2494.37181996086,1.74690484478204e-05,0.00483891796719541
"CR-Kp","Model A","Precipitation",2500.88454011742,1.74626005665107e-05,0.0048371319071926
"CR-Kp","Model A","Precipitation",2507.39726027397,1.74188842672246e-05,0.00482502251344361
"CR-Kp","Model A","Precipitation",2513.90998043053,1.73341625521253e-05,0.00480155463935589
"CR-Kp","Model A","Precipitation",2520.42270058708,1.71955897721445e-05,0.00476317004635324
"CR-Kp","Model A","Precipitation",2526.93542074364,1.70047721269943e-05,0.00471031365097868
"CR-Kp","Model A","Precipitation",2533.4481409002,1.6764741159613e-05,0.00464382518915926
"CR-Kp","Model A","Precipitation",2539.96086105675,1.64750659471729e-05,0.00456358529548018
"CR-Kp","Model A","Precipitation",2546.47358121331,1.61359097216782e-05,0.00446963918512767
"CR-Kp","Model A","Precipitation",2552.98630136986,1.57448686271395e-05,0.00436132099115579
"CR-Kp","Model A","Precipitation",2559.49902152642,1.52976432731153e-05,0.00423743978449265
"CR-Kp","Model A","Precipitation",2566.01174168297,1.48079001050285e-05,0.0041017811639075
"CR-Kp","Model A","Precipitation",2572.52446183953,1.42789817721691e-05,0.00395527104163626
"CR-Kp","Model A","Precipitation",2579.03718199609,1.37146069364923e-05,0.00379893948524113
"CR-Kp","Model A","Precipitation",2585.54990215264,1.31188436194076e-05,0.00363391333468416
"CR-Kp","Model A","Precipitation",2592.0626223092,1.24918151560607e-05,0.00346022675374103
"CR-Kp","Model A","Precipitation",2598.57534246575,1.18449073117133e-05,0.00328103359387986
"CR-Kp","Model A","Precipitation",2605.08806262231,1.11846273792064e-05,0.00309813637206899
"CR-Kp","Model A","Precipitation",2611.60078277886,1.05158835921202e-05,0.00291289466663509
"CR-Kp","Model A","Precipitation",2618.11350293542,9.84353391833419e-06,0.00272665413233013
"CR-Kp","Model A","Precipitation",2624.62622309198,9.17314194029736e-06,0.00254095587880042
"CR-Kp","Model A","Precipitation",2631.13894324853,8.51235217900546e-06,0.00235791743466278
"CR-Kp","Model A","Precipitation",2637.65166340509,7.86477729108807e-06,0.00217853950405552
"CR-Kp","Model A","Precipitation",2644.16438356164,7.23407382884759e-06,0.00200383495019709
"CR-Kp","Model A","Precipitation",2650.6771037182,6.62359609953309e-06,0.00183473291457241
"CR-Kp","Model A","Precipitation",2657.18982387476,6.03638750693108e-06,0.00167207641855771
"CR-Kp","Model A","Precipitation",2663.70254403131,5.48272844825286e-06,0.0015187131272061
"CR-Kp","Model A","Precipitation",2670.21526418787,4.95950569518805e-06,0.00137378067778201
"CR-Kp","Model A","Precipitation",2676.72798434442,4.46723371106274e-06,0.00123742157637783
"CR-Kp","Model A","Precipitation",2683.24070450098,4.00701596131019e-06,0.00110994148238463
"CR-Kp","Model A","Precipitation",2689.75342465753,3.57967036152959e-06,0.000991566958027621
"CR-Kp","Model A","Precipitation",2696.26614481409,3.189966595628e-06,0.000883619203441127
"CR-Kp","Model A","Precipitation",2702.77886497065,2.83929400441187e-06,0.00078648306535626
"CR-Kp","Model A","Precipitation",2709.2915851272,2.52186748172331e-06,0.00069855607216656
"CR-Kp","Model A","Precipitation",2715.80430528376,2.2372432240631e-06,0.000619715290517491
"CR-Kp","Model A","Precipitation",2722.31702544031,1.9848598720587e-06,0.000549805224134484
"CR-Kp","Model A","Precipitation",2728.82974559687,1.76405160999464e-06,0.000488641442386525
"CR-Kp","Model A","Precipitation",2735.34246575342,1.58243271237922e-06,0.000438333095628054
"CR-Kp","Model A","Precipitation",2741.85518590998,1.4302736357213e-06,0.000396185105019915
"CR-Kp","Model A","Precipitation",2748.36790606654,1.30661823760649e-06,0.000361932619575976
"CR-Kp","Model A","Precipitation",2754.88062622309,1.210672608658e-06,0.000335355726783017
"CR-Kp","Model A","Precipitation",2761.39334637965,1.14167473364638e-06,0.000316243348791204
"CR-Kp","Model A","Precipitation",2767.9060665362,1.10280847946272e-06,0.000305477415188772
"CR-Kp","Model A","Precipitation",2774.41878669276,1.09258096590096e-06,0.000302644398881013
"CR-Kp","Model A","Precipitation",2780.93150684931,1.10697217961558e-06,0.000306630758116402
"CR-Kp","Model A","Precipitation",2787.44422700587,1.14553598822236e-06,0.000317312914440383
"CR-Kp","Model A","Precipitation",2793.95694716243,1.20787181912602e-06,0.000334579909437892
"CR-Kp","Model A","Precipitation",2800.46966731898,1.29417806127978e-06,0.000358486696752976
"CR-Kp","Model A","Precipitation",2806.98238747554,1.40954287437107e-06,0.000390442694157017
"CR-Kp","Model A","Precipitation",2813.49510763209,1.54744551186054e-06,0.000428641658013842
"CR-Kp","Model A","Precipitation",2820.00782778865,1.70754432519277e-06,0.000472988951838918
"CR-Kp","Model A","Precipitation",2826.52054794521,1.88945188654625e-06,0.000523377258313156
"CR-Kp","Model A","Precipitation",2833.03326810176,2.09272664330168e-06,0.000579684267574663
"CR-Kp","Model A","Precipitation",2839.54598825832,2.32047267726844e-06,0.000642769808782646
"CR-Kp","Model A","Precipitation",2846.05870841487,2.5699777463295e-06,0.000711882592183079
"CR-Kp","Model A","Precipitation",2852.57142857143,2.83808816476662e-06,0.000786149048358003
"CR-Kp","Model A","Precipitation",2859.08414872798,3.12370370605068e-06,0.000865264415091222
"CR-Kp","Model A","Precipitation",2865.59686888454,3.4255768691725e-06,0.000948883135206831
"CR-Kp","Model A","Precipitation",2872.1095890411,3.74296240756482e-06,0.0010367987757663
"CR-Kp","Model A","Precipitation",2878.62230919765,4.07563781692135e-06,0.00112894970318446
"CR-Kp","Model A","Precipitation",2885.13502935421,4.41808521190703e-06,0.00122380746589347
"CR-Kp","Model A","Precipitation",2891.64774951076,4.76814515618829e-06,0.00132077390107382
"CR-Kp","Model A","Precipitation",2898.16046966732,5.12353896156497e-06,0.00141921781319668
"CR-Kp","Model A","Precipitation",2904.67318982387,5.4818774576559e-06,0.00151847740322252
"CR-Kp","Model A","Precipitation",2911.18590998043,5.83982409812282e-06,0.00161762844943011
"CR-Kp","Model A","Precipitation",2917.69863013699,6.19349085759769e-06,0.00171559397067385
"CR-Kp","Model A","Precipitation",2924.21135029354,6.54031743948311e-06,0.0018116647660351
"CR-Kp","Model A","Precipitation",2930.7240704501,6.87778331233549e-06,0.00190514264952362
"CR-Kp","Model A","Precipitation",2937.23679060665,7.20345042209577e-06,0.00199535228134476
"CR-Kp","Model A","Precipitation",2943.74951076321,7.51357471504732e-06,0.00208125656043068
"CR-Kp","Model A","Precipitation",2950.26223091976,7.80288866022246e-06,0.00216139638325216
"CR-Kp","Model A","Precipitation",2956.77495107632,8.07283366538913e-06,0.00223617101906346
"CR-Kp","Model A","Precipitation",2963.28767123288,8.3221473660372e-06,0.00230523079350609
"CR-Kp","Model A","Precipitation",2969.80039138943,8.54986348466088e-06,0.00236830804817852
"CR-Kp","Model A","Precipitation",2976.31311154599,8.75532256284534e-06,0.00242522011341893
"CR-Kp","Model A","Precipitation",2982.82583170254,8.93293423933937e-06,0.00247441846186577
"CR-Kp","Model A","Precipitation",2989.3385518591,9.08766472091535e-06,0.00251727873039197
"CR-Kp","Model A","Precipitation",2995.85127201566,9.22168562910138e-06,0.00255440245711002
"CR-Kp","Model A","Precipitation",3002.36399217221,9.33640015871361e-06,0.00258617832630502
"CR-Kp","Model A","Precipitation",3008.87671232877,9.43353082512788e-06,0.00261308347390258
"CR-Kp","Model A","Precipitation",3015.38943248532,9.51383719885091e-06,0.00263532830056555
"CR-Kp","Model A","Precipitation",3021.90215264188,9.58048848165424e-06,0.00265379067365112
"CR-Kp","Model A","Precipitation",3028.41487279843,9.63917003135122e-06,0.0026700454345226
"CR-Kp","Model A","Precipitation",3034.92759295499,9.69295111021162e-06,0.00268494276734357
"CR-Kp","Model A","Precipitation",3041.44031311155,9.74497847815197e-06,0.00269935432308826
"CR-Kp","Model A","Precipitation",3047.9530332681,9.79845273540988e-06,0.0027141666664738
"CR-Kp","Model A","Precipitation",3054.46575342466,9.85930529049909e-06,0.00273102279478842
"CR-Kp","Model A","Precipitation",3060.97847358121,9.93038272284415e-06,0.00275071120915535
"CR-Kp","Model A","Precipitation",3067.49119373777,1.00142418530566e-05,0.00277394014764679
"CR-Kp","Model A","Precipitation",3074.00391389432,1.01133005012476e-05,0.0028013793452636
"CR-Kp","Model A","Precipitation",3080.51663405088,1.02297006534384e-05,0.00283362213109723
"CR-Kp","Model A","Precipitation",3087.02935420744,1.03681967869458e-05,0.00287198549306385
"CR-Kp","Model A","Precipitation",3093.54207436399,1.05308056568876e-05,0.00291702807135523
"CR-Kp","Model A","Precipitation",3100.05479452055,1.07148787698481e-05,0.00296801623457674
"CR-Kp","Model A","Precipitation",3106.5675146771,1.09202635127398e-05,0.00302490770897702
"CR-Kp","Model A","Precipitation",3113.08023483366,1.11463815345675e-05,0.00308754229161024
"CR-Kp","Model A","Precipitation",3119.59295499022,1.13923725881398e-05,0.00315568169442063
"CR-Kp","Model A","Precipitation",3126.10567514677,1.16605233221453e-05,0.00322995931798851
"CR-Kp","Model A","Precipitation",3132.61839530333,1.19426618296788e-05,0.00330811154805528
"CR-Kp","Model A","Precipitation",3139.13111545988,1.22358460671956e-05,0.00338932343998264
"CR-Kp","Model A","Precipitation",3145.64383561644,1.25368433385939e-05,0.00347269953851467
"CR-Kp","Model A","Precipitation",3152.15655577299,1.28421501425422e-05,0.00355726937547776
"CR-Kp","Model A","Precipitation",3158.66927592955,1.31469780632469e-05,0.00364170656201407
"CR-Kp","Model A","Precipitation",3165.18199608611,1.34449034744101e-05,0.00372423175674736
"CR-Kp","Model A","Precipitation",3171.69471624266,1.37317465729858e-05,0.00380368715625639
"CR-Kp","Model A","Precipitation",3178.20743639922,1.40033005114789e-05,0.00387890746582059
"CR-Kp","Model A","Precipitation",3184.72015655577,1.42554048337853e-05,0.00394874024111226
"CR-Kp","Model A","Precipitation",3191.23287671233,1.44828892082662e-05,0.00401175330276927
"CR-Kp","Model A","Precipitation",3197.74559686888,1.46738884957708e-05,0.00406466001298809
"CR-Kp","Model A","Precipitation",3204.25831702544,1.48310713621982e-05,0.0041081995909315
"CR-Kp","Model A","Precipitation",3210.771037182,1.49514158086555e-05,0.00414153494436838
"CR-Kp","Model A","Precipitation",3217.28375733855,1.5032217785585e-05,0.00416391705287974
"CR-Kp","Model A","Precipitation",3223.79647749511,1.50711038261119e-05,0.00417468846728968
"CR-Kp","Model A","Precipitation",3230.30919765166,1.50570257166949e-05,0.00417078883779322
"CR-Kp","Model A","Precipitation",3236.82191780822,1.49926995310128e-05,0.00415297051548518
"CR-Kp","Model A","Precipitation",3243.33463796477,1.48818338228099e-05,0.00412226076795822
"CR-Kp","Model A","Precipitation",3249.84735812133,1.47244013463538e-05,0.00407865204815764
"CR-Kp","Model A","Precipitation",3256.36007827789,1.45207716849387e-05,0.00402224673047714
"CR-Kp","Model A","Precipitation",3262.87279843444,1.42688649546388e-05,0.00395246868807566
"CR-Kp","Model A","Precipitation",3269.385518591,1.39640153636193e-05,0.00386802549887261
"CR-Kp","Model A","Precipitation",3275.89823874755,1.36185837171087e-05,0.00377234109993521
"CR-Kp","Model A","Precipitation",3282.41095890411,1.32350657245873e-05,0.00366610680158186
"CR-Kp","Model A","Precipitation",3288.92367906067,1.28162223200557e-05,0.00355008738119484
"CR-Kp","Model A","Precipitation",3295.43639921722,1.23650646828405e-05,0.00342511693399053
"CR-Kp","Model A","Precipitation",3301.94911937378,1.1879691905152e-05,0.00329066890943096
"CR-Kp","Model A","Precipitation",3308.46183953033,1.13699574057572e-05,0.00314947269974683
"CR-Kp","Model A","Precipitation",3314.97455968689,1.08414348054629e-05,0.00300307219520463
"CR-Kp","Model A","Precipitation",3321.48727984344,1.02979191483999e-05,0.00285251862119228
"CR-Kp","Model A","Precipitation",3328,9.74321963900479e-06,0.00269886712549555
"CR-Pa","Model A","Temperature",-6.42980362017287,8.34494444936364e-06,3.24717572051309e-05
"CR-Pa","Model A","Temperature",-6.35649714807826,9.97062010913927e-06,3.87975686756376e-05
"CR-Pa","Model A","Temperature",-6.28319067598365,1.18480696201655e-05,4.61030798215607e-05
"CR-Pa","Model A","Temperature",-6.20988420388904,1.40923113772017e-05,5.48358489713485e-05
"CR-Pa","Model A","Temperature",-6.13657773179443,1.67078043203545e-05,6.50132267043143e-05
"CR-Pa","Model A","Temperature",-6.06327125969982,1.97037030163656e-05,7.66708351711342e-05
"CR-Pa","Model A","Temperature",-5.98996478760521,2.31169998963203e-05,8.99526189178639e-05
"CR-Pa","Model A","Temperature",-5.9166583155106,2.69861282592741e-05,0.000105008129180356
"CR-Pa","Model A","Temperature",-5.84335184341599,3.15277867205333e-05,0.00012268058125688
"CR-Pa","Model A","Temperature",-5.77004537132138,3.66787171919805e-05,0.000142723825962014
"CR-Pa","Model A","Temperature",-5.69673889922677,4.24611210039338e-05,0.000165224252871158
"CR-Pa","Model A","Temperature",-5.62343242713216,4.89209982255336e-05,0.000190360856953734
"CR-Pa","Model A","Temperature",-5.55012595503755,5.61049061823718e-05,0.000218314801569416
"CR-Pa","Model A","Temperature",-5.47681948294294,6.43615415052975e-05,0.000250442931260897
"CR-Pa","Model A","Temperature",-5.40351301084833,7.34837747935044e-05,0.000285939266353433
"CR-Pa","Model A","Temperature",-5.33020653875372,8.35148874486651e-05,0.000324972222967127
"CR-Pa","Model A","Temperature",-5.25690006665911,9.44963709774529e-05,0.000367703252402096
"CR-Pa","Model A","Temperature",-5.1835935945645,0.000106515421958467,0.000414471653037925
"CR-Pa","Model A","Temperature",-5.11028712246989,0.000119895729332437,0.000466536959765127
"CR-Pa","Model A","Temperature",-5.03698065037528,0.000134359829431472,0.000522819508972798
"CR-Pa","Model A","Temperature",-4.96367417828067,0.000149926042749548,0.000583390589168109
"CR-Pa","Model A","Temperature",-4.89036770618606,0.000166607783488168,0.000648302397546262
"CR-Pa","Model A","Temperature",-4.81706123409145,0.000184514721407234,0.000717981679885835
"CR-Pa","Model A","Temperature",-4.74375476199684,0.000203823700366041,0.00079311656909138
"CR-Pa","Model A","Temperature",-4.67044828990223,0.000224219823697881,0.000872481742673562
"CR-Pa","Model A","Temperature",-4.59714181780762,0.000245670072570588,0.000955948718111282
"CR-Pa","Model A","Temperature",-4.52383534571301,0.000268133918897744,0.00104335979295485
"CR-Pa","Model A","Temperature",-4.4505288736184,0.000291678297700134,0.00113497542403016
"CR-Pa","Model A","Temperature",-4.37722240152379,0.000316248199276963,0.00123058155818694
"CR-Pa","Model A","Temperature",-4.30391592942918,0.000341549954114287,0.00132903547180215
"CR-Pa","Model A","Temperature",-4.23060945733457,0.000367484278919425,0.00142995083480564
"CR-Pa","Model A","Temperature",-4.15730298523996,0.000393944278436761,0.00153291169753976
"CR-Pa","Model A","Temperature",-4.08399651314535,0.000420845942034336,0.0016375911587459
"CR-Pa","Model A","Temperature",-4.01069004105074,0.000447945507190851,0.00174304069234874
"CR-Pa","Model A","Temperature",-3.93738356895613,0.000475031932052575,0.0018484390945792
"CR-Pa","Model A","Temperature",-3.86407709686152,0.000501952979327933,0.0019531939813418
"CR-Pa","Model A","Temperature",-3.79077062476691,0.00052855261693114,0.00205669820227903
"CR-Pa","Model A","Temperature",-3.7174641526723,0.000554491818850321,0.00215763254305571
"CR-Pa","Model A","Temperature",-3.64415768057769,0.000579545546785613,0.0022551213370836
"CR-Pa","Model A","Temperature",-3.57085120848308,0.000603618213062855,0.0023487926346432
"CR-Pa","Model A","Temperature",-3.49754473638847,0.00062655240201319,0.0024380339015936
"CR-Pa","Model A","Temperature",-3.42423826429386,0.000648194212512014,0.00252224627955028
"CR-Pa","Model A","Temperature",-3.35093179219925,0.000667932536845569,0.00259905183281483
"CR-Pa","Model A","Temperature",-3.27762532010464,0.000685847508127848,0.00266876237449008
"CR-Pa","Model A","Temperature",-3.20431884801003,0.000701948274865378,0.00273141350314528
"CR-Pa","Model A","Temperature",-3.13101237591542,0.000716141412989836,0.00278664168806045
"CR-Pa","Model A","Temperature",-3.05770590382081,0.000728345247538552,0.00283412911650794
"CR-Pa","Model A","Temperature",-2.9843994317262,0.000737822791621851,0.00287100803310724
"CR-Pa","Model A","Temperature",-2.91109295963159,0.000745131150882764,0.00289944624128564
"CR-Pa","Model A","Temperature",-2.83778648753698,0.00075035035947071,0.00291975516905611
"CR-Pa","Model A","Temperature",-2.76448001544237,0.000753513252811179,0.00293206258526968
"CR-Pa","Model A","Temperature",-2.69117354334776,0.000754644030287682,0.00293646265430464
"CR-Pa","Model A","Temperature",-2.61786707125315,0.000753285358604172,0.00293117580580658
"CR-Pa","Model A","Temperature",-2.54456059915854,0.000750258181712209,0.0029193964879634
"CR-Pa","Model A","Temperature",-2.47125412706393,0.000745731810053962,0.00290178351972872
"CR-Pa","Model A","Temperature",-2.39794765496932,0.000739893853536335,0.00287906692673463
"CR-Pa","Model A","Temperature",-2.32464118287471,0.000732908634870573,0.00285188611973038
"CR-Pa","Model A","Temperature",-2.2513347107801,0.000725016795726294,0.00282117748096712
"CR-Pa","Model A","Temperature",-2.17802823868549,0.000716831070502889,0.00278932527588472
"CR-Pa","Model A","Temperature",-2.10472176659088,0.000708665681735963,0.0027575522038009
"CR-Pa","Model A","Temperature",-2.03141529449627,0.000700849534130599,0.00272713809513176
"CR-Pa","Model A","Temperature",-1.95810882240166,0.000693865650290937,0.00269996248218833
"CR-Pa","Model A","Temperature",-1.88480235030705,0.00068853752269985,0.00267922972997583
"CR-Pa","Model A","Temperature",-1.81149587821244,0.000685092201322128,0.00266582333285121
"CR-Pa","Model A","Temperature",-1.73818940611783,0.000683949553042102,0.00266137707227453
"CR-Pa","Model A","Temperature",-1.66488293402322,0.000685538776081539,0.00266756103970469
"CR-Pa","Model A","Temperature",-1.59157646192861,0.000690895079112195,0.00268840342788162
"CR-Pa","Model A","Temperature",-1.518269989834,0.000701021911409271,0.00272780884772631
"CR-Pa","Model A","Temperature",-1.44496351773939,0.000715745811351635,0.00278510232726259
"CR-Pa","Model A","Temperature",-1.37165704564478,0.000735548788749556,0.002862159457829
"CR-Pa","Model A","Temperature",-1.29835057355017,0.000760918074372178,0.00296087614650249
"CR-Pa","Model A","Temperature",-1.22504410145556,0.000793709213252624,0.00308847266996248
"CR-Pa","Model A","Temperature",-1.15173762936095,0.000834555209047236,0.00324741216516135
"CR-Pa","Model A","Temperature",-1.07843115726634,0.000883019924180509,0.00343599753830227
"CR-Pa","Model A","Temperature",-1.00512468517173,0.00093962305681631,0.00365625103323592
"CR-Pa","Model A","Temperature",-0.931818213077116,0.00100488847116814,0.0039102111047001
"CR-Pa","Model A","Temperature",-0.858511740982506,0.00108180182991192,0.0042094955308714
"CR-Pa","Model A","Temperature",-0.785205268887896,0.00117003988220108,0.00455284648156653
"CR-Pa","Model A","Temperature",-0.711898796793286,0.00126914324883058,0.00493847642541232
"CR-Pa","Model A","Temperature",-0.638592324698676,0.00137967231258581,0.00536856591781676
"CR-Pa","Model A","Temperature",-0.565285852604066,0.00150219330638141,0.00584531827814741
"CR-Pa","Model A","Temperature",-0.491979380509456,0.00164120302856149,0.00638623139928012
"CR-Pa","Model A","Temperature",-0.418672908414846,0.00179480795196307,0.0069839372088843
"CR-Pa","Model A","Temperature",-0.345366436320235,0.00196281415604997,0.00763768112547579
"CR-Pa","Model A","Temperature",-0.272059964225625,0.00214583850361049,0.00834986347883654
"CR-Pa","Model A","Temperature",-0.198753492131016,0.00234450488258739,0.00912291193495328
"CR-Pa","Model A","Temperature",-0.125447020036406,0.00256527150439771,0.00998195661594795
"CR-Pa","Model A","Temperature",-0.0521405479417956,0.00280394406921815,0.0109106767079033
"CR-Pa","Model A","Temperature",0.0211659241528146,0.0030608911452897,0.0119105063795556
"CR-Pa","Model A","Temperature",0.0944723962474248,0.00333677043620858,0.0129840048799949
"CR-Pa","Model A","Temperature",0.167778868342035,0.00363281635458436,0.0141359755421605
"CR-Pa","Model A","Temperature",0.241085340436645,0.00395609036391907,0.0153938958561353
"CR-Pa","Model A","Temperature",0.314391812531254,0.00430092980648235,0.0167357313496623
"CR-Pa","Model A","Temperature",0.387698284625865,0.00466793895225614,0.0181638333515322
"CR-Pa","Model A","Temperature",0.461004756720475,0.00505770055490152,0.0196804694664615
"CR-Pa","Model A","Temperature",0.534311228815085,0.0054725430936825,0.0212947002476722
"CR-Pa","Model A","Temperature",0.607617700909695,0.00591814263409143,0.0230286123395591
"CR-Pa","Model A","Temperature",0.680924173004305,0.00638842825869341,0.0248585826541373
"CR-Pa","Model A","Temperature",0.754230645098915,0.00688369758937053,0.0267857692944415
"CR-Pa","Model A","Temperature",0.827537117193526,0.00740418588174854,0.0288110876846078
"CR-Pa","Model A","Temperature",0.900843589288136,0.00795307255359912,0.0309469095405368
"CR-Pa","Model A","Temperature",0.974150061382745,0.00853314103901266,0.0332040657307296
"CR-Pa","Model A","Temperature",1.04745653347736,0.0091382630186385,0.03555870980549
"CR-Pa","Model A","Temperature",1.12076300557197,0.00976803318386193,0.0380092646323385
"CR-Pa","Model A","Temperature",1.19406947766658,0.0104219338912979,0.0405537159629572
"CR-Pa","Model A","Temperature",1.26737594976119,0.0111029009504123,0.043203487587254
"CR-Pa","Model A","Temperature",1.3406824218558,0.0118096477070495,0.0459535728905523
"CR-Pa","Model A","Temperature",1.41398889395041,0.0125365260411976,0.048781993969608
"CR-Pa","Model A","Temperature",1.48729536604502,0.0132820327824442,0.0516829017040381
"CR-Pa","Model A","Temperature",1.56060183813963,0.0140445181849436,0.0546498766207258
"CR-Pa","Model A","Temperature",1.63390831023424,0.0148244962034805,0.0576849186149479
"CR-Pa","Model A","Temperature",1.70721478232885,0.0156170725573717,0.0607689831148676
"CR-Pa","Model A","Temperature",1.78052125442346,0.0164176293492835,0.0638841010085357
"CR-Pa","Model A","Temperature",1.85382772651807,0.0172234301158992,0.0670196241996154
"CR-Pa","Model A","Temperature",1.92713419861268,0.0180316042198577,0.0701643824951864
"CR-Pa","Model A","Temperature",2.00044067070729,0.0188373453786332,0.0732996737408861
"CR-Pa","Model A","Temperature",2.0737471428019,0.0196353634748334,0.0764049130893743
"CR-Pa","Model A","Temperature",2.14705361489651,0.0204222898308972,0.0794669923791139
"CR-Pa","Model A","Temperature",2.22036008699112,0.0211945193307752,0.0824718834216889
"CR-Pa","Model A","Temperature",2.29366655908573,0.0219483896061418,0.0854053352492483
"CR-Pa","Model A","Temperature",2.36697303118034,0.0226713262651432,0.0882184185247845
"CR-Pa","Model A","Temperature",2.44027950327495,0.0233633020291714,0.0909110271020737
"CR-Pa","Model A","Temperature",2.51358597536956,0.0240218298081777,0.0934734832433313
"CR-Pa","Model A","Temperature",2.58689244746417,0.0246433393745034,0.0958918945174689
"CR-Pa","Model A","Temperature",2.66019891955878,0.0252243321267322,0.0981526472046549
"CR-Pa","Model A","Temperature",2.73350539165339,0.0257441095003221,0.100175199275354
"CR-Pa","Model A","Temperature",2.806811863748,0.0262136631053854,0.102002321163454
"CR-Pa","Model A","Temperature",2.88011833584261,0.026630582070644,0.103624631712822
"CR-Pa","Model A","Temperature",2.95342480793722,0.0269925108517758,0.105032965054976
"CR-Pa","Model A","Temperature",3.02673128003183,0.0272948043135497,0.106209246090156
"CR-Pa","Model A","Temperature",3.10003775212644,0.0275191067978401,0.10708204948083
"CR-Pa","Model A","Temperature",3.17334422422105,0.0276822089578588,0.107716710834407
"CR-Pa","Model A","Temperature",3.24665069631566,0.0277836558308418,0.108111459804722
"CR-Pa","Model A","Temperature",3.31995716841027,0.0278232881349077,0.108265676595848
"CR-Pa","Model A","Temperature",3.39326364050488,0.0277959952301087,0.108159474741129
"CR-Pa","Model A","Temperature",3.46657011259949,0.0276927563761632,0.107757752833955
"CR-Pa","Model A","Temperature",3.5398765846941,0.0275314544795552,0.107130096645809
"CR-Pa","Model A","Temperature",3.61318305678871,0.0273141814023176,0.106284646007511
"CR-Pa","Model A","Temperature",3.68648952888332,0.027043319838209,0.105230672431137
"CR-Pa","Model A","Temperature",3.75979600097793,0.026715582206804,0.103955383319443
"CR-Pa","Model A","Temperature",3.83310247307254,0.0263330700061218,0.102466955998695
"CR-Pa","Model A","Temperature",3.90640894516715,0.0259107118224241,0.100823480421614
"CR-Pa","Model A","Temperature",3.97971541726176,0.0254527868162962,0.0990416076113909
"CR-Pa","Model A","Temperature",4.05302188935637,0.0249637751974537,0.097138770911411
"CR-Pa","Model A","Temperature",4.12632836145098,0.0244453131650924,0.0951213370822143
"CR-Pa","Model A","Temperature",4.19963483354559,0.0239067513535924,0.0930256912107409
"CR-Pa","Model A","Temperature",4.2729413056402,0.0233577821380862,0.0908895481618356
"CR-Pa","Model A","Temperature",4.34624777773481,0.0228038883279971,0.0887342425839765
"CR-Pa","Model A","Temperature",4.41955424982942,0.0222506173307638,0.0865813604887371
"CR-Pa","Model A","Temperature",4.49286072192403,0.0217073370944292,0.0844673543337952
"CR-Pa","Model A","Temperature",4.56616719401864,0.0211829851583212,0.082427001775111
"CR-Pa","Model A","Temperature",4.63947366611325,0.0206821017338131,0.0804779696338671
"CR-Pa","Model A","Temperature",4.71278013820786,0.0202101779858755,0.0786416250715575
"CR-Pa","Model A","Temperature",4.78608661030247,0.0197726371572767,0.0769390709515387
"CR-Pa","Model A","Temperature",4.85939308239708,0.0193881134534704,0.0754428164916822
"CR-Pa","Model A","Temperature",4.93269955449169,0.0190570378678447,0.0741545387687785
"CR-Pa","Model A","Temperature",5.0060060265863,0.0187807336441118,0.0730793867743885
"CR-Pa","Model A","Temperature",5.07931249868091,0.018563710771107,0.0722349097280843
"CR-Pa","Model A","Temperature",5.15261897077552,0.0184103203881125,0.0716380387357819
"CR-Pa","Model A","Temperature",5.22592544287013,0.0183483033524052,0.0713967187200181
"CR-Pa","Model A","Temperature",5.29923191496474,0.018363993776131,0.0714577731264027
"CR-Pa","Model A","Temperature",5.37253838705935,0.0184581412701522,0.071824118832582
"CR-Pa","Model A","Temperature",5.44584485915396,0.0186337202044927,0.0725073296748874
"CR-Pa","Model A","Temperature",5.51915133124857,0.0188944286523152,0.0735217955554439
"CR-Pa","Model A","Temperature",5.59245780334318,0.019272668847905,0.0749935996963747
"CR-Pa","Model A","Temperature",5.66576427543779,0.0197416658255612,0.0768185556419539
"CR-Pa","Model A","Temperature",5.7390707475324,0.0203029231966624,0.079002514228446
"CR-Pa","Model A","Temperature",5.81237721962701,0.0209577525908207,0.081550579254752
"CR-Pa","Model A","Temperature",5.88568369172162,0.0217126155922827,0.084487893967312
"CR-Pa","Model A","Temperature",5.95899016381623,0.022591312649515,0.0879070704126969
"CR-Pa","Model A","Temperature",6.03229663591084,0.0235662340369625,0.0917006739267022
"CR-Pa","Model A","Temperature",6.10560310800545,0.0246373305497382,0.0958685130438061
"CR-Pa","Model A","Temperature",6.17890958010006,0.0258043831265815,0.10040973535521
"CR-Pa","Model A","Temperature",6.25221605219467,0.0270765248661333,0.10535987947515
"CR-Pa","Model A","Temperature",6.32552252428928,0.0284661977843543,0.110767359640995
"CR-Pa","Model A","Temperature",6.39882899638389,0.0299485288967976,0.116535390365818
"CR-Pa","Model A","Temperature",6.4721354684785,0.0315221038401439,0.122658468094432
"CR-Pa","Model A","Temperature",6.54544194057311,0.0331853562232918,0.129130497702796
"CR-Pa","Model A","Temperature",6.61874841266772,0.0349488979520271,0.135992772123445
"CR-Pa","Model A","Temperature",6.69205488476233,0.0368137088573005,0.143249104063934
"CR-Pa","Model A","Temperature",6.76536135685694,0.0387595828478167,0.150820867801275
"CR-Pa","Model A","Temperature",6.83866782895155,0.0407838436165474,0.15869764931863
"CR-Pa","Model A","Temperature",6.91197430104616,0.0428836660675996,0.166868455633542
"CR-Pa","Model A","Temperature",6.98528077314077,0.0450687995417446,0.175371223274931
"CR-Pa","Model A","Temperature",7.05858724523538,0.0473307234756978,0.184172797119488
"CR-Pa","Model A","Temperature",7.13189371732999,0.0496544145108406,0.193214718437329
"CR-Pa","Model A","Temperature",7.2052001894246,0.0520359177944097,0.202481598148335
"CR-Pa","Model A","Temperature",7.27850666151921,0.0544711237993367,0.211957445305412
"CR-Pa","Model A","Temperature",7.35181313361382,0.0569653586016319,0.221662984677683
"CR-Pa","Model A","Temperature",7.42511960570843,0.059504582325378,0.23154358445247
"CR-Pa","Model A","Temperature",7.49842607780304,0.0620783672226429,0.241558668290277
"CR-Pa","Model A","Temperature",7.57173254989765,0.0646814566584588,0.251687781630211
"CR-Pa","Model A","Temperature",7.64503902199226,0.0673084451245131,0.261909890617035
"CR-Pa","Model A","Temperature",7.71834549408687,0.06995563340557,0.272210600904604
"CR-Pa","Model A","Temperature",7.79165196618148,0.0726098439465662,0.282538636133778
"CR-Pa","Model A","Temperature",7.86495843827609,0.0752637725220832,0.292865574181942
"CR-Pa","Model A","Temperature",7.9382649103707,0.0779110559036407,0.303166654523545
"CR-Pa","Model A","Temperature",8.01157138246531,0.0805452269944071,0.313416712461638
"CR-Pa","Model A","Temperature",8.08487785455992,0.083148738190092,0.323547466948993
"CR-Pa","Model A","Temperature",8.15818432665453,0.0857180600832008,0.333545184393501
"CR-Pa","Model A","Temperature",8.23149079874914,0.0882468323171472,0.343385115444696
"CR-Pa","Model A","Temperature",8.30479727084375,0.090728214791593,0.353040643978431
"CR-Pa","Model A","Temperature",8.37810374293836,0.0931537821690211,0.362478985412872
"CR-Pa","Model A","Temperature",8.45141021503297,0.0954934677851864,0.371583144670667
"CR-Pa","Model A","Temperature",8.52471668712758,0.0977584019602569,0.380396431932765
"CR-Pa","Model A","Temperature",8.59802315922219,0.0999422164886075,0.388894067306604
"CR-Pa","Model A","Temperature",8.6713296313168,0.102038694339593,0.397051859150062
"CR-Pa","Model A","Temperature",8.74463610341141,0.104034611481306,0.404818350253813
"CR-Pa","Model A","Temperature",8.81794257550602,0.105899311321616,0.412074250019521
"CR-Pa","Model A","Temperature",8.89124904760063,0.107654108706494,0.418902498544326
"CR-Pa","Model A","Temperature",8.96455551969524,0.109294420493232,0.425285261953104
"CR-Pa","Model A","Temperature",9.03786199178985,0.110815960526283,0.431205862003941
"CR-Pa","Model A","Temperature",9.11116846388446,0.112199999589174,0.436591419773114
"CR-Pa","Model A","Temperature",9.18447493597907,0.113425968579432,0.441361896992493
"CR-Pa","Model A","Temperature",9.25778140807368,0.114520544747412,0.44562109988891
"CR-Pa","Model A","Temperature",9.33108788016829,0.115482002233022,0.449362312814322
"CR-Pa","Model A","Temperature",9.4043943522629,0.116308992652089,0.452580288950873
"CR-Pa","Model A","Temperature",9.47770082435751,0.116978854668943,0.455186848755342
"CR-Pa","Model A","Temperature",9.55100729645212,0.117487914074163,0.45716769518393
"CR-Pa","Model A","Temperature",9.62431376854673,0.117862739491486,0.458626211776756
"CR-Pa","Model A","Temperature",9.69762024064134,0.118104769601979,0.459567996713968
"CR-Pa","Model A","Temperature",9.77092671273595,0.118215790493183,0.46
"CR-Pa","Model A","Temperature",9.84423318483056,0.118172593180623,0.45983191108654
"CR-Pa","Model A","Temperature",9.91753965692517,0.117988468754587,0.459115448119763
"CR-Pa","Model A","Temperature",9.99084612901978,0.117685392853208,0.457936122464089
"CR-Pa","Model A","Temperature",10.0641526011144,0.117267272714867,0.456309137923071
"CR-Pa","Model A","Temperature",10.137459073209,0.116738225409847,0.454250514795873
"CR-Pa","Model A","Temperature",10.2107655453036,0.116078119435807,0.451681917599241
"CR-Pa","Model A","Temperature",10.2840720173982,0.115310972364607,0.448696803247936
"CR-Pa","Model A","Temperature",10.3573784894928,0.114451923868094,0.445354083068617
"CR-Pa","Model A","Temperature",10.4306849615874,0.113505907659503,0.44167295507263
"CR-Pa","Model A","Temperature",10.5039914336821,0.112477880232952,0.437672705916065
"CR-Pa","Model A","Temperature",10.5772979057767,0.111352838025521,0.433294953897832
"CR-Pa","Model A","Temperature",10.6506043778713,0.110156788681012,0.428640899679026
"CR-Pa","Model A","Temperature",10.7239108499659,0.108898220998526,0.423743574782512
"CR-Pa","Model A","Temperature",10.7972173220605,0.107581580493963,0.41862027755147
"CR-Pa","Model A","Temperature",10.8705237941551,0.106211185582393,0.413287811755724
"CR-Pa","Model A","Temperature",10.9438302662497,0.10477685801912,0.407706571920055
"CR-Pa","Model A","Temperature",11.0171367383443,0.103300172211444,0.401960508143828
"CR-Pa","Model A","Temperature",11.0904432104389,0.101784730615675,0.39606363826591
"CR-Pa","Model A","Temperature",11.1637496825335,0.100233633133972,0.390028024591909
"CR-Pa","Model A","Temperature",11.2370561546282,0.0986487097104548,0.383860787780511
"CR-Pa","Model A","Temperature",11.3103626267228,0.0970262558731645,0.377547513030666
"CR-Pa","Model A","Temperature",11.3836690988174,0.0953784754355094,0.37113568768856
"CR-Pa","Model A","Temperature",11.456975570912,0.0937073713434789,0.364633105595871
"CR-Pa","Model A","Temperature",11.5302820430066,0.0920148487870613,0.35804718020719
"CR-Pa","Model A","Temperature",11.6035885151012,0.0903012990769491,0.351379434186432
"CR-Pa","Model A","Temperature",11.6768949871958,0.0885664081784554,0.344628645565236
"CR-Pa","Model A","Temperature",11.7502014592904,0.0868168728939171,0.337820872868119
"CR-Pa","Model A","Temperature",11.823507931385,0.0850542836570584,0.330962304773514
"CR-Pa","Model A","Temperature",11.8968144034796,0.0832802568831401,0.324059231058929
"CR-Pa","Model A","Temperature",11.9701208755743,0.0814955707987544,0.317114679951226
"CR-Pa","Model A","Temperature",12.0434273476689,0.0797027424205053,0.310138445638077
"CR-Pa","Model A","Temperature",12.1167338197635,0.0779058968233821,0.303146579566477
"CR-Pa","Model A","Temperature",12.1900402918581,0.0761072050846623,0.296147529808747
"CR-Pa","Model A","Temperature",12.2633467639527,0.0743089503292452,0.289150180435699
"CR-Pa","Model A","Temperature",12.3366532360473,0.0725148804187316,0.282169115085687
"CR-Pa","Model A","Temperature",12.4099597081419,0.0707299107249017,0.275223460399995
"CR-Pa","Model A","Temperature",12.4832661802365,0.0689564681315442,0.268322659842463
"CR-Pa","Model A","Temperature",12.5565726523311,0.0671977004465013,0.261478962128778
"CR-Pa","Model A","Temperature",12.6298791244257,0.0654568540930076,0.254704999705769
"CR-Pa","Model A","Temperature",12.7031855965204,0.0637434033586173,0.248037638818266
"CR-Pa","Model A","Temperature",12.776492068615,0.062061436280831,0.241492786793389
"CR-Pa","Model A","Temperature",12.8497985407096,0.0604116749485462,0.235073253415614
"CR-Pa","Model A","Temperature",12.9231050128042,0.0587977207278739,0.228793052281638
"CR-Pa","Model A","Temperature",12.9964114848988,0.0572231625109829,0.222666148449686
"CR-Pa","Model A","Temperature",13.0697179569934,0.0557046840296576,0.216757461475674
"CR-Pa","Model A","Temperature",13.143024429088,0.0542398144787336,0.211057376989381
"CR-Pa","Model A","Temperature",13.2163309011826,0.0528279042856071,0.205563367380947
"CR-Pa","Model A","Temperature",13.2896373732772,0.0514718458074172,0.200286687359056
"CR-Pa","Model A","Temperature",13.3629438453718,0.0501743714501687,0.195237969232278
"CR-Pa","Model A","Temperature",13.4362503174665,0.0489581878538884,0.190505568831664
"CR-Pa","Model A","Temperature",13.5095567895611,0.0478094180727208,0.186035488336219
"CR-Pa","Model A","Temperature",13.5828632616557,0.0467269985879227,0.181823589393364
"CR-Pa","Model A","Temperature",13.6561697337503,0.0457119772060946,0.177873949216759
"CR-Pa","Model A","Temperature",13.7294762058449,0.0447656140908606,0.174191471341414
"CR-Pa","Model A","Temperature",13.8027826779395,0.0439110899824843,0.170866356412069
"CR-Pa","Model A","Temperature",13.8760891500341,0.0431243768605247,0.16780510685656
"CR-Pa","Model A","Temperature",13.9493956221287,0.0424044486161017,0.165003729891157
"CR-Pa","Model A","Temperature",14.0227020942233,0.0417500048499538,0.162457165416376
"CR-Pa","Model A","Temperature",14.0960085663179,0.0411626243020954,0.160171556608216
"CR-Pa","Model A","Temperature",14.1693150384126,0.0406535130350263,0.158190508375363
"CR-Pa","Model A","Temperature",14.2426215105072,0.0402008604093616,0.156429151394734
"CR-Pa","Model A","Temperature",14.3159279826018,0.0398015382307897,0.154875313270599
"CR-Pa","Model A","Temperature",14.3892344546964,0.0394522245188968,0.153516067548852
"CR-Pa","Model A","Temperature",14.462540926791,0.0391532906509571,0.15235285932871
"CR-Pa","Model A","Temperature",14.5358473988856,0.0389042658708167,0.15138385680894
"CR-Pa","Model A","Temperature",14.6091538709802,0.0386893521552979,0.150547586893337
"CR-Pa","Model A","Temperature",14.6824603430748,0.0385042060353077,0.149827148322143
"CR-Pa","Model A","Temperature",14.7557668151694,0.0383444180872246,0.149205383194053
"CR-Pa","Model A","Temperature",14.829073287264,0.0382073547107321,0.14867204367212
"CR-Pa","Model A","Temperature",14.9023797593587,0.0380858800045928,0.148199362614954
"CR-Pa","Model A","Temperature",14.9756862314533,0.0379714199224074,0.14775397678633
"CR-Pa","Model A","Temperature",15.0489927035479,0.0378595610705773,0.147318712837011
"CR-Pa","Model A","Temperature",15.1222991756425,0.0377459570804988,0.146876658224695
"CR-Pa","Model A","Temperature",15.1956056477371,0.0376238288493364,0.146401434178057
"CR-Pa","Model A","Temperature",15.2689121198317,0.0374863082752154,0.145866315613678
"CR-Pa","Model A","Temperature",15.3422185919263,0.0373309578823473,0.145261817852243
"CR-Pa","Model A","Temperature",15.4155250640209,0.037154373837726,0.14457469593573
"CR-Pa","Model A","Temperature",15.4888315361155,0.0369533309835767,0.143792400165234
"CR-Pa","Model A","Temperature",15.5621380082101,0.0367172913519084,0.142873925314164
"CR-Pa","Model A","Temperature",15.6354444803048,0.0364454769036019,0.141816243885148
"CR-Pa","Model A","Temperature",15.7087509523994,0.0361393244845338,0.140624946917258
"CR-Pa","Model A","Temperature",15.782057424494,0.0357972637472809,0.139293923891654
"CR-Pa","Model A","Temperature",15.8553638965886,0.0354179767436022,0.137818046422457
"CR-Pa","Model A","Temperature",15.9286703686832,0.0349895969457359,0.136151139605725
"CR-Pa","Model A","Temperature",16.0019768407778,0.0345197581623043,0.134322908034656
"CR-Pa","Model A","Temperature",16.0752833128724,0.0340115446536918,0.132345353149759
"CR-Pa","Model A","Temperature",16.148589784967,0.0334656343915152,0.130221113066826
"CR-Pa","Model A","Temperature",16.2218962570616,0.0328829747710695,0.127953874280138
"CR-Pa","Model A","Temperature",16.2952027291562,0.0322546148457773,0.125508806963594
"CR-Pa","Model A","Temperature",16.3685092012509,0.0315940886025274,0.122938574419977
"CR-Pa","Model A","Temperature",16.4418156733455,0.0309047882752592,0.120256376473149
"CR-Pa","Model A","Temperature",16.5151221454401,0.0301894719790239,0.117472945470443
"CR-Pa","Model A","Temperature",16.5884286175347,0.0294507387873757,0.114598394898641
"CR-Pa","Model A","Temperature",16.6617350896293,0.0286884292845817,0.111632104440976
"CR-Pa","Model A","Temperature",16.7350415617239,0.027913913621902,0.108618317506538
"CR-Pa","Model A","Temperature",16.8083480338185,0.0271311227038067,0.105572329988106
"CR-Pa","Model A","Temperature",16.8816545059131,0.0263440637551245,0.102509734755409
"CR-Pa","Model A","Temperature",16.9549609780077,0.0255572660420006,0.0994481560396804
"CR-Pa","Model A","Temperature",17.0282674501023,0.0247789798188758,0.0964196971413909
"CR-Pa","Model A","Temperature",17.101573922197,0.0240132677981015,0.0934401668427165
"CR-Pa","Model A","Temperature",17.1748803942916,0.0232641684532845,0.0905252796082936
"CR-Pa","Model A","Temperature",17.2481868663862,0.0225356342273168,0.0876904151409746
"CR-Pa","Model A","Temperature",17.3214933384808,0.0218349331614049,0.0849638547637628
"CR-Pa","Model A","Temperature",17.3947998105754,0.0211719164036041,0.0823839311569757
"CR-Pa","Model A","Temperature",17.46810628267,0.0205436872395716,0.0799393726572243
"CR-Pa","Model A","Temperature",17.5414127547646,0.0199530577287846,0.077641121519804
"CR-Pa","Model A","Temperature",17.6147192268592,0.0194026231329434,0.075499276398855
"CR-Pa","Model A","Temperature",17.6880256989538,0.0189019169997682,0.0735509341317204
"CR-Pa","Model A","Temperature",17.7613321710484,0.0184555913926644,0.0718141967769964
"CR-Pa","Model A","Temperature",17.8346386431431,0.0180564109797197,0.0702609102897299
"CR-Pa","Model A","Temperature",17.9079451152377,0.0177051102272356,0.0688939326172168
"CR-Pa","Model A","Temperature",17.9812515873323,0.0174021585292149,0.0677150902603019
"CR-Pa","Model A","Temperature",18.0545580594269,0.017157369766905,0.0667625708871049
"CR-Pa","Model A","Temperature",18.1278645315215,0.0169671213819375,0.066022278437848
"CR-Pa","Model A","Temperature",18.2011710036161,0.0168231590621718,0.0654620938227813
"CR-Pa","Model A","Temperature",18.2744774757107,0.016724091981476,0.0650766050743667
"CR-Pa","Model A","Temperature",18.3477839478053,0.0166683098643072,0.0648595463059008
"CR-Pa","Model A","Temperature",18.4210904198999,0.0166631105507984,0.0648393147936463
"CR-Pa","Model A","Temperature",18.4943968919945,0.0166985683647015,0.0649772878539912
"CR-Pa","Model A","Temperature",18.5677033640892,0.0167678540511028,0.0652468915643891
"CR-Pa","Model A","Temperature",18.6410098361838,0.0168681301539002,0.0656370848464744
"CR-Pa","Model A","Temperature",18.7143163082784,0.0169964481113021,0.0661363942886274
"CR-Pa","Model A","Temperature",18.787622780373,0.0171551783912461,0.0667540438299421
"CR-Pa","Model A","Temperature",18.8609292524676,0.017333514776766,0.0674479844363273
"CR-Pa","Model A","Temperature",18.9342357245622,0.017526864258566,0.0682003438398973
"CR-Pa","Model A","Temperature",19.0075421966568,0.0177319586143853,0.0689984047696876
"CR-Pa","Model A","Temperature",19.0808486687514,0.0179455378308218,0.0698294818969554
"CR-Pa","Model A","Temperature",19.154155140846,0.0181639925130759,0.0706795303838596
"CR-Pa","Model A","Temperature",19.2274616129407,0.0183813807064253,0.0715254289607209
"CR-Pa","Model A","Temperature",19.3007680850353,0.0185947757611923,0.0723557894801006
"CR-Pa","Model A","Temperature",19.3740745571299,0.0188013869073319,0.073159752527911
"CR-Pa","Model A","Temperature",19.4473810292245,0.0189980536718093,0.0739250201058056
"CR-Pa","Model A","Temperature",19.5206875013191,0.0191771710413087,0.0746219996685695
"CR-Pa","Model A","Temperature",19.5939939734137,0.0193396982466037,0.0752544237645704
"CR-Pa","Model A","Temperature",19.6673004455083,0.019483718201708,0.0758148326496409
"CR-Pa","Model A","Temperature",19.7406069176029,0.0196074474370368,0.0762962865063025
"CR-Pa","Model A","Temperature",19.8139133896975,0.0197073028730182,0.0766848428942418
"CR-Pa","Model A","Temperature",19.8872198617921,0.0197765515802897,0.0769543027118516
"CR-Pa","Model A","Temperature",19.9605263338868,0.0198202126008972,0.0771241960010277
"CR-Pa","Model A","Temperature",20.0338328059814,0.0198375043234841,0.0771914813641488
"CR-Pa","Model A","Temperature",20.107139278076,0.0198277742777489,0.0771536199158642
"CR-Pa","Model A","Temperature",20.1804457501706,0.0197870008419971,0.0769949627655158
"CR-Pa","Model A","Temperature",20.2537522222652,0.0197120989505368,0.0767035053389911
"CR-Pa","Model A","Temperature",20.3270586943598,0.0196093439179058,0.0763036660720618
"CR-Pa","Model A","Temperature",20.4003651664544,0.0194789611931509,0.0757963222296102
"CR-Pa","Model A","Temperature",20.473671638549,0.0193212791068085,0.0751827514078538
"CR-Pa","Model A","Temperature",20.5469781106436,0.0191323524976839,0.0744476022384004
"CR-Pa","Model A","Temperature",20.6202845827382,0.0189132227461011,0.0735949269290566
"CR-Pa","Model A","Temperature",20.6935910548329,0.0186695392893921,0.0726467085090092
"CR-Pa","Model A","Temperature",20.7668975269275,0.0184022775747037,0.0716067426276003
"CR-Pa","Model A","Temperature",20.8402039990221,0.0181124837027545,0.0704790998605851
"CR-Pa","Model A","Temperature",20.9135104711167,0.0177971674677906,0.0692521447518107
"CR-Pa","Model A","Temperature",20.9868169432113,0.0174603134913323,0.0679413822172595
"CR-Pa","Model A","Temperature",21.0601234153059,0.0171061140517008,0.0665631252048018
"CR-Pa","Model A","Temperature",21.1334298874005,0.0167360206733395,0.0651230218705858
"CR-Pa","Model A","Temperature",21.2067363594951,0.0163515249471772,0.0636268762770338
"CR-Pa","Model A","Temperature",21.2800428315897,0.0159516135720218,0.0620707454775521
"CR-Pa","Model A","Temperature",21.3533493036843,0.015541109417106,0.0604733961685177
"CR-Pa","Model A","Temperature",21.426655775779,0.0151227409702347,0.0588454454120416
"CR-Pa","Model A","Temperature",21.4999622478736,0.0146981822968438,0.0571934073133657
"CR-Pa","Model A","Temperature",21.5732687199682,0.0142691191417284,0.0555238414243278
"CR-Pa","Model A","Temperature",21.6465751920628,0.0138374303493275,0.0538440586840019
"CR-Pa","Model A","Temperature",21.7198816641574,0.0134063542670224,0.0521666601145464
"CR-Pa","Model A","Temperature",21.793188136252,0.0129776463791884,0.0504984766376951
"CR-Pa","Model A","Temperature",21.8664946083466,0.0125529604514016,0.0488459433680962
"CR-Pa","Model A","Temperature",21.9398010804412,0.0121339616771709,0.047215539888645
"CR-Pa","Model A","Temperature",22.0131075525358,0.0117258583462884,0.0456275326400131
"CR-Pa","Model A","Temperature",22.0864140246304,0.0113281778294369,0.0440800825321341
"CR-Pa","Model A","Temperature",22.1597204967251,0.0109423561472339,0.0425787773928378
"CR-Pa","Model A","Temperature",22.2330269688197,0.0105697840930649,0.0411290290622405
"CR-Pa","Model A","Temperature",22.3063334409143,0.0102126159680463,0.0397392203334477
"CR-Pa","Model A","Temperature",22.3796399130089,0.00987698482662524,0.0384332160813119
"CR-Pa","Model A","Temperature",22.4529463851035,0.00955953462800813,0.0371979573163478
"CR-Pa","Model A","Temperature",22.5262528571981,0.00926124291084578,0.036037247826336
"CR-Pa","Model A","Temperature",22.5995593292927,0.00898302051447618,0.0349546318594157
"CR-Pa","Model A","Temperature",22.6728658013873,0.00872778452608493,0.0339614603535606
"CR-Pa","Model A","Temperature",22.7461722734819,0.00850019419893756,0.0330758633444721
"CR-Pa","Model A","Temperature",22.8194787455765,0.00829535586780087,0.0322787986551461
"CR-Pa","Model A","Temperature",22.8927852176712,0.00811364517610775,0.0315717279852287
"CR-Pa","Model A","Temperature",22.9660916897658,0.00795536318636281,0.0309558228258678
"CR-Pa","Model A","Temperature",23.0393981618604,0.00782404011737739,0.0304448199261598
"CR-Pa","Model A","Temperature",23.112704633955,0.00772138988002973,0.0300453884374988
"CR-Pa","Model A","Temperature",23.1860111060496,0.00764229628396605,0.0297376202955484
"CR-Pa","Model A","Temperature",23.2593175781442,0.00758652466053405,0.0295206023601974
"CR-Pa","Model A","Temperature",23.3326240502388,0.00755377422901822,0.0293931642367924
"CR-Pa","Model A","Temperature",23.4059305223334,0.00754768085348847,0.0293694537601125
"CR-Pa","Model A","Temperature",23.479236994428,0.00756682457231828,0.029443945590899
"CR-Pa","Model A","Temperature",23.5525434665226,0.00760683981837216,0.0295996524817297
"CR-Pa","Model A","Temperature",23.6258499386173,0.00766700028091657,0.0298337482201668
"CR-Pa","Model A","Temperature",23.6991564107119,0.00774653221036071,0.0301432220002065
"CR-Pa","Model A","Temperature",23.7724628828065,0.00784847259582571,0.0305398913209315
"CR-Pa","Model A","Temperature",23.8457693549011,0.00796918462662034,0.0310096046640803
"CR-Pa","Model A","Temperature",23.9190758269957,0.00810548515544844,0.0315399758014669
"CR-Pa","Model A","Temperature",23.9923822990903,0.00825632124975655,0.0321269075733754
"CR-Pa","Model A","Temperature",24.0656887711849,0.00842061034409976,0.0327661875129046
"CR-Pa","Model A","Temperature",24.1389952432795,0.00859999827843988,0.033464219894638
"CR-Pa","Model A","Temperature",24.2123017153741,0.00879014129124361,0.0342041023208758
"CR-Pa","Model A","Temperature",24.2856081874687,0.00898893683425101,0.0349776533786652
"CR-Pa","Model A","Temperature",24.3589146595634,0.00919513083764339,0.0357799932451482
"CR-Pa","Model A","Temperature",24.432221131658,0.00940745052353547,0.0366061693008418
"CR-Pa","Model A","Temperature",24.5055276037526,0.00962528375835361,0.0374537996182327
"CR-Pa","Model A","Temperature",24.5788340758472,0.00984529688793362,0.0383099123184446
"CR-Pa","Model A","Temperature",24.6521405479418,0.0100660073322844,0.0391687384023189
"CR-Pa","Model A","Temperature",24.7254470200364,0.0102860400804398,0.0400249274421181
"CR-Pa","Model A","Temperature",24.798753492131,0.0105039369110308,0.0408728052226898
"CR-Pa","Model A","Temperature",24.8720599642256,0.0107161855858635,0.0416987049609202
"CR-Pa","Model A","Temperature",24.9453664363202,0.0109220804096295,0.0424998806628907
"CR-Pa","Model A","Temperature",25.0186729084148,0.0111202308620408,0.0432709215511587
"CR-Pa","Model A","Temperature",25.0919793805095,0.0113092567519407,0.0440064570408868
"CR-Pa","Model A","Temperature",25.1652858526041,0.0114869934741167,0.044698064243781
"CR-Pa","Model A","Temperature",25.2385923246987,0.011648449784486,0.0453263212850787
"CR-Pa","Model A","Temperature",25.3118987967933,0.0117954144502098,0.0458981885961283
"CR-Pa","Model A","Temperature",25.3852052688879,0.0119266841559148,0.0464089838492192
"CR-Pa","Model A","Temperature",25.4585117409825,0.0120410981956781,0.0468541905180704
"CR-Pa","Model A","Temperature",25.5318182130771,0.0121354155569904,0.0472211972100079
"CR-Pa","Model A","Temperature",25.6051246851717,0.0122053588048912,0.0474933596165709
"CR-Pa","Model A","Temperature",25.6784311572663,0.0122544904816825,0.0476845402636715
"CR-Pa","Model A","Temperature",25.7517376293609,0.0122820897205955,0.0477919341223683
"CR-Pa","Model A","Temperature",25.8250441014556,0.0122875119273368,0.0478130329543486
"CR-Pa","Model A","Temperature",25.8983505735502,0.0122666092088952,0.0477316965233775
"CR-Pa","Model A","Temperature",25.9716570456448,0.0122177959680137,0.0475417549706305
"CR-Pa","Model A","Temperature",26.0449635177394,0.0121454343598196,0.0472601822667606
"CR-Pa","Model A","Temperature",26.118269989834,0.0120495253975978,0.0468869823546509
"CR-Pa","Model A","Temperature",26.1915764619286,0.0119301625575099,0.0464225189677263
"CR-Pa","Model A","Temperature",26.2648829340232,0.0117830751474692,0.0458501740353238
"CR-Pa","Model A","Temperature",26.3381894061178,0.0116101714886064,0.0451773731959007
"CR-Pa","Model A","Temperature",26.4114958782124,0.0114155934565674,0.0444202332709841
"CR-Pa","Model A","Temperature",26.484802350307,0.0112000955064446,0.0435816899880358
"CR-Pa","Model A","Temperature",26.5581088224017,0.0109645116823293,0.0426649887703648
"CR-Pa","Model A","Temperature",26.6314152944963,0.0107056002383397,0.0416575153716054
"CR-Pa","Model A","Temperature",26.7047217665909,0.0104278554867516,0.0405767580108713
"CR-Pa","Model A","Temperature",26.7780282386855,0.0101344875676475,0.0394352079503851
"CR-Pa","Model A","Temperature",26.8513347107801,0.00982678576483153,0.038237882037283
"CR-Pa","Model A","Temperature",26.9246411828747,0.00950608135611328,0.0369899605253179
"CR-Pa","Model A","Temperature",26.9979476549693,0.00917121057311279,0.0356869149716099
"CR-Pa","Model A","Temperature",27.0712541270639,0.00882703804446812,0.0343476745662794
"CR-Pa","Model A","Temperature",27.1445605991585,0.00847567333540593,0.0329804480266242
"CR-Pa","Model A","Temperature",27.2178670712531,0.00811856900758632,0.0315908875447993
"CR-Pa","Model A","Temperature",27.2911735433478,0.00775717384872074,0.0301846306278119
"CR-Pa","Model A","Temperature",27.3644800154424,0.00739291814112638,0.0287672427746802
"CR-Pa","Model A","Temperature",27.437786487537,0.00702861589289204,0.0273496738231157
"CR-Pa","Model A","Temperature",27.5110929596316,0.00666559114252869,0.0259370758573915
"CR-Pa","Model A","Temperature",27.5843994317262,0.00630509679550581,0.0245343241696625
"CR-Pa","Model A","Temperature",27.6577059038208,0.00594851763713045,0.0231468072214751
"CR-Pa","Model A","Temperature",27.7310123759154,0.00559917580618514,0.0217874520831773
"CR-Pa","Model A","Temperature",27.80431884801,0.00525680781042074,0.0204552334565912
"CR-Pa","Model A","Temperature",27.8776253201046,0.00492229482882245,0.0191535801758132
"CR-Pa","Model A","Temperature",27.9509317921992,0.00459646053460175,0.0178856973090979
"CR-Pa","Model A","Temperature",28.0242382642939,0.00428087373398042,0.0166576893781761
"CR-Pa","Model A","Temperature",28.0975447363885,0.00397861329862898,0.0154815368550521
"CR-Pa","Model A","Temperature",28.1708512084831,0.0036875394187581,0.0143489133351144
"CR-Pa","Model A","Temperature",28.2441576805777,0.00340804386082414,0.013261343255743
"CR-Pa","Model A","Temperature",28.3174641526723,0.00314046308138166,0.0122201358330287
"CR-Pa","Model A","Temperature",28.3907706247669,0.00288659532634974,0.0112322883819607
"CR-Pa","Model A","Temperature",28.4640770968615,0.00264799945681457,0.0103038667258664
"CR-Pa","Model A","Temperature",28.5373835689561,0.00242191629380847,0.0094241343775148
"CR-Pa","Model A","Temperature",28.6106900410507,0.00220831506453983,0.00859297159415346
"CR-Pa","Model A","Temperature",28.6839965131453,0.00200712403139685,0.00781009923116651
"CR-Pa","Model A","Temperature",28.75730298524,0.00182022383999467,0.00708283523634544
"CR-Pa","Model A","Temperature",28.8306094573346,0.00164741286039897,0.0064103950294798
"CR-Pa","Model A","Temperature",28.9039159294292,0.00148618535424942,0.00578302830867722
"CR-Pa","Model A","Temperature",28.9772224015238,0.00133623324774719,0.00519953630051775
"CR-Pa","Model A","Temperature",29.0505288736184,0.00119722627603056,0.00465863388195856
"CR-Pa","Model A","Temperature",29.123835345713,0.00107090573030133,0.00416709674641153
"CR-Pa","Model A","Temperature",29.1971418178076,0.000955781494849976,0.00371912657181226
"CR-Pa","Model A","Temperature",29.2704482899022,0.000850008692797943,0.00330754459328849
"CR-Pa","Model A","Temperature",29.3437547619968,0.000753160354543109,0.00293068939136187
"CR-Pa","Model A","Temperature",29.4170612340914,0.000664804276213358,0.00258687917901948
"CR-Pa","Model A","Temperature",29.4903677061861,0.000586362369580835,0.00228164688390539
"CR-Pa","Model A","Temperature",29.5636741782807,0.000515788121227315,0.00200702913523423
"CR-Pa","Model A","Temperature",29.6369806503753,0.000451940131173674,0.00175858452980423
"CR-Pa","Model A","Temperature",29.7102871224699,0.000394398285031592,0.0015346783230705
"CR-Pa","Model A","Temperature",29.7835935945645,0.00034274878900291,0.00133370036509996
"CR-Pa","Model A","Temperature",29.8569000666591,0.000298018139510652,0.00115964494762487
"CR-Pa","Model A","Temperature",29.9302065387537,0.00025823306461785,0.00100483369631624
"CR-Pa","Model A","Temperature",30.0035130108483,0.000222800621117925,0.000866959357008702
"CR-Pa","Model A","Temperature",30.0768194829429,0.00019138046577554,0.000744697589801465
"CR-Pa","Model A","Temperature",30.1501259550375,0.000163643909300113,0.000636769402496974
"CR-Pa","Model A","Temperature",30.2234324271322,0.00014024804430565,0.000545731666738033
"CR-Pa","Model A","Temperature",30.2967388992268,0.000119647806464458,0.000465572244993992
"CR-Pa","Model A","Temperature",30.3700453713214,0.000101593227083564,0.000395318461801718
"CR-Pa","Model A","Temperature",30.443351843416,8.58464897884726e-05,0.000334044928667752
"CR-Pa","Model A","Temperature",30.5166583155106,7.22615155073137e-05,0.000281183224294228
"CR-Pa","Model A","Temperature",30.5899647876052,6.09730229133307e-05,0.000237257564519263
"CR-Pa","Model A","Temperature",30.6632712596998,5.11887868665903e-05,0.000199185251482875
"CR-Pa","Model A","Temperature",30.7365777317944,4.27531051833266e-05,0.000166360418538708
"CR-Pa","Model A","Temperature",30.809884203889,3.55197707931122e-05,0.000138214146322304
"CR-Pa","Model A","Temperature",30.8831906759836,2.9431162126044e-05,0.000114522218406693
"CR-Pa","Model A","Temperature",30.9564971480783,2.44397394237751e-05,9.50996486005381e-05
"CR-Pa","Model A","Temperature",31.0298036201729,2.01823395680128e-05,7.85333005223293e-05
"CR-Pa","Model A","Humidity",44.5747706583391,6.86678351361001e-06,5.21561705011766e-05
"CR-Pa","Model A","Humidity",44.6654193054689,7.88046734569972e-06,5.98555346468451e-05
"CR-Pa","Model A","Humidity",44.7560679525987,9.07304197740889e-06,6.89136512604707e-05
"CR-Pa","Model A","Humidity",44.8467165997284,1.04047389187905e-05,7.90284615778385e-05
"CR-Pa","Model A","Humidity",44.9373652468582,1.18852960065312e-05,9.0273928651597e-05
"CR-Pa","Model A","Humidity",45.028013893988,1.35414553077614e-05,0.000102853169969001
"CR-Pa","Model A","Humidity",45.1186625411178,1.54595392198976e-05,0.000117421841219327
"CR-Pa","Model A","Humidity",45.2093111882476,1.75836500033406e-05,0.000133555375058724
"CR-Pa","Model A","Humidity",45.2999598353774,1.99266221309758e-05,0.00015135125482197
"CR-Pa","Model A","Humidity",45.3906084825072,2.25374304180803e-05,0.000171181465268858
"CR-Pa","Model A","Humidity",45.481257129637,2.55155728084507e-05,0.000193801736023146
"CR-Pa","Model A","Humidity",45.5719057767667,2.87864277959392e-05,0.000218645284691013
"CR-Pa","Model A","Humidity",45.6625544238965,3.23659793798486e-05,0.000245833516613295
"CR-Pa","Model A","Humidity",45.7532030710263,3.63362476812391e-05,0.000275989409842246
"CR-Pa","Model A","Humidity",45.8438517181561,4.07992061080776e-05,0.000309887496215363
"CR-Pa","Model A","Humidity",45.9345003652859,4.56605453294501e-05,0.000346811455852568
"CR-Pa","Model A","Humidity",46.0251490124157,5.09389293018897e-05,0.000386903049521072
"CR-Pa","Model A","Humidity",46.1157976595455,5.67615524312522e-05,0.000431128373371346
"CR-Pa","Model A","Humidity",46.2064463066753,6.32149144147821e-05,0.000480144429761021
"CR-Pa","Model A","Humidity",46.2970949538051,7.01866475169271e-05,0.000533097737469568
"CR-Pa","Model A","Humidity",46.3877436009348,7.76969248570826e-05,0.00059014152000442
"CR-Pa","Model A","Humidity",46.4783922480646,8.59294420803975e-05,0.000652671024699312
"CR-Pa","Model A","Humidity",46.5690408951944,9.49306266538764e-05,0.000721038888109661
"CR-Pa","Model A","Humidity",46.6596895423242,0.000104574966774301,0.000794291794174811
"CR-Pa","Model A","Humidity",46.750338189454,0.000114882176878232,0.000872579482509035
"CR-Pa","Model A","Humidity",46.8409868365838,0.000126099695680769,0.000957781356443997
"CR-Pa","Model A","Humidity",46.9316354837136,0.000138205709346867,0.00104973173053212
"CR-Pa","Model A","Humidity",47.0222841308434,0.000151069797623399,0.00114744000692719
"CR-Pa","Model A","Humidity",47.1129327779731,0.000164708505555073,0.00125103185235093
"CR-Pa","Model A","Humidity",47.2035814251029,0.000179432060494607,0.00136286357680937
"CR-Pa","Model A","Humidity",47.2942300722327,0.000195124588036467,0.00148205506441713
"CR-Pa","Model A","Humidity",47.3848787193625,0.000211661359979205,0.00160765895090562
"CR-Pa","Model A","Humidity",47.4755273664923,0.000229052553165527,0.00173975253376679
"CR-Pa","Model A","Humidity",47.5661760136221,0.000247657906966107,0.00188106818805157
"CR-Pa","Model A","Humidity",47.6568246607519,0.000267252282302391,0.00202989588574697
"CR-Pa","Model A","Humidity",47.7474733078817,0.000287727530790981,0.00218541419342453
"CR-Pa","Model A","Humidity",47.8381219550115,0.000309084238780924,0.00234762756465716
"CR-Pa","Model A","Humidity",47.9287706021412,0.000331703142676029,0.00251942785598201
"CR-Pa","Model A","Humidity",48.019419249271,0.000355254278064472,0.00269830884595079
"CR-Pa","Model A","Humidity",48.1100678964008,0.000379654283337891,0.00288363736733897
"CR-Pa","Model A","Humidity",48.2007165435306,0.000404891531755277,0.00307532511005415
"CR-Pa","Model A","Humidity",48.2913651906604,0.000431323665279899,0.00327608851843708
"CR-Pa","Model A","Humidity",48.3820138377902,0.000458547236137738,0.0034828632333379
"CR-Pa","Model A","Humidity",48.47266248492,0.000486505985793452,0.00369522194701409
"CR-Pa","Model A","Humidity",48.5633111320498,0.00051517817100323,0.00391299951018884
"CR-Pa","Model A","Humidity",48.6539597791796,0.000544831624645955,0.00413823022862831
"CR-Pa","Model A","Humidity",48.7446084263093,0.000575060618972989,0.00436783242579602
"CR-Pa","Model A","Humidity",48.8352570734391,0.000605826487763644,0.00460151241513628
"CR-Pa","Model A","Humidity",48.9259057205689,0.00063711064838399,0.00483912905356197
"CR-Pa","Model A","Humidity",49.0165543676987,0.000668991309125526,0.00508127636664241
"CR-Pa","Model A","Humidity",49.1072030148285,0.000701184904206978,0.00532580055045948
"CR-Pa","Model A","Humidity",49.1978516619583,0.000733642374389092,0.00557232897901703
"CR-Pa","Model A","Humidity",49.2885003090881,0.000766323715704837,0.00582055780500125
"CR-Pa","Model A","Humidity",49.3791489562179,0.000799142913775011,0.00606983371225349
"CR-Pa","Model A","Humidity",49.4697976033477,0.000831956300826985,0.00631906548232631
"CR-Pa","Model A","Humidity",49.5604462504774,0.000864708992140414,0.00656783624219224
"CR-Pa","Model A","Humidity",49.6510948976072,0.000897312442060851,0.00681547344956983
"CR-Pa","Model A","Humidity",49.741743544737,0.000929572325634505,0.00706050112296026
"CR-Pa","Model A","Humidity",49.8323921918668,0.000961484080713063,0.00730288461088735
"CR-Pa","Model A","Humidity",49.9230408389966,0.000992992909595857,0.00754220770127548
"CR-Pa","Model A","Humidity",50.0136894861264,0.00102393844312634,0.007777252321492
"CR-Pa","Model A","Humidity",50.1043381332562,0.00105409406252036,0.00800629720452438
"CR-Pa","Model A","Humidity",50.194986780386,0.00108357504384815,0.00823021792164417
"CR-Pa","Model A","Humidity",50.2856354275157,0.00111233306825073,0.0084486474703616
"CR-Pa","Model A","Humidity",50.3762840746455,0.00114012314087075,0.00865972500949433
"CR-Pa","Model A","Humidity",50.4669327217753,0.00116676665734139,0.00886209396215452
"CR-Pa","Model A","Humidity",50.5575813689051,0.00119246496958227,0.00905728368266506
"CR-Pa","Model A","Humidity",50.6482300160349,0.00121718215781005,0.00924502134484158
"CR-Pa","Model A","Humidity",50.7388786631647,0.00124059164381066,0.00942282644686248
"CR-Pa","Model A","Humidity",50.8295273102945,0.00126263003486036,0.00959021749375968
"CR-Pa","Model A","Humidity",50.9201759574243,0.00128354347043319,0.00974906402057096
"CR-Pa","Model A","Humidity",51.0108246045541,0.0013033130820145,0.00989922271282235
"CR-Pa","Model A","Humidity",51.1014732516838,0.00132155258934477,0.0100377596060111
"CR-Pa","Model A","Humidity",51.1921218988136,0.00133835303502419,0.0101653662077941
"CR-Pa","Model A","Humidity",51.2827705459434,0.00135396478084575,0.0102839441235354
"CR-Pa","Model A","Humidity",51.3734191930732,0.001368388943843,0.0103935018375845
"CR-Pa","Model A","Humidity",51.464067840203,0.00138122062819932,0.0104909639922861
"CR-Pa","Model A","Humidity",51.5547164873328,0.00139270721734635,0.01057820957107
"CR-Pa","Model A","Humidity",51.6453651344626,0.00140307109377938,0.0106569276645155
"CR-Pa","Model A","Humidity",51.7360137815924,0.00141233454845394,0.0107272875820051
"CR-Pa","Model A","Humidity",51.8266624287221,0.001420132693335,0.0107865178421703
"CR-Pa","Model A","Humidity",51.9173110758519,0.00142683086963121,0.0108373933684279
"CR-Pa","Model A","Humidity",52.0079597229817,0.0014326052324126,0.0108812521342045
"CR-Pa","Model A","Humidity",52.0986083701115,0.00143749900992073,0.0109184224765639
"CR-Pa","Model A","Humidity",52.1892570172413,0.00144126081182866,0.0109469949779851
"CR-Pa","Model A","Humidity",52.2799056643711,0.00144429739475049,0.0109700591296797
"CR-Pa","Model A","Humidity",52.3705543115009,0.00144673732279111,0.0109885914312508
"CR-Pa","Model A","Humidity",52.4612029586307,0.00144864356962993,0.0110030701948445
"CR-Pa","Model A","Humidity",52.5518516057605,0.00144996371286461,0.0110130972497964
"CR-Pa","Model A","Humidity",52.6425002528902,0.00145103604681924,0.0110212420868167
"CR-Pa","Model A","Humidity",52.73314890002,0.00145195754898093,0.0110282412915778
"CR-Pa","Model A","Humidity",52.8237975471498,0.0014528096181253,0.0110347131227466
"CR-Pa","Model A","Humidity",52.9144461942796,0.00145383164738564,0.0110424758740047
"CR-Pa","Model A","Humidity",53.0050948414094,0.00145515721574439,0.0110525441351044
"CR-Pa","Model A","Humidity",53.0957434885392,0.00145688329195992,0.0110656544254196
"CR-Pa","Model A","Humidity",53.186392135669,0.00145914063065398,0.0110827998824699
"CR-Pa","Model A","Humidity",53.2770407827988,0.00146245885165881,0.0111080031963861
"CR-Pa","Model A","Humidity",53.3676894299285,0.00146670744028768,0.0111402730520584
"CR-Pa","Model A","Humidity",53.4583380770583,0.00147199551611321,0.0111804382595144
"CR-Pa","Model A","Humidity",53.5489867241881,0.0014785597036689,0.0112302960837312
"CR-Pa","Model A","Humidity",53.6396353713179,0.00148713429069256,0.0112954237555002
"CR-Pa","Model A","Humidity",53.7302840184477,0.0014973324551891,0.0113728831956043
"CR-Pa","Model A","Humidity",53.8209326655775,0.00150927044959981,0.0114635573912729
"CR-Pa","Model A","Humidity",53.9115813127073,0.00152335121542265,0.0115705068562717
"CR-Pa","Model A","Humidity",54.0022299598371,0.00154039313471024,0.0116999475538369
"CR-Pa","Model A","Humidity",54.0928786069669,0.00155978111258831,0.0118472075741765
"CR-Pa","Model A","Humidity",54.1835272540966,0.00158163114022607,0.0120131679200461
"CR-Pa","Model A","Humidity",54.2741759012264,0.00160656730096925,0.0122025687725396
"CR-Pa","Model A","Humidity",54.3648245483562,0.00163534307351279,0.0124211331260116
"CR-Pa","Model A","Humidity",54.455473195486,0.00166716305102636,0.0126628195239083
"CR-Pa","Model A","Humidity",54.5461218426158,0.00170213286452499,0.0129284302791642
"CR-Pa","Model A","Humidity",54.6367704897456,0.00174113371819646,0.0132246585161181
"CR-Pa","Model A","Humidity",54.7274191368754,0.00178469157640972,0.0135554991600869
"CR-Pa","Model A","Humidity",54.8180677840052,0.00183189681980957,0.0139140432613291
"CR-Pa","Model A","Humidity",54.9087164311349,0.00188283232726046,0.0143009203204219
"CR-Pa","Model A","Humidity",54.9993650782647,0.0019386379872691,0.0147247882802276
"CR-Pa","Model A","Humidity",55.0900137253945,0.00199946142883302,0.0151867684463984
"CR-Pa","Model A","Humidity",55.1806623725243,0.00206435792686414,0.0156796852260714
"CR-Pa","Model A","Humidity",55.2713110196541,0.00213337428818186,0.0162038941371465
"CR-Pa","Model A","Humidity",55.3619596667839,0.00220786164728548,0.016769657626543
"CR-Pa","Model A","Humidity",55.4526083139137,0.00228748468990078,0.0173744288383098
"CR-Pa","Model A","Humidity",55.5432569610435,0.0023713460982085,0.0180113922581551
"CR-Pa","Model A","Humidity",55.6339056081733,0.00245944464042265,0.0186805385301352
"CR-Pa","Model A","Humidity",55.724554255303,0.00255323767555326,0.0193929369219585
"CR-Pa","Model A","Humidity",55.8152029024328,0.00265188534306686,0.0201422083321006
"CR-Pa","Model A","Humidity",55.9058515495626,0.00275461016187748,0.0209224474577363
"CR-Pa","Model A","Humidity",55.9965001966924,0.00286135511151638,0.0217332212039119
"CR-Pa","Model A","Humidity",56.0871488438222,0.00297352413502988,0.0225851931211457
"CR-Pa","Model A","Humidity",56.177797490952,0.00308986237151076,0.0234688320018061
"CR-Pa","Model A","Humidity",56.2684461380818,0.00320975983121295,0.0243795047117424
"CR-Pa","Model A","Humidity",56.3590947852116,0.0033331030176411,0.0253163491963187
"CR-Pa","Model A","Humidity",56.4497434323414,0.0034610469228412,0.026288138116266
"CR-Pa","Model A","Humidity",56.5403920794711,0.00359212922350809,0.0272837644979217
"CR-Pa","Model A","Humidity",56.6310407266009,0.00372591877097185,0.0282999535819324
"CR-Pa","Model A","Humidity",56.7216893737307,0.00386225404724355,0.02933547856979
"CR-Pa","Model A","Humidity",56.8123380208605,0.00400184501792768,0.0303957319552355
"CR-Pa","Model A","Humidity",56.9029866679903,0.00414332287650766,0.0314703170647869
"CR-Pa","Model A","Humidity",56.9936353151201,0.00428640678447951,0.0325571008093688
"CR-Pa","Model A","Humidity",57.0842839622499,0.00443090836496427,0.0336546523856658
"CR-Pa","Model A","Humidity",57.1749326093797,0.00457693502887652,0.0347637876257138
"CR-Pa","Model A","Humidity",57.2655812565094,0.00472355581544938,0.0358774354825822
"CR-Pa","Model A","Humidity",57.3562299036392,0.00487057667016549,0.0369941220288529
"CR-Pa","Model A","Humidity",57.446878550769,0.00501779343266204,0.0381122965788709
"CR-Pa","Model A","Humidity",57.5375271978988,0.00516470782882975,0.0392281745267358
"CR-Pa","Model A","Humidity",57.6281758450286,0.00531106377861999,0.0403398108344762
"CR-Pa","Model A","Humidity",57.7188244921584,0.00545669670965562,0.0414459555041932
"CR-Pa","Model A","Humidity",57.8094731392882,0.00560133054878303,0.0425445116416944
"CR-Pa","Model A","Humidity",57.900121786418,0.0057442161821498,0.0436297894054794
"CR-Pa","Model A","Humidity",57.9907704335478,0.00588564483250012,0.0447040007573885
"CR-Pa","Model A","Humidity",58.0814190806775,0.00602551238596738,0.0457663549078816
"CR-Pa","Model A","Humidity",58.1720677278073,0.00616346695794992,0.0468141791422524
"CR-Pa","Model A","Humidity",58.2627163749371,0.00629886812132606,0.0478426091414079
"CR-Pa","Model A","Humidity",58.3533650220669,0.00643235427867567,0.0488564938471765
"CR-Pa","Model A","Humidity",58.4440136691967,0.00656390650195715,0.0498556894929514
"CR-Pa","Model A","Humidity",58.5346623163265,0.00669316737528599,0.0508374813515571
"CR-Pa","Model A","Humidity",58.6253109634563,0.00681987417480177,0.0517998739224173
"CR-Pa","Model A","Humidity",58.7159596105861,0.00694478190528837,0.0527486017911875
"CR-Pa","Model A","Humidity",58.8066082577159,0.00706797025936222,0.0536842702575227
"CR-Pa","Model A","Humidity",58.8972569048456,0.00718922590565014,0.0546052589780042
"CR-Pa","Model A","Humidity",58.9879055519754,0.00730876400129642,0.0555132021635664
"CR-Pa","Model A","Humidity",59.0785541991052,0.00742724395583946,0.0564131083129114
"CR-Pa","Model A","Humidity",59.169202846235,0.0075448430514644,0.0573063239603891
"CR-Pa","Model A","Humidity",59.2598514933648,0.00766170519097138,0.058193942109582
"CR-Pa","Model A","Humidity",59.3505001404946,0.00777841577032375,0.0590804090942959
"CR-Pa","Model A","Humidity",59.4411487876244,0.0078953883706565,0.0599688662409103
"CR-Pa","Model A","Humidity",59.5317974347542,0.0080128818999535,0.06086128006678
"CR-Pa","Model A","Humidity",59.6224460818839,0.00813163906739975,0.0617632917672052
"CR-Pa","Model A","Humidity",59.7130947290137,0.0082523128951736,0.0626798613261447
"CR-Pa","Model A","Humidity",59.8037433761435,0.00837501041964761,0.063611801730827
"CR-Pa","Model A","Humidity",59.8943920232733,0.00850004372319357,0.0645614833809245
"CR-Pa","Model A","Humidity",59.9850406704031,0.00862897736718861,0.0655407897921745
"CR-Pa","Model A","Humidity",60.0756893175329,0.00876209711689413,0.066551891474491
"CR-Pa","Model A","Humidity",60.1663379646627,0.00889923744202436,0.0675935311542483
"CR-Pa","Model A","Humidity",60.2569866117925,0.00904072748730491,0.0686682088270255
"CR-Pa","Model A","Humidity",60.3476352589223,0.00918911060535363,0.0697952423484852
"CR-Pa","Model A","Humidity",60.438283906052,0.00934383448590051,0.0709704366848747
"CR-Pa","Model A","Humidity",60.5289325531818,0.00950457242994546,0.0721913104169504
"CR-Pa","Model A","Humidity",60.6195812003116,0.00967163292392343,0.0734602066317001
"CR-Pa","Model A","Humidity",60.7102298474414,0.00984859205925106,0.0748042872795894
"CR-Pa","Model A","Humidity",60.8008784945712,0.0100336573951499,0.0762099380029401
"CR-Pa","Model A","Humidity",60.891527141701,0.010226496088195,0.077674630712962
"CR-Pa","Model A","Humidity",60.9821757888308,0.0104273624367816,0.0792002969152045
"CR-Pa","Model A","Humidity",61.0728244359606,0.0106407976197835,0.0808214288139364
"CR-Pa","Model A","Humidity",61.1634730830903,0.0108635229932756,0.082513123700162
"CR-Pa","Model A","Humidity",61.2541217302201,0.0110953575872715,0.0842740070290965
"CR-Pa","Model A","Humidity",61.3447703773499,0.0113364933989109,0.0861055371014917
"CR-Pa","Model A","Humidity",61.4354190244797,0.0115921972319158,0.0880477175540393
"CR-Pa","Model A","Humidity",61.5260676716095,0.011857717299492,0.0900644565248458
"CR-Pa","Model A","Humidity",61.6167163187393,0.0121331310048335,0.0921563419244193
"CR-Pa","Model A","Humidity",61.7073649658691,0.0124189734770365,0.0943274382881166
"CR-Pa","Model A","Humidity",61.7980136129989,0.012719681973801,0.0966114484942514
"CR-Pa","Model A","Humidity",61.8886622601287,0.0130304756096671,0.0989720596640637
"CR-Pa","Model A","Humidity",61.9793109072584,0.0133513315465697,0.10140909833264
"CR-Pa","Model A","Humidity",62.0699595543882,0.0136831069170616,0.103929074789909
"CR-Pa","Model A","Humidity",62.160608201518,0.0140290775030269,0.106556870006438
"CR-Pa","Model A","Humidity",62.2512568486478,0.0143847727328794,0.109258528070635
"CR-Pa","Model A","Humidity",62.3419054957776,0.0147500707050878,0.112033123088007
"CR-Pa","Model A","Humidity",62.4325541429074,0.0151260530644513,0.114888870615438
"CR-Pa","Model A","Humidity",62.5232027900372,0.0155146860890235,0.117840705379386
"CR-Pa","Model A","Humidity",62.613851437167,0.0159120709567509,0.120859014151564
"CR-Pa","Model A","Humidity",62.7045000842967,0.016317991608743,0.123942155871888
"CR-Pa","Model A","Humidity",62.7951487314265,0.0167335832750018,0.127098753099878
"CR-Pa","Model A","Humidity",62.8857973785563,0.0171595352988106,0.130334041693884
"CR-Pa","Model A","Humidity",62.9764460256861,0.0175926905864429,0.133624042170885
"CR-Pa","Model A","Humidity",63.0670946728159,0.0180327458574874,0.136966450985878
"CR-Pa","Model A","Humidity",63.1577433199457,0.0184806525837558,0.14036849497599
"CR-Pa","Model A","Humidity",63.2483919670755,0.0189360242909445,0.14382723870287
"CR-Pa","Model A","Humidity",63.3390406142053,0.0193965241583661,0.147324933009587
"CR-Pa","Model A","Humidity",63.4296892613351,0.0198617709017626,0.150858681878415
"CR-Pa","Model A","Humidity",63.5203379084648,0.0203322413114006,0.15443210673624
"CR-Pa","Model A","Humidity",63.6109865555946,0.0208068303388826,0.158036814265796
"CR-Pa","Model A","Humidity",63.7016352027244,0.0212840145759012,0.161661233526588
"CR-Pa","Model A","Humidity",63.7922838498542,0.021763348322951,0.165301979239416
"CR-Pa","Model A","Humidity",63.882932496984,0.0222445125171378,0.168956627984542
"CR-Pa","Model A","Humidity",63.9735811441138,0.0227261808973677,0.172615106239245
"CR-Pa","Model A","Humidity",64.0642297912436,0.0232075584354048,0.176271375422559
"CR-Pa","Model A","Humidity",64.1548784383734,0.0236881558139469,0.179921718959381
"CR-Pa","Model A","Humidity",64.2455270855032,0.0241665449348835,0.183555289831104
"CR-Pa","Model A","Humidity",64.3361757326329,0.0246417833151266,0.187164929473818
"CR-Pa","Model A","Humidity",64.4268243797627,0.0251136496037942,0.19074895663249
"CR-Pa","Model A","Humidity",64.5174730268925,0.0255816407553054,0.194303550459845
"CR-Pa","Model A","Humidity",64.6081216740223,0.0260429672987959,0.197807523726415
"CR-Pa","Model A","Humidity",64.6987703211521,0.0264977201219893,0.201261566763501
"CR-Pa","Model A","Humidity",64.7894189682819,0.0269460410136111,0.204666756517383
"CR-Pa","Model A","Humidity",64.8800676154117,0.0273874514601143,0.208019458472117
"CR-Pa","Model A","Humidity",64.9707162625415,0.0278176683680183,0.211287140692863
"CR-Pa","Model A","Humidity",65.0613649096712,0.028238412626857,0.214482874074859
"CR-Pa","Model A","Humidity",65.152013556801,0.0286499465826404,0.217608651248745
"CR-Pa","Model A","Humidity",65.2426622039308,0.029051858708375,0.22066134649023
"CR-Pa","Model A","Humidity",65.3333108510606,0.0294384098707798,0.223597368616726
"CR-Pa","Model A","Humidity",65.4239594981904,0.0298133765478597,0.226445401600913
"CR-Pa","Model A","Humidity",65.5146081453202,0.0301769017340426,0.229206531546898
"CR-Pa","Model A","Humidity",65.60525679245,0.0305286730846323,0.231878386062542
"CR-Pa","Model A","Humidity",65.6959054395798,0.0308617461629674,0.234408219168328
"CR-Pa","Model A","Humidity",65.7865540867096,0.0311820786150239,0.236841281744628
"CR-Pa","Model A","Humidity",65.8772027338393,0.0314895045543896,0.239176313812883
"CR-Pa","Model A","Humidity",65.9678513809691,0.0317832674757386,0.241407569390175
"CR-Pa","Model A","Humidity",66.0585000280989,0.0320573318070906,0.243489205714658
"CR-Pa","Model A","Humidity",66.1491486752287,0.0323179333969212,0.245468586734191
"CR-Pa","Model A","Humidity",66.2397973223585,0.0325650508053052,0.247345549603333
"CR-Pa","Model A","Humidity",66.3304459694883,0.0327974845388622,0.249110983654603
"CR-Pa","Model A","Humidity",66.4210946166181,0.0330106413575215,0.250730001256577
"CR-Pa","Model A","Humidity",66.5117432637479,0.0332105045568653,0.252248048109405
"CR-Pa","Model A","Humidity",66.6023919108777,0.0333971853821683,0.253665969168734
"CR-Pa","Model A","Humidity",66.6930405580074,0.0335691320035809,0.25497197762025
"CR-Pa","Model A","Humidity",66.7836892051372,0.0337234124006965,0.256143803509474
"CR-Pa","Model A","Humidity",66.874337852267,0.0338653423716687,0.257221822606855
"CR-Pa","Model A","Humidity",66.9649864993968,0.033995136644824,0.258207665866271
"CR-Pa","Model A","Humidity",67.0556351465266,0.0341110396068929,0.259087998650795
"CR-Pa","Model A","Humidity",67.1462837936564,0.0342116989366322,0.259852549499677
"CR-Pa","Model A","Humidity",67.2369324407862,0.0343015118790742,0.26053471737783
"CR-Pa","Model A","Humidity",67.327581087916,0.0343807582934674,0.261136627936464
"CR-Pa","Model A","Humidity",67.4182297350457,0.0344476464190269,0.261644671982745
"CR-Pa","Model A","Humidity",67.5088783821755,0.034502107558866,0.262058327734307
"CR-Pa","Model A","Humidity",67.5995270293053,0.034547540753407,0.26240341236326
"CR-Pa","Model A","Humidity",67.6901756764351,0.0345842544260911,0.262682268478126
"CR-Pa","Model A","Humidity",67.7808243235649,0.0346105792933347,0.262882217153027
"CR-Pa","Model A","Humidity",67.8714729706947,0.0346273395344507,0.263009518383881
"CR-Pa","Model A","Humidity",67.9621216178245,0.0346369972694829,0.263082873030055
"CR-Pa","Model A","Humidity",68.0527702649543,0.0346398648415878,0.263104653471994
"CR-Pa","Model A","Humidity",68.1434189120841,0.0346345418364483,0.263064222961394
"CR-Pa","Model A","Humidity",68.2340675592138,0.0346223631787393,0.262971720824595
"CR-Pa","Model A","Humidity",68.3247162063436,0.0346050036076866,0.262839867425422
"CR-Pa","Model A","Humidity",68.4153648534734,0.0345827726419035,0.262671013690702
"CR-Pa","Model A","Humidity",68.5060135006032,0.0345546974735828,0.262457770727257
"CR-Pa","Model A","Humidity",68.596662147733,0.0345222952446768,0.262211661879921
"CR-Pa","Model A","Humidity",68.6873107948628,0.0344866381842095,0.261940831188721
"CR-Pa","Model A","Humidity",68.7779594419926,0.0344480438585833,0.261647690706901
"CR-Pa","Model A","Humidity",68.8686080891224,0.0344061791737059,0.261329710441742
"CR-Pa","Model A","Humidity",68.9592567362521,0.0343624412218105,0.260997501908896
"CR-Pa","Model A","Humidity",69.0499053833819,0.0343174854451066,0.260656043473497
"CR-Pa","Model A","Humidity",69.1405540305117,0.0342716593141704,0.260307974323832
"CR-Pa","Model A","Humidity",69.2312026776415,0.0342255699285565,0.259957905641805
"CR-Pa","Model A","Humidity",69.3218513247713,0.0341801394929669,0.259612841968273
"CR-Pa","Model A","Humidity",69.4124999719011,0.0341357849288032,0.259275950000376
"CR-Pa","Model A","Humidity",69.5031486190309,0.0340929054654345,0.258950262056664
"CR-Pa","Model A","Humidity",69.5937972661607,0.0340534411687975,0.258650513771309
"CR-Pa","Model A","Humidity",69.6844459132905,0.034017349417489,0.258376381416445
"CR-Pa","Model A","Humidity",69.7750945604202,0.0339849914597227,0.258130608827432
"CR-Pa","Model A","Humidity",69.86574320755,0.0339568282383336,0.257916697063108
"CR-Pa","Model A","Humidity",69.9563918546798,0.0339365736329466,0.257762854634566
"CR-Pa","Model A","Humidity",70.0470405018096,0.0339225638750951,0.257656444505613
"CR-Pa","Model A","Humidity",70.1376891489394,0.0339153084684664,0.257601336575614
"CR-Pa","Model A","Humidity",70.2283377960692,0.0339156786844597,0.257604148525114
"CR-Pa","Model A","Humidity",70.318986443199,0.0339284793147369,0.257701374810745
"CR-Pa","Model A","Humidity",70.4096350903288,0.0339507401268671,0.257870455241293
"CR-Pa","Model A","Humidity",70.5002837374585,0.0339829870580363,0.258115384535608
"CR-Pa","Model A","Humidity",70.5909323845883,0.0340267544764375,0.258447816879223
"CR-Pa","Model A","Humidity",70.6815810317181,0.0340873016656785,0.258907698790333
"CR-Pa","Model A","Humidity",70.7722296788479,0.034160497158065,0.259463649997076
"CR-Pa","Model A","Humidity",70.8628783259777,0.0342468240737705,0.260119340004697
"CR-Pa","Model A","Humidity",70.9535269731075,0.0343486708364008,0.260892909916463
"CR-Pa","Model A","Humidity",71.0441756202373,0.0344709492344285,0.261821666875745
"CR-Pa","Model A","Humidity",71.1348242673671,0.0346086477532047,0.262867546276022
"CR-Pa","Model A","Humidity",71.2254729144969,0.0347621410356155,0.264033393690949
"CR-Pa","Model A","Humidity",71.3161215616266,0.0349347381642783,0.265344343024463
"CR-Pa","Model A","Humidity",71.4067702087564,0.0351301719735664,0.266828746757116
"CR-Pa","Model A","Humidity",71.4974188558862,0.035342964546312,0.268444997754909
"CR-Pa","Model A","Humidity",71.588067503016,0.0355733204873076,0.270194650079132
"CR-Pa","Model A","Humidity",71.6787161501458,0.0358253572721227,0.272108977725451
"CR-Pa","Model A","Humidity",71.7693647972756,0.0361009606841487,0.274202304028783
"CR-Pa","Model A","Humidity",71.8600134444054,0.0363946718573698,0.276433166556815
"CR-Pa","Model A","Humidity",71.9506620915352,0.0367064812823998,0.278801493081674
"CR-Pa","Model A","Humidity",72.0413107386649,0.0370410010794995,0.281342314637933
"CR-Pa","Model A","Humidity",72.1319593857947,0.0373979453302484,0.284053459552372
"CR-Pa","Model A","Humidity",72.2226080329245,0.0377723417679841,0.286897161323787
"CR-Pa","Model A","Humidity",72.3132566800543,0.0381639500315061,0.28987159430561
"CR-Pa","Model A","Humidity",72.4039053271841,0.0385773833509458,0.293011797962362
"CR-Pa","Model A","Humidity",72.4945539743139,0.039010313074033,0.296300085179749
"CR-Pa","Model A","Humidity",72.5852026214437,0.0394586119268025,0.29970510753908
"CR-Pa","Model A","Humidity",72.6758512685735,0.0399218233228535,0.303223397070509
"CR-Pa","Model A","Humidity",72.7664999157033,0.0404039535815343,0.306885383490453
"CR-Pa","Model A","Humidity",72.857148562833,0.04090121902208,0.310662328118172
"CR-Pa","Model A","Humidity",72.9477972099628,0.0414105202917866,0.314530690038515
"CR-Pa","Model A","Humidity",73.0384458570926,0.0419312280150109,0.318485688873113
"CR-Pa","Model A","Humidity",73.1290945042224,0.0424661139756431,0.322548377511269
"CR-Pa","Model A","Humidity",73.2197431513522,0.0430108833282462,0.326686134756982
"CR-Pa","Model A","Humidity",73.310391798482,0.04356344781943,0.330883099428718
"CR-Pa","Model A","Humidity",73.4010404456118,0.0441230692654043,0.335133664703493
"CR-Pa","Model A","Humidity",73.4916890927416,0.044690739051472,0.339445360578546
"CR-Pa","Model A","Humidity",73.5823377398713,0.0452627700807179,0.343790181968966
"CR-Pa","Model A","Humidity",73.6729863870011,0.0458378896977343,0.348158462510244
"CR-Pa","Model A","Humidity",73.7636350341309,0.0464153236322253,0.352544321286888
"CR-Pa","Model A","Humidity",73.8542836812607,0.0469939016346976,0.356938869751299
"CR-Pa","Model A","Humidity",73.9449323283905,0.0475716289232635,0.361326956678155
"CR-Pa","Model A","Humidity",74.0355809755203,0.0481477307738832,0.365702697705582
"CR-Pa","Model A","Humidity",74.1262296226501,0.048721465799537,0.370060461680693
"CR-Pa","Model A","Humidity",74.2168782697799,0.0492893307274845,0.374373639742149
"CR-Pa","Model A","Humidity",74.3075269169097,0.0498518903117471,0.378646521439339
"CR-Pa","Model A","Humidity",74.3981755640394,0.0504085013329424,0.382874221244751
"CR-Pa","Model A","Humidity",74.4888242111692,0.0509581801856315,0.387049268252556
"CR-Pa","Model A","Humidity",74.579472858299,0.0514961188969761,0.391135143843721
"CR-Pa","Model A","Humidity",74.6701215054288,0.0520249874005567,0.395152127310694
"CR-Pa","Model A","Humidity",74.7607701525586,0.0525442586011414,0.399096215138767
"CR-Pa","Model A","Humidity",74.8514187996884,0.0530524485057996,0.402956135764167
"CR-Pa","Model A","Humidity",74.9420674468182,0.0535445317613761,0.40669371947097
"CR-Pa","Model A","Humidity",75.032716093948,0.0540245811293689,0.410339900632265
"CR-Pa","Model A","Humidity",75.1233647410778,0.0544922046270067,0.413891701970522
"CR-Pa","Model A","Humidity",75.2140133882075,0.0549452583033055,0.417332839257053
"CR-Pa","Model A","Humidity",75.3046620353373,0.0553793360414196,0.420629846141713
"CR-Pa","Model A","Humidity",75.3953106824671,0.0557992600121751,0.423819349083352
"CR-Pa","Model A","Humidity",75.4859593295969,0.0562047680539493,0.42689935685183
"CR-Pa","Model A","Humidity",75.5766079767267,0.0565929854402359,0.429848034664455
"CR-Pa","Model A","Humidity",75.6672566238565,0.0569606892183118,0.432640902810836
"CR-Pa","Model A","Humidity",75.7579052709863,0.0573129002732685,0.435316097070028
"CR-Pa","Model A","Humidity",75.8485539181161,0.0576494701696721,0.437872490011147
"CR-Pa","Model A","Humidity",75.9392025652458,0.057966795878675,0.44028271508237
"CR-Pa","Model A","Humidity",76.0298512123756,0.058263150219096,0.442533653600692
"CR-Pa","Model A","Humidity",76.1204998595054,0.0585433384084766,0.444661803257483
"CR-Pa","Model A","Humidity",76.2111485066352,0.0588073059371169,0.446666750028159
"CR-Pa","Model A","Humidity",76.301797153765,0.0590507798910863,0.448516039295929
"CR-Pa","Model A","Humidity",76.3924458008948,0.0592736448337479,0.450208794269951
"CR-Pa","Model A","Humidity",76.4830944480246,0.0594802114800387,0.451777756681893
"CR-Pa","Model A","Humidity",76.5737430951544,0.0596705011437016,0.453223088418789
"CR-Pa","Model A","Humidity",76.6643917422842,0.0598396726790465,0.454508018899546
"CR-Pa","Model A","Humidity",76.7550403894139,0.0599891983480256,0.455643730586119
"CR-Pa","Model A","Humidity",76.8456890365437,0.0601227296823566,0.456657958430467
"CR-Pa","Model A","Humidity",76.9363376836735,0.0602403497097228,0.457551333063511
"CR-Pa","Model A","Humidity",77.0269863308033,0.060336785608646,0.458283805141116
"CR-Pa","Model A","Humidity",77.1176349779331,0.060414972398933,0.458877667399488
"CR-Pa","Model A","Humidity",77.2082836250629,0.0604778244570612,0.459355055779883
"CR-Pa","Model A","Humidity",77.2989322721927,0.0605254753813814,0.459716985019163
"CR-Pa","Model A","Humidity",77.3895809193225,0.0605523819729695,0.459921352140348
"CR-Pa","Model A","Humidity",77.4802295664523,0.0605627366025531,0.46
"CR-Pa","Model A","Humidity",77.570878213582,0.060558701632342,0.459969352667973
"CR-Pa","Model A","Humidity",77.6615268607118,0.0605404497378592,0.45983072168904
"CR-Pa","Model A","Humidity",77.7521755078416,0.06050233339816,0.45954121171566
"CR-Pa","Model A","Humidity",77.8428241549714,0.0604495325383492,0.459140166504108
"CR-Pa","Model A","Humidity",77.9334728021012,0.060383488689444,0.458638535101687
"CR-Pa","Model A","Humidity",78.024121449231,0.0603043980409008,0.458037807651594
"CR-Pa","Model A","Humidity",78.1147700963608,0.0602066455393431,0.457295335411417
"CR-Pa","Model A","Humidity",78.2054187434906,0.0600960958393401,0.456455662951847
"CR-Pa","Model A","Humidity",78.2960673906204,0.0599735329004779,0.455524744782699
"CR-Pa","Model A","Humidity",78.3867160377501,0.0598391547075143,0.454504084683257
"CR-Pa","Model A","Humidity",78.4773646848799,0.0596874419930438,0.453351761446703
"CR-Pa","Model A","Humidity",78.5680133320097,0.0595246668480518,0.452115414298328
"CR-Pa","Model A","Humidity",78.6586619791395,0.0593510345832944,0.45079660266152
"CR-Pa","Model A","Humidity",78.7493106262693,0.0591663000167027,0.449393464273143
"CR-Pa","Model A","Humidity",78.8399592733991,0.0589662417693892,0.447873935947201
"CR-Pa","Model A","Humidity",78.9306079205289,0.0587561139969867,0.446277925252713
"CR-Pa","Model A","Humidity",79.0212565676587,0.0585360340922258,0.444606323837896
"CR-Pa","Model A","Humidity",79.1119052147884,0.0583053153888092,0.442853916177255
"CR-Pa","Model A","Humidity",79.2025538619182,0.0580607559786534,0.440996382403477
"CR-Pa","Model A","Humidity",79.293202509048,0.0578066948196218,0.439066678765388
"CR-Pa","Model A","Humidity",79.3838511561778,0.0575431732916205,0.437065119561152
"CR-Pa","Model A","Humidity",79.4744998033076,0.0572690403914214,0.434982962426821
"CR-Pa","Model A","Humidity",79.5651484504374,0.0569817997506872,0.432801246372528
"CR-Pa","Model A","Humidity",79.6557970975672,0.0566851182644122,0.430547823040916
"CR-Pa","Model A","Humidity",79.746445744697,0.056378951525647,0.428222355142127
"CR-Pa","Model A","Humidity",79.8370943918268,0.0560615989653473,0.425811926123772
"CR-Pa","Model A","Humidity",79.9277430389565,0.0557311060911076,0.42330169077645
"CR-Pa","Model A","Humidity",80.0183916860863,0.0553907009046916,0.420716167160188
"CR-Pa","Model A","Humidity",80.1090403332161,0.0550402597046985,0.418054415709708
"CR-Pa","Model A","Humidity",80.1996889803459,0.0546774029373622,0.415298362691991
"CR-Pa","Model A","Humidity",80.2903376274757,0.0543007492485579,0.412437516129079
"CR-Pa","Model A","Humidity",80.3809862746055,0.0539132627982509,0.409494390089201
"CR-Pa","Model A","Humidity",80.4716349217353,0.0535147638052942,0.406467619057319
"CR-Pa","Model A","Humidity",80.5622835688651,0.0531020592699995,0.403332950829207
"CR-Pa","Model A","Humidity",80.6529322159948,0.0526745525472491,0.400085853628898
"CR-Pa","Model A","Humidity",80.7435808631246,0.0522350288930471,0.396747482672188
"CR-Pa","Model A","Humidity",80.8342295102544,0.0517832889880709,0.393316324043198
"CR-Pa","Model A","Humidity",80.9248781573842,0.0513152385594087,0.389761279980418
"CR-Pa","Model A","Humidity",81.015526804514,0.0508313840150628,0.386086196870159
"CR-Pa","Model A","Humidity",81.1061754516438,0.0503343209252319,0.38231078918304
"CR-Pa","Model A","Humidity",81.1968240987736,0.0498238740694933,0.378433726044684
"CR-Pa","Model A","Humidity",81.2874727459034,0.0492950582614118,0.374417142822663
"CR-Pa","Model A","Humidity",81.3781213930332,0.0487497954362149,0.370275637440622
"CR-Pa","Model A","Humidity",81.4687700401629,0.0481904070156494,0.366026842093926
"CR-Pa","Model A","Humidity",81.5594186872927,0.0476167853119975,0.361669938848098
"CR-Pa","Model A","Humidity",81.6500673344225,0.0470232018798439,0.357161417699483
"CR-Pa","Model A","Humidity",81.7407159815523,0.0464131797382584,0.352528037491272
"CR-Pa","Model A","Humidity",81.8313646286821,0.0457886502681471,0.347784467891098
"CR-Pa","Model A","Humidity",81.9220132758119,0.0451496099973417,0.342930682526352
"CR-Pa","Model A","Humidity",82.0126619229417,0.0444898906574629,0.337919830749032
"CR-Pa","Model A","Humidity",82.1033105700715,0.0438145754076103,0.332790521336037
"CR-Pa","Model A","Humidity",82.1939592172012,0.0431251082157203,0.327553721844119
"CR-Pa","Model A","Humidity",82.284607864331,0.042421615195827,0.322210390163541
"CR-Pa","Model A","Humidity",82.3752565114608,0.0416979426994859,0.316713786690989
"CR-Pa","Model A","Humidity",82.4659051585906,0.040960408357332,0.311111896544953
"CR-Pa","Model A","Humidity",82.5565538057204,0.0402099347216776,0.30541172690654
"CR-Pa","Model A","Humidity",82.6472024528502,0.0394467893235549,0.299615309788863
"CR-Pa","Model A","Humidity",82.73785109998,0.0386654122170523,0.293680415014375
"CR-Pa","Model A","Humidity",82.8284997471098,0.0378727352478092,0.287659692928371
"CR-Pa","Model A","Humidity",82.9191483942396,0.0370692192784604,0.281556643980532
"CR-Pa","Model A","Humidity",83.0097970413693,0.0362549008438173,0.275371545668446
"CR-Pa","Model A","Humidity",83.1004456884991,0.0354265840608534,0.26908012388769
"CR-Pa","Model A","Humidity",83.1910943356289,0.0345898247028953,0.262724577123239
"CR-Pa","Model A","Humidity",83.2817429827587,0.0337451570248119,0.256308963270314
"CR-Pa","Model A","Humidity",83.3723916298885,0.0328926101936101,0.249833503864864
"CR-Pa","Model A","Humidity",83.4630402770183,0.0320313162713446,0.243291606545358
"CR-Pa","Model A","Humidity",83.5536889241481,0.03116510743386,0.236712378333499
"CR-Pa","Model A","Humidity",83.6443375712779,0.0302946138166729,0.230100605379217
"CR-Pa","Model A","Humidity",83.7349862184076,0.0294201990418622,0.2234590495484
"CR-Pa","Model A","Humidity",83.8256348655374,0.0285428470755353,0.216795184486309
"CR-Pa","Model A","Humidity",83.9162835126672,0.0276646302339393,0.210124750325031
"CR-Pa","Model A","Humidity",84.006932159797,0.0267862372587909,0.203452978353762
"CR-Pa","Model A","Humidity",84.0975808069268,0.0259087347333627,0.196787969730622
"CR-Pa","Model A","Humidity",84.1882294540566,0.0250342444240942,0.190145840183151
"CR-Pa","Model A","Humidity",84.2788781011864,0.0241632046126208,0.18352991864864
"CR-Pa","Model A","Humidity",84.3695267483162,0.0232963178880297,0.176945541593012
"CR-Pa","Model A","Humidity",84.460175395446,0.0224356970736632,0.170408756817142
"CR-Pa","Model A","Humidity",84.5508240425757,0.0215837364298054,0.163937749756373
"CR-Pa","Model A","Humidity",84.6414726897055,0.0207395092516625,0.157525481689719
"CR-Pa","Model A","Humidity",84.7321213368353,0.0199036832645075,0.151177024277458
"CR-Pa","Model A","Humidity",84.8227699839651,0.0190796805808658,0.144918369934232
"CR-Pa","Model A","Humidity",84.9134186310949,0.0182692654658965,0.138762919011789
"CR-Pa","Model A","Humidity",85.0040672782247,0.0174705225544378,0.132696123488954
"CR-Pa","Model A","Humidity",85.0947159253545,0.0166840368208916,0.126722426497593
"CR-Pa","Model A","Humidity",85.1853645724843,0.0159146740025963,0.120878785402932
"CR-Pa","Model A","Humidity",85.276013219614,0.0151627561602557,0.11516764639436
"CR-Pa","Model A","Humidity",85.3666618667438,0.0144258132918803,0.109570248745747
"CR-Pa","Model A","Humidity",85.4573105138736,0.013704306145728,0.104090092038032
"CR-Pa","Model A","Humidity",85.5479591610034,0.0130045181848916,0.098774901872548
"CR-Pa","Model A","Humidity",85.6386078081332,0.0123247275844672,0.0936116002495155
"CR-Pa","Model A","Humidity",85.729256455263,0.011662344279347,0.0885805145118469
"CR-Pa","Model A","Humidity",85.8199051023928,0.0110176751531616,0.083683975572542
"CR-Pa","Model A","Humidity",85.9105537495226,0.0103982290852068,0.0789790165953877
"CR-Pa","Model A","Humidity",86.0012023966524,0.00979993834681543,0.0744347414338119
"CR-Pa","Model A","Humidity",86.0918510437821,0.0092204720639724,0.0700334460984133
"CR-Pa","Model A","Humidity",86.1824996909119,0.00865996949435879,0.0657761883110994
"CR-Pa","Model A","Humidity",86.2731483380417,0.0081268286694133,0.0617267547281297
"CR-Pa","Model A","Humidity",86.3637969851715,0.00761467148638289,0.0578367009192987
"CR-Pa","Model A","Humidity",86.4544456323013,0.00712170559130793,0.0540924131863543
"CR-Pa","Model A","Humidity",86.5450942794311,0.00664790634985464,0.0504937044209495
"CR-Pa","Model A","Humidity",86.6357429265609,0.00620212827457329,0.0471078284494734
"CR-Pa","Model A","Humidity",86.7263915736907,0.00577603341415716,0.0438714549500771
"CR-Pa","Model A","Humidity",86.8170402208204,0.00536852228581997,0.0407762328787019
"CR-Pa","Model A","Humidity",86.9076888679502,0.00497942631723044,0.0378208818560792
"CR-Pa","Model A","Humidity",86.99833751508,0.00461759022253643,0.0350725812855229
"CR-Pa","Model A","Humidity",87.0889861622098,0.00427330439959897,0.032457582567903
"CR-Pa","Model A","Humidity",87.1796348093396,0.00394618999204546,0.0299730081263268
"CR-Pa","Model A","Humidity",87.2702834564694,0.00363658356061789,0.0276214142842037
"CR-Pa","Model A","Humidity",87.3609321035992,0.00335103438057211,0.0254525456004277
"CR-Pa","Model A","Humidity",87.451580750729,0.00308102456952468,0.0234017050993301
"CR-Pa","Model A","Humidity",87.5422293978588,0.00282620026343507,0.0214662050315165
"CR-Pa","Model A","Humidity",87.6328780449885,0.00258734800046023,0.0196520194921564
"CR-Pa","Model A","Humidity",87.7235266921183,0.0023686532090443,0.0179909386081878
"CR-Pa","Model A","Humidity",87.8141753392481,0.00216322334901781,0.016430610576244
"CR-Pa","Model A","Humidity",87.9048239863779,0.00197067308825037,0.0149681086332707
"CR-Pa","Model A","Humidity",87.9954726335077,0.00179206174653108,0.0136114787681101
"CR-Pa","Model A","Humidity",88.0861212806375,0.00162962794411317,0.012377724263214
"CR-Pa","Model A","Humidity",88.1767699277673,0.00147806865370952,0.0112265663483529
"CR-Pa","Model A","Humidity",88.2674185748971,0.00133700175781121,0.010155102676903
"CR-Pa","Model A","Humidity",88.3580672220268,0.00120759062278238,0.00917216951613907
"CR-Pa","Model A","Humidity",88.4487158691566,0.00109063141360552,0.0082838140811059
"CR-Pa","Model A","Humidity",88.5393645162864,0.00098224387073044,0.00746056413370454
"CR-Pa","Model A","Humidity",88.6300131634162,0.000882075592266658,0.00669974303019784
"CR-Pa","Model A","Humidity",88.720661810546,0.000791257734036126,0.00600994238495613
"CR-Pa","Model A","Humidity",88.8113104576758,0.000709640771587217,0.00539002649553915
"CR-Pa","Model A","Humidity",88.9019591048056,0.000634526188083478,0.00481949896739137
"CR-Pa","Model A","Humidity",88.9926077519354,0.000565608225645764,0.00429603743807844
"CR-Pa","Model A","Humidity",89.0832563990652,0.000503893470683965,0.00382728736377564
"CR-Pa","Model A","Humidity",89.1739050461949,0.000448710304118849,0.00340814750907358
"CR-Pa","Model A","Humidity",89.2645536933247,0.00039827775631115,0.00302509064452358
"CR-Pa","Model A","Humidity",89.3552023404545,0.000352344473223156,0.00267620762823685
"CR-Pa","Model A","Humidity",89.4458509875843,0.000311744194950543,0.00236783107438385
"CR-Pa","Model A","Humidity",89.5364996347141,0.000275601082106542,0.00209330860659399
"CR-Pa","Model A","Humidity",89.6271482818439,0.000242802685420873,0.00184419069479257
"CR-Pa","Model A","Humidity",89.7177969289737,0.000213152313546686,0.00161898338370896
"CR-Pa","Model A","Humidity",89.8084455761035,0.000187299100213499,0.0014226171228626
"CR-Pa","Model A","Humidity",89.8990942232332,0.000164371074800489,0.00124846892082214
"CR-Pa","Model A","Humidity",89.989742870363,0.0001437135184114,0.00109156590632758
"CR-Pa","Model A","Humidity",90.0803915174928,0.000125179443129085,0.000950791643007619
"CR-Pa","Model A","Humidity",90.1710401646226,0.000109246916690011,0.000829777260680895
"CR-Pa","Model A","Humidity",90.2616888117524,9.51613889397694e-05,0.00072279162679793
"CR-Pa","Model A","Humidity",90.3523374588822,8.25624844586562e-05,0.000627097535242171
"CR-Pa","Model A","Humidity",90.442986106012,7.13450572133385e-05,0.000541896356723619
"CR-Pa","Model A","Humidity",90.5336347531418,6.18435751615105e-05,0.000469728519055983
"CR-Pa","Model A","Humidity",90.6242834002716,5.34644378245216e-05,0.000406085371615178
"CR-Pa","Model A","Humidity",90.7149320474014,4.60245260693969e-05,0.000349576045925079
"CR-Pa","Model A","Humidity",90.8055806945311,3.94517159259619e-05,0.000299652729450429
"CR-Pa","Model A","Humidity",90.8962293416609,3.39689831584554e-05,0.000258009018902735
"CR-Pa","Model A","Precipitation",0,4.40392349550203e-07,0.00011184265728378
"CR-Pa","Model A","Precipitation",6.51272015655577,5.50360000453452e-07,0.000139770195772667
"CR-Pa","Model A","Precipitation",13.0254403131115,6.83225497579001e-07,0.000173512903326577
"CR-Pa","Model A","Precipitation",19.5381604696673,8.42673616624602e-07,0.000214006570737408
"CR-Pa","Model A","Precipitation",26.0508806262231,1.03277715041182e-06,0.000262285530168733
"CR-Pa","Model A","Precipitation",32.5636007827789,1.26453750772437e-06,0.000321143714788305
"CR-Pa","Model A","Precipitation",39.0763209393346,1.54506349108068e-06,0.000392386486030267
"CR-Pa","Model A","Precipitation",45.5890410958904,1.87623083987315e-06,0.000476490209295225
"CR-Pa","Model A","Precipitation",52.1017612524462,2.26476861628452e-06,0.000575163806630333
"CR-Pa","Model A","Precipitation",58.614481409002,2.71791284983814e-06,0.000690244950217913
"CR-Pa","Model A","Precipitation",65.1272015655577,3.24340966831906e-06,0.00082370085750855
"CR-Pa","Model A","Precipitation",71.6399217221135,3.87158309416275e-06,0.000983232659668991
"CR-Pa","Model A","Precipitation",78.1526418786693,4.5999098639264e-06,0.00116819954518477
"CR-Pa","Model A","Precipitation",84.665362035225,5.4350391687697e-06,0.00138029015194628
"CR-Pa","Model A","Precipitation",91.1780821917808,6.38740685134122e-06,0.00162215478115427
"CR-Pa","Model A","Precipitation",97.6908023483366,7.46780873154109e-06,0.00189653515433596
"CR-Pa","Model A","Precipitation",104.203522504892,8.69339962766334e-06,0.00220778793314813
"CR-Pa","Model A","Precipitation",110.716242661448,1.0110452680653e-05,0.00256766470921004
"CR-Pa","Model A","Precipitation",117.228962818004,1.16983945718086e-05,0.00297094065371831
"CR-Pa","Model A","Precipitation",123.74168297456,1.34688526423737e-05,0.00342056866252399
"CR-Pa","Model A","Precipitation",130.254403131115,1.54332851824314e-05,0.00391945869900892
"CR-Pa","Model A","Precipitation",136.767123287671,1.76029145455295e-05,0.00447046080778224
"CR-Pa","Model A","Precipitation",143.279843444227,2.00159995057298e-05,0.00508329124063599
"CR-Pa","Model A","Precipitation",149.792563600783,2.26955680632135e-05,0.00576379822071668
"CR-Pa","Model A","Precipitation",156.305283757339,2.56172489419175e-05,0.00650579238465528
"CR-Pa","Model A","Precipitation",162.818003913894,2.8788801323466e-05,0.00731124426507367
"CR-Pa","Model A","Precipitation",169.33072407045,3.22170333195717e-05,0.00818188285954825
"CR-Pa","Model A","Precipitation",175.843444227006,3.59077472852364e-05,0.00911918174227383
"CR-Pa","Model A","Precipitation",182.356164383562,3.99192244009163e-05,0.0101379420833854
"CR-Pa","Model A","Precipitation",188.868884540117,4.42213739098515e-05,0.0112305219921937
"CR-Pa","Model A","Precipitation",195.381604696673,4.8795063837599e-05,0.0123920626856999
"CR-Pa","Model A","Precipitation",201.894324853229,5.36393405667211e-05,0.0136223219818851
"CR-Pa","Model A","Precipitation",208.407045009785,5.87521059286234e-05,0.0149207670269174
"CR-Pa","Model A","Precipitation",214.91976516634,6.41319833949175e-05,0.0162870482357214
"CR-Pa","Model A","Precipitation",221.432485322896,6.98385835299852e-05,0.0177363043906338
"CR-Pa","Model A","Precipitation",227.945205479452,7.57958762154971e-05,0.0192492267764232
"CR-Pa","Model A","Precipitation",234.457925636008,8.19972424032538e-05,0.0208241344103475
"CR-Pa","Model A","Precipitation",240.970645792564,8.84359659002189e-05,0.0224593216386261
"CR-Pa","Model A","Precipitation",247.483365949119,9.51054048754785e-05,0.0241531016925868
"CR-Pa","Model A","Precipitation",253.996086105675,0.000102017908175479,0.0259086107025517
"CR-Pa","Model A","Precipitation",260.508806262231,0.000109187052404803,0.0277292966020166
"CR-Pa","Model A","Precipitation",267.021526418787,0.000116569385465735,0.0296041242354481
"CR-Pa","Model A","Precipitation",273.534246575342,0.000124164508939375,0.0315329924198248
"CR-Pa","Model A","Precipitation",280.046966731898,0.000131974271796406,0.0335163707223286
"CR-Pa","Model A","Precipitation",286.559686888454,0.000140002983651105,0.0355553536186311
"CR-Pa","Model A","Precipitation",293.07240704501,0.000148298677433806,0.0376621396189269
"CR-Pa","Model A","Precipitation",299.585127201566,0.000156867525697457,0.0398382963133997
"CR-Pa","Model A","Precipitation",306.097847358121,0.000165705909258874,0.0420829045692238
"CR-Pa","Model A","Precipitation",312.610567514677,0.000174838128819844,0.0444021358266263
"CR-Pa","Model A","Precipitation",319.123287671233,0.000184292655481941,0.0468032206463997
"CR-Pa","Model A","Precipitation",325.636007827789,0.000194102211429409,0.0492944692002387
"CR-Pa","Model A","Precipitation",332.148727984344,0.000204419353880178,0.0519146251326653
"CR-Pa","Model A","Precipitation",338.6614481409,0.000215218925377549,0.0546572994207765
"CR-Pa","Model A","Precipitation",345.174168297456,0.000226543778875052,0.0575333750606096
"CR-Pa","Model A","Precipitation",351.686888454012,0.000238450526922259,0.0605572294544661
"CR-Pa","Model A","Precipitation",358.199608610568,0.000250999303732721,0.0637441343713578
"CR-Pa","Model A","Precipitation",364.712328767123,0.000264297611632852,0.0671213912525177
"CR-Pa","Model A","Precipitation",371.225048923679,0.000278572405314705,0.0707466378290914
"CR-Pa","Model A","Precipitation",377.737769080235,0.00029374263030622,0.0745992893939444
"CR-Pa","Model A","Precipitation",384.250489236791,0.000309880615009675,0.0786977145693201
"CR-Pa","Model A","Precipitation",390.763209393346,0.000327058801826019,0.083060310928724
"CR-Pa","Model A","Precipitation",397.275929549902,0.000345349319972485,0.0877053965090874
"CR-Pa","Model A","Precipitation",403.788649706458,0.00036499643073984,0.0926950042495807
"CR-Pa","Model A","Precipitation",410.301369863014,0.00038610664923538,0.0980561848758878
"CR-Pa","Model A","Precipitation",416.814090019569,0.000408578849847827,0.103763256386275
"CR-Pa","Model A","Precipitation",423.326810176125,0.000432469423240156,0.109830539832411
"CR-Pa","Model A","Precipitation",429.839530332681,0.000457829551703195,0.116271033540491
"CR-Pa","Model A","Precipitation",436.352250489237,0.000484704755542939,0.123096297911114
"CR-Pa","Model A","Precipitation",442.864970645793,0.000513474857630505,0.130402793292075
"CR-Pa","Model A","Precipitation",449.377690802348,0.00054392870300372,0.138136894473734
"CR-Pa","Model A","Precipitation",455.890410958904,0.000575987662259057,0.146278632622754
"CR-Pa","Model A","Precipitation",462.40313111546,0.00060965152945472,0.154827955437868
"CR-Pa","Model A","Precipitation",468.915851272016,0.000644910361485346,0.163782337754126
"CR-Pa","Model A","Precipitation",475.428571428571,0.000681779358496814,0.173145639821843
"CR-Pa","Model A","Precipitation",481.941291585127,0.000720546519684736,0.182991002319703
"CR-Pa","Model A","Precipitation",488.454011741683,0.000760762434711523,0.19320429236956
"CR-Pa","Model A","Precipitation",494.966731898239,0.0008023543652469,0.203767037243285
"CR-Pa","Model A","Precipitation",501.479452054794,0.000845237945733711,0.214657811345938
"CR-Pa","Model A","Precipitation",507.99217221135,0.000889317176733637,0.225852234525842
"CR-Pa","Model A","Precipitation",514.504892367906,0.000934576034485674,0.237346237366233
"CR-Pa","Model A","Precipitation",521.017612524462,0.000980878686117353,0.249105323560762
"CR-Pa","Model A","Precipitation",527.530332681018,0.0010278961981781,0.261045956710083
"CR-Pa","Model A","Precipitation",534.043052837573,0.00107546851092105,0.273127487816926
"CR-Pa","Model A","Precipitation",540.555772994129,0.00112342582712329,0.285306794940983
"CR-Pa","Model A","Precipitation",547.068493150685,0.00117158901795283,0.297538386273448
"CR-Pa","Model A","Precipitation",553.581213307241,0.00121971372010714,0.309760202968096
"CR-Pa","Model A","Precipitation",560.093933463796,0.00126750188322691,0.321896551738651
"CR-Pa","Model A","Precipitation",566.606653620352,0.00131474464210924,0.333894388885945
"CR-Pa","Model A","Precipitation",573.119373776908,0.00136122706350103,0.345699129660282
"CR-Pa","Model A","Precipitation",579.632093933464,0.00140673191463336,0.357255605323725
"CR-Pa","Model A","Precipitation",586.14481409002,0.00145104052923913,0.36850828308512
"CR-Pa","Model A","Precipitation",592.657534246575,0.00149346798699304,0.379283219620323
"CR-Pa","Model A","Precipitation",599.170254403131,0.00153409782009926,0.389601628884783
"CR-Pa","Model A","Precipitation",605.682974559687,0.00157273948123044,0.399415119212635
"CR-Pa","Model A","Precipitation",612.195694716243,0.00160919777916083,0.408674119567076
"CR-Pa","Model A","Precipitation",618.708414872798,0.00164328664104519,0.417331374627979
"CR-Pa","Model A","Precipitation",625.221135029354,0.00167463387556227,0.425292362166633
"CR-Pa","Model A","Precipitation",631.73385518591,0.0017026584651801,0.432409526157667
"CR-Pa","Model A","Precipitation",638.246575342466,0.00172774556920942,0.438780682198548
"CR-Pa","Model A","Precipitation",644.759295499022,0.00174978770307514,0.444378533356191
"CR-Pa","Model A","Precipitation",651.272015655577,0.0017686946546064,0.449180169221463
"CR-Pa","Model A","Precipitation",657.784735812133,0.00178439387598935,0.45316716545005
"CR-Pa","Model A","Precipitation",664.297455968689,0.00179633649057219,0.456200128559479
"CR-Pa","Model A","Precipitation",670.810176125245,0.00180459328267144,0.458297035033817
"CR-Pa","Model A","Precipitation",677.3228962818,0.00180956993956929,0.459560913782877
"CR-Pa","Model A","Precipitation",683.835616438356,0.00181129888821474,0.46
"CR-Pa","Model A","Precipitation",690.348336594912,0.00180982945791967,0.459626821426252
"CR-Pa","Model A","Precipitation",696.861056751468,0.00180522737465349,0.458458069920792
"CR-Pa","Model A","Precipitation",703.373776908024,0.00179691593842786,0.456347285947662
"CR-Pa","Model A","Precipitation",709.886497064579,0.00178562162742845,0.45347896692338
"CR-Pa","Model A","Precipitation",716.399217221135,0.00177159325256204,0.449916301213962
"CR-Pa","Model A","Precipitation",722.911937377691,0.00175496669465537,0.445693797304293
"CR-Pa","Model A","Precipitation",729.424657534247,0.00173588536004034,0.44084787486707
"CR-Pa","Model A","Precipitation",735.937377690802,0.00171441773479869,0.435395926723441
"CR-Pa","Model A","Precipitation",742.450097847358,0.00169038805612631,0.429293315905749
"CR-Pa","Model A","Precipitation",748.962818003914,0.00166448677016855,0.422715389083129
"CR-Pa","Model A","Precipitation",755.47553816047,0.00163687343161615,0.415702666988088
"CR-Pa","Model A","Precipitation",761.988258317025,0.00160770594626858,0.408295251598403
"CR-Pa","Model A","Precipitation",768.500978473581,0.00157713997297311,0.400532674252721
"CR-Pa","Model A","Precipitation",775.013698630137,0.00154520693895277,0.392422916252574
"CR-Pa","Model A","Precipitation",781.526418786693,0.00151209537864341,0.384013858067088
"CR-Pa","Model A","Precipitation",788.039138943249,0.00147812583415277,0.375386905018442
"CR-Pa","Model A","Precipitation",794.551859099804,0.00144342851808253,0.36657512608115
"CR-Pa","Model A","Precipitation",801.06457925636,0.00140812833212102,0.357610241462742
"CR-Pa","Model A","Precipitation",807.577299412916,0.00137234488091041,0.348522626125493
"CR-Pa","Model A","Precipitation",814.090019569472,0.00133615344917432,0.339331399483152
"CR-Pa","Model A","Precipitation",820.602739726027,0.00129975069357762,0.33008650473749
"CR-Pa","Model A","Precipitation",827.115459882583,0.00126325847796262,0.320818890600408
"CR-Pa","Model A","Precipitation",833.628180039139,0.00122677063031987,0.31155238575967
"CR-Pa","Model A","Precipitation",840.140900195695,0.00119037769549276,0.302309985110393
"CR-Pa","Model A","Precipitation",846.65362035225,0.00115416940747238,0.293114477622508
"CR-Pa","Model A","Precipitation",853.166340508806,0.00111833700285864,0.284014430010506
"CR-Pa","Model A","Precipitation",859.679060665362,0.0010829117314021,0.275017778504762
"CR-Pa","Model A","Precipitation",866.191780821918,0.00104797154505519,0.266144319892188
"CR-Pa","Model A","Precipitation",872.704500978474,0.00101359302357295,0.257413502474517
"CR-Pa","Model A","Precipitation",879.217221135029,0.000979851411307318,0.248844435412655
"CR-Pa","Model A","Precipitation",885.729941291585,0.00094689166753505,0.240473932767347
"CR-Pa","Model A","Precipitation",892.242661448141,0.000914898938173469,0.232349014454814
"CR-Pa","Model A","Precipitation",898.755381604697,0.000883810073447334,0.224453642869776
"CR-Pa","Model A","Precipitation",905.268101761252,0.000853691574960831,0.21680470685268
"CR-Pa","Model A","Precipitation",911.780821917808,0.000824607730261793,0.209418532959125
"CR-Pa","Model A","Precipitation",918.293542074364,0.000796620421392165,0.202310836839067
"CR-Pa","Model A","Precipitation",924.80626223092,0.000769995089112403,0.195549030199434
"CR-Pa","Model A","Precipitation",931.318982387475,0.000744738393586109,0.189134804464692
"CR-Pa","Model A","Precipitation",937.831702544031,0.000720775031831444,0.183049035584212
"CR-Pa","Model A","Precipitation",944.344422700587,0.000698146089955128,0.177302157843143
"CR-Pa","Model A","Precipitation",950.857142857143,0.000676887812249137,0.171903375892587
"CR-Pa","Model A","Precipitation",957.369863013699,0.000657031373483652,0.166860606920799
"CR-Pa","Model A","Precipitation",963.882583170254,0.000638958801390132,0.162270871224989
"CR-Pa","Model A","Precipitation",970.39530332681,0.000622371423494223,0.158058317525672
"CR-Pa","Model A","Precipitation",976.908023483366,0.000607237171699582,0.154214801764231
"CR-Pa","Model A","Precipitation",983.420743639922,0.000593551968271676,0.150739288353497
"CR-Pa","Model A","Precipitation",989.933463796477,0.000581304960201169,0.147629021048036
"CR-Pa","Model A","Precipitation",996.446183953033,0.000570554428679996,0.144898801020896
"CR-Pa","Model A","Precipitation",1002.95890410959,0.000561477431478645,0.142593594111209
"CR-Pa","Model A","Precipitation",1009.47162426614,0.000553725808165044,0.140624981008503
"CR-Pa","Model A","Precipitation",1015.9843444227,0.000547249289233477,0.13898019519877
"CR-Pa","Model A","Precipitation",1022.49706457926,0.000541991234521889,0.137644852267204
"CR-Pa","Model A","Precipitation",1029.00978473581,0.000537888821716808,0.136602997771176
"CR-Pa","Model A","Precipitation",1035.52250489237,0.000535003011837731,0.135870113456493
"CR-Pa","Model A","Precipitation",1042.03522504892,0.000533212427166289,0.135415374067968
"CR-Pa","Model A","Precipitation",1048.54794520548,0.000532285154433566,0.135179882587336
"CR-Pa","Model A","Precipitation",1055.06066536204,0.000532131159836104,0.135140773903897
"CR-Pa","Model A","Precipitation",1061.57338551859,0.000532657668556968,0.135274486795332
"CR-Pa","Model A","Precipitation",1068.08610567515,0.000533769602375565,0.135556875063709
"CR-Pa","Model A","Precipitation",1074.5988258317,0.000535439934292574,0.135981074894462
"CR-Pa","Model A","Precipitation",1081.11154598826,0.000537455349068078,0.136492912450794
"CR-Pa","Model A","Precipitation",1087.62426614481,0.000539694695169957,0.137061619920095
"CR-Pa","Model A","Precipitation",1094.13698630137,0.000542064922831817,0.137663566253497
"CR-Pa","Model A","Precipitation",1100.64970645793,0.00054447582864114,0.138275843266145
"CR-Pa","Model A","Precipitation",1107.16242661448,0.000546836820798091,0.138875444137798
"CR-Pa","Model A","Precipitation",1113.67514677104,0.000549001038112551,0.139425071795127
"CR-Pa","Model A","Precipitation",1120.18786692759,0.000550912098949902,0.139910407479315
"CR-Pa","Model A","Precipitation",1126.70058708415,0.000552508054008005,0.140315718458913
"CR-Pa","Model A","Precipitation",1133.2133072407,0.000553733522812143,0.140626940231074
"CR-Pa","Model A","Precipitation",1139.72602739726,0.000554539841130908,0.140831713959499
"CR-Pa","Model A","Precipitation",1146.23874755382,0.000554833321677767,0.140906246689814
"CR-Pa","Model A","Precipitation",1152.75146771037,0.000554537738996517,0.140831180098508
"CR-Pa","Model A","Precipitation",1159.26418786693,0.000553715142407721,0.14062227231785
"CR-Pa","Model A","Precipitation",1165.77690802348,0.000552356353487139,0.140277192382377
"CR-Pa","Model A","Precipitation",1172.28962818004,0.000550458302719731,0.139795160753754
"CR-Pa","Model A","Precipitation",1178.80234833659,0.000548023762336718,0.139176881471703
"CR-Pa","Model A","Precipitation",1185.31506849315,0.00054496985289965,0.138401306358069
"CR-Pa","Model A","Precipitation",1191.82778864971,0.000541371466183808,0.137487455032892
"CR-Pa","Model A","Precipitation",1198.34050880626,0.000537297419286633,0.136452804382525
"CR-Pa","Model A","Precipitation",1204.85322896282,0.000532772732254394,0.135303708532927
"CR-Pa","Model A","Precipitation",1211.36594911937,0.000527824070140691,0.134046939378418
"CR-Pa","Model A","Precipitation",1217.87866927593,0.000522479301585376,0.132689574477771
"CR-Pa","Model A","Precipitation",1224.39138943249,0.000516683066124639,0.131217554410135
"CR-Pa","Model A","Precipitation",1230.90410958904,0.000510563322499306,0.129663375756369
"CR-Pa","Model A","Precipitation",1237.4168297456,0.000504147499863296,0.128034004462781
"CR-Pa","Model A","Precipitation",1243.92954990215,0.000497457890138217,0.126335101816973
"CR-Pa","Model A","Precipitation",1250.44227005871,0.000490514403512258,0.124571724238196
"CR-Pa","Model A","Precipitation",1256.95499021526,0.000483318801057523,0.122744318970786
"CR-Pa","Model A","Precipitation",1263.46771037182,0.000475861339969638,0.120850411718511
"CR-Pa","Model A","Precipitation",1269.98043052838,0.000468195345018344,0.118903544914507
"CR-Pa","Model A","Precipitation",1276.49315068493,0.000460324825686193,0.116904736812572
"CR-Pa","Model A","Precipitation",1283.00587084149,0.000452251484595693,0.114854419813101
"CR-Pa","Model A","Precipitation",1289.51859099804,0.000443974928224222,0.112752493976538
"CR-Pa","Model A","Precipitation",1296.0313111546,0.000435460929070289,0.110590266838713
"CR-Pa","Model A","Precipitation",1302.54403131115,0.000426709567104488,0.108367758709071
"CR-Pa","Model A","Precipitation",1309.05675146771,0.000417740921788157,0.106090068995709
"CR-Pa","Model A","Precipitation",1315.56947162427,0.000408551268747559,0.103756251851459
"CR-Pa","Model A","Precipitation",1322.08219178082,0.000399138008155408,0.101365647020549
"CR-Pa","Model A","Precipitation",1328.59491193738,0.000389499979738566,0.0989179598383868
"CR-Pa","Model A","Precipitation",1335.10763209393,0.00037958866236011,0.0964008678091504
"CR-Pa","Model A","Precipitation",1341.62035225049,0.000369455088708566,0.0938273312658224
"CR-Pa","Model A","Precipitation",1348.13307240704,0.000359119447199994,0.0912024772867924
"CR-Pa","Model A","Precipitation",1354.6457925636,0.000348596396821405,0.0885300286889124
"CR-Pa","Model A","Precipitation",1361.15851272016,0.000337903923222942,0.0858145531330584
"CR-Pa","Model A","Precipitation",1367.67123287671,0.00032705901672757,0.0830603655054226
"CR-Pa","Model A","Precipitation",1374.18395303327,0.000316078580088131,0.0802717584527675
"CR-Pa","Model A","Precipitation",1380.69667318982,0.000305028865410308,0.0774655574525514
"CR-Pa","Model A","Precipitation",1387.20939334638,0.000293944332359374,0.0746505139295826
"CR-Pa","Model A","Precipitation",1393.72211350294,0.000282861072790764,0.0718357938219664
"CR-Pa","Model A","Precipitation",1400.23483365949,0.000271816496089245,0.0690308976694016
"CR-Pa","Model A","Precipitation",1406.74755381605,0.000260865172388906,0.0662496841794949
"CR-Pa","Model A","Precipitation",1413.2602739726,0.000250070209962492,0.063508180417493
"CR-Pa","Model A","Precipitation",1419.77299412916,0.000239455682267744,0.0608125001124072
"CR-Pa","Model A","Precipitation",1426.28571428571,0.000229056303974634,0.0581714594503961
"CR-Pa","Model A","Precipitation",1432.79843444227,0.000218904583933842,0.0555933144246644
"CR-Pa","Model A","Precipitation",1439.31115459883,0.000209030549867178,0.0530856909174574
"CR-Pa","Model A","Precipitation",1445.82387475538,0.000199528523109198,0.050672542906872
"CR-Pa","Model A","Precipitation",1452.33659491194,0.000190389024141356,0.0483514629611151
"CR-Pa","Model A","Precipitation",1458.84931506849,0.000181603768324876,0.0461203471017307
"CR-Pa","Model A","Precipitation",1465.36203522505,0.000173182899605635,0.0439817714994079
"CR-Pa","Model A","Precipitation",1471.8747553816,0.00016513283704776,0.0419373663486531
"CR-Pa","Model A","Precipitation",1478.38747553816,0.000157459201151049,0.0399885590394595
"CR-Pa","Model A","Precipitation",1484.90019569472,0.000150252117497634,0.0381582379907681
"CR-Pa","Model A","Precipitation",1491.41291585127,0.000143404366658213,0.0364191736062929
"CR-Pa","Model A","Precipitation",1497.92563600783,0.000136904343465188,0.0347684186214331
"CR-Pa","Model A","Precipitation",1504.43835616438,0.000130738483593776,0.0332025282212877
"CR-Pa","Model A","Precipitation",1510.95107632094,0.000124891527347657,0.031717627032028
"CR-Pa","Model A","Precipitation",1517.46379647749,0.000119370820035444,0.0303155804785069
"CR-Pa","Model A","Precipitation",1523.97651663405,0.000114176069114423,0.0289963142661675
"CR-Pa","Model A","Precipitation",1530.48923679061,0.000109234570816967,0.0277413644444569
"CR-Pa","Model A","Precipitation",1537.00195694716,0.000104529221722581,0.0265463874047752
"CR-Pa","Model A","Precipitation",1543.51467710372,0.000100043897770438,0.0254072882580743
"CR-Pa","Model A","Precipitation",1550.02739726027,9.57636451485812e-05,0.0243202693133464
"CR-Pa","Model A","Precipitation",1556.54011741683,9.17041211780122e-05,0.0232893069257405
"CR-Pa","Model A","Precipitation",1563.05283757339,8.78381496746139e-05,0.0223074993935137
"CR-Pa","Model A","Precipitation",1569.56555772994,8.41397748978701e-05,0.0213682549604876
"CR-Pa","Model A","Precipitation",1576.0782778865,8.06046814471206e-05,0.0204704776814723
"CR-Pa","Model A","Precipitation",1582.59099804305,7.72306233686827e-05,0.0196135971709282
"CR-Pa","Model A","Precipitation",1589.10371819961,7.4017407008912e-05,0.0187975642483047
"CR-Pa","Model A","Precipitation",1595.61643835616,7.10092029589912e-05,0.0180335965387416
"CR-Pa","Model A","Precipitation",1602.12915851272,6.81771307133057e-05,0.0173143595086238
"CR-Pa","Model A","Precipitation",1608.64187866928,6.55250403598739e-05,0.0166408309316913
"CR-Pa","Model A","Precipitation",1615.15459882583,6.30617380262327e-05,0.016015247224415
"CR-Pa","Model A","Precipitation",1621.66731898239,6.07968935132085e-05,0.0154400641429424
"CR-Pa","Model A","Precipitation",1628.18003913894,5.87533387832743e-05,0.0149210801244096
"CR-Pa","Model A","Precipitation",1634.6927592955,5.69822511125988e-05,0.0144712922214789
"CR-Pa","Model A","Precipitation",1641.20547945205,5.54490373821429e-05,0.014081915117237
"CR-Pa","Model A","Precipitation",1647.71819960861,5.41632116276825e-05,0.0137553650095213
"CR-Pa","Model A","Precipitation",1654.23091976517,5.31333122176057e-05,0.0134938103143146
"CR-Pa","Model A","Precipitation",1660.74363992172,5.23667487568062e-05,0.013299132785243
"CR-Pa","Model A","Precipitation",1667.25636007828,5.19066110091018e-05,0.0131822755590164
"CR-Pa","Model A","Precipitation",1673.76908023483,5.1757468224697e-05,0.0131443990488101
"CR-Pa","Model A","Precipitation",1680.28180039139,5.18821868618497e-05,0.0131760727684063
"CR-Pa","Model A","Precipitation",1686.79452054795,5.22778913133277e-05,0.0132765664245689
"CR-Pa","Model A","Precipitation",1693.3072407045,5.29395137218388e-05,0.013444592977169
"CR-Pa","Model A","Precipitation",1699.81996086106,5.38597602864149e-05,0.0136783000823073
"CR-Pa","Model A","Precipitation",1706.33268101761,5.50774247539424e-05,0.013987539854223
"CR-Pa","Model A","Precipitation",1712.84540117417,5.65332803511905e-05,0.0143572709787169
"CR-Pa","Model A","Precipitation",1719.35812133072,5.81961421335874e-05,0.0147795736836318
"CR-Pa","Model A","Precipitation",1725.87084148728,6.00466042360892e-05,0.0152495196283289
"CR-Pa","Model A","Precipitation",1732.38356164384,6.2063562501193e-05,0.0157617491714399
"CR-Pa","Model A","Precipitation",1738.89628180039,6.42269317220206e-05,0.0163111614457231
"CR-Pa","Model A","Precipitation",1745.40900195695,6.65263332400038e-05,0.0168951206725268
"CR-Pa","Model A","Precipitation",1751.9217221135,6.89001268452244e-05,0.0174979726178939
"CR-Pa","Model A","Precipitation",1758.43444227006,7.1321675073974e-05,0.0181129523942701
"CR-Pa","Model A","Precipitation",1764.94716242661,7.37643642555988e-05,0.0187333011566187
"CR-Pa","Model A","Precipitation",1771.45988258317,7.62017928123927e-05,0.0193523139233247
"CR-Pa","Model A","Precipitation",1777.97260273973,7.86009469546053e-05,0.0199616064661504
"CR-Pa","Model A","Precipitation",1784.48532289628,8.09208261972474e-05,0.0205507662445607
"CR-Pa","Model A","Precipitation",1790.99804305284,8.31455719912149e-05,0.0211157657992359
"CR-Pa","Model A","Precipitation",1797.51076320939,8.52554025540566e-05,0.0216515813210263
"CR-Pa","Model A","Precipitation",1804.02348336595,8.72324956057603e-05,0.0221536866387633
"CR-Pa","Model A","Precipitation",1810.5362035225,8.90610994493619e-05,0.0226180814294462
"CR-Pa","Model A","Precipitation",1817.04892367906,9.06954638827417e-05,0.0230331469077317
"CR-Pa","Model A","Precipitation",1823.56164383562,9.2138156073139e-05,0.0233995350350036
"CR-Pa","Model A","Precipitation",1830.07436399217,9.33990436931845e-05,0.0237197518192101
"CR-Pa","Model A","Precipitation",1836.58708414873,9.44760621762781e-05,0.0239932729401287
"CR-Pa","Model A","Precipitation",1843.09980430528,9.53694648355225e-05,0.0242201627295093
"CR-Pa","Model A","Precipitation",1849.61252446184,9.60817644138354e-05,0.0244010593270592
"CR-Pa","Model A","Precipitation",1856.1252446184,9.65753052865302e-05,0.0245263996576456
"CR-Pa","Model A","Precipitation",1862.63796477495,9.69058435578373e-05,0.0246103436195122
"CR-Pa","Model A","Precipitation",1869.15068493151,9.70854184358953e-05,0.0246559487068029
"CR-Pa","Model A","Precipitation",1875.66340508806,9.71256787175892e-05,0.0246661732642736
"CR-Pa","Model A","Precipitation",1882.17612524462,9.7039061232443e-05,0.0246441757665517
"CR-Pa","Model A","Precipitation",1888.68884540117,9.68318579775023e-05,0.0245915541380105
"CR-Pa","Model A","Precipitation",1895.20156555773,9.65115333962476e-05,0.0245102040591605
"CR-Pa","Model A","Precipitation",1901.71428571429,9.61130170412248e-05,0.0244089962880393
"CR-Pa","Model A","Precipitation",1908.22700587084,9.56480709963076e-05,0.0242909179399249
"CR-Pa","Model A","Precipitation",1914.7397260274,9.51274911445112e-05,0.0241587107523732
"CR-Pa","Model A","Precipitation",1921.25244618395,9.45609892664547e-05,0.024014841142779
"CR-Pa","Model A","Precipitation",1927.76516634051,9.39527678587639e-05,0.0238603763830653
"CR-Pa","Model A","Precipitation",1934.27788649706,9.33127324961141e-05,0.0236978321068365
"CR-Pa","Model A","Precipitation",1940.79060665362,9.26480359950633e-05,0.0235290248533937
"CR-Pa","Model A","Precipitation",1947.30332681018,9.19599590424407e-05,0.0233542798677562
"CR-Pa","Model A","Precipitation",1953.81604696673,9.12482731224393e-05,0.0231735391157297
"CR-Pa","Model A","Precipitation",1960.32876712329,9.05112785519084e-05,0.0229863709434032
"CR-Pa","Model A","Precipitation",1966.84148727984,8.97371619536656e-05,0.0227897752089782
"CR-Pa","Model A","Precipitation",1973.3542074364,8.89239058151587e-05,0.0225832395421442
"CR-Pa","Model A","Precipitation",1979.86692759295,8.80658350572746e-05,0.022365322691869
"CR-Pa","Model A","Precipitation",1986.37964774951,8.71555760411048e-05,0.0221341520384984
"CR-Pa","Model A","Precipitation",1992.89236790607,8.61853856119524e-05,0.0218877611196313
"CR-Pa","Model A","Precipitation",1999.40508806262,8.51441366361458e-05,0.0216233240728317
"CR-Pa","Model A","Precipitation",2005.91780821918,8.40057490448168e-05,0.0213342175673187
"CR-Pa","Model A","Precipitation",2012.43052837573,8.27790801848167e-05,0.0210226910272918
"CR-Pa","Model A","Precipitation",2018.94324853229,8.14581400442013e-05,0.0206872232209366
"CR-Pa","Model A","Precipitation",2025.45596868885,8.00378861956815e-05,0.0203265335663633
"CR-Pa","Model A","Precipitation",2031.9686888454,7.85143083249946e-05,0.0199396035985507
"CR-Pa","Model A","Precipitation",2038.48140900196,7.68717669705162e-05,0.019522461497942
"CR-Pa","Model A","Precipitation",2044.99412915851,7.5106167012609e-05,0.0190740672622243
"CR-Pa","Model A","Precipitation",2051.50684931507,7.32356543487028e-05,0.0185990292488985
"CR-Pa","Model A","Precipitation",2058.01956947162,7.12637625434685e-05,0.0180982448469924
"CR-Pa","Model A","Precipitation",2064.53228962818,6.91953792963354e-05,0.0175729553434919
"CR-Pa","Model A","Precipitation",2071.04500978474,6.70367193531326e-05,0.0170247390439435
"CR-Pa","Model A","Precipitation",2077.55772994129,6.478203782659e-05,0.0164521369687378
"CR-Pa","Model A","Precipitation",2084.07045009785,6.24558235658855e-05,0.0158613683402765
"CR-Pa","Model A","Precipitation",2090.5831702544,6.00750932182856e-05,0.015256754730109
"CR-Pa","Model A","Precipitation",2097.09589041096,5.76518177092335e-05,0.0146413362912103
"CR-Pa","Model A","Precipitation",2103.60861056751,5.51985228442544e-05,0.0140182940946777
"CR-Pa","Model A","Precipitation",2110.12133072407,5.2728201527201e-05,0.0133909278365531
"CR-Pa","Model A","Precipitation",2116.63405088063,5.02595626820603e-05,0.0127639888613495
"CR-Pa","Model A","Precipitation",2123.14677103718,4.78102184592171e-05,0.0121419499754214
"CR-Pa","Model A","Precipitation",2129.65949119374,4.53929257565549e-05,0.0115280509384046
"CR-Pa","Model A","Precipitation",2136.17221135029,4.30199187272044e-05,0.0109253987529461
"CR-Pa","Model A","Precipitation",2142.68493150685,4.07028229244075e-05,0.0103369458608135
"CR-Pa","Model A","Precipitation",2149.1976516634,3.84596328426308e-05,0.00976726216899921
"CR-Pa","Model A","Precipitation",2155.71037181996,3.63118556474835e-05,0.00922180966737397
"CR-Pa","Model A","Precipitation",2162.22309197652,3.42543328822397e-05,0.00869927830704999
"CR-Pa","Model A","Precipitation",2168.73581213307,3.22930993376969e-05,0.00820120069194203
"CR-Pa","Model A","Precipitation",2175.24853228963,3.04329904619482e-05,0.00772880483921352
"CR-Pa","Model A","Precipitation",2181.76125244618,2.86776279031055e-05,0.00728301050768634
"CR-Pa","Model A","Precipitation",2188.27397260274,2.70473005550023e-05,0.00686897029322639
"CR-Pa","Model A","Precipitation",2194.7866927593,2.55352207378982e-05,0.0064849603871896
"CR-Pa","Model A","Precipitation",2201.29941291585,2.4128380740062e-05,0.00612767733290446
"CR-Pa","Model A","Precipitation",2207.81213307241,2.28237994097297e-05,0.00579636403289777
"CR-Pa","Model A","Precipitation",2214.32485322896,2.16175651574199e-05,0.00549002709443181
"CR-Pa","Model A","Precipitation",2220.83757338552,2.050489506383e-05,0.00520745184062827
"CR-Pa","Model A","Precipitation",2227.35029354207,1.94990392058943e-05,0.00495200327956473
"CR-Pa","Model A","Precipitation",2233.86301369863,1.85714738604674e-05,0.00471643748660116
"CR-Pa","Model A","Precipitation",2240.37573385519,1.77129113093046e-05,0.0044983957398168
"CR-Pa","Model A","Precipitation",2246.88845401174,1.69159422590104e-05,0.00429599636469399
"CR-Pa","Model A","Precipitation",2253.4011741683,1.61731002860751e-05,0.00410734317787122
"CR-Pa","Model A","Precipitation",2259.91389432485,1.54789784797623e-05,0.00393106303273263
"CR-Pa","Model A","Precipitation",2266.42661448141,1.48290993676518e-05,0.00376601882411752
"CR-Pa","Model A","Precipitation",2272.93933463796,1.42072577895733e-05,0.00360809506687495
"CR-Pa","Model A","Precipitation",2279.45205479452,1.36076612061701e-05,0.0034558206796051
"CR-Pa","Model A","Precipitation",2285.96477495108,1.30250810425296e-05,0.00330786780610737
"CR-Pa","Model A","Precipitation",2292.47749510763,1.24548801937411e-05,0.00316305880073044
"CR-Pa","Model A","Precipitation",2298.99021526419,1.18935932204152e-05,0.0030205135756382
"CR-Pa","Model A","Precipitation",2305.50293542074,1.13368921684153e-05,0.00287913299754246
"CR-Pa","Model A","Precipitation",2312.0156555773,1.07821519224128e-05,0.00273825038848137
"CR-Pa","Model A","Precipitation",2318.52837573386,1.02284006135677e-05,0.00259761893128448
"CR-Pa","Model A","Precipitation",2325.04109589041,9.67523034660293e-06,0.0024571350362965
"CR-Pa","Model A","Precipitation",2331.55381604697,9.12276921928763e-06,0.00231683123540613
"CR-Pa","Model A","Precipitation",2338.06653620352,8.5724417799217e-06,0.00217706930889281
"CR-Pa","Model A","Precipitation",2344.57925636008,8.02598711799067e-06,0.0020382909183556
"CR-Pa","Model A","Precipitation",2351.09197651663,7.48516586981266e-06,0.00190094319745732
"CR-Pa","Model A","Precipitation",2357.60469667319,6.95199131762484e-06,0.00176553744217188
"CR-Pa","Model A","Precipitation",2364.11741682975,6.42859271015175e-06,0.00163261439948458
"CR-Pa","Model A","Precipitation",2370.6301369863,5.91753863408281e-06,0.00150282639126501
"CR-Pa","Model A","Precipitation",2377.14285714286,5.42520786868793e-06,0.00137779338122167
"CR-Pa","Model A","Precipitation",2383.65557729941,4.95061541314435e-06,0.00125726521716741
"CR-Pa","Model A","Precipitation",2390.16829745597,4.49554830653893e-06,0.00114169573804914
"CR-Pa","Model A","Precipitation",2396.68101761252,4.06159501442607e-06,0.0010314883528016
"CR-Pa","Model A","Precipitation",2403.19373776908,3.65013248606522e-06,0.000926992753385347
"CR-Pa","Model A","Precipitation",2409.70645792564,3.26487097716242e-06,0.000829151201530833
"CR-Pa","Model A","Precipitation",2416.21917808219,2.90842788588792e-06,0.000738628415339606
"CR-Pa","Model A","Precipitation",2422.73189823875,2.57708979448533e-06,0.000654481330042481
"CR-Pa","Model A","Precipitation",2429.2446183953,2.27086231602343e-06,0.000576711371142262
"CR-Pa","Model A","Precipitation",2435.75733855186,1.9895358120774e-06,0.000505265298571254
"CR-Pa","Model A","Precipitation",2442.27005870841,1.73269554289408e-06,0.00044003778444145
"CR-Pa","Model A","Precipitation",2448.78277886497,1.50383226846977e-06,0.00038191534704574
"CR-Pa","Model A","Precipitation",2455.29549902153,1.29932228701355e-06,0.000329977706007057
"CR-Pa","Model A","Precipitation",2461.80821917808,1.11600077104642e-06,0.000283421117310647
"CR-Pa","Model A","Precipitation",2468.32093933464,9.52682370767835e-07,0.000241944547862632
"CR-Pa","Model A","Precipitation",2474.83365949119,8.08120543615962e-07,0.000205231423969864
"CR-Pa","Model A","Precipitation",2481.34637964775,6.8102096066554e-07,0.000172953036047471
"CR-Pa","Model A","Precipitation",2487.85909980431,5.73693629512078e-07,0.000145696036856546
"CR-Pa","Model A","Precipitation",2494.37181996086,4.80333179545784e-07,0.000121986086354217
"CR-Pa","Model A","Precipitation",2500.88454011742,3.99553313974147e-07,0.000101471118667367
"CR-Pa","Model A","Precipitation",2507.39726027397,3.30128515531171e-07,8.38398997163934e-05
"CR-Pa","Model A","Precipitation",2513.90998043053,2.70882075943489e-07,6.87935910217552e-05
"CR-Pa","Model A","Precipitation",2520.42270058708,2.21236131335077e-07,5.61854374649571e-05
"CR-Pa","Model A","Precipitation",2526.93542074364,1.80658029226406e-07,4.58801658770159e-05
"CR-Pa","Model A","Precipitation",2533.4481409002,1.46498010880909e-07,3.72048398216808e-05
"CR-Pa","Model A","Precipitation",2539.96086105675,1.1794714040179e-07,2.99540208067478e-05
"CR-Pa","Model A","Precipitation",2546.47358121331,9.42630056034365e-08,2.39391647947835e-05
"CR-Pa","Model A","Precipitation",2552.98630136986,7.4768563843626e-08,1.89883290890589e-05
"CR-Pa","Model A","Precipitation",2559.49902152642,5.92727033617947e-08,1.50529786794597e-05
"CR-Pa","Model A","Precipitation",2566.01174168297,4.68930180340364e-08,1.19090164721061e-05
"CR-Pa","Model A","Precipitation",2572.52446183953,3.68127734890139e-08,9.34902346328762e-06
"CR-Pa","Model A","Precipitation",2579.03718199609,2.86717263483537e-08,7.28151174058418e-06
"CR-Pa","Model A","Precipitation",2585.54990215264,2.21519733180993e-08,5.62574613865582e-06
"CR-Pa","Model A","Precipitation",2592.0626223092,1.69754715942545e-08,4.31111451796534e-06
"CR-Pa","Model A","Precipitation",2598.57534246575,1.30857569684103e-08,3.3232771491411e-06
"CR-Pa","Model A","Precipitation",2605.08806262231,1.00262472588511e-08,2.54627978246996e-06
"CR-Pa","Model A","Precipitation",2611.60078277886,7.61629812896608e-09,1.9342457294707e-06
"CR-Pa","Model A","Precipitation",2618.11350293542,5.73557706611518e-09,1.45661517686538e-06
"CR-Pa","Model A","Precipitation",2624.62622309198,4.28162135841422e-09,1.08736655097921e-06
"CR-Pa","Model A","Precipitation",2631.13894324853,3.17820264945125e-09,8.07140791759955e-07
"CR-Pa","Model A","Precipitation",2637.65166340509,2.37982461779134e-09,6.04383589758065e-07
"CR-Pa","Model A","Precipitation",2644.16438356164,1.76512767681353e-09,4.4827429455031e-07
"CR-Pa","Model A","Precipitation",2650.6771037182,1.29681600688578e-09,3.29341207599049e-07
"CR-Pa","Model A","Precipitation",2657.18982387476,9.43755762116992e-10,2.39677533839654e-07
"CR-Pa","Model A","Precipitation",2663.70254403131,6.80348334579843e-10,1.72782214985616e-07
"CR-Pa","Model A","Precipitation",2670.21526418787,4.91459599603252e-10,1.24811767559973e-07
"CR-Pa","Model A","Precipitation",2676.72798434442,3.56443778578297e-10,9.05229607398607e-08
"CR-Pa","Model A","Precipitation",2683.24070450098,2.55792889658e-10,6.49615201600731e-08
"CR-Pa","Model A","Precipitation",2689.75342465753,1.81656292812133e-10,4.61336862940062e-08
"CR-Pa","Model A","Precipitation",2696.26614481409,1.2768554484322e-10,3.24271996245589e-08
"CR-Pa","Model A","Precipitation",2702.77886497065,8.88427470429035e-11,2.25626283467858e-08
"CR-Pa","Model A","Precipitation",2709.2915851272,6.26087338666177e-11,1.59002016542008e-08
"CR-Pa","Model A","Precipitation",2715.80430528376,4.39579549536002e-11,1.11636237454913e-08
"CR-Pa","Model A","Precipitation",2722.31702544031,3.05034592144249e-11,7.74670118219159e-09
"CR-Pa","Model A","Precipitation",2728.82974559687,2.09276095866599e-11,5.31480501230356e-09
"CR-Pa","Model A","Precipitation",2735.34246575342,1.41996750290099e-11,3.60616933839258e-09
"CR-Pa","Model A","Precipitation",2741.85518590998,9.54243511049957e-12,2.4234101723301e-09
"CR-Pa","Model A","Precipitation",2748.36790606654,6.5697199035388e-12,1.66845525898074e-09
"CR-Pa","Model A","Precipitation",2754.88062622309,4.46244784385423e-12,1.13328949823193e-09
"CR-Pa","Model A","Precipitation",2761.39334637965,2.99245205443754e-12,7.59967310750137e-10
"CR-Pa","Model A","Precipitation",2767.9060665362,1.98219795495466e-12,5.03401766109318e-10
"CR-Pa","Model A","Precipitation",2774.41878669276,1.2975709101074e-12,3.29532923877464e-10
"CR-Pa","Model A","Precipitation",2780.93150684931,8.51779552842648e-13,2.16319127040266e-10
"CR-Pa","Model A","Precipitation",2787.44422700587,5.67706691365288e-13,1.44175585667931e-10
"CR-Pa","Model A","Precipitation",2793.95694716243,3.72797204391825e-13,9.46760996409934e-11
"CR-Pa","Model A","Precipitation",2800.46966731898,2.41426953639369e-13,6.13131269481258e-11
"CR-Pa","Model A","Precipitation",2806.98238747554,1.54309908914755e-13,3.9188760376676e-11
"CR-Pa","Model A","Precipitation",2813.49510763209,9.74016644802978e-14,2.47362629947273e-11
"CR-Pa","Model A","Precipitation",2820.00782778865,6.26444162233152e-14,1.59092635954341e-11
"CR-Pa","Model A","Precipitation",2826.52054794521,4.03872823626681e-14,1.02568107382534e-11
"CR-Pa","Model A","Precipitation",2833.03326810176,2.56211376233562e-14,6.50677995963445e-12
"CR-Pa","Model A","Precipitation",2839.54598825832,1.60134269019201e-14,4.06679230181801e-12
"CR-Pa","Model A","Precipitation",2846.05870841487,9.87021080818919e-15,2.50665254713541e-12
"CR-Pa","Model A","Precipitation",2852.57142857143,6.00433003648093e-15,1.52486805725559e-12
"CR-Pa","Model A","Precipitation",2859.08414872798,3.79509035717994e-15,9.63806457157059e-13
"CR-Pa","Model A","Precipitation",2865.59686888454,2.3647186044864e-15,6.00547245482979e-13
"CR-Pa","Model A","Precipitation",2872.1095890411,1.44817975605371e-15,3.67781757124188e-13
"CR-Pa","Model A","Precipitation",2878.62230919765,8.73040259140871e-16,2.21718525759504e-13
"CR-Pa","Model A","Precipitation",2885.13502935421,5.18691539401128e-16,1.31727629093665e-13
"CR-Pa","Model A","Precipitation",2891.64774951076,3.08267534814727e-16,7.82880544660075e-14
"CR-Pa","Model A","Precipitation",2898.16046966732,1.8940907953907e-16,4.8102594858791e-14
"CR-Pa","Model A","Precipitation",2904.67318982387,1.13996355517293e-16,2.89506739495871e-14
"CR-Pa","Model A","Precipitation",2911.18590998043,6.73857658790342e-17,1.71133833880434e-14
"CR-Pa","Model A","Precipitation",2917.69863013699,3.92141849944993e-17,9.95888928924861e-15
"CR-Pa","Model A","Precipitation",2924.21135029354,2.25138973609595e-17,5.71766087498066e-15
"CR-Pa","Model A","Precipitation",2930.7240704501,1.3180844995632e-17,3.34742583758041e-15
"CR-Pa","Model A","Precipitation",2937.23679060665,7.83106901823023e-18,1.98878924501323e-15
"CR-Pa","Model A","Precipitation",2943.74951076321,4.57064377391338e-18,1.16076708801628e-15
"CR-Pa","Model A","Precipitation",2950.26223091976,2.63729222832766e-18,6.69770424375646e-16
"CR-Pa","Model A","Precipitation",2956.77495107632,1.48906140070228e-18,3.78164116800276e-16
"CR-Pa","Model A","Precipitation",2963.28767123288,7.58508127838266e-19,1.92631785441827e-16
"CR-Pa","Model A","Precipitation",2969.80039138943,4.34366189401762e-19,1.10312245220747e-16
"CR-Pa","Model A","Precipitation",2976.31311154599,2.30920962077683e-19,5.86450106312552e-17
"CR-Pa","Model A","Precipitation",2982.82583170254,1.48812038954536e-19,3.77925136290212e-17
"CR-Pa","Model A","Precipitation",2989.3385518591,9.01860263104463e-20,2.29037694290722e-17
"CR-Pa","Model A","Precipitation",2995.85127201566,4.31741118180809e-21,1.09645578460504e-18
"CR-Pa","Model A","Precipitation",3002.36399217221,2.66720276257049e-20,6.77366545502438e-18
"CR-Pa","Model A","Precipitation",3008.87671232877,5.18346455467189e-21,1.31639991094964e-18
"CR-Pa","Model A","Precipitation",3015.38943248532,0,0
"CR-Pa","Model A","Precipitation",3021.90215264188,0,0
"CR-Pa","Model A","Precipitation",3028.41487279843,0,0
"CR-Pa","Model A","Precipitation",3034.92759295499,0,0
"CR-Pa","Model A","Precipitation",3041.44031311155,0,0
"CR-Pa","Model A","Precipitation",3047.9530332681,0,0
"CR-Pa","Model A","Precipitation",3054.46575342466,0,0
"CR-Pa","Model A","Precipitation",3060.97847358121,0,0
"CR-Pa","Model A","Precipitation",3067.49119373777,0,0
"CR-Pa","Model A","Precipitation",3074.00391389432,0,0
"CR-Pa","Model A","Precipitation",3080.51663405088,0,0
"CR-Pa","Model A","Precipitation",3087.02935420744,0,0
"CR-Pa","Model A","Precipitation",3093.54207436399,0,0
"CR-Pa","Model A","Precipitation",3100.05479452055,0,0
"CR-Pa","Model A","Precipitation",3106.5675146771,0,0
"CR-Pa","Model A","Precipitation",3113.08023483366,0,0
"CR-Pa","Model A","Precipitation",3119.59295499022,0,0
"CR-Pa","Model A","Precipitation",3126.10567514677,0,0
"CR-Pa","Model A","Precipitation",3132.61839530333,0,0
"CR-Pa","Model A","Precipitation",3139.13111545988,0,0
"CR-Pa","Model A","Precipitation",3145.64383561644,0,0
"CR-Pa","Model A","Precipitation",3152.15655577299,0,0
"CR-Pa","Model A","Precipitation",3158.66927592955,0,0
"CR-Pa","Model A","Precipitation",3165.18199608611,0,0
"CR-Pa","Model A","Precipitation",3171.69471624266,0,0
"CR-Pa","Model A","Precipitation",3178.20743639922,0,0
"CR-Pa","Model A","Precipitation",3184.72015655577,0,0
"CR-Pa","Model A","Precipitation",3191.23287671233,0,0
"CR-Pa","Model A","Precipitation",3197.74559686888,0,0
"CR-Pa","Model A","Precipitation",3204.25831702544,0,0
"CR-Pa","Model A","Precipitation",3210.771037182,0,0
"CR-Pa","Model A","Precipitation",3217.28375733855,0,0
"CR-Pa","Model A","Precipitation",3223.79647749511,0,0
"CR-Pa","Model A","Precipitation",3230.30919765166,0,0
"CR-Pa","Model A","Precipitation",3236.82191780822,0,0
"CR-Pa","Model A","Precipitation",3243.33463796477,0,0
"CR-Pa","Model A","Precipitation",3249.84735812133,0,0
"CR-Pa","Model A","Precipitation",3256.36007827789,0,0
"CR-Pa","Model A","Precipitation",3262.87279843444,0,0
"CR-Pa","Model A","Precipitation",3269.385518591,0,0
"CR-Pa","Model A","Precipitation",3275.89823874755,0,0
"CR-Pa","Model A","Precipitation",3282.41095890411,0,0
"CR-Pa","Model A","Precipitation",3288.92367906067,0,0
"CR-Pa","Model A","Precipitation",3295.43639921722,0,0
"CR-Pa","Model A","Precipitation",3301.94911937378,0,0
"CR-Pa","Model A","Precipitation",3308.46183953033,0,0
"CR-Pa","Model A","Precipitation",3314.97455968689,0,0
"CR-Pa","Model A","Precipitation",3321.48727984344,0,0
"CR-Pa","Model A","Precipitation",3328,0,0
